pair_id,true_label,pred_label,confidence
3708061579#3467577097,0,0,0.49558730663794237
2057146445#1918821009,0,0,0.48626651231671664
4636382579#121528725386,0,0,0.48626651231671664
1914706723#1878732185,0,1,0.5071179678019113
102179535594#34108474773,0,0,0.48901999624818
4683019723#325639508083,0,0,0.48626651231671664
2056297322#4238325930,0,0,0.48626651231671664
2065684660#2640338192,0,0,0.48626651231671664
18466522141#3976610099,0,0,0.491669017055145
5210263415#5199216300,0,0,0.4879167557707659
3903296434#4464914770,0,1,0.508860429429544
3072564418#4451342522,0,0,0.4843830823930446
76198377822#174007019522,0,0,0.48626651231671664
3945370752#4020730390,0,1,0.5100939774806166
1888052790#4436356008,0,0,0.4989950082407881
4465664542#4451124293,0,1,0.5034733536988427
3693891469#1639324466,0,0,0.48626651231671664
2135054445#373850277197,0,0,0.498909839628856
3915411982#3931049291,0,1,0.5045284978813878
3887317351#3887317437,0,1,0.5039895450167835
309312102749#309319424084,0,1,0.5108060509261291
6015536211#2056478070,0,0,0.48626651231671664
4261128456#14613476507,0,0,0.49785297350475993
3445564730#3876586389,0,0,0.49666526533403754
4777051438#487072504294,0,0,0.4936776093043872
3846598639#2123106282,0,0,0.48626651231671664
49857216438#5172721151,0,0,0.48626651231671664
1479236024#1371717862,0,0,0.49632906690305
3488840316#2063057962,0,0,0.48626651231671664
2600554617#4206181444,0,0,0.48626651231671664
2340035845#2009723716,0,0,0.48626651231671664
4591945469#107725292534,0,0,0.49932974180581496
4746786446#4261128456,0,0,0.4900469863286736
1920503864#4226659635,0,0,0.48626651231671664
2183968048#2180579787,0,0,0.49280050921248275
190161454564#150594495671,0,0,0.48923510192934555
173652977366#3474685542,0,0,0.48626651231671664
1955012315#2061947277,0,0,0.48626651231671664
1711846546#4721167510,0,0,0.48786139035133713
3551393318#3474685542,0,0,0.49491990681163117
4538335537#4538332005,1,1,0.5110428659179377
1702937295#24480297189,0,0,0.48808649138611476
4726073967#2066880892,0,0,0.48626651231671664
1431887069#3728447268,0,0,0.48786821977287126
9062983415#2756949375,0,0,0.4896692070199918
2098280462#4238958432,0,1,0.5037661543727592
2058258958#1635546537,0,1,0.5016811739604522
4157438427#1644753296,0,0,0.4937706876405727
185272730170#190799447397,0,0,0.48997110202877153
178258449477#1579044786,0,0,0.48626651231671664
3551952830#3551952826,0,1,0.5078615858328756
1778986389#1878732185,0,1,0.5155082322105027
10530767652#1639233949,0,0,0.4940119413555289
2062233925#2063057962,0,0,0.4862143891342386
5022594784#49857216438,0,0,0.4910581722869933
4256622048#2057186102,0,0,0.48626651231671664
70372592196#68727490330,0,0,0.49748834979959183
1391856996#4020730390,0,0,0.49911289379318774
2111351705#2113288221,0,1,0.5041542288493768
4435393512#5209201860,0,0,0.48829585024480177
4624517252#197910587768,0,0,0.48626651231671664
4900124238#1770010645,0,0,0.48923510192934555
4242516938#2072319821,0,0,0.48900774660674706
5210259474#5210263415,0,0,0.48626651231671664
4636041774#4636508851,0,1,0.5188868784811294
3441097472#4385069368,0,0,0.48656210968447505
4296050182#4804118400,0,0,0.4981641564470623
1965402836#2075899540,0,0,0.48626651231671664
107725292534#4451342506,0,0,0.4959366005241486
2054817755#1801542793,0,0,0.48626651231671664
4808465998#3402798577,0,0,0.48656210968447505
4645346456#4242516938,0,0,0.49140043543971323
4129173722#3032272328,0,0,0.4892996463523385
3931049291#4274088677,0,0,0.49740941790714344
5199216295#5199216296,0,1,0.5128900398730708
1660870123#3575171441,0,0,0.48626651231671664
4715649755#5206381674,0,0,0.48626651231671664
4145044745#4285491833,0,0,0.4920447910775779
18465766142#4479644011,0,0,0.48626651231671664
3077307902#2114716134,0,0,0.489666323256367
4492819954#2137028345,0,0,0.48789074652950815
3887317351#179819475882,0,1,0.5043008575514808
4665681736#2796703699,0,0,0.4965960041663509
2061947277#1519768568,0,0,0.4910581722869933
3798429541#10530767652,0,1,0.5006931848439098
1833697097#4720990748,0,1,0.5069612441469897
2067534525#1374701015,0,0,0.4875266090071677
4436356008#2063873633,0,0,0.49570454751260973
4451288784#4451131613,0,1,0.5022496820113502
179819475882#47896517559,0,0,0.4922303228695077
4645346456#5172721151,0,0,0.49140043543971323
2127640300#3077905761,0,0,0.48851067634518186
4372714526#3878447634,1,1,0.5037671885193677
3232083339#3077307902,0,0,0.4937069306320805
4195960848#3878854642,0,0,0.48626651231671664
2016866279#2119493181,0,0,0.48955505038814956
174007019522#2358058218,0,0,0.4879167557707659
4451288784#4435837459,0,1,0.5019404336781298
110232280082#1806561207,0,0,0.48626651231671664
4226659635#4226659634,0,0,0.48626651231671664
65334336497#4687016047,0,0,0.48626651231671664
2054788692#3572871605,0,0,0.48656210968447505
18468040932#5205831892,0,1,0.5000997410529195
4683019723#3839297007,0,0,0.48626651231671664
4451124306#1374749246,0,0,0.48626651231671664
3903296434#4080777239,0,1,0.5069763182383528
3052770867#1726551362,1,0,0.49147438036281244
156117444392#10530767652,0,0,0.49423585295019756
4804117479#3946838650,0,1,0.503261044065514
4606793746#4511530729,1,0,0.48923510192934555
4636041770#4590470198,0,1,0.5274537360530208
1639325148#1639324466,0,0,0.49481511594016964
81553649652#81553005637,0,0,0.492301829735988
4226781300#4015185289,0,0,0.4876922476734758
373850283306#2135054445,0,0,0.498909839628856
2218941944#5205831892,0,0,0.4879672598906677
190330815066#4763974603,0,0,0.48997110202877153
1660411271#2054699471,0,0,0.48626651231671664
4254790910#4274088675,0,1,0.501731085773694
4033211157#4081237414,0,1,0.5097976877566824
23593454505#4632469809,0,0,0.49415916740719884
77188486609#4040761448,0,0,0.48626651231671664
4435837459#3729925561,0,0,0.48851067634518186
2070686849#1906908670,1,1,0.5061950885708637
3043166693#2338916683,0,0,0.4875546094618167
4591638149#62533690929,0,0,0.4933992117720073
314601953357#156118078425,0,0,0.4970562258425759
5199216295#5210263415,0,0,0.48626651231671664
4451124306#4451124293,0,1,0.5034733536988427
3927040910#2067003861,0,0,0.49084003670216797
4591664277#4792331959,0,0,0.48602763714721703
4897454517#82852791222,0,0,0.48626651231671664
2183968048#2026258519,1,0,0.49792388843604146
3052169593#3052760872,0,0,0.49068032711366555
3046735667#2056513884,0,1,0.5030373763272535
3052180518#4242849949,0,1,0.5098311844246808
3052165975#3871526816,0,0,0.48746066348133615
4495500756#4205424867,0,0,0.4876922476734758
2066482479#3043166693,1,0,0.4907387368340743
4492819954#4436356008,0,0,0.4910581722869933
1479238948#1479238953,0,0,0.49303064375709915
2135391712#2455894769,0,0,0.4855536230749376
2183968048#2181531828,0,0,0.49577129605160986
2165145983#1552934060,0,0,0.48851067634518186
3551393318#3020557801,0,0,0.4927772573350343
2009723716#3887317351,0,1,0.5043682328722753
5162703470#29607898384,0,0,0.48626651231671664
1741705970#3077766580,0,0,0.48815698771909555
4408496432#4877560558,0,0,0.4945314503179559
2065701964#4027278504,0,0,0.4959561022754401
4584646241#1671508853,0,0,0.48626651231671664
3648904752#109765155485,0,0,0.48656210968447505
4435792377#1438255025,0,0,0.49181498475463814
6015919609#2296574953,0,1,0.5300564403893142
1546017096#32143080284,0,0,0.4888702358864092
1947384727#5066872862,0,0,0.48786821977287126
3835082917#3997209484,0,0,0.48626651231671664
2059109005#4057038032,0,0,0.48626651231671664
2297005450#5162703470,0,0,0.48626651231671664
1590547354#3881629589,0,0,0.48656210968447505
2183968048#2183963548,0,0,0.49280050921248275
201204584648#14613464473,0,0,0.48626651231671664
2055601072#2165145983,1,0,0.48656210968447505
3501281334#4188977524,0,1,0.5249166620596113
114018376174#4081237414,0,1,0.5008536222587704
1565925308#1878732185,0,1,0.5184638582009939
1472855034#2061947277,0,0,0.48626651231671664
4636041770#2113712804,0,1,0.5270015415141853
5210260401#5210259474,0,0,0.48626651231671664
2061947277#4435792377,0,0,0.4910581722869933
3045486706#1519768568,0,0,0.49172545910485255
121528725386#1929467433,0,0,0.49198837015099167
4636354282#81553649652,0,0,0.48626651231671664
152713369272#152713373107,0,0,0.4846218066092416
1806561207#3111759030,1,0,0.49618476072735423
190799447397#208339001895,1,0,0.48923510192934555
2165015466#2119476678,0,0,0.49780352403038647
4435564795#1778986389,0,0,0.48626651231671664
110232280082#107257732918,0,0,0.4922854725178463
117154450703#110232280082,0,0,0.48626651231671664
2117971399#2159160651,0,0,0.4941981504922504
1656969942#1665894324,1,0,0.49197905454110974
65334336497#3045486706,0,0,0.49047745646401764
2026258519#2026258524,0,1,0.5084761210799817
2656914275#2057202369,0,0,0.48626651231671664
4435393512#1716102732,0,0,0.48829585024480177
4185479835#3054149737,0,0,0.48626651231671664
1386596352#1805614122,0,0,0.4915193873868797
6633392282#315728832242,0,0,0.48626651231671664
3708061579#3709709254,0,0,0.4901621656309249
1590408241#4271919356,0,0,0.48626651231671664
3108657350#4606793746,0,0,0.48626651231671664
4808465998#4750249486,0,0,0.48656210968447505
4451289887#3991704859,0,0,0.4882459420630866
5199216301#5199216295,0,1,0.5139879432988396
65334336497#5062861485,0,0,0.48626651231671664
3402798577#4185479835,0,0,0.48626651231671664
2057155052#2135391712,0,0,0.49875013254292616
4944507977#6015536211,0,0,0.48845921287702754
4261128452#5182386323,0,0,0.4882635336322116
2016866285#2159739159,0,0,0.4898506477559079
1914706723#4147318683,0,0,0.48656210968447505
90189177932#90189177809,0,0,0.4959306272278007
5210263415#2118416856,0,0,0.48626651231671664
4188977524#2065684660,0,0,0.48852751966180624
2339749085#2049629924,0,0,0.48626651231671664
1971464426#2019713645,1,1,0.513011096942708
197910587768#117277915830,0,0,0.4910581722869933
323098110922#1537709306,0,0,0.49171741451853834
138962707346#4215058789,0,0,0.48626651231671664
3551952830#4683019723,0,0,0.48626651231671664
1965402836#4540676462,0,0,0.48626651231671664
1537709306#156274815378,0,0,0.48626651231671664
1955012315#1875282048,0,0,0.48626651231671664
152713373107#18466522141,0,0,0.48848473618114313
3951061982#69607734288,0,0,0.48786139035133713
3369949045#1805614122,0,1,0.5001298603548698
2119467444#2056110125,0,0,0.48761098579416534
3887317351#4271995519,0,0,0.4875546094618167
2058829770#4509158303,0,0,0.48626651231671664
1709836734#2135391712,0,1,0.5012583352931462
4018768324#4589820532,1,1,0.5277745782309564
4327730515#138962707346,0,0,0.48626651231671664
4495500756#2132795383,0,0,0.48626651231671664
2055601072#1660411271,0,0,0.48626651231671664
1349608070#3728447268,0,0,0.48626651231671664
2671772709#4274088675,1,0,0.49740941790714344
4728076352#5186293263,0,0,0.4965960041663509
4623199084#406088738482,0,0,0.48626651231671664
1868814296#3867456846,0,0,0.4868272956878691
3698546468#1848160016,0,0,0.4814298617370942
2061673563#2068436073,0,0,0.4928468513747273
1430988070#4452283739,0,0,0.499716641196837
3997209484#38406123057,0,0,0.4870989175707555
1715823964#4440496809,0,0,0.4915193873868797
4161830151#5068106135,0,0,0.4912208688685385
2132795383#1667001955,0,0,0.48626651231671664
1479236027#3085085227,0,0,0.48626651231671664
1635546537#1537709306,0,1,0.5121521446452636
2065701964#4206157164,0,0,0.48626651231671664
1955012315#3295629869,0,0,0.48626651231671664
3400225309#4132299618,0,0,0.48656210968447505
2026258519#4126326524,0,0,0.49652604147762813
2057082510#3402256673,0,0,0.49078887563120743
102179535594#165376540325,0,0,0.4910581722869933
4316999113#4435425528,1,0,0.48656210968447505
1590547354#1665894324,1,0,0.49521764804680196
25244788647#3056321676,0,0,0.48626651231671664
3295629869#3714314534,0,0,0.48626651231671664
2112250533#4492819954,0,0,0.48626651231671664
2060434131#4197138413,0,0,0.48626651231671664
2114716134#4080777239,0,1,0.5007544179097264
2057202369#1592253963,0,1,0.5025341066079188
4529900425#3045566056,0,0,0.48656210968447505
1537709306#3054149737,0,0,0.48626651231671664
1453527936#2011714457,0,0,0.48626651231671664
3043391308#4788720081,0,0,0.48656210968447505
3830915699#2114390938,0,0,0.4876922476734758
2026258516#18466117378,0,0,0.4996379828529268
2028648293#2121050325,1,0,0.4846332091194967
114018376174#2024358272,0,0,0.48881941928980355
4450968363#1485301223,0,0,0.48626651231671664
101937534499#5182386323,1,1,0.5087695580852354
114693583065#3393654804,0,0,0.49179108109816966
4991811656#3045486706,0,0,0.48857463851865085
138960910846#4683019723,0,0,0.48626651231671664
3043391308#2053401290,0,0,0.48626651231671664
5195792969#146011948003,0,0,0.48626651231671664
4259293142#4672345130,0,0,0.48626651231671664
3612961288#4451089335,0,1,0.5072208873058989
2179140827#2116342008,0,0,0.48656210968447505
4944507977#2049629924,0,0,0.48626651231671664
4168332323#4161509156,0,0,0.4981641564470623
4385184631#2061947277,0,0,0.48626651231671664
3402256673#4804117479,0,0,0.4929112813768992
1552934060#5186293263,0,0,0.48854580481785576
3839297007#4750249486,0,0,0.48626651231671664
1784914445#302839388028,0,0,0.48626651231671664
3445564730#1715823964,0,0,0.4915193873868797
3779069464#1711846546,0,0,0.487923413271
1387931444#4807598946,0,0,0.4959205646273622
4623199084#18467620471,0,0,0.48626651231671664
4790633062#4808238795,0,1,0.5256313830851129
1514159826#1592595202,0,0,0.48626651231671664
156276919685#5068106135,1,1,0.5045350408623586
2058258958#3551952830,1,1,0.5016811739604522
4851873209#1955012315,0,0,0.48626651231671664
3467577097#4804118400,0,0,0.48626651231671664
4451297220#3072564418,0,0,0.4843830823930446
1374749246#3046471496,1,0,0.49248473347810306
5199216295#5210256944,1,0,0.4915193873868797
3976610099#43679253447,0,0,0.4900469863286736
325639508083#4238325930,1,0,0.49075322138781696
1635546537#3551952832,0,1,0.5078615858328756
2066222464#4205424867,0,0,0.48626651231671664
469729776160#201204584648,0,0,0.48626651231671664
3698546468#1805614122,0,0,0.489731107337549
4897454517#2296451977,0,0,0.48656210968447505
4564517044#4404827138,0,0,0.48626651231671664
2113505781#4636041774,0,1,0.5217486664440223
3287805133#4065797638,0,0,0.49841689260201555
2057120547#2067534525,0,0,0.48626651231671664
2114716134#2111350136,0,1,0.5041542288493768
1816430010#3903241588,0,0,0.48902381762451064
3289002540#2061645325,0,0,0.48626651231671664
2114716134#2165015466,0,0,0.49780352403038647
4804117479#4168332323,0,0,0.4981641564470623
3447176726#1709836734,0,0,0.48626651231671664
2054734592#2060192584,1,1,0.5129126423724065
3638725857#3287633018,0,0,0.48626651231671664
4206181444#4316999084,0,0,0.49165599854009245
1485301223#4901739840,0,0,0.48626651231671664
4623934568#2613309225,0,0,0.48951300356381494
4450888165#4157438427,0,0,0.49165599854009245
5185529458#4824054256,0,0,0.48626651231671664
2098280462#4440496809,0,0,0.49509117713723677
1479236027#1479236024,0,0,0.4994566065275546
3603201749#5162703470,0,0,0.49430837160526375
3046447657#4435666805,0,1,0.5104946727520869
4686862664#4703712538,1,1,0.5080669210318604
4509158303#4391919171,0,0,0.49339952318248304
2057703907#448453516754,0,0,0.4875546094618167
135707428689#81732347381,0,0,0.4910581722869933
2050581826#2026258524,0,0,0.48626651231671664
2065701964#2075899540,1,0,0.4922103912392586
4003389165#1387931444,0,0,0.4986778699351562
4623934568#309312102749,0,0,0.48656210968447505
4274088677#4232666143,0,0,0.48626651231671664
5199216295#4473638025,0,0,0.4915193873868797
3072564418#9062983415,0,0,0.48626651231671664
223520731598#4242516938,0,0,0.48626651231671664
1644753296#4728076352,0,0,0.48626651231671664
474022190894#2072319821,0,0,0.49295443865389765
1429813467#25244788647,0,0,0.48626651231671664
3507050766#2061645325,0,0,0.48626651231671664
4448830722#2058300923,0,0,0.48626651231671664
4033211157#6633440508,0,0,0.48626651231671664
4018768324#117277915830,0,0,0.4908698090700525
4728076352#4214896049,0,0,0.48626651231671664
4024663252#1387931444,0,0,0.48626651231671664
4450888165#2076366005,0,0,0.49136040117233404
3683502845#3742463975,0,1,0.5088367067546516
2053401290#2024358272,0,0,0.4915193873868797
3878447634#4755216808,0,0,0.48626651231671664
3878447634#117873856741,0,1,0.521934189985394
24480297189#1847716478,0,0,0.48626651231671664
3441097472#1759198091,0,0,0.48626651231671664
3603201749#5210260401,0,0,0.48626651231671664
18467882961#156274815378,0,1,0.5114939868617526
2796703699#2137028345,1,1,0.5085444665761493
3942084480#1438255025,0,0,0.49380663845570744
1627144913#1552178606,0,0,0.48656210968447505
4205438611#2600554617,1,0,0.4900469863286736
2057718368#3931049291,0,0,0.48763986909190665
3446029041#4071233134,0,0,0.48490274831671015
3046447657#4206274527,0,0,0.4934062054328836
4452283739#1639169322,0,1,0.5176114098756037
2057186168#4196030610,0,0,0.48626651231671664
2265862937#1660411271,0,0,0.48955505038814956
1320992611#4897454517,0,0,0.48656210968447505
1639169322#156275809937,0,1,0.5264877858341295
3835082917#3806805057,1,0,0.4881665373701731
4436356008#4840518949,0,0,0.48626651231671664
4511530729#3870637640,0,0,0.48626651231671664
2613309225#4774996826,0,0,0.4971457653894991
4720990752#18466913739,0,1,0.5254609389801598
4590470198#2098402937,0,1,0.5157155528491169
1778986389#1565913038,0,0,0.4929364119096958
1519768568#2058494409,0,0,0.49898378574179586
5199216295#2053401290,0,0,0.4915193873868797
4893054709#1639170956,0,0,0.4897729896981695
5025914357#4024663252,0,0,0.48626651231671664
109165560395#150594495671,0,0,0.48626651231671664
54158093151#1847716478,1,1,0.5121995162191932
37959222365#4199527734,0,0,0.4910581722869933
77188486609#156276601478,0,1,0.5138557715836997
87820905399#34108474773,0,0,0.4913654401707387
3999176481#23593454505,0,0,0.49208321983072767
4720990752#1320992608,0,0,0.4906193731394089
70372592196#4452424559,1,1,0.5012872175651286
4272887201#2064727284,0,0,0.4980811346210885
4145044745#2016866279,0,0,0.48955505038814956
4897454823#4479096850,0,0,0.496232197891907
6015536211#2113093450,0,0,0.4912634931692662
1806458596#4040761448,0,0,0.48808649138611476
1806458596#3091482697,0,0,0.4936156936700378
1920503864#2059629426,0,0,0.4870564732529393
1875282048#14613460476,0,0,0.4935257905888393
4435792377#1833924490,0,1,0.5115974757519571
4435666805#1515844843,0,0,0.4886534045041794
2123106282#2055601072,0,0,0.48626651231671664
18468847224#156275809937,0,0,0.48626651231671664
342898906861#1694365644,0,0,0.48626651231671664
2057718368#2058663075,0,0,0.4886670033412816
2055601072#1660870123,0,0,0.48626651231671664
237523614768#4261185678,0,0,0.4889666379144098
3295629869#4716857454,0,0,0.48656210968447505
4564517044#1711931843,0,0,0.48626651231671664
4385184737#88520940864,0,0,0.48845921287702754
5186293263#2137028345,0,1,0.5020754032017015
4219594127#3046447657,0,1,0.5050284062017413
3988152389#4427009841,0,0,0.4894007276938241
2064988617#4196030610,0,0,0.49651301644819135
2180579787#2183963548,0,0,0.49280050921248275
6015536211#2028648293,0,0,0.48789074652950815
4529171947#3251483032,0,1,0.5046598115524338
4590154078#4444948728,0,0,0.4963759394123008
3835082917#4015185289,0,0,0.4881665373701731
172020433612#3310391587,0,0,0.48626651231671664
156274815378#3032272329,0,0,0.48734427172414824
10530767652#2009723716,0,0,0.49423585295019756
4168332323#2068436073,0,0,0.48626651231671664
1492507866#2072319821,0,0,0.49169495122026036
3052770867#4206304466,0,0,0.48626651231671664
156276601478#1479238948,0,0,0.48626651231671664
4782070197#3644272514,0,0,0.4870989175707555
2181531828#3287136295,1,0,0.4906304404953587
135707428689#4645346456,0,0,0.48626651231671664
3951061982#1431887069,0,0,0.4932839431884321
1906908670#3091482697,0,1,0.5011308950280382
2098280462#3032272328,0,1,0.5169510907626166
3628839717#3628839716,0,1,0.5017843937748429
4824054256#174007019522,0,0,0.48626651231671664
2059196823#3742463975,0,0,0.48964081433418266
3786142129#4038971285,0,0,0.48626651231671664
5062472541#5101581034,1,0,0.48670952933098444
3447176726#4455655369,0,0,0.49084003670216797
76198377822#2009723716,1,1,0.5127245645782306
1846435855#2229939616,0,0,0.48656210968447505
2113657433#2098402937,0,1,0.5091628692636213
3251483032#4435425528,0,0,0.48656210968447505
165376540325#190799447397,0,0,0.4977313516116771
5025914357#4214896049,0,0,0.4908493528817268
4683019723#3045580653,0,1,0.5190484207148259
4777110046#36551936093,0,0,0.48626651231671664
3878447634#4510371801,0,1,0.5055102295413744
3251483032#4877560558,0,1,0.516141899208439
4625984633#4286394339,0,0,0.48626651231671664
4683019723#65334336497,0,0,0.48626651231671664
2039273909#4157779501,0,0,0.48626651231671664
18468847224#3251483032,0,1,0.5051255434247824
4261128452#4261128456,0,1,0.5143621509806096
3876750735#4584646241,1,0,0.4926355694219683
2058300923#1708981181,1,0,0.4973793706447553
237523614768#156118078425,1,0,0.49445121053839797
3946838650#4804118400,0,0,0.4981641564470623
2061309144#4285491837,0,0,0.488048973030281
1838279448#4808238795,0,0,0.48841099020072754
3574511395#1715823964,0,0,0.48626651231671664
2135054445#76215101805,0,0,0.49142181715078
5185529458#3251483032,1,1,0.5025301510489585
1347237190#2296451977,0,0,0.48626651231671664
1326198015#29299331674,0,0,0.4882290555597564
3032272328#3032272329,0,1,0.5164840075900838
2054699471#2037536844,0,1,0.5289843227724489
3779069464#1386596352,0,0,0.4915193873868797
3942084480#3830915699,0,0,0.48626651231671664
1955012315#23593454505,1,0,0.49523310395425973
3839297007#3878854642,1,1,0.503431557304885
4272822938#4464608641,1,1,0.5009741463409423
5162703470#2121050325,0,0,0.48626651231671664
1479238950#3766348815,0,0,0.48656210968447505
1635546537#3467577097,0,0,0.48626651231671664
3572871605#3287633018,1,0,0.4900638421940861
4185479835#3574511395,1,0,0.4903786933952419
2073668282#1711931843,0,1,0.509946648567664
4197138413#2122362220,0,0,0.48626651231671664
2120525705#2056478070,0,0,0.48626651231671664
4385184737#2059124992,0,0,0.4941722839175566
1667001955#4495500756,0,0,0.49354072774815605
4448830722#2092174215,0,0,0.48626651231671664
2060189368#2062057923,0,1,0.5006249677907253
4792436579#68727490330,0,0,0.48626651231671664
156276919685#5022594784,0,0,0.48626651231671664
4479643887#4952427189,0,0,0.48626651231671664
3976610099#1947384727,0,0,0.491669017055145
2613309225#1519768568,0,0,0.48656210968447505
3606108939#3976610099,0,0,0.48626651231671664
156274791893#1639324466,0,0,0.4901777631158555
2111346464#4538332005,0,0,0.48626651231671664
2058300923#4938690872,0,0,0.48626651231671664
2060192584#1846435855,0,0,0.48335158265149836
4451289887#1872011272,0,0,0.49252405857777304
2048870562#3878854642,0,0,0.48626651231671664
3872693399#3876586389,0,0,0.4915193873868797
197910587768#4301029959,0,0,0.48626651231671664
1515844843#4226659635,0,0,0.48626651231671664
90189177932#88520940864,1,0,0.4959306272278007
76215101805#323098110922,1,1,0.5020847521422036
2066222464#1465579387,0,0,0.4919410733716583
32143080284#29299331674,0,0,0.48739665030571744
3445564730#4480479751,0,1,0.5047405395519845
3091482697#1642717858,0,0,0.49902180870741164
4285617569#4274088677,0,0,0.48626651231671664
2078213282#2121050325,0,0,0.48626651231671664
1694365644#2075611951,0,0,0.48626651231671664
3285703159#2055601072,0,0,0.490813557296046
4683019723#4206274527,0,0,0.48656210968447505
1868036845#4482237216,0,0,0.48626651231671664
3052180518#2359435242,0,0,0.4936869426630296
1389154734#3806805057,0,0,0.48626651231671664
3200262090#65334336497,0,0,0.48626651231671664
2179140827#1885490974,0,0,0.48626651231671664
3032272331#3032272329,0,1,0.5164840075900838
2112891471#4947650145,0,0,0.4971259699814166
2054733437#1784914445,0,0,0.4933054321810251
14613476507#152713373107,0,0,0.49169576768324563
4226781300#1573188123,0,0,0.48739451493851393
3551393318#4683019723,0,0,0.48656210968447505
3055502811#90189178714,0,0,0.48626651231671664
4590470198#4636508851,0,1,0.5186185099569801
4876893576#3726132284,0,0,0.49349881713324967
5022076775#173652977366,0,0,0.48626651231671664
2068436073#4672345130,0,0,0.48626651231671664
3446029041#4451131613,0,0,0.4927002500344713
4238958432#1816430010,0,0,0.49292415711457865
1711846546#1715823964,0,0,0.48786139035133713
4261128452#3715877024,1,0,0.4954070796561419
2613309225#406088738482,1,0,0.4901100280867115
3393654804#1642717858,0,0,0.48808649138611476
203654552716#1711846546,0,0,0.48626651231671664
4495044650#1307874587,0,0,0.48626651231671664
4081101808#4081080713,1,1,0.5036347869245063
6015919609#6013639039,0,1,0.5301962260544777
5068106135#4900378668,0,0,0.48626651231671664
3487828521#2135391712,0,0,0.48435144325658874
3689802081#2063839578,0,0,0.49788625820154875
102179535594#1592253980,0,0,0.48656210968447505
3728447268#36551936093,0,0,0.48626651231671664
1830661655#1872011272,0,0,0.48626651231671664
2051966916#1326198016,0,0,0.49221993252019175
5210259474#4435425528,0,0,0.48626651231671664
3764759336#4080777239,0,0,0.4875546094618167
2050429375#4435666805,1,0,0.4962789822443838
5174606958#10553947604,0,0,0.49343067992016354
223520731598#2070686849,0,0,0.48763986909190665
1546017096#3876586389,0,1,0.5021464508228459
3507050766#2055316377,1,1,0.5011546111838264
4157438427#4206181444,1,0,0.49692446443102306
4186052449#4057426755,1,0,0.49478272629572884
2060192584#4405823723,0,0,0.48341044467697186
3887317437#3715877024,0,0,0.4890619732354525
2060434131#1987142430,0,0,0.49119856558568714
4157779501#2121050325,0,0,0.48626651231671664
2132795383#1885490974,0,0,0.48626651231671664
4774996826#4590154078,0,0,0.4909009120171588
3551393318#3278113988,0,0,0.4897273751789225
1472855034#1430988070,0,0,0.48982585593187555
3806805057#3997209484,0,0,0.48626651231671664
4316999113#4199527734,0,0,0.49084003670216797
4518635926#4081101808,0,0,0.49094406737084173
4261128452#14613476507,0,1,0.5058223141382409
2064727284#5101581034,0,0,0.48626651231671664
3041186060#1805614122,0,0,0.4915193873868797
4774992939#2165145983,0,0,0.48656210968447505
4242516938#4765643443,0,0,0.4906419064642133
114693583065#190799447397,0,0,0.49758793861555384
4219594137#2113909215,1,1,0.5200657208417225
4165283827#4435666805,1,0,0.49598338487662547
1431887069#1590547354,0,0,0.4870564732529393
4271995519#2296574953,0,0,0.48626651231671664
4181867888#3606108939,0,0,0.48786821977287126
3295629869#2066222464,0,0,0.48626651231671664
4828654874#178258449477,0,0,0.48923510192934555
4448697469#4168332323,0,0,0.4981641564470623
2118967789#2066880892,0,0,0.4822235800297011
1877399023#2050429375,0,0,0.48626651231671664
2058663034#174007019522,0,0,0.48626651231671664
14613460476#4657320935,0,0,0.4879672598906677
3108657350#4952427189,0,0,0.48626651231671664
203654552716#4345845643,0,0,0.49445175680925113
4451289887#4435837459,0,1,0.5097113643862307
2062233925#2066465509,0,0,0.4862143891342386
1627677359#4450968363,0,0,0.48786821977287126
4296050182#3474685542,0,0,0.4906843556560648
4020730390#3872693399,1,1,0.516354552559953
3043166693#2063057962,0,0,0.4862143891342386
1515844843#2059629426,1,0,0.4943773983487191
392281366488#4765643443,0,0,0.48626651231671664
3075634363#1759198091,0,0,0.4913619835783456
2055626034#4897048724,0,0,0.48626651231671664
1660411271#2119493181,0,0,0.48955505038814956
2183428945#2119476678,0,0,0.48626651231671664
1833924490#1504573505,1,1,0.5032939794765552
47896517559#172020433612,1,1,0.5000991751438266
2073668282#487126887411,0,0,0.4949314675678497
1660411271#2056110125,0,0,0.48955505038814956
5210256944#1560130077,0,0,0.48626651231671664
2066222464#4408496432,0,1,0.5155479472002632
3020557801#3881629589,0,0,0.48656210968447505
3708028912#2058663034,0,0,0.48626651231671664
18466117378#1833924490,0,1,0.5089870814198796
2057186102#41881389364,0,0,0.48626651231671664
1667032705#2055626034,1,1,0.5016275874536675
4057297840#4901739840,0,0,0.48896260070903996
2640338192#2067534525,0,0,0.4953773422714487
3020557801#4792331959,0,0,0.49084003670216797
4645346456#114401992972,0,0,0.48626651231671664
4808238795#4808240616,0,1,0.5305643385566313
2119388082#2026258519,0,0,0.4918346022374586
3846598639#474022190894,0,0,0.49932800539152167
3551952826#2358058218,0,0,0.48626651231671664
2119476678#4218528758,0,0,0.4896534876137805
3488840316#3715785447,0,0,0.48656210968447505
4261128456#3056885390,0,0,0.48626651231671664
1702937295#4900378668,1,0,0.49573571093683655
190330815066#4080777239,0,0,0.49031191476961067
4460827792#3474155608,0,0,0.48656210968447505
18467882961#3474155608,0,0,0.48626651231671664
3400225309#4206133788,0,0,0.4915193873868797
4658956014#3949154897,0,0,0.4995007297507059
1590408241#3915411982,0,0,0.48626651231671664
138960910846#5101581034,0,0,0.48626651231671664
114018376174#4683019723,0,0,0.48626651231671664
1830661655#4206133788,0,0,0.48626651231671664
4525746327#14613464473,0,0,0.48852751966180624
4947650145#1456843034,0,0,0.48626651231671664
4126326524#4435393512,0,0,0.49837914923794785
4285491833#4316999082,0,0,0.4866584195634488
1694365644#1573188123,1,1,0.5086608606113217
2135054445#2054817755,0,0,0.48626651231671664
4003389165#4715649755,1,1,0.5236689488419838
1965402836#1386596352,0,0,0.48626651231671664
114693583065#14613451042,0,0,0.48997110202877153
2072319821#4195960848,0,0,0.487923413271
4286394339#2122362220,0,0,0.491959531447488
5025914357#185272730170,0,0,0.48626651231671664
4455655369#4750249486,0,1,0.5100338697092126
3235756553#2123106282,0,0,0.48626651231671664
4188977524#4291077418,0,0,0.4914439956755165
2229939616#3728447268,0,0,0.48626651231671664
1776613381#3638725857,0,0,0.49140043543971323
4081237414#4081080713,0,0,0.4966566600862983
176830210970#6633392282,0,1,0.5061992378229
4804118400#4804117479,0,1,0.5016002178046722
3436663620#4157438427,0,0,0.48626651231671664
1470144162#4525746327,1,0,0.48852751966180624
2111351705#2114716134,0,1,0.5041542288493768
2070627808#3287136295,0,0,0.48626651231671664
3081986781#3045580653,1,1,0.5085399096887993
14613464473#54158093151,0,1,0.5240350448855591
3903241588#3949154897,1,0,0.49785462848623624
4645346456#2026258519,0,0,0.48626651231671664
2120525705#3486188370,0,0,0.49496329983256965
1319944364#3042374746,0,0,0.48626651231671664
1660870123#1660565927,1,0,0.49530856998696543
3041186060#1579044786,0,0,0.49208300680353495
2122362220#4161830151,0,0,0.4913597341313058
1667032703#1759198091,0,0,0.49648918320039015
18469192585#14613464473,0,1,0.5092575272511624
1644753296#2117971399,0,0,0.4923767209561421
4256926363#4538335537,0,0,0.48626651231671664
4071233134#4451288784,1,1,0.5039056528008617
69607725939#69607734288,0,1,0.5013578332655624
1479238953#1479236024,0,0,0.4979307743592046
4404827138#2061645325,0,0,0.4900737088213387
4385184737#1307874587,0,0,0.4959211820183244
165376540325#190161454564,0,1,0.5115640144387872
323098110922#3946584694,0,0,0.4915193873868797
1806319303#1741705970,0,0,0.48656210968447505
41881389364#77188486609,1,0,0.4847612666801162
82852791222#4897454823,0,0,0.48626651231671664
2060575761#5124803369,0,0,0.48626651231671664
406088738482#1639211797,0,0,0.48626651231671664
1830661655#4506637171,0,0,0.4941854280606675
4460827792#1806631591,0,0,0.48656210968447505
2057186168#2057186115,0,1,0.5054251198276924
4720990752#4720990747,0,1,0.5134642611802266
2055771737#3400225309,0,0,0.48626651231671664
4391918874#2183428945,0,0,0.48626651231671664
4451288784#4451289887,0,0,0.4939415518841579
4435393512#4876893576,0,0,0.4885914476125601
156893097471#5182386323,0,0,0.48626651231671664
4199527734#1592595202,1,0,0.4956316966724446
3056884476#179819475882,0,0,0.48626651231671664
3903417192#2123106282,0,0,0.48626651231671664
3878854642#165376540325,0,0,0.49472788932526873
2113505781#4636508851,0,1,0.5179178056185356
5132524109#3638725857,0,0,0.48626651231671664
4473638025#2183968048,0,0,0.48626651231671664
4272887201#3729925561,1,0,0.49716292563962083
2055601072#1774582761,0,0,0.48656210968447505
156276919685#156117444392,0,0,0.48626651231671664
314601953357#2057703910,0,0,0.4894225872251696
1639324466#1456843034,0,0,0.48626651231671664
3876750735#4658956014,0,1,0.5008755595807274
3032272331#1888052790,1,0,0.48801154920723844
4071233134#4658572195,0,0,0.48626651231671664
107257732918#4938690872,0,0,0.48626651231671664
1521423297#3766348815,0,0,0.48931748059802893
1372557160#114693583065,0,0,0.48923510192934555
2063839578#1552178606,0,0,0.48804652552347444
1639324466#4509158303,0,0,0.48626651231671664
4038971285#3091482697,0,0,0.48626651231671664
176830210970#2009723716,0,1,0.5072332756045074
4439680695#2117931367,0,0,0.48626651231671664
1479236023#1479238950,0,1,0.501581941973213
1456843034#4450968363,0,0,0.48626651231671664
3393654804#3235756553,0,0,0.48997110202877153
1816430022#2058300923,0,0,0.49360851557277513
1955012315#3052165975,0,0,0.48626651231671664
4238958432#1421431863,0,1,0.5051993388066421
4261128452#1472855034,0,0,0.48626651231671664
4735716172#4683019723,0,0,0.48656210968447505
4062453297#3951061982,0,0,0.48626651231671664
4991811656#4145044745,0,0,0.48626651231671664
1644753296#1579044786,1,0,0.49721821244579595
2057186115#2165145983,0,0,0.48626651231671664
2060575761#3742463975,0,0,0.48626651231671664
4448697469#156274815378,0,0,0.48857463851865085
4792331959#4782070197,0,0,0.48970257367432657
4623934568#1347237190,1,0,0.48626651231671664
1833924679#3612961288,0,0,0.48626651231671664
4774996826#4636237354,0,0,0.4909009120171588
4452283739#2118416856,0,1,0.5091459713210867
4720990747#4808180492,0,1,0.5154122356807711
2054817755#3111759030,0,0,0.4917005139377524
1751247315#5068106135,0,0,0.49366124960217533
4077473357#51020726773,0,0,0.48656210968447505
90189177932#90189178714,0,0,0.4959306272278007
1667001955#1818739935,0,0,0.48656210968447505
4081101808#3878447634,0,0,0.4942269180707673
4900124238#4511530729,0,0,0.48923510192934555
4232471781#4231111906,0,0,0.48626651231671664
3644272514#4212827921,0,0,0.48656210968447505
4538335537#1431887069,0,0,0.48914503213593585
2165015466#2111350136,0,1,0.5103227253205983
3091482697#1592253963,0,0,0.4875546094618167
4808238795#4720990752,0,1,0.5211525545873771
4529900425#4526469786,1,0,0.4913647816570116
156117444392#90189177809,0,0,0.48626651231671664
4206304466#4285617569,1,0,0.49292179024415417
2182928642#4057297840,1,1,0.5077705995716475
244261041436#4057426755,0,0,0.48626651231671664
1805614122#2056297322,0,0,0.48626651231671664
2159160651#1711931843,0,0,0.48656210968447505
4226781300#3251483032,0,0,0.4928593864677411
2053401290#5076076232,0,0,0.4966183152409018
3887317437#4672345130,0,0,0.49090386514103074
6015536211#4327730515,0,0,0.4915193873868797
1806561207#76198377822,0,0,0.48656210968447505
3077307902#4645346456,0,0,0.48626651231671664
3729925561#3467577097,0,0,0.48626651231671664
2132795383#1920503864,0,0,0.48626651231671664
4448697469#2057082463,0,0,0.49078887563120743
1465579387#1918821009,0,0,0.48626651231671664
2112250533#4720990748,0,1,0.5031751727802215
474022190894#462509477875,1,1,0.5091575671542509
82852791222#49857216438,0,0,0.4910581722869933
2056297322#4206244931,0,0,0.48626651231671664
152713373107#156276601478,1,0,0.4828996140010257
4316998845#4286394339,1,0,0.4910531555525957
4606793746#3912840540,0,0,0.48626651231671664
1920503864#4285491833,0,0,0.4870564732529393
487072504294#4777110046,0,0,0.4936776093043872
3077905761#2947790103,0,0,0.4942766926946737
2159739159#4145044745,0,0,0.4997856144515787
14613451042#4274088675,0,0,0.48997110202877153
4212827921#2112620582,0,0,0.48656210968447505
4405823723#156274815378,0,0,0.48626651231671664
3606108939#4452424559,0,0,0.48626651231671664
2066880892#2163049577,0,0,0.48626651231671664
3551393318#4632469809,0,0,0.48656210968447505
4435792377#1627144913,0,1,0.5124008836182482
3830915699#3402256673,1,1,0.5187584886137726
474022190894#2613309225,0,0,0.48626651231671664
1902954948#4062453297,0,0,0.49390015093412293
5210260401#5210263415,0,0,0.4879167557707659
4186052449#5014897285,0,0,0.48692546045878304
4071233134#3742463975,0,0,0.49940716991339124
5199216300#197910587768,0,0,0.48626651231671664
5062861485#4623934568,0,0,0.48626651231671664
1965402836#2060575761,0,0,0.48626651231671664
1456843034#3715785447,0,0,0.48626651231671664
130736997137#3612961288,0,0,0.48656210968447505
3487828521#4687016047,0,0,0.4912579879893707
4404827138#3259633459,0,0,0.4901138498479618
3400225309#4161830151,0,0,0.48656210968447505
90189177932#69607725939,0,0,0.4959306272278007
3927040910#3467577097,0,0,0.48626651231671664
3942084480#1812202957,0,0,0.4882635336322116
2075393157#3501281334,0,0,0.48626651231671664
4897454517#4509158303,0,0,0.48626651231671664
1838279448#4721167510,0,0,0.488717771090248
5060996735#3648904752,0,0,0.49653317398826874
1746603523#156893097471,0,0,0.48626651231671664
2053401290#2120525705,0,0,0.49496329983256965
4435837459#4451131613,0,1,0.5131513367250442
2296451977#4944507977,0,0,0.49880690680730316
4226659634#4952427189,0,0,0.48626651231671664
1847716478#3693891469,0,0,0.48626651231671664
237523614768#29607898384,0,0,0.49350069340077385
69054982841#4591945469,0,0,0.48626651231671664
3951061982#3436663620,0,0,0.4977343502817337
4683019723#315728832242,0,0,0.48626651231671664
3052760872#65334336497,0,0,0.48626651231671664
2057082510#1918821009,0,0,0.48626651231671664
4538335537#2077202780,0,0,0.48626651231671664
3881629589#2057342439,0,0,0.48656210968447505
138960910846#2113758643,0,0,0.48626651231671664
4285491833#109165560395,0,0,0.48857463851865085
2062332927#2073668282,0,1,0.5050171419182273
1479238948#1479236023,1,0,0.49160490840033993
1319944364#3056885390,0,0,0.4950425593318608
3878447634#130736997137,0,1,0.5009438706890522
1614597826#4506637171,0,0,0.49147272168543277
114693583065#4526469786,0,0,0.48626651231671664
2058129925#1746603523,0,0,0.48626651231671664
81553005637#2061673563,0,0,0.48746066348133615
1914706723#156276503010,0,0,0.4878502068295751
1565925308#1905948078,0,1,0.5036614999585652
2123106282#472767444366,0,0,0.48626651231671664
2077202780#4636508851,0,0,0.48626651231671664
3032272331#3949154929,0,0,0.48534798463132206
4157438427#3779069464,0,0,0.48656210968447505
3945370752#223520731598,0,0,0.4888213249700913
3467577097#1660870123,0,0,0.48932976037688597
32143080284#18466913739,0,0,0.48667095285637374
1592595202#3903296434,0,0,0.49084003670216797
3988152389#4451089335,0,0,0.49213187966011246
2024358272#4196030610,0,0,0.48626651231671664
4385069368#4450968363,1,0,0.4868117518313906
2947790103#4686862664,0,0,0.48626651231671664
1816430010#1492507866,0,0,0.49618079527351683
474022190894#3446029041,0,0,0.4915193873868797
1642717858#3606108939,0,0,0.48626651231671664
4529171947#4226781300,0,0,0.49458157907595696
2112620582#107725290582,1,1,0.5047003810767233
2656914275#3806805057,0,0,0.48626651231671664
2016866279#1671508853,0,0,0.48626651231671664
5199216296#5199216300,0,1,0.514962271252951
4473638025#3683502845,0,0,0.4915193873868797
4372714526#130736997137,0,1,0.5098798237745563
4642512906#5162703470,0,0,0.49895078050628977
4391919171#3052770867,0,0,0.48626651231671664
4857133554#4520831992,0,0,0.4922303228695077
1438255025#4285617569,0,0,0.48921720053209933
3436663620#3903241588,0,0,0.48626651231671664
2024358272#5076076232,0,0,0.4915193873868797
4415227218#3108657350,0,0,0.4868272956878691
4720990747#59051797265,0,0,0.4989702620003708
4735716172#4226781300,0,0,0.4876922476734758
4296050182#4804117479,1,1,0.503261044065514
5060735897#4765643443,0,0,0.48626651231671664
164247084187#4145044745,0,0,0.48626651231671664
3451234547#3436663620,0,1,0.5104745741904501
3887317437#3715785447,1,0,0.4962308089061713
1320113949#4057038032,0,0,0.48626651231671664
2114390938#1510345157,0,0,0.4870989175707555
1846435855#392281366488,1,0,0.48656210968447505
4452283739#81553005637,1,0,0.49041785848476316
1838279448#3991704859,0,0,0.4913110696917809
4765643443#10530767652,0,0,0.48626651231671664
4272843119#1453527936,0,0,0.48626651231671664
38406123057#5185245258,0,1,0.5093119508665107
1307874587#4272822938,0,0,0.48626651231671664
3287805133#1394397775,0,0,0.48626651231671664
3876750735#1888052790,0,0,0.4914158280491023
2066486027#3575171441,0,0,0.48854580481785576
1479236027#1425289196,0,0,0.49289300554543997
4672345130#62533690929,0,0,0.48626651231671664
2113909215#2218941944,0,1,0.5421401487730566
3951061982#2019713645,0,1,0.5011910793029263
3045782033#173652977366,0,0,0.48626651231671664
3839297007#2661092323,0,0,0.4923079936737632
2057120532#41881389364,0,0,0.48626651231671664
373850283306#1667032703,0,0,0.48626651231671664
3446029041#4451289887,0,0,0.4992973549376356
4897454517#4479096850,0,0,0.4998390892098701
1642717858#1465579387,0,0,0.48626651231671664
4657354294#4232471781,0,0,0.48626651231671664
4808240616#4226781300,0,0,0.48656210968447505
3751925404#2098402937,0,0,0.48626651231671664
4782070197#208339001895,0,0,0.48923510192934555
5012670911#4876893576,0,0,0.49316963084092896
1479238948#1425289196,0,0,0.49815734235379794
2111350136#1709836734,0,0,0.4892174061960566
2056513753#472767444366,0,0,0.48857463851865085
1639325148#18467882961,0,0,0.48852751966180624
4259293142#1463883823,0,0,0.48626651231671664
2057342439#3494236195,0,0,0.48853665862414514
1965402836#5172721151,0,0,0.48626651231671664
2026258524#2183968048,0,0,0.4899686174098733
5124643800#4636041770,0,0,0.48626651231671664
3046471496#1868814296,0,0,0.48956328009846106
1514159826#4168332323,0,0,0.48626651231671664
373850277197#373850283306,1,0,0.498909839628856
3551952830#1635546537,0,1,0.5078615858328756
2064727359#68727490330,0,0,0.4882150789774235
4261185678#4897454517,0,1,0.5029928273265081
4436356008#4452424559,0,0,0.4910581722869933
5003706585#4716857454,0,0,0.48656210968447505
2054733437#130736997137,0,0,0.4878502068295751
2026258519#2026258516,0,1,0.5100709991146023
65334336497#4219594137,0,0,0.48626651231671664
1947384727#392281366488,0,0,0.48626651231671664
2070627808#4057426755,0,0,0.48626651231671664
1816430022#3991704859,0,0,0.49802678871345035
3073724824#2068436073,0,1,0.5066505075385073
2640338192#3041186060,0,0,0.4898682259155352
5101581034#4452283739,0,0,0.48626651231671664
5185245258#18468847224,0,0,0.48626651231671664
5124803369#3292344959,0,0,0.48626651231671664
3292344959#3400225309,0,0,0.4915193873868797
1510345157#4226659635,0,0,0.48626651231671664
2165015466#1573188123,0,0,0.49423585295019756
62533690929#4186052449,0,0,0.49863869405434863
4643938191#2057155052,0,0,0.4813829714392143
4900124238#4735716172,0,0,0.4913961621612608
4452283739#314601953357,0,0,0.49149323943141915
90189178714#88520940864,1,0,0.4959306272278007
4232471781#4232666143,0,0,0.48626651231671664
2339749085#3743057958,0,0,0.4908254215668177
3945370752#1627144913,0,0,0.4951962356351236
2165015466#4080777239,0,1,0.5012681190512188
3474685542#3451234547,0,1,0.5007805537430827
3451234547#3628839716,0,0,0.49715858964593385
65334336497#43679253447,1,0,0.48626651231671664
2009723716#3052760872,0,0,0.48626651231671664
2078213282#2796703699,0,1,0.5009804503428716
1848160016#406088738482,0,0,0.48626651231671664
4415227218#3913486789,0,0,0.48626651231671664
2050581826#4274088675,0,0,0.48626651231671664
4256926363#4256981120,0,0,0.49145262994230277
2066880892#4206304466,0,0,0.48626651231671664
3764759336#474022190894,0,0,0.4931142654215002
4457149562#1708981181,0,0,0.48626651231671664
3487828521#3477269987,0,0,0.48626651231671664
2118967459#4442444769,0,0,0.48626651231671664
5012670911#4938690872,1,0,0.4915193873868797
2009723716#1702937295,0,0,0.48656210968447505
3052760872#5199216296,0,0,0.48626651231671664
4291724455#4274088677,0,0,0.49740941790714344
4720990748#4529900425,0,0,0.49088678193265545
4683019723#4705563490,0,1,0.5121768486686432
4274088675#2118967459,0,0,0.49740941790714344
3806805057#4015185289,0,0,0.4933541378152222
4720990747#4435837459,0,0,0.48739451493851393
176830210970#179819475882,0,1,0.5121675659538623
303434608762#4683019723,0,0,0.4867608758851809
2057718368#3200262090,0,0,0.48656210968447505
3644272514#3344615527,0,1,0.5035838316844886
3523677670#3474155608,1,1,0.5125268603698809
106190147770#4065797638,0,0,0.4876922476734758
88520940864#25244788647,0,0,0.48656210968447505
4510371801#4721167510,0,0,0.48730764977787855
4720990747#4808240616,0,1,0.5154122356807711
3046735667#1431887069,1,0,0.4988338844960125
4150903563#3487828521,0,0,0.49119856558568714
3648904752#5060735897,0,0,0.4961729403923432
4792436579#4808238795,0,0,0.48656210968447505
4777110046#3766348815,0,0,0.48852751966180624
3976610099#10553947604,0,0,0.48626651231671664
2009723716#4212827921,0,0,0.48656210968447505
1485301223#2118967789,0,0,0.49411770648012804
34108474773#2053401290,0,0,0.4966183152409018
1573188123#2066222464,0,1,0.5058300190189801
1349608070#3235756553,0,0,0.4947627619990482
1320113949#2024358272,0,0,0.4992159519247664
2098280462#18467620471,0,0,0.48857463851865085
1423069315#1801542793,0,0,0.4894007276938241
2057186115#2725581419,1,0,0.48626651231671664
3043391308#1955012315,0,0,0.48626651231671664
3467577097#1920503864,0,0,0.48626651231671664
4285491837#1920503864,0,0,0.4870564732529393
4159034451#4452283739,0,0,0.4875546094618167
4448697469#3946838650,0,0,0.4981641564470623
3555205657#3487828521,0,0,0.4876986443742117
207035576772#314601953357,0,0,0.4906009700676769
197910587768#32143080284,0,0,0.48626651231671664
3887317346#3887317351,0,1,0.5119702142376185
4448830722#4037407479,0,0,0.48626651231671664
18466522141#6633440508,0,0,0.487549333430396
120204740541#2114390938,0,1,0.502242799665208
2098280462#4159029866,0,1,0.5037661543727592
5112612148#1627144913,0,0,0.48656210968447505
2057186102#1774582761,0,0,0.4900112489286471
4509158303#3949154897,0,0,0.49339952318248304
4274088675#2059109005,0,0,0.49740941790714344
3083904084#315728832242,0,0,0.48626651231671664
4226659635#5210259474,0,0,0.48626651231671664
3718610303#3997209484,0,0,0.48626651231671664
1565913038#1872033892,0,0,0.4903913557170087
469729776160#68727484174,0,0,0.48626651231671664
5185529458#1868036845,0,0,0.48626651231671664
4261185678#4018768324,0,0,0.48626651231671664
3976610099#2063839578,0,0,0.48626651231671664
117154450703#1470144162,0,0,0.48626651231671664
1549897545#3072525687,1,0,0.4947627619990482
3052770867#5210260401,0,0,0.48626651231671664
2120525705#2062990764,1,1,0.5071181197663948
3287136295#1504573505,0,0,0.48732191490724297
1746603523#2056513884,0,0,0.49251198921050976
3287136295#2026258524,0,0,0.48957503790483237
2600554617#3726132284,0,0,0.48626651231671664
1642717858#1906908670,0,0,0.49902180870741164
190799447397#190161454564,0,0,0.49807209967025917
4165283827#4219594137,0,0,0.49598338487662547
3551952826#1537709306,0,1,0.5033026765827746
2066465509#1660870123,0,0,0.4862143891342386
3042374746#3056885390,0,0,0.4878386352926125
4272885125#2064727284,1,0,0.4990059291558416
4405823723#3052169971,1,0,0.48879059266157543
1371717862#3474685542,0,0,0.4875546094618167
3540890830#4768693982,0,0,0.48626651231671664
4584646241#4391918874,0,0,0.49057489670949933
121528725386#190799447397,0,0,0.48997110202877153
4451342506#4256725997,0,0,0.4879672598906677
4642512906#4247327585,0,0,0.4870564732529393
24480297189#2058829770,0,0,0.48626651231671664
3081746888#3871526816,0,0,0.48746066348133615
2159739159#4327730515,0,0,0.48626651231671664
2064727284#3402798577,0,1,0.5156260140346742
14613460476#14613464473,0,1,0.5106063002734447
2060290671#1716102732,0,0,0.4868272956878691
3045486706#3474685542,0,0,0.48939625851096474
2112891471#1592253980,0,1,0.5122390313780381
4538335537#3946584694,0,0,0.490813557296046
3292344959#1813327174,0,0,0.49225051503657574
2113712804#4636508851,0,1,0.5179178056185356
5209201860#29607898384,0,0,0.48626651231671664
2725581419#1627677359,0,0,0.48626651231671664
2058829770#2117971399,0,0,0.48786139035133713
4824054256#4451297220,0,0,0.49136040117233404
4057038032#3077905761,0,0,0.4906758002747317
5112612148#2551494872,0,0,0.48815427011718415
2056110125#2159739159,0,0,0.49984466818829515
4261185678#4451342522,0,0,0.4959366005241486
10605371390#3942084480,0,0,0.48626651231671664
2055548123#3931049291,0,0,0.48973883648023253
4777051438#4777110046,0,0,0.4936776093043872
1320992611#5199216295,0,0,0.4878502068295751
2062057923#1833924490,0,0,0.48844622087566636
2113712804#4168332323,0,0,0.4915193873868797
1320113949#1479236027,0,0,0.48626651231671664
1965402836#1816430010,0,0,0.49029609483010667
2098280462#4636382579,0,0,0.48786821977287126
4435666805#150594495671,0,0,0.48656210968447505
1816430010#2055316377,0,0,0.48626651231671664
4111311078#4291724455,1,1,0.5052923650554539
3045566056#117277915830,0,0,0.49382043632141837
135707428689#5033763061,0,0,0.49567844190293214
2113288221#4464914770,0,1,0.5007544179097264
4525746327#2092174215,0,0,0.48626651231671664
4027278504#1992903853,1,1,0.5115497756668883
4065797638#4683019723,0,0,0.48656210968447505
4774992939#2011714457,0,0,0.48779234448506664
4261185678#2112620582,0,1,0.54931713039452
4448697469#3706699419,1,1,0.52961382925943
4161509156#3946838650,0,1,0.503261044065514
2016866285#2119493181,0,0,0.4898506477559079
3461052410#1718702641,0,0,0.48626651231671664
4185479835#2029674976,0,0,0.48902381762451064
1552934060#3474685537,0,0,0.48626651231671664
3806805057#223520731598,0,0,0.4933541378152222
3673320803#1453527936,0,0,0.48626651231671664
4591664277#1929467433,0,0,0.48626651231671664
1711931843#4672345130,0,0,0.48626651231671664
2159739159#1660411271,0,0,0.48955505038814956
1425289196#1320992608,0,0,0.4961782307537828
3887317346#3887317437,0,1,0.5053106800761049
4509158303#3903241588,0,0,0.4914158280491023
1806631591#487126887411,0,0,0.48626651231671664
4159029866#2066486027,0,0,0.48626651231671664
25244788647#2058829770,0,0,0.48626651231671664
5206381674#5174606958,0,0,0.4896137975316958
2725581419#14613460476,0,0,0.48626651231671664
4126326524#1833924490,0,0,0.49939639512672906
1918821009#1320113949,0,0,0.48626651231671664
10530767652#5066872862,0,1,0.5093588479511192
2059109005#2671772709,0,1,0.5264495082290666
2671772709#4274088677,0,0,0.49740941790714344
1423069315#1667001955,0,0,0.48844622087566636
1805614122#2088439298,0,0,0.49141239026387445
5062472541#6015536211,0,0,0.48845921287702754
2055626034#4232471781,0,0,0.48626651231671664
2092174215#1637980981,1,0,0.4885914476125601
4196030610#4165283827,0,0,0.48626651231671664
2336731175#2062057923,0,0,0.49648918320039015
2182928642#2229939616,0,0,0.4901583330315093
3968903489#3708028912,0,0,0.4914192884432176
165376540325#3446029041,0,0,0.48626651231671664
5182386323#4219594127,0,0,0.48656210968447505
14613588147#4777051438,0,1,0.5090172010865649
4665681736#4728076352,1,0,0.4965960041663509
3942084480#1479236023,0,0,0.48626651231671664
4683019723#244261041436,0,0,0.48626651231671664
3292344959#2059124992,0,0,0.48626651231671664
3913486789#496613160423,1,0,0.4995599061777673
5210256944#5210259474,0,0,0.48626651231671664
586488148831#2064590829,0,0,0.48921720053209933
38406123057#4642512906,0,0,0.48845930779964475
2060290671#2057718368,0,1,0.5337401884121309
110232280082#109765155485,0,0,0.48626651231671664
472767444366#4186052449,0,0,0.4906419064642133
2026258516#4876893576,0,0,0.49057514274594083
3913486789#3554626889,0,0,0.49042255109395066
2163049577#4065797638,0,0,0.48788801493903905
10605371390#9062983415,0,1,0.5066462657120172
4027278504#3032272331,0,0,0.48626651231671664
3551952832#3551952830,0,1,0.5078615858328756
77864569477#2118416856,0,0,0.48626651231671664
114018376174#2005664884,0,0,0.48626651231671664
3032272328#2070686849,0,0,0.49090361533930715
150594495671#2072319821,0,0,0.4882123531385243
4238325930#1660565927,0,0,0.48626651231671664
1560130077#174007019522,0,0,0.48626651231671664
3878447634#60805077950,0,0,0.4926770815958974
18469192585#6015919609,0,0,0.48838902403295337
4197138413#3287136295,0,0,0.48902381762451064
4448830722#4455655369,1,1,0.5102285433914735
4256926363#4226659635,0,0,0.48626651231671664
4687016047#4952427189,1,0,0.499167906219168
4665681736#2137028345,0,0,0.48626651231671664
1806458596#4479643887,0,0,0.49070362639328885
1987142430#1387931444,0,0,0.4922159749153074
2055771737#4451289887,0,0,0.48626651231671664
4219594137#2218941944,0,1,0.5108854127338733
4440496809#4735716172,0,0,0.48626651231671664
4590470198#2113712804,0,1,0.5195195130746902
2117931367#2756949375,0,0,0.48626651231671664
4589820532#2098280462,0,0,0.4922159749153074
1654102057#4214896049,0,0,0.48656210968447505
3927040910#2057186168,0,0,0.4930292305446833
1519768568#4720990747,0,0,0.48656210968447505
4129059855#4448830722,0,0,0.49986921810218143
2661092323#1955282013,0,0,0.48626651231671664
3741385724#2063057962,0,0,0.48626651231671664
36551936093#37959222365,1,0,0.49942123273754335
1660565927#3575171441,0,0,0.48626651231671664
2297005450#4642512906,0,0,0.4867608758851809
2062057923#1759198091,1,1,0.5002696572123471
5209201860#2756949375,0,0,0.49200043995685666
5185595733#1453527936,0,0,0.48626651231671664
3046471496#4301029959,0,0,0.48853117656266076
3287633018#4345845643,0,0,0.48751531657047775
3251483032#164247084187,0,0,0.48626651231671664
2296451977#2057120547,0,0,0.4907512240702027
3083904084#77864569477,0,0,0.48626651231671664
4658572195#3786142129,0,0,0.48626651231671664
4807598946#4003389165,0,1,0.5000599828362027
2051966916#3467577097,0,0,0.49252405857777304
3287633018#3718610303,0,0,0.4881665373701731
152713373107#2077202780,0,0,0.48626651231671664
2061674343#1667032705,0,0,0.48656210968447505
90189177809#68727484174,1,0,0.4959306272278007
18468040932#2058300923,0,0,0.48656210968447505
2066977172#1614597826,0,0,0.48626651231671664
82852791222#2180579787,0,0,0.48626651231671664
4529171947#3673320803,0,0,0.48626651231671664
1387931444#5153549890,0,0,0.48626651231671664
1812202957#2064727284,0,0,0.49082013834505955
2114390938#4256926363,0,0,0.48626651231671664
4687016047#4774996826,0,0,0.4888702358864092
1456843034#1590408241,1,0,0.48626651231671664
5025914357#2058258958,0,0,0.48626651231671664
2218941944#4206244931,0,0,0.4979797298183349
4259293142#4938690872,0,0,0.48626651231671664
1905948078#2060192584,0,0,0.48683921238455263
2026258519#1504573505,0,0,0.49390487281184897
5199216301#5210260401,0,0,0.48626651231671664
3946584694#474022190894,0,0,0.4915193873868797
2183428945#2183963548,0,1,0.5053456406772934
23593454505#1320992611,0,0,0.4941953851048626
1565925308#1872033892,1,0,0.4895256544256884
373850277197#1326198016,0,0,0.48626651231671664
1533725661#2061947277,0,0,0.4910581722869933
1307874587#4857133554,0,0,0.49090386514103074
5206381674#3903417192,0,0,0.48141239026387445
5172721151#1971464426,0,0,0.48626651231671664
3728447268#4893054709,0,0,0.4935973420099619
4824054256#5076076232,0,0,0.4915193873868797
29607898384#29299331674,0,1,0.5025363198008002
342898906861#2229939616,0,0,0.4878502068295751
156274815378#1639324466,0,0,0.48852751966180624
1387931444#49857216438,0,0,0.48626651231671664
4090060217#5014897285,0,0,0.4902268653841768
2165015487#3903296434,0,1,0.5012681190512188
4451288784#4442900590,0,1,0.5016701872132313
2088439298#3477040043,0,0,0.49141239026387445
342898906861#106190147487,0,0,0.48656210968447505
5210259474#3486188370,0,0,0.48626651231671664
4247327585#4206157164,0,0,0.48626651231671664
4285491837#4316999113,0,0,0.4866584195634488
3839297007#1955036787,0,0,0.48626651231671664
3081746888#1639169322,1,0,0.493706647435985
2119493181#2179140827,0,0,0.4815332159374945
3052760872#5210259474,0,0,0.48626651231671664
4529171947#2661092323,0,0,0.49717542033348244
4129059855#462509477875,0,0,0.48626651231671664
1715823964#3997209484,0,0,0.48656210968447505
3945370752#1971464426,0,1,0.5054750481012814
4840518949#4851873209,1,0,0.49223077356519573
29299331674#2064590829,0,0,0.4878910138741817
178258449477#3912840540,0,0,0.48626651231671664
3743057958#4448697469,0,0,0.49560458501210397
4435425528#1920503864,0,0,0.4870564732529393
4126326524#18466117378,0,1,0.5009774088038135
3486188370#5210260401,0,0,0.48626651231671664
1590408241#1726551362,0,0,0.4933133483177184
2078835030#1374701015,0,0,0.4920287035721102
4482237216#4540676462,1,0,0.49535452746032377
1639325148#4623199084,1,0,0.48852751966180624
1671508853#2111346464,0,0,0.489666323256367
1688850614#2066880892,0,0,0.48626651231671664
1592253980#1592253963,0,1,0.5179858083758662
1639325148#5199216301,0,0,0.48626651231671664
1639325148#2551494872,0,0,0.48626651231671664
4238958432#3991704859,0,0,0.4884280945120604
4385184631#2059124992,0,0,0.4970668958263118
4081080713#3474685542,0,0,0.49174223401844663
2066880892#4746786446,0,0,0.48626651231671664
2078213282#4206274527,0,0,0.48626651231671664
4391919171#4479643887,0,0,0.48626651231671664
90189177932#69054982841,0,0,0.4959306272278007
1479238950#1479238948,0,0,0.49303064375709915
3798429541#1708981181,0,0,0.48626651231671664
18467626165#2123106282,0,0,0.48626651231671664
1565913038#4226781300,0,0,0.48656210968447505
2796703699#4728076352,0,0,0.4965960041663509
4205424867#4199527734,0,0,0.48626651231671664
4625984633#5205831892,0,0,0.4879672598906677
2113505781#1848160016,0,0,0.48626651231671664
4589820532#4159034451,0,0,0.4851422829172081
1878732185#3988152389,0,0,0.48626651231671664
3903241588#2057703910,0,0,0.48626651231671664
1320113949#4509158303,0,0,0.48626651231671664
1639169322#5034242501,0,0,0.4938224063241641
2613309225#4624517252,0,0,0.4867608758851809
4567571289#4657320935,1,0,0.49211927292111624
114693583065#5121642074,0,0,0.48626651231671664
10530767652#24480297189,1,1,0.5006931848439098
4901739840#496613160423,0,0,0.4893940014870845
2056297322#1386596352,0,0,0.48626651231671664
117873856741#1320113949,0,0,0.4881836123067974
2054734592#3798429541,0,0,0.48786821977287126
114401992972#3945370752,0,0,0.48829585024480177
4553975833#114018376174,0,0,0.48626651231671664
4212827921#4057038032,0,0,0.48626651231671664
3742463975#3344615527,0,1,0.5035838316844886
2067534525#2060575761,0,0,0.4919660580132252
3798429541#4900378668,0,0,0.49918281551709903
4439680695#3369949045,0,0,0.4915193873868797
4062453297#4145044745,1,0,0.4981647846230857
1929000382#3766348815,0,0,0.48852751966180624
4464914770#2019713645,0,0,0.48626651231671664
156276503010#4808180492,0,1,0.5079864715402775
2057703907#1759198091,0,0,0.49648918320039015
2600554617#1635546537,0,0,0.48626651231671664
5199216300#3446029041,0,0,0.48626651231671664
4391919171#3054149737,0,0,0.499336722539173
1614597826#1319944364,0,0,0.48626651231671664
1372557160#2132795383,0,0,0.48626651231671664
3061887519#4027278504,0,0,0.48999428215926566
4464608641#3728447268,0,0,0.48626651231671664
208339001895#190161454564,0,0,0.48923510192934555
5199216296#2057120532,0,0,0.4875546094618167
2061891302#4553975833,0,0,0.48626651231671664
3344615527#3683502845,0,1,0.5035838316844886
4232666143#4226659634,0,0,0.48626651231671664
2116342008#2061673563,0,0,0.4942027654597619
90189177809#88520940864,1,0,0.4959306272278007
1833697097#4624517252,0,0,0.4915193873868797
3554626889#1848160016,1,0,0.48558590051432815
4792436579#4129059855,0,0,0.4914298617370942
4658956014#1875282048,0,1,0.5143665534414775
4435564795#3876750735,0,0,0.48626651231671664
2074716061#2056478070,0,1,0.5033351717268001
1479238948#1371717862,1,0,0.49815734235379794
3949154897#4703712538,0,0,0.48626651231671664
4705563490#3045580653,0,1,0.503333053161372
4538335537#1639183384,0,0,0.48140986049117407
1537709306#3551952830,0,1,0.5033026765827746
4231111906#1920503864,0,0,0.48626651231671664
4219594127#4435666805,0,1,0.5457285475417519
3751925404#3638725857,0,0,0.49140043543971323
2181531828#2026258519,0,0,0.49792388843604146
2066482479#4774992939,0,0,0.48656210968447505
1326198016#3285703159,0,0,0.4868272956878691
2054699471#2057202369,1,1,0.5059439925049696
5162703470#38406123057,0,0,0.4813829714392143
3718610303#1326198016,0,0,0.48626651231671664
117873856741#29298304831,0,0,0.49892740434343325
2088439298#2117971399,1,0,0.48626651231671664
1806631591#18468847224,0,0,0.48626651231671664
5199216300#18467626165,0,1,0.5128900398730708
172020433612#4442444769,0,0,0.48626651231671664
1639325148#448453516754,0,0,0.48626651231671664
4195960848#3946584694,0,1,0.5016172494577951
156118078425#156117444392,0,0,0.48855913099996995
1386596352#3477040043,0,0,0.4915193873868797
190799447397#5121642074,0,0,0.48626651231671664
2066465509#2066486027,0,0,0.4881980842676193
9062983415#1806561207,0,0,0.48411405543207997
4636508851#4636041770,0,1,0.5258520285968662
5012670911#4636382579,0,0,0.48626651231671664
4231111906#4391918874,0,0,0.48626651231671664
2049629924#4495500756,0,0,0.48626651231671664
14613464473#2066977172,0,0,0.48626651231671664
1521423297#1872011272,0,0,0.48626651231671664
4385184737#4385184631,0,1,0.5107150114221051
1639170956#2135391712,0,0,0.48676148513692546
469729776160#1868814296,0,0,0.48626651231671664
4448697469#3402256673,0,0,0.4950098964875359
2066302302#2055771737,1,0,0.48626651231671664
4646026536#4055266231,0,0,0.48626651231671664
3045486706#4215058789,0,0,0.48902381762451064
2064988617#2066222464,1,1,0.5044823570816722
4763974603#2098280462,0,0,0.4922159749153074
2057703907#3946584694,0,0,0.48943872065300803
3798429541#2118967789,0,0,0.48808649138611476
3715877024#5199216296,0,0,0.48626651231671664
3846598639#3764759336,1,1,0.5026747587216311
18467626165#1470144162,0,0,0.48852751966180624
1848160016#3551393130,0,0,0.48626651231671664
10530767652#3487828521,0,0,0.49090386514103074
4726073967#4636237354,0,0,0.48626651231671664
2065701964#4683019723,0,0,0.48626651231671664
3287136295#2183968048,0,0,0.4906304404953587
4841108780#1510345157,0,0,0.4926243369250458
2057186102#2057120532,0,1,0.5002901373969317
4081237414#172020433612,0,0,0.48626651231671664
5003601219#1656969942,0,0,0.4954438801771435
1955012315#1770010645,0,0,0.48626651231671664
4055266231#5025914357,0,0,0.49985719074720186
59051797265#4672345130,0,0,0.48626651231671664
190799447397#150594495671,0,0,0.48923510192934555
1681839567#4391918874,0,0,0.48626651231671664
3872693399#3461052410,0,0,0.4937895336943082
4792331959#5003706585,0,0,0.48626651231671664
3446029041#3742463975,0,0,0.48973069114214846
4636382579#24480297189,0,0,0.48626651231671664
2123106282#3628839716,0,0,0.48626651231671664
3949154897#25244788647,0,0,0.48626651231671664
44498925795#4033211157,0,0,0.4915213513392164
3052760872#110232280082,0,0,0.48626651231671664
2118416856#1667032705,0,0,0.4878502068295751
3887317346#373850277197,0,0,0.48626651231671664
106190147770#3055502811,0,0,0.48656210968447505
1694365644#2066222464,0,0,0.4993230527099994
4226659635#496613160423,0,0,0.48626651231671664
5068106135#3806805057,0,0,0.48626651231671664
197910587768#1429813467,0,0,0.48626651231671664
4206244931#18468847224,0,0,0.48626651231671664
4804117479#3830915699,0,0,0.4929112813768992
2179140827#2265862937,0,0,0.48942412961686776
2127640300#4828654874,0,0,0.48734427172414824
314601953357#2137028345,0,0,0.4891688380101818
1372557160#2054788692,0,0,0.48656210968447505
2165145983#2060290671,0,0,0.49599574006919367
3056884476#3903241588,0,0,0.48626651231671664
4205653425#3693891469,1,0,0.4920490923347088
3951061982#4658572195,0,0,0.48626651231671664
2061947277#1818739935,0,0,0.48626651231671664
4720990747#4808983543,0,1,0.5057131236747737
1776613381#1816430022,1,0,0.49851929533746164
3976610099#373850283306,0,0,0.48626651231671664
121528725386#197910587768,0,0,0.48626651231671664
2600554617#4385184631,0,0,0.4900469863286736
2055548123#3945370752,0,0,0.4936345072900394
4665681736#4214896049,0,0,0.48626651231671664
18467882961#18467620471,0,1,0.5092329795166628
1470144162#6015919609,0,0,0.48626651231671664
472767444366#373850283306,0,0,0.48626651231671664
4439680695#2265862937,0,0,0.48626651231671664
2059109005#4254790910,0,0,0.49740941790714344
3968903489#3878447634,0,0,0.48734427172414824
2112891471#2054699471,0,1,0.5277255743518943
2061947277#4385184737,0,0,0.48626651231671664
3042374746#2061947277,0,0,0.48626651231671664
1546017096#3872693399,0,0,0.4937895336943082
3572871605#2265862937,0,0,0.48656210968447505
4893054709#1579044786,0,0,0.49614267752225905
2057120532#2057155052,0,0,0.48788801493903905
1552934060#1812202957,0,0,0.48855913099996995
4296050182#309312102749,0,0,0.49707492864410235
2123106282#448453516754,1,0,0.48626651231671664
2127640300#18469192585,0,0,0.48763986909190665
2070686849#2066482479,0,0,0.48656210968447505
4518635926#113940354842,0,1,0.5020873551045116
4790633062#3251483032,0,0,0.49449649478892893
18466522141#2114390938,0,0,0.49282279979847865
2183428945#4590470198,0,0,0.48626651231671664
5124643800#1955036787,0,0,0.48626651231671664
2336731175#2060189368,1,0,0.49648918320039015
2947790103#2059629426,0,0,0.48626651231671664
4254790910#4291724455,0,0,0.49740941790714344
4591638149#4206157164,0,0,0.48626651231671664
2057342439#4296050182,0,0,0.48656210968447505
4623934568#2057186102,0,0,0.48626651231671664
2336731175#4451131613,0,0,0.48626651231671664
2075611951#2113758643,0,0,0.48626651231671664
1485301223#3474685542,0,0,0.4954367169232824
2048870562#4448697469,0,0,0.4915193873868797
2066977172#3648904752,0,0,0.48626651231671664
2057146445#2054699471,0,1,0.5123833350663314
4159034451#4129173722,1,0,0.4968273682558862
2165145983#4206304466,0,0,0.48997110202877153
2060575761#5047311627,0,0,0.48626651231671664
1386596352#3369949045,0,0,0.4915193873868797
2117931367#2338131041,1,1,0.5021755375289164
4720990748#1320992608,0,0,0.4903237757716505
3310391587#1421431863,0,0,0.48656210968447505
4435425528#4316999082,0,0,0.48656210968447505
2064727284#5060996735,0,0,0.49128029891810565
4808180492#4808238795,0,1,0.5256313830851129
3714314534#5034242501,0,0,0.48626651231671664
4435792377#4256484724,0,0,0.49846758519695306
4828654874#4900124238,0,1,0.5017802333941561
4271995519#114018376174,1,0,0.49476502204487927
2092174215#4567571289,0,0,0.48656210968447505
1872011272#3043166693,0,0,0.48932976037688597
1479236027#1479238948,0,0,0.49160490840033993
3887317346#4636041774,0,0,0.49354359642683965
59051797265#4777110046,0,0,0.48626651231671664
1833697097#2113712804,0,1,0.5041187430111375
3903417192#4126326524,1,1,0.5010449099643105
4658956014#4509158303,0,0,0.4914158280491023
1592595202#2063873633,0,0,0.49292415711457865
4625984633#130736997137,0,0,0.48626651231671664
4451124306#4024663252,1,0,0.48656210968447505
4460827792#4212827921,0,0,0.4940951597944022
2054733437#1565913038,1,0,0.49297740645161964
4439680695#18468881765,0,0,0.48626651231671664
2111350136#1573188123,0,0,0.4976356638898479
4186052449#4591638149,0,0,0.4906419064642133
4442900590#3344615527,0,1,0.5028897829392505
5084206172#4436356008,0,0,0.48656210968447505
69607734288#69054982841,0,0,0.4997629552309419
1374749246#3551952832,0,0,0.48626651231671664
109765155485#208339001895,0,0,0.48626651231671664
4792331959#1885490974,0,0,0.48626651231671664
2671772709#2183963548,0,0,0.48626651231671664
2061891302#5199216296,0,0,0.48656210968447505
4020730390#4191026566,0,1,0.5031534036314212
3402798577#5112612148,0,0,0.49392735214161265
4316999084#4435425528,0,0,0.48656210968447505
3085085227#2123106282,0,0,0.48626651231671664
4657320935#54158093151,0,0,0.4882628572584261
4683019723#14613588147,0,0,0.48656210968447505
5003601219#4080777239,0,0,0.48626651231671664
4808180492#4808983543,0,1,0.5056151959239401
2061947277#4436356008,0,0,0.4910581722869933
2114390938#25405387739,0,0,0.48808649138611476
3871526816#4657354294,0,0,0.4875546094618167
3606108939#5182386323,0,0,0.4870564732529393
373850283306#2098280462,0,0,0.48626651231671664
1947384727#2058829770,0,0,0.48626651231671664
4464914770#2165015487,0,1,0.5012681190512188
3951061982#4157779501,0,0,0.48656210968447505
18466117378#4876893576,1,0,0.49519896876901415
81553649652#4452283739,0,0,0.49041785848476316
1656969942#2123106282,0,0,0.48626651231671664
2054788692#4841108780,1,0,0.4981404397030693
4479096850#2119493181,0,0,0.48656210968447505
1660411271#2060290671,0,0,0.48626651231671664
4231111906#3467577097,0,0,0.48626651231671664
156893097471#77188486609,0,0,0.48626651231671664
3295629869#4658956014,0,0,0.48656210968447505
4947650145#2182928642,0,0,0.49170352977945425
4071233134#3644272514,0,0,0.4959973901954299
3968903489#1872011272,0,0,0.48932976037688597
2112891471#4643809596,0,0,0.49122547615604717
3108657350#4511530729,0,0,0.48626651231671664
4526469786#5209201860,0,0,0.48626651231671664
4442444769#2053401290,0,0,0.4913654401707387
4944507977#6015919609,0,0,0.493600827917423
4206244931#4206274527,0,0,0.4934062054328836
2056478070#1639219119,0,0,0.49436532236053915
4199527734#2756949375,0,0,0.49291022101346066
14613588147#14613460476,0,1,0.5094481365538888
185272730170#1514159826,0,0,0.48997110202877153
2063057962#3575171441,0,0,0.4882502074500974
5185245258#4720990748,0,0,0.4883870147158556
2054733437#4716857454,0,0,0.48656210968447505
190330815066#1319956302,0,0,0.48656210968447505
4623199084#1639211797,1,0,0.48852751966180624
1878732185#1872033892,0,0,0.49139371193876125
1806458596#1711931843,0,0,0.49953310700327314
5185529458#179819475882,0,1,0.5013589243430142
1776613381#4720990752,0,0,0.49181498475463814
1457252565#2028648293,0,0,0.48626651231671664
3931049291#3056884476,0,0,0.4955894388377453
2063839578#1307874587,0,0,0.48656210968447505
4686862664#5022594784,0,0,0.48626651231671664
2057186168#2057120547,0,1,0.5042519259105949
4991811656#4509158303,0,0,0.48626651231671664
1320113949#1590408241,0,0,0.48626651231671664
5066872862#32143080284,1,1,0.5319513917112656
3741385724#3575171441,0,0,0.48626651231671664
3108657350#178258449477,0,0,0.48626651231671664
201204584648#3445564730,0,0,0.486370897625557
2339749085#2338131041,0,1,0.5313051081110738
4215038721#4415227218,0,0,0.4868272956878691
4316999113#4316999082,0,0,0.49495550224480644
1639211797#1751247315,0,0,0.48626651231671664
4777110046#1847716478,0,0,0.4936776093043872
3108657350#1806319303,0,0,0.48626651231671664
4435792377#4165283827,0,0,0.48626651231671664
4716857454#4181867888,0,0,0.48626651231671664
2119493181#2119467444,0,0,0.48761098579416534
2075899540#1671508853,0,0,0.48626651231671664
4763974603#3081986781,0,0,0.48626651231671664
2340035845#3075628047,0,0,0.4899480074460566
2455894769#1654102057,0,0,0.48626651231671664
2112891471#5199216301,0,0,0.4889279662370067
3075634363#3477269987,0,0,0.4878888785069782
5132524109#4567571289,0,0,0.49119856558568714
1816430010#1776613381,0,0,0.488132497144302
3551952826#4765643443,0,0,0.48626651231671664
3052165975#1709836734,0,0,0.48626651231671664
3032272328#3949154897,0,0,0.49031191476961067
14613460476#54158093151,0,1,0.5129716250647147
2051966916#1326198015,0,0,0.48626651231671664
1868814296#4492819954,0,0,0.48902381762451064
1688850614#4746786446,1,0,0.4914158280491023
3061887519#5003601219,0,0,0.49630239628325784
2068436073#4452283739,0,1,0.502700720858874
1872011272#3709709254,0,0,0.48932976037688597
3551393130#3451234547,0,0,0.49500886115562226
2057703907#2062057923,0,0,0.4967214592761851
60805077950#1510345157,1,0,0.49366702593847933
4938690872#1838279448,0,0,0.48626651231671664
82852791222#4057426755,0,0,0.49527920513757484
4774996826#3603201749,0,0,0.4888702358864092
5076076232#4442444769,0,0,0.4913654401707387
3235756553#2744122330,0,0,0.48626651231671664
3235756553#2039273909,0,0,0.4910581722869933
3523677670#3540890830,0,0,0.48626651231671664
152713369272#18466522141,0,0,0.4809025926855307
4643938191#2297005450,1,1,0.5163369958305782
1801542793#2119467444,0,0,0.48626651231671664
1770010645#4435393512,0,0,0.4899384189568938
4711180581#4455655369,0,0,0.49545684118439554
4435792377#1805614122,0,1,0.5027119395387711
2049629924#2113093450,0,0,0.4915193873868797
5132524109#2111346464,0,0,0.48626651231671664
4256725997#4232471781,1,0,0.48626651231671664
1326198016#2057718368,0,1,0.5045978066176565
3486188370#5210263415,0,0,0.48626651231671664
4572662983#4205438611,0,0,0.49034258369643197
487072504294#302839388028,0,0,0.48852751966180624
109165560395#1319956302,0,0,0.48626651231671664
3056885390#1533725661,0,0,0.48626651231671664
1371717862#1320992611,0,0,0.4961782307537828
1681839567#3054149737,1,0,0.48626651231671664
1374749246#4301029959,0,0,0.48853117656266076
3289002540#4065797638,0,0,0.4972867546130148
3487828521#3798429541,0,0,0.49090386514103074
18468847224#4529171947,0,0,0.4977323368637802
77188486609#88520940864,0,0,0.48734427172414824
3077905761#1708981181,0,0,0.488132497144302
2744122330#4457149562,0,0,0.48626651231671664
4479096850#4591945469,1,0,0.4998390892098701
2070686849#2075628492,0,1,0.5050325981551049
10553947604#156276601478,0,0,0.48626651231671664
4804118400#3830915699,0,0,0.4929112813768992
3043391308#2064727284,0,0,0.48656210968447505
4316999084#3278113988,0,0,0.4904269961159556
2059196823#4408496432,0,0,0.4870564732529393
3628839717#3436663620,1,0,0.4935488639738417
4716857454#2111346464,0,0,0.48656210968447505
3644272514#3683502845,0,1,0.5047971551093582
32143080284#3523677670,0,0,0.48763986909190665
4646026536#3742463975,0,0,0.48656210968447505
4261128456#1504573505,0,0,0.48626651231671664
34108474773#2062990764,0,0,0.4913654401707387
2359435242#3052760872,0,0,0.48944393429944993
1656969942#4448830722,0,0,0.48626651231671664
90189178714#87008148161,0,0,0.4913571028423494
5014897285#373850283306,0,0,0.48626651231671664
1438255025#3946838650,0,0,0.4915193873868797
4636354282#1639211797,0,0,0.4931648724861204
1319956302#3289002540,0,0,0.4868117518313906
3042374746#3045486706,0,1,0.5019882171537278
314601953357#3232083339,0,0,0.48626651231671664
135707428689#5205831892,0,0,0.4822235800297011
2111351705#3551393318,0,0,0.49145904394942536
2029674976#3708061579,0,0,0.48857463851865085
2111351705#2165015487,1,1,0.5050253935911804
1830661655#3488840316,0,0,0.49089422190232235
4435666805#4219594137,0,1,0.5390329322446604
4415227218#2054699471,0,0,0.4928355958479333
1394397775#2056513753,0,1,0.5026349473247113
3871526816#81553649652,0,0,0.48746066348133615
3045580653#2078213282,0,1,0.5150603314926445
4435425528#2122362220,0,0,0.49308753406928524
2059196823#2075611951,0,0,0.48626651231671664
2059109005#4274088677,0,0,0.49740941790714344
2055626034#2060189368,0,0,0.49648918320039015
3278113988#4435425528,0,0,0.488048973030281
2725581419#2069985286,0,0,0.48626651231671664
1347237190#4038971285,0,0,0.48626651231671664
4274235353#4181867888,0,0,0.49138989154027535
3054149737#109165560395,0,0,0.48857463851865085
3881629589#5205831892,0,0,0.48626651231671664
5162703470#3445564730,0,0,0.48626651231671664
4081237414#117873856741,0,1,0.52251844692021
2026258524#2119388082,0,0,0.4918346022374586
68727484174#69607725939,0,1,0.5007222871980774
2057146445#3458092809,0,0,0.48656210968447505
3020259850#4440496809,0,0,0.48626651231671664
4391919171#3949154897,0,1,0.5116064669461491
4271919356#4451289887,0,0,0.48656210968447505
325639508083#114018376174,0,0,0.48626651231671664
3052180518#1430988070,0,1,0.5109755695002242
1521423297#1421431863,0,0,0.48656210968447505
3603201749#110232280082,0,0,0.48626651231671664
2112620582#4451342522,0,0,0.4959366005241486
32143080284#4720990752,0,1,0.5043639052264415
2057703910#3075634363,1,1,0.5094938225419625
1711931843#1642717858,0,0,0.4970636728190042
2113758643#2077202780,0,0,0.48626651231671664
448453516754#4159034451,0,0,0.4875546094618167
29299331674#4643938191,0,1,0.5072116163871135
3487828521#3501281334,0,0,0.4876986443742117
3949154897#4658572195,0,0,0.48626651231671664
2117971399#1718702641,0,0,0.48656210968447505
54158062043#2070627808,0,0,0.48626651231671664
2061673563#1430988070,0,1,0.5013634726922909
4480479751#5174606958,0,0,0.494551475590662
5060735897#2064727359,0,0,0.49966482913394694
3061887519#2551494872,1,0,0.4951218433039796
5210256944#5210263415,0,0,0.48626651231671664
9062983415#4510371801,0,1,0.5244741690357437
1639211797#1639324466,0,0,0.49481511594016964
4205653425#4897048724,0,0,0.48921720053209933
36551936093#4782070197,0,0,0.48626651231671664
5174606958#2098280462,0,0,0.48626651231671664
4080777239#2111351705,0,1,0.5087042548502291
1639219119#1639183384,0,0,0.48626651231671664
3718610303#3572871605,0,0,0.49139371193876125
2058663034#2297005450,0,0,0.48626651231671664
4404827138#2066363395,0,0,0.4900737088213387
1386596352#1546017096,0,0,0.4915193873868797
4385184631#1818739935,0,0,0.4999526934230694
138962707346#2074773060,1,1,0.5106687632502058
392281366488#3083904084,0,0,0.48656210968447505
173652977366#3887317346,0,0,0.4900469863286736
5003706585#4646026536,0,0,0.48656210968447505
1718702641#2054788692,0,1,0.5003609618324502
3798429541#4256484724,0,0,0.48626651231671664
1590547354#5003601219,0,0,0.4924337403560384
4944507977#2113093450,0,0,0.49715426197487333
3278113988#3551393130,0,0,0.4897273751789225
3865012146#4256725997,0,0,0.48626651231671664
3287805133#3289002540,0,1,0.5235179133507235
179819475882#4683019723,0,0,0.48626651231671664
1592595202#4495500756,0,0,0.48626651231671664
3072525687#4451297220,0,0,0.4843830823930446
3447176726#2070686849,0,0,0.49084003670216797
65334336497#4657320935,0,0,0.48626651231671664
117154450703#107725292534,0,0,0.48626651231671664
2455894769#4291724455,0,0,0.4892174061960566
5185529458#4665681736,0,0,0.48626651231671664
106190147770#3043391308,0,0,0.48656210968447505
4657354294#2116342008,0,0,0.4949136007447849
1872011272#3400225309,0,0,0.48626651231671664
4538335537#4291077418,0,0,0.48626651231671664
4897048724#4750249486,0,0,0.4897692456226722
2058258958#4683019723,0,0,0.4840508715297465
4415227218#4345845643,1,1,0.5078798037690642
3915411982#1776613381,0,0,0.48626651231671664
29298304831#4944512773,0,0,0.4903475441850573
5186293263#2796703699,0,1,0.5072372676828926
5185595733#114401992972,0,0,0.48626651231671664
1955036787#4018768324,0,0,0.48626651231671664
146011948003#5112612148,1,0,0.48626651231671664
4405823723#2165145983,0,0,0.48656210968447505
4657354294#4256725997,0,0,0.48626651231671664
1888052790#2055771737,0,0,0.48626651231671664
4495500756#4385184631,1,0,0.49639491648711165
1716102732#5033763061,0,0,0.4945744005686279
81553005637#1777473801,0,0,0.48626651231671664
1813327174#2640338192,0,0,0.488132497144302
4435393512#2009723716,0,0,0.4945314503179559
4439680695#1541915947,0,0,0.48626651231671664
4232666143#4408496432,0,0,0.48626651231671664
201204584648#185272730170,0,0,0.4856980682696287
4460827792#4840518949,0,0,0.48626651231671664
3999176481#1423069315,0,0,0.4927898995367975
5084206172#4623788579,0,0,0.48626651231671664
3870637640#4683019723,0,0,0.48656210968447505
120204740541#2058494409,0,0,0.4950477365522714
90189177809#4218528758,0,0,0.48626651231671664
4636508851#4636382579,0,1,0.5137886091408344
4893054709#3232083339,0,0,0.4972985327571798
197910587768#3764759336,0,0,0.48626651231671664
2123106282#2057703910,0,0,0.48626651231671664
4296050182#5084206172,0,0,0.4964737439387016
29299331674#2297005450,0,1,0.5054919457912914
3942084480#4081080713,0,0,0.48626651231671664
3648904752#3729925561,0,1,0.5063833047177194
2066486027#1718702641,0,0,0.4888702358864092
190799447397#2088439298,0,0,0.48626651231671664
81732347381#5132524109,1,0,0.49119856558568714
2123106282#4623788579,0,0,0.48626651231671664
3628839716#1654102057,0,0,0.48626651231671664
4291077418#4065797638,0,0,0.4914439956755165
2009723716#3075628047,0,0,0.48656210968447505
3603201749#4479644011,1,0,0.496582423172984
130736997137#4081237414,0,1,0.5158383214178349
4721167510#1955012315,0,0,0.48626651231671664
4065797638#2057155052,0,0,0.4894897223951936
4439680695#1905948078,0,0,0.48626651231671664
1541915947#496613160423,0,1,0.5004672309932707
114401992972#2060575761,0,0,0.48626651231671664
2123106282#4782070197,0,0,0.48626651231671664
4316999082#3988152389,0,0,0.4866584195634488
1429813467#4157438427,0,0,0.48626651231671664
2070686849#2028648293,0,0,0.49191779610959957
3915411982#4254790910,0,0,0.49740941790714344
2069985286#4291077418,0,0,0.48626651231671664
3369949045#4316999084,0,0,0.48626651231671664
1386596352#4256725997,0,0,0.48626651231671664
4755216808#3052169971,0,0,0.48626651231671664
1830661655#5210256944,0,0,0.48626651231671664
3073724824#4242849949,1,1,0.5217741672777595
4636354282#173652977366,0,0,0.48626651231671664
2051966916#2058663075,0,0,0.49847747878124815
3968903489#3709709254,1,0,0.49408353658481935
2009723716#179819475882,0,1,0.5092416658273673
3798429541#3942084480,0,0,0.48626651231671664
1642717858#1955282013,0,0,0.4916575577816304
1565925308#4345845643,0,0,0.48626651231671664
1929000382#3690831675,0,0,0.48626651231671664
4807598946#176830210970,0,0,0.48626651231671664
2016866279#3698546468,0,0,0.48626651231671664
4726073967#4181867888,0,0,0.48626651231671664
4157779501#4540676462,0,0,0.48626651231671664
4242849949#2061673563,0,1,0.5013634726922909
4804117479#3706699419,0,0,0.4981641564470623
4632469809#6633392282,1,0,0.4986052704570293
4440496809#4439680695,1,0,0.4949724771270905
138960910846#3494236195,0,0,0.48626651231671664
4479644011#4256725997,0,0,0.48626651231671664
2028648293#3056321676,0,0,0.49084003670216797
3551952830#3494236195,0,0,0.48626651231671664
1533725661#1349608070,0,0,0.49898378574179586
2066486027#4636382579,0,0,0.48626651231671664
201204584648#2656914275,0,1,0.5090110294849793
4897454823#4451342506,1,0,0.4959366005241486
101937534499#2163049577,0,0,0.48626651231671664
1579044786#3369949045,0,0,0.4933638604086438
5112612148#5031422175,0,0,0.4829906633345252
1660411271#2016866279,0,0,0.48955505038814956
4944507977#6013639039,0,0,0.4952846602960346
4206274527#3872693399,0,0,0.48626651231671664
156274791893#18467620471,0,1,0.5051635670866913
2056110125#2265862937,0,0,0.4968451943783336
1711931843#2075628492,0,1,0.509946648567664
2067003861#4683019723,0,0,0.48626651231671664
130736997137#3551393130,0,0,0.49002297254668087
2061674343#3052165975,1,0,0.49089728481804157
156275809937#3111759030,0,0,0.48656210968447505
3878447634#2098402937,0,0,0.48626651231671664
3477269987#3474685537,0,0,0.49237543177770327
4538335537#114018376174,0,0,0.4882502074500974
4159029866#4436356008,0,1,0.5002831053858882
18466522141#302839388028,0,0,0.48626651231671664
3871526816#1425289196,0,0,0.4875546094618167
2744122330#81553005637,0,0,0.4933299062319265
1918821009#4280544295,0,0,0.48626651231671664
2119467444#4947650145,0,0,0.48626651231671664
1533725661#3045782033,0,0,0.48656210968447505
3523677670#3554626889,0,0,0.48626651231671664
2057718368#2051966916,0,0,0.48626651231671664
2064727284#3741385724,0,0,0.48626651231671664
3741385724#150594495671,0,0,0.48626651231671664
245814065042#4291724455,0,0,0.4892174061960566
2111351705#2119476678,0,1,0.5093467604820855
3865012146#24480297189,0,0,0.48808649138611476
3077307902#2640338192,0,0,0.48626651231671664
1818739935#4385184737,0,0,0.49402407882577193
1514159826#4199527734,0,0,0.48626651231671664
14613588147#4372714526,0,0,0.48656210968447505
81732347381#77188486609,0,0,0.48626651231671664
3072525687#3903417192,0,0,0.48626651231671664
2061673563#3052180518,0,0,0.4992933559853946
2063839578#1552934060,0,0,0.4926018205098881
1456843034#3285703159,0,0,0.48626651231671664
2009723716#3043391308,0,0,0.48656210968447505
3085085227#3690831675,1,0,0.48626651231671664
1955282013#2075628492,0,1,0.5006108664107047
3081746888#4726073967,0,1,0.5015788751607186
3706699419#4296050182,0,1,0.5090229491193813
4448830722#4553975833,0,0,0.49084003670216797
3709709254#2054734592,0,0,0.4942462301935961
4195960848#2005664884,0,0,0.48626651231671664
3494236195#2111350136,0,0,0.48902381762451064
4285617569#179819475882,0,0,0.48921720053209933
4301029959#2339749085,0,0,0.48626651231671664
4261128456#156117444392,0,1,0.5011609181537431
2119388082#4247327585,0,0,0.48626651231671664
174007019522#121528725386,0,0,0.4868272956878691
1816430010#2092174215,0,0,0.4936149248125979
4529171947#2057082510,0,0,0.49460263172816793
1929467433#2057703907,0,0,0.48626651231671664
24480297189#4900378668,0,0,0.49933099177034124
6633440508#2455894769,0,0,0.48147259120659686
1654102057#2551494872,0,1,0.5195649987232899
5062472541#3052770867,0,0,0.48626651231671664
81732347381#51020726773,0,0,0.4876986443742117
4584646241#1573188123,0,0,0.4917679865154547
3061887519#3474685542,0,0,0.48626651231671664
4150903563#10530767652,0,1,0.5207215276897955
3045580653#2057186102,0,0,0.48788801493903905
4591945469#3743057958,0,0,0.48739451493851393
3555205657#4150903563,0,1,0.5300002618227684
2009723716#4808465998,0,0,0.4945314503179559
4256622048#4226659635,1,0,0.48626651231671664
4226659635#10530767652,0,0,0.48626651231671664
1711846546#2088439298,0,0,0.49322221706499036
3467577097#4226659634,0,0,0.48626651231671664
2113909215#3072525687,0,0,0.48626651231671664
1816430022#2057703910,0,0,0.48626651231671664
4824054256#487126887411,1,1,0.5026280164221548
4242516938#1492507866,0,0,0.48610884749190303
4391919171#18468082722,0,0,0.48626651231671664
4526469786#3477040043,0,0,0.48626651231671664
5199216300#5210260401,1,0,0.4879167557707659
2058494409#3728447268,0,0,0.48626651231671664
201204584648#4435666805,0,0,0.48626651231671664
1872033892#1914706723,0,0,0.4916893093065196
4790633062#4808983543,0,1,0.5056151959239401
3551393318#3474685537,0,0,0.49491990681163117
1715823964#1579044786,0,1,0.5000825148765952
2057718368#3285703159,0,1,0.5081359414489319
1429813467#4900124238,0,0,0.4900469863286736
5022076775#4455655369,0,0,0.4901138498479618
2756949375#4683019723,0,0,0.48656210968447505
422593876041#2339749085,0,0,0.4908254215668177
2114390938#24087589564,0,0,0.49557715186680973
3728447268#120204740541,0,0,0.49084003670216797
2066880892#4495044650,0,0,0.48902381762451064
2074773060#3446029041,0,0,0.48626651231671664
3942084480#3487828521,0,0,0.48626651231671664
37959222365#1492507866,0,0,0.4910581722869933
4479643887#18465766142,1,0,0.49448052886620636
1955036787#32143080284,0,0,0.48626651231671664
2063057962#2119476678,0,0,0.48626651231671664
2183963548#1565925308,0,0,0.48909840411932615
4408496432#4256484724,0,0,0.48626651231671664
4242516938#1992903853,0,0,0.48626651231671664
4808240616#4720990748,0,1,0.5254772268355576
4451342506#4591945469,0,0,0.49423585295019756
3344615527#3887317351,0,0,0.48656210968447505
1320992608#3887317351,0,0,0.4878502068295751
4538335537#4077473357,0,0,0.48656210968447505
3887317437#76198377822,0,1,0.500392102943578
1711931843#1806561207,0,0,0.48656210968447505
3612961288#4206157164,0,0,0.48626651231671664
1429813467#302839388028,0,0,0.48626651231671664
1639170956#1457252565,1,1,0.5049161639085269
2111350136#4442900590,0,0,0.489666323256367
3445564730#1546017096,0,1,0.5152093292192685
4900124238#3718610303,0,0,0.48626651231671664
3075628047#1307874587,0,0,0.490243604813815
4259293142#4195960848,0,0,0.48626651231671664
1929467433#3715240690,1,0,0.4884434933418854
1431887069#1592253963,0,1,0.5146251529795287
2165145983#1726551362,0,0,0.49199555298938047
4316999084#4285491837,0,0,0.4866584195634488
69607734288#68727490330,0,0,0.49614876281262604
18466913739#43679253447,0,0,0.49401095806710926
3870637640#2229939616,0,0,0.48845921287702754
3709709254#3991704859,0,0,0.49181498475463814
3369949045#2088439298,0,0,0.49120660368167357
3708028912#4145044745,0,0,0.48626651231671664
3914910336#4572662983,1,0,0.499687237181707
4645346456#82852791222,0,0,0.49140043543971323
1885490974#5121642074,0,0,0.48626651231671664
3903296434#1875282048,0,0,0.4892174061960566
3742463975#4442900590,1,1,0.5081426580094136
2183428945#2180579787,0,0,0.49280050921248275
2027457633#2113657433,0,1,0.5080906956201242
25244788647#4256484724,0,0,0.48807633911783255
4746786446#1955282013,0,0,0.4915360106266961
3644272514#2062332927,0,0,0.49252405857777304
18466913739#3949154897,0,0,0.48573440102831245
4790633062#4808240616,0,1,0.5305643385566313
3467577097#469729776160,0,0,0.48626651231671664
3999176481#3612961288,0,1,0.5130486119628219
5101581034#2296574953,0,0,0.48626651231671664
81553005637#4726073967,0,0,0.49068032711366555
102179535594#208339001895,0,0,0.48626651231671664
2117931367#1423069315,0,0,0.48626651231671664
14613460476#1642717858,0,0,0.48626651231671664
4435393512#1627144913,0,0,0.49363568782004913
4280544295#3259633459,0,0,0.4921943901607327
2061891302#114018376174,0,0,0.4885119886873467
1688850614#1955282013,0,0,0.48983757871223227
4525746327#4683019723,0,0,0.48626651231671664
4129173722#4037407479,0,0,0.49480826830577
2120525705#5076076232,0,0,0.4913654401707387
3951061982#4506637171,0,1,0.5100260952395328
4720990752#4808180492,0,1,0.5211525545873771
4195960848#2115699256,0,0,0.4930632135714755
5003601219#5112612148,0,0,0.49402444418498753
2112620582#156276919685,0,0,0.4870989175707555
3914910336#3061887519,0,0,0.49130371098370174
76215101805#1537709306,0,0,0.49171741451853834
4206157164#18468040932,0,0,0.48626651231671664
4492819954#4686862664,0,0,0.48626651231671664
4206181444#4316999082,0,0,0.49165599854009245
4495044650#4452424559,0,0,0.48626651231671664
309312102749#4624517252,0,0,0.4923300403795529
4261128452#4900378668,0,0,0.49423585295019756
5153549890#1711931843,0,0,0.49145904394942536
1656969942#2551494872,0,0,0.49638088405271846
1372557160#4606793746,0,0,0.48923510192934555
4226659635#3603201749,0,0,0.48626651231671664
2059629426#1806458596,0,0,0.48808649138611476
4195960848#4538335537,0,0,0.48626651231671664
2113758643#3085085227,0,0,0.48626651231671664
1868036845#3551952832,0,0,0.48626651231671664
4643809596#2296451977,0,0,0.48656210968447505
34108474773#2120525705,0,0,0.4913654401707387
1914706723#4391919171,0,0,0.48875490516740316
2050581826#114401992972,0,0,0.48626651231671664
4857133554#4526469786,0,0,0.48626651231671664
4157779501#2028648293,0,0,0.48626651231671664
1546017096#3461052410,0,0,0.49935203489495655
4464608641#3402798577,0,0,0.4896788354107466
1905948078#1872033892,0,0,0.4926859937986724
4205438611#4385184737,0,0,0.49034258369643197
4226659635#4479644011,0,0,0.48626651231671664
4750249486#4286394339,0,0,0.48626651231671664
62533690929#469729776160,0,0,0.48626651231671664
4720990752#1425289196,0,1,0.501834961328133
4509158303#3876750735,0,0,0.4914158280491023
4636237354#3486188370,0,0,0.48626651231671664
2340035845#2183963548,0,0,0.48626651231671664
2163049577#6013639039,0,0,0.48626651231671664
4440496809#4435792377,0,1,0.5104756382339333
2098402937#2027457633,0,1,0.5404849267875295
4625984633#2048870562,0,0,0.4915193873868797
1681839567#1784914445,0,0,0.48626651231671664
3729925561#2066880892,0,0,0.48626651231671664
2057082510#179819475882,0,1,0.5024747057314878
1914706723#1565913038,0,0,0.49297740645161964
4040761448#4448697469,0,0,0.49722230825535235
3052169593#4584646241,0,0,0.48626651231671664
4623199084#1816430022,0,0,0.48626651231671664
2159739159#4828654874,0,0,0.4830646333323637
4646026536#5025914357,0,0,0.48626651231671664
4157438427#3052169593,0,0,0.4878502068295751
3200262090#70372592196,0,0,0.4910581722869933
1711931843#1914403252,0,1,0.5018210536895656
1806319303#156274791893,0,0,0.48626651231671664
3043166693#4205438611,0,0,0.48626651231671664
5084206172#309312102749,0,0,0.49181498475463814
4205653425#3402798577,0,0,0.48743335904011653
1429813467#2296574953,0,0,0.48626651231671664
14613464473#3020557801,0,0,0.4876922476734758
5210256944#5210260401,0,0,0.48626651231671664
37959222365#18466117378,0,0,0.48626651231671664
121528725386#3867456846,0,0,0.4871228930556275
23593454505#173652977366,0,0,0.4900469863286736
4636382579#2027457633,1,1,0.5098134783894741
4792436579#14613588147,0,0,0.4816493094442768
152713369272#2455894769,1,0,0.48626651231671664
4055266231#4451124306,0,1,0.5052799235173603
1560130077#4460827792,0,0,0.4976751901532133
1592595202#3052770867,0,0,0.48626651231671664
4451289887#3644272514,1,1,0.5136402840850852
2218941944#2055316377,0,0,0.48626651231671664
5185529458#14613476507,0,1,0.5047911583940482
2113505781#2113657433,0,1,0.5206313104408078
109765155485#190161454564,0,0,0.48788801493903905
1929000382#1709836734,0,0,0.48626651231671664
4455655369#4129059855,0,1,0.5005823402563191
4590470198#2113657433,1,1,0.5209516451321854
4242849949#5003601219,0,0,0.48626651231671664
5185595733#2796703699,0,1,0.5019586460625909
4215058789#3914910336,0,0,0.48902381762451064
1965402836#3507050766,0,0,0.48626651231671664
2063057962#2078835030,0,0,0.48626651231671664
164062816178#4657354294,0,0,0.48626651231671664
303434608762#244261041436,1,1,0.5001347806577566
4274088675#4111311078,0,0,0.49740941790714344
174007019522#2019713645,0,0,0.4868272956878691
2118416856#1639169322,0,0,0.4982727512939284
1423069315#1741705970,0,0,0.48656210968447505
102179535594#114693583065,1,0,0.4946175159021522
1667032705#237523614768,0,0,0.4892415765480612
1906908670#2073668282,0,1,0.5029198291878977
3020259850#179819475882,0,0,0.48626651231671664
3729925561#5060735897,0,1,0.5049648230609545
3946838650#3043166693,0,0,0.48626651231671664
4226659635#69607725939,0,0,0.48626651231671664
5095491561#2011714457,0,0,0.48960724564961156
4455655369#3999176481,0,1,0.5080996407370235
4129059855#4272822938,0,0,0.48626651231671664
1579044786#4037407479,0,1,0.505515082930883
4195960848#1463883823,0,0,0.4879649442311805
4159034451#2656914275,0,0,0.49292415711457865
1667032703#1667032705,0,1,0.511520571057485
1592595202#190330815066,0,0,0.4910581722869933
14613476507#3876586389,0,0,0.48656210968447505
4285617569#1806458596,0,0,0.48626651231671664
4274088677#2118967459,0,0,0.49740941790714344
1479236023#1479236024,0,0,0.49785489907139996
4256622048#3574511395,0,0,0.48626651231671664
3927040910#4643809596,0,0,0.48739451493851393
5084206172#3046447657,0,0,0.49439861028421567
3578109145#3551393130,1,1,0.5042220978620273
4876893576#4126326524,0,0,0.49181498475463814
1656969942#3061887519,0,0,0.4946114749231046
4242849949#2054734592,0,0,0.48626651231671664
1751247315#2056513753,0,0,0.490813557296046
3715240690#25244788647,0,0,0.4884434933418854
2118967459#4254790910,0,0,0.49740941790714344
3867456846#4215038721,0,0,0.49876825320099044
2135054445#109165560395,0,0,0.49142181715078
4057297840#172020433612,0,0,0.48626651231671664
120204740541#3555205657,0,0,0.48867119600510167
4495044650#190330815066,0,0,0.4976805217631246
2111351705#2165015466,0,0,0.49780352403038647
3551952832#1429813467,0,0,0.48626651231671664
4623934568#1579044786,0,0,0.48626651231671664
3628839717#3474685537,1,0,0.49237543177770327
4259293142#3052180518,0,0,0.48626651231671664
1307874587#2057120532,0,0,0.48626651231671664
4415227218#3718610303,0,0,0.4881665373701731
4451342522#107725292534,1,0,0.4959366005241486
4624517252#2296451977,0,0,0.48626651231671664
1639233949#2112250533,0,0,0.4959072973724299
407966480507#4876893576,0,0,0.48656210968447505
4451342522#107725290582,0,0,0.4959366005241486
176830210970#156117444392,1,1,0.5143504678188305
1549897545#3259633459,0,0,0.4936260808557419
2058829770#4081237414,0,0,0.48786139035133713
4893054709#4316998845,0,0,0.48902381762451064
2076366005#2057186102,0,0,0.48626651231671664
3046735667#2112891471,0,0,0.4985627366073585
4129173722#3764759336,0,0,0.4875546094618167
4206274527#2050429375,0,0,0.4934062054328836
4077473357#4435837459,0,0,0.49754433165839246
3999176481#2064590829,0,0,0.48656210968447505
14613588147#2076366005,0,0,0.487987314505928
4448830722#4479643887,0,0,0.48626651231671664
1806319303#2118416856,0,0,0.48656210968447505
406088738482#3554626889,0,0,0.48626651231671664
4944507977#2005664884,0,0,0.487987314505928
2796703699#4271919356,0,0,0.48656210968447505
156276503010#4720990747,0,1,0.5053515254996183
4567571289#207035576772,0,0,0.48907200114940175
1770010645#178258449477,0,0,0.48923510192934555
2088439298#1634250118,0,0,0.49141239026387445
4219594127#201204584648,0,0,0.48626651231671664
3441097472#1885490974,0,0,0.48626651231671664
1639325148#156274791893,0,0,0.4901777631158555
2056513884#1592253980,1,1,0.5084155669158382
5209201860#1386596352,0,0,0.4915193873868797
1877399023#5022594784,1,0,0.49972564584824297
4901739840#3523677670,0,0,0.48821901063875833
1848160016#3913486789,0,0,0.49042255109395066
4081080713#4372714526,0,0,0.49146519331274696
2039273909#2055548123,0,0,0.4933632319252779
3474685537#3474685542,0,1,0.5091417304169567
4893054709#4683019723,0,0,0.4909324698487269
3041186060#3991704859,0,0,0.4931142654215002
2055626034#2057703907,0,1,0.5016275874536675
2113712804#4439680695,0,0,0.4946487499812315
1453527936#5034242501,0,0,0.49567987118611867
3644272514#3742463975,0,1,0.5035838316844886
3751925404#82852791222,0,0,0.4954368699623884
4451089335#4750249486,0,1,0.5100338697092126
2067534525#4226659634,0,0,0.48626651231671664
208339001895#2054788692,0,0,0.48626651231671664
1818739935#4205424867,0,0,0.490243604813815
4451288784#2064988617,0,0,0.48626651231671664
3020557801#3779069464,0,0,0.4911823793004138
4301029959#2118967789,1,0,0.4936250654182783
109165560395#1885490974,0,0,0.48626651231671664
4808238795#51020726773,0,0,0.4910794881794529
51020726773#3946584694,0,0,0.49433060423020736
6015536211#2296451977,0,1,0.5086155212800583
1906908670#1751247315,0,0,0.48626651231671664
9062983415#4126326524,0,1,0.5118389947916543
3878447634#3951061982,0,0,0.48923474712652715
472767444366#4316999113,0,0,0.48656210968447505
18467882961#4623934568,0,0,0.48626651231671664
2127640300#4683019723,0,0,0.4870564732529393
4495500756#2121050325,0,0,0.48626651231671664
2060192584#3458092809,0,0,0.48826054159893884
2119476678#2180579787,0,0,0.48626651231671664
6015919609#1688850614,0,0,0.48626651231671664
3689802081#2048870562,0,0,0.48626651231671664
4111311078#1914403252,0,0,0.4892917130536837
4436356008#4851873209,0,0,0.48626651231671664
18467620471#1688850614,0,0,0.48626651231671664
4271995519#5062861485,0,0,0.48626651231671664
4405823723#4480479751,0,0,0.48626651231671664
3446029041#190330815066,0,0,0.48626651231671664
4572662983#4196030610,0,0,0.4910187052058285
1971464426#3052169593,0,0,0.488087941852825
2640338192#3400225309,0,0,0.4966845499020821
4768693982#1307874587,0,0,0.4900469863286736
4435792377#2744122330,0,0,0.49738782608517773
3108657350#2111818909,0,0,0.48626651231671664
1654102057#4687016047,0,0,0.48656210968447505
4272843119#2064727284,0,1,0.5015971908530278
2072319821#4185479835,0,0,0.49061869565913113
82852791222#2072319821,0,0,0.49140043543971323
2179140827#2016866285,0,0,0.4898506477559079
1579044786#2088439298,0,0,0.49141239026387445
2183968048#2183428945,0,0,0.49280050921248275
487126887411#1955282013,0,0,0.48983757871223227
237523614768#18468082722,0,1,0.5032375187377697
4404827138#4900124238,0,0,0.48626651231671664
2027457633#2119493181,0,0,0.48626651231671664
4024663252#2123106282,0,0,0.48626651231671664
146011948003#1671508853,0,0,0.48626651231671664
87820905399#4442444769,1,0,0.49650705521113414
4584646241#1639183384,0,0,0.48626651231671664
1667001955#1955036787,0,0,0.48626651231671664
4897048724#4285617569,0,0,0.48921720053209933
3045782033#2115699256,0,0,0.49134812234414155
3046447657#4219594137,0,1,0.5120963802082416
4057297840#3931049291,0,0,0.4978431720939111
4232471781#3871526816,0,0,0.48626651231671664
3400225309#3488840316,0,0,0.48656210968447505
4457149562#179819475882,0,0,0.48626651231671664
2073668282#5066872862,0,0,0.49029438878254716
5022076775#4750249486,0,0,0.4901138498479618
4451131613#4442900590,0,1,0.5080129324717668
4451089335#4717095137,0,0,0.4948739780482538
4272885125#3729925561,0,1,0.5027444486335358
1374701015#2060575761,0,0,0.488132497144302
3628839716#3436663620,0,0,0.4935488639738417
4205653425#2066222464,0,0,0.48626651231671664
245814065042#4451288784,0,0,0.48656210968447505
1902954948#4506637171,0,0,0.48656210968447505
152713373107#3111759030,0,0,0.48626651231671664
3644272514#4763974603,0,0,0.489666323256367
3056884476#3052770867,0,0,0.48626651231671664
1565925308#1394397775,0,1,0.5062969798391059
18466913739#4790633062,0,1,0.5219489862296399
62533690929#2062233925,0,0,0.48626651231671664
3043166693#1660565927,0,0,0.48932976037688597
2947790103#4435792377,0,0,0.4915193873868797
4254790910#3693891469,0,0,0.48626651231671664
18465766142#3603201749,0,0,0.48626651231671664
3878854642#2016866285,0,0,0.48626651231671664
4345845643#4901739840,0,0,0.48656210968447505
2265862937#2119493181,0,0,0.48942412961686776
130736997137#3578109145,0,0,0.4957145661290495
81553649652#2061673563,0,0,0.48746066348133615
1726551362#1920503864,0,0,0.4900469863286736
2656914275#3369949045,0,0,0.488132497144302
1387931444#1421431863,0,0,0.4922159749153074
4126326524#4185479835,0,0,0.49061869565913113
2058663075#2060290671,0,0,0.4946204235447567
4231111906#4256981120,1,0,0.48626651231671664
4683019723#2113758643,0,0,0.48656210968447505
1479236027#4272843119,0,0,0.49366124960217533
2075628492#3551952826,0,0,0.48626651231671664
3603201749#4479643887,0,0,0.49138989154027535
3761484275#4065797638,0,0,0.4914439956755165
146011937628#2551494872,0,0,0.48626651231671664
4159029866#4589820532,0,0,0.4865285624503706
4623199084#2057120547,0,0,0.48626651231671664
3441097472#3887317351,0,0,0.48656210968447505
3042374746#2058829770,0,0,0.48626651231671664
1463883823#4672345130,0,0,0.48626651231671664
3903241588#3949154929,0,0,0.49785462848623624
3946838650#451225137341,0,0,0.48626651231671664
1667032703#2057703907,0,1,0.509623266233572
1784914445#1878732185,0,0,0.4867608758851809
146011937628#60805077950,0,0,0.48626651231671664
1627144913#3041186060,0,1,0.5022308037640338
2067534525#3400225309,0,1,0.5003794214799777
469729776160#451225137341,1,0,0.49145904394942536
1987142430#4807598946,0,0,0.486370897625557
3689802081#1521423297,0,0,0.4930749961325644
4623199084#1639324466,1,0,0.48852751966180624
3287633018#1485301223,0,0,0.48857463851865085
4492819954#2180579787,0,0,0.48626651231671664
1514159826#1387931444,0,0,0.49272840733656553
4465664542#1479236024,0,0,0.48626651231671664
203654552716#4451124306,0,0,0.48656210968447505
5186293263#5185595733,1,1,0.5039423411959716
4261185678#2123106282,0,0,0.48626651231671664
4900124238#4606793746,0,0,0.48923510192934555
5095491561#1741705970,0,0,0.48815698771909555
1614597826#121528725386,0,0,0.48656210968447505
1386596352#1634250118,0,0,0.4915193873868797
4900124238#3108657350,0,0,0.48626651231671664
4215058789#4215038721,0,0,0.48626651231671664
1592595202#2049629924,0,0,0.48626651231671664
4804118400#4168332323,0,0,0.4981641564470623
4572662983#4529171947,0,0,0.48656210968447505
4808983543#4808240616,0,1,0.5105481513954585
3708028912#2132795383,0,0,0.48626651231671664
4716857454#4212827921,0,0,0.48656210968447505
2057146445#1431887069,0,1,0.5103027255819791
3052770867#1746603523,0,0,0.48626651231671664
1776613381#2947790103,0,0,0.4915193873868797
1681839567#1878732185,0,0,0.48626651231671664
4590470198#2113505781,0,1,0.5147071135197393
4206274527#2218941944,0,0,0.4934062054328836
1838279448#3715877024,0,0,0.48626651231671664
3949154897#3949154929,0,1,0.5001256322095804
4553975833#4479644011,0,0,0.48626651231671664
156276503010#4572662983,0,0,0.489998171042085
1777473801#2064727284,0,0,0.4905245409773012
3903296434#2114716134,1,1,0.5053279422951777
4455655369#3612961288,0,1,0.5134784335669553
1875282048#4391919171,0,1,0.5036170532784116
4256926363#4231111906,0,0,0.48626651231671664
3289002540#1307874587,0,0,0.48626651231671664
18468082722#4623199084,0,0,0.48852751966180624
3997209484#1868814296,0,0,0.48626651231671664
3887317346#4247327585,0,0,0.48656210968447505
4944507977#3578109145,0,0,0.4924511714575733
1552178606#1812202957,0,0,0.48855913099996995
1671508853#1637980981,0,0,0.48626651231671664
3689802081#4584646241,0,0,0.48626651231671664
2039273909#3945370752,0,0,0.48853665862414514
81732347381#3714314534,0,0,0.48626651231671664
4623199084#4755216808,0,0,0.48626651231671664
1694365644#3072564418,0,0,0.48626651231671664
2050429375#4165283827,1,0,0.49598338487662547
1759198091#4564517044,0,0,0.48626651231671664
2114390938#4687016047,0,0,0.4982755978199204
2165015487#4080777239,0,1,0.5064606506839275
44498925795#130736997137,0,0,0.4915213513392164
4274088677#4111311078,0,0,0.49740941790714344
197910587768#4768693982,0,0,0.4910581722869933
3077766580#1806319303,0,0,0.4916551579870355
4705563490#3578109145,0,0,0.48626651231671664
4765643443#82852791222,0,0,0.4906419064642133
2061309144#1778986389,1,1,0.5075944106613902
3575171441#3043166693,0,0,0.4875546094618167
2113093450#1833924490,0,0,0.49369909594582945
1778986389#2058494409,0,0,0.4875546094618167
4391918874#4391919171,0,0,0.49057489670949933
586488148831#4683019723,0,0,0.48626651231671664
3798429541#24480297189,0,1,0.5038201683414131
2112891471#2037536844,1,1,0.5265622628443907
2113093450#4327730515,0,0,0.4915193873868797
88520940864#87008148161,0,1,0.5022544144446026
1634250118#1644753296,0,0,0.4983857638036751
1929467433#2181531828,0,0,0.48626651231671664
1847716478#4857133554,0,0,0.4965034559575773
4657354294#4256622048,0,0,0.48626651231671664
1479238950#2057186115,0,0,0.4875546094618167
60805077950#4897048724,0,0,0.48921720053209933
4851873209#3344615527,0,0,0.48626651231671664
1326198015#1326198016,0,1,0.522748070765729
1592253963#2057146445,1,1,0.5175593659664885
2061674343#4897048724,0,0,0.4897692456226722
2064988617#4408496432,0,1,0.5044823570816722
2054734592#18468847224,0,0,0.48626651231671664
4181867888#2056297322,0,0,0.49138989154027535
14613476507#2057082510,0,0,0.4992254007198358
5199216300#5210259474,0,0,0.48626651231671664
3806805057#586488148831,0,0,0.48626651231671664
3540890830#1806319303,0,0,0.4882150789774235
4191026566#3872693399,0,1,0.5061696242208193
4804118400#3766348815,0,0,0.48626651231671664
4625984633#4623934568,0,0,0.48626651231671664
3644272514#29299331674,0,0,0.4978647468495059
1347237190#237523614768,0,0,0.48970257367432657
156274791893#156274815378,0,1,0.507424574431781
4632469809#3887317437,0,0,0.4890214335355194
1320992608#1320992611,0,1,0.5085992844261874
2024358272#4435564795,0,0,0.4870989175707555
2011714457#3551952826,0,0,0.48626651231671664
4385184737#2070686849,0,0,0.48656210968447505
3052165975#2600554617,0,0,0.48626651231671664
2656914275#4218528758,0,0,0.4901274937299885
4808983543#18466913739,0,1,0.5053468418249303
5112612148#138960910846,0,0,0.49744681635264243
3872693399#1914706723,0,0,0.4868272956878691
4206181444#448453516754,0,0,0.49136040117233404
5199216296#2065701964,0,0,0.48626651231671664
4658956014#3949154929,0,0,0.49601980980964333
1374701015#5124803369,1,0,0.4904269961159556
3451234547#3706699419,0,0,0.4898474478878807
4659085543#4232666143,0,0,0.48626651231671664
4404827138#5022076775,1,0,0.4901138498479618
2058829770#1614597826,0,0,0.48626651231671664
2075899540#2127640300,0,0,0.4878502068295751
3451234547#3628839717,0,0,0.49715858964593385
1992903853#2058663034,0,0,0.4886670033412816
1634250118#2159160651,0,0,0.49267231832390046
4126326524#2123106282,0,0,0.48626651231671664
3091482697#4242516938,0,0,0.48626651231671664
5062861485#3997209484,0,0,0.48626651231671664
3718610303#203654552716,0,0,0.49139371193876125
1639169322#2068436073,0,0,0.4901772573776664
4683019723#4520831992,0,0,0.48626651231671664
373850283306#5012670911,0,0,0.48626651231671664
5210259474#109165560395,0,0,0.48626651231671664
110232280082#342898906861,0,0,0.48626651231671664
4385184631#2060575761,0,0,0.48626651231671664
4636382579#1759198091,0,0,0.48626651231671664
4231111906#4232666143,0,0,0.48626651231671664
2066880892#2026258524,0,0,0.48626651231671664
2057342439#3949154897,0,0,0.48626651231671664
1774582761#5060996735,0,0,0.4885119886873467
2358058218#3606108939,1,0,0.4905339564288392
5084206172#4592596123,0,0,0.48626651231671664
14613476507#4226781300,0,0,0.4928593864677411
1806319303#54158093151,0,0,0.48656210968447505
106190147770#106190147487,0,0,0.48656210968447505
4391918874#4509158303,0,0,0.48626651231671664
406088738482#4636354282,0,0,0.48626651231671664
3052169971#3487828521,0,0,0.48626651231671664
18465766142#4952427189,0,0,0.48626651231671664
1565913038#4509158303,0,0,0.48626651231671664
76215101805#3946584694,0,0,0.4915193873868797
117873856741#130736997137,0,1,0.5191755676858932
3091482697#2075628492,0,1,0.5029198291878977
2165015487#2026258516,0,0,0.48829585024480177
2011714457#70372592196,0,0,0.488132497144302
2111818909#3761484275,0,0,0.48626651231671664
87008148161#90189177809,0,0,0.4913571028423494
3578109145#4196030610,0,0,0.48656210968447505
3876750735#2123106282,0,0,0.48626651231671664
3555205657#4188977524,0,1,0.5300002618227684
4436356008#3032272331,0,1,0.5115104056167411
113940354842#4081080713,0,0,0.49294799775982795
87820905399#586488148831,0,0,0.48626651231671664
3052180518#156276919685,0,0,0.48626651231671664
54158093151#14613588147,0,1,0.5188745513464312
1565925308#1778986389,0,1,0.5203762746998781
5066872862#18466913739,0,0,0.48667095285637374
2076366005#2057120532,1,0,0.48626651231671664
5195792969#5112612148,0,0,0.4889962223946685
3764759336#2123106282,0,0,0.48626651231671664
2059109005#3999176481,0,0,0.49077305383177605
4645346456#49857216438,0,0,0.48626651231671664
190330815066#3751925404,0,0,0.4903029468393918
3474685537#3628839716,0,0,0.49237543177770327
4659085543#4658572195,1,0,0.49472788932526873
4286394339#1816430010,0,0,0.4910531555525957
1479238953#1320992611,1,0,0.4931886029131984
3741385724#4792436579,0,0,0.48626651231671664
4529900425#4716857454,0,0,0.48656210968447505
1307874587#1818739935,1,0,0.4976445672211352
4145044745#4717095137,0,0,0.48763986909190665
3041186060#1715823964,0,0,0.4931142654215002
2005664884#1560130077,1,1,0.5023455483593107
2098280462#2050581826,0,0,0.48626651231671664
3487828521#4188977524,0,0,0.49119856558568714
342898906861#1846435855,0,0,0.4960974941178168
4291724455#4274088675,0,0,0.49740941790714344
1918821009#4448697469,0,0,0.48626651231671664
18467626165#5199216296,1,1,0.5180428159995718
2063839578#3846598639,0,0,0.4891688380101818
2063057962#4038971285,0,0,0.48932976037688597
4804118400#3706699419,0,0,0.4981641564470623
4495500756#2118967789,0,0,0.48656210968447505
3715877024#4161509156,0,0,0.48626651231671664
1702937295#3865012146,0,0,0.4883820887538732
3914910336#3486188370,0,0,0.4942766926946737
4703712538#1830661655,0,0,0.4870989175707555
5084206172#5199216295,0,0,0.49181498475463814
4296050182#5186580338,0,0,0.49617601120373966
4057426755#4159029866,0,0,0.4836034232289402
4256484724#309319424084,0,0,0.48982585593187555
4450968363#4529171947,0,0,0.48626651231671664
2039273909#2019713645,0,0,0.48961441803157674
81553649652#4705563490,0,0,0.48626651231671664
2072319821#2113712804,0,0,0.48934308159922074
2016866279#2016866285,0,0,0.48955505038814956
4186052449#4159029866,0,0,0.486370897625557
1308273301#3020557801,1,0,0.49409487981909556
3467577097#1872011272,0,0,0.49558730663794237
2066482479#1374701015,0,0,0.4904269961159556
2077202780#2039273909,0,1,0.5016121325752123
3108657350#5174606958,0,0,0.48626651231671664
4808983543#4683019723,0,0,0.4871228930556275
1718702641#1431887069,0,0,0.4965536267014212
107257732918#197910587768,0,0,0.4910581722869933
2163049577#106190147770,0,0,0.48626651231671664
3032272329#4436356008,0,1,0.5115104056167411
4636041770#2075393157,0,0,0.49366124960217533
2182928642#3041186060,0,0,0.48626651231671664
3287136295#3903417192,0,0,0.48732191490724297
4857133554#5003706585,1,1,0.5147492316200308
4715649755#4807598946,0,1,0.5007122245976389
1813327174#1374701015,0,0,0.49225051503657574
2296574953#152713373107,0,0,0.48626651231671664
138962707346#4492819954,0,0,0.4910581722869933
4065797638#1429813467,0,0,0.48626651231671664
107725290582#4755216808,0,0,0.49212774368990664
41881389364#54158062043,0,1,0.5053451128075447
1533725661#1549897545,0,0,0.4962215217073708
156117444392#2009723716,0,1,0.5096149411820329
1770010645#3045486706,0,0,0.49259257522920025
2113909215#4165283827,0,0,0.49140986049117413
3042374746#1394397775,0,0,0.489901407341154
3575171441#1465579387,0,0,0.4817054578589325
4254790910#2613309225,0,0,0.48626651231671664
1639233949#3447176726,0,0,0.48626651231671664
2057186115#1374701015,0,0,0.48626651231671664
1639170956#156276919685,0,0,0.4870989175707555
2074773060#3951061982,0,0,0.48626651231671664
2067534525#3709709254,0,0,0.49312109484303435
3673320803#4584646241,0,0,0.48626651231671664
4683019723#3578109145,0,0,0.4870564732529393
2119388082#4197138413,0,0,0.49292415711457865
2061309144#5003706585,0,0,0.48626651231671664
5174606958#2058829770,0,0,0.48786139035133713
4272885125#4219594137,0,0,0.48626651231671664
2123106282#3913486789,0,0,0.48626651231671664
4206304466#1457252565,0,0,0.48997110202877153
1319944364#4081080713,0,0,0.48786139035133713
2116342008#1430988070,1,1,0.5121837724148048
4205438611#4525746327,0,0,0.48626651231671664
4763974603#3278113988,0,0,0.4897273751789225
1456843034#3077905761,0,0,0.48626651231671664
3878854642#174007019522,0,0,0.48626651231671664
1423069315#3612961288,0,0,0.4927898995367975
3693891469#4464608641,0,0,0.48921720053209933
4126326524#1504573505,0,0,0.4991751929780987
4157779501#2113758643,0,0,0.4881638171406296
2551494872#1846435855,0,0,0.48626651231671664
3045486706#3056885390,0,0,0.48626651231671664
1671508853#4851873209,0,0,0.48626651231671664
4518635926#4081080713,0,0,0.4931170172371877
4808465998#4301029959,0,0,0.48853117656266076
6633440508#156276601478,0,0,0.4846143014769205
5195792969#4715649755,0,0,0.49327137750583366
4405823723#1456843034,0,0,0.48626651231671664
4944512773#4674140626,0,0,0.48951300356381494
3913486789#3693891469,0,0,0.48626651231671664
4632469809#1639233949,0,0,0.4878502068295751
3285703159#3077905761,0,0,0.48743335904011653
3052770867#4272822938,0,0,0.4885119886873467
4168332323#203654552716,0,0,0.48626651231671664
4197138413#114401992972,0,0,0.4873898698016204
4205653425#1457252565,0,0,0.48626651231671664
2947790103#3020557801,0,0,0.49088678193265545
3344615527#3446029041,0,0,0.48447781607198537
2057342439#203654552716,0,0,0.48656210968447505
4683019723#4205424867,0,0,0.48656210968447505
3945370752#4033211157,0,0,0.49178390556425144
3715877024#2182928642,0,0,0.48626651231671664
3578109145#3551393318,0,0,0.4992900445930568
2057186115#4206133788,0,0,0.48789074652950815
2338916683#2339749085,0,1,0.5323692930462238
4952427189#24087589564,0,0,0.48626651231671664
120204740541#4774996826,0,1,0.5067815289116777
5084206172#2048870562,0,0,0.4915193873868797
3400225309#1806631591,0,0,0.48844622087566636
1642717858#2075628492,1,0,0.49773371156231155
323098110922#1504573505,0,0,0.4915193873868797
81553649652#4726073967,1,0,0.49068032711366555
2066977172#59051797265,0,0,0.48626651231671664
41881389364#69607734288,0,0,0.48626651231671664
1492507866#3310391587,0,0,0.48786139035133713
4080777239#4464914770,0,1,0.5069763182383528
4442900590#1374749246,0,0,0.48626651231671664
3551952826#1635546537,1,1,0.5101262500788198
3708061579#2183968048,0,0,0.48626651231671664
190799447397#10553947604,0,0,0.48626651231671664
1711846546#1805614122,0,0,0.4930692912181578
18468082722#18467620471,0,1,0.5051635670866913
2026258519#3287136295,0,0,0.4906304404953587
315728832242#106190147487,1,0,0.48626651231671664
3867456846#3494236195,0,0,0.48626651231671664
3867456846#3718610303,1,0,0.48626651231671664
2057155052#4024663252,0,0,0.48626651231671664
6015919609#14613451042,0,0,0.48938585509455135
1711846546#4529900425,0,0,0.48626651231671664
3690831675#5186580338,0,0,0.48626651231671664
2055316377#5205831892,0,0,0.494551475590662
4081101808#2057146445,0,0,0.4890350664962711
4584646241#4511530729,0,0,0.48626651231671664
5210259474#2338916683,0,0,0.48626651231671664
4157438427#2111351705,0,0,0.48626651231671664
3551393130#3551393318,0,1,0.5095494618341868
2027457633#4590470198,0,1,0.5146433792056198
3638725857#1818739935,0,0,0.48626651231671664
4018768324#1515844843,0,0,0.48626651231671664
4452283739#138960910846,0,0,0.4879167557707659
3072564418#1549897545,0,1,0.5021223305380734
2060192584#1560130077,0,0,0.48902381762451064
102179535594#4665681736,0,0,0.48626651231671664
4272887201#4272885125,0,0,0.4954898729239022
1485301223#2111346464,0,0,0.488132497144302
2009723716#4261128452,0,1,0.5037277540487957
4592596123#4591638149,1,0,0.4919300036093134
117277915830#1671508853,0,0,0.48626651231671664
4081101808#2061674343,0,0,0.48626651231671664
3052770867#2005664884,0,0,0.487987314505928
18468082722#156274791893,0,1,0.5090748178858303
2078835030#5186580338,0,0,0.49767390046834087
3887317437#4808465998,0,0,0.48656210968447505
2218941944#4435666805,0,1,0.5092837052777187
1776613381#138960910846,0,0,0.48626651231671664
4590154078#190330815066,0,0,0.48626651231671664
2026258524#4126326524,0,0,0.4967333792687224
5199216296#2057186102,0,0,0.4886323688692483
342898906861#2088439298,0,0,0.48626651231671664
2058129925#1614597826,0,0,0.48626651231671664
69054982841#68727484174,0,1,0.5007222871980774
3436663620#3477269987,0,0,0.49078055374308277
6015919609#2056478070,1,1,0.505368406702455
3871526816#2061673563,0,0,0.49102000709649507
4792436579#3988152389,0,0,0.48656210968447505
2725581419#2076366005,0,0,0.48626651231671664
1573188123#2121050325,0,0,0.48626651231671664
150594495671#114693583065,0,0,0.48923510192934555
4256484724#4205424867,0,0,0.48626651231671664
2058258958#2117931367,0,1,0.503430277283362
1806631591#1423069315,1,0,0.49871228927179123
2113909215#4206244931,0,0,0.4934062054328836
1688850614#4435393512,0,0,0.48626651231671664
4450968363#4452424559,0,0,0.48626651231671664
4037407479#1806631591,0,0,0.48844622087566636
3402798577#4272885125,0,1,0.5006759905494883
5101581034#3638725857,0,0,0.48626651231671664
164062816178#4439680695,0,0,0.4910581722869933
4683019723#2057703907,0,0,0.48626651231671664
2051966916#4226659635,0,0,0.48626651231671664
474022190894#4506637171,0,0,0.4949802502490856
81553005637#4480479751,0,0,0.48626651231671664
2183963548#2181531828,0,1,0.5053456406772934
3081746888#81553005637,0,0,0.49068032711366555
4291077418#3287805133,0,0,0.49251145963118453
1929000382#4589820532,0,0,0.4882150789774235
4205438611#2078213282,0,0,0.48626651231671664
4077473357#4003389165,0,0,0.489666323256367
3949154897#3032272329,0,0,0.49031191476961067
2088439298#2066465509,0,0,0.48626651231671664
4840518949#4636041774,0,0,0.49223077356519573
392281366488#77864569477,0,0,0.48626651231671664
5034242501#4450968363,0,0,0.4933299062319265
3554626889#4683019723,0,0,0.48626651231671664
6013639039#2114390938,0,0,0.4891688380101818
5153549890#3715240690,0,0,0.4884434933418854
2613309225#4256484724,0,0,0.48626651231671664
2060434131#3077905761,0,0,0.4882502074500974
4790633062#2051966916,0,0,0.48626651231671664
2057342439#3551393318,0,0,0.48656210968447505
2026258524#2180579787,1,0,0.4899686174098733
4623199084#2026258519,0,0,0.48626651231671664
4495044650#4080777239,0,0,0.48902381762451064
2297005450#5185245258,0,1,0.5093119508665107
3999176481#3988152389,1,0,0.4949098297735081
2061673563#4452283739,0,0,0.48775626084909457
2796703699#3081986781,0,1,0.508687810282343
1519768568#1533725661,1,1,0.502887294256336
156276601478#4272822938,0,0,0.48626651231671664
4448697469#1438255025,0,1,0.515365160681034
3295629869#4703712538,0,0,0.48656210968447505
4897048724#3942084480,0,0,0.49380663845570744
1660411271#2016866285,0,0,0.48955505038814956
4439680695#4391919171,0,0,0.48626651231671664
1394397775#1637980981,0,0,0.48626651231671664
3887317437#4261128452,0,0,0.4992861293880959
2050429375#1374749246,0,0,0.48626651231671664
4316999084#3949154897,0,0,0.48902381762451064
4256981120#4256725997,0,0,0.4879672598906677
4511530729#5182386323,0,0,0.4867608758851809
25405387739#4716857454,0,0,0.48626651231671664
2600554617#2059124992,0,0,0.48626651231671664
4636382579#1929467433,0,0,0.48626651231671664
3706699419#4450968363,0,0,0.49352318602586787
1635546537#2111351705,0,0,0.48626651231671664
1319956302#1801542793,1,0,0.48904272012214783
2056110125#2119493181,0,0,0.4989542806989602
3551952826#4448697469,0,0,0.48626651231671664
1801542793#4231111906,0,0,0.48626651231671664
2118416856#1667032703,0,0,0.4878502068295751
2055771737#2056297322,0,0,0.48626651231671664
4427009841#4750249486,0,1,0.5093207475550748
3344615527#4071233134,0,0,0.4959973901954299
4636354282#4256725997,0,0,0.48626651231671664
3041186060#4256725997,0,0,0.48626651231671664
2054734592#4540676462,0,0,0.48626651231671664
3287136295#2119388082,0,0,0.48957503790483237
4435393512#114693583065,0,0,0.48626651231671664
474022190894#4206274527,0,0,0.48626651231671664
4442444769#3689802081,0,0,0.48626651231671664
5172721151#4242516938,0,1,0.5084342694223586
1971464426#3949154897,0,0,0.4879649442311805
3708028912#3786142129,1,0,0.48529364265722563
3903417192#1833924490,0,0,0.4944407748049914
2016866279#54158062043,0,0,0.48626651231671664
4538335537#1456843034,0,0,0.48626651231671664
2055548123#1541915947,0,0,0.49042955010624334
90189178714#90189177809,0,0,0.4959306272278007
197910587768#2066363395,0,0,0.48626651231671664
59051797265#451225137341,0,0,0.48626651231671664
6013639039#2296574953,0,1,0.5289388652429374
114693583065#121528725386,0,0,0.48997110202877153
3344615527#4451131613,1,0,0.49799110995055007
54158062043#2113657433,0,0,0.49431790836352185
87008148161#1665894324,0,0,0.4950477365522714
4457149562#2074716061,0,0,0.48626651231671664
4037407479#1634250118,0,0,0.4985557407364164
1955282013#1479236023,0,0,0.48626651231671664
2098280462#1888052790,0,1,0.5037661543727592
3045566056#3072564418,0,1,0.5033512170263349
223520731598#203654552716,1,1,0.5291563933887132
2062332927#3091482697,0,1,0.5029198291878977
5003601219#2551494872,0,0,0.4951218433039796
29299331674#38406123057,0,1,0.5119847664487928
2048870562#4296050182,0,0,0.4915193873868797
3467577097#1885490974,0,0,0.48626651231671664
5112612148#4451089335,0,0,0.48626651231671664
4219594127#4206244931,1,1,0.5058704972419367
4254790910#2671772709,0,0,0.49740941790714344
1389154734#81553649652,0,0,0.48626651231671664
2061309144#109165560395,0,0,0.48626651231671664
2064590829#314601953357,0,0,0.4891688380101818
1307874587#4495500756,0,0,0.48656210968447505
1711846546#3369949045,0,0,0.48653958988591894
25405387739#4952427189,0,0,0.48626651231671664
90189177932#4256484724,0,0,0.48626651231671664
1784914445#1965402836,0,0,0.48626651231671664
4721167510#3072564418,0,0,0.48626651231671664
1627677359#1372557160,0,0,0.48656210968447505
2066465509#1812202957,0,0,0.48626651231671664
120204740541#4774992939,1,1,0.5160229922946101
68727490330#90189177809,0,0,0.4913571028423494
1639219119#6015536211,0,0,0.4915193873868797
4632469809#3441097472,0,0,0.48656210968447505
4296050182#4161509156,1,1,0.503261044065514
1816430010#3507050766,0,0,0.48626651231671664
77864569477#4147318683,0,0,0.48626651231671664
4642512906#4643938191,0,0,0.49291808170669527
59051797265#342898906861,0,0,0.48656210968447505
3042374746#3400225309,0,0,0.48739451493851393
2058494409#3259633459,0,0,0.49172545910485255
3991704859#1816430010,0,0,0.49277391364328726
2112891471#2057202369,0,1,0.5059439925049696
2113093450#1639219119,1,0,0.4974934076813141
4808983543#4080777239,0,0,0.48626651231671664
185272730170#4185479835,0,0,0.49183708685635685
2057186115#4808240616,0,0,0.4875546094618167
1485301223#1391856996,0,0,0.496972097036101
1308273301#2029674976,0,0,0.48656210968447505
1955036787#59051797265,0,0,0.48626651231671664
4256926363#4256725997,0,0,0.4879672598906677
3232083339#4055266231,0,0,0.48626651231671664
4405823723#4206157164,0,0,0.48626651231671664
4632469809#3887317346,0,0,0.4928019075474764
1671508853#2061645325,1,0,0.4965565603337929
3872693399#3045782033,0,0,0.49119856558568714
1702937295#4720990752,0,0,0.48656210968447505
176830210970#5210260401,0,0,0.48626651231671664
4062453297#4451089335,0,0,0.48626651231671664
4256926363#4256622048,0,0,0.49145262994230277
2121050325#303434608762,0,0,0.48743335904011653
5033763061#5031422175,1,0,0.4991946701845667
2661092323#3887317351,1,1,0.5142051498166829
3949154929#1671508853,0,0,0.48626651231671664
4161830151#2111818909,0,0,0.49559000784902657
4451124293#5025914357,1,1,0.5116328961631037
2057082510#1565925308,0,0,0.48626651231671664
109765155485#190799447397,0,0,0.49001222335289824
4808465998#4147318683,1,1,0.5068577454932849
2088439298#1741705970,0,0,0.4879167557707659
109165560395#2069985286,0,0,0.48626651231671664
4215058789#4824054256,0,0,0.48626651231671664
4726073967#2061673563,0,0,0.4925512540069689
4316998845#1920503864,0,0,0.48626651231671664
407966480507#2063057962,0,0,0.48932976037688597
4623199084#2120525705,0,0,0.48626651231671664
3715877024#1456843034,0,0,0.48626651231671664
5186580338#4683019723,0,0,0.48656210968447505
4952427189#1387931444,0,0,0.48626651231671664
2057146445#3876750735,0,0,0.48626651231671664
314601953357#4465664542,0,0,0.49149323943141915
4763974603#4272887201,0,0,0.48626651231671664
1718702641#2058663034,0,0,0.4886670033412816
4840518949#2123106282,0,0,0.48626651231671664
1947384727#2061645325,0,0,0.481340419880476
114401992972#5132524109,0,0,0.48626651231671664
1868036845#2048870562,0,0,0.4915193873868797
5210259474#5199216301,1,0,0.48626651231671664
5014897285#2098280462,0,0,0.497007634885584
1349608070#4703712538,0,0,0.48656210968447505
3988152389#4285491833,0,0,0.4866584195634488
4703712538#4436356008,0,0,0.48656210968447505
172020433612#4206244931,0,0,0.48626651231671664
2057202369#2057146445,0,0,0.4995683784617132
4777110046#14613460476,1,0,0.4936776093043872
3507050766#18468040932,0,1,0.5040815361725386
1374701015#3292344959,0,0,0.49225051503657574
5206381674#4435393512,0,0,0.48656210968447505
4495500756#487072504294,0,0,0.48626651231671664
4492819954#76215101805,0,0,0.48626651231671664
5185529458#24480297189,0,0,0.49693678672858
2056478070#4457149562,0,0,0.48626651231671664
3991704859#3903241588,0,0,0.48902381762451064
6015919609#29298304831,0,0,0.4879649442311805
2016866279#2179140827,0,0,0.48955505038814956
4451342506#4451342522,0,1,0.5208220677648459
448453516754#487126887411,0,0,0.4974490013862253
3578109145#474022190894,0,0,0.48786139035133713
2165015487#1425289196,0,0,0.48626651231671664
5112612148#1470144162,0,0,0.48626651231671664
4272885125#3648904752,0,0,0.4954898729239022
5062861485#4385069368,0,0,0.48626651231671664
4033211157#117873856741,0,1,0.507094477528414
4480479751#1423069315,0,0,0.49001222335289824
18466522141#156276601478,0,1,0.503898269924266
4301029959#2338916683,0,0,0.48853117656266076
1660411271#2119467444,0,0,0.48626651231671664
14613451042#54158062043,0,1,0.5057998421876833
4774992939#2074716061,0,0,0.49789486788711185
24087589564#4444948728,0,0,0.4889540742926283
2165015487#2165015466,0,1,0.5012681190512188
117277915830#4768693982,0,0,0.4910581722869933
1552178606#1552934060,1,1,0.5117790744540857
4768693982#173652977366,0,0,0.49483864629895025
4492819954#2063873633,1,0,0.49292415711457865
3045580653#5095491561,0,0,0.4912032281636743
3042374746#4480479751,0,0,0.48626651231671664
5031422175#5172721151,0,0,0.488132497144302
174007019522#4147318683,0,0,0.48626651231671664
1777473801#3287805133,0,0,0.48852751966180624
1806458596#1906908670,0,0,0.4936156936700378
3903417192#2026258519,0,0,0.49419342470090044
10530767652#2112620582,0,0,0.49423585295019756
4274235353#2118967789,0,0,0.48656210968447505
4080777239#2119476678,1,1,0.5059469495424351
4455655369#3988152389,0,0,0.4947437190302578
4774992939#4590154078,0,0,0.48927940939483633
4646026536#4451124293,0,0,0.48656210968447505
4841108780#87820905399,0,0,0.48626651231671664
3743057958#422593876041,1,1,0.5076176352694338
2009723716#4457149562,0,0,0.48626651231671664
4450888165#208339001895,0,0,0.48626651231671664
164062816178#4686862664,0,0,0.48626651231671664
3032272328#3032272331,0,1,0.5164840075900838
185272730170#114693583065,0,0,0.48997110202877153
2065684660#4219594127,0,0,0.48626651231671664
54158093151#5033763061,0,0,0.48626651231671664
5182386323#4606793746,0,0,0.48626651231671664
4553975833#4782070197,0,0,0.49143132104799325
3052180518#3871526816,0,0,0.49230810424159516
4242849949#1656969942,0,0,0.48626651231671664
2011714457#3081746888,0,0,0.48626651231671664
4763974603#4807598946,1,1,0.5132111924621978
4181867888#3690831675,0,0,0.48626651231671664
4444948728#4636237354,0,0,0.4963759394123008
303434608762#373850277197,0,0,0.48626651231671664
2060189368#4721167510,0,0,0.48626651231671664
106190147487#245814065042,0,0,0.48656210968447505
4451089335#4427009841,1,1,0.5030922436992925
3551952830#4238325930,0,0,0.48626651231671664
1654102057#1665894324,1,1,0.5300190671488479
90189177932#4606793746,0,0,0.49084003670216797
6633392282#2068436073,0,0,0.48626651231671664
4408496432#4196030610,1,1,0.5116490867440561
2111346464#2656914275,1,1,0.5284034004857897
4274088677#4274088675,0,1,0.501731085773694
3200262090#2656914275,0,0,0.4950477365522714
1485301223#5047311627,0,0,0.49108201293224263
77864569477#106190147770,0,0,0.48626651231671664
4755216808#4643809596,0,0,0.49366124960217533
1905948078#3876586389,0,0,0.48656210968447505
4147318683#3887317351,0,0,0.4945314503179559
4720990747#3393654804,0,0,0.48626651231671664
2058300923#4238958432,0,1,0.5046786596933248
1671508853#5112612148,0,0,0.491404916569994
4272843119#2064727359,1,1,0.5043733986584591
1421431863#70372592196,0,0,0.49292415711457865
3706699419#1914403252,0,0,0.4958033512128099
4705563490#2078213282,0,0,0.4977774913548755
3055502811#37959222365,0,0,0.48626651231671664
4683019723#4015185289,0,0,0.48656210968447505
208339001895#109165560395,0,0,0.48626651231671664
1319944364#1533725661,0,0,0.48626651231671664
4623788579#1573188123,0,0,0.48626651231671664
4455655369#4717095137,0,0,0.4901138498479618
4206133788#4473638025,1,1,0.5014046632406578
1307874587#2057186115,0,0,0.48626651231671664
3865012146#3798429541,0,0,0.4868117518313906
1627144913#2055548123,1,1,0.5025457738602275
1453527936#3052180518,1,1,0.5050091005169067
2065684660#4150903563,0,0,0.48852751966180624
4385069368#5084206172,0,0,0.48656210968447505
4804117479#3085085227,0,0,0.48626651231671664
1627144913#3726132284,0,0,0.49377998760471054
2122362220#4658956014,0,0,0.48868261208361397
2076366005#3045566056,0,0,0.48626651231671664
4777051438#6015536211,0,0,0.48656210968447505
49857216438#1637980981,0,0,0.48829585024480177
4444948728#4952427189,0,0,0.48626651231671664
4636041774#2113712804,0,1,0.5270015415141853
1391856996#1741705970,0,0,0.48786139035133713
3032272331#4129173722,0,0,0.4892996463523385
1955036787#1429813467,1,0,0.4964578299595721
2066363395#325639508083,0,0,0.48626651231671664
2055548123#1902954948,0,0,0.48626651231671664
3077905761#3976610099,0,0,0.48140986049117407
2114390938#4952427189,0,0,0.49119856558568714
3726132284#3872693399,0,0,0.4920801707580322
68727490330#90189177932,0,0,0.4913571028423494
3887317437#77864569477,0,0,0.4899606755451423
164062816178#5205831892,0,0,0.48626651231671664
1665894324#2551494872,0,1,0.5195649987232899
1308273301#3551393130,0,0,0.4916377590590219
2117931367#4683019723,0,0,0.4840508715297465
4721167510#4893054709,1,0,0.4952508029365524
2078213282#5186293263,0,0,0.4965960041663509
5210259474#1875282048,0,0,0.48626651231671664
3912840540#4900124238,0,0,0.48626651231671664
4065797638#2135391712,0,0,0.4963112127239963
314601953357#586488148831,0,0,0.48626651231671664
5186293263#1971464426,0,0,0.4888213249700913
4645346456#2026258524,0,0,0.48626651231671664
1914403252#1320113949,0,0,0.4992159519247664
1639170956#2116342008,0,0,0.4877557392249793
4385184631#1667001955,0,0,0.48656210968447505
3073724824#1453527936,0,1,0.5025893643379291
117277915830#4897862520,0,0,0.49145904394942536
4572662983#4808240616,0,0,0.4952510461122481
1846435855#106190147487,0,0,0.4891150166575619
2029674976#2066880892,1,0,0.48902381762451064
2613309225#29607898384,0,0,0.4926982988240847
4683019723#3540890830,0,0,0.4883387436965968
3075634363#3751925404,0,0,0.48626651231671664
3052770867#4606793746,0,0,0.48626651231671664
3715785447#3887317346,0,0,0.4962308089061713
3081746888#1430988070,0,0,0.49525218778535135
3032272328#2058300923,0,1,0.5114511983613681
2075899540#4435564795,0,0,0.49250598860701694
5186580338#3551393130,0,0,0.4882459420630866
2058663034#2057718368,0,0,0.4886670033412816
2009723716#4232666143,0,0,0.48626651231671664
2057082510#2057082463,0,1,0.511280417225334
4232666143#4256926363,1,0,0.48626651231671664
2054817755#4774992939,0,0,0.49047483404028774
10605371390#2340035845,0,0,0.48626651231671664
2296451977#2074716061,0,0,0.49140812735711215
2019713645#3474685542,0,0,0.49356945078138376
3488840316#3310391587,1,0,0.4932718073171262
2296574953#1639219119,0,0,0.49140812735711215
2265862937#2159739159,0,0,0.49984466818829515
4538332005#3835082917,0,0,0.48626651231671664
6013639039#2056478070,1,1,0.505368406702455
4564517044#3259633459,0,0,0.48626651231671664
3062834380#4460827792,0,0,0.48526415609496404
3108657350#4479096850,0,0,0.48626651231671664
4525746327#3072564418,0,0,0.48626651231671664
2076366005#3927040910,0,0,0.48626651231671664
2058129925#59051797265,0,0,0.48626651231671664
2058494409#102179535594,0,0,0.4969448397448239
2229939616#2057082510,0,0,0.48656210968447505
3501281334#3555205657,0,1,0.5152949751715918
3690831675#4683019723,0,0,0.48626651231671664
2054699471#2056513884,0,1,0.5126470884395946
4442444769#2062990764,0,0,0.4913654401707387
1537709306#3551952832,0,1,0.5033026765827746
6633392282#4529171947,0,0,0.4985225653345184
2671772709#2048870562,0,0,0.48902381762451064
4808180492#3946584694,0,0,0.4980003533229376
2359435242#3081746888,0,0,0.495407744852241
1929467433#2060189368,0,0,0.48626651231671664
2072319821#5124803369,0,0,0.48626651231671664
4448697469#586488148831,0,0,0.4915193873868797
4877560558#2065684660,0,0,0.48626651231671664
4877560558#1389154734,0,0,0.48656210968447505
3077905761#4185479835,0,0,0.49088980245209596
4057038032#4191026566,0,0,0.48626651231671664
1421431863#1308273301,0,0,0.49219557448706425
3501281334#4520831992,0,0,0.49393128709662243
47896517559#4206181444,0,0,0.48626651231671664
4272887201#2064727359,0,0,0.4980811346210885
1715823964#5195792969,0,0,0.48815698771909555
3045486706#1847716478,0,0,0.48626651231671664
3638725857#114401992972,0,0,0.48626651231671664
1573188123#2064988617,0,0,0.49423585295019756
1718702641#4901739840,0,0,0.48896260070903996
3477040043#5185245258,0,0,0.48626651231671664
3501281334#1639170956,0,0,0.48656210968447505
1552178606#2165145983,0,0,0.48656210968447505
3052169971#1639233949,0,0,0.4930679710942605
4657354294#4256981120,0,0,0.48626651231671664
2671772709#1848160016,0,0,0.48626651231671664
4657320935#3477269987,0,0,0.48909294685297783
3991704859#3878447634,0,0,0.4975929337553327
1614597826#2050581826,0,0,0.48626651231671664
4147318683#4897862520,0,0,0.49145904394942536
4435393512#156276601478,0,0,0.4854608418004763
1656969942#1654102057,1,0,0.49197905454110974
2060290671#2058663034,0,0,0.4886670033412816
2039273909#3477269987,0,0,0.49047745646401764
4188977524#4150903563,0,1,0.5300002618227684
114693583065#3045566056,0,0,0.4947627619990482
1537709306#4746786446,0,0,0.48656210968447505
2058829770#2072319821,0,0,0.49295443865389765
4746786446#487126887411,0,0,0.4936180527241892
2066222464#4196030610,0,1,0.5118334010725453
5124643800#59051797265,1,0,0.49881164378152726
4897862520#3742463975,0,0,0.48626651231671664
3081746888#3052169593,0,1,0.501874472528477
2057703910#1667032703,0,0,0.49294567809120404
2059196823#2179140827,0,0,0.48656210968447505
109765155485#1801542793,0,0,0.48626651231671664
3968903489#2067534525,0,0,0.48626651231671664
4037407479#3779069464,1,0,0.49790899978549363
2123106282#4473638025,0,0,0.48626651231671664
4427009841#4792436579,0,0,0.48626651231671664
4191026566#3494236195,0,0,0.4807148339190188
173652977366#107257732918,1,0,0.49998796203133594
2011714457#4851873209,0,0,0.48626651231671664
2159739159#2179140827,1,0,0.49984466818829515
3073724824#1639169322,0,0,0.4976320866355244
5034242501#4439680695,0,0,0.4915193873868797
1709836734#1560130077,0,0,0.48808649138611476
76198377822#4877560558,0,1,0.5161832340088514
1510345157#62533690929,0,0,0.48902381762451064
2050429375#4206244931,0,0,0.49306692957813675
3402798577#5060735897,0,1,0.5061729403923433
4435393512#3945370752,0,0,0.4982271389023098
1472855034#3949154897,0,0,0.4875546094618167
3285703159#2058663034,1,0,0.48626651231671664
5210263415#2057718368,0,0,0.48626651231671664
323098110922#2796703699,0,0,0.48739451493851393
2339749085#3551952832,0,1,0.5062400832105532
4451297220#2056513753,0,0,0.4986675517645122
2016866279#4062453297,0,0,0.48955505038814956
4625984633#4636237354,0,0,0.48626651231671664
4427009841#4129059855,0,1,0.5049631069577989
10530767652#4900378668,0,0,0.4960558320195957
1639170956#2123106282,0,0,0.48626651231671664
1888052790#4492819954,0,0,0.48610884749190303
1947384727#2088439298,0,0,0.49120660368167357
113940354842#4018768324,0,1,0.5005200753793446
101937534499#4717095137,0,0,0.4878502068295751
107725290582#18467882961,0,0,0.48626651231671664
487126887411#2122362220,0,0,0.48626651231671664
2049629924#4327730515,1,0,0.4942766926946737
1371717862#1320992608,1,1,0.5064843489142208
2076366005#2054734592,0,0,0.48626651231671664
4272822938#4683019723,0,0,0.48626651231671664
4659085543#3551952832,0,0,0.48626651231671664
2057703907#2060189368,0,0,0.4967214592761851
3708061579#1885490974,0,0,0.48626651231671664
25405387739#4444948728,0,0,0.4959996993630512
3458092809#201204584648,0,0,0.48626651231671664
3912840540#3108657350,1,0,0.48626651231671664
373850277197#2113657433,0,0,0.48626651231671664
24087589564#25405387739,0,0,0.4932459957049279
4506637171#1801859916,0,0,0.49927723422365944
4808180492#4808240616,0,1,0.5388122960780516
4625984633#1955282013,0,0,0.48626651231671664
3501281334#4065797638,0,1,0.5034306159209485
4584646241#3638725857,0,0,0.48807633911783255
4316999084#4636382579,0,0,0.48626651231671664
5060735897#2058494409,0,0,0.4915585537278196
156276503010#4720990752,0,1,0.5067870358988413
4256981120#4256622048,0,0,0.49145262994230277
4897454823#2111818909,0,0,0.48656210968447505
29607898384#4642512906,0,0,0.48845930779964475
2064727359#5060996735,0,0,0.49128029891810565
178258449477#106190147487,0,0,0.48626651231671664
1902954948#3494236195,0,0,0.48626651231671664
1394397775#1565913038,0,0,0.49395194330734704
4439680695#1914403252,0,0,0.49612268414021554
1833924490#4455655369,0,0,0.48626651231671664
4033211157#4452283739,0,0,0.48626651231671664
2114716134#3278113988,0,0,0.4904269961159556
3081746888#4464914770,0,0,0.48626651231671664
2113288221#2114716134,0,1,0.5041542288493768
4473638025#3400225309,0,0,0.4915193873868797
4623934568#2057120547,0,0,0.4891269898574112
1813327174#5185529458,0,0,0.48626651231671664
4687016047#4774992939,0,0,0.4994983440217342
2113288221#2165015487,0,0,0.49780352403038647
2037536844#1431887069,0,1,0.5126765863188218
156893097471#3046471496,0,0,0.48626651231671664
4625984633#5060996735,0,0,0.4915193873868797
5121642074#197910587768,1,0,0.48626651231671664
60805077950#1846435855,0,0,0.48626651231671664
2114716134#1716102732,0,0,0.48626651231671664
3477040043#107725290582,0,0,0.48626651231671664
5112612148#3673320803,0,0,0.4879167557707659
2057202369#5210260401,0,0,0.48626651231671664
3259633459#4717095137,0,0,0.49378124373276544
2078835030#2112250533,1,1,0.5085661414249624
4238958432#1573188123,0,0,0.48656210968447505
4658956014#9062983415,0,0,0.48656210968447505
1389154734#4205653425,0,0,0.48626651231671664
1812202957#1777473801,1,1,0.501567959312669
77188486609#302839388028,0,0,0.48896744609509907
1711846546#2159160651,0,0,0.48786139035133713
4451289887#4071233134,0,0,0.4953033414501917
2132795383#3045566056,0,0,0.48626651231671664
1654102057#5112612148,0,0,0.4933809972318866
4256725997#2297005450,0,0,0.48626651231671664
3045486706#2058494409,0,0,0.49172545910485255
3726132284#3876586389,1,1,0.5080853363247119
4646026536#4465664542,1,0,0.48656210968447505
4038971285#3487828521,0,0,0.48626651231671664
5060735897#2064727284,0,0,0.49966482913394694
3494236195#4750249486,0,0,0.48626651231671664
2069985286#5124643800,0,0,0.48626651231671664
18466913739#156276503010,0,1,0.5122948559330603
207035576772#3578109145,0,0,0.4879942417419701
4506637171#4460827792,0,0,0.48526415609496404
4991811656#1430988070,0,0,0.48626651231671664
4495044650#3278113988,1,0,0.4903029468393918
1456843034#156276919685,0,0,0.48626651231671664
4285491837#4316999082,0,0,0.4866584195634488
2075628492#2073668282,0,1,0.5161237200966182
4900378668#4464914770,0,0,0.48626651231671664
3689802081#3673320803,0,0,0.49549889926637825
4055266231#4215038721,1,0,0.48626651231671664
4529171947#4877560558,0,1,0.5066129894481104
2057120547#1627677359,1,0,0.4961686720350086
5206381674#2113909215,0,0,0.4921352296775292
1479238950#1479238953,0,1,0.5046093847861268
3111759030#1521423297,0,0,0.4876922476734758
208339001895#150594495671,0,0,0.48923510192934555
4479644011#4479643887,0,0,0.49138989154027535
4232471781#4226659635,0,0,0.48626651231671664
5132524109#5186580338,0,0,0.48626651231671664
2338131041#4196030610,0,0,0.48626651231671664
4415227218#3046471496,0,0,0.48626651231671664
4465664542#4451124306,0,1,0.5034733536988427
5124803369#1813327174,0,0,0.48626651231671664
3041186060#3369949045,0,0,0.48821798246148596
5068106135#2063839578,0,0,0.49188629070481277
10605371390#1711846546,0,0,0.48967121715245304
5033763061#4683019723,0,0,0.48626651231671664
2359435242#1326198016,0,0,0.48626651231671664
3951061982#2113288221,0,0,0.48626651231671664
44498925795#9062983415,0,1,0.5049054015077299
2671772709#4448697469,0,0,0.49330212599240164
3477040043#1805614122,0,1,0.5328922281085919
3786142129#2062233925,0,0,0.48626651231671664
4643938191#5162703470,0,0,0.48875022088964465
3287136295#2026258516,0,0,0.48957503790483237
4897862520#4020730390,0,0,0.48626651231671664
1541915947#3259633459,0,0,0.48656210968447505
3474685542#4877560558,0,0,0.4875546094618167
3045782033#3077766580,0,0,0.48656210968447505
5095491561#5047311627,1,0,0.49599309089500004
3551952832#3551952826,0,1,0.5078615858328756
4584646241#4792331959,0,0,0.48626651231671664
3451234547#3551393318,1,0,0.499629130771561
4448697469#4804117479,0,0,0.4981641564470623
3436663620#3474685542,1,1,0.5044750366479185
4518635926#4510371801,1,1,0.5243401126957878
1833924679#87820905399,0,0,0.48626651231671664
2112620582#4451342506,0,0,0.4959366005241486
2070627808#2074716061,0,1,0.5033351717268001
2078835030#1833697097,0,1,0.5177738929958866
4808983543#4003389165,0,0,0.48626651231671664
4274088677#3915411982,0,0,0.49740941790714344
2183968048#2119388082,0,0,0.4899686174098733
1671508853#325639508083,0,0,0.48626651231671664
4506637171#3991704859,0,1,0.5010898295559322
4720990747#18466913739,0,1,0.5197206200735539
4024663252#4215038721,0,0,0.4990398750838769
2059196823#3061887519,0,0,0.4919555597608759
107725290582#4479096850,0,0,0.4959366005241486
2056478070#2070627808,0,1,0.512280908943897
4828654874#4788720081,0,0,0.4874292258088227
4808983543#4720990748,1,1,0.5054175263070153
4212827921#3949154897,0,0,0.48626651231671664
3742463975#4206304466,0,0,0.48626651231671664
4242516938#3041186060,0,0,0.4921995298077422
2070627808#1639219119,0,0,0.49961819743070224
1813327174#23593454505,0,0,0.48626651231671664
2118967789#1818739935,0,0,0.4878502068295751
1816430022#1965402836,0,0,0.49029609483010667
2048870562#2074716061,0,0,0.48626651231671664
2115699256#4259293142,0,0,0.48626651231671664
4055266231#2114390938,0,0,0.48744510965732357
1955012315#2053401290,0,0,0.48626651231671664
165376540325#5012670911,0,0,0.48626651231671664
4591945469#4451342522,0,0,0.49423585295019756
3487828521#3032272328,0,0,0.48982585593187555
3551393318#1308273301,0,0,0.4916377590590219
3551952830#107257732918,0,0,0.48626651231671664
4404827138#1519768568,0,0,0.4914298617370942
1639325148#1639211797,0,0,0.49481511594016964
3487828521#1639233949,0,0,0.49090386514103074
4442444769#2120525705,0,0,0.4913654401707387
2065701964#4055266231,0,0,0.48626651231671664
4296050182#4168332323,0,0,0.4981641564470623
2061309144#4285491833,0,0,0.488048973030281
1453527936#2118416856,0,1,0.5032300289963331
1614597826#59051797265,0,0,0.48656210968447505
3673320803#3494236195,0,0,0.48626651231671664
5060996735#3729925561,0,0,0.49653317398826874
1801859916#3878447634,0,0,0.4868590341295846
54158062043#18466522141,1,1,0.5026801716694478
3673320803#4897862520,0,0,0.48626651231671664
3111759030#1492507866,0,0,0.48626651231671664
5025914357#87820905399,0,0,0.48626651231671664
3072564418#174007019522,0,0,0.48626651231671664
117154450703#109765155485,0,0,0.48656210968447505
5199216295#323098110922,0,0,0.49289274416206974
5210263415#5182386323,0,0,0.48626651231671664
2218941944#4219594127,0,1,0.5036034356102408
4589820532#4132299618,0,0,0.488087941852825
2947790103#2060575761,0,0,0.48626651231671664
303434608762#4457149562,0,0,0.48626651231671664
2070686849#2073668282,0,1,0.510937602471032
4259293142#3881629589,0,0,0.48626651231671664
5124643800#1472855034,0,0,0.48626651231671664
1326198015#373850277197,0,0,0.48626651231671664
2117971399#4259293142,0,0,0.48626651231671664
4215058789#3949154929,0,0,0.48902381762451064
1711846546#2011714457,0,0,0.4897893980985853
3683502845#4442900590,0,1,0.5093559814342832
49857216438#69054982841,0,0,0.4910581722869933
5060996735#4272887201,0,0,0.49128029891810565
2068436073#2118416856,0,0,0.4937010679304574
3949154897#4659085543,0,0,0.48626651231671664
130736997137#76215101805,0,0,0.4876922476734758
2114390938#4444948728,0,0,0.4922408463931699
2057146445#3997209484,0,0,0.48847227434594553
3446029041#4479644011,0,0,0.48626651231671664
81732347381#5003706585,0,0,0.48626651231671664
2057120532#2057120547,0,1,0.5071124034512895
3467577097#5025914357,0,0,0.48626651231671664
4774996826#2114390938,1,1,0.502242799665208
4746786446#59051797265,0,0,0.48656210968447505
3870637640#4057038032,1,1,0.503018513318501
1485301223#2011714457,0,0,0.49416969557166845
4711180581#1806561207,0,0,0.4928473355491137
342898906861#77864569477,0,0,0.48626651231671664
2057186115#2057120532,0,1,0.5054251198276924
6633392282#6633440508,0,0,0.49169576768324563
4226781300#4877560558,0,0,0.49168815976179675
2016866279#2159739159,0,0,0.48955505038814956
4191026566#165376540325,0,0,0.48626651231671664
4683019723#4944512773,0,0,0.48656210968447505
4893054709#3999176481,0,0,0.4912319439489001
2098402937#4636041770,0,1,0.52096842791928
174007019522#1387931444,0,0,0.48626651231671664
2061674343#1759198091,0,0,0.48626651231671664
3872693399#2117971399,0,0,0.48626651231671664
2054699471#1592253980,0,1,0.5141875980387449
1639233949#3865012146,1,0,0.49363496382403627
3575171441#2062233925,0,0,0.48656210968447505
3612961288#4129059855,1,1,0.5018505964629453
3507050766#5205831892,0,1,0.5016148695058719
1627677359#2076366005,0,0,0.48626651231671664
4540676462#1479238948,0,0,0.48626651231671664
3968903489#1929000382,0,0,0.48626651231671664
4480479751#2056297322,0,0,0.48626651231671664
4196030610#3903241588,0,0,0.48626651231671664
3458092809#2551494872,0,0,0.48843940138704717
3043391308#1718702641,1,1,0.500376210932041
4591945469#4261185678,0,1,0.5236193271562906
4218528758#3693891469,0,0,0.48626651231671664
3572871605#4345845643,0,0,0.49329101676267423
1639233949#6633392282,0,0,0.48626651231671664
3052180518#4480479751,0,0,0.49426763946705404
1541915947#3081746888,0,0,0.48656210968447505
4567571289#4018768324,0,0,0.49119856558568714
2181531828#2180579787,0,0,0.49280050921248275
3041186060#1711846546,0,0,0.48967121715245304
138962707346#3501281334,0,0,0.48970611700241323
3083904084#3988152389,0,0,0.4866584195634488
1833924679#2113712804,0,1,0.500515832128493
121528725386#1868036845,0,0,0.4868272956878691
4254790910#2113712804,0,0,0.48626651231671664
29298304831#2113288221,0,0,0.4892174061960566
2067534525#3232083339,0,0,0.49461104738842265
5182386323#4261128456,0,0,0.4882635336322116
1549897545#3045566056,0,0,0.49506999874740054
110232280082#1806319303,0,0,0.48626651231671664
3077766580#2122362220,0,0,0.48854580481785576
2297005450#4790633062,0,0,0.4875546094618167
4372714526#2074773060,0,0,0.48626651231671664
2062332927#2070686849,0,0,0.4998310242926411
3551393130#3474685542,0,0,0.49491990681163117
4553975833#1746603523,0,0,0.48626651231671664
2058129925#4195960848,0,0,0.48626651231671664
3968903489#4145044745,0,0,0.4902047492648428
1639325148#4636354282,0,0,0.4931648724861204
3578109145#3487828521,0,0,0.4876986443742117
5172721151#4592596123,0,0,0.49326642026729856
4451288784#2058663075,0,0,0.48626651231671664
4683019723#4226659634,0,0,0.48626651231671664
4071233134#3467577097,0,0,0.48626651231671664
1868814296#4703712538,0,0,0.4868272956878691
3872693399#2058663075,0,0,0.48626651231671664
4624517252#4526469786,0,0,0.48626651231671664
4435564795#1320113949,0,1,0.5170155796978252
1702937295#1813327174,0,0,0.48626651231671664
4947650145#5003706585,0,0,0.494680492229513
10605371390#5195792969,1,0,0.49125024454625155
3287805133#4480479751,0,0,0.48626651231671664
4261128456#3887317346,1,1,0.5062381298483555
3507050766#3075628047,0,0,0.48626651231671664
4020730390#1546017096,0,1,0.5100310998890949
5084206172#5132524109,0,0,0.48626651231671664
2119388082#4159029866,0,0,0.49754442673051746
4897454517#107725290582,0,0,0.49423585295019756
3887317351#3715785447,0,0,0.493279462196104
2098402937#2113505781,0,1,0.5115583463421349
4705563490#5186293263,0,0,0.4914274564025534
36551936093#5124803369,0,0,0.48626651231671664
4451342522#4479096850,0,0,0.4959366005241486
1654102057#3108657350,0,0,0.48626651231671664
49857216438#5195792969,0,0,0.48626651231671664
4841108780#4735716172,0,0,0.49169175952901917
4038971285#422593876041,0,0,0.48626651231671664
3020557801#1813327174,0,0,0.48626651231671664
4080777239#3751925404,0,0,0.48626651231671664
4464608641#3052770867,0,0,0.4885119886873467
3786142129#3709709254,0,0,0.48626651231671664
2059629426#1565913038,0,0,0.484678679760803
2058300923#2098280462,0,1,0.5102223084716411
2098280462#4186052449,0,0,0.497007634885584
1878732185#1565913038,0,0,0.49079837916018937
2026258516#5022076775,0,0,0.48626651231671664
1929467433#5153549890,0,0,0.49141208295451433
4161830151#5124803369,0,0,0.48626651231671664
4316999113#4427009841,0,0,0.48626651231671664
1955282013#1711931843,0,1,0.5006108664107047
5162703470#5185245258,0,0,0.48626651231671664
1560130077#4520831992,0,0,0.4976751901532133
1806319303#2072319821,1,1,0.5077549511304755
3073724824#2118416856,0,1,0.5034515772550515
4291077418#3289002540,0,0,0.49251145963118453
2111350136#4464914770,1,1,0.5087097754807647
2057120547#1307874587,0,0,0.48626651231671664
4214896049#4055266231,0,0,0.49247085550404923
4159029866#1906908670,0,0,0.4875546094618167
4291077418#3555205657,0,0,0.4914439956755165
3474685542#3946584694,0,0,0.48813988062213687
135707428689#3976610099,0,0,0.48626651231671664
5124643800#4705563490,0,0,0.48626651231671664
164247084187#164062816178,1,0,0.4903660632415996
4242516938#4442900590,0,0,0.48626651231671664
3551393318#3477269987,0,0,0.49674133634773954
156893097471#4768693982,0,0,0.48626651231671664
5033763061#14613464473,0,0,0.4941743020318223
4518635926#3945370752,0,0,0.49054921783585775
407966480507#4038971285,1,0,0.4944762326995455
5210263415#29607898384,0,0,0.48626651231671664
3081986781#4665681736,0,0,0.4965960041663509
18467882961#5076076232,0,0,0.48822464820512407
2059124992#1667001955,1,0,0.4971083466355951
2054788692#4674140626,0,0,0.4955554628553989
1307874587#2057186102,0,0,0.48626651231671664
2057718368#3709709254,0,0,0.48763986909190665
4510371801#4372714526,0,0,0.4994713200649777
4186052449#373850283306,0,0,0.48626651231671664
2118967459#3931049291,0,0,0.4989931124200019
4206274527#2113909215,0,1,0.5063424397701428
4215058789#4024663252,0,0,0.48626651231671664
3903241588#4391918874,0,0,0.48626651231671664
4947650145#5186293263,0,0,0.48656210968447505
3474685537#54158062043,0,0,0.48626651231671664
18468082722#18467882961,0,1,0.5092514887802593
2127640300#3062834380,0,1,0.5301508817999422
3915411982#2055548123,0,0,0.48626651231671664
114693583065#190161454564,0,0,0.49758793861555384
5174606958#3402256673,0,0,0.48818661124194007
207035576772#4495500756,0,0,0.48763986909190665
3072525687#121528725386,0,0,0.48997110202877153
4841108780#2218941944,0,0,0.4911402259746955
5206381674#5172721151,0,0,0.49654631338687105
4591638149#4219594137,0,0,0.4875546094618167
3872693399#3779069464,0,0,0.4915193873868797
49857216438#5014897285,0,0,0.4910581722869933
3766348815#3761484275,1,0,0.49145904394942536
1816430010#1816430022,0,1,0.5045011311859172
4876893576#1848160016,0,0,0.48626651231671664
4509158303#3949154929,0,0,0.49339952318248304
4495500756#1777473801,0,0,0.48626651231671664
4385069368#3830915699,0,0,0.48826054159893884
4129173722#5195792969,0,0,0.4963339928075811
2118967459#3946838650,0,0,0.48626651231671664
87008148161#68727490330,0,1,0.5013412944453347
197910587768#156893097471,0,0,0.48626651231671664
3056885390#2067003861,0,0,0.48626651231671664
2123106282#37959222365,0,0,0.48626651231671664
1430988070#3871526816,0,0,0.49102000709649507
2123106282#1430988070,0,0,0.48626651231671664
2060192584#1565913038,0,0,0.48764637701950414
3991704859#4033211157,0,0,0.49364989039183677
4062453297#2159739159,0,0,0.491844707905587
4254790910#4274088677,0,1,0.501731085773694
4206157164#4157779501,1,0,0.4965665709543874
109165560395#4804118400,0,0,0.48626651231671664
3951061982#3946584694,0,0,0.4879503446953282
4186052449#4765643443,0,0,0.4906419064642133
4636382579#4636041774,0,1,0.515390316596989
164247084187#4206157164,0,0,0.48626651231671664
2051966916#1552178606,0,0,0.48626651231671664
2359435242#18467882961,0,0,0.487987314505928
25405387739#4206157164,0,0,0.48626651231671664
3878854642#3062834380,0,0,0.48626651231671664
4529900425#4345845643,0,0,0.4817054578589325
3551952826#2338916683,1,1,0.5085047474564973
1639324466#2296451977,0,0,0.48626651231671664
4161830151#4132299618,1,1,0.5269870431437996
4538332005#70372592196,0,0,0.48626651231671664
150594495671#3046735667,0,0,0.48656210968447505
422593876041#6633392282,0,0,0.4900469863286736
3467577097#62533690929,0,0,0.48626651231671664
3878447634#1421431863,0,0,0.48656210968447505
3574511395#1423069315,0,0,0.48626651231671664
4728076352#1833924490,0,0,0.4899384189568938
4232666143#2055771737,0,0,0.48626651231671664
1914403252#2024358272,1,1,0.5434697874947764
4285617569#407966480507,0,0,0.48626651231671664
1347237190#4777110046,0,0,0.48626651231671664
2066977172#2050581826,1,0,0.48994198207288847
68727490330#69607725939,0,0,0.49614876281262604
29607898384#2297005450,0,1,0.5093119508665107
2060434131#2063057962,1,1,0.5026733814745141
1372557160#3045486706,0,0,0.4924874867167723
2067003861#1627677359,0,0,0.48626651231671664
4448830722#2661092323,0,0,0.48626651231671664
4788720081#178258449477,1,0,0.49824293979482065
4841108780#4900124238,0,0,0.4913961621612608
4316998845#2122362220,0,0,0.48626651231671664
101937534499#10530767652,0,0,0.4875546094618167
1746603523#3606108939,0,0,0.48626651231671664
3393654804#4790633062,0,0,0.48626651231671664
5199216300#5199216301,0,1,0.5230626878726862
4316999082#4316999084,0,1,0.5000493911004239
4272885125#5060735897,0,0,0.4954898729239022
5062861485#3942084480,1,0,0.4968130179533093
3061887519#5112612148,0,0,0.4901836080452692
1741705970#2011714457,1,0,0.49077723331146045
2062332927#2075628492,0,1,0.5050171419182273
4037407479#178258449477,0,0,0.48626651231671664
1660565927#121528725386,0,0,0.48626651231671664
4944512773#5162703470,0,0,0.4886821679245288
586488148831#2744122330,0,0,0.4915193873868797
77864569477#315728832242,0,0,0.48626651231671664
5034242501#5210256944,0,0,0.4915193873868797
4768693982#121528725386,0,0,0.48626651231671664
3289002540#4296050182,0,0,0.48626651231671664
1521423297#1929000382,1,1,0.5097046997490279
4037407479#4460827792,0,0,0.48526415609496404
4492819954#2074773060,0,0,0.4910581722869933
1614597826#1463883823,1,1,0.5030936749121675
3075628047#4777051438,0,0,0.4904656181990152
1389154734#4495500756,0,0,0.48656210968447505
3835082917#4345845643,0,0,0.49036820150175214
3976610099#2075393157,0,0,0.48626651231671664
3486188370#4807598946,0,0,0.48626651231671664
4683019723#5022076775,0,0,0.48626651231671664
4145044745#2016866285,0,0,0.4898506477559079
4254790910#4111311078,0,0,0.49740941790714344
1955282013#2070686849,0,1,0.5006108664107047
4717095137#4404827138,0,0,0.4895257125564103
4646026536#4215038721,0,0,0.48626651231671664
4057426755#5210259474,0,0,0.48626651231671664
4285491833#4435425528,0,1,0.5030764184887946
1592253980#1431887069,0,1,0.520470461828669
3903296434#1372557160,0,0,0.48902381762451064
4040761448#2118967459,0,1,0.5032962171415589
156274772298#4145044745,0,0,0.4882150789774235
3020259850#3915411982,0,0,0.489731107337549
5022594784#5014897285,0,0,0.49292415711457865
2058663075#4272885125,0,0,0.48626651231671664
4526469786#4256981120,0,0,0.48626651231671664
1514159826#172020433612,0,0,0.49272840733656553
1639219119#6015919609,0,0,0.49140812735711215
2057718368#2055601072,0,0,0.49004036011647156
3729925561#2064727284,0,0,0.4974038217888572
1319944364#2229939616,0,0,0.48626651231671664
309312102749#2613309225,0,0,0.4960720351977486
2061309144#1681839567,0,0,0.48626651231671664
4271919356#4077473357,0,0,0.48656210968447505
2056513753#4721167510,0,0,0.49130792086451025
1711846546#1741705970,0,0,0.48786139035133713
3708061579#2066302302,0,0,0.48626651231671664
4897048724#101937534499,0,0,0.4897843765806076
4482237216#1660565927,0,0,0.48626651231671664
4944512773#5185245258,0,0,0.4892174061960566
4567571289#1987142430,0,0,0.49119856558568714
3486188370#2053401290,1,1,0.5002161749027327
2066302302#29607898384,0,0,0.48626651231671664
4316998845#4584646241,0,0,0.48626651231671664
2075899540#4683019723,0,0,0.48656210968447505
4804118400#3402256673,0,0,0.4929112813768992
1642717858#1806458596,0,0,0.4936156936700378
3798429541#2135391712,0,0,0.49522211063332205
2057155052#2163049577,0,0,0.4896856065822218
2067534525#4226659635,0,0,0.48626651231671664
4768693982#107257732918,0,0,0.49946829381623287
110232280082#174007019522,1,0,0.48626651231671664
4129173722#1708981181,0,0,0.48610884749190303
2061891302#4062453297,0,0,0.48626651231671664
4385184737#4495500756,0,0,0.48656210968447505
1438255025#4897048724,1,1,0.5371023000357771
4206304466#2182928642,0,0,0.48626651231671664
3887317351#76198377822,0,1,0.5044652451006343
1741705970#1308273301,0,0,0.48656210968447505
110232280082#4768693982,0,0,0.4922854725178463
2661092323#4385184737,0,0,0.4900469863286736
1425289196#1371717862,0,1,0.5162720187144302
4790633062#4808180492,0,1,0.5256313830851129
5112612148#1552934060,0,0,0.48994674846192415
1751247315#3052770867,0,0,0.48626651231671664
2054733437#1914706723,0,0,0.49297740645161964
5206381674#4405823723,0,0,0.48656210968447505
1660870123#3043166693,0,0,0.4862143891342386
9062983415#190330815066,0,0,0.49097300788232157
1642717858#3055502811,0,0,0.48626651231671664
2057703910#2336731175,0,0,0.4913619835783456
3369949045#4191026566,0,0,0.48626651231671664
4897862520#1546017096,0,0,0.48626651231671664
3400225309#3232083339,0,1,0.502263532671169
2118967459#2057082463,0,0,0.4914941629534455
6633392282#1751247315,0,0,0.48715763160048325
77864569477#1846435855,0,0,0.48626651231671664
2057186102#2057155052,0,0,0.48788801493903905
4529171947#1918821009,0,0,0.49476502204487927
4451342506#4261185678,0,0,0.4959366005241486
4808180492#2057082463,0,0,0.49252592023726605
5025914357#4215038721,0,0,0.48626651231671664
1905948078#2744122330,0,0,0.48656210968447505
309319424084#314601953357,1,0,0.49784534334939246
4285491837#4435425528,0,1,0.5030764184887946
3846598639#4506637171,0,0,0.4991094084857671
4900124238#1549897545,0,0,0.48923510192934555
5003601219#146011937628,1,0,0.48853665862414514
4126326524#3232083339,0,1,0.5009842382253475
1812202957#3878854642,0,0,0.4905245409773012
1319944364#1838279448,0,0,0.49295867832092877
1425289196#4720990748,0,1,0.5015393639603746
4636508851#2359435242,0,0,0.48626651231671664
4717095137#2066363395,0,0,0.4900737088213387
120204740541#1349608070,0,0,0.49382043632141837
4482237216#174007019522,0,0,0.48626651231671664
4316999113#4316999084,0,0,0.49495550224480644
1877399023#4145044745,0,0,0.48626651231671664
4157438427#60805077950,0,0,0.48626651231671664
2115699256#1374701015,0,0,0.48626651231671664
5199216295#4081237414,0,0,0.48626651231671664
1479238953#1833924679,0,0,0.49821405715492767
178258449477#4900124238,0,0,0.48923510192934555
4132299618#5186580338,0,0,0.4937574646227947
2135391712#2600554617,0,0,0.48626651231671664
3741385724#3628839716,0,0,0.48626651231671664
1920503864#2122362220,1,0,0.48656210968447505
1667001955#2056110125,0,0,0.48656210968447505
1805614122#4256484724,0,0,0.4915193873868797
2135054445#4018768324,0,0,0.48626651231671664
3045782033#3077905761,0,0,0.48656210968447505
36551936093#422593876041,0,0,0.48626651231671664
4674140626#3400225309,0,0,0.48656210968447505
2113288221#2111350136,0,1,0.5166734301395886
152713373107#2455894769,0,0,0.4914350600805142
3487828521#1639211797,0,0,0.49090386514103074
3715877024#4947650145,0,0,0.48626651231671664
3718610303#174007019522,0,0,0.48626651231671664
3689802081#5112612148,0,0,0.49607195916412616
4448830722#1627677359,0,0,0.48626651231671664
81553649652#3081746888,0,0,0.49068032711366555
18465766142#1847716478,0,0,0.48626651231671664
4316999082#24087589564,0,0,0.48656210968447505
1816430010#1656969942,0,0,0.48626651231671664
2016866285#2056110125,0,0,0.4898506477559079
68727490330#49857216438,0,0,0.4910581722869933
2118967459#156118078425,0,0,0.4878502068295751
4206304466#2057202369,0,0,0.4899384189568938
4272843119#1777473801,0,0,0.49668174679881555
2061947277#1319944364,0,0,0.48626651231671664
2065701964#4750249486,0,0,0.49321935929109545
4436356008#4686862664,0,0,0.4888702358864092
1431887069#5047311627,0,0,0.4881638171406296
29298304831#38406123057,0,1,0.5114979399164149
5047311627#4081101808,0,0,0.4926837203883972
77188486609#18466522141,0,0,0.4993244356238107
3540890830#4480479751,0,1,0.50619200747632
4205653425#1308273301,0,0,0.48626651231671664
49857216438#1660565927,0,0,0.48626651231671664
4261128452#2057082463,0,1,0.5126966437942447
1514159826#1549897545,0,0,0.48997110202877153
1579044786#4448697469,0,0,0.4915193873868797
3259633459#2066363395,0,0,0.4900737088213387
3715877024#3259633459,0,0,0.48626651231671664
14613451042#6633440508,1,0,0.4900826964365066
3715785447#3715877024,0,0,0.4890619732354525
586488148831#2066363395,0,0,0.48626651231671664
3729925561#2064727359,0,0,0.4974038217888572
3046735667#2054699471,0,0,0.4985627366073585
5199216301#1947384727,0,0,0.48626651231671664
2062233925#4038971285,0,0,0.48932976037688597
1592253963#2037536844,0,1,0.5316961859673873
472767444366#4672345130,1,0,0.48626651231671664
3648904752#3402798577,1,1,0.5141074563939443
4511530729#2111818909,0,0,0.49575631221188665
24087589564#4774992939,1,0,0.4937571727974116
4451342522#4897454823,0,0,0.4959366005241486
5132524109#4687016047,0,0,0.49119856558568714
1906908670#1711931843,1,0,0.4970636728190042
113940354842#2057120532,0,0,0.48626651231671664
1801542793#1965402836,0,0,0.48626651231671664
3046447657#2127640300,0,0,0.48170216570688396
2338916683#2338131041,0,1,0.5382125377364041
4150903563#3798429541,0,1,0.5012333153783955
1905948078#1878732185,0,0,0.49139371193876125
4755216808#2112250533,0,0,0.4991159325437286
5153549890#1671508853,0,0,0.489666323256367
1660870123#3741385724,0,0,0.48626651231671664
49857216438#10553947604,0,0,0.48626651231671664
77864569477#245814065042,1,0,0.49291156942448217
2064727359#4274088675,0,0,0.48626651231671664
4081237414#4518635926,0,1,0.5145922290482412
5060735897#5060996735,1,0,0.49653317398826874
4205438611#164247084187,0,0,0.48626651231671664
4197138413#5014897285,1,1,0.5110256460436126
3806805057#1955012315,0,0,0.48626651231671664
3764759336#5210263415,0,0,0.48626651231671664
1818739935#3871526816,0,0,0.4875546094618167
1708981181#4952427189,0,0,0.48626651231671664
2056110125#2179140827,0,0,0.4989542806989602
2098280462#3052760872,0,0,0.48922370732014364
29607898384#29298304831,0,1,0.5063563248760194
1423069315#2066363395,0,0,0.4900737088213387
3054149737#2056513753,0,0,0.492246545158828
2120525705#87820905399,0,0,0.4913654401707387
3393654804#3020259850,1,0,0.489731107337549
1431887069#4492819954,0,0,0.48626651231671664
3075628047#4205424867,0,0,0.490243604813815
2118967459#5066872862,0,0,0.4843391564668577
1955282013#1806458596,0,0,0.49953310700327314
237523614768#5031422175,0,0,0.48626651231671664
3728447268#4188977524,0,0,0.48626651231671664
1656969942#5112612148,0,0,0.48977663630744567
1387931444#2054733437,0,0,0.48786821977287126
2112891471#2056513884,0,1,0.5102250285115364
2070686849#90189177932,0,0,0.49084003670216797
4636041774#2098402937,0,1,0.5161385271031343
3075628047#172020433612,0,0,0.48626651231671664
3714314534#4674140626,1,0,0.49714709950454455
4206157164#2028648293,0,0,0.48626651231671664
3344615527#2057342439,0,0,0.48883225599190355
5185245258#3056884476,0,0,0.48626651231671664
1479238948#1479236024,0,0,0.49160490840033993
5060735897#4272843119,0,0,0.4980811346210885
1374701015#3946584694,0,0,0.48971960205692744
1830661655#3259633459,0,0,0.49730294278932197
44498925795#10605371390,0,0,0.48965536651163105
1801859916#4191026566,0,0,0.4885159350838679
1905948078#1565913038,0,0,0.4916893093065196
2229939616#106190147487,0,0,0.48656210968447505
2011714457#1546017096,0,0,0.49119890175069747
3289002540#4765643443,0,0,0.48626651231671664
1965402836#2055316377,0,0,0.48626651231671664
4792331959#4090060217,0,0,0.48626651231671664
2060189368#2296451977,0,0,0.48626651231671664
1656969942#3914910336,0,0,0.48431071111766316
2028648293#3054149737,0,0,0.48940704377268973
1465579387#4623199084,0,0,0.48626651231671664
1830661655#3742463975,0,0,0.4870989175707555
4606793746#152713373107,0,0,0.48626651231671664
4385069368#3073724824,0,0,0.48656210968447505
1660565927#3020259850,0,0,0.48626651231671664
138960910846#3689802081,0,0,0.4879167557707659
1955282013#3714314534,0,0,0.48983757871223227
1992903853#1320113949,0,0,0.4922103912392586
4165283827#2218941944,0,0,0.49598338487662547
3259633459#4591664277,0,0,0.49186644325658874
2055601072#1326198015,0,0,0.48763986909190665
496613160423#3554626889,0,0,0.49042255109395066
4591945469#2060192584,0,0,0.48739451493851393
3761484275#107725292534,0,0,0.49136040117233404
3673320803#4285617569,0,0,0.48626651231671664
2119476678#2165015487,0,1,0.5029960556630951
2057186115#2067534525,0,0,0.48626651231671664
4442900590#4451289887,0,1,0.5097113643862307
4218528758#4090060217,1,0,0.48626651231671664
1711931843#1421431863,0,0,0.4881638171406296
2796703699#4157438427,0,0,0.49530160023465064
3232083339#2640338192,0,0,0.4911663981241477
4538332005#2165145983,0,0,0.48626651231671664
4606793746#4591664277,0,0,0.49084003670216797
2026258516#2119388082,0,0,0.4918346022374586
4247327585#4788720081,0,0,0.48656210968447505
5101581034#1902954948,0,0,0.48626651231671664
4782070197#4450888165,0,0,0.48626651231671664
2077202780#3486188370,0,0,0.48626651231671664
4893054709#4372714526,0,0,0.48496407195980334
18469192585#2296451977,0,0,0.4902666993965299
3673320803#2119467444,0,0,0.48626651231671664
2055548123#2029674976,0,0,0.48857463851865085
244261041436#2060290671,0,0,0.48743335904011653
3726132284#1637980981,0,0,0.48656210968447505
4157438427#4316999082,0,0,0.49165599854009245
302839388028#152713369272,0,0,0.48626651231671664
1681839567#2050581826,0,0,0.48626651231671664
113940354842#117873856741,0,0,0.49336060209189164
4147318683#68727490330,0,0,0.48626651231671664
4808983543#4808238795,0,1,0.5056151959239401
3032272329#4129173722,0,0,0.4892996463523385
29298304831#29299331674,0,1,0.503666457789801
1515844843#3487828521,0,0,0.48626651231671664
178258449477#4623199084,0,0,0.48626651231671664
2057120532#2057186168,0,1,0.5054251198276924
1479236027#1479238953,0,0,0.4979307743592046
2117971399#1634250118,0,0,0.49267231832390046
4159029866#4159034451,0,0,0.49308911329137006
4901739840#4947650145,1,0,0.4893940014870845
4435564795#4509158303,0,0,0.48626651231671664
190330815066#5062472541,0,0,0.4955421001207357
4285491833#4316999113,0,0,0.4866584195634488
4632469809#2009723716,0,0,0.49512039381283074
2060189368#1759198091,0,0,0.49648918320039015
2019713645#2077202780,0,0,0.4875870616248378
3251483032#76198377822,0,1,0.509267288290593
1688850614#3056321676,0,0,0.48626651231671664
2229939616#106190147770,1,0,0.48656210968447505
1479236027#1371717862,0,0,0.49632906690305
3045566056#2123106282,0,0,0.48626651231671664
2339749085#1537709306,0,1,0.5053753371888778
1770010645#4788720081,0,1,0.5012618886359327
2066465509#4168332323,0,0,0.48626651231671664
156274791893#1639211797,0,0,0.4901777631158555
1319944364#3077766580,0,0,0.48786139035133713
4205653425#4272822938,0,0,0.48626651231671664
1770010645#2111818909,0,1,0.5076750512285318
1389154734#81553005637,0,0,0.48626651231671664
1479238950#1479236024,0,0,0.4979307743592046
34108474773#3474155608,0,0,0.489998171042085
3903241588#1816430022,0,0,0.48902381762451064
462509477875#1639233949,0,0,0.4915193873868797
2055601072#2058663075,0,0,0.4886670033412816
113940354842#1319944364,0,0,0.48786139035133713
18467626165#5210259474,0,0,0.48626651231671664
5210256944#3077905761,0,0,0.4915193873868797
4642512906#2112250533,0,0,0.48626651231671664
3946838650#4274235353,0,0,0.48626651231671664
3628839717#2059124992,0,0,0.48626651231671664
4145044745#4057297840,0,0,0.48656210968447505
4168332323#2056513884,0,0,0.48626651231671664
5121642074#77188486609,0,0,0.48626651231671664
2057146445#3949154929,0,0,0.4877289564078749
3997209484#4057038032,0,0,0.48626651231671664
3075634363#2336731175,0,0,0.4913619835783456
88520940864#69054982841,0,0,0.4997629552309419
4518635926#3446029041,0,0,0.48743335904011653
4345845643#3718610303,0,0,0.49139371193876125
2339749085#4272843119,0,0,0.48626651231671664
4623934568#4205438611,0,0,0.48656210968447505
4442444769#34108474773,0,0,0.4913654401707387
4686862664#3999176481,0,0,0.48656210968447505
4782070197#4256622048,0,0,0.48626651231671664
4150903563#3501281334,0,1,0.520828747044116
2725581419#309312102749,0,0,0.48626651231671664
2127640300#2062990764,0,0,0.48626651231671664
3628839717#2113712804,0,0,0.48626651231671664
3976610099#1430988070,0,0,0.48626651231671664
4657354294#4111311078,0,0,0.4875546094618167
2062990764#3486188370,0,0,0.4913654401707387
81553649652#121528725386,0,0,0.48788801493903905
4705563490#4538332005,0,0,0.49182207412321316
3999176481#2061645325,0,0,0.49348084013056126
4506637171#3878447634,0,0,0.48298895154372373
4272887201#3402798577,0,0,0.4980811346210885
176830210970#4232666143,0,0,0.48626651231671664
1716102732#5031422175,0,0,0.49901151464520005
4643938191#29298304831,0,1,0.5163369958305782
4450888165#4451131613,0,0,0.48656210968447505
2074716061#2119476678,0,0,0.48626651231671664
5185245258#2062990764,0,0,0.48626651231671664
4683019723#3062834380,0,0,0.4870564732529393
4623788579#5095491561,0,0,0.48626651231671664
4642512906#4944512773,0,0,0.4876922476734758
4828654874#1770010645,0,0,0.48905072843114517
3706699419#3946838650,0,0,0.4981641564470623
1716102732#1492507866,1,1,0.5054195276748221
3870637640#203654552716,0,0,0.4895398941453631
90189178714#69607734288,0,0,0.4959306272278007
2115699256#156276601478,0,0,0.48734427172414824
1688850614#3997209484,0,0,0.48626651231671664
113940354842#51020726773,1,0,0.4998101325426702
2050429375#4451342506,0,0,0.4879672598906677
2183963548#2026258516,0,0,0.49199795533795837
81732347381#4636382579,0,0,0.48626651231671664
4090060217#18465766142,0,0,0.48626651231671664
4215038721#4285491837,0,0,0.4932749198323014
6013639039#18469192585,0,0,0.4902666993965299
4451289887#2062057923,0,0,0.48739451493851393
2055601072#4636237354,0,0,0.48626651231671664
1639233949#3798429541,0,0,0.4998997443635218
2066465509#3467577097,1,0,0.49558730663794237
2059124992#1955036787,0,0,0.48626651231671664
4159034451#4746786446,0,0,0.48786821977287126
5060735897#4272887201,0,0,0.4980811346210885
5112612148#1665894324,0,0,0.4933809972318866
4590470198#4636041774,0,1,0.5202202174131346
2074716061#5185595733,0,0,0.4882502074500974
1627144913#4683019723,0,0,0.48656210968447505
2056297322#3200262090,0,0,0.48626651231671664
2165015466#3903296434,0,1,0.5012681190512188
2296451977#2296574953,0,1,0.5176586415703046
2059629426#1801859916,0,0,0.4881638171406296
4296050182#4448697469,0,1,0.5079451897119497
2057146445#1592253980,0,1,0.5103027255819791
18468040932#29298304831,0,0,0.48675190371740557
4897454823#4261185678,0,1,0.5044257297961177
2118416856#81553649652,0,0,0.48746066348133615
4444948728#4451288784,0,0,0.48626651231671664
2048870562#2049629924,0,0,0.4942766926946737
1868814296#451225137341,0,0,0.48626651231671664
5124803369#1463883823,0,0,0.48626651231671664
1386596352#2088439298,0,0,0.48807633911783255
1590547354#5112612148,0,0,0.4985946219428574
1431887069#3638725857,0,0,0.48626651231671664
4242849949#2116342008,0,1,0.5112956485643061
4159029866#4238958432,0,1,0.5091955942593923
1868814296#1374749246,0,0,0.48956328009846106
2059109005#5033763061,0,0,0.48626651231671664
2048870562#1726551362,0,0,0.48885892892482985
197910587768#5210263415,0,0,0.48626651231671664
1905948078#1394397775,1,1,0.5009424144424264
3574511395#1592595202,0,0,0.48626651231671664
3683502845#3446029041,1,0,0.48973069114214846
2725581419#3927040910,0,0,0.48997110202877153
4024663252#4214896049,0,0,0.48656210968447505
4291077418#4451288784,0,0,0.48626651231671664
4285617569#2060290671,0,0,0.48997110202877153
4711180581#1457252565,0,0,0.49071697521564217
5210260401#18468881765,0,0,0.48626651231671664
25244788647#208339001895,0,0,0.48626651231671664
2061309144#1878732185,0,1,0.5054195358874476
5076076232#34108474773,1,1,0.5055160086665881
2098280462#4057426755,0,1,0.5037661543727592
4646026536#4451124306,0,0,0.48656210968447505
2070627808#2296451977,0,0,0.49140812735711215
1320992608#3295629869,0,0,0.48656210968447505
1639219119#2296451977,0,0,0.49140812735711215
1479236027#1479238950,0,0,0.4979307743592046
14613476507#2057082463,0,1,0.5175083918756874
4529171947#5185529458,0,0,0.4968218177605673
2064727284#2064727359,0,1,0.5207710454545896
156274772298#156117444392,0,0,0.48715763160048325
309312102749#5186580338,0,1,0.5014027366330487
2059629426#314601953357,0,0,0.48656210968447505
1644753296#3467577097,0,0,0.49252405857777304
1801859916#3461052410,0,0,0.4996265335246062
3083904084#1846435855,0,0,0.49832299500788574
3572871605#203654552716,0,0,0.4916893093065196
4897454517#4591945469,0,1,0.5083004662184222
18468881765#6015536211,0,0,0.48656210968447505
4591664277#1955036787,0,0,0.48145411276176575
4711180581#4717095137,0,1,0.5079086673202194
4506637171#3077905761,0,1,0.5053849815258367
2074716061#4944512773,0,0,0.48626651231671664
2118416856#2061673563,1,0,0.49809972644489037
6013639039#6015536211,0,1,0.5105728184316622
2037536844#1777473801,0,0,0.4973099306520843
3903296434#2119476678,0,1,0.5007544179097264
3369949045#3477040043,0,1,0.5001298603548698
2060434131#1667001955,0,0,0.48626651231671664
1319956302#4538335537,0,0,0.4893383174899062
2057186102#2067003861,1,0,0.49084003670216797
5210260401#18467626165,0,0,0.48626651231671664
3578109145#3451234547,0,1,0.5057481118221702
3062834380#4711180581,0,0,0.48380727454255956
3708028912#3474155608,0,0,0.48626651231671664
2113712804#2113505781,0,1,0.5266175611018338
4385184737#2340035845,0,0,0.49372848145801357
2055771737#1660565927,0,0,0.48626651231671664
1872011272#3441097472,0,0,0.48626651231671664
2072319821#462509477875,0,0,0.49135956061927716
3578109145#3045782033,0,0,0.4879942417419701
2057186102#2057120547,0,1,0.5007411776926257
18467620471#2114390938,0,0,0.48822464820512407
3445564730#3461052410,1,1,0.5160093474382925
4212827921#1902954948,0,0,0.4940951597944022
1565913038#1565925308,0,0,0.4929364119096958
4901739840#2165015466,0,0,0.48626651231671664
76198377822#156117444392,0,1,0.5059778750455731
1902954948#2061891302,0,0,0.48656210968447505
14613476507#1429813467,0,0,0.487987314505928
4168332323#3946838650,0,0,0.4981641564470623
3077905761#4538335537,0,0,0.4910590604073526
4256926363#4807598946,0,0,0.48626651231671664
1642717858#4444948728,0,0,0.4900446272745222
107257732918#117277915830,0,0,0.4910581722869933
4159029866#3032272329,0,0,0.499231178252048
5172721151#4186052449,0,0,0.4966259091840724
1644753296#2159160651,0,0,0.4923767209561421
18467620471#156274815378,0,1,0.5092329795166628
146011937628#146011948003,0,0,0.48853665862414514
3235756553#1818739935,0,0,0.48626651231671664
62533690929#82852791222,1,0,0.49555335707654613
4636041770#4636382579,0,1,0.5379081778132486
1592595202#4080777239,0,0,0.48626651231671664
4372714526#4081101808,0,0,0.49146519331274696
164247084187#3111759030,0,0,0.48626651231671664
29607898384#38406123057,0,1,0.5063563248760194
3020557801#3551393130,0,0,0.48815698771909555
2056297322#2074773060,0,0,0.48626651231671664
3052180518#4479644011,0,0,0.48626651231671664
4683019723#5012670911,0,0,0.48626651231671664
3881629589#4226659635,0,0,0.48626651231671664
2116342008#1778986389,0,0,0.495188248079223
1947384727#2055548123,0,0,0.48626651231671664
2132795383#3786142129,0,0,0.48626651231671664
3072564418#3072525687,0,0,0.4932322557382451
4256622048#4256725997,0,0,0.4879672598906677
2551494872#4003389165,0,0,0.49352483895366
4219594127#4165283827,0,0,0.49598338487662547
156274791893#18467882961,0,1,0.507424574431781
146011948003#5003601219,0,0,0.48853665862414514
3876750735#3949154929,0,0,0.49785462848623624
2063873633#4161509156,0,0,0.48626651231671664
2336731175#1667032703,0,0,0.49648918320039015
4435393512#1546017096,0,0,0.4940447819380758
2098280462#3458092809,0,0,0.49213398213380977
2296574953#2070627808,0,0,0.49140812735711215
4327730515#2048870562,0,0,0.4942766926946737
110232280082#117277915830,0,0,0.4910581722869933
244261041436#4457149562,0,0,0.48626651231671664
4197138413#3915411982,0,0,0.48626651231671664
69607734288#87008148161,0,0,0.4989709410780996
1479236023#1479236027,0,0,0.49785489907139996
18468881765#18467626165,0,1,0.5255564452196174
4165283827#3708028912,0,0,0.48626651231671664
1660870123#2062233925,0,0,0.4862143891342386
4788720081#4606793746,0,0,0.48923510192934555
4755216808#5034242501,1,1,0.5070954600754191
2112620582#1639183384,0,0,0.48626651231671664
4385184631#1709836734,0,0,0.48626651231671664
5210256944#2111351705,0,0,0.48626651231671664
2070627808#6015536211,0,0,0.4915193873868797
4147318683#172020433612,0,0,0.48626651231671664
4657354294#4226659634,1,0,0.48626651231671664
4238958432#3751925404,1,0,0.4947845700307789
3310391587#5195792969,0,1,0.5012591631932577
2661092323#5185529458,0,1,0.5023591923281626
2016866285#2265862937,1,0,0.4898506477559079
4259293142#4665681736,0,0,0.4914350600805142
1955036787#4232471781,0,0,0.48626651231671664
3056321676#2113758643,0,1,0.5016119758874089
3578109145#3278113988,0,0,0.4883557539198014
4538332005#1801542793,0,0,0.48904272012214783
1801859916#1947384727,1,0,0.49841660245845737
156274791893#3693891469,0,0,0.487987314505928
14613588147#1847716478,0,0,0.4936776093043872
1847716478#302839388028,0,0,0.48852751966180624
2028648293#4090060217,0,0,0.48626651231671664
2159739159#2119493181,0,0,0.49984466818829515
1644753296#1347237190,0,0,0.48626651231671664
4877560558#2005664884,0,0,0.48626651231671664
18468881765#5210263415,1,0,0.48626651231671664
6015919609#2296451977,0,1,0.5142786495575308
3055502811#1906908670,0,0,0.48626651231671664
5205831892#3698546468,0,0,0.48626651231671664
2062332927#1955282013,0,1,0.5006108664107047
3554626889#2024358272,0,0,0.48626651231671664
3111759030#1479238953,0,0,0.4876922476734758
4261185678#4717095137,0,0,0.48763986909190665
4877560558#179819475882,1,1,0.5207296007611036
1746603523#1751247315,1,1,0.5170011267254667
3474685537#1391856996,0,1,0.5023754317777033
4274235353#2056297322,1,0,0.49138989154027535
1465579387#3055502811,1,1,0.5269594687914273
3715240690#1639324466,0,0,0.48626651231671664
2029674976#4991811656,0,0,0.48857463851865085
1429813467#2059196823,0,0,0.48626651231671664
2051966916#3285703159,0,0,0.48626651231671664
1472855034#3054149737,0,0,0.4933299062319265
2027457633#2113712804,0,1,0.5104861726986378
3061887519#146011937628,0,0,0.48853665862414514
156275809937#18468881765,0,0,0.4901112141746647
4482237216#4451342506,0,0,0.49423585295019756
4196030610#2058129925,0,0,0.48626651231671664
3949154929#4391918874,1,0,0.49057489670949933
1868036845#1868814296,0,0,0.4901240634696135
3743057958#586488148831,0,0,0.4915193873868797
1521423297#3287136295,0,0,0.48626651231671664
4674140626#29299331674,0,0,0.491175542084464
4285491833#4316999084,1,0,0.48868775749153387
4553975833#3726132284,0,0,0.48626651231671664
5210263415#5199216301,0,0,0.48626651231671664
54158062043#3046735667,0,0,0.48904272012214783
2338131041#1639219119,0,0,0.48626651231671664
2056478070#2296574953,1,1,0.5007310538781408
3872693399#2077202780,0,0,0.48853665862414514
3872693399#4195960848,0,0,0.4868272956878691
1838279448#2072319821,0,0,0.48815698771909555
2098402937#2113712804,0,1,0.516811221412298
474022190894#4195960848,0,0,0.488132497144302
1992903853#2065701964,0,0,0.4959561022754401
487126887411#4450888165,0,0,0.49514087518429106
2064727359#4272885125,0,0,0.4990059291558416
2050429375#2113909215,0,0,0.4934062054328836
2076366005#448453516754,0,0,0.49136040117233404
4782070197#102179535594,0,0,0.48626651231671664
3912840540#2026258516,0,0,0.48626651231671664
2070686849#1642717858,0,0,0.49773371156231155
3461052410#6015919609,0,0,0.48626651231671664
4808983543#4623199084,0,0,0.48626651231671664
3285703159#4161509156,0,0,0.48626651231671664
2114716134#2118967459,0,0,0.48626651231671664
1425289196#1320992611,1,0,0.4961782307537828
1741705970#1485301223,0,0,0.48786139035133713
1872033892#1394397775,0,0,0.4850883220349268
2066465509#3708061579,0,0,0.49558730663794237
4186052449#82852791222,0,0,0.49863869405434863
4232471781#4226659634,0,0,0.48626651231671664
114401992972#49857216438,1,0,0.48829585024480177
2111350136#2111351705,0,1,0.5069115341571707
1971464426#4020730390,0,1,0.5129444832228915
87008148161#90189177932,0,0,0.4913571028423494
107725290582#107725292534,0,1,0.5045158594314012
5121642074#469729776160,0,0,0.48626651231671664
1671508853#3447176726,0,0,0.48626651231671664
4274088675#4479644011,0,0,0.48626651231671664
18467620471#4584646241,0,0,0.48626651231671664
1347237190#5034242501,0,0,0.48626651231671664
1806319303#2058829770,0,0,0.49135956061927716
3715240690#208339001895,0,0,0.48626651231671664
1816430022#29299331674,0,0,0.48626651231671664
3638725857#2072319821,0,0,0.49140043543971323
1479238950#4591664277,0,0,0.48626651231671664
3251483032#2075393157,0,0,0.492423718138231
4271995519#4632469809,0,0,0.4875546094618167
4897454823#1430988070,0,0,0.48626651231671664
2016866279#2056110125,1,0,0.48955505038814956
392281366488#245814065042,0,0,0.4881836123067974
4808465998#5112612148,0,0,0.48806580207052036
2070686849#1711931843,0,1,0.5102422459354223
4435564795#87008148161,0,0,0.48656210968447505
3914910336#2118967459,0,0,0.4825191773974595
2061645325#1319956302,0,0,0.49172545910485255
201204584648#4159034451,0,0,0.48868920780444935
77188486609#2061891302,0,0,0.48896744609509907
4206157164#1833697097,0,0,0.48626651231671664
2181531828#2183428945,0,1,0.5053456406772934
3046735667#1592253963,0,1,0.5071147952019702
4057297840#3951061982,0,0,0.48656210968447505
2075611951#1639183384,1,0,0.49563607968784335
4020730390#207035576772,0,0,0.4941008912791523
4720990752#4720990748,0,1,0.519217645663934
59051797265#3698546468,0,1,0.5013645507546142
138960910846#1872033892,0,0,0.48626651231671664
3555205657#1438255025,0,0,0.4881836123067974
14613464473#14613588147,0,1,0.5108395121064333
1741705970#4218528758,0,0,0.48626651231671664
1326198015#2057718368,1,1,0.509691695473274
41881389364#14613451042,0,0,0.4909993894482366
309319424084#2613309225,0,0,0.49902292907708856
3445564730#3872693399,0,0,0.4937895336943082
4765643443#4645346456,1,0,0.4906419064642133
2055548123#237523614768,0,0,0.4878386352926125
106190147770#342898906861,0,0,0.4876922476734758
1694365644#4451297220,0,0,0.48626651231671664
1660565927#3467577097,0,0,0.48932976037688597
4711180581#4215038721,0,0,0.48626651231671664
4683019723#4027278504,0,0,0.48626651231671664
4015185289#223520731598,0,0,0.49364973518298055
4301029959#3441097472,0,0,0.48626651231671664
5034242501#5022076775,0,0,0.48626651231671664
1479236024#5121642074,0,0,0.48626651231671664
3200262090#5210260401,0,0,0.4879167557707659
1472855034#1541915947,0,1,0.5036966828366249
406088738482#3056321676,0,0,0.48626651231671664
2057146445#2059196823,0,0,0.4991925286666746
5210263415#4242516938,0,0,0.4879167557707659
179819475882#156117444392,0,1,0.5092416658273673
1579044786#4510371801,0,0,0.49323476177181164
3020259850#2056297322,0,0,0.48626651231671664
18468881765#4206133788,0,0,0.48626651231671664
1386596352#4435393512,0,0,0.48626651231671664
2066486027#2062233925,1,0,0.4927640720443944
47896517559#1307874587,0,0,0.48626651231671664
4464914770#2123106282,0,0,0.48626651231671664
1759198091#1667032705,0,0,0.49648918320039015
1634250118#474022190894,0,0,0.4949802502490856
2057342439#4658572195,0,0,0.48626651231671664
2061947277#5210260401,0,0,0.48626651231671664
4296050182#3830915699,0,1,0.508576562688434
4256484724#1429813467,0,0,0.48626651231671664
1465579387#2062233925,0,0,0.4928161952268724
5162703470#29298304831,0,0,0.4956816135796627
156275809937#4212827921,0,0,0.48656210968447505
4219594137#4219594127,0,1,0.534692306615855
4285491833#4285491837,0,1,0.5092536412946497
2075611951#4683019723,0,0,0.48626651231671664
4451089335#3999176481,0,1,0.5099520392721874
487072504294#1560130077,0,0,0.48626651231671664
1759198091#2336731175,0,0,0.49648918320039015
392281366488#315728832242,0,0,0.48626651231671664
3474155608#10553947604,0,0,0.48626651231671664
4451289887#4451131613,0,1,0.5096967648503784
4003389165#4451288784,0,0,0.489666323256367
6015536211#6015919609,0,1,0.5139548092094338
4584646241#3949154929,0,0,0.4942563918388393
29299331674#5162703470,0,0,0.47763516133131817
3474685542#4808238795,0,0,0.4875546094618167
1774582761#1552178606,0,0,0.489648232979629
1492507866#4774996826,0,0,0.4922854725178463
156893097471#173652977366,0,0,0.48626651231671664
5121642074#1627677359,0,0,0.48626651231671664
3903417192#5012670911,0,0,0.4915193873868797
5095491561#4518635926,0,0,0.4943675527670088
3046735667#3976610099,0,0,0.48626651231671664
315728832242#4145044745,0,0,0.48626651231671664
1906908670#109165560395,0,0,0.48626651231671664
5205831892#4256622048,0,0,0.4879672598906677
3062834380#4451288784,0,0,0.4974471696401908
1573188123#3085085227,0,0,0.48626651231671664
3081986781#5186293263,0,1,0.5043794258895603
1801859916#3991704859,0,0,0.4901192824256546
77864569477#4658956014,0,0,0.4892174061960566
4518635926#1485301223,0,0,0.49174223401844663
2135054445#2069985286,1,0,0.49140043543971323
3683502845#4071233134,0,0,0.4959973901954299
117154450703#150594495671,1,0,0.48953069929710397
107725292534#4763974603,0,0,0.48626651231671664
5003601219#3690831675,0,0,0.48626651231671664
4584646241#2063057962,0,0,0.48626651231671664
90189177932#69607734288,0,0,0.4959306272278007
5062472541#4206304466,0,0,0.4898870007120799
90189178714#69607725939,0,0,0.4959306272278007
3045486706#3693891469,0,0,0.48626651231671664
4540676462#2123106282,0,0,0.48626651231671664
2057186115#2074716061,0,0,0.49090872814554437
2113712804#1702937295,0,0,0.4903078207206566
2060290671#1326198016,1,1,0.5124997934818385
4195960848#4020730390,0,0,0.48962184518546387
4746786446#3055502811,0,0,0.48656210968447505
2063873633#5132524109,0,0,0.48626651231671664
3540890830#4157438427,0,0,0.49489397468806423
3447176726#3458092809,1,0,0.4923437290882133
5124643800#4451124293,0,0,0.48822464820512407
4455655369#3045486706,0,0,0.4956408058843952
2056513753#1472855034,1,1,0.5058413802997078
2339749085#4271995519,0,0,0.4875546094618167
4081237414#4081101808,0,0,0.4966566600862983
36551936093#2123106282,0,0,0.48626651231671664
3523677670#18468847224,0,0,0.48970257367432657
1759198091#2055626034,0,0,0.49648918320039015
4226659635#4256981120,0,0,0.48626651231671664
3474685542#3477269987,0,1,0.501295467936999
4506637171#4280544295,0,0,0.48424367832372034
1918821009#4040761448,1,1,0.5039746783304393
3287136295#4774996826,0,0,0.48732191490724297
4081080713#4807598946,0,0,0.488132497144302
2112891471#4206244931,0,0,0.4876922476734758
1374749246#1546017096,0,0,0.48626651231671664
4301029959#2074716061,0,0,0.48626651231671664
4460827792#4520831992,1,0,0.4843522772008958
3951061982#1833924490,0,0,0.49051733611514514
4444948728#3949154897,0,0,0.48626651231671664
3445564730#3400225309,0,1,0.5039428765390255
172020433612#2218941944,0,0,0.48626651231671664
54158093151#3766348815,0,0,0.48882311702956466
2051966916#2060290671,0,0,0.49221993252019175
2113505781#2027457633,0,1,0.5104861726986378
4280544295#1801542793,0,0,0.48626651231671664
4808240616#4720990752,0,1,0.5211525545873771
2122362220#4316999113,0,0,0.48656210968447505
2163049577#2135391712,0,0,0.4908642039228288
3441097472#190330815066,0,0,0.48656210968447505
4242516938#3445564730,0,0,0.4902268653841768
4448830722#4792436579,0,0,0.48626651231671664
43679253447#1431887069,0,0,0.48743335904011653
3741385724#3043166693,0,0,0.48626651231671664
1716102732#4774996826,0,0,0.4922854725178463
3574511395#3870637640,0,0,0.48626651231671664
3945370752#2019713645,0,1,0.5054750481012814
1656969942#146011937628,0,0,0.48853665862414514
156276919685#156274772298,0,0,0.4882150789774235
4161509156#1805614122,0,0,0.4915193873868797
4645346456#4592596123,0,0,0.4906419064642133
4055266231#4451124293,0,1,0.5052799235173603
4857133554#4672345130,0,0,0.49090386514103074
3871526816#2068436073,1,0,0.48874876062643624
4808240616#4683019723,0,0,0.4871228930556275
5199216301#5199216296,0,1,0.5139879432988396
5185595733#4259293142,0,0,0.49650210460899574
4623199084#156274791893,0,0,0.48852751966180624
4897454517#107725292534,0,0,0.49423585295019756
1394397775#1778986389,0,0,0.4976868961752381
4206133788#1320992608,0,0,0.48626651231671664
1872011272#3708061579,0,0,0.4983095934358934
3046447657#4165283827,0,0,0.49140986049117413
4448697469#1457252565,0,0,0.48626651231671664
1639211797#2061309144,0,0,0.48626651231671664
4763974603#2114716134,0,0,0.489666323256367
309319424084#1423069315,0,0,0.48845921287702754
2135391712#2111350136,0,0,0.4892174061960566
3111759030#1801542793,0,0,0.48626651231671664
4261128452#2661092323,0,1,0.5134447669733296
4716857454#4952427189,0,0,0.48626651231671664
107725290582#2072319821,0,0,0.48626651231671664
4636041774#4636041770,0,1,0.534935764492516
190161454564#1778986389,0,0,0.48626651231671664
208339001895#117154450703,0,0,0.48923510192934555
4435837459#4442900590,0,1,0.5125718419269253
1751247315#1872011272,0,0,0.49252405857777304
4291724455#2119476678,0,0,0.4892174061960566
3289002540#3487828521,1,0,0.48626651231671664
121528725386#2358058218,0,0,0.48656210968447505
4703712538#2011714457,0,0,0.48734427172414824
4451124293#4451288784,0,0,0.48656210968447505
1708981181#1877399023,0,0,0.48610884749190303
2062990764#4686862664,0,0,0.48626651231671664
4897454823#4584646241,0,0,0.48626651231671664
1386596352#4037407479,0,0,0.4942766926946737
1560130077#3945370752,0,0,0.48626651231671664
1878732185#1394397775,0,0,0.4915059311387162
2111350136#3951061982,0,0,0.48626651231671664
4219594137#4897862520,0,0,0.48626651231671664
4159034451#1888052790,0,0,0.4826006004914468
4623788579#4436356008,0,0,0.4989950082407881
2065684660#4808180492,0,0,0.48626651231671664
18469192585#2725581419,0,0,0.48997110202877153
4901739840#5132524109,0,0,0.48626651231671664
3032272328#4436356008,0,1,0.5115104056167411
2057146445#3554626889,0,0,0.4814298617370942
5209201860#1627144913,0,0,0.4915193873868797
3574511395#18468881765,0,0,0.48626651231671664
6015919609#1806631591,0,0,0.48656210968447505
3991704859#4286394339,0,0,0.49031191476961067
4807598946#4510371801,0,0,0.49472788932526873
3949154929#4090060217,0,0,0.4914158280491023
4238325930#114018376174,0,0,0.48626651231671664
3766348815#4057038032,0,0,0.48626651231671664
4242849949#1430988070,0,1,0.5136194504077918
3487828521#24480297189,0,0,0.48898879608090284
5186580338#5084206172,1,1,0.5031801065494415
1660870123#2066482479,0,0,0.4904269961159556
4081101808#1389154734,0,0,0.48626651231671664
2339749085#3715785447,0,0,0.4928730069030338
2061947277#4181867888,0,0,0.4910581722869933
69607734288#68727484174,0,1,0.5007222871980774
1425289196#43679253447,0,0,0.488093426665195
309312102749#4625984633,0,0,0.4923300403795529
3976610099#1774582761,0,0,0.48626651231671664
4214896049#4215038721,0,0,0.48626651231671664
2054734592#4062453297,0,0,0.49390015093412293
68727490330#68727484174,0,0,0.4985632235412932
5186293263#4665681736,0,0,0.4965960041663509
4242516938#29607898384,0,0,0.48626651231671664
3551393318#4495500756,0,0,0.48656210968447505
4018768324#130736997137,0,1,0.5149684710140234
487072504294#4385184631,0,0,0.48626651231671664
1552178606#4206304466,0,0,0.488336980504261
4659085543#2183963548,0,0,0.48626651231671664
462509477875#4506637171,0,0,0.4915193873868797
3235756553#3295629869,1,0,0.49176240940605465
5209201860#1716102732,0,0,0.48829585024480177
18468847224#4226781300,0,0,0.49256378909998266
2075393157#4636508851,0,0,0.49366124960217533
3887317437#2661092323,0,0,0.4966777388919201
3477269987#4018768324,0,1,0.5005218795178432
1833924679#1479238950,0,1,0.5000238839560436
3523677670#4584646241,0,0,0.48626651231671664
487072504294#1847716478,0,0,0.4936776093043872
3045580653#4584646241,0,0,0.48626651231671664
4442444769#2340035845,0,0,0.48626651231671664
1347237190#2296574953,0,0,0.48626651231671664
3467577097#2947790103,0,0,0.48626651231671664
135707428689#4159029866,0,1,0.5042996363149235
4750249486#3999176481,0,1,0.5130486119628219
3402256673#4081237414,0,0,0.48626651231671664
3751925404#1708981181,0,0,0.49074813550810376
3761484275#107725290582,0,0,0.49136040117233404
2057155052#1709836734,0,0,0.48664515810322945
51020726773#1349608070,0,0,0.48656210968447505
2055626034#2062057923,0,0,0.49648918320039015
1654102057#1590547354,1,0,0.49521764804680196
1877399023#59051797265,0,0,0.48626651231671664
3728447268#4624517252,0,0,0.48626651231671664
4606793746#178258449477,0,0,0.48923510192934555
1492507866#4720990752,0,0,0.48626651231671664
1741705970#5199216296,0,0,0.48656210968447505
1888052790#4159029866,0,0,0.48121940562799254
38406123057#2297005450,0,1,0.5144535659069063
4256926363#4657354294,0,0,0.48626651231671664
2067003861#2076366005,0,0,0.487987314505928
18468847224#4226659634,0,0,0.48626651231671664
18467626165#156275809937,0,0,0.4901112141746647
4316998845#4316999082,0,0,0.4972446899776314
3507050766#1326198016,0,0,0.48626651231671664
2058258958#1537709306,0,1,0.5016811739604522
2051966916#4451288784,0,0,0.48626651231671664
4726073967#1639211797,0,0,0.48626651231671664
120204740541#4444948728,0,0,0.4941797202936531
5209201860#4185479835,0,0,0.48997110202877153
4518635926#10605371390,0,1,0.5050829073733615
3054149737#342898906861,0,0,0.48626651231671664
2075393157#4643809596,1,1,0.5015679676037724
77188486609#2074773060,0,0,0.4951246519166134
2066302302#4715649755,0,0,0.48626651231671664
4482237216#51020726773,0,0,0.49423585295019756
2123106282#120204740541,0,0,0.48626651231671664
109165560395#4643809596,0,0,0.4922854725178463
3081986781#5185595733,0,1,0.5016630486948325
2061891302#2065684660,0,1,0.50051458514309
70372592196#244261041436,0,0,0.48626651231671664
4495500756#4777051438,0,0,0.48656210968447505
4427009841#4455655369,0,1,0.509349789960349
3638725857#4242516938,1,0,0.49140043543971323
10553947604#3061887519,0,0,0.48626651231671664
1463883823#2947790103,0,0,0.48626651231671664
4188977524#1711931843,0,0,0.4894598481613048
18468881765#5199216295,0,1,0.5128900398730708
4215038721#114401992972,0,0,0.48626651231671664
4683019723#1590408241,0,0,0.48703983838789855
4686862664#314601953357,0,0,0.48656210968447505
4214896049#4646026536,0,0,0.48169933582276014
303434608762#1806319303,0,0,0.48626651231671664
2039273909#4768693982,0,0,0.4922854725178463
5199216296#2114390938,0,0,0.48656210968447505
1579044786#2640338192,0,0,0.4938922347919866
4768693982#172020433612,0,0,0.48626651231671664
2063057962#2066486027,0,0,0.4881980842676193
1816430010#2058300923,0,0,0.49360851557277513
2061309144#1394397775,0,0,0.4915059311387162
44498925795#4018768324,0,0,0.49119855565631165
4206274527#4165283827,0,0,0.49140986049117413
1592253963#2054699471,0,1,0.5285108295050975
4205438611#4897048724,0,0,0.48656210968447505
4683019723#203654552716,0,0,0.4871228930556275
2059196823#2064590829,1,1,0.5339356623975969
207035576772#3441097472,1,0,0.49334176155442927
1806458596#2073668282,1,1,0.5022972527214329
2113657433#41881389364,0,0,0.48626651231671664
3292344959#2640338192,1,0,0.49272351598381064
4215058789#4214896049,1,0,0.4903786933952419
4435837459#4440496809,0,0,0.4870989175707555
2113712804#2113657433,0,1,0.5317396130049368
4584646241#4391919171,0,0,0.49057489670949933
1830661655#1813327174,0,0,0.488132497144302
3285703159#2165145983,0,0,0.48626651231671664
174007019522#3867456846,0,0,0.4868272956878691
1389154734#3056884476,1,0,0.486656980184558
1920503864#4286394339,0,0,0.4900469863286736
2070627808#109165560395,0,0,0.48626651231671664
1681839567#4199527734,0,0,0.48626651231671664
2358058218#3310391587,0,0,0.48656210968447505
114693583065#165376540325,0,0,0.4977313516116771
102179535594#3673320803,0,0,0.48626651231671664
4606793746#1642717858,0,0,0.48626651231671664
2165145983#2051966916,0,0,0.48626651231671664
3289002540#4435837459,0,0,0.48626651231671664
4625984633#4624517252,1,1,0.5031843545239664
4391918874#1875282048,0,0,0.49057489670949933
2119476678#4506637171,0,0,0.48626651231671664
2037536844#1906908670,0,0,0.4875546094618167
422593876041#4186052449,0,0,0.48626651231671664
2756949375#1514159826,0,0,0.48997110202877153
107725290582#4897454823,0,0,0.4959366005241486
18465766142#29298304831,0,0,0.4843830823930446
4765643443#49857216438,0,0,0.48626651231671664
2165015466#2113288221,1,1,0.5103227253205983
138960910846#2075611951,0,0,0.48626651231671664
4345845643#3870637640,0,0,0.4900638421940861
4296050182#4457149562,0,0,0.48626651231671664
1479236024#3045782033,0,0,0.4875546094618167
4452283739#3052169593,0,1,0.5185477970923819
3951061982#3477269987,0,0,0.49250103124852584
2058829770#1319944364,0,0,0.48786139035133713
2059196823#1718702641,0,1,0.503814475122976
2113712804#5034242501,0,0,0.499302947351968
3612961288#4750249486,0,1,0.5130486119628219
1320113949#2075899540,0,0,0.49250598860701694
2067003861#2725581419,0,0,0.48626651231671664
6013639039#18467626165,0,0,0.4911994625087891
4065797638#3949154897,0,0,0.48626651231671664
4495500756#3715240690,0,0,0.48626651231671664
1955012315#2127640300,0,0,0.4875546094618167
1479238953#1479236023,0,1,0.501581941973213
1694365644#3072525687,0,0,0.48626651231671664
25244788647#1929467433,0,0,0.4884434933418854
3578109145#2072319821,0,0,0.49562294762733716
3555205657#3287805133,0,1,0.5130226289692481
4452283739#3081746888,0,0,0.4989614133739418
4782070197#4280544295,0,0,0.49429545817697745
3091482697#2070686849,1,1,0.5023072359477628
4464608641#4219594127,0,0,0.49472788932526873
4509158303#2064988617,0,0,0.48626651231671664
3551393130#3474685537,0,0,0.49491990681163117
4285491837#4841108780,0,0,0.4878888785069782
4792436579#4750249486,1,1,0.5014939496864412
3913486789#2056297322,0,0,0.48626651231671664
2336731175#1667032705,0,0,0.49648918320039015
2050429375#4219594137,0,0,0.4962789822443838
5185595733#2119388082,0,0,0.48626651231671664
2072319821#3052169971,0,0,0.48907834731712546
6013639039#2296451977,0,1,0.5179812405045879
4897454823#4897454517,0,0,0.4945314503179559
1770010645#156117444392,0,0,0.48626651231671664
2075611951#2117971399,0,0,0.48626651231671664
113940354842#4606793746,0,0,0.48626651231671664
2056110125#2661092323,0,0,0.48517797481774094
2336731175#2055626034,0,0,0.49648918320039015
1872011272#4436356008,0,0,0.48626651231671664
14613460476#18468082722,0,0,0.49189856530506687
4735716172#4077473357,0,0,0.48656210968447505
4215038721#4435393512,0,0,0.4897715550128076
5186293263#4259293142,0,0,0.49650210460899574
4705563490#34108474773,0,0,0.48626651231671664
2078213282#3839297007,0,0,0.48626651231671664
3835082917#3718610303,0,0,0.4881665373701731
4590154078#4636237354,1,0,0.4987852079174003
4040761448#114401992972,0,0,0.48626651231671664
156274772298#156118078425,0,0,0.48626651231671664
3075628047#1778986389,0,0,0.4899480074460566
2113909215#4435666805,0,1,0.5184640133855679
4286394339#164247084187,0,0,0.48626651231671664
1665894324#2229939616,0,0,0.48656210968447505
4774992939#4774996826,0,1,0.5067815289116777
462509477875#4195960848,0,0,0.48626651231671664
2078213282#4665681736,0,0,0.4965960041663509
4256484724#1386596352,0,0,0.49332921418799563
1387931444#4715649755,0,0,0.4986778699351562
114693583065#1514159826,0,0,0.48997110202877153
4591945469#107725290582,0,0,0.49932974180581496
4301029959#44498925795,0,0,0.48626651231671664
472767444366#3494236195,0,0,0.48626651231671664
3708028912#4567571289,0,0,0.48626651231671664
2061673563#4215058789,0,0,0.48626651231671664
3501281334#3289002540,0,1,0.5111391990455761
3551952832#2338916683,0,1,0.5062400832105532
2058129925#3881629589,1,0,0.49480111788696024
1592253980#2037536844,0,1,0.5122390313780381
1453527936#1457252565,0,0,0.48626651231671664
3946838650#4296050182,1,1,0.503261044065514
1634250118#4790633062,0,0,0.49310308189973817
4790633062#207035576772,0,0,0.48656210968447505
5124643800#47896517559,0,0,0.48626651231671664
4636354282#18468082722,0,0,0.497026029389969
4385184737#4205424867,1,0,0.490243604813815
4271919356#4991811656,1,0,0.4915102487755371
18468040932#77188486609,0,0,0.48626651231671664
3446029041#2092174215,0,0,0.48626651231671664
2116342008#4452283739,0,1,0.519318443040087
1711931843#2062332927,0,1,0.5151019534017273
4186052449#4592596123,0,0,0.4904842416393997
4129059855#4451089335,0,0,0.4943247939952628
3846598639#451225137341,0,0,0.48734427172414824
2058663034#2055601072,0,0,0.4886670033412816
4828654874#4511530729,0,0,0.4897373520107569
3045580653#3077307902,0,0,0.4895817255413518
3876586389#4509158303,0,0,0.48626651231671664
2054817755#2119467444,0,0,0.48902381762451064
4132299618#3056321676,0,0,0.48626651231671664
4037407479#82852791222,0,0,0.49729955126207526
2057120547#2067003861,0,0,0.48626651231671664
1885490974#3741385724,0,0,0.48626651231671664
2055316377#4495044650,0,0,0.48626651231671664
3046735667#1592253980,0,1,0.5026320948331338
1656969942#146011948003,0,0,0.48853665862414514
3551952832#2338131041,0,1,0.5062400832105532
3285703159#1326198015,0,0,0.4868272956878691
2060189368#1667032703,0,1,0.5007391509441131
4205653425#4464608641,0,0,0.4844748377590212
2062332927#1642717858,0,0,0.49773371156231155
1579044786#2117971399,0,0,0.48786139035133713
68727490330#69054982841,0,0,0.49614876281262604
18466913739#4238325930,0,0,0.4894225872251696
1833924490#2026258519,0,0,0.4929624863283985
3876586389#1801859916,0,0,0.49711049237006116
4897862520#4735716172,0,0,0.49145904394942536
4206181444#1429813467,0,0,0.48626651231671664
1987142430#4897048724,0,0,0.48626651231671664
1320992608#1479238950,1,0,0.4931886029131984
2054733437#1872033892,0,0,0.4916893093065196
3951061982#138962707346,0,0,0.48626651231671664
2064988617#2132795383,0,0,0.48626651231671664
2118967789#3251483032,0,0,0.48656210968447505
1929000382#1833924490,0,0,0.48626651231671664
1391856996#3997209484,0,0,0.48626651231671664
3551952830#2339749085,0,1,0.5062400832105532
4893054709#4857133554,0,0,0.48626651231671664
1947384727#2179140827,0,0,0.48626651231671664
3991704859#2092174215,0,0,0.49002297254668087
407966480507#3043391308,0,0,0.48656210968447505
4672345130#82852791222,0,0,0.48626651231671664
4510371801#3046735667,0,0,0.4848273035993937
2057146445#4081080713,0,0,0.48743335904011653
2127640300#3903417192,0,0,0.4875546094618167
4511530729#178258449477,0,0,0.48923510192934555
1818739935#4495500756,0,0,0.4884269589268906
1387931444#3041186060,0,0,0.4938108529499279
4451089335#4711180581,0,0,0.4948739780482538
4205438611#4755216808,0,0,0.49366124960217533
2137028345#4259293142,0,0,0.4913335568451982
4159034451#2098280462,0,0,0.497007634885584
10530767652#2078835030,0,0,0.49219196228613077
4591664277#3786142129,0,0,0.48626651231671664
4232666143#4226659635,0,0,0.48626651231671664
3830915699#5186580338,0,0,0.49178916279400153
3467577097#4451124293,0,0,0.48626651231671664
4897454823#107725292534,0,0,0.4959366005241486
4062453297#325639508083,0,0,0.48626651231671664
4274235353#4020730390,0,0,0.48656210968447505
4316998845#4090060217,0,0,0.48626651231671664
4199527734#2057082510,0,0,0.48626651231671664
5210263415#2338916683,0,0,0.48626651231671664
156118078425#156276919685,0,0,0.49366124960217533
203654552716#4529900425,0,0,0.48656210968447505
65334336497#4065797638,0,0,0.48626651231671664
2037536844#2057202369,0,1,0.506752560642382
2074773060#2062233925,0,0,0.48626651231671664
18467620471#38406123057,0,0,0.49366124960217533
4385184631#2340035845,0,0,0.49372848145801357
3108657350#1349608070,0,0,0.48626651231671664
3709709254#3903417192,0,0,0.4915193873868797
2054788692#4624517252,0,0,0.4867608758851809
3887317346#3715877024,0,0,0.4890619732354525
4391918874#3876750735,0,0,0.48626651231671664
2057186115#2057120547,0,1,0.5058761601233865
4259293142#2078213282,1,0,0.4914350600805142
2064727284#1955012315,0,0,0.4875546094618167
2296574953#3968903489,0,0,0.4891269898574112
1573188123#1639170956,0,0,0.4914246807429478
1711846546#1579044786,0,0,0.49300726829849495
4606793746#1770010645,0,0,0.4938086263147969
4792331959#1592595202,0,0,0.49084003670216797
4451089335#4455655369,0,1,0.5038053658534302
4261128456#4272887201,0,0,0.48852751966180624
2296451977#152713369272,0,0,0.48626651231671664
2054817755#1644753296,0,0,0.4875546094618167
1438255025#2358058218,0,0,0.49595386828542865
2066302302#5014897285,0,0,0.48626651231671664
120204740541#2069985286,0,0,0.48626651231671664
4206304466#4646026536,0,0,0.48626651231671664
407966480507#3968903489,0,0,0.492751021288733
2092174215#2060575761,0,0,0.48983324471825307
3867456846#1929467433,0,0,0.4868272956878691
2057146445#2037536844,0,1,0.5178121728196826
4768693982#2118967459,0,0,0.48626651231671664
34108474773#18467882961,0,0,0.48626651231671664
4316998845#1429813467,0,0,0.48829585024480177
3077766580#2058829770,1,0,0.49295443865389765
70372592196#4215038721,0,0,0.48626651231671664
323098110922#2111818909,0,0,0.48739451493851393
2112891471#2057146445,0,1,0.5123833350663314
3477269987#3628839716,1,0,0.49390126394605327
49857216438#68727484174,0,0,0.4910581722869933
4506637171#4721167510,0,0,0.48561251268516764
2058663034#2058663075,0,0,0.4886670033412816
2947790103#2049629924,0,0,0.4942766926946737
1421431863#3072564418,0,0,0.4910581722869933
2055601072#2060290671,0,0,0.49004036011647156
3056321676#2121050325,0,0,0.49084003670216797
109765155485#4150903563,0,0,0.4881836123067974
2056513753#1784914445,0,1,0.5023822133323185
3551952832#4824054256,0,0,0.48626651231671664
4448830722#4427009841,0,1,0.5041840276097521
3451234547#3474685537,0,1,0.5007805537430827
3887317351#4632469809,0,0,0.49506291489256604
81553005637#1430988070,0,0,0.48746066348133615
3945370752#4191026566,0,0,0.4999016246425173
3644272514#76198377822,0,0,0.48656210968447505
4755216808#1833924679,0,1,0.5064821242573695
2057120547#1726551362,0,0,0.48788801493903905
2026258524#2026258516,0,1,0.5125057035933718
2061645325#1806561207,0,0,0.49392167822350025
1519768568#2066363395,0,0,0.4914298617370942
4450888165#4451297220,1,0,0.49720424757385556
4081080713#5095491561,0,0,0.49108201293224263
107725290582#4451342506,0,0,0.4959366005241486
3574511395#10553947604,0,0,0.48626651231671664
3046471496#4460827792,0,0,0.48626651231671664
62533690929#451225137341,0,0,0.48626651231671664
4636041770#2113505781,0,1,0.5217486664440223
1833697097#1833924679,1,1,0.5125169404732387
3474685537#2165015466,0,0,0.48626651231671664
18468040932#18468847224,0,0,0.48626651231671664
5199216295#5199216300,0,1,0.5128900398730708
3870637640#1456843034,0,0,0.48626651231671664
3446029041#4077473357,0,0,0.489809969054561
1667032705#1726551362,0,0,0.48626651231671664
1423069315#3259633459,0,0,0.4913309848344199
3488840316#4195960848,0,0,0.488132497144302
5199216300#5210256944,0,0,0.48626651231671664
