pair_id,true_label,pred_label,confidence
1639274792#6626538016,0,0,1.5349200321171999e-06
1978617397#3416246620,0,0,3.3328209966264597e-06
4909154245#3692778406,0,0,3.6690518023587494e-06
3582409643#2058085195,0,0,1.5501981784146832e-05
1660870123#4256662307,0,0,9.617097438842273e-07
199552139760#1639170956,0,0,0.00046981256575078303
4702804708#1978617397,0,0,0.00011762564403220726
3488840316#3363359717,0,0,0.013351543196882193
10553947604#4756922573,0,0,3.1481236985577278e-06
3878447642#4761512241,0,0,1.7636611506660525e-06
1848719127#179195001984,0,0,9.617097438842273e-07
4798031879#544241990815,0,0,7.730978926193547e-06
3030484462#4675257710,0,0,6.019496939063304e-06
59051797265#4792968045,0,0,1.5946875389485298e-06
3042374746#2059486037,0,0,9.668588830459031e-06
2180548061#5128222238,0,0,6.992436295906256e-06
2004718856#4145496082,0,0,0.0026041595619983363
82342257069#5137527272,0,0,0.0002623256896081104
1995386759#146011948003,0,0,3.479186008606391e-06
4557843865#1479238950,0,0,9.617097438842273e-07
4040761448#1639169322,0,0,2.8764208562605328e-05
2058661446#1416247746,0,0,0.00227074970813082
4259293142#3047028308,0,0,0.01865311724754425
303103274469#422593008639,1,0,0.004422936871765944
4649888830#1469947163,0,0,4.0286494155668736e-05
3946838650#1552378116,0,0,0.03380254505188735
9283556866#3766348815,0,0,2.036654328959266e-05
2060056435#1715361146,0,0,9.617097438842273e-07
4731359279#1840879535,0,0,1.1416228459950034e-06
4424722345#3267793376,0,0,0.00031250232417813387
3628533316#4283342406,0,0,3.428713277592263e-05
3045580653#4132115994,0,0,9.617097438842273e-07
2060192584#4857106956,1,1,0.9999492128843488
4958160823#2050581826,0,0,9.617097438842273e-07
4128826467#86403779490,0,0,7.060954400712232e-05
81553649652#5078702464,0,0,9.617097438842273e-07
2004718856#1802468675,0,0,0.006854044707446116
4674140626#2671772709,0,0,2.3828548841541543e-05
4635793707#96073555522,0,0,3.1473268824151654e-06
1500072490#4059739993,0,0,9.617097438842273e-07
98862400850#325294719982,1,0,0.00037750732666598237
4649888830#3318133040,0,0,9.028624101943958e-06
4909154245#199552139760,0,0,2.3756523869785656e-05
276607465209#238877261551,0,0,9.617097438842273e-07
2191172688#4273893775,0,0,1.1650326869203366e-05
3215754174#4201800596,0,0,0.0011179474959036682
1636709118#4659328158,0,0,1.0929555668485615e-06
4469590077#4526072603,0,0,9.617097438842273e-07
3055204922#58971109124,0,0,4.5198225788350524e-05
4157483944#1552378116,0,0,0.04114572873447783
2113758643#4214624671,0,0,6.052434810641031e-05
4312099236#1785110101,0,0,9.617097438842273e-07
3404220738#1998358860,0,0,2.1471443077592685e-06
376973981474#1415520008,0,0,8.592317786518791e-05
48399481031#4737466020,1,0,0.11472806149766611
1726551362#87820911338,0,1,0.9079741475159829
4161797582#422593008553,0,1,0.9999991640311036
4435951946#2060056435,0,0,3.3664679183004965e-06
1479236028#3369184055,0,0,0.00014446708229600468
1469947163#1402124924,0,0,0.0036255297294253913
3055550819#4529633813,0,0,6.283250910358287e-05
3447176726#4111411514,0,0,1.0929555668485615e-06
1625147559#1467729091,1,1,0.9999983070409662
1535646713#2058085195,0,0,1.0929555668485615e-06
2069185249#2069259743,1,0,0.008268577613541257
2120702109#14503977526,0,0,1.922952014134293e-05
2123100264#3691716746,0,0,9.617097438842273e-07
2055988859#4523373320,0,0,0.00027511635144184237
4059739993#4197944029,0,0,0.0009567485403001041
3633526158#138962728028,0,0,3.993652637584348e-06
2119447541#4203146420,0,0,9.617097438842273e-07
4572634734#4480479751,1,1,0.9999755040767828
4668702029#4243154086,0,0,1.220350397250077e-06
4335918051#4575065614,1,1,0.9999999999999716
2060512716#1453532038,0,0,6.202310805052307e-06
1479236024#5068270943,0,0,1.0316321062276982e-05
3913495754#4657106310,0,0,9.617097438842273e-07
113940347013#3072563854,0,0,0.0003337574209726792
3525476136#2068603286,0,0,1.1692720105753019e-06
3980004581#1848160016,0,0,0.000787762383422484
2112891471#2057202369,0,0,0.032273662198345196
4661837102#1802065720,0,0,3.271916482528972e-05
2063077902#3968903489,0,0,5.127460886346535e-05
3404220738#2111494388,0,0,2.006820378955552e-06
4004949751#4259837358,0,0,0.005022159704302939
465306971541#3202650162,0,0,1.3627903713739377e-06
3477040043#3045322155,0,0,1.5809119398540202e-05
384709473414#1500072490,0,0,1.3587125667727768e-06
276607465209#16826928982,0,0,9.617097438842273e-07
2069259743#4132115994,0,0,1.526704158822524e-06
3108620528#3915028298,0,0,0.010942139997513178
1651852765#1813327174,0,0,9.617097438842273e-07
1438255025#2061689843,0,0,1.714101672608489e-05
4551052278#4735669408,0,0,9.617097438842273e-07
5163636978#3496790707,0,0,9.617097438842273e-07
3878447642#3887115396,0,1,0.9255840590235871
76084169102#39435343189,0,0,0.00023267152167031255
211600222265#2058829770,0,0,4.928217003843764e-06
1840879535#4037395648,0,1,0.9995525491480757
1409261677#4687101911,0,0,9.617097438842273e-07
4035384490#4279780621,0,0,0.0010477248792564251
1512655217#2055771737,0,0,9.617097438842273e-07
1955016683#1535646713,0,0,6.06843830058769e-06
1379816908#3915232509,0,0,3.579657373191997e-06
126501897635#50016874555,0,0,0.00011647535136285218
4900124238#4607994802,0,0,2.573486048330404e-05
1924651409#4506637171,0,0,2.207321032057861e-05
3915028298#3878447634,0,1,0.9868382981987398
8645214070#4132115994,0,0,2.7124334125272836e-05
1654102057#146011948003,0,0,9.755879508537776e-05
3524983069#2069259743,0,0,1.1763575809817948e-06
5064598331#3460145307,0,0,9.617097438842273e-07
1835570826#5078702464,0,0,0.00010730584874320825
1412102698#5078702464,0,0,3.035550245056657e-05
2058531415#2058531412,0,1,0.9858716890145184
4905562130#182695770250,0,0,3.357156579048029e-05
5038913286#82325773100,0,0,0.0025352884513523597
4833676357#5139738145,0,0,9.617097438842273e-07
1412102698#4424722345,0,0,1.8759331736683765e-05
4132115994#3860804392,0,0,1.3389491056893661e-05
5137527272#1305053590,0,0,7.4745713491956855e-06
3061084981#4529336313,0,0,5.2016619080553434e-05
5065503143#2298730254,0,0,0.0001681680917567554
4735364801#4841108780,1,0,4.335220019547842e-05
4189391263#3215754174,0,0,3.038878286349228e-05
2796703699#3047028308,0,1,0.6012548052501208
393983081702#3046735667,0,0,4.854034233958312e-05
4157266754#3825968185,1,0,7.11119875915809e-06
2055625644#1671508853,0,0,1.0045328964436303e-06
81042916306#5038913286,0,0,5.2694063636113097e-05
4004949751#1453532038,0,0,0.000773616985190813
3267793378#3267792927,0,0,0.45277021171773474
459733636362#2028648293,0,0,1.477753756947339e-06
4206181444#3582409643,1,0,0.25569787854951675
4425600562#4316547764,0,0,0.0002726351630636239
4019568018#5104052160,0,0,9.617097438842273e-07
4666990747#4808687386,0,0,3.120477367279471e-05
2069259743#4264570268,0,0,1.3858240257584428e-06
104252022998#1640258299,0,0,9.617097438842273e-07
167321908065#1639169322,0,0,2.274691499503955e-06
4587202995#4755216808,0,0,9.617097438842273e-07
3927031679#3926967278,0,1,1.0
1726551362#1639026554,1,0,0.40873464664566755
5094395218#9882651379,0,0,9.617097438842273e-07
4551052278#81042916306,0,0,9.617097438842273e-07
2060192584#1875570795,0,0,9.617097438842273e-07
2117538897#3913703465,1,0,0.20667513368742998
3945392968#1816430010,0,0,0.0002960175591041018
3951041977#4720442233,0,0,9.617097438842273e-07
2061689843#1752647304,0,0,5.911530064839386e-06
2067169690#4359622448,0,0,9.617097438842273e-07
3951041977#3470855139,0,0,0.005997159222200797
114401992972#3294024176,0,0,2.822402833104193e-06
4529336313#4243154086,0,0,0.00010044857724940288
114018376174#2005664884,0,0,9.912550654322602e-06
1818747960#4201800596,0,1,0.8704188409106844
4864092534#2061311891,0,0,1.0477458447908347e-05
1848160016#2061645325,0,0,9.617097438842273e-07
5059493292#169598104032,0,0,0.00022534566433997366
4542386587#4857106956,0,0,5.69948870605896e-06
3379264687#4220301018,0,0,2.538747938786786e-06
5206198663#4712138934,0,0,0.00203138492490152
4865786342#3442901956,0,0,0.007596490876435984
1955030813#3364150594,0,0,2.2806935314506105e-06
5139738145#4823803954,0,0,1.350601684174237e-06
3862268059#3926967278,0,0,0.003426280262685907
2029674976#2069259743,0,0,1.059475302477607e-06
3633736951#4569017088,0,0,9.617097438842273e-07
3277004292#1639848935,0,0,1.772398934694667e-05
3267793378#4424722345,0,0,0.0007613218857896827
4424722345#3946324748,0,1,0.9892088948061598
86403779490#4469590077,1,0,0.1386527360034162
3951041977#4444217370,0,0,0.00011871612556639553
3717372340#2060512716,0,0,9.617097438842273e-07
3829554374#3946838650,1,0,0.05639583031745491
4661837102#3615593579,0,0,2.2334196048138552e-05
3608869908#307252705345,0,0,0.00012164364474286623
76339204925#3929018019,0,0,7.958650053787323e-06
3046471496#3047031444,1,0,0.00025449052167994795
428123087781#18466913739,0,0,4.726003251560347e-05
2058406199#1823372268,0,0,1.4330266185130462e-06
4538676877#2564918524,0,0,7.559013742142247e-05
4111350011#1693941156,0,0,0.009443372985703602
2118966054#1918821009,0,0,3.456050456943178e-06
1638102118#4201950906,0,0,4.985141271952173e-06
4856748067#1904335665,0,0,0.0008486635901149265
3267793376#3267793378,0,1,0.7670498877026755
4808687386#4427898444,1,0,0.00015452208636980528
4696140824#4836895938,0,0,9.288275509802338e-06
2055425355#1326213590,1,1,0.9986764605693095
4202066092#3364150594,0,0,1.842325974706709e-05
3552909102#100884048724,0,0,5.763138287891372e-06
20170380680#5205797148,1,0,0.02638342941040366
2055621540#2055625644,0,1,0.7930082593555307
23232175462#2011714457,0,0,1.6285935848772114e-06
453179758430#3946418596,0,0,9.617097438842273e-07
4070456241#4220301018,0,0,1.922388966670314e-05
4735364801#4435951946,0,0,1.5090472958242687e-06
454303875540#59051797265,0,0,7.453159088138426e-05
29755196818#5185354751,0,0,6.689765777391383e-05
107467970371#4631852445,0,0,1.5518748442846193e-06
1568784013#156275537866,0,0,1.5308672174871528e-06
1920508153#5082122698,0,0,7.1085227579285345e-06
76470034601#1798868787,0,0,3.006716829876827e-06
76470034601#3046471496,0,0,9.617097438842273e-07
5075124648#1802190388,0,0,3.514400010856016e-06
1690392435#4730881018,0,0,2.5017403275740537e-06
18467089718#3208519381,0,0,0.00010960313599300078
4189391263#2119467444,0,0,3.5231083534817554e-05
3108657350#2057186102,0,0,2.0347806060417107e-05
2066533471#2973532517,0,0,1.9741548859565882e-05
4202091471#1372242064,0,0,1.41490336239682e-06
41506701575#2600554617,0,0,5.329994179227785e-06
4108293691#5083891634,0,0,1.702536388258691e-05
4312099236#2055356508,0,0,9.617097438842273e-07
148602656984#3494153136,0,0,0.00013887792808229822
549708986379#4684762583,0,0,3.1442159664448312e-06
4668702029#1955030813,0,0,1.059475302477607e-06
4671204264#4623930569,0,0,5.180264414736208e-05
3881831374#2055988859,0,0,1.9924740069160597e-06
3628533316#4993201940,0,0,3.851107820268438e-06
489466582552#1810185303,0,0,6.52777569933596e-06
2068603286#2057186168,0,0,9.617097438842273e-07
4185911295#4569017088,0,0,2.797517305593699e-06
3774085428#1951491884,0,1,0.9892713487236788
3946418596#1834405459,0,0,0.00024106107577837453
1743158951#1743158953,0,0,0.48102666659213456
1810185303#3458091636,0,0,8.065637246358085e-06
1467729091#59782651708,0,0,1.2380492041918595e-06
4635793707#4786425036,0,0,1.4689818496306359e-06
3042374746#5059493292,0,0,2.006820378955552e-06
3294024176#225384232109,0,0,1.261616299139634e-05
3414192937#3364587358,0,0,5.2373567101225495e-06
3766348815#3761484275,1,0,0.0001245530012886842
2123088534#2062243305,1,1,0.9963014301193971
4189391263#4513744195,0,0,1.16795114393182e-06
3267793378#4999242302,0,0,0.23464343271594693
4626053521#5185354751,0,0,1.3545861752199847e-06
125323389433#3906389523,0,0,4.039835629041972e-05
4202066092#3906389523,0,0,9.617097438842273e-07
4808238795#4790633062,0,1,1.0
3751925404#4201617297,1,0,2.0311427961879936e-05
1638102118#2055885528,0,0,1.1970222103466656e-06
4587202995#3379264687,0,0,2.799256450723214e-06
4709734065#4661776935,1,1,0.9168600249605815
2060254114#1715361146,0,0,2.006820378955552e-06
4359622448#3045486706,0,0,6.052854563905759e-06
4448697469#3946324748,0,0,0.027596326592177714
2054980574#4001606579,0,0,0.0008073431205534135
1598212753#3442901956,0,0,8.058570352361607e-06
2050583480#182695770250,0,0,2.121156404128564e-06
4201800596#2180548061,0,0,0.0005519270571978018
2059786009#2055771737,1,0,1.6574072499804684e-05
4624086112#5165685784,0,0,2.7291856061046964e-06
3690831675#1690392435,0,0,9.617097438842273e-07
1479238950#4455953391,0,0,1.5100922569484186e-06
1726564714#98862400850,0,0,9.617097438842273e-07
2061673701#81553005637,0,0,0.05629758040834705
2977755545#29118640082,0,0,9.665194775951139e-06
4201800596#5214349442,0,0,0.00030424861482254364
3881831374#1816430010,0,0,9.617097438842273e-07
5185721442#1955026154,0,0,1.6739419445290376e-06
1625147559#4220093966,0,0,1.4884054624966624e-05
421393369392#3525476136,0,0,1.2707584696572836e-06
1625147559#4348117018,0,0,1.749614865835046e-05
1306851139#1709836734,0,0,0.0006969725483159753
2061689843#2055425355,0,0,0.00021711550476762907
91965976598#4498422001,0,0,7.573989852651109e-06
5063074383#3964074224,0,0,5.543152863159422e-06
4709177500#159730607651,0,0,0.24498108710657748
4897041544#4670902580,0,0,6.90380463447229e-05
444631792208#1728174551,0,0,0.006988377383535496
3560844585#2146293183,0,0,9.617097438842273e-07
138962754138#1696297270,0,0,6.596011990990677e-06
100884048724#4436222774,0,0,1.8490746328147813e-05
4683128695#3267792927,0,0,0.00035252059552605587
1924651409#4679546461,0,0,8.624230787318352e-05
4161797582#444631792208,0,1,1.0
3915232509#4993201940,0,0,6.623144354826091e-05
1861556379#3579464172,0,0,1.3007907844119895e-06
4662287639#3632891899,0,0,0.0007551779524908275
1833697097#3994501565,0,0,0.027867799420280854
47871442424#3052165975,0,0,1.373034560278094e-05
2112891471#2037536844,1,1,1.0
4650641709#3638725857,0,0,4.1040016288451944e-05
76084169102#2058085195,0,0,1.6717630219319112e-06
1816678631#4855224068,0,0,1.6728954771457266e-06
3913495754#3632891899,0,0,0.00013183164515597352
114401992972#3638725857,0,0,1.3618439739737603e-05
5097100632#4498417740,0,0,4.7010520063002956e-06
1541971038#2279367079,0,0,4.080917396735543e-06
4843658030#1371717862,0,0,2.512296886093339e-06
3927603556#1479236077,1,1,0.9999999999994884
3927603556#1654102057,0,0,1.135104704249197e-05
1816430010#4702804708,0,0,0.001327720622110464
4636302616#4650641709,0,0,5.633950391599759e-06
371921998418#4090060217,0,0,2.2806935314506105e-06
3109942277#4203146420,0,0,3.6868823949558594e-06
3296349690#3030484462,0,0,1.0929555668485615e-06
2212287890#3881831374,0,0,9.617097438842273e-07
20201333480#1823372268,0,0,6.47427695033693e-05
4709734065#25524025062,0,0,1.5875280851174056e-05
1951491884#25524025062,0,0,2.8814247654384116e-06
3598098302#4392093932,0,0,0.003209812578201899
4587202995#3030484462,0,1,0.9999816181568189
2068603286#3926967278,0,0,0.0002865557547944197
5059493292#5097100632,0,0,0.004377712272029794
4836895938#5108475165,0,0,3.5052581381716135e-05
5097100632#358968132955,0,0,1.0155095807430091e-05
4837628601#4897048724,0,0,2.1975105884763433e-05
3059595891#2055834216,0,0,6.552153362541336e-05
3980004581#4435951946,0,0,1.8284857048568697e-06
138963214044#5165685784,0,0,1.0045328964436303e-06
2056297322#1500072490,0,0,1.3511301728655523e-06
87578768826#1743158953,0,0,1.0929555668485615e-06
4524153818#1659804386,0,0,2.137042529816692e-06
4589595603#9882651379,0,0,2.006820378955552e-06
200791742577#332651656883,0,0,4.532780019005636e-05
3579464172#4697099894,0,0,1.1763575809817948e-06
4574180809#4511530729,0,0,2.302751018737414e-06
3416246620#3296349690,0,0,1.0929555668485615e-06
2132795383#2160958435,0,0,0.011213691574232578
1826377825#1639274792,0,0,3.226765161740499e-06
1638102118#9095840585,0,1,0.5428685162066219
2037536844#2055621540,0,0,2.4992376324618305e-05
1780797402#8645214070,0,0,2.887515485600666e-06
4529336313#3047031444,0,0,7.76700780725098e-06
4498422001#5128222238,0,0,0.0017804430977668298
4427898444#4666990747,0,0,0.0002264905089067179
3881167105#4679546461,0,0,0.006327432728041947
4735669408#4913743600,0,0,1.8637885531376534e-06
4674140626#3441097472,0,0,3.375545851072761e-06
57482538021#4505908026,0,0,0.00933192205272319
39435343189#41714615735,0,0,0.00032085649039478853
3747247759#5131642969,0,0,1.350601684174237e-06
4525991689#2058829770,0,0,4.4309698701605123e-05
3633526158#3477040043,0,0,1.1077397299082245e-06
54158063907#48399481031,0,0,2.6192697894892473e-05
4354033064#3524983069,1,1,0.7232119295748268
454303875540#5124643800,0,0,4.552083941111029e-05
4145496082#1884640622,0,0,2.01986344603466e-06
125323389433#4589595603,0,0,1.16795114393182e-06
3267793378#4999204993,0,0,7.145305353951112e-05
5097100632#1806561207,0,0,7.320567783091796e-05
3240351689#2057202369,0,0,1.1077397299082245e-06
1651852765#1638102118,0,0,9.617097438842273e-07
2058829770#113940347013,0,0,1.134045326916753e-05
1479236024#1479236023,0,1,0.9999685413602436
2123088534#3835082917,0,0,9.617097438842273e-07
4455408499#4623930569,0,0,1.41490336239682e-06
4035384490#1833697097,0,0,1.1692720105753019e-06
2564918524#2055885528,0,0,2.8771347246625963e-06
4072366249#1646275700,0,0,1.1763575809817948e-06
4569017088#4913743600,0,0,4.716655111263512e-06
3541397287#2057667662,1,0,0.0010492156624938936
29755196818#1423369065,0,0,3.506434101924645e-06
5131642969#4524153818,0,0,2.212769231330807e-06
2087025558#2056136170,0,0,5.2852992101845925e-06
4696140824#1823372268,0,0,2.1983285428928153e-06
4157266754#2058531412,0,0,1.768494475929634e-05
3797577168#3878815869,0,1,0.9999999148478517
4720990748#4643839400,0,0,0.00040620014595211845
2027838804#4283348799,0,0,0.007381463215128313
1947138146#3692778406,0,0,2.883842263134785e-06
4899954714#3109942277,0,0,1.0929555668485615e-06
2058881485#4524153818,0,0,1.921066820373355e-06
422593008553#444631792208,0,1,0.9999992385517714
4009292178#76784498137,0,0,0.0006016604644945384
5139738145#4755216808,0,0,4.644050163289403e-06
4111940328#1709836734,0,0,2.102530911738721e-06
4786425036#371921998418,0,0,1.1416228459950034e-06
2112891471#4730881018,0,0,1.0929555668485615e-06
1423369065#57482538021,0,0,1.862018331613843e-05
3707425364#1328703423,0,0,4.563953929142773e-06
4623930569#1313501951,0,0,4.779341216870138e-06
3964333871#1728174551,0,0,0.00039352830238655447
4999204837#4582141355,0,0,2.9801285095804573e-06
76470034601#2212287890,0,0,9.617097438842273e-07
3709910119#2062243305,0,0,4.1474917112881606e-05
4247353515#8645214070,0,0,0.00019451719856581563
4081289086#4077568242,0,0,3.3322336336741615e-06
3052169593#81553005637,0,0,0.006744803637174683
418887222012#3860804392,0,0,0.00014541239703046431
2011714457#18466913739,0,0,0.004378594439081437
3633526158#2074388205,0,0,1.5514019751990836e-05
2027684481#4642851315,0,0,2.006820378955552e-06
4316547764#3980255436,0,0,0.00014465289619069785
1671508853#4999242302,0,0,2.006820378955552e-06
82325773100#138962728028,0,0,4.446407215670927e-06
4607994802#4791600953,0,0,7.067330806988101e-06
76084169102#1306851139,0,0,1.1970222103466656e-06
4813740020#4480479751,0,0,1.6955002837663172e-05
6626538016#182695770250,0,0,1.350601684174237e-06
1728174551#4168332323,0,0,5.425002176490362e-06
4261169259#4312099236,0,0,2.4703725012146524e-05
5158514600#4889095238,0,0,1.0929555668485615e-06
3045486706#80020634543,0,0,6.378359181339757e-05
3633736951#4176537188,0,0,3.620904906305605e-06
4214748443#176077750624,0,0,1.350601684174237e-06
2977432095#2060056435,0,0,9.617097438842273e-07
145760114769#2977432095,0,0,6.330539179878054e-06
1608506098#1638102118,1,1,0.9970495406190546
232579778763#2011422795,0,0,1.3587125667727768e-06
1951491884#5082122698,0,0,6.71410842858848e-05
5185721442#3364587358,0,0,2.006820378955552e-06
5169118253#2111226139,0,0,3.6742896590701064e-06
2088554701#2146476172,0,1,0.9971641044972446
2123088534#428123087781,0,0,9.617097438842273e-07
2088554701#4808687386,0,0,9.80806901316553e-06
3912840540#1955026154,0,0,3.557596286649204e-06
82342257069#1884640622,0,0,3.108798993122762e-06
1469947163#3551736332,0,0,0.00018481624851476159
59051797265#4525746327,0,0,9.617097438842273e-07
41506701575#1415963077,0,0,0.007003162169207038
3052165975#1316556785,1,1,0.6377763115739669
4283342406#2338797804,0,0,8.991915028288245e-06
3401828702#2338797804,0,0,1.4435899621750753e-05
1802190388#1382163772,0,0,4.652541162589119e-06
1440645051#358968132955,0,0,2.4547300584129023e-06
1415963077#3277004292,0,0,0.0009388017658409193
3945392968#4897048724,0,0,3.7293479053925134e-06
1696297270#358968132955,0,0,6.303529732310282e-05
2057451320#4206181444,0,0,1.1077397299082245e-06
4836895938#6633389924,0,0,9.617097438842273e-07
2120702109#2062243305,0,0,0.00011925537663769992
3829554374#3277004292,0,0,2.8963126557563725e-05
2028165651#3692778406,0,0,1.782463866706971e-06
1326213590#4392093932,0,0,0.0003864990420301974
3806586103#3878447642,0,0,0.0009269109214434375
1592253963#3046735667,0,1,0.998488599501951
2977755545#9095840585,0,0,0.00013832522274811896
48861374884#59782651708,1,1,0.9947867657514708
5064598331#3059595891,0,0,1.1919228961195568e-06
2165666882#1848180229,0,0,1.1181614930696175e-06
232579778763#2088554701,0,0,0.04219963758682946
1568784013#44498925795,0,0,9.617097438842273e-07
538860958841#5108475165,0,0,2.006820378955552e-06
1562031765#4475599263,0,0,9.617097438842273e-07
4283342406#1646275700,0,0,8.991915028288245e-06
4070456241#4505908026,1,1,0.9272786296562006
2111514456#2150886701,0,0,5.394387835539784e-06
4798031879#5059493292,0,0,2.9882862255496564e-06
2069185249#131585042210,0,0,9.617097438842273e-07
454303875540#396800321613,0,0,2.1394652434201273e-06
3762358178#3707425364,0,0,1.9452845536015624e-06
4264603438#4111940328,0,0,1.3858240257584428e-06
2132795383#2091281221,0,0,1.2637691716730152e-05
1800623713#4529336313,0,0,1.4621868806476666e-06
2061645325#1806561207,0,0,0.00018875648295141822
4624558262#1621413330,0,0,9.617097438842273e-07
3964333871#4161797582,0,0,0.0003423240661005502
1541971038#3929018019,0,0,2.8991340418221827e-05
3442901956#4582141355,0,0,8.090909124630667e-05
2088554701#146011948003,0,0,9.755879508537776e-05
1768955738#138962754138,0,0,8.40295601816473e-06
2111818909#1847702835,0,0,2.3180942629384037e-06
4525991689#3109942277,0,0,0.006548779574548841
4999205061#3267793376,0,0,9.596409710601329e-05
232579778763#376973981474,0,0,1.8219534055999955e-06
3762358178#3871685027,1,1,0.7728722375893994
4924974181#3863546507,0,0,0.0010833657542466634
1416247746#4555760845,0,0,1.902268757079207e-05
37807947501#50016874555,0,0,1.2106141230063584e-05
4333918437#4683128695,0,0,9.617097438842273e-07
4491286629#4464608641,0,0,5.675540338351621e-05
4538676877#9095840585,0,0,2.589327656462998e-05
1562031765#3608869908,0,0,9.617097438842273e-07
3862453322#4649888830,0,0,1.651703237536146e-05
3881167105#2150886701,0,0,0.010602292895018421
4607994802#4631852445,0,0,7.684832393002394e-05
1440645051#4902984206,0,0,6.98461115987073e-06
60270130980#4636524355,0,0,2.060833315949247e-05
1485299448#2055885528,0,0,0.08406323641579219
1306851139#4843658030,0,0,0.00016366982813237712
4790633062#1313501951,0,0,2.5792657851982806e-06
4705563490#3045580653,0,0,0.016997497012797323
4526072602#1833092881,0,0,1.386893209290445e-06
4427898444#4761512241,0,0,0.0023626699988059515
138963214044#336556426216,0,0,1.9525367910691896e-06
4090060217#126501897635,0,0,0.0005439833907369097
1320992608#4720990752,0,1,0.9963868566760148
3980004581#4551052278,0,0,1.350601684174237e-06
2066363395#4425600562,0,0,2.006820378955552e-06
3579464172#325294719982,0,0,1.2038324702503772e-05
4504420946#27547791295,0,0,1.327342970949571e-06
226460833239#2087025558,0,0,6.351868201896752e-05
5158514600#167321908065,0,0,3.2029486041105624e-06
47896517559#1423369065,0,0,7.95377365278983e-06
2062233925#2063057962,0,0,0.00010575310027139082
396800321613#43679253447,0,0,0.0031383923323917273
10553947604#4498422001,0,0,0.0009814237903364082
329718595140#3979663695,0,0,9.617097438842273e-07
4687101911#4636302616,0,0,2.6150132635495864e-05
1730953832#2011422795,0,0,2.9126627596967405e-05
4823803954#2279367079,0,0,9.932062461787432e-06
5010064143#146011937628,0,0,0.0070427262204586435
4111411514#4836895938,0,0,1.4242315366534221e-05
4924974181#4938690872,1,0,0.0006584633726664399
18466913739#2058128167,0,0,1.1692720105753019e-06
5003714231#4855224068,0,0,2.579315561194723e-06
2298730254#50016874555,0,0,2.838735853964942e-06
34340103649#2004718856,0,0,0.0013177559649464874
2977432095#2060254114,0,0,2.5125441022747747e-06
1479238952#3835082917,0,0,1.0928874281384097e-06
3245634417#3633141413,0,0,1.1077397299082245e-06
41958860915#1818747960,0,0,0.08832227865338499
489466582552#462509477875,1,1,0.9590072209283541
1479236023#1479238952,0,1,0.9999941982154089
3108620528#3980255436,0,0,1.8317440754869628e-05
396800321613#1978617397,0,0,1.1210394727303086e-05
1412102698#4492977050,0,0,0.015675997216349272
5158514600#2053401290,0,0,9.617097438842273e-07
541570350554#549271649221,1,1,0.7944302214426765
3735611396#1638922114,0,0,9.617097438842273e-07
398485485010#2027684481,0,0,2.3332912076746365e-06
3722249067#1818747960,0,0,0.0033241194447832237
343207691350#32143080284,0,0,0.0001200612941213735
1453532038#2338797804,0,0,0.00044175581666937904
1552378116#2060185500,0,0,3.539711029297987e-06
3951041977#5068270943,0,0,0.006413841039199814
4726073967#1955016683,0,0,1.0929555668485615e-06
3980255436#1434312727,0,0,1.9556963000884182e-05
4525746327#4668702029,0,0,9.617097438842273e-07
1718702641#4657106310,0,0,1.0261266094541086e-05
4830910802#96073555522,0,0,2.81568210737559e-05
2107204055#3690831675,0,0,9.617097438842273e-07
3861213317#1598212753,0,0,9.543519707417602e-06
1638922114#3072563854,1,0,0.031651316551636915
1847649330#2137028345,0,0,9.617097438842273e-07
134867489837#4967825383,0,0,0.007986797606336896
3236907215#2212287890,0,0,9.617097438842273e-07
1639170956#4201800596,0,0,1.815795016353509e-05
4077568242#4038971285,0,0,9.994860996465792e-06
4575536000#3470855139,0,0,0.0006514806645806404
1671508853#4575065614,0,0,1.0045328964436303e-06
4897048724#109172324563,0,0,0.37905672416742936
246918228224#80020634543,0,0,0.00063487782355501
3722249067#131585042210,0,0,1.193096881729536e-06
1660870123#1730953832,1,0,0.0013437767590377505
3749110245#20201333480,0,0,9.617097438842273e-07
59051797265#3582409643,0,0,1.5946875389485298e-06
1467729091#3692778406,0,0,2.8908542620651453e-06
18467707182#1415963077,0,0,6.791186820425116e-05
2068603286#2725581419,0,0,1.9268507730848407e-06
41714615735#541570350554,0,0,1.9506119415386486e-06
4333918437#90088944269,1,1,0.9999984109553686
4312099236#2977755545,0,0,9.617097438842273e-07
4312099236#3912840540,0,0,3.557596286649204e-06
4261169259#1379816908,0,0,1.0929555668485615e-06
75782528054#4900124238,0,0,9.617097438842273e-07
86599436514#1552378116,0,0,0.05998906816982089
4439433329#5206198663,0,0,0.25929873125490793
4864092534#1816678631,0,0,9.617097438842273e-07
1423347109#4841234225,0,0,0.00029966613611599676
1654102057#1665894324,1,1,1.0
4569017088#2112308267,0,0,2.797517305593699e-06
3560844585#2153059963,0,0,9.617097438842273e-07
327540253581#2028648293,0,0,9.617097438842273e-07
398485485010#4197944029,0,0,9.697680563845109e-06
1646275700#8645214070,0,0,8.271808652968891e-05
3370936702#1904335665,1,1,0.5478923937454585
54159697837#4793200474,0,0,2.609707128175827e-06
4798031879#3706699419,0,0,0.0005844195615572765
1848160016#4999205061,0,0,9.617097438842273e-07
2112308267#5065503143,0,0,9.617097438842273e-07
2057202369#3761484275,0,0,2.7890457273266594e-06
2055885528#1407873390,0,0,9.617097438842273e-07
2065166575#3551736332,0,0,0.0001678653307837082
3414192937#3236907215,0,0,3.3742180408928384e-06
3541397287#3245634417,0,0,2.8325996474500893e-05
4589997386#3927603556,0,1,0.9883611266873238
2112891471#2057146445,0,1,0.9999999999980105
3052760872#3073724824,0,0,0.028912923759014924
4792968045#96073555522,0,0,4.468541510321516e-06
4889095238#2123100264,0,0,4.3287522194045106e-05
3913495754#148602656984,0,0,9.014350810322959e-06
4808180492#4656986610,0,0,9.617097438842273e-07
4134047757#3560844585,0,0,9.617097438842273e-07
1479236023#1469306625,0,0,4.737407714612964e-06
3762358178#2123100264,0,0,0.0011315953984498519
2078835030#3633736951,0,0,4.092483308030016e-06
5185354751#4571072739,0,0,9.559440324841477e-05
3496790707#1328703423,0,0,7.792824878563927e-06
4448697469#3946838650,0,0,0.0010146800675039278
3964074224#5124643800,0,0,5.464713763229735e-06
4274231792#1752647304,1,0,0.000117940478226773
80020634543#376973981474,0,1,0.9048373376487621
76084169102#41714615735,0,0,0.001043437724714775
3717372340#4157266754,0,0,1.155837032813104e-05
1802065720#4035384490,0,0,9.443567049626814e-06
4161797606#1728174551,0,1,0.995976214095933
1598212753#76339204925,0,0,1.350601684174237e-06
2058531412#4111311078,0,0,0.1423488958149802
1512655217#4157483944,0,0,0.00010666009577518292
3524983069#3956546637,0,1,0.9998250525508747
3582409643#4813740020,0,0,8.571745574310135e-06
14613505047#2298730254,0,0,3.758558740154014e-06
2054699471#2112891471,0,1,1.0
3835082917#3470855139,0,0,1.0928874281384097e-06
3236907215#2060196427,0,0,9.617097438842273e-07
3525476136#1942997301,0,0,7.677524717932913e-06
1514159826#34765354823,0,0,4.726602967619347e-06
4157432142#2074388205,0,0,1.5556825393606057e-06
4662287639#2011422795,0,0,8.397199512273748e-06
4004949751#2338797804,0,0,0.0006408107926992495
1708941558#1656969942,0,0,0.0008620094467386133
4161797606#422593008639,0,1,0.999999999965155
1752647304#4575249992,0,0,9.617097438842273e-07
146011948003#232579778763,0,0,0.011341750689605709
3551736332#3447176726,0,0,1.0929555668485615e-06
87820911338#4643839400,0,0,0.0012135534106142377
1608506098#4196030610,0,0,2.5353318272593745e-05
4179951095#5097100632,0,0,3.82234596972296e-05
3541397287#4540676462,0,0,3.69364279065817e-06
1328703423#1438255025,0,0,1.1883607166943692e-05
3881831374#24193681922,0,0,8.234068374529081e-07
3525476136#86403779490,0,0,2.439944468692585e-06
3706699419#1552378116,0,0,0.42018337632245467
3861078825#4744639934,1,0,0.09208351852497336
3046471496#98862400850,0,0,1.2632676365118552e-05
32259200442#4185911295,1,1,0.9999119407858871
1328703423#1379816908,0,0,1.5349200321171999e-06
3980004581#32421248987,0,0,1.350601684174237e-06
4864092534#4675257710,0,0,4.154458463563837e-06
3109942277#10553947604,0,0,5.105327305459931e-05
2055356508#4755216808,0,0,7.995872664499288e-06
6626538016#4993201940,0,0,9.617097438842273e-07
4214872608#3109942277,0,0,3.800220300424788e-05
114401992972#82325773100,0,0,0.00012773002129771332
4009292178#3277004292,0,1,0.99354863725727
1730816951#3915028298,0,1,0.9975567881339272
1479236024#1479238952,0,1,0.9999993240602134
2279367079#3915232509,0,0,0.00029056838675435413
1728174551#422593008553,0,1,0.9803609676002302
2064988617#37807947501,0,0,1.0929555668485615e-06
32259200442#4902984206,0,0,1.4762798704836044e-05
378612909737#329718595140,0,0,0.30841062772985306
4214624671#5059493292,0,0,0.0005190442685044352
4823803954#4841108780,0,0,9.617097438842273e-07
4202066092#4255600579,0,0,1.1181614930696175e-06
2056136170#20170380680,0,0,2.0403215695823567e-06
1638922114#4127437050,0,0,1.0908861967517487e-05
18466913739#4720990752,0,1,0.9999999992919868
4679546461#4626677277,1,0,0.000974040882159719
43679253447#1469947163,0,0,3.773767878248868e-06
3915232509#4657106310,0,0,0.0003509414788022814
3861078825#4435951946,0,0,1.2449970009317475e-06
2073958683#3915028298,0,0,1.4968366065946074e-06
4157223772#358968132955,0,0,3.3661111885031924e-06
138962728028#4185911295,0,0,0.000133479263202641
1592595202#3692778406,0,0,3.469089203984272e-06
2118966054#2058531412,0,0,0.21379156167051908
3059595891#1995386759,0,0,2.1776080436610148e-05
248352373136#5062472541,0,0,3.4898824710907357e-06
3615593579#86599436514,0,0,6.573850807744195e-06
4702804708#5214349442,0,0,0.002704184353750142
59051797265#5124643800,1,0,0.00012042448916100442
3524983069#5064598331,0,1,0.9996419458956037
20201333480#1627677359,0,0,2.998233669875478e-06
3052760872#4455408499,0,0,0.0032885247900263986
4506637171#2150886701,0,0,0.06492191760912602
35234959099#5033763061,1,0,0.0015275450100959134
107140664995#4038971285,0,0,1.2668390375055507e-06
3678589577#4448697469,0,0,0.0002442764304722376
4624558262#4127437050,0,0,9.617097438842273e-07
1416301524#2112308266,0,0,0.0005456174551652889
3202650162#2070625956,0,0,0.039577244858666996
4491286629#1848160016,0,0,1.2162115939599147e-05
3881167105#129610695443,0,0,0.008544707072624154
1320157321#225384232109,0,0,0.00027681458575498934
3488840316#91965976598,0,0,1.1181614930696175e-06
5047368938#1438255025,0,0,7.595640109908095e-06
4626053521#4702804708,0,0,0.00015101610389634811
1816430010#3806586103,0,0,0.0002849646656288302
4202066092#2004718856,0,0,3.098186309898463e-06
2118966054#5003714231,0,1,0.7975704194064159
4283348799#4699491280,0,0,7.908307497327297e-05
4791600953#2212287890,0,0,9.617097438842273e-07
3598098302#3442901956,0,0,3.2721052219984766e-05
4538676877#2598389634,0,0,9.617097438842273e-07
4523978139#4274231792,0,0,2.718119183795423e-05
1806631591#4037407479,0,0,3.603322542480136e-06
4524153818#4529633813,1,0,0.22595541676628966
1947138146#1671508853,0,0,2.2806935314506105e-06
3825968185#4668702029,0,0,1.059475302477607e-06
1654102057#1656969942,1,1,0.9999999951387508
343207691350#4636237354,0,0,6.16245361240066e-06
3507050766#1541971038,0,0,1.554154634895804e-06
3042374746#2060290387,0,0,1.972081270606096e-05
16826928982#1709924290,0,0,1.9841236769683143e-05
2066533471#117729109245,0,0,2.446001056680267e-06
3073724824#3052169593,0,1,0.9998747270944371
2087025558#3797571274,0,0,9.617097438842273e-07
2073958683#4541834093,0,0,0.00020777372156902623
1403922320#4202091471,0,0,3.7771847263854854e-06
549905391834#332651656883,0,0,0.12630742811448112
76339204925#246918228224,0,0,1.5294490068158522e-05
126501897635#4709177500,0,0,1.8238235295810287e-06
1416301524#4702804708,0,0,1.3545861752199847e-06
2132795383#4526072603,0,0,9.617097438842273e-07
4967825383#1955016683,0,0,0.0001998351922289111
3401828702#2180548061,0,0,1.4435899621750753e-05
5036833532#2191172688,0,0,3.620904906305605e-06
3797577168#2119447541,0,0,0.1266026250484694
549905391834#156275537866,0,0,0.0027822613365275106
4661837102#3632891899,0,0,0.10279930745852826
1639274792#3862453322,0,0,1.0929555668485615e-06
4687101911#4650641709,0,0,2.6999104053814186e-06
3691716746#2069185249,0,0,9.617097438842273e-07
146011948003#146011937628,0,0,0.025017381031964058
3044692596#428123087781,1,1,1.0
358968132955#5068270943,0,0,1.5219269609647234e-05
1514159826#2098264088,1,0,0.0006267824986057531
1847939089#1768955738,0,0,8.40295601816473e-06
1320992608#76784498137,0,0,2.5014198612853208e-06
276403558061#5075124648,0,0,1.1181614930696175e-06
4808687386#336556426216,0,0,9.617097438842273e-07
1718702641#4865786342,0,0,7.021849604603374e-06
201180045587#14613505047,0,0,0.0001216011397387288
4687101911#4304580582,0,0,2.118527166847163e-05
4555760845#4003389165,0,0,0.26284446833435476
8645214070#2224193149,0,0,0.000270568124684345
4132115994#3878447634,0,0,3.4431803734131147e-06
4001606579#4702804708,0,0,9.960096774035572e-06
96073555522#1806631591,0,0,1.3729093515593096e-06
3751925404#3638725857,0,0,5.478963086572587e-06
38445047959#196075727386,0,0,0.03391190191902561
4659328158#87578768826,1,1,0.5882787279928229
4077568242#5124643800,0,0,9.617097438842273e-07
2180548061#3628533316,0,0,7.468076564545399e-06
1718702641#1651852765,0,0,9.617097438842273e-07
1920508153#3878815869,0,0,0.002276156035796646
138960829393#4974935530,0,0,1.1692720105753019e-06
59051797265#4668702029,0,0,6.3866421637254224e-06
3598098302#1813327174,0,0,2.0332207421817618e-06
4429293356#4485683605,1,0,0.020525361666865485
3369184055#4003389165,0,0,9.617097438842273e-07
276403558061#3052165975,0,0,2.996190357734085e-06
1457252565#4132115994,0,0,1.1416228459950034e-06
4464608641#4205653425,0,1,0.9998922814006054
3829182480#29755196818,0,0,0.002970573827892188
18467089718#4455408499,0,0,7.173452665050888e-05
4189391263#4765643443,0,0,9.617097438842273e-07
4703831949#4712138934,1,0,0.013271277903809513
81553649652#2061673701,0,0,0.04865662840267834
1320992610#398485485010,0,0,1.1181614930696175e-06
3951041977#4157495788,0,0,4.1611086649582305e-06
4037407479#4247353515,1,1,0.8421761775668241
3754372320#2113758643,0,0,0.25698778571079123
23232175462#2055425355,0,0,2.4575780136736353e-06
4492977050#2137028345,0,0,9.617097438842273e-07
5021510219#2055356508,0,0,3.910883341064423e-06
523927727784#1415683857,0,0,1.350601684174237e-06
5010343781#3582409643,0,0,0.00014448223368136446
4555760845#4841234225,0,0,0.0020972151079577677
4157495788#4709734065,0,0,2.0217427572734164e-06
4970197889#4505908026,0,0,9.617097438842273e-07
5010343781#1752647304,0,0,5.816827194547638e-06
44498925795#2058829770,0,0,2.4689507950182353e-06
135779450319#4699491280,0,0,1.3462971158694035e-05
4642851315#2111818909,0,0,2.006820378955552e-06
1552378116#4833286194,0,0,1.1077397299082245e-06
140554567918#104252022998,0,0,2.8106618863789362e-05
1955030813#1423369065,0,0,2.622749097481107e-05
3245634417#4435951946,0,0,3.9715353156017845e-05
4808238795#1818219339,0,0,2.479995500233446e-05
90088944269#3860936746,0,0,4.24657534673568e-06
2056961978#3945392968,0,0,2.0217427572734164e-06
2671772709#3946324748,0,0,6.113935103246559e-05
4448697469#4254790910,0,0,2.8859660493141776e-06
3045486706#4793200474,0,0,1.5804579424806834e-06
4525746327#4283348799,1,0,2.671084620810944e-05
393983081702#2074388205,0,0,1.350601684174237e-06
1434312727#1371717862,0,1,1.0
2112308266#2057186115,0,0,9.752279530623435e-05
2600554617#3881727524,0,0,3.0622457033095524e-06
58971109124#14503977526,1,0,0.024702035281558024
4666990747#2112308266,0,0,1.0367377330347971e-05
2118966054#4040761448,0,1,0.9977120198567442
4804117485#3402256673,0,0,7.560368670910022e-05
4417877411#1695721912,0,0,2.9058612586196883e-06
2055885528#3915028298,0,0,3.8933029911647776e-06
1402124924#1752722693,0,0,1.1763575809817948e-06
1978617397#4684762583,0,0,0.0035653359955764956
3826134250#4201950906,0,0,4.569355800909598e-06
1818219339#2058129549,0,0,1.0822976233412716e-05
1438255025#3915232509,0,0,2.407249649427687e-05
2064988617#4999242302,0,0,9.617097438842273e-07
2068603286#2055298486,0,0,1.9268507730848407e-06
3108657350#3496790707,0,0,1.3379299315137877e-06
465306971541#6633389924,0,0,4.185333133020052e-06
4730881018#3968903489,0,0,1.0929555668485615e-06
2005664884#5094395218,0,0,1.290100830043704e-06
1568784013#4607994802,0,0,1.327342970949571e-06
4833676357#1752722693,0,0,9.617097438842273e-07
3722249067#1671508853,0,0,5.7309248747841025e-06
3441097472#5165685784,0,0,9.617097438842273e-07
4865786342#8645214070,0,0,0.00127638815181856
1946459818#50016874555,0,0,2.2806935314506105e-06
76470034601#1800623713,0,0,2.0217427572734164e-06
4273893775#2146293183,0,0,1.220350397250077e-06
4018768324#2062490022,0,0,3.883114733620573e-06
1848719127#5050765983,0,0,0.0018176539614569768
1646275700#1453532038,0,0,0.00034387216024216427
2112308267#2027838804,0,1,0.5922458855263479
2279367079#3235880928,0,0,9.617097438842273e-07
2061689843#41958860915,0,0,3.1077605821668554e-06
3862453322#3477040043,0,0,0.0003112281777183331
4855224068#5083891634,0,0,5.5474627541405135e-06
4999204993#1728174551,0,0,9.617097438842273e-07
3633526158#4498417740,0,0,1.1919228961195568e-06
3871685027#76470034601,0,0,9.617097438842273e-07
3915232509#1320157321,0,0,1.581405380242763e-05
3968903489#3707567581,0,0,1.9452845536015624e-06
76339204925#167321908065,1,0,0.04725378740466148
1708941558#3927603556,0,0,0.0011001782253064422
4791600953#1955026154,0,0,0.001333934621830721
3215754174#2058128167,0,0,9.617097438842273e-07
1946459818#4697481294,0,0,3.319087340226021e-05
82342257069#39435343189,0,0,0.0002623256896081104
4072428623#10063837217,0,0,7.20481590854409e-07
3072563854#2058531415,0,0,0.00014091728775730944
465306971541#1382163772,0,0,6.187835534050643e-05
4607994802#4967825383,0,0,4.247246938677776e-05
201663692217#3442901956,0,0,0.00013556721105434838
1690392435#3042374746,0,0,2.9026785608263376e-05
4498417740#1407873390,0,0,1.257599592637131e-06
1955030813#4498417740,0,0,2.3593016394352702e-05
2132795383#3709910119,0,0,1.4383686771810217e-05
225384232109#5064598331,0,0,1.1919228961195568e-06
4205653425#18467707182,0,0,1.6810686069602418e-06
4439433329#4657106310,0,0,1.767877461319388e-06
4792968045#3615593579,0,0,0.0010363894448835224
3552909102#4189391263,0,0,0.0002936434926971397
131585042210#3496790707,0,0,1.350601684174237e-06
3232083339#5165685784,0,0,0.00023496616391887045
4720990752#4808238795,1,1,0.9999999976390939
4679546461#2055885528,0,0,1.2464318412108694e-05
138960829393#322313716889,0,0,9.617097438842273e-07
3862453322#3846598639,1,1,0.5635312548432726
5206198663#4705563490,0,0,0.0031214636839799635
3053916069#2057146445,0,0,1.8290772184767918e-06
3541397287#4214748443,0,0,9.617097438842273e-07
1768955738#4214624671,0,0,1.1181614930696175e-06
4455408499#2058661446,0,0,8.80112921543737e-05
3477040043#4145496082,0,0,0.18109278677458085
4808170837#5010412384,0,0,9.617097438842273e-07
98862400850#5063074383,0,0,9.617097438842273e-07
1666737679#1920508153,0,0,2.545617852501917e-05
2091281221#1638922114,0,0,1.2263439810675003e-05
3364587358#3235880928,0,0,5.2373567101225495e-06
3369184055#138963214044,0,0,1.1416228459950034e-06
2671772709#2058531415,0,0,0.00847175747040934
1467729091#1372242064,0,0,1.9418173063223025e-06
1752631076#3735611396,0,0,0.0011102645729711954
4909154245#3494153136,0,0,5.449036026345393e-06
4214872608#4702804708,0,0,0.0037394020621728213
1562031765#2058406199,0,0,0.0002860212383126145
1802065720#3615593579,1,0,0.020665791629559265
1403926750#4865786342,0,0,9.617097438842273e-07
3829554374#3402256673,0,0,0.16549801439024223
4836895938#4520741756,0,0,9.288275509802338e-06
2060290387#4575249992,0,0,0.1939381037694425
4661776935#5165685784,0,0,4.57547554606686e-06
5108475165#421393369392,0,0,9.617097438842273e-07
1651852765#29118640082,0,0,9.617097438842273e-07
1656969942#5010064143,0,1,0.9992042868658936
4636524355#2296910026,0,1,0.7526793197401633
4161797582#453179758430,0,0,9.617097438842273e-07
248352373136#3044692596,0,0,7.134337925820957e-06
3946584694#3488840316,0,0,0.0028749003549090367
2087025558#4572426635,0,0,9.617097438842273e-07
4070456241#9283556866,0,0,3.0107321362728046e-05
2058661446#3860804392,1,1,0.9716034459465733
3047031444#276607465209,0,0,9.617097438842273e-07
1457252565#1696297270,0,0,0.0001568279692012593
75782528054#4735669408,0,0,1.8637885531376534e-06
37807947501#36730697229,1,0,0.016234796792082708
4958160823#3379264687,0,0,1.4457572271965253e-05
2600554617#1608506098,0,0,9.617097438842273e-07
4316547764#1621413330,0,0,2.006820378955552e-06
3442901956#1709924290,0,0,5.456849808830527e-05
5003714231#3632891899,0,0,9.353480485181756e-06
1726564714#4755406731,0,0,5.985993002410891e-05
4703831949#1372242064,0,0,9.617097438842273e-07
1409261677#4196030610,0,0,3.5544304914276364e-06
3762358178#4108293691,0,0,6.842570005160415e-06
4636524355#4636583527,0,1,0.8069559883117987
1848180229#3946584694,0,0,9.617097438842273e-07
49472388467#34340103649,1,1,0.5571029950754737
4837628601#3915232509,0,0,1.8395304781443985e-05
3414192937#1552378116,0,0,0.009189227583874122
82342257069#76084169102,1,0,0.004107949486585967
4070456241#2298730254,0,0,2.7041035290478202e-05
5003714231#2078835030,0,0,0.00019071222321036073
1949694216#5104052160,0,0,2.9620685199136126e-05
3215754174#2116366106,0,0,7.537622223387911e-06
4837628601#2062233925,0,0,2.700092329794049e-05
1955026154#3052169971,0,0,8.682128622991482e-06
4958160823#5185354751,0,0,9.617097438842273e-07
5206198663#1918821009,0,0,9.617097438842273e-07
3072506125#2058829770,0,0,2.006820378955552e-06
4498422001#4971974956,0,0,5.434605675889393e-06
4843658030#4081289086,0,0,9.617097438842273e-07
124785536502#4492977050,0,0,0.0002462597618256394
107467970371#3937905240,0,0,5.432848438133875e-06
4455408499#3052169593,0,1,0.9999314690156041
4448697469#3946418596,0,0,1.0948006197027772e-05
4477045287#2977432095,0,0,1.059475302477607e-06
4999205061#3047031444,0,0,9.617097438842273e-07
3490539439#2011714457,0,0,1.1416228459950034e-06
4918962509#75782528054,0,0,4.0295790260433955e-05
1467729091#4636583527,0,0,7.675180493142866e-05
2191172688#4823803954,1,0,0.031055857842225677
3232083339#1412102698,0,0,0.18428895303594464
4448697469#3507050766,0,0,7.656064114695746e-06
5206198663#4259293142,0,0,0.034515057944530365
3706699419#4464608641,0,0,1.350601684174237e-06
134867489837#3277004292,0,0,2.728093624425556e-06
4529336313#2112308266,0,0,2.1325249728973825e-05
1320992610#3979682744,0,0,9.617097438842273e-07
3452360497#3892132185,1,1,0.9999926561005822
1918821009#5003714231,0,0,2.342683196910924e-05
4001606579#4081289086,0,0,2.697938533909935e-06
3579464172#4856748067,0,0,0.000164491331731252
1798868787#4455408499,0,0,1.327342970949571e-06
4274246175#189641569958,0,0,1.5674750918846835e-06
4731359279#2059486037,0,0,8.809337409258087e-05
421393369392#4623930569,0,0,3.6918504306314996e-06
4709734065#5013871700,0,0,9.617097438842273e-07
4856748067#4726073967,0,0,9.617097438842273e-07
4808170837#1816678631,0,0,1.9400320798559572e-05
41714615735#82342257069,0,1,1.0
4913620532#4072366249,0,0,9.617097438842273e-07
1709924290#3774085428,0,0,0.00033949893674120005
1806631591#343207691350,0,0,1.6793343165696514e-06
1951491884#1552378116,0,0,2.0789215695141957e-05
3490539439#2075611951,0,0,1.1416228459950034e-06
3906389523#4624086112,0,0,7.271469127955105e-05
4111311078#3931049291,0,0,0.37893430921468163
4696140824#5108475165,0,0,0.00031098813028386014
138960829393#47871442424,0,0,1.6849211593027604e-06
4491286629#1955016683,0,0,2.0909075534372362e-06
4536384761#2058661446,0,0,1.1058025113469276e-05
4720990748#4128826467,0,0,2.3175987614362095e-05
4786425036#4837628601,0,0,0.005159756297599747
3452360497#2059786009,0,0,1.059475302477607e-06
2056703740#3603201749,0,0,8.548015108376142e-05
1835570826#2053401290,0,0,9.617097438842273e-07
8431814779#4040761448,0,0,1.011205449980774e-05
2062243305#4841234225,0,0,5.7023025692983275e-06
199552139760#465306971541,0,0,6.874363560028433e-05
1818747960#4117064632,0,0,6.5268222861902644e-06
3967284896#4765643443,0,0,9.617097438842273e-07
3042374746#1861556379,0,0,9.617097438842273e-07
4924974181#196075727386,0,0,1.0870376897493959e-05
4744639934#5010343781,0,0,2.8170249611319755e-06
199552139760#148602656984,1,1,0.9999885848664681
3927031679#3979834731,0,0,0.00029746665661246126
4949981393#3829554374,0,0,7.785892607784145e-06
1403926750#5094395218,0,0,2.2064953233473157e-06
3052169593#2061673701,0,0,0.09671217233153183
4755406731#1415520008,0,0,1.327342970949571e-06
4737466020#3892132185,0,0,3.071427140924301e-05
3937905240#1416301524,0,0,0.00016464835146116335
2073958683#4709177500,0,0,2.5704974970732886e-06
384709473414#4765643443,0,0,8.208709880176834e-06
2053401290#5065503143,0,0,9.617097438842273e-07
2062902494#3633533062,0,0,7.42405479814969e-05
3551736332#4808687386,0,0,1.1763575809817948e-06
4756922573#139011371528,0,0,4.413550358643482e-06
2061311891#4855224068,0,0,6.818663461828992e-06
196075727386#114401992972,0,0,0.00012330481821289815
1768951636#4261169259,0,0,4.625169908439059e-06
1415963077#81042916306,0,0,1.1970222103466656e-06
1998358860#1562031765,0,0,0.03053912563911359
4865786342#3861213317,0,0,0.00019028090435654492
4201800596#4220301018,0,0,0.0003418910893067754
2796703699#4712138934,0,0,0.002236119465612873
3441097472#4214624671,0,0,1.2706792461002888e-06
1479238950#1479236023,0,1,0.9999929460450221
2007329552#2564918524,0,0,0.0001590197215712338
1847702835#18467707182,0,0,1.4879011888945958e-06
2091281221#4132467872,0,0,2.959657340117571e-05
48399481031#3951041977,0,0,3.506249846982026e-06
4897041544#3945392968,0,0,2.098512292756067e-05
2055834216#418887222012,0,0,9.617097438842273e-07
4316547764#4261169259,0,0,0.0006786390211050834
126501897635#82325773100,0,0,0.00014086056086698684
4523978139#225384232109,0,0,9.617097438842273e-07
4542386587#2029674976,0,0,1.7624004197957512e-06
1861556379#4081101808,0,0,5.2033152469598775e-06
140554567918#1592253981,0,0,8.685267703154877e-06
3215754174#2180548061,0,0,0.0002881939857579712
3878447634#4081101808,0,0,0.11103956440603736
1654102057#5066791121,0,0,0.0015358525033288873
549708986379#2180548061,0,0,1.5228727555874282e-06
3860936746#3881167105,0,0,9.617097438842273e-07
4425600562#3277004292,0,0,5.807037205385804e-05
1409261677#4135061499,0,0,5.8103015306898934e-06
3442901956#5033763061,0,0,7.379869747590198e-06
1469947163#4256662307,0,0,4.898108556919571e-06
4808240616#19689104703,1,1,1.0
2056961978#41958860915,0,0,7.521263026178695e-06
4656986610#4619195159,0,0,2.0410111013397618e-05
4575536000#4427898444,0,0,1.7898018757440726e-06
1320992610#4720990748,0,1,0.9150925216832839
2175677532#4836895938,0,0,9.617097438842273e-07
4765643443#3638725857,0,0,1.2160943192330276e-05
4254790910#4274088675,0,1,0.99945424693965
3946418596#138962728028,0,0,0.0016654552215968467
4435951946#1469306625,0,0,0.00013357593361069988
4675257710#3829554374,0,0,3.095447276795259e-05
1955016683#134867489837,0,0,0.0003999682934368553
3559629814#4865786342,0,0,6.153847806989446e-06
4828654874#1955026154,0,0,0.002853560897298893
4579077594#2111818909,0,0,2.3115439205155685e-06
3603201749#4636583527,0,1,0.6228972836061178
3496790707#1875570795,1,0,0.0017530752036281766
4429293356#5075124648,0,0,3.386035890452796e-06
4572426635#3552909102,0,0,9.241905446232145e-06
4127437050#2070625956,0,0,9.617097438842273e-07
329718595140#3707425364,0,0,9.617097438842273e-07
1371717862#1320992608,1,1,0.9999998356424975
2338797804#1646275700,0,0,0.0012181731793817333
4111350011#4491286629,0,0,1.4925875716200032e-05
2027873351#114401992972,0,0,9.617097438842273e-07
1479238952#1479238950,0,1,0.999999996431086
1798868787#4529336313,0,0,4.3249129396963495e-06
3849875064#3245047192,0,0,1.3007907844119895e-06
2066363395#1955030813,1,0,1.7768050686393257e-05
5163636978#4133985654,0,0,2.4235088467197996e-06
4833286194#4536384761,0,0,0.00020133847457656757
4666990747#4761512241,0,0,7.803377363993391e-05
2069259743#4134047757,0,0,1.526704158822524e-06
159730607651#1328703423,0,0,6.7757589206939974e-06
459733636362#454303875540,1,0,0.29464112993862684
1320992608#1320992610,0,1,1.0
3618769182#4132115994,0,0,1.3858240257584428e-06
4623930569#3967284896,0,0,9.617097438842273e-07
1920508153#1743158953,0,0,0.0008654485567380142
4974935530#4161797582,1,1,0.9999999800142236
2060290387#2057202369,0,0,0.008575338873157737
3053916069#4513744195,0,0,1.8290772184767918e-06
2146476172#1654102057,1,1,0.6429152215353175
2057186168#2055298486,1,0,0.017500734829929154
4659328158#4913743600,0,0,3.250995672420384e-06
4793200474#3108657350,0,0,9.617097438842273e-07
1639170956#1457252565,1,1,0.997840703266916
4077568242#2132795383,0,0,2.0095818987570578e-05
2087025558#3045322155,0,0,9.617097438842273e-07
2112404223#4523978139,0,0,2.718119183795423e-05
4626053521#2050581826,0,0,9.617097438842273e-07
1638922114#4663932072,0,0,9.617097438842273e-07
3490539439#4072428623,0,0,1.0640195143369425e-05
4482237216#4540676462,1,0,0.007848663566024275
4127437050#2119467444,0,0,9.617097438842273e-07
1438255025#3849875064,0,0,5.315358412290936e-06
90088944269#16826928982,0,0,9.617097438842273e-07
4607994802#1955026154,0,0,0.002704215146557185
4823803954#4491286629,0,0,6.386121258107868e-05
4540676462#5065503143,0,0,9.617097438842273e-07
1313501951#1768951636,1,0,0.024959722689766987
1730816951#2011714457,1,1,0.636252686408072
3862268059#4918962509,0,0,0.002396096255631575
3946418596#483899405313,0,0,9.617097438842273e-07
2060192584#4283348799,0,0,4.351256094556478e-06
4697099894#544241990815,0,0,2.1643254965376537e-06
1813327174#1848719127,0,0,0.15448187858786372
1423347109#2112308266,0,0,1.1692720105753019e-06
549271649221#3379264687,0,0,0.0985223156761933
4833286194#4525746327,0,0,9.617097438842273e-07
1568784013#1834405459,0,0,1.327342970949571e-06
87820911338#1726564714,0,0,0.008599676581857885
2027873351#2600554617,0,0,1.492290734840806e-06
1639386839#4590104087,0,0,0.007153935195678092
2068603286#2057120532,0,0,9.617097438842273e-07
5064598331#4214748443,0,0,0.00018157661128166997
4671204264#4529336313,0,0,0.0018481205264143355
2338797804#4185911295,0,0,9.617097438842273e-07
3061084981#2058829770,0,0,1.155836937267749e-05
4492977050#76470034601,0,0,6.658619309808852e-06
4161815403#4938690872,0,0,9.617097438842273e-07
4359345477#4511530729,0,0,3.645280059365281e-06
3507050766#6633389924,0,0,1.5586424614867716e-06
76084169102#5093302594,0,0,8.698531527829259e-05
4999242302#6626538016,0,0,9.617097438842273e-07
3488840316#3072563854,0,0,3.516284537275569e-05
102525471237#4425600562,0,0,0.00011550526404256379
4833286194#1726551362,0,0,6.010629089987666e-06
1847649330#4526072603,0,0,9.617097438842273e-07
76339204925#3045486706,0,0,2.342436821157628e-05
2027838804#2066533471,0,0,2.268106817756217e-05
2028165651#5010343781,1,0,0.1074824840909728
4901739840#4575249992,1,0,0.06903550133917795
18468663843#3603201749,1,0,0.42218330365904616
1743158953#3797571274,0,0,0.0008373286150644105
3861213317#4635793707,0,0,2.449323035315766e-06
4720990748#2056961978,0,0,7.521263026178695e-06
1438255025#4897048724,1,1,1.0
4758052328#4427898444,0,0,0.2278633975381513
3951041977#3442901956,0,0,0.0004032223629801869
4897048724#5104052160,0,0,0.00040789200121156387
1847649330#5038913286,0,0,6.519041777299073e-06
3825968185#2598389634,0,0,9.617097438842273e-07
4274088675#2058531412,0,0,0.010564517974583071
2063057962#378612909737,0,0,4.314983506934963e-06
2120702109#4455408499,0,0,1.7154507504673464e-05
208909723613#2212287890,0,0,9.617097438842273e-07
1403922320#2111514456,0,0,7.033218839565371e-05
57482538021#4018768324,0,0,0.004340634732926022
2057964562#2028165651,0,0,9.617097438842273e-07
4001872848#2338797804,0,0,0.0005456102118822584
4224142866#4579077594,1,0,0.008330279913867337
4635793707#1696297270,0,0,3.4780045684622323e-06
4242849949#327540253581,0,0,9.617097438842273e-07
4283348799#32259200442,0,0,0.00015090882530853332
5165685784#3379264687,0,0,9.617097438842273e-07
549271649221#4793200474,0,0,4.266392444176237e-05
18468663843#4590104087,0,0,0.3568727947761298
2224193149#5068270943,0,1,0.9999986430665158
4128826467#5010064143,0,0,1.5760660369081335e-06
18467707182#1978617397,0,0,3.844656207244933e-06
549271649221#3560844585,0,0,9.617097438842273e-07
3215754174#1920508153,0,0,1.132420942521213e-05
3806586103#86403779490,0,0,0.0001141490300803593
2063077902#1816430010,0,0,1.41490336239682e-06
54117240769#138962754138,1,0,0.4869768436629862
3696903469#459733636362,0,0,8.908055317905435e-06
5010412384#4070456241,0,0,3.2699529116606328e-06
2060512716#4145496082,0,0,2.249462592333723e-06
2111226139#2111818909,0,0,2.4464973891837523e-06
1712004928#4081101808,0,0,0.00012136081883665212
146011948003#1656969942,0,0,0.0011712699894821565
1320992610#1320992606,0,1,1.0
47896517559#1740857110,0,0,1.350601684174237e-06
2073958683#3979663695,0,0,9.617097438842273e-07
2062233925#2160958435,0,0,9.617097438842273e-07
4077568242#4134047757,0,0,4.1276588182588134e-05
2050583480#1768955738,0,0,0.00026051962519139336
1802495802#2063057962,0,0,1.8162401544641853e-06
5059493292#211600222265,0,0,0.00022534566433997366
336556426216#303103274469,0,0,0.00012321953138725984
4712138934#2087025558,0,0,9.617097438842273e-07
5036833532#5093302594,0,0,9.617097438842273e-07
2069259743#4746786446,0,0,1.059475302477607e-06
3364587358#2136848057,0,0,1.837546541961972e-05
2057120532#1627677359,0,0,0.24303492459609485
5165685784#1818747960,1,0,0.051421042373016965
2028648293#4038971285,0,0,1.059475302477607e-06
4111940328#4134047757,1,1,0.9604179647993916
3979663695#332651656883,0,0,9.617097438842273e-07
4662287639#3913495754,0,0,0.0189482106086477
2107204055#1946459818,0,0,1.0929555668485615e-06
393983081702#3946324748,0,0,3.15114006968771e-06
4128826467#4631852445,0,0,2.570488735352822e-06
4900124238#1802495802,0,0,1.3634196449753426e-05
4205653425#4111350011,0,1,0.9999878216980317
3393654691#1639274792,0,0,2.4580874768715873e-06
4439433329#4804117485,0,0,9.617097438842273e-07
5185721442#398485485010,0,0,6.437490239485355e-06
1671508853#4203146420,0,0,9.617097438842273e-07
4782070197#1423347109,0,0,2.0371847261771515e-06
1955030813#47896517559,0,0,0.00026361966865058985
126501897635#4657106310,0,0,1.1919228961195568e-06
1743158953#4661776935,0,0,2.0217427572734164e-06
2056513884#3414192937,0,0,1.3654464102191302e-05
1728174551#4974935530,0,0,0.0028127682924037186
18467089718#145760114769,1,1,0.9999913966444081
4538676877#4626053521,0,0,0.00010493935933831826
3045486706#3042374746,0,1,0.9945798055391666
156275537866#6626538016,0,0,5.149992139069494e-05
4392093932#4197944029,0,0,0.0003218066109256866
4511530729#5067776785,0,0,0.04603074996367546
4624086112#44498925795,0,0,0.00016772267195835474
4392093932#2069185249,0,0,1.059475302477607e-06
4856748067#1671508853,0,0,3.0135926348250046e-06
3369184055#3435281641,0,0,9.617097438842273e-07
4132467872#3806586103,0,0,9.85408961759676e-06
4726696498#107467970371,0,0,9.617097438842273e-07
4417877411#4475599263,1,1,0.7857453365870476
1666737679#1639169322,0,0,4.992147343987053e-05
1328703423#3878447634,0,0,1.0929555668485615e-06
1708941558#4673963150,0,0,0.0014787702676337547
3690831675#3690457393,1,0,6.748052945808334e-05
4902984206#3603201749,0,1,0.9999289049374499
1998358860#4631852445,0,0,9.617097438842273e-07
4037395648#2054699471,0,0,0.0003937909707787633
3215754174#3072563854,0,1,0.9912714097030377
4897041544#2058829770,0,0,4.429942452780076e-06
1840879535#138962728028,0,0,5.340170509061955e-06
4070456241#4670902580,0,0,2.16456796138079e-05
378612909737#3633141413,0,0,1.0045328964436303e-06
2057199781#4726073967,0,0,9.617097438842273e-07
4157223772#1409261677,0,0,5.8103015306898934e-06
1690392435#1740857110,0,0,1.5349200321171999e-06
2058406199#2011422795,0,0,2.3654688334795755e-05
2060290387#4668702029,0,0,1.059475302477607e-06
2063057962#2091281221,1,0,0.13648503792189434
4676785037#3452360497,0,1,0.607521643468928
57482538021#2123100264,0,0,9.617097438842273e-07
2088554701#2058881485,0,0,3.4565795891243483e-06
3980004581#2065634341,0,0,2.7285023248253122e-05
9882651379#4650641709,0,0,1.4003670954958637e-05
2059786009#4635793707,0,0,1.2039882411751402e-06
1942997301#2067169690,0,0,0.32821139368878177
3951041977#1440645051,0,0,0.0005211131385502431
3245047192#4864092534,0,0,1.0477458447908347e-05
1320992606#1320992608,0,1,1.0
1328703423#3946418596,0,0,3.4520759494812374e-06
4551052278#2112404223,0,0,2.006820378955552e-06
4824488186#4782974616,1,1,0.6913897780408114
146011948003#4128826467,0,0,2.247989167529906e-06
3861078825#2123100264,0,0,2.887691653289484e-06
5185354751#4439433329,0,0,1.5266898598173582e-05
1666737679#5093302594,0,0,1.3968709826661373e-05
4958160823#5007171302,1,1,0.644487664100419
3215754174#4758052328,0,0,1.2625250958585954e-06
1730953832#4133985654,0,0,2.4235088467197996e-06
194754298019#23232175462,0,0,6.429068222175199e-06
5021510219#4671204264,0,0,1.5587396387757697e-06
2060196427#2123088534,0,0,9.617097438842273e-07
336556426216#4161797582,0,1,0.9999999999216982
1457252565#4448697469,0,0,4.988037960195947e-06
2058531412#3931049291,0,0,0.03303707220589494
2060512716#4793200474,0,1,0.9980238628005456
2111514456#4878750795,0,0,9.617097438842273e-07
201663692217#4938690872,0,0,3.5129906514011884e-06
2060056435#2060254114,0,1,0.9986845188676156
1316556785#3881167105,0,0,6.022760520829027e-06
3404220738#1695721912,0,0,4.514545021651417e-05
34765354823#4836895938,0,0,0.0014251291239698951
2977432095#14613579566,0,0,2.439944468692585e-06
1403926750#5010343781,0,0,5.687094400556851e-06
48399481031#18468663843,0,0,3.1432482889028847e-06
50016874555#2060512716,0,0,6.845071841779393e-06
5078702464#3915232509,0,0,1.0233521066800181e-05
1810185303#5068270943,0,1,0.9718760755854754
18466913739#4790633062,0,1,1.0
1806631591#86599436514,0,0,1.9525296062580367e-06
2058661446#2113758643,0,0,4.412388855326439e-06
1372242064#1752631076,1,1,0.9999999579689538
3045322155#2153059963,1,1,0.9999961282291769
191537024900#3749110245,0,0,1.0929555668485615e-06
2057186115#2057186102,0,1,0.999999999999801
1639386839#8431814779,0,0,0.00036270726638402745
5158514600#3442901956,0,0,4.805255935618259e-06
1479238950#1434312727,0,1,0.9327341778593741
2088554701#5010064143,0,1,0.9748527206962997
4787793905#114401992972,0,0,6.491843586355713e-06
1646275700#4001872848,0,0,0.0001767849142906641
4256662307#3525476136,0,0,1.3264167946847503e-05
1947138146#246918228224,0,0,9.617097438842273e-07
1955016683#2059786009,0,0,1.059475302477607e-06
114401992972#4059739993,0,0,1.360788392298037e-05
3913703465#4672345130,0,0,2.4872104861874253e-06
3734194433#87820911338,0,0,2.4283064173212487e-06
5193152815#159730607651,0,0,2.746029379571407e-06
4273893775#4040761448,0,0,0.0001787673956184848
29118640082#3964333871,0,0,1.350601684174237e-06
59782651708#196075727386,0,0,2.1701226021148782e-05
1479236028#1479236024,0,1,0.9999896082621763
4899954714#41958860915,0,0,4.047205789682074e-06
4242849949#3052760872,0,0,0.0010990710234947518
57482538021#4070456241,0,0,0.0002457363371297076
2059067449#131446477487,0,0,0.005554671748228679
1875570795#14503977526,0,0,5.869369487980598e-05
81553649652#4304580582,0,0,1.2589144364956187e-06
276607465209#3364587358,0,0,9.617097438842273e-07
4448697469#4804117485,0,0,0.0003833845836397942
189906837325#27547791295,1,1,0.9989560487335116
4254790910#2058531415,0,1,0.5379497901103891
4824488186#4111411514,0,0,2.1356245909495627e-05
3470855139#3861213317,0,0,0.000404323082937745
4555760845#3945392968,1,0,0.35737320820318236
2005664884#50016874555,0,0,2.838735853964942e-06
3709910119#1998358860,0,0,2.8993328914346667e-06
3059595891#47896517559,0,0,5.628587991281382e-05
54117240769#3370936702,0,0,0.0003906206021224238
4635793707#5196755485,0,0,1.3999412819507522e-06
3860936746#4455408499,0,0,6.946920007292243e-05
327540253581#3053916069,0,0,1.875235055415538e-05
4197944029#211600222265,0,0,0.0002094667915075862
2054699471#81553005637,0,0,6.956493494145628e-06
2062233925#1730953832,0,0,0.019692548581284556
1434312727#4132467872,0,0,6.26433432566734e-06
10553947604#5010343781,0,0,1.2503233778323307e-06
156275537866#4897041544,0,0,3.456050456943178e-06
1479238950#4673963150,0,0,2.427999330132204e-05
3232083339#2191172688,0,0,1.350601684174237e-06
1306851139#18468663843,0,0,2.367815902745027e-06
3722249067#131446477487,0,1,0.9602979632828257
4520741756#3441097472,0,0,1.2706792461002888e-06
303103274469#4161797606,0,0,0.00041545887826114665
2058531415#3931049291,0,0,0.2910960515431011
1241054990#2145127974,0,0,1.5090472958242687e-06
246918228224#276607465209,1,0,0.09041738282456596
4316547764#85679298671,0,0,9.617097438842273e-07
459733636362#1469947163,0,0,9.617097438842273e-07
1813327174#131446477487,0,0,0.04023704121732765
4037395648#54159697837,0,0,3.264090364008984e-05
3806586103#1412102698,0,0,0.0002645267230331109
2027838804#3881727524,0,0,3.0622457033095524e-06
47896517559#20201333480,1,0,0.09719729377537972
3956546637#18467707182,0,1,0.9743309743143906
3045322155#3633736951,0,0,2.110699419187479e-05
90088944269#3404220738,0,0,1.0928874281384097e-06
4469590077#3806586103,0,0,0.00027771656435707817
4417877411#3560844585,0,0,1.5557162585128432e-05
343207691350#4448697469,0,0,0.0034938591100154466
5094395218#1743158953,0,0,1.3682980914683843e-06
76470034601#2058406199,0,0,9.617097438842273e-07
4523978139#4619195159,1,0,0.0001078413555768138
1469947163#2065166575,0,0,5.843902049589123e-05
1636709118#5038913286,0,0,1.193096881729536e-06
208909723613#1955016683,0,0,5.802943501198448e-06
1416247746#2027838804,1,1,0.9999999361313334
14613579566#4574180809,0,0,1.2213375149074493e-06
2146476172#10063837217,0,0,3.1126407357404413e-05
4687101911#37807947501,0,0,3.7019514143957544e-05
2061673701#4674911211,0,0,3.7543183084843194e-05
4145496082#4899954714,0,0,1.0929555668485615e-06
18468663843#3045486706,0,0,1.4525106082635412e-05
5165685784#4018768324,0,0,6.662201845230585e-05
1568784013#1654102057,0,0,2.9871808406141437e-06
4157495788#75782528054,0,0,9.617097438842273e-07
4709177500#4624086112,0,0,4.666972925276356e-06
4511530729#358968132955,0,0,0.00040081694250267906
87578768826#2120702109,0,0,2.525703583732099e-06
487132656078#2111494388,0,0,3.15114006968771e-06
4485683605#465306971541,0,0,1.0296541918587591e-05
5128222238#4971974956,0,0,0.0001201768109995182
2075611951#2113758643,0,0,1.7662520666117572e-06
75782528054#1802190388,1,0,0.0003955633388417739
3946584694#4913743600,0,0,1.0045328964436303e-06
2113758643#18467707182,0,0,1.1462265601126848e-05
4506637171#3707567581,0,0,9.617097438842273e-07
4145496082#3055561351,0,0,4.028867046487141e-06
24193681922#80020634543,0,0,6.0681944283052796e-05
1848180229#4212827921,0,0,1.1181614930696175e-06
194754298019#1636709118,0,0,9.617097438842273e-07
3749110245#4117064632,0,0,9.617097438842273e-07
3929018019#1592595202,0,0,9.617097438842273e-07
3582409643#4841234225,0,0,1.1066517693547408e-06
4513744195#3052169971,1,0,0.022042300099101908
378612909737#2062233925,0,0,4.567323925810177e-05
1986152983#4425600562,0,0,7.697778974136833e-06
1802495802#2298730254,0,0,4.2363121550153956e-05
1918821009#3628533316,0,0,9.617097438842273e-07
1840879535#3691706852,0,0,6.367535240333314e-06
4758052328#4666990747,0,0,0.0019092350333484189
5067776785#3108657350,0,0,7.340617148239016e-06
3496790707#4970197889,0,0,9.617097438842273e-07
3826134250#3053916069,0,0,1.8290772184767918e-06
4726073967#2061673701,0,0,0.11754991984580467
2058829770#4498422001,0,0,6.60753019429738e-06
4619195159#1409261677,0,0,2.4081815179062243e-06
4202066092#5098812409,0,0,9.617097438842273e-07
4571072739#2028648293,0,0,1.3288440977596563e-06
2112240092#5021510219,0,0,9.617097438842273e-07
4575536000#3951041977,0,0,0.0016207395729709907
5206198663#4145496082,0,0,8.413172391330871e-06
4705563490#32421248987,0,0,0.00016608001390441983
3979682744#4090060217,0,0,9.617097438842273e-07
4756922573#4782070197,0,0,0.00024688965468991597
1241054990#2027684481,1,0,0.0003519262315495486
87820911338#3490539439,1,1,0.9997512699384716
4448697469#2671772709,0,0,0.03165185172602336
3881727524#4857106956,0,0,9.617097438842273e-07
4480479751#4666990747,0,0,1.4107414496723648e-06
3871685027#4480479751,0,0,9.617097438842273e-07
20201333480#4765643443,0,0,1.4641902993540693e-06
3633533062#1409261677,0,0,9.617097438842273e-07
1409261677#2061689843,1,0,0.02488862304598602
5128222238#3628533316,0,0,0.00014954283243711323
4755406731#4335918051,0,0,1.16795114393182e-06
4274088675#2058531415,0,0,0.2778799079374599
4283348799#60270130980,0,0,4.103702038418901e-06
156276503010#18466913739,0,1,0.9999999684138747
1407873390#1436335814,0,0,1.059475302477607e-06
4865786342#4523373320,0,0,0.04854838672993248
4261169259#4575065614,0,0,1.031175004126208e-05
3044692596#4589595603,0,0,1.16795114393182e-06
4661776935#16826928982,0,0,2.0217427572734164e-06
5193152815#2005664884,0,0,9.617097438842273e-07
2058128167#3047028308,0,0,9.617097438842273e-07
4551052278#47896517559,0,0,1.350601684174237e-06
2028165651#4018768324,0,0,9.617097438842273e-07
5062472541#4504420946,0,0,2.9419114504478542e-06
4145496082#1840879535,0,0,5.958499818425223e-06
3927603556#1639423540,0,0,6.69240881850673e-06
91965976598#104252022998,0,0,2.8106618863789362e-05
3277004292#32143080284,0,0,0.16517582370571202
4506637171#3878447634,0,1,0.5977750135172684
3861213317#4482237216,0,0,5.831889179528234e-06
4687101911#3045322155,0,0,3.292054095580377e-06
232579778763#3551736332,0,0,1.242035223969748e-06
4703831949#2087025558,0,0,9.617097438842273e-07
4001606579#4755406731,0,0,1.327342970949571e-06
5131642969#34340103649,0,0,8.68978534978625e-06
5185354751#5185721442,1,0,0.33516456179490356
3072506125#3215754174,0,1,0.9284446927370351
3541397287#4435951946,0,0,4.0084247064492994e-05
3878447642#3915028298,0,1,0.9954760159914956
1806631591#1423069315,1,0,0.0014951152065610237
1955026154#131585042210,0,0,1.8152697551892266e-06
4970197889#5108475165,0,0,7.314226473263487e-05
2113758643#1726564714,0,0,5.592242508299804e-06
3762358178#2087025558,0,0,2.3379273979337438e-05
1833092881#1656969942,0,0,4.6906360114136925e-06
34340103649#4737466020,0,0,2.4430319320208474e-05
3633141413#96073555522,0,0,2.7875133552122887e-06
1372242064#2973532517,0,0,0.25275685488331917
3980004581#169598104032,0,0,9.617097438842273e-07
4529336313#4557843865,0,0,2.3541349374418145e-06
3633141413#5104052160,0,0,1.157065319584279e-06
4913743600#75782528054,0,0,0.0002331475639408596
2175677532#2180548061,1,0,0.001797243034255711
4683128695#82325773100,0,0,3.5815265674353877e-05
156275537866#138963214044,1,1,0.9999989873319077
3477040043#3494153136,0,0,3.66084614769305e-06
4619195159#4758052328,0,0,9.617097438842273e-07
4161797606#4161797582,0,1,0.9999999956704926
3108657350#5013871700,0,0,8.534307212790494e-06
107467970371#1409261677,0,0,9.617097438842273e-07
226460833239#76784498137,0,1,1.0
4697099894#4636237354,1,0,0.0004187982551038883
1730953832#2062243305,0,0,0.03246539929032381
4004949751#2175677532,0,0,0.003988752019074823
4808240616#4790633062,0,1,1.0
1552378116#1479236023,0,0,0.00011690381261997525
2058829770#4720442233,0,0,9.617097438842273e-07
4214748443#2107204055,1,1,0.9999803824635592
2069259743#1320157321,0,0,4.5381295465723444e-06
1802495802#139011371528,0,0,1.3367529682340934e-05
4145496082#1718702641,0,0,2.3823083093681243e-06
4205653425#4697481294,0,0,0.00027984575503240295
4589997386#18467707182,0,1,0.989338942778545
4684762583#4856748067,0,0,1.2944509408966544e-06
4185911295#1752631076,0,0,9.924103117794947e-05
218134176091#2060192584,0,0,3.661821529516687e-05
199679645647#3863546507,0,0,3.5129906514011884e-06
1806561207#1436335814,1,0,7.499243050812763e-05
5124643800#41958860915,0,0,4.973577705731031e-06
4157432142#4642851315,0,0,2.006820378955552e-06
36730697229#2057146445,0,0,1.0929555668485615e-06
3364150594#3052169593,0,0,1.0929555668485615e-06
2119467444#4709177500,0,0,1.2387055072079039e-06
3871685027#2087025558,0,0,2.3379273979337438e-05
23641510617#3052165975,0,0,1.8204709493269108e-05
96073555522#2004718856,0,0,2.1506823125209954e-06
3929018019#3047028308,0,0,6.385856719076735e-05
3806586103#3946418596,0,0,2.505704955477217e-06
4626677277#5196755485,0,0,3.7381107568596215e-05
4551052278#4697481294,1,1,0.9976353508714887
200791742577#114018376174,0,1,0.9998951622661241
4526072602#59051797265,0,0,5.006651331159081e-06
4538676877#378612909737,0,0,1.2318316152880188e-06
2065166575#4525746327,0,0,2.885123682349559e-06
3979834731#2005664884,0,1,0.9354939010997989
59782651708#2150886701,0,0,3.3617078914988265e-06
2165666882#4256662307,0,0,9.617097438842273e-07
4938690872#1730816951,0,0,3.5129906514011884e-06
2564918524#4650641709,0,0,1.901341007276893e-05
1541971038#4672345130,0,0,2.006820378955552e-06
179195001984#4444217370,0,0,9.617097438842273e-07
1712004928#3208519381,0,0,0.48732941582205014
4808180492#4808240616,0,1,1.0
1592253980#32421248987,0,0,1.5100922569484186e-06
2119467444#134867489837,0,0,0.00012988233552254844
4999205061#3267793378,1,0,0.00023386162931326727
3525476136#487132656078,0,0,2.2054834492321398e-05
5064598331#4354033064,0,0,0.1688582787063701
4635793707#1946459818,0,0,7.674520206488217e-06
4787793905#4452424559,0,0,3.5756113517105204e-06
3477040043#4726696498,0,0,9.617097438842273e-07
3073724824#4283342406,0,0,2.2279446417065618e-06
3589697774#5066791121,0,0,3.237820684860178e-05
3589697774#1834405459,0,0,9.617097438842273e-07
3931049291#5047368938,0,0,2.405305322468664e-06
9095840585#2146475582,0,0,0.0004097003811160115
332651656883#343207691350,1,1,0.9999999999832312
1709924290#5059493292,0,0,4.905929069273496e-06
5067776785#4791600953,1,0,0.0030418458480616687
5098812409#4135061499,0,0,5.8103015306898934e-06
102525471237#109172324563,0,1,0.9999998912563287
4506637171#3878447642,0,1,0.9016629080873251
4674140626#3964074224,1,1,0.9999999999997442
3618769182#2069259743,0,0,1.3858240257584428e-06
3826134250#2057199781,0,0,2.0739478153911372e-05
4206181444#4793200474,0,0,1.1181614930696175e-06
1986152983#4477045287,0,0,2.1064858966132465e-06
3633526158#54117240769,0,0,3.4671827801534733e-06
4697481294#3964074224,0,0,9.458494792208906e-05
4699491280#3056496237,0,0,1.9747029692091816e-06
3706699419#4059739993,0,0,1.350601684174237e-06
1320992610#5010343781,0,0,1.6583930494498988e-05
2058085195#2671772709,0,0,9.442420187015652e-06
1409261677#1752647304,0,0,5.911530064839386e-06
4672345130#422593008639,0,0,1.1919228961195568e-06
3589697774#3691716746,1,1,0.6016340320279511
1639169322#3887115396,0,0,3.6607818871201307e-06
138962754138#4206181444,0,0,1.9899339360310527e-05
4203146420#2058829770,0,0,5.434605675889393e-06
3861213317#2057186168,0,0,1.5278818116410075e-05
4077568242#2123088534,0,0,5.2852992101845925e-06
4538676877#4037407479,0,0,3.0004330610756016e-06
2111226139#3979682744,0,0,9.617097438842273e-07
1818219339#4161797582,0,0,1.485578060321032e-05
5103620556#5059493292,0,1,0.9130632160203362
4274246175#4619195159,0,0,1.6685973585353118e-05
9882651379#38445047959,1,0,0.0009035653630539314
36730697229#4304580582,0,0,0.13826311836521898
3470855139#4059739993,0,0,0.01589609026939378
6633389924#5075124648,0,0,0.06913641580692943
3507050766#2066363395,0,0,1.350601684174237e-06
4168332323#4804117485,0,0,0.0037749288627944052
4642851315#1752647304,0,0,4.203646848986187e-05
5139738145#4201950906,0,0,1.4820579415703964e-06
2338797804#2175677532,0,0,0.001161566002788471
4709734065#3363359717,0,0,9.617097438842273e-07
2098264088#4702804708,0,0,1.916618490242788e-05
4808240601#4808240616,0,1,1.0
4274088675#2671772709,0,0,0.004940563090257387
1436335814#2153059963,0,0,3.419630732967474e-05
1942997301#2053401290,0,0,0.00395839523461464
3442901956#3863546507,0,0,0.003412008418693581
2055625644#9095840585,0,0,4.810824437145455e-06
5185354751#39074124372,0,0,4.887120264633789e-06
4214624671#3730856941,0,0,1.5628138728875372e-05
4525746327#2153059963,0,0,9.617097438842273e-07
3754372320#1724951329,0,0,1.9676127621898288e-05
4179951095#4582141355,0,0,3.3717546240065146e-05
1241054990#1693941156,0,0,2.484408057393584e-06
541570350554#49472388467,0,0,1.1763575809817948e-06
3318133040#4666990747,0,0,1.327342970949571e-06
3979682744#3979663695,0,1,0.5577062755032659
462509477875#3946584694,0,0,0.00020301992843588693
1467729091#1768955738,0,0,8.40295601816473e-06
18468663843#2054794834,0,0,3.557063705959047e-06
3871685027#1562031765,0,0,1.8971127365442027e-05
18468663843#3747247759,0,0,1.6420969260574297e-06
4897862520#225384232109,0,0,0.0005895233750285693
4808170837#1826377825,0,0,5.77274158824631e-06
2112240092#1884640622,0,0,9.617097438842273e-07
3296349690#59782651708,0,0,2.2063179721386296e-06
3926967278#2055298486,0,0,0.00609311505634781
2028648293#124785536502,0,0,3.577751308732182e-06
1305053590#4283342406,0,0,0.0001716389267435835
5196755485#43182039587,0,0,7.51117427706814e-05
4624086112#2060192584,0,0,8.834705879992962e-06
4590104087#2123088534,0,0,9.617097438842273e-07
5021510219#3232083339,0,0,0.00014080544170750074
4808180492#156276503010,0,1,0.9999998202895758
1479238952#5124643800,0,0,9.617097438842273e-07
59051797265#81042916306,0,0,7.55166458469248e-06
2057186102#1718702641,0,0,3.0785522792097523e-06
4529336313#4836895938,0,0,2.8039315360911515e-05
4970197889#2066533471,0,0,9.617097438842273e-07
2098264088#4205653425,0,0,9.617097438842273e-07
4555760845#4636237354,0,0,7.3562915006582186e-06
3235880928#3435281641,0,0,2.180954135168852e-05
3047031444#393983081702,0,0,1.350601684174237e-06
4009292178#37807947501,0,0,1.5827543031467418e-05
4731359279#3460145307,0,0,9.617097438842273e-07
114401992972#50016874555,0,0,4.6759677284790606e-05
1319732582#3215754174,0,0,0.12496390225524581
114018376174#2446874502,0,0,2.5983906538804637e-05
1712004928#9283556866,0,0,7.128157374184065e-06
2446874502#3862268059,1,1,1.0
3706699419#1319732582,0,0,2.0217427572734164e-06
5064598331#18467707182,1,1,0.9990058307826355
4491286629#3980004581,0,0,1.2162115939599147e-05
1598212753#1709924290,1,0,0.0010925469603592843
3915232509#5007171302,0,0,9.617097438842273e-07
418887222012#2061484014,0,0,3.187967681519947e-06
4424722345#4999242302,0,0,0.00010550898460219442
4279780621#3632891899,0,0,0.004009587483158778
4482237216#117729109245,0,0,5.831889179528234e-06
358968132955#3927031679,0,0,6.18102790409758e-06
54159697837#4631852445,0,0,0.00010269768271168205
4214872608#2058531415,0,0,3.307130205029285e-05
1666737679#1688767039,0,0,0.20614351062605912
2064988617#76339204925,0,0,0.00013542558481863354
351410861143#5139738145,0,0,2.6911271125902694e-05
2146475582#1802495802,1,1,0.9962127316253319
3761484275#2055621540,0,0,2.138873524070047e-06
4650641709#3458091636,0,0,5.041744350041059e-06
2058129549#544241990815,0,0,0.000653947172869346
2123088534#1436335814,0,0,9.617097438842273e-07
4475599263#58971109124,0,0,9.472865373045321e-05
2055885528#2977432095,0,0,2.006820378955552e-06
4913620532#3912840540,0,0,9.617097438842273e-07
4520741756#2063057962,0,0,1.5768108426221955e-06
396800321613#376973981474,1,1,1.0
109172324563#5182358949,0,0,1.7614294887125428e-05
1659804386#2119447541,0,1,0.9909750857991731
3797571274#5094395218,0,0,1.4189936422996561e-05
1730816951#1802065720,0,0,9.617097438842273e-07
1241054990#5158514600,0,0,2.006820378955552e-06
2062233925#3835082917,0,0,3.1249409162485285e-06
3470855139#3979834731,0,0,0.00010004411429600518
3734194433#2065634341,0,0,4.9408068874299746e-06
4662125901#3045580653,0,0,0.01339516391712525
82342257069#418887222012,0,0,2.550148389135887e-05
4274088675#4176537188,0,1,0.5742118898304682
4824488186#4756922573,0,0,6.885180057233106e-06
38445047959#4090060217,0,0,0.31608732658749605
2120285844#2058829770,0,0,1.2097292467542964e-05
5097100632#3929018019,0,0,8.052960654757017e-05
2078835030#1834405459,0,0,0.06075720611552851
3072563854#1709836734,0,0,9.617097438842273e-07
3797173437#3452360497,0,0,0.00033935071846919276
3447176726#1671508853,0,0,1.0929555668485615e-06
1904335665#4649888830,0,0,7.366717118709724e-06
4214872608#1638922114,0,0,3.245618923781319e-05
2057451320#58971109124,0,0,0.01072678391887518
1659804386#1402124924,0,0,8.801065641560485e-06
5185354751#5007171302,0,0,9.617097438842273e-07
5067776785#4607994802,0,0,1.618479312735338e-05
2066363395#176077750624,0,0,1.7032990311575476e-05
5093302594#3061084981,0,0,3.6579709563253765e-05
4624558262#148602656984,0,0,1.0929555668485615e-06
2564918524#4765643443,0,0,5.633950391599759e-06
3215754174#4019568018,0,0,4.2188091763482944e-06
1712004928#1535646713,0,1,0.9009323903331383
1740857110#4111350011,0,1,0.9745822483168844
303103274469#3364587358,0,0,9.617097438842273e-07
1665894324#44498925795,0,0,4.100054987515322e-06
4967825383#3579464172,0,0,2.955944015987454e-06
3829182480#3442901956,0,0,0.00026094407473252647
393983081702#4359622448,0,0,2.818328352624195e-06
4999205061#523927727784,0,0,9.617097438842273e-07
9283556866#4201617297,0,0,1.1970222103466656e-06
2057451320#4072428623,0,0,4.170716402592384e-06
49472388467#4145496082,0,0,2.105241896310124e-05
1728174551#336556426216,0,0,0.014797400311634177
2056136170#2091281221,0,0,0.0069421160047986015
4197944029#2564918524,0,0,0.0004590068878963478
1395111624#4642851315,0,0,9.617097438842273e-07
2062233925#2062243305,0,1,1.0
4498417740#3849875064,0,0,2.3092736529510657e-06
5013871700#3569752280,0,0,0.00018514587424281695
4913620532#5185354751,0,0,2.653338771188808e-06
117729109245#2027873351,0,0,1.785762180753863e-06
4335918051#4482237216,0,0,1.0045328964436303e-06
41506701575#3956546637,0,1,0.9652981954633544
43182039587#80020634543,0,0,0.0001673784599484117
5131642969#4813740020,0,0,1.9567372899017604e-05
2037536844#2060290387,0,1,0.9999999923107055
1715361146#1802468675,0,0,5.249823810939198e-05
3488840316#489466582552,0,0,0.0011394015086085255
4674911211#3861078825,0,0,2.1086282692496722e-06
4111352280#199679645647,0,0,1.680369988481001e-05
4157223772#3393654691,0,0,6.265071841920465e-05
29755196818#5082122698,0,0,6.88283151018775e-05
4726696498#5067776785,0,0,6.479139359193068e-06
4792968045#1316556785,0,0,4.301398641937656e-05
3551736332#3829182480,0,0,7.463882482445704e-05
114018376174#4756922573,0,0,2.103336008798958e-06
3946324748#2298730254,0,0,6.39418973789695e-06
4037395648#4824488186,0,0,0.00385944532873014
5059493292#117729109245,0,0,2.5086264167566928e-05
3806586103#4202066092,0,0,1.6717630219319112e-06
3404220738#3915028298,0,0,0.004433983278101573
3052169971#23232175462,0,0,1.9220733332253543e-05
3709910119#4746786446,0,0,9.617097438842273e-07
4657106310#5169118253,1,1,0.9999999933493484
1592253963#3402256673,0,0,7.086792809028316e-05
4636302616#5063074383,0,0,2.838735853964942e-06
4255600579#4212827921,0,0,6.9967320116613104e-06
1479236024#1436335814,0,0,9.617097438842273e-07
4833286194#4674911211,1,0,0.0028403752658406854
3915028298#1469947163,0,1,0.7482417758229405
5124643800#9095840585,0,0,9.617097438842273e-07
5108475165#3754372320,0,0,9.317638663796413e-06
1840879535#1671508853,0,0,0.0016312097860037332
3215754174#3232083339,0,1,0.9997677014813795
4206181444#4865786342,0,0,2.7015010056789825e-06
332651656883#2058406199,0,0,1.0515300494474457e-05
3364150594#4824488186,0,0,1.5329098672682973e-06
1690392435#129610695443,0,0,0.0006553515672306623
4551052278#4464608641,0,1,0.9931367373784049
4081289086#2062902494,0,0,8.799217780079467e-05
34765354823#4444217370,0,0,9.617097438842273e-07
4808687386#4761512241,0,0,0.00034075380774263255
4070456241#2057667662,0,0,3.7780652735043925e-06
1469306625#2057667662,0,0,0.002659732457290975
201663692217#4589595603,0,0,1.0045328964436303e-06
538860958841#4808170837,0,0,1.0929555668485615e-06
325294719982#23641510617,0,0,7.269367409432613e-06
82325773100#4675257710,0,0,9.617097438842273e-07
18467089718#444631792208,0,0,1.1370898998848756e-05
1998358860#2056136170,0,0,2.631154939371256e-06
465306971541#3541397287,0,0,8.00486544663226e-06
2056136170#2123100264,0,0,4.099510840055155e-05
2055834216#48399481031,0,0,1.2837135624425041e-06
107467970371#4185911295,0,0,3.2223030081305523e-06
2060290387#43679253447,0,0,1.3545861752199847e-06
2027684481#4197944029,0,0,9.506169583466803e-06
4436222774#1306851139,0,0,1.5749512916980576e-06
4649888830#4635793707,0,0,2.5102147372367975e-06
3044692596#1666737679,0,0,1.5798243478043577e-06
2028648293#1316556785,0,0,1.242035223969748e-06
1640258299#1995386759,0,0,2.136984842848281e-06
4469590077#4909154245,0,0,9.617097438842273e-07
2057186102#4202091471,0,0,1.41490336239682e-06
2073958683#3633533062,0,0,2.4759070629002112e-05
1328703423#109172324563,0,0,3.074040268746699e-06
3030484462#3108657350,0,0,4.270410462144595e-06
3442901956#1485299448,0,0,2.487578587906496e-06
6633389924#4455953391,0,0,8.521107243307216e-05
4427898444#2058829770,0,0,1.3007907844119895e-06
4003389165#4214624671,0,0,0.013664375005585698
2057120532#2057186102,0,1,0.9999999999903366
2055621540#1904335665,0,0,1.5798243478043577e-06
4765779252#81553649652,0,0,9.617097438842273e-07
2671772709#2058531412,0,0,0.0011601239458590815
2137028345#3240351689,0,0,3.989512401811724e-05
3267793376#4683128695,0,0,0.0017248062238507968
1651852765#1639274792,0,0,2.0217427572734164e-06
81553005637#1305053590,0,0,9.617097438842273e-07
159730607651#2055988859,0,0,4.51363695941356e-05
276607465209#4671204264,0,0,4.339075095184662e-05
2973532517#1416301524,1,1,0.9997374852138805
4824488186#2060254114,0,0,2.5629766792212235e-06
1816430010#1640258299,0,0,4.809040329308352e-06
1423347109#2058829770,0,0,1.1692720105753019e-06
4444217370#2150886701,0,0,0.0034984031294635104
189641569958#3878447634,0,0,0.0003327004925107721
4435951946#3692778406,1,1,0.9999999970492013
3735611396#2065634341,0,0,3.306846556505943e-06
3797577168#1743158953,0,0,0.000247194713088722
4020730390#4949981393,0,0,2.9594309295185217e-06
4448697469#4040761448,0,0,1.3118943079958694e-05
200791742577#4335918051,0,0,4.652700321114892e-06
4161815403#1625147559,0,0,1.4884054624966624e-05
4274246175#4274231792,0,1,1.0
2067169690#2067025602,0,1,0.6222447357714257
4247353515#2057146445,0,0,3.638054059904399e-06
4436222774#3878447642,0,0,0.08588417391463407
3931049291#4254790910,0,0,0.004536286453416578
4316547764#1313501951,0,0,2.952507782673381e-06
3369184055#4726696498,0,0,1.1499385278407809e-06
4197944029#1241054990,0,0,6.027634558868143e-06
1816678631#3825968185,0,0,0.0622300327342179
421393369392#4999205061,0,0,9.617097438842273e-07
2136848057#1621413330,0,0,2.9264638454861587e-06
2056961978#3835082917,0,0,9.617097438842273e-07
569491804341#4214624671,0,0,1.5104746172869125e-05
4004949751#1646275700,0,0,0.0012073390029992163
1688767039#47871442424,0,0,3.790350251217747e-05
1875570795#3735611396,0,0,5.816827194547638e-06
199679645647#2119447541,0,0,8.193531424867988e-06
2054980574#1403926750,1,1,0.6164253441381512
2057186168#47871442424,0,0,9.924948429555822e-06
5068270943#39074124372,0,0,0.04260655588799858
131446477487#4505908026,0,0,1.45938886250285e-06
4967825383#4670902580,0,0,0.0002779918351278583
3707425364#3968903489,0,0,9.231638162903369e-06
4999205061#5033763061,0,0,1.1970222103466656e-06
1998358860#3979682744,0,0,1.8244380060567504e-05
3416246620#4671204264,0,0,4.972206364746697e-06
329718595140#3968903489,0,0,2.8337047736122777e-05
4841234225#4791600953,0,0,8.991491165946527e-06
4259293142#4792968045,0,0,9.617097438842273e-07
43679253447#1639386839,0,0,1.1748149362360337e-05
4575065614#2058531412,0,0,1.2213375149074493e-06
4197944029#2175677532,0,0,4.560559750983809e-06
49472388467#4117064632,0,0,2.8473092008127617e-06
4699491280#3766348815,0,0,1.3823008666144799e-05
3073724824#4455408499,0,0,0.45994894464235414
4477045287#4081289086,1,0,0.010337972137922381
2598389634#4111311078,0,0,9.617097438842273e-07
3994501565#5010412384,0,0,9.935672873249607e-06
4485683605#4918962509,0,0,0.00048280124776225916
5068270943#4626053521,0,0,1.8321879138113857e-06
4720990752#2136848057,0,0,2.276005046853492e-06
3994501565#25271558033,0,0,0.0004774638914840351
3569752280#2098264088,0,0,0.00029843094367784266
2075611951#3494153136,0,0,0.00015965548506531482
91965976598#2118966054,0,0,1.570318601615097e-06
2055298486#2725581419,0,0,5.803791598124089e-06
1955026154#2111818909,0,1,0.999795492958231
1802065720#3245634417,0,0,0.009115536188526075
4661837102#4662287639,0,0,0.000445509298911539
1848180229#14503977526,0,0,9.617097438842273e-07
2037536844#2057146445,0,1,0.9999999999990905
4264603438#4264570268,1,0,0.0013459270140098278
5185354751#5104052160,0,0,0.0003195830823546754
4526072603#2123100264,0,0,9.617097438842273e-07
4572426635#41714615735,0,1,0.9999999998646274
8645214070#417283434001,0,0,1.0346009042333043e-05
4755216808#3946418596,1,1,0.9999999999499778
58971109124#87578768826,0,0,0.00014872284786988945
4255600579#3524983069,0,0,9.617097438842273e-07
2062243305#2091281221,0,1,1.0
4264603438#4338715534,0,0,4.1439732759868546e-06
2977755545#50016874555,0,0,1.6469413732856097e-06
3964074224#1320992610,0,0,0.000144638382679395
3618769182#4264603438,0,0,1.6849211593027604e-06
114018376174#3860804392,0,0,3.0327541139165185e-05
1535646713#3416246620,0,0,9.43176933707758e-06
3046735667#2054699471,0,1,0.999695178143475
1942997301#1651852765,0,0,0.00395839523461464
1802190388#4019568018,0,0,1.1692720105753019e-06
1372242064#4889095238,0,0,9.722060769515328e-05
4971974956#4841108780,0,0,2.3178363528185043e-05
2004718856#4020730390,0,1,0.8694039928812006
218134176091#1320157321,0,0,0.00022336130798956828
4798031879#138962728028,0,1,0.6955724618994101
2112308266#5128222238,0,0,0.002794458981073017
3056496237#1947138146,0,0,6.584619639451836e-06
422593008553#3964333871,0,0,0.0006259108389118102
4273893775#4313472390,0,0,9.617097438842273e-07
1598212753#2057667662,0,0,9.617097438842273e-07
3046471496#4999205061,0,0,9.617097438842273e-07
4072366249#4574180809,1,1,0.9999961718301282
4572426635#3559629814,0,0,3.08597218466651e-06
2671772709#1666737679,0,0,3.925594119873667e-06
2116366106#4506637171,0,0,5.1804208599279084e-06
59782651708#1625147559,0,0,1.1919228961195568e-06
1320157321#2029674976,0,0,2.1842817161995573e-06
4587202995#4185911295,0,0,1.6843162637213275e-06
4589595603#4642851315,1,0,0.0007398438875642641
3460145307#2116366106,0,0,3.433080393149391e-05
5059493292#5098812409,0,0,0.00028406402641992327
4656986610#4589595603,0,0,0.0004526492701316813
1636709118#4792968045,1,1,1.0
4683128695#3915232509,0,0,8.922061227818717e-06
1639026554#4833286194,0,0,9.617097438842273e-07
4081101808#3915028298,0,1,0.9999992931071173
1998358860#322313716889,0,0,0.2148111133894729
4455408499#2061673701,0,0,0.0039030572001972057
2061484014#2725581419,0,0,9.617097438842273e-07
3878447642#1402124924,0,0,2.486221242577831e-05
4635793707#4889095238,0,0,2.0029173579658514e-06
1621413330#3912840540,0,0,9.617097438842273e-07
3507050766#4782070197,0,0,0.0002463670099079261
199552139760#1955030813,0,0,0.020863254814963247
4179951095#3980255436,1,0,0.003003208799667223
4274088675#2118966054,0,1,0.7027159651251594
2065634341#1875570795,0,0,9.617097438842273e-07
4504420946#2098264088,0,0,1.157065319584279e-06
3735611396#1416301524,0,0,0.018533608112776257
9882651379#196075727386,0,0,5.026866725375017e-05
176077750624#1592595202,0,0,9.617097438842273e-07
4081101808#3887115396,0,1,0.9999997755786832
2600554617#4117064632,0,0,1.1919228961195568e-06
4480479751#4737466020,0,0,0.0002769442868798021
3053916069#1305053590,0,0,1.8290772184767918e-06
1639386839#2600554617,0,0,3.7892654402152525e-06
4254790910#1326213590,0,0,9.617097438842273e-07
4702804708#3401828702,0,0,8.419588600909422e-06
1416247746#2055425355,0,0,4.640028018507364e-05
5214349442#3245047192,0,0,2.356029418944185e-05
4808238795#4808240601,0,1,1.0
196075727386#211600222265,0,0,0.0005365073714554321
5169118253#3717372340,0,0,9.617097438842273e-07
2057186102#3926967278,1,1,0.926819594113467
4359345477#4243154086,0,1,0.9992436332708945
138963214044#4589997386,0,0,1.5238658562376662e-06
2057964562#2062233925,0,0,0.0019715211435449294
2296910026#3951041977,0,0,8.87097793907933e-06
4737466020#1752722693,0,0,2.9852268434001683e-06
3946838650#4168332323,0,1,0.6535281594518795
138962728028#1823372268,1,1,1.0
5059493292#27547791295,0,0,2.006820378955552e-06
49472388467#8645214070,0,0,3.320267078001198e-05
1690392435#4735364801,0,0,9.617097438842273e-07
4709177500#4787793905,0,0,1.8238235295810287e-06
4035384490#4661837102,1,0,0.012448568975657956
2091281221#4684762583,0,0,2.914713305927613e-06
5206198663#3754372320,0,0,0.0009890938268719142
2062233925#1660870123,0,0,2.955022283156877e-05
3797571274#1743158951,0,0,0.0008373286150644105
3806586103#2004718856,0,0,0.00845850629124451
47871442424#3946324748,0,0,0.00034991018604517795
3946838650#4804117485,0,0,0.022234820179818267
86599436514#4157483944,1,1,1.0
4833286194#4787793905,0,0,9.617097438842273e-07
422593008639#1728174551,0,1,0.9986617125958694
91965976598#1646275700,0,0,6.229506955501825e-06
60270130980#1696297270,0,0,0.0001935608102252137
1847649330#1833092881,1,1,0.558298367153162
4697099894#4843658030,0,0,0.0010831509432253053
4001606579#2060196427,1,1,0.9999999822157976
4650641709#5038913286,0,0,2.7481340123964736e-05
4662125901#4477045287,0,0,2.1310076758313235e-06
39435343189#3589697774,0,0,2.3273796387701945e-05
3245047192#4037407479,0,0,2.505704955477217e-06
4145496082#3946584694,0,0,0.11844174295734652
2061311891#5169118253,0,0,0.00048721744876546074
2973532517#4624558262,0,0,1.2815182893948389e-05
4791600953#3881167105,0,0,2.986057650027651e-06
238877261551#2029674976,1,0,0.019294996207813234
114401992972#3370936702,0,0,2.006820378955552e-06
465306971541#3734194433,1,0,0.03065893405266776
487132656078#1328703423,0,0,7.284203279935603e-06
4259293142#4666990747,0,0,2.4547300584129023e-06
4037407479#3442901956,0,0,0.0316172483030848
4663932072#4506637171,0,0,8.725168411717577e-06
2145127974#1592595202,0,0,9.606505650390822e-06
4274246175#4656986610,0,0,2.718119183795423e-05
2057202369#2056961978,0,0,9.617097438842273e-07
32143080284#2066363395,0,0,4.886078912122242e-06
1638922114#2059486037,0,0,7.594018724527108e-05
3208519381#3447176726,0,0,1.0929555668485615e-06
3052169593#3052760872,0,0,0.01607823818671946
4538676877#1695721912,0,0,3.158594605169262e-06
3442901956#4157495788,0,0,0.00010469861853939973
4359622448#4157432142,1,0,0.4691534899257309
4038971285#1802190388,0,0,9.617097438842273e-07
4259293142#4712138934,0,0,0.00016933417012482727
18468663843#4636524355,0,1,0.9999976927224069
1785110101#50016874555,0,0,9.617097438842273e-07
6633389924#3618769182,0,0,1.1692720105753019e-06
1319732582#4243154086,0,0,2.0217427572734164e-06
3541397287#3734194433,0,0,2.451693604416561e-05
1320992610#1798940576,0,0,3.64839387122948e-05
2057667662#3707567581,0,0,1.2018692142652384e-06
3208519381#179195001984,0,0,1.1181614930696175e-06
3951041977#1848719127,0,0,0.0009259996444711914
1401952612#4589595603,0,0,1.0045328964436303e-06
1739928560#3245634417,0,0,1.5306211975522277e-06
1440645051#4999205061,0,0,1.1970222103466656e-06
3926967278#3862453322,0,0,1.8638207291197198e-06
4674140626#376973981474,0,0,2.561238404032701e-06
4624558262#1818219339,0,0,1.0929555668485615e-06
38445047959#114401992972,0,0,0.0007671483854938022
4971974956#4808170837,0,0,7.350735371440304e-06
4697481294#4582141355,0,0,1.8743031429446275e-05
4161509156#3452360497,0,0,3.9840516021577056e-05
1512655217#159730607651,0,0,0.0008212157058113499
2054794834#5003714231,0,0,2.6828762839219647e-05
4720990748#1834405459,0,0,0.11124105663464431
1479236028#1479238952,0,1,0.9999998074301758
1806631591#3435281641,0,0,9.617097438842273e-07
18467089718#134867489837,0,0,6.2076878798701235e-06
5082122698#4018768324,0,1,0.9990713333633895
4455953391#2069185249,0,0,9.617097438842273e-07
196075727386#146011937628,0,0,9.617097438842273e-07
418887222012#3618769182,0,0,1.3858240257584428e-06
574468673943#1436335814,0,0,1.220350397250077e-06
3073724824#81553649652,0,0,0.004300434190780944
417283434001#9882651379,0,0,8.966748695595316e-06
2977432095#134867489837,0,0,0.0008652176356100446
3881727524#4132115994,0,0,9.617097438842273e-07
4157266754#3761484275,0,0,3.729662969920503e-05
5036833532#2055298486,0,0,1.1499385278407809e-06
4035384490#398485485010,0,0,9.617097438842273e-07
1726551362#3052760872,0,0,1.193096881729536e-06
307252705345#3232083339,0,0,1.686723531191409e-06
2011714457#19689104703,0,0,0.003365909345821608
4135061499#3507050766,0,0,1.4073044297718956e-05
4626677277#5066791121,0,0,0.00013143445218756201
1833697097#1834405459,1,1,0.9994316612307759
4575065614#4782070197,0,0,4.816864754403424e-06
2054654643#3053916069,0,0,1.3052284931977526e-05
2796703699#4134047757,0,0,0.1789714892521453
4529336313#4696140824,0,1,0.997718124289212
4999204993#3267792927,1,0,0.0001501996532684746
3404220738#3108620528,1,1,1.0
2117538897#4529336313,0,0,3.2290634245154454e-06
1592253980#2056513884,1,1,0.9999999998511555
4511530729#1818219339,0,0,1.8638207291197198e-06
3046471496#325294719982,0,0,4.192170748114834e-06
4897041544#4782070197,0,0,3.308561163891594e-05
4913743600#91965976598,0,0,9.617097438842273e-07
2063057962#2123088534,0,0,1.9964859444347884e-05
1743158951#2058085195,0,0,1.3682980914683843e-06
1918821009#2125106599,0,0,2.597173828648057e-05
23232175462#4758052328,0,1,0.8873428623089055
3470855139#1848719127,0,0,0.09522642615609174
5036833532#4830910802,0,0,1.1499385278407809e-06
2087025558#2062233925,0,0,0.0019048288111148085
5104052160#1693941156,0,0,1.081296535336873e-05
3073724824#1847939089,0,0,1.1181614930696175e-06
2067025602#487132656078,0,0,5.186800313923218e-06
34765354823#5163636978,0,0,6.260000006373191e-05
2070625956#2058531415,0,0,9.922926570145797e-06
134867489837#4824488186,0,0,1.25403069787371e-05
4424722345#4999204837,1,0,0.0001235403655084422
4429293356#1382163772,0,0,4.652541162589119e-06
9882651379#4111352280,0,0,8.966748695595316e-06
9283556866#4808687386,0,0,2.803213995145572e-06
322313716889#3072563854,0,0,9.617097438842273e-07
4808170837#4077568242,0,0,8.287665644641967e-05
5196755485#4787793905,0,0,1.6573978018142183e-05
2075611951#1726564714,0,0,2.9942908071735952e-06
3761484275#3927603556,0,0,6.980597035203128e-05
39074124372#4737466020,0,0,9.617097438842273e-07
487132656078#327540253581,0,0,9.617097438842273e-07
1401952612#4185911295,0,0,0.00010187534200353982
4589595603#5163636978,0,0,9.617097438842273e-07
2057186168#2082195280,0,0,1.350601684174237e-06
47871442424#2055885528,0,0,2.4978513182083566e-06
3707567581#3707425364,1,0,0.015278239828490905
3296349690#25271558033,0,0,1.0929555668485615e-06
4828654874#104252022998,0,0,1.5349200321171999e-06
1395111624#41506701575,0,0,9.617097438842273e-07
4492977050#41958860915,0,0,0.30078378294029734
3318133040#4889095238,1,1,0.9999999999766374
43182039587#8645214070,0,0,0.0008706978100156078
4145496082#462509477875,0,0,0.0002338401397065915
4264603438#4132115994,0,0,1.3858240257584428e-06
1884640622#3994501565,0,0,0.012245276457292464
4808170837#3109942277,0,1,0.8201728050380239
544241990815#2111494388,0,0,0.001551012950307699
29118640082#2446874502,0,0,6.597694402429684e-06
87578768826#54158063907,0,0,0.00014853340956061712
4541834093#3055550819,0,0,9.617097438842273e-07
138960829393#2062243305,0,0,9.617097438842273e-07
2796703699#5206198663,0,1,0.9999596354815486
4636237354#4524153818,0,0,6.010629089987666e-06
2065166575#2725581419,0,0,9.617097438842273e-07
2057964562#1739928560,0,0,2.447557459773749e-06
2066222464#159730607651,0,0,2.881549858249075e-06
3055550819#3046471496,0,0,9.617097438842273e-07
1479236077#1709836734,0,0,1.0072312700371404e-05
5165685784#27547791295,0,0,1.0045328964436303e-06
20170380680#3477040043,0,0,0.00012543209375878806
8431814779#3951041977,0,0,3.002776915169053e-06
2180548061#1423347109,0,0,0.00031710569059940083
4841234225#418887222012,0,0,1.5538217975131623e-05
5182358949#2146293183,0,0,2.229991912996192e-06
2050581826#3235880928,0,0,9.617097438842273e-07
1743158951#139011371528,0,0,1.4850253881179129e-06
2145127974#5205797148,0,0,7.792274800790676e-06
1806631591#4720442233,0,0,9.617097438842273e-07
1833697097#358968132955,0,0,9.944017917633938e-06
129610695443#1920508153,0,0,0.0018483057054854107
87578768826#4841234225,0,0,1.720823240991521e-05
4081101808#76339204925,0,0,1.0561175212765989e-05
4541834093#4283342406,0,0,4.408905641067635e-06
4626677277#1955026154,0,0,9.617097438842273e-07
1708941558#3402256673,0,1,1.0
57482538021#1608506098,0,0,0.0019481806646415908
4491286629#2055988859,0,0,2.98164349450061e-06
3951041977#4619843239,0,0,1.16795114393182e-06
276403558061#2057186115,0,0,2.055895615479155e-05
4924974181#1598212753,0,0,5.787842983356159e-06
422593008553#422593008639,0,1,0.999999999986585
4656986610#4523978139,0,0,0.0001997779963661633
4133985654#1743158953,0,0,2.4235088467197996e-06
4662125901#3525476136,0,0,2.006820378955552e-06
1423347109#3061084981,0,0,2.635960563834079e-06
146011937628#2739075334,0,0,2.5852435581443763e-05
4900124238#139011371528,0,0,0.003000840818700423
14613579566#4255600579,0,0,2.3332912076746365e-06
43182039587#131446477487,0,0,0.0008697255224424014
2056513884#4205653425,0,0,2.066832933517035e-06
1469306625#3734194433,0,0,1.839960604846151e-05
4619195159#2061689843,0,0,1.9687654407242573e-06
18467089718#6633389924,0,0,0.0009029485123600243
4020730390#4523373320,0,0,0.2973053456767744
4206181444#59051797265,0,0,1.3858258624399067e-06
76339204925#3967284896,0,0,2.8864068112598196e-06
4642851315#4671204264,0,0,2.006820378955552e-06
1415963077#4205653425,0,0,1.6810686069602418e-06
2037536844#1592253963,0,1,1.0
4857106956#3946324748,0,0,3.995454261895164e-05
5078702464#3267793376,0,0,0.00012864710254922976
2063077902#3707425364,0,0,0.0011097244564363896
196075727386#4111352280,0,0,0.01294653183335569
1728174551#4161797582,0,0,0.018010359616081845
1621413330#8645214070,0,0,9.617097438842273e-07
1479236024#4157223772,0,0,5.854194043715132e-06
4333918437#4674911211,0,0,7.820762131173754e-06
5078702464#3208519381,0,0,1.5700438925588724e-05
3369184055#2146293183,0,0,1.059475302477607e-06
4179951095#1592253980,0,0,9.617097438842273e-07
48399481031#4897862520,0,0,2.1827186691304447e-05
4214872608#1434312727,0,0,2.83654416007888e-06
2057146445#1592253963,1,1,0.9999999999990052
4145496082#3363359717,0,0,0.0011652833735081778
4338715534#1395111624,0,0,9.86484859495433e-06
2069185249#1320157321,0,0,4.5381295465723444e-06
4333918437#3937803478,0,0,9.617097438842273e-07
4672345130#4924974181,0,0,5.771512982961816e-06
4254790910#4111311078,0,0,0.0954707599450981
4761512241#248352373136,1,0,0.0006331689878394449
3717372340#1665894324,0,0,1.155837032813104e-05
2058128167#2175677532,0,0,9.617097438842273e-07
2739075334#2146476172,0,1,0.9999999864217274
1955026154#76470034601,0,0,9.617097438842273e-07
1552378116#4804117485,0,0,0.0003833845836397942
4157483944#3829554374,0,0,0.04114572873447783
2058085195#4424722345,0,0,2.8886293357407138e-06
4808238795#2296910026,0,0,0.0005280575133434337
2065634341#2160958435,0,0,9.617097438842273e-07
2073958683#3045580653,0,0,0.0465879115423139
59051797265#4974935530,0,0,1.5946875389485298e-06
4720990752#19689104703,0,1,0.9999999959047443
2180548061#4283342406,0,0,2.8371237372115233e-05
3525476136#4705563490,0,0,5.887036999150981e-06
85679298671#4636583527,0,0,0.0002806197770178731
549271649221#4993201940,0,0,2.3754032134150837e-06
3691716746#39435343189,0,0,9.811099476002813e-06
3488840316#1834405459,0,0,5.962119316562687e-05
1998358860#3979663695,0,0,3.690290510403205e-05
4455408499#81553649652,0,0,0.08288263119411662
3236907215#2074388205,0,0,1.350601684174237e-06
2118966054#102525471237,0,0,4.034937085126176e-05
59051797265#1949694216,0,0,9.612938821977673e-06
4256662307#4737466020,0,0,3.868845291127971e-06
2061673701#3052760872,0,0,0.002592196579965497
2112240092#3618769182,0,0,9.617097438842273e-07
2739075334#5010064143,0,1,0.9564097772799441
4090060217#417283434001,0,0,0.010811242098645486
4541834093#4492977050,0,0,9.617097438842273e-07
1946459818#371921998418,0,0,2.2806935314506105e-06
3393654691#3267793378,0,0,1.5007099721631023e-05
49472388467#3946584694,0,0,9.1316293820083e-06
2050581826#54158063907,0,0,9.617097438842273e-07
129610695443#1848719127,0,0,0.00017863528654115117
2118966054#2058531415,0,1,0.7657097865389696
2057146445#4555760845,0,0,1.0045328964436303e-06
4661837102#4913743600,0,0,6.3003994167874165e-06
109172324563#4359622448,0,0,7.305592503751202e-06
4541834093#2050583480,0,0,9.617097438842273e-07
2069259743#2146293183,0,0,0.0009035622429114546
3956546637#3761484275,0,0,2.3632163136140268e-05
4255600579#4201617297,0,0,5.235877622359932e-06
4726696498#1818219339,0,0,1.1499385278407809e-06
4205653425#2146293183,0,0,9.617097438842273e-07
2058129549#129610695443,0,0,5.517151308397794e-06
4970197889#4520741756,0,0,9.288275509802338e-06
5065503143#47871442424,0,0,2.4978513182083566e-06
4072366249#4623930569,0,0,1.427490869750316e-05
276607465209#4808240601,0,0,3.0337318605691695e-06
3030484462#179195001984,0,0,5.042918438781114e-06
1690392435#3690457393,0,0,3.578908628513336e-06
1848719127#131446477487,0,0,0.00701530868843619
25271558033#4037395648,0,0,0.0018818391304712759
2057186102#2057186168,0,1,0.9999999994091979
2058661446#4744639934,0,0,4.176085558470871e-05
5010343781#2054980574,0,0,2.2064953233473157e-06
4536384761#4737466020,0,0,9.617097438842273e-07
3046471496#4808240601,0,0,9.617097438842273e-07
4134047757#4220093966,0,0,6.794686695050439e-05
2057146445#1592253980,0,1,0.9999999999735678
2600554617#4737466020,0,0,1.921066820373355e-06
2112308267#2112308266,1,1,1.0
4117064632#1690392435,0,0,2.4934015765481687e-06
1695721912#3109942277,0,0,1.1601306706548804e-05
3964333871#4824488186,0,0,6.1223019458306475e-06
1942997301#3797571274,0,0,1.0929555668485615e-06
39435343189#5066791121,0,0,7.620541640950966e-05
1401952612#32259200442,0,0,0.0009169455635107845
2037536844#1946459818,0,0,1.0929555668485615e-06
3056496237#1514159826,0,0,1.477753756947339e-06
358968132955#549905391834,0,0,4.34796753014809e-05
3691706852#4359345477,0,0,3.3452970867363924e-05
4899954714#4897862520,1,0,0.00013097792485348444
4455953391#3401828702,0,0,9.617097438842273e-07
3691706852#1434312727,0,0,0.00018710025466351342
549708986379#4731359279,1,1,0.5868806373857322
1621413330#3364587358,0,0,6.106701924692758e-06
2057186115#2057186168,0,1,0.9999999975904075
4619843239#107140664995,0,0,1.5609868736648996e-06
3690831675#4538676877,0,0,1.1692720105753019e-06
4392093932#3525476136,0,0,8.304208222432163e-06
2062902494#2073958683,0,1,1.0
2132795383#2063077902,0,0,8.98461492540853e-06
2027838804#1416301524,0,1,0.8578176837713424
4635793707#5205797148,0,0,1.2707584696572836e-06
1986152983#3525476136,0,0,4.1076091015722e-06
4081289086#4513744195,0,0,9.617097438842273e-07
1512655217#4619843239,0,0,1.16795114393182e-06
1469947163#4333918437,0,0,1.2039882411751402e-06
134867489837#2146475582,0,0,0.00018687687791067804
2065166575#3929018019,0,0,9.05001504185786e-06
358968132955#4843658030,0,0,1.1763575809817948e-06
544241990815#1947138146,0,0,1.4544108139577054e-05
4746786446#3829182480,0,0,2.9064321555336538e-05
1319732582#4359345477,0,0,2.0217427572734164e-06
358968132955#2068603286,0,0,1.1763575809817948e-06
4878750795#2055988859,1,0,0.02677353200504271
3393654691#2973532517,0,0,1.193096881729536e-06
2058129549#1884640622,0,0,9.617097438842273e-07
3215754174#1688767039,0,0,0.42607353852725827
1415520008#4607994802,0,0,4.8389125813521216e-05
487132656078#3055561351,0,0,0.00010303664932965943
2175677532#159730607651,0,0,1.338749383656134e-05
2058661446#1743158951,0,0,1.6214318334609572e-06
201663692217#23641510617,0,0,4.1327743621281264e-05
4555760845#4626053521,0,0,2.2309056396349666e-05
1514159826#3929018019,0,0,2.2901231685551383e-06
1920508153#4283342406,0,0,0.00012080211362838719
5094395218#4737466020,0,0,9.617097438842273e-07
4274246175#1752647304,0,0,9.81414918009913e-06
4791600953#4900124238,0,0,0.0002507319589587111
4243154086#2062233925,0,0,3.5232944791989966e-06
1955026154#4900124238,0,0,2.573486048330404e-05
200791742577#2061673701,0,0,1.1077397299082245e-06
2055356508#4720990752,0,0,0.00016465820189509386
5021510219#4642851315,0,0,9.617097438842273e-07
18467707182#3524983069,0,0,0.001585480742712346
1666737679#87820911338,0,0,3.3211644959899542e-06
4662287639#4035384490,0,0,0.00013183164515597352
3267792927#4491286629,0,0,4.896096379716346e-06
549271649221#4702804708,0,0,1.096007663912485e-05
2059067449#4201800596,0,0,0.00045121660817500287
3059595891#428123087781,0,0,8.61143400614693e-06
100884048724#4670902580,0,0,1.6755559744713989e-06
2057186115#3927031679,0,1,0.6098281590245533
4037395648#1884640622,0,0,0.007792977071697526
4765779252#5182358949,0,0,9.617097438842273e-07
549905391834#538860958841,1,1,0.996746380732284
1802468675#3806586103,0,0,0.0002994751291404274
4283348799#104252022998,0,0,3.928762086068086e-06
3296349690#1847939089,0,0,3.882302310283247e-06
41506701575#4009292178,0,1,0.999278770012784
3846598639#489466582552,0,0,0.007153632561113649
1328703423#1690392435,0,0,7.88473549110196e-05
3797577168#1920508153,0,0,0.0005063718670360798
4018768324#129610695443,0,0,4.983275514023845e-05
3887115396#5021510219,0,0,2.7336677471208917e-05
4703831949#4259293142,0,0,8.115550112721335e-05
1654102057#3717372340,0,0,1.155837032813104e-05
1467729091#1659804386,0,0,1.7241223291323285e-06
140554567918#2118966054,0,0,1.570318601615097e-06
2153059963#4551052278,0,0,1.5349200321171999e-06
4897041544#1726551362,0,0,9.617097438842273e-07
3055204922#1241054990,0,0,3.3039117653475533e-06
3691716746#462509477875,0,0,8.101257905778425e-06
5007171302#238877261551,0,0,9.617097438842273e-07
4626053521#50016874555,0,0,9.95714981634515e-06
4897862520#2061484014,0,0,1.5152727932518426e-06
109172324563#3915232509,0,0,2.0766485949971823e-06
2062243305#4900124238,0,0,6.0576745547628636e-06
2028648293#86599436514,0,0,0.00044762697555957617
1724951329#3447176726,1,0,0.00021473487838902602
2145127974#4202066092,0,0,3.907729560650441e-06
87578768826#1639274792,0,0,1.0929555668485615e-06
3707567581#3541397287,0,0,1.2018692142652384e-06
3946584694#2061673701,0,0,1.792594547571002e-06
3202650162#1379816908,0,0,4.179362903441845e-05
4999204837#3267793378,0,0,7.145305353951112e-05
1326213590#50016874555,0,0,2.826642859918215e-06
4009292178#4782974616,0,0,2.185402227063101e-05
156275537866#200791742577,0,0,0.00032075498934100574
81553649652#3052760872,0,0,0.0077330712086645555
48399481031#5083891634,0,0,2.6537948374873784e-05
6626538016#4782974616,0,0,3.1301474664105036e-05
2150886701#1785110101,0,0,2.5842181736681734e-06
4808687386#4758052328,0,0,0.00011361041136772717
3913703465#2055425355,0,0,1.1616857747691029e-05
1621413330#2123100264,0,0,9.617097438842273e-07
3558421108#3797571274,0,0,0.011382526869482578
1514159826#5078702464,0,0,1.8245363286436742e-06
3849875064#10553947604,0,0,1.0045328964436303e-06
3946584694#1848719127,0,0,0.00024408185454875245
1651852765#1328703423,0,0,7.183067026339111e-06
2057120532#2057186115,0,1,0.9999999998678675
4836895938#4970197889,0,0,3.5052581381716135e-05
2111226139#1743158953,0,0,2.6498698634284516e-06
1690392435#2598389634,0,0,9.617097438842273e-07
3477040043#2065634341,0,0,2.2185116647183496e-06
4161797582#422593008639,0,1,0.9999999182269368
1639169322#1708941558,0,0,0.00022005781542458382
3797571274#5169118253,0,0,1.7321828247202506e-06
4243154086#3967284896,0,0,9.617097438842273e-07
2298730254#2146475582,0,0,4.510860227510973e-05
2060512716#3552909102,0,0,9.617097438842273e-07
3608869908#24193681922,0,0,0.3732692765102399
2055885528#2111494388,0,0,2.4978513182083566e-06
96073555522#4575065614,0,0,5.156906974898612e-06
2120702109#453179758430,0,0,9.617097438842273e-07
2059486037#1743158953,0,0,2.5009171150506897e-05
3569752280#329718595140,0,0,9.617097438842273e-07
1955016683#4635793707,0,0,1.618315629128627e-06
4970197889#4696140824,0,0,9.288275509802338e-06
3678589577#4203146420,0,0,9.617097438842273e-07
2055885528#5065503143,0,0,2.4978513182083566e-06
2069259743#225384232109,0,0,6.539435706607134e-06
4492977050#146011948003,0,0,9.617097438842273e-07
32143080284#2111514456,0,0,0.003011221605827034
336556426216#444631792208,1,1,0.9999999996207407
1690392435#3202650162,0,1,0.9984186506184964
2061645325#1955030813,0,0,3.305648340604354e-05
1514159826#1835570826,0,0,2.8934931579580283e-05
2153059963#1688767039,0,0,1.6755559744713989e-06
4697481294#19689104703,0,0,2.8781080782392637e-05
3829554374#3490539439,0,0,1.1416228459950034e-06
3722249067#43182039587,0,0,0.010918556500558126
4480479751#4841234225,0,0,3.3115920525900387e-06
1371717862#1320992610,0,1,0.9999504377061681
139011371528#4843658030,0,0,3.845059494802969e-05
465306971541#4823803954,0,0,9.617097438842273e-07
200791742577#3980004581,1,0,0.00204321008949724
3052169971#3541397287,0,0,1.1077397299082245e-06
2146476172#1688767039,0,0,5.35431443375222e-06
4999204837#3267792927,1,0,0.0001501996532684746
9095840585#44498925795,1,0,0.0013969546689700384
4808687386#23232175462,0,0,0.00019617704069315058
3363359717#4666990747,0,0,2.4547300584129023e-06
4132115994#1479236023,0,0,1.2974525663873334e-05
2111494388#3108620528,0,0,2.006820378955552e-06
4670902580#4631852445,1,1,0.9999998289253402
3979663695#1640258299,0,0,2.5489332832029127e-06
2061645325#1802495802,0,0,0.0053649340000522456
2725581419#2057186115,1,0,7.113586123373312e-06
3881167105#3806586103,0,0,2.8521409811611482e-05
1690392435#3236907215,0,0,4.738664812265978e-06
327540253581#3826134250,0,0,3.6536767339408017e-06
4133985654#2057451320,0,0,9.617097438842273e-07
3860936746#3073724824,0,0,0.00041443831227960576
396800321613#3202650162,0,0,2.149891899933767e-05
5182358949#4498417740,0,0,0.0003022989086434105
4439433329#2137028345,0,1,0.9247211609679565
2146476172#1665894324,0,1,0.6429152215353175
4283348799#4813740020,0,0,4.121969480728003e-05
417283434001#189906837325,0,0,2.006820378955552e-06
1947138146#2057964562,0,0,7.4832258004901875e-06
232579778763#4542386587,0,0,3.4704688702528795e-05
189641569958#4018768324,0,0,0.11740126311814203
4157432142#2027684481,0,0,5.715064753352534e-06
4168332323#4161509156,0,0,0.26501773810482115
3915232509#167321908065,0,0,1.350601684174237e-06
2098264088#5165685784,0,0,3.7157344909735935e-06
4791600953#4828654874,0,0,0.0064487622360219115
81042916306#4108293691,0,0,1.619069933180539e-06
422593008639#444631792208,0,1,0.9999999687970278
2977755545#2066222464,0,0,0.17523910878512705
1592253981#4201800596,0,0,1.4187617589186621e-06
9882651379#3945392968,0,0,3.2064747004966466e-05
3364587358#5066791121,0,0,1.1692720105753019e-06
4808240601#4696140824,0,0,0.003961945588767916
2338797804#1730953832,0,0,9.617097438842273e-07
384709473414#138960829393,0,0,3.124456154284102e-06
1379816908#1671508853,0,0,1.0929555668485615e-06
574468673943#4128826467,0,0,3.241850420926949e-06
5128222238#1592253980,0,0,0.0010071300125345892
1500072490#2146475582,0,0,1.4603893348388905e-05
3881727524#2062902494,0,0,4.945435038174864e-06
3806586103#3722249067,1,1,0.9111385825008843
1485299448#2055425355,0,0,3.542129443312769e-05
4808180492#1695721912,0,0,0.0005730264526413923
4579077594#3470855139,0,0,3.2283185889831246e-06
4214748443#1319732582,0,0,1.5470778804868783e-06
2446874502#1568784013,0,0,2.755557616762621e-06
129610695443#1806631591,0,0,1.1919228961195568e-06
238877261551#3240351689,0,0,1.3149715458055147e-06
1402124924#5205797148,0,0,8.523006184198261e-05
1840879535#4108293691,0,0,1.306872152688936e-06
100884048724#4697099894,0,0,2.747915755186571e-05
1479236024#4469590077,0,0,1.941275421076133e-06
3892132185#1467729091,0,0,1.917746373551779e-05
4999204837#2446874502,0,0,9.617097438842273e-07
3632891899#4201950906,0,0,0.002683258718781663
4455953391#4735669408,1,1,0.9709517095226367
114401992972#1802065720,0,0,9.617097438842273e-07
2027838804#3678589577,0,0,4.5406130524421165e-05
3735611396#3926967278,0,0,3.934774795010438e-06
3717372340#1884640622,0,0,9.617097438842273e-07
3603201749#2087025558,0,0,9.617097438842273e-07
4511530729#4072366249,0,0,1.2576780007126601e-06
3766348815#14613579566,0,0,1.4475340924077321e-06
3696903469#4876527314,0,0,1.0045328964436303e-06
1946459818#4212827921,0,0,2.006820378955552e-06
5137527272#41714615735,0,0,0.0003980238518296045
3826134250#3798189679,0,0,5.9820973421539636e-05
4513744195#3074519515,0,0,2.2213276364074873e-06
4744639934#384709473414,0,0,9.617097438842273e-07
4134047757#200791742577,0,0,1.552696379493154e-05
393983081702#1457252565,0,0,1.350601684174237e-06
4161815403#4797159672,0,0,6.689897615189433e-06
4731359279#1918821009,0,0,2.460917570092041e-06
82342257069#4525991689,0,0,0.00018187854855334547
3442901956#3798189679,0,0,6.693236712601852e-06
1423369065#2066363395,0,0,3.57325002481824e-06
3569752280#146011937628,0,0,1.155837032813104e-05
2191172688#2061311891,0,0,9.617097438842273e-07
2007329552#307252705345,0,0,9.247187467161435e-06
2212287890#1639026554,0,0,9.617097438842273e-07
1752631076#358968132955,0,0,1.4579528508139564e-06
2056961978#2028648293,1,0,0.00041461269373868626
4793200474#3633736951,0,0,0.00023114680740514304
2055771737#2180548061,0,0,9.617097438842273e-07
1816678631#25271558033,0,0,9.617097438842273e-07
1798940576#131446477487,0,0,2.439944468692585e-06
4657106310#3946838650,0,0,2.4586509109933435e-05
5066791121#1665894324,0,0,0.0015358525033288873
3603201749#4636524355,0,0,0.05115694573929523
3477040043#3442901956,1,0,0.04987962761399478
358968132955#538860958841,0,0,2.2806935314506105e-06
2060290387#2977432095,0,0,1.8501516232335747e-06
4999204837#5104052160,0,0,9.617097438842273e-07
1328703423#2055356508,1,0,0.03528560462928184
3946324748#107467970371,0,0,1.1077397299082245e-06
3618769182#4857106956,0,0,9.617097438842273e-07
2112308267#2070625956,0,0,2.5199509440757043e-05
5050765983#211600222265,0,0,0.00023070747787622972
3393654691#59782651708,0,0,7.436156130174007e-06
2056136170#2062233925,0,0,0.0021253655835443606
57482538021#2117538897,0,0,3.920716853464131e-06
4255600579#1646275700,0,0,1.7460741474903142e-06
4448697469#2054794834,0,0,2.007169500949763e-06
453179758430#3691716746,0,0,9.617097438842273e-07
3751925404#2119447541,0,0,3.29568882967033e-05
2057186168#2057120532,0,1,0.9999999995791313
4841108780#4900124238,0,0,2.3178363528185043e-05
417283434001#3638725857,0,0,6.467108556217428e-06
4536384761#4455408499,0,0,0.029256003808953893
4876527314#4485683605,0,0,9.617097438842273e-07
3692778406#4808240616,0,0,3.007907602749912e-06
14613505047#4590104087,0,0,2.3270138850924345e-05
3245634417#2057667662,0,0,6.174583629019858e-06
34765354823#5108475165,1,1,0.7195050324137119
4004949751#4001872848,1,0,0.02291426143824884
1726564714#1942997301,0,1,0.9999391452259473
3525476136#1995386759,0,0,4.081260414596488e-05
4843658030#418887222012,0,0,1.363017753570927e-05
1656969942#2146476172,0,1,0.9999999829639706
1718702641#4731359279,0,0,7.69122484940569e-06
176077750624#2056703740,0,0,3.339772443417414e-05
329718595140#226460833239,0,0,2.8980324757328688e-06
35234959099#4203146420,0,0,1.7460741474903142e-06
4504420946#2061645325,0,0,3.97006718494536e-05
2112240092#4529336313,0,0,3.2290634245154454e-06
1752722693#421393369392,1,1,0.9800474765295494
4201617297#5098812409,0,0,2.544798393015297e-05
10553947604#159730607651,0,0,1.0045328964436303e-06
4949981393#14613579566,0,0,2.912247037504512e-06
8645214070#1709924290,0,0,0.0007295890464502098
3846598639#1986152983,0,0,3.614580079136807e-06
4485683605#4913743600,0,0,0.00039713117293170943
4261169259#3579464172,0,0,7.384691807715589e-06
5131642969#2057186102,0,0,0.0006202725091232849
4661776935#2057186115,0,0,9.617097438842273e-07
1416247746#2120702109,0,1,0.9138938630781679
4970197889#34765354823,0,0,7.314226473263487e-05
1949694216#146011948003,0,0,9.617097438842273e-07
3442901956#5182358949,0,0,1.2901898639762219e-05
4542386587#4541834093,1,1,0.9999999996486792
4274231792#225384232109,0,0,4.629891661265391e-06
3524983069#5131642969,0,0,1.2708777034142887e-05
3108620528#4590104087,0,0,2.434113896631693e-05
2120285844#4674911211,0,0,9.617097438842273e-07
200791742577#549905391834,0,0,3.1463906684303034e-06
3541397287#2058128167,0,0,1.1692720105753019e-06
1816678631#2061689843,0,0,9.617097438842273e-07
4424722345#3912840540,0,0,9.617097438842273e-07
2073958683#4555760845,0,0,1.0045328964436303e-06
3053916069#549708986379,0,0,1.0513373299051278e-05
4823803954#4009292178,0,0,1.350601684174237e-06
3541397287#523927727784,0,0,9.617097438842273e-07
1639274792#182695770250,0,0,1.534824339823642e-06
2058406199#3979663695,0,0,0.00016533610101838466
2056513884#2120285844,0,0,2.4514704166837237e-06
4650641709#4765643443,1,0,0.00018994491493619145
3633526158#4157428642,0,0,1.3729093515593096e-06
1693941156#4551052278,0,0,0.0944082544373604
4523373320#4111411514,0,0,1.0351116540718085e-05
1552378116#4448697469,0,1,0.742098837615286
18468663843#1639170956,0,0,6.74813137183373e-05
1861556379#5093302594,0,0,1.0910697602260074e-05
4202091471#1500072490,1,0,0.004556833945620715
4824488186#2146475582,0,0,0.00043810385210873136
3994501565#4571072739,0,0,1.0929555668485615e-06
1978617397#1320992606,0,0,0.0004701023278161182
1708941558#3706699419,0,1,0.9999942596037301
541570350554#179195001984,0,0,3.358958561629733e-06
1598212753#3863546507,0,0,8.058570352361607e-06
86403779490#47871442424,0,0,6.966573969386782e-06
4671204264#246918228224,0,0,8.129684336338938e-05
3245047192#4541834093,0,0,9.655542266692792e-06
4765779252#4255600579,0,0,9.617097438842273e-07
2057120532#5131642969,0,0,0.00010329431961210594
4273893775#3871685027,0,0,9.617097438842273e-07
2060512716#5063074383,0,0,1.2040633067258627e-06
3379264687#5007171302,0,0,1.4457572271965253e-05
276403558061#2054699471,0,0,1.7285011130064004e-05
3245634417#41506701575,0,0,9.617097438842273e-07
4018768324#4624086112,0,0,0.0035064854023638013
523927727784#1785110101,0,0,9.617097438842273e-07
2060254114#2067025602,0,0,5.186800313923218e-06
5137527272#5066791121,0,0,9.453871015290158e-05
2058829770#3109942277,1,0,7.626266446407886e-05
2054654643#1690392435,0,0,1.8237189993546878e-06
4424722345#4359345477,0,0,0.00011637843947214706
134867489837#4856748067,0,0,4.810730989285133e-05
4504420946#2165666882,0,0,1.1836575622377425e-05
3525476136#2054794834,1,1,0.9999999956098407
4970197889#4264603438,0,0,9.617097438842273e-07
2058881485#5206198663,0,0,0.0010619239698932059
4482237216#1946459818,0,0,9.617097438842273e-07
1768951636#90088944269,0,0,2.9778518077708102e-05
487132656078#2057146445,0,0,0.0008563176477363037
4264603438#3442901956,0,0,1.1692720105753019e-06
4348117018#4338715534,1,0,8.113711415432674e-06
5193152815#5206198663,0,0,2.746029379571407e-06
1942997301#1639026554,0,0,0.004201301056629609
2060196427#1403926750,0,1,0.9186079965478786
2075611951#48861374884,0,0,6.086062007718703e-05
1768951636#4202091471,0,0,1.0929555668485615e-06
4259837358#5097100632,0,0,1.5775576123793828e-05
1665894324#1656969942,1,1,0.9999999891267352
4709734065#3364587358,0,0,9.617097438842273e-07
1636709118#4619843239,0,0,1.16795114393182e-06
4656986610#2007329552,0,0,2.006820378955552e-06
4511530729#4828654874,0,0,0.005114814597620672
1639386839#18468663843,0,0,2.922003153486919e-06
332651656883#4720990748,0,0,0.0018554483376315232
1305053590#4513744195,0,0,1.8290772184767918e-06
1639274792#4392093932,0,0,9.617097438842273e-07
2063057962#1947138146,0,0,1.6048582176604738e-05
1479238952#1320992610,1,1,0.9761746292306485
2057186115#1627677359,0,1,0.5428988562119142
3929018019#3967284896,1,0,0.05821106229669597
4176537188#1306851139,0,0,0.0002580931779290414
4720442233#5193152815,1,0,0.08783500613485505
3560844585#113940347013,0,0,9.617097438842273e-07
1319732582#20170380680,0,0,1.5562329503390076e-05
43679253447#134867489837,0,0,1.200499536068101e-05
3806586103#4506637171,0,0,0.0007674291957025147
1810185303#2224193149,0,1,0.9999989777386242
3055561351#1718702641,1,1,0.7197238933125897
38445047959#4765643443,0,0,1.712915632008428e-05
1660870123#4782974616,0,0,9.617097438842273e-07
3059595891#3055550819,1,1,0.9999920961828507
4224142866#4813740020,0,0,5.578832045204353e-05
32143080284#4448697469,0,1,0.64271292575102
1372242064#358968132955,0,0,1.966769398669757e-06
58971109124#4626053521,0,0,1.0929555668485615e-06
5131642969#3946418596,0,0,1.0978601952341263e-05
2058129549#2120285844,1,1,1.0
276403558061#1654102057,0,0,1.3008500753694239e-06
4128826467#3558421108,0,1,0.9999617315041014
3579464172#29118640082,0,0,7.238745435524731e-05
1693941156#5139738145,0,0,3.4976187267099734e-06
1986152983#1995386759,1,1,0.9997194918301671
3552909102#1666737679,0,0,1.6717630219319112e-06
329718595140#1833697097,0,0,9.617097438842273e-07
1639169322#3277004292,0,0,4.263125672132898e-05
2054699471#2056513884,0,1,0.9999992196578293
5182358949#4524153818,0,0,1.1077397299082245e-06
4018768324#1423369065,0,0,1.0192789748837227e-05
5062472541#117729109245,0,0,1.0451068225762818e-05
4897862520#5083891634,0,0,2.1827186691304447e-05
2977432095#4897041544,0,0,9.025907038207325e-06
5050765983#5059493292,0,0,0.01737352101133249
4111411514#3862453322,0,0,1.9383032852776113e-05
2224193149#39074124372,0,1,0.7411587255308004
322313716889#2057186115,0,0,9.617097438842273e-07
4836895938#2977432095,0,0,9.617097438842273e-07
49472388467#2224193149,0,0,1.0394031159574216e-05
4439433329#4662125901,0,0,0.0001960966519703909
2796703699#2137028345,1,1,0.9999964485998272
3541397287#1469306625,0,0,3.350900352623467e-05
3926967278#1627677359,0,1,0.5889766017356165
4004949751#4878750795,0,0,1.2392925808542833e-05
5003714231#3055561351,0,0,0.0033051443622727733
1724951329#2056961978,0,0,3.577751308732182e-06
81553005637#4726073967,0,0,0.11750384507241897
36730697229#4626053521,0,0,0.00013747770430231498
2973532517#2027838804,0,0,0.10790337927816088
303103274469#4864092534,0,0,4.555135902979838e-06
4197944029#4189391263,0,0,1.4200256680511107e-06
2146476172#232579778763,0,0,0.39867229657342634
4782070197#4924974181,0,0,9.708438513578592e-06
3618769182#4111940328,0,0,1.596253176069835e-06
4635793707#4663932072,0,0,9.617097438842273e-07
3878815869#1743158953,1,0,0.000247194713088722
3766348815#2055425355,0,0,3.470242201239325e-06
3061084981#2111818909,0,0,1.1589063736462387e-05
194754298019#3447176726,0,0,9.617097438842273e-07
3215754174#4197944029,0,0,2.006820378955552e-06
4828654874#138960829393,0,0,4.224723079908819e-05
2057202369#2057146445,0,0,0.06388877501807867
3442901956#4523373320,0,0,0.009388596712262652
3691706852#3730856941,0,0,0.0012133170013372426
4857106956#4624086112,0,0,4.1116809899524924e-05
1904335665#4924974181,0,0,1.6617333784831013e-06
2123100264#3707425364,0,0,1.9452845536015624e-06
4687101911#4702804708,1,0,0.0001459832270780183
59782651708#9283556866,0,0,0.0007801362898311952
4304580582#4684762583,0,0,0.1296602252611432
4520741756#4529336313,0,1,0.9971632421361272
3052169971#3525476136,0,0,0.00042915976999684333
3442901956#1688767039,0,0,7.483340054224456e-05
3215754174#1951491884,0,0,6.160230116471526e-05
4243154086#5103620556,0,0,7.932650553282109e-06
189641569958#4555760845,0,0,0.0067798711296370665
3862268059#3797173437,0,0,9.617097438842273e-07
3632891899#3979682744,0,0,1.4425639221624492e-06
5205797148#1955016683,0,0,2.0647892589832493e-06
1608506098#4018768324,0,1,0.9999407430303346
3878447634#3829182480,0,0,0.00015722632922237842
1718702641#4427898444,0,0,1.5530688713462476e-05
3964074224#5097100632,0,0,4.579887460798694e-05
4787793905#4168332323,0,0,2.0217427572734164e-06
3569752280#1955016683,0,0,3.0229253132942014e-06
1715361146#3589697774,0,0,7.588850870355771e-05
4833676357#4145496082,0,0,2.0217427572734164e-06
4813740020#523927727784,0,0,1.350601684174237e-06
3072506125#2059067449,1,1,0.78232770375757
4179951095#169598104032,0,0,9.927407124251272e-05
18468663843#18467707182,0,0,3.481918213588162e-06
4333918437#4161509156,0,0,3.949844342190798e-06
2062243305#1660870123,0,0,7.402031235390949e-05
1718702641#4575249992,0,0,0.009325116488305253
29755196818#3363359717,0,0,0.0006981261796348476
4557843865#25271558033,0,0,8.396551677649756e-06
2060185500#3245634417,0,0,1.1077397299082245e-06
4448697469#3402256673,0,1,0.9996361280065106
2059486037#2060290387,1,1,1.0
4841234225#4900124238,0,0,1.7784288445908603e-06
138963214044#32421248987,0,0,9.617097438842273e-07
2120702109#4417877411,0,0,1.5557162585128432e-05
4841108780#5128222238,0,0,0.00017573979483637327
4575249992#2058829770,0,0,1.7460741474903142e-06
2118966054#523927727784,0,0,8.168994056099203e-06
2078835030#1833697097,0,1,1.0
3294024176#4668702029,0,0,1.059475302477607e-06
4833676357#4452424559,0,0,9.617097438842273e-07
3967284896#4993201940,0,0,1.4083861973910291e-05
2007329552#1924651409,0,0,2.4978513182083566e-06
1453532038#3401828702,0,0,2.5629902467187574e-05
2027873351#3826134250,1,1,1.0
114401992972#4797159672,0,0,3.368943766702994e-05
4643839400#6626538016,0,0,1.5349200321171999e-06
238877261551#4958160823,0,0,4.556057044048012e-06
3878447642#124785536502,0,0,1.630196597281038e-05
1718702641#4901739840,0,0,8.723519272510032e-06
1798940576#2055625644,0,0,9.617097438842273e-07
1382163772#3862268059,0,0,5.963575528521387e-05
3979834731#81042916306,0,0,1.5518748442846193e-06
4579077594#2153059963,0,0,1.3742615997087388e-06
100884048724#124785536502,1,0,0.0008044597048842298
4999204993#4424722345,1,0,0.0001235403655084422
6626538016#3109942277,0,0,1.686028026654547e-06
358968132955#208909723613,0,0,1.6958398056951201e-06
4359622448#1730816951,0,0,3.4309678125091998e-06
3618769182#2057451320,0,0,1.596253176069835e-06
4572426635#76084169102,0,0,5.1044901007546494e-05
3633533062#3072506125,0,0,9.617097438842273e-07
4649888830#4081101808,0,0,0.08600135374788921
3762358178#3968903489,0,0,0.0011315953984498519
1479236077#4525991689,0,0,3.1249987592690114e-05
2074388205#1848160016,1,0,0.001910652184799648
1382163772#27547791295,0,0,9.617097438842273e-07
3546199472#4575536000,0,0,3.0671181024445744e-05
3379264687#2055625644,0,0,0.0045591414633904155
4755406731#2060185500,0,0,1.16795114393182e-06
2298730254#201180045587,0,0,9.873752471135977e-05
4798031879#32143080284,1,1,0.9962117155258287
4392093932#4304580582,0,0,0.010710319940915635
1514159826#4392093932,0,0,4.512999105645898e-06
4161815403#4619195159,0,0,1.1763575809817948e-06
1709924290#3722249067,0,0,8.165173023081314e-05
114401992972#4636302616,0,0,7.4612838131173374e-06
3546199472#3946838650,0,0,9.617097438842273e-07
1403922320#5169118253,0,0,1.21417138371128e-05
6626538016#3709910119,0,0,9.617097438842273e-07
4259293142#2137028345,0,0,0.015128243909317163
3690831675#4924974181,0,0,9.617097438842273e-07
4455408499#4242849949,0,1,0.9864534661106795
3860936746#4536384761,1,0,8.71353982074519e-05
2066222464#2064988617,1,0,0.04091558431662173
4127437050#2125106599,0,1,0.9080261282322702
4133985654#76784498137,0,0,0.003888120508622769
2098264088#2145127974,0,0,8.885030707188901e-05
2057186115#2068603286,0,0,9.617097438842273e-07
3825968185#3717372340,0,0,5.039398322396113e-05
4999242302#2057186115,0,0,3.0560220785313246e-06
1535646713#2057146445,0,0,1.0929555668485615e-06
100884048724#4587202995,0,0,9.617097438842273e-07
3912840540#4607994802,0,0,3.557596286649204e-06
2060196427#1739928560,0,0,5.358463726342799e-06
54159697837#5158514600,0,0,5.0635900985401575e-06
3558421108#1743158951,0,0,0.047196722509215736
2057186168#107140664995,0,0,5.523053763927363e-05
146011937628#232579778763,1,0,0.0696096087376202
489466582552#3860936746,0,0,9.617097438842273e-07
4649888830#5182358949,0,0,0.0002393663351130577
138962754138#4662125901,0,0,9.617097438842273e-07
4670902580#81042916306,0,0,2.7066566879163003e-06
4283348799#1696297270,0,0,8.130492576697242e-05
2098264088#1835570826,0,0,0.00023638675481029318
3628533316#3441097472,1,0,0.00039229151716692546
483899405313#1671508853,0,0,2.006820378955552e-06
4145496082#4712138934,0,0,9.617097438842273e-07
3551736332#3906389523,0,0,9.617097438842273e-07
4720990748#1833697097,0,1,0.999988619990071
1401952612#4348117018,0,0,1.0610700323905299e-05
2224193149#3490539439,0,0,1.0045328964436303e-06
4274088675#2120702109,0,0,1.6755559744713989e-06
5047368938#3915028298,0,1,0.9991402235048804
4536384761#4674911211,0,0,0.0005738295178505568
1434312727#1320992608,0,1,0.9999990559342302
2057199781#4513744195,0,0,2.0150175047648586e-06
10553947604#4876527314,0,0,0.32537276651743335
1739928560#2011714457,0,0,1.5587583219936045e-05
2056961978#4626677277,0,0,2.0217427572734164e-06
124785536502#3863546507,0,0,0.00020408869591418744
4081101808#5047368938,0,1,0.9998347526153691
24193681922#29118640082,1,1,0.9999902817462213
3546199472#4737466020,0,0,2.616596452977527e-06
5185721442#4571072739,0,0,9.559440324841477e-05
4081101808#3404220738,0,0,2.9645596848057483e-05
1638102118#2116366106,0,0,1.4175987798400882e-06
4439433329#4259293142,1,0,0.031231805731263846
4643839400#1639274792,1,1,0.9813827399878203
4037407479#2004718856,0,0,0.35267682981919163
107467970371#4569017088,1,0,0.13771113901474052
134867489837#4756922573,0,0,9.76038471479448e-05
5104052160#483899405313,0,0,5.771512982961816e-06
4662287639#1608506098,0,0,9.617097438842273e-07
3927031679#138960829393,0,0,1.0665747999163946e-05
3863546507#1305053590,0,0,0.0002992783899321561
4572634734#3628533316,0,0,1.5893249513559613e-05
4283348799#358968132955,0,0,9.394893437090632e-06
4808170837#8645214070,0,0,0.0007508396057497081
4157432142#4469590077,0,0,2.006820378955552e-06
4755406731#4674911211,0,0,4.980702568397261e-06
3968903489#2123100264,1,0,0.07574233997326515
2011422795#3709910119,0,0,0.034939564343945684
3598098302#29755196818,0,0,0.0008079269095282171
3751925404#1810185303,0,0,5.478963086572587e-06
4684762583#76084169102,0,0,4.016230327738886e-06
2066222464#76339204925,0,0,0.0017285677605346993
4504420946#3294024176,0,0,1.2707584696572836e-06
4897048724#4157432142,0,0,0.01372197812939749
4635793707#3318133040,0,0,1.2707584696572836e-06
5082122698#3363359717,0,1,0.9997000041764573
169598104032#2058829770,0,0,4.928217003843764e-06
2150886701#3072563854,0,0,0.00428041856665206
1639170956#4755216808,0,0,7.625582333097422e-06
3638725857#5038913286,0,0,2.207913011468175e-05
4590104087#2296910026,0,1,1.0
1708941558#4274246175,0,0,0.029491096619746894
4864092534#3236907215,0,0,1.350601684174237e-06
2057186115#1479238950,0,0,0.0004225456788107566
4913620532#4571072739,0,0,2.653338771188808e-06
4671204264#2027684481,0,0,7.320131340032576e-06
4619195159#4220093966,0,0,1.1763575809817948e-06
18466913739#19689104703,0,1,1.0
4666990747#23232175462,0,0,0.0016553577747443807
47871442424#2061645325,0,0,6.845220791095582e-06
232579778763#1656969942,0,1,0.9999953271404148
4551052278#1740857110,0,1,0.9999999765870771
4348117018#167321908065,0,0,1.6493016438643272e-06
1639848935#159730607651,0,0,1.8914395211172583e-06
1409261677#3470855139,0,0,9.617097438842273e-07
4623955842#4661837102,0,0,2.6198530369472132e-06
4813740020#2055771737,0,0,2.2064953233473157e-06
569491804341#4702804708,0,0,5.677272623173998e-05
4918962509#4913743600,1,0,0.27050427446837855
4247353515#2004718856,0,0,0.2792769402430426
76784498137#4161815403,0,0,7.084682823398961e-06
462509477875#4720990752,0,0,2.5654662327146008e-06
4793200474#4761512241,0,0,9.617097438842273e-07
2061689843#1326213590,0,0,4.269053619922805e-05
1423347109#3552909102,0,0,3.283357712199245e-05
5165685784#1412102698,0,0,6.146142218621357e-05
3393654691#49472388467,0,0,3.5355453207248467e-06
199552139760#3541397287,0,0,9.144124619254165e-06
5196755485#4830910802,0,0,3.775276327586401e-06
1415963077#3956546637,0,0,0.00027275028867732606
10553947604#5128222238,1,0,0.026900822768856435
4529336313#1671508853,0,0,8.53442946223933e-06
3937905240#4913743600,0,0,2.8510112049280437e-05
4974935530#422593008553,0,1,0.9998453964921361
2977755545#3951041977,0,0,1.1209249766227959e-05
2298730254#2212287890,0,0,9.617097438842273e-07
3108657350#4511530729,0,0,0.00025959660019177157
201180045587#4575065614,0,0,1.8553229133184268e-06
25271558033#2066363395,0,0,1.2128569741428159e-05
18468663843#3524983069,0,0,2.234371598613617e-06
2059067449#16826928982,0,0,6.380800544582795e-05
3835082917#1320157321,0,0,7.68997951099428e-06
4313472390#4469590077,0,0,9.617097438842273e-07
4513744195#3615593579,0,0,3.863474115715944e-06
3267793376#3946324748,0,0,0.0013737227266712598
1884640622#4475599263,0,0,9.617097438842273e-07
9283556866#3638725857,0,0,9.617097438842273e-07
4529633813#3915232509,0,0,1.3830500432740458e-05
129610695443#3929018019,0,0,5.029093941477413e-05
4746786446#2057964562,0,0,1.1066517693547408e-06
1730816951#4589595603,0,0,1.1181614930696175e-06
4316547764#4312099236,1,0,0.16846253358766913
2005664884#4090060217,0,0,5.22606878018802e-05
1978617397#1469947163,0,0,0.01113403045174891
4037407479#96073555522,0,0,1.5798243478043577e-06
5047368938#3108657350,0,0,1.4739412527377036e-06
1639274792#4823803954,0,0,9.932062461787432e-06
2055425355#189641569958,0,0,1.350601684174237e-06
4756922573#4643839400,0,0,9.617097438842273e-07
2069259743#4111940328,0,0,1.867455119481447e-06
2062233925#1947138146,0,0,6.737500287189182e-05
4828654874#3861213317,0,0,2.7434289383888267e-06
1688767039#3774085428,0,0,5.0472356820744285e-05
1320157321#4746786446,1,0,9.65697032432181e-05
1671508853#43182039587,0,0,1.1416228459950034e-06
4813740020#4081101808,0,0,2.121598861756801e-05
4619843239#3707567581,0,0,9.617097438842273e-07
1920508153#1743158951,1,0,0.0005513381803048591
3416246620#1712004928,0,0,7.934366769481177e-06
3560844585#4520741756,0,0,0.0008633493309969359
2055834216#3951041977,0,0,9.617097438842273e-07
5033763061#124785536502,0,0,8.86968258208493e-06
4202066092#3913703465,0,0,9.617097438842273e-07
4797159672#86403779490,0,0,6.5584020618376964e-06
3906389523#4203146420,0,0,7.271469127955105e-05
4201950906#3913495754,0,0,1.7263804484807927e-05
3558421108#86403779490,0,0,7.060954400712232e-05
2150886701#1440645051,0,1,0.8974705611434004
4902984206#4636524355,0,0,0.012861655541234465
2078835030#4720990748,0,1,0.9999810618085009
16826928982#4679546461,0,0,3.3708855467194516e-05
1955030813#1806561207,0,0,1.0045328964436303e-06
329718595140#4133985654,0,0,5.6659885171787926e-05
3059595891#2057186115,0,0,3.2578677149697194e-05
3946838650#4161509156,0,1,0.6839386891267798
4264603438#5137527272,0,0,9.617097438842273e-07
4520741756#34765354823,0,0,0.030179837603175663
3318133040#4619843239,0,0,1.16795114393182e-06
2055621540#3458091636,0,0,8.110835922824323e-05
1847939089#307252705345,0,0,4.4137323524806576e-06
4274088675#4127437050,0,0,0.00020861219180257868
2054699471#1592253963,0,1,1.0
82342257069#5010064143,0,0,6.106868189190934e-06
1639274792#3887115396,0,0,1.1692720105753019e-06
196075727386#4090060217,0,0,0.08722769967813057
1724951329#4491286629,0,0,3.248521484173144e-06
3915028298#3913703465,0,0,9.963517932691988e-06
3045580653#3030484462,0,0,1.4899929959677481e-05
3490539439#2067025602,0,0,0.0007486708044632923
3108657350#3912840540,0,0,1.0667972704322336e-05
3452360497#4072428623,0,0,1.155837032813104e-05
1656969942#4589595603,0,0,8.58569741572278e-06
4712138934#3047028308,0,0,0.0009745115038562103
3055550819#3558421108,0,0,3.4932446493374778e-06
4855224068#4813740020,0,0,1.6810686069602418e-06
1415520008#2082195280,1,0,0.08048847222871826
1382163772#1469306625,1,0,0.04005838460976667
3964074224#4746786446,0,0,1.781956848888693e-06
4666990747#2061645325,0,0,8.478069513812565e-05
3946584694#3363359717,0,0,0.0004711584471473076
1726564714#2067169690,1,0,0.12011611057540823
574468673943#1816430010,0,0,1.1824180613042921e-05
2120702109#2058661446,0,0,0.0009630090486497572
2224193149#5128222238,0,0,0.19113221333115762
4999204993#3860804392,0,0,1.1692720105753019e-06
4523978139#2153059963,0,0,9.617097438842273e-07
5196755485#23641510617,0,0,0.004907600129102598
1320157321#1978617397,0,0,6.26767486191174e-06
2112404223#4672345130,0,0,2.4872104861874253e-06
29755196818#5185721442,0,0,5.148316681713565e-06
4469590077#5196755485,0,0,3.6429167558955744e-05
5182358949#1407873390,0,0,8.122074543941669e-06
3937905240#4702804708,0,0,2.9477849835536464e-06
1785110101#1946459818,1,0,0.001522027488390644
1743158953#135779450319,0,0,9.617097438842273e-07
2113758643#3202650162,0,0,6.1033156823705045e-06
5068270943#2111818909,0,0,6.421612364753717e-06
1826377825#4132115994,1,0,0.229438812873503
4214624671#2098264088,0,0,0.00010537948471162019
2074388205#4755406731,0,0,9.617097438842273e-07
1512655217#1541971038,0,1,0.7288797448017511
4196030610#2977755545,0,0,0.1733858726250245
3447176726#124785536502,0,0,3.577751308732182e-06
4176537188#4111311078,1,1,0.6898651470264394
39435343189#4744639934,0,0,9.617097438842273e-07
5063074383#1728174551,0,0,1.2040633067258627e-06
4808180492#1785110101,0,0,1.1673013371455237e-05
3460145307#1319732582,0,0,0.002657261518080726
5065503143#5063074383,0,0,2.4978513182083566e-06
4506637171#3628533316,0,0,0.00017189431329001537
200791742577#3690457393,0,0,1.1919228961195568e-06
1639169322#4589595603,0,0,1.16795114393182e-06
5007171302#4683128695,0,0,9.617097438842273e-07
208909723613#2004718856,0,0,8.53208213189092e-06
3881167105#4529633813,0,0,4.007478473337867e-06
4833286194#1592595202,0,0,9.617097438842273e-07
35234959099#2298730254,0,0,1.1181614930696175e-06
57482538021#2060192584,0,0,9.263729320759077e-06
107140664995#538860958841,0,0,2.7668265127112332e-05
2062490022#3766348815,0,0,1.0649366711855068e-05
196075727386#417283434001,0,0,0.0006014805253619762
1638922114#4841234225,0,0,0.0007851649397705216
1718702641#2057199781,0,0,6.317229551548133e-05
1636709118#1802190388,0,0,1.5755258621256786e-05
3393654691#3477040043,0,0,3.0495016468905514e-06
4274088675#2070625956,0,0,0.00031554734550861776
81553649652#4726073967,1,0,0.11750384507241897
2098264088#2564918524,0,0,5.081400792991996e-05
5139738145#25271558033,0,0,1.2707584696572836e-06
1739928560#4274231792,0,0,1.7944187645977573e-05
4348117018#3416246620,0,0,0.1840172942286191
125323389433#3887115396,0,0,0.17531405155388757
4004949751#2180548061,0,0,0.0006408107926992495
4635793707#4765779252,0,0,9.617097438842273e-07
4735364801#4836895938,0,0,9.617097438842273e-07
75782528054#4485683605,0,0,1.5727467039020085e-05
32259200442#2027838804,0,0,0.0395347435050866
48399481031#2063077902,0,0,9.617097438842273e-07
4808170837#574468673943,0,0,2.086549980106747e-05
549905391834#4464608641,0,0,9.617097438842273e-07
4636302616#4744639934,0,0,1.0929555668485615e-06
3829554374#3706699419,0,0,0.3734499173337993
2146475582#3052169971,0,0,4.331222925388526e-05
2060185500#4333918437,0,0,3.384410324137094e-06
2180548061#2338797804,0,0,0.008849347191176686
336556426216#4254790910,0,0,3.040315351692633e-05
1379816908#1638922114,0,0,1.0908861967517487e-05
2004718856#4506637171,0,1,0.8203885478216185
59782651708#82342257069,0,0,1.466775740617399e-06
1371717862#4675257710,0,0,1.0659941254087863e-05
4635793707#3937803478,0,0,9.617097438842273e-07
2054699471#541570350554,0,0,3.914434109514772e-06
3045580653#4201950906,0,0,1.1077397299082245e-06
3628533316#4354033064,0,0,1.0455881819259732e-05
2055771737#159730607651,0,0,1.9260522482793096e-06
20170380680#4003389165,0,0,2.1778917858791922e-05
3052169593#3915232509,0,0,1.1919228961195568e-06
454303875540#4077568242,0,0,1.5124766063401462e-06
4134047757#2119467444,0,0,1.55004098103306e-06
1608506098#3906389523,0,0,0.00015900948253075718
3579464172#98862400850,0,0,2.9006350550036435e-06
2063057962#201663692217,0,0,1.518947319352793e-06
3798189679#59782651708,0,0,1.2380492041918595e-06
4304580582#5103620556,0,1,0.997675014987558
1768955738#1320992608,0,0,1.1181614930696175e-06
3061084981#4782974616,0,0,0.0016224556262251113
2061311891#1946459818,0,0,1.0929555668485615e-06
3956546637#4220301018,0,0,3.470746797617875e-06
1826377825#248352373136,0,0,3.3556350558291884e-06
4791600953#1639170956,0,0,1.9501623572905117e-06
1726551362#2066222464,0,0,1.2746903240850263e-06
3881831374#1666737679,0,0,9.617097438842273e-07
1416247746#1416301524,0,1,0.9905523925114723
1552378116#9882651379,0,0,1.4641902993540693e-06
3707425364#2132795383,0,0,8.98461492540853e-06
3751925404#4197944029,0,0,2.8203414566599315e-05
4475599263#1592253963,0,0,9.617097438842273e-07
4833676357#4313472390,1,0,0.2610828952815986
4878750795#3628533316,0,0,9.617097438842273e-07
3370936702#4128826467,0,0,1.18331596714226e-05
3881727524#4511530729,0,0,9.617097438842273e-07
2977755545#4720442233,0,0,9.617097438842273e-07
76470034601#16826928982,0,0,0.0002767174131305687
44498925795#4018768324,0,1,0.9989041007694525
3615593579#3678589577,0,0,3.689769268855125e-06
2058128167#2027838804,0,0,3.2178672404616655e-06
104252022998#1416301524,0,0,1.918473148248736e-05
3749110245#1904335665,0,0,2.5259640487627266e-06
4758052328#4761512241,1,0,0.0009900886753725139
3754372320#2112240092,0,0,9.617097438842273e-07
3861213317#2146293183,0,0,1.059475302477607e-06
1715361146#1666737679,0,0,0.11837734187088876
3931049291#4072428623,0,0,1.4983081612354103e-06
3747247759#4905562130,0,0,6.147860180378678e-06
1835570826#4111352280,0,0,0.0001824428949128574
41714615735#5066791121,1,1,0.9999999999900524
2977432095#4201800596,0,0,2.439944468692585e-06
4168332323#3829554374,0,0,0.00986065384161714
574468673943#4214872608,0,0,4.191267778095782e-05
2165666882#4808170837,0,0,2.030126697848505e-06
4316547764#2117538897,0,0,9.617097438842273e-07
3208519381#1638102118,0,0,0.00013949360560155979
4571072739#1904335665,0,0,3.4650500679276076e-05
1627677359#2068603286,0,0,3.0141458552100687e-05
2598389634#1660870123,0,0,9.617097438842273e-07
2150886701#3946584694,0,1,0.8826128071027839
4206181444#2062490022,0,0,3.0341181419266828e-06
3754372320#225384232109,0,0,0.0001812844045615281
1768955738#4255600579,0,0,1.1181614930696175e-06
248352373136#2224193149,0,0,1.1919228961195568e-06
1639423540#4808238795,0,0,1.86619593011814e-06
1806561207#4624558262,0,0,2.3178363528185043e-05
4656986610#4157495788,0,0,0.00013467632396544296
4659328158#4498422001,0,0,9.617097438842273e-07
1780797402#1485299448,0,0,1.594637316630975e-06
3061084981#1666737679,0,0,5.4220869367400215e-06
3551736332#1639423540,0,0,1.6254339837892666e-06
2160958435#1823372268,0,0,4.631638925290909e-06
4828654874#3108657350,0,0,0.0006865740392422127
3633533062#1709924290,0,0,9.617097438842273e-07
5065503143#86403779490,0,0,2.4978513182083566e-06
4491286629#4072428623,0,1,0.9229892377030875
1639274792#5158514600,0,0,1.5349200321171999e-06
5013871700#1920508153,0,0,1.6518729007875395e-05
3541397287#4971974956,0,0,9.617097438842273e-07
211600222265#169598104032,1,1,0.999986522664598
14613505047#3208519381,0,0,8.963415328676868e-06
4256662307#4636524355,0,0,2.4596589747088645e-06
211600222265#4059739993,0,0,0.0015821525740443607
2058661446#58971109124,0,0,0.00941069164142961
3633526158#14503977526,0,0,1.703538521967992e-05
23232175462#6626538016,1,0,5.8019032269342256e-05
4902984206#50016874555,0,0,1.686028026654547e-06
1671508853#2061645325,1,0,0.001401157732136282
1440645051#1813327174,0,0,0.040588220501743356
1423069315#1659804386,0,0,1.7898018757440726e-06
1848719127#4575536000,0,0,1.643517545425697e-05
27547791295#5185354751,0,0,1.0283933523774512e-05
2061484014#5139738145,0,0,4.049599778366631e-06
276403558061#4668702029,1,0,0.0044234048558139585
4196030610#2066222464,0,1,0.8107581748462735
2137028345#2058881485,0,0,0.0004485404811816601
1666737679#3861213317,0,0,0.0004897923604572682
538860958841#3927603556,0,0,4.131729383568623e-06
248352373136#5158514600,0,0,5.759663637781476e-06
76339204925#238877261551,0,0,6.690112717955928e-06
4720990748#4974935530,0,0,0.023713025426342807
3072506125#4999204993,0,0,1.1970222103466656e-06
4498422001#4587202995,0,0,1.1692720105753019e-06
5078702464#3061084981,0,0,7.281726196871062e-05
1942997301#2796703699,0,0,2.2307995490773467e-06
2007329552#114401992972,0,0,2.4216331850879512e-05
3747247759#2175677532,0,0,3.2918234253847708e-06
1479238950#1320992608,1,1,0.9294248573383963
3582409643#4793200474,0,0,0.0001945083035176149
4492977050#3061084981,0,0,7.232630580185828e-06
2065634341#2112240092,1,0,0.0040884692293438355
4808240616#4720990748,0,1,0.9999999722460874
3496790707#1848719127,0,0,1.3379299315137877e-06
4220093966#4949981393,0,0,0.00013371599261075313
3615593579#4035384490,0,0,9.443567049626814e-06
5137527272#4572426635,0,0,8.761948228764095e-05
1924651409#1598212753,0,0,3.679611653428987e-06
4274246175#4157495788,1,0,0.06396911930193874
5010412384#4505908026,0,0,4.052708850943773e-06
4203146420#44498925795,0,0,4.785381504908873e-06
1798940576#3414192937,0,0,3.23820016416133e-06
4264570268#1625147559,0,0,2.875763998765859e-06
2057186115#1415683857,0,0,7.74169594250177e-06
2112404223#4642851315,0,0,0.00026380152891450906
2056703740#1423369065,0,0,4.954739260815479e-06
5158514600#1659804386,0,0,2.946715807958859e-06
3267793376#4999242302,0,0,0.39906827570939735
4670902580#4505908026,0,0,1.909794133495229e-06
4529633813#2056513884,0,0,7.731174235508357e-06
4900124238#2600554617,0,0,2.697898293073924e-06
1403922320#179195001984,1,1,0.8043484143271156
145760114769#139011371528,0,0,3.674042175126017e-06
5214349442#2977432095,0,0,1.8501516232335747e-06
4755216808#4864092534,0,0,2.839284950414458e-06
1660870123#3056496237,0,0,1.3148426192980513e-05
4631852445#159730607651,0,0,0.0034291561862158583
5003714231#41506701575,0,0,0.00029690885383870744
4316547764#4429293356,0,0,1.0045328964436303e-06
3490539439#1726564714,0,0,0.0024806902244048526
5196755485#5050765983,0,0,1.8593358529021504e-05
196075727386#4392093932,0,0,8.283170423203278e-05
3072506125#81042916306,0,0,1.1970222103466656e-06
2107204055#3915232509,0,0,1.6520477225734567e-06
4999242302#3946324748,1,0,0.0009680252799982499
126501897635#2007329552,0,0,1.645687654740698e-05
4636302616#50016874555,0,0,6.507169869802294e-06
1320992610#1434312727,0,1,0.9999917844275615
4662125901#4705563490,1,1,0.8789089811666149
1313501951#4542386587,0,0,1.1416228459950034e-06
1592253980#3751925404,0,0,2.271617877875831e-06
3964074224#4202091471,0,0,1.41490336239682e-06
4876527314#4525991689,0,0,8.562716469074985e-06
20170380680#4455408499,0,0,1.41490336239682e-06
4668702029#3696903469,0,0,0.00014569714710492736
5128222238#3945392968,0,0,3.813926600383673e-05
82342257069#2120285844,0,0,8.775553790601655e-06
1818219339#1739928560,1,1,1.0
4132115994#4348117018,0,0,1.77135235143982e-06
1328703423#4897048724,0,0,5.652865508456569e-06
3267792927#4424722345,0,0,0.0015991395528576911
4538676877#3751925404,0,0,9.786220014119773e-06
2058661446#5010064143,0,0,1.8123141349553223e-06
1541971038#2119447541,0,0,7.085916548712559e-06
138962728028#2057964562,0,0,2.1083219167726195e-06
5038913286#4702804708,0,0,1.7623578914861314e-05
1415963077#1415683857,0,0,1.1930770765703113e-05
4259293142#4828654874,0,0,9.617097438842273e-07
4755216808#1541971038,0,0,2.6817833434675284e-06
4833676357#2057186115,0,0,9.617097438842273e-07
4735364801#1718702641,0,0,1.6476096015961017e-05
2117538897#2112240092,0,0,3.2290634245154454e-06
134867489837#3055204922,0,0,2.230112438120163e-06
1621413330#3055204922,1,0,0.030905070509911554
358968132955#80020634543,0,0,2.6364315832559707e-05
4348117018#1395111624,0,0,1.0158371224953094e-05
4538676877#4702804708,0,0,0.0005503132904736309
4224142866#96073555522,0,0,0.0003441211820859331
4635793707#4274246175,0,0,3.6870307575552154e-06
3061084981#1861556379,0,0,0.00018892813810846292
1479236028#4354033064,0,0,1.4847301488414853e-05
1726564714#2067025602,0,0,0.1799753868380464
4656986610#76339204925,0,0,2.006820378955552e-06
182695770250#2056136170,0,0,1.316428945323419e-05
376973981474#4335918051,0,0,1.0452781722709228e-05
23232175462#4427898444,0,1,0.9884454443937872
1798940576#2028648293,0,0,1.1692720105753019e-06
2153059963#3215754174,0,0,1.193096881729536e-06
3706699419#4448697469,1,1,1.0
102525471237#3108620528,0,0,1.8520462979498423e-06
4666990747#4111940328,0,0,4.16903154314308e-06
4081101808#3470855139,0,1,0.8307302694915811
124785536502#41958860915,0,0,0.00020202471078618658
3202650162#1639423540,0,0,0.00256384352358141
39435343189#4572426635,1,0,7.062789583613333e-05
4808180492#19689104703,0,1,1.0
5010064143#232579778763,0,0,0.3247588921601718
59782651708#3108620528,0,0,8.41134851622159e-06
3707425364#3829182480,0,0,9.617097438842273e-07
1469306625#3245634417,0,0,1.3711865357441938e-05
1724951329#124785536502,0,0,3.7370615085455933e-06
2056961978#9283556866,0,0,9.617097438842273e-07
4765643443#9882651379,0,0,1.712915632008428e-05
5064598331#41506701575,0,1,0.9968944428969487
4720990752#1371717862,0,1,0.9999003799398651
2671772709#4254790910,0,0,0.011472731690337998
4477045287#4624558262,0,0,8.356702660516807e-05
41714615735#3691716746,0,0,7.882431804889698e-06
1401952612#76470034601,0,0,9.617097438842273e-07
459733636362#5124643800,0,0,4.552083941111029e-05
2061311891#2111494388,0,0,9.617097438842273e-07
5185354751#3042374746,0,0,0.0009541449636760471
4624086112#201663692217,0,0,0.004147280448243641
4436222774#4203146420,0,0,0.0013491019545807384
2088554701#2060185500,0,0,9.904973454622936e-05
2057146445#3296349690,0,0,1.0929555668485615e-06
1715361146#182695770250,0,0,9.617097438842273e-07
1955030813#1780797402,0,0,0.00015089384236877205
4737466020#4040761448,0,0,2.7223285276155715e-06
1640258299#574468673943,0,0,5.072067241749839e-06
418887222012#569491804341,0,0,0.06710683993698845
417283434001#1621413330,0,0,2.006820378955552e-06
4808170837#2050583480,0,0,1.9367935533152365e-06
4525991689#4808170837,0,0,0.08594056668568907
3915232509#2165666882,0,0,9.617097438842273e-07
3052169971#1639274792,0,0,1.242035223969748e-06
3046735667#2056297322,0,0,2.169158507792397e-06
2074388205#2191172688,0,0,2.8044336259741625e-06
1319732582#2116366106,1,0,0.009237297880473864
3552909102#3460145307,0,0,0.00010007570813138877
4712138934#1479236024,0,0,9.617097438842273e-07
4242849949#3073724824,1,1,0.9946571747056124
4157432142#3045486706,0,0,4.065378607210739e-05
4179951095#4316547764,0,0,2.4703725012146524e-05
3245634417#4619195159,0,0,9.617097438842273e-07
3979682744#2058406199,0,0,8.174561207299325e-05
2796703699#8645214070,0,0,4.69585275161122e-05
1826377825#2088554701,0,0,7.622097553456965e-06
393983081702#487132656078,1,0,0.014375930156812773
146011937628#3979834731,0,0,9.617097438842273e-07
3615593579#3692778406,0,0,7.01524910851796e-06
3267793376#3267792927,0,0,0.196896391139865
4589997386#4674140626,0,0,0.00012350762708738275
1415683857#1639386839,0,0,4.81566075830112e-05
3730856941#4424722345,0,0,2.37224238058987e-06
4755406731#3404220738,0,0,0.00026648681751212177
4735669408#6633389924,0,0,8.157882445514072e-05
2062233925#2011422795,0,0,4.7029445403571986e-06
4529336313#4970197889,0,0,9.288275509802338e-06
5165685784#3215754174,0,0,0.00039217771786418667
1978617397#9882651379,0,0,9.617097438842273e-07
2117538897#248352373136,0,0,9.617097438842273e-07
3442901956#16826928982,0,0,0.00014241299179843368
4417877411#182695770250,0,0,1.31142191940313e-06
2062902494#100884048724,0,0,1.350601684174237e-06
1696297270#3862453322,0,0,1.0014383216804316e-05
4540676462#307252705345,0,0,1.4363960740503384e-06
4111350011#1379816908,0,0,3.579657373191997e-06
1833092881#4575249992,0,0,1.2318316152880188e-06
3692778406#1636709118,0,0,6.66591833122722e-06
4201617297#4582141355,0,0,6.003878275077533e-06
1949694216#4864092534,0,0,3.243534104909327e-06
1241054990#2037536844,0,0,1.840876778600872e-06
5131642969#2600554617,1,0,5.491412802143929e-05
1467729091#4264570268,0,0,2.365276061943464e-06
2191172688#4726696498,0,0,9.617097438842273e-07
3946838650#2153059963,0,0,5.323822744932189e-05
541570350554#1690392435,0,0,1.7986461229747228e-06
25524025062#3294024176,0,0,3.4578238378834305e-06
4626677277#23232175462,0,0,9.617097438842273e-07
5093302594#41714615735,0,1,0.9781192108439257
4526072602#1241054990,0,0,1.4275791210199835e-05
4674911211#4132467872,0,0,4.556666653642532e-06
1412102698#1423347109,1,0,0.012285235168441462
4279780621#2057667662,0,0,5.995477444340498e-06
3927603556#3766348815,0,0,0.17010846385450415
3416246620#3559629814,1,1,1.0
5078702464#4623955842,0,0,1.4322587441524005e-05
4077568242#211600222265,0,0,1.396546071586679e-06
2123088534#4523373320,0,0,9.98927025869878e-07
2058406199#1715361146,0,0,9.617097438842273e-07
4264570268#1638922114,0,0,9.617097438842273e-07
3692778406#1833092881,0,0,0.0005458250733486451
3849875064#4425600562,0,0,5.830733955813622e-06
2119467444#2125106599,0,0,5.995937961389821e-06
3797571274#4429293356,0,0,1.0045328964436303e-06
3052165975#3881727524,0,0,3.0622457033095524e-06
3717372340#4436222774,0,0,9.617097438842273e-07
4808170837#2011714457,0,0,0.012716992418136596
4135061499#4157223772,1,1,0.9798406124744987
3202650162#3416246620,0,0,2.4151213385481624e-05
1861556379#4242849949,0,0,9.617097438842273e-07
201180045587#4666990747,0,0,0.0008184675863201267
4128826467#1743158953,0,1,0.5651794169863229
41506701575#5131642969,0,0,1.8391627856918336e-05
2057120532#3927031679,1,1,0.6616926826643393
1715361146#1951491884,0,0,0.0030103813434306636
465306971541#1469306625,0,0,4.652541162589119e-06
4905562130#1847702835,1,0,0.023612036707129247
5010412384#208909723613,1,0,0.05761005933220308
1848719127#3546199472,0,0,0.0011359992592044803
4214624671#2028165651,0,0,9.617097438842273e-07
1715361146#4905562130,0,0,9.617097438842273e-07
4279780621#3913495754,0,0,0.00013183164515597352
4671204264#4464608641,1,1,0.9998939838928566
3393654691#4111940328,0,0,1.3759330678840227e-06
1847649330#3692778406,0,0,5.439106234163126e-05
4020730390#2011714457,0,0,0.01937712717261774
4798031879#4889095238,0,0,5.731368080300492e-05
2062902494#3951041977,0,0,5.5422051314792095e-05
1479238952#2057186168,0,0,5.151848045559628e-05
81553005637#81553649652,0,1,0.9997611188482411
3416246620#1625147559,0,0,0.017254425522996983
5165685784#4709734065,0,0,2.0217427572734164e-06
2056136170#1947138146,1,1,0.8827115655008952
2137028345#4425600562,0,0,3.173156409188317e-05
1743158951#2069185249,0,0,1.059475302477607e-06
4077568242#2160958435,0,0,7.39645015326847e-06
5064598331#4161815403,0,0,1.765784597264301e-05
4020730390#1951491884,0,1,0.982940690772341
59051797265#4480479751,0,0,7.887923898533375e-06
3774085428#3055204922,0,0,6.28444553137124e-05
76084169102#5137527272,0,0,0.002843700151185239
191537024900#4673963150,1,1,0.9660196189791792
82342257069#2058129549,0,0,1.0061431476002284e-05
2087025558#1998358860,0,0,5.547497822527592e-06
169598104032#4197944029,0,0,0.0002094667915075862
196075727386#5098812409,0,0,3.8046173028362215e-05
4575249992#4283342406,0,0,7.878305972014328e-06
41506701575#36730697229,0,0,5.529338025919221e-06
3980004581#4197944029,0,0,1.1077397299082245e-06
1806631591#3551736332,0,0,3.790861398448276e-06
4656986610#2112404223,1,0,0.0020464222152652644
1639169322#4224142866,0,0,1.3172461852470456e-05
80020634543#1372242064,0,0,1.7960443707769817e-05
5165685784#86599436514,0,0,2.583100185831653e-06
4679546461#4506637171,0,0,0.18123465693356602
3524983069#1639386839,0,0,0.0001210220861989706
82342257069#4452424559,0,0,2.5838054424727403e-06
226460833239#5098812409,0,0,1.4187617589186621e-06
4843658030#1709836734,0,0,0.00019555257683897165
2088554701#1656969942,0,1,0.9795856836912689
5185721442#1241054990,0,0,2.684947642514774e-06
2061673701#4312099236,0,0,9.617097438842273e-07
4348117018#4264570268,0,0,2.365276061943464e-06
4203146420#327540253581,0,0,9.617097438842273e-07
4189391263#4259837358,0,0,0.00012406175749182482
3615593579#3862268059,0,0,1.0185744214258095e-05
5075124648#2061689843,0,0,1.1181614930696175e-06
5139738145#3797173437,0,0,2.9788988692753492e-06
1690392435#2082195280,0,0,1.350601684174237e-06
246918228224#1833697097,0,0,1.6545244281568523e-05
489466582552#4506637171,0,0,0.0065096654116865915
3559629814#2060185500,0,0,3.1419848861551714e-05
3633736951#4804117485,0,0,9.617097438842273e-07
1305053590#2338797804,1,0,0.014070646651891375
4274231792#1688767039,0,0,9.617097438842273e-07
4220301018#2054654643,0,0,1.4820579415703964e-06
3582409643#138960829393,0,0,8.772442148026984e-06
4808170837#549708986379,0,0,0.00017067215567022603
3202650162#3074519515,0,0,1.0045328964436303e-06
1708941558#1316556785,0,0,1.242035223969748e-06
4161509156#4448697469,0,0,0.0004660905944684933
3546199472#3470855139,0,1,0.9165995172025695
1802065720#4201950906,0,0,0.0091034525374622
5206198663#3240351689,0,0,4.403395541385951e-06
226460833239#2027684481,0,0,1.3452976352123133e-06
4787793905#3608869908,0,0,6.335274589798691e-06
2180548061#1847702835,0,0,3.4106745343581285e-06
135779450319#3797571274,0,0,9.617097438842273e-07
4755406731#1768955738,0,0,1.1181614930696175e-06
1401952612#1395111624,1,0,0.004821626392115867
3541397287#4909154245,0,0,3.087371209525097e-05
4590104087#4623955842,0,1,0.956958189360242
2137028345#2062902494,0,0,0.03554380716644535
4429293356#5185354751,0,0,1.0045328964436303e-06
4455953391#4909154245,0,0,7.461948672988862e-06
131585042210#139011371528,1,1,0.918829638499572
4878750795#393983081702,0,0,2.006820378955552e-06
2112891471#3046735667,0,1,0.9990828277097809
1947138146#4077568242,0,0,4.708334002094675e-05
4918962509#3494153136,0,0,9.140821229104846e-06
3435281641#2056136170,0,0,9.617097438842273e-07
1625147559#3245047192,0,0,1.612172698689864e-06
3878447634#3878447642,0,1,1.0
4900124238#329718595140,0,0,9.617097438842273e-07
1438255025#3946838650,0,0,3.518948665631298e-06
1696297270#4699491280,1,1,0.9999999996514646
4808240616#4720990752,0,1,0.9999999931841614
3860936746#1639169322,0,0,6.946920007292243e-05
4212827921#4072428623,0,0,9.617097438842273e-07
1313501951#4202091471,0,0,1.41490336239682e-06
4111311078#3946838650,0,0,2.9418722641919905e-06
4117064632#4425600562,0,0,0.15053773006589247
4696140824#4520741756,1,1,1.0
4081101808#125323389433,0,0,0.00047472184193942426
4590104087#3603201749,0,0,0.2421497477113425
41958860915#1798868787,0,0,1.0407113672788673e-05
201663692217#4999242302,0,0,1.633527351245747e-06
4855224068#4864092534,1,1,0.9999018846925553
2029674976#4746786446,0,0,1.2318316152880188e-06
3709910119#2123088534,0,0,1.3757599324338562e-05
2056513884#2112891471,0,1,0.9999984396637226
3608869908#3579464172,1,0,0.0014255476119558025
4455408499#81553005637,1,0,0.08288263119411662
1752722693#2120285844,0,0,1.845057192836836e-06
4897862520#1319732582,0,0,9.617097438842273e-07
4196030610#3052760872,0,0,0.00013137995926998275
398485485010#371921998418,0,0,0.00019041347648101513
4808238795#4808180492,0,1,1.0
4569017088#1409261677,0,0,9.617097438842273e-07
3806586103#131585042210,0,0,1.1077397299082245e-06
1806561207#3754372320,0,0,4.3443463883500674e-05
1479236028#4663932072,0,0,1.1692720105753019e-06
41506701575#3633141413,0,0,9.617097438842273e-07
148602656984#4808687386,0,0,9.617097438842273e-07
2600554617#189641569958,0,0,1.350601684174237e-06
131585042210#59051797265,0,0,9.617097438842273e-07
4176537188#2058531412,0,0,0.008705491154428795
2136848057#3414192937,0,0,0.0001770414195223915
1552378116#3829554374,0,1,1.0
1639386839#41506701575,0,0,0.0031738413491562124
4897048724#3507050766,0,0,1.0159929672587445e-05
4161797606#20201333480,0,0,5.0038645464394115e-06
4259837358#1305053590,0,0,0.31650757503830795
75782528054#35234959099,0,0,9.617097438842273e-07
48861374884#4020730390,0,0,1.1658807471406346e-05
3945392968#82325773100,0,0,0.0001438758071663042
3370936702#5185721442,0,0,0.22829125799087385
4492977050#159730607651,0,0,4.216231962579607e-06
4843658030#3393654691,0,0,0.0002493957394123294
47871442424#2087025558,0,0,2.7425768725296867e-06
5082122698#1861556379,0,0,2.0306776892542134e-06
201663692217#1402124924,0,0,8.71524644602624e-05
358968132955#1730816951,0,0,2.356730878386127e-06
2027873351#3964333871,0,0,1.1919228961195568e-06
2011714457#3072506125,0,0,8.821339193301865e-06
4901739840#2098264088,0,0,3.818800040503494e-06
4607994802#4511530729,1,0,0.00034381834004208414
2160958435#1861556379,0,0,9.617097438842273e-07
4761512241#1412102698,0,0,1.5518748442846193e-06
2118966054#182695770250,0,0,0.00035181664914963885
3496790707#4702804708,0,0,9.617097438842273e-07
4201950906#3615593579,0,1,0.9999967588203962
3364150594#2739075334,0,0,2.5816281651838222e-06
3208519381#1485299448,0,0,2.7443283797347955e-05
2132795383#4201800596,0,0,5.777934585196733e-06
1434312727#1479236028,1,1,0.8112434896451174
54159697837#4009292178,0,0,6.561788919183028e-06
3632891899#3245634417,0,0,3.388547593949827e-05
1743158951#131585042210,0,0,1.193096881729536e-06
4999204837#4999205061,0,0,0.00010532115072091283
3524983069#4589997386,0,1,0.5852927150242606
4316547764#1608506098,0,0,9.617097438842273e-07
196075727386#199679645647,0,0,2.337715079761871e-05
1241054990#3442901956,0,0,3.5085263867062003e-06
1415683857#1768951636,0,0,9.617097438842273e-07
4650641709#126501897635,0,0,2.5424706252386718e-05
4971974956#2058829770,0,0,7.350735371440304e-06
107467970371#4477045287,0,0,9.617097438842273e-07
3766348815#1479236077,0,0,0.030964269652352945
3477040043#4913620532,0,0,9.617097438842273e-07
2055356508#3946324748,0,0,0.00040585609590499186
4575536000#3846598639,0,0,9.361715946785004e-05
5021510219#4843658030,0,1,0.9994716417001136
523927727784#102525471237,0,0,4.612792270502914e-05
5158514600#6626538016,0,0,0.0002886061137272654
1453532038#4524153818,0,0,9.617097438842273e-07
327540253581#2111514456,1,0,0.28441108500317197
5182358949#1328703423,0,0,4.344601683623585e-05
1395111624#1467729091,0,0,2.9613312407913966e-06
5013871700#5063074383,1,0,0.06591314219686524
4837628601#544241990815,0,0,9.617097438842273e-07
1639170956#124785536502,0,0,1.3545861752199847e-06
4128826467#3797577168,1,1,0.9916891793444375
3488840316#2007329552,0,0,6.725024704475329e-05
4999205061#2058128167,0,0,1.1692720105753019e-06
87578768826#3245634417,0,0,0.00016229381549380596
3056496237#2057964562,1,1,0.9999995313396784
4161797606#2027684481,0,0,1.6450809089401667e-06
5067776785#4828654874,0,0,0.000196433277110905
4897048724#3915232509,0,0,2.407249649427687e-05
4758052328#2058661446,0,0,9.530146964961853e-06
4787793905#5098812409,0,0,1.7460741474903142e-06
4841234225#4901739840,0,0,9.617097438842273e-07
3525476136#4636524355,0,0,2.7838557395337426e-05
3047031444#325294719982,0,0,5.3200602358487354e-05
4793200474#1671508853,0,0,1.8133656894985673e-05
20201333480#4575536000,0,0,2.3648127801051803e-06
3524983069#3202650162,0,0,4.590383558096128e-06
3458091636#5059493292,0,0,7.467724231617439e-06
246918228224#2063057962,0,0,1.2668390375055507e-06
5103620556#5067776785,0,0,7.401535259723977e-06
140554567918#3055550819,0,0,9.617097438842273e-07
4619195159#3849875064,0,0,9.617097438842273e-07
3074519515#1407873390,1,0,0.020403813994744818
3913495754#2067025602,0,0,9.617097438842273e-07
2011422795#2062243305,0,0,2.4761528690722785e-05
4157428642#2165666882,0,0,4.592406106100044e-06
4020730390#1802468675,0,0,0.003948742944338374
1802190388#4455953391,0,0,1.063523354520832e-05
4756922573#4924974181,0,0,9.617097438842273e-07
1469947163#4697099894,0,0,2.220290879107963e-06
4650641709#4913620532,0,0,9.617097438842273e-07
1690392435#2028165651,0,0,9.617097438842273e-07
1833092881#50016874555,0,0,4.54258577601256e-06
145760114769#4865786342,0,0,1.363662967342706e-05
2004718856#3878447642,0,0,0.17606036430535627
182695770250#5139738145,1,0,0.04529988805161393
80020634543#43679253447,1,1,0.7052561786730693
4081101808#3108620528,0,0,6.393050125641433e-05
3490539439#246918228224,0,0,1.0045328964436303e-06
3946838650#4971974956,0,0,9.617097438842273e-07
5093302594#4572426635,0,1,0.8701337546368185
1730816951#4354033064,0,0,1.1117071853089305e-05
3878447634#3887115396,1,1,0.9963547741563273
1326213590#3447176726,0,0,2.959539529776974e-06
544241990815#4624558262,0,0,3.419200976720861e-05
541570350554#3749110245,0,0,9.617097438842273e-07
2068603286#2057186102,0,0,9.617097438842273e-07
176077750624#82342257069,0,0,9.794163941420142e-06
2004718856#1382163772,0,0,4.836502501515017e-06
4726696498#5036833532,1,0,0.2892341104656506
47871442424#3615593579,0,0,1.7483704152409044e-06
1740857110#4205653425,0,1,0.9922382552147739
393983081702#1848719127,0,0,2.006820378955552e-06
1403926750#4001606579,0,1,0.9591117190451166
3442901956#23641510617,0,0,0.00024504563084878857
4480479751#4081289086,0,0,9.617097438842273e-07
2118966054#2111226139,0,1,0.9999999980923064
29755196818#4506637171,0,1,0.8662692587881305
2111226139#2058531415,0,0,0.34610821964297867
4335918051#4259293142,0,0,9.617097438842273e-07
2060196427#2054980574,0,0,0.0008073431205534135
4111352280#4702804708,0,0,1.602405571310099e-05
4504420946#3915028298,0,0,8.477641547499626e-06
4967825383#5139738145,0,0,8.693762340986419e-06
4201800596#2338797804,0,0,0.0003565555293316816
2119447541#196075727386,0,0,2.1587569658350597e-05
5158514600#4203146420,0,0,2.883842263134785e-06
5064598331#1639386839,0,0,0.00034274856836092287
4168332323#1833697097,0,0,0.0010751014522507097
76084169102#4003389165,0,0,1.7411778629571473e-05
2191172688#1639274792,0,0,8.168994056099203e-06
3749110245#4111352280,0,0,2.885123682349559e-06
4589997386#5064598331,0,1,0.9963342590667423
4444217370#201180045587,0,0,3.839104817263188e-05
1423069315#182695770250,0,0,5.235610938811255e-06
114401992972#4662287639,0,0,3.997098276835016e-06
2298730254#4804117485,0,0,9.617097438842273e-07
5003714231#5182358949,0,1,0.9998756008442284
1768951636#4619195159,0,0,9.617097438842273e-07
3946584694#3072563854,0,0,3.236135078707418e-05
5104052160#4993201940,1,0,0.0010016532137512538
1942997301#2067025602,1,1,0.9904501789894308
4436222774#1313501951,0,0,2.952507782673381e-06
4619195159#4274231792,0,0,1.6685973585353118e-05
4523373320#4425600562,0,0,0.01031326026127593
3296349690#117729109245,0,0,3.4773079131289575e-05
194754298019#4619843239,0,0,9.617097438842273e-07
3235880928#2136848057,1,0,0.05310843177807619
4636524355#4529633813,0,0,1.9367935533152365e-06
5066791121#4659328158,0,0,1.0929555668485615e-06
398485485010#417283434001,0,0,5.889556704706485e-06
35234959099#3638725857,0,0,4.515281143969149e-06
4624086112#3730856941,0,0,0.006644505694004947
3458091636#2055625644,1,1,0.6212938276188955
4037395648#3045322155,0,0,1.0929555668485615e-06
4675257710#1639423540,0,0,1.86619593011814e-06
1592253963#4359345477,0,0,4.004031739670763e-06
2060185500#4813740020,0,0,1.3396786104869542e-05
86599436514#139011371528,0,0,3.029631890885658e-06
2119467444#2146475582,0,0,0.023209568290004815
4312099236#4179951095,0,0,2.4703725012146524e-05
1316556785#4726073967,0,0,0.0038977860837948798
2112308267#1592253980,0,0,9.141634425031669e-06
4206181444#4572634734,0,0,4.3649074094423415e-05
3477040043#3294024176,0,0,1.7020852840694433e-06
1639423540#1639169322,0,0,2.032801177743818e-05
2338797804#4133985654,0,0,9.617097438842273e-07
4259293142#2058531412,0,0,9.617097438842273e-07
489466582552#4469590077,0,0,8.26970734676944e-05
4619843239#3797571274,0,0,3.3306106716241385e-06
4797159672#4220301018,1,1,0.9999995493004569
4619843239#1469947163,0,0,1.2131497686039338e-06
129610695443#131446477487,1,0,0.002768335683793318
4676785037#3245634417,0,0,9.617097438842273e-07
3402256673#1730816951,0,0,1.5496512944594205e-05
4273893775#4823803954,0,0,1.1650326869203366e-05
4624086112#129610695443,0,0,0.0010270882844962417
3369184055#422593008553,0,0,7.060785201618409e-06
4444217370#1848719127,0,0,0.0005422414608038588
3862268059#351410861143,0,0,0.00015757327250829676
1688767039#1802468675,0,0,0.00029422931483244724
2053401290#2055356508,0,0,9.594479231305404e-06
3906389523#23232175462,0,0,9.617097438842273e-07
4513744195#3826134250,0,0,2.204344710111068e-05
194754298019#4676785037,0,0,9.617097438842273e-07
60270130980#104252022998,1,1,0.9999802227384322
4841234225#351410861143,0,0,3.704276418868075e-06
4823803954#2118966054,0,0,7.984695639016954e-06
3878447642#201663692217,0,0,0.14106396311253486
4157428642#4504420946,1,1,1.0
2027684481#2063057962,0,0,1.1077397299082245e-06
4019568018#1319732582,0,0,2.0217427572734164e-06
4574180809#4623930569,0,0,8.347820362361867e-05
23232175462#3052760872,0,0,9.617097438842273e-07
4161797606#444631792208,0,1,0.9999999694064745
4520741756#3603201749,0,0,0.002262206366632927
5021510219#1709836734,0,0,7.357415929312543e-05
14613505047#4889095238,0,0,3.952619389491887e-05
4949981393#4675257710,1,0,0.0004918038247464704
3913495754#4999242302,0,0,9.617097438842273e-07
4261169259#1313501951,0,0,4.238073879529751e-06
5097100632#4702804708,0,0,8.703765142998413e-05
4304580582#4037407479,0,0,0.0003164994910115093
459733636362#191537024900,0,0,1.153282103928735e-06
2446874502#1469306625,0,0,0.004661898781184526
1816430010#124785536502,0,0,0.0001889846615462856
3074519515#4542386587,0,0,1.16795114393182e-06
2068603286#3401828702,0,0,9.617097438842273e-07
3370936702#3053916069,0,0,9.617097438842273e-07
3849875064#1768951636,0,0,1.4614092592794183e-05
5094395218#5047368938,1,0,0.4896393664779873
462509477875#3937803478,0,0,6.5943327612022235e-06
3579464172#1802468675,0,0,2.385848450167022e-05
1660870123#3912840540,0,0,9.617097438842273e-07
4480479751#5128222238,0,0,3.3115920525900387e-06
1708941558#10063837217,0,0,3.869677312048671e-05
3829554374#4491286629,0,0,3.2704127907776733e-06
4203146420#3488840316,0,0,1.4175987798400882e-06
5064598331#5131642969,0,0,1.2708777034142887e-05
4674911211#54159697837,0,0,9.617097438842273e-07
3754372320#1320157321,0,0,2.9864394805918697e-06
1319732582#3946584694,0,0,0.00018193883682242077
2296910026#4755216808,0,0,5.159989760436184e-05
3946324748#4683128695,0,0,0.0015379342845682849
2061311891#3633533062,1,0,0.15235587578698392
4212827921#1659804386,0,0,0.0001549371851946274
3915028298#125323389433,0,0,0.3841925077873052
2057202369#57482538021,0,0,2.2675147023207617e-06
487132656078#167321908065,0,0,2.494674249518758e-05
3074519515#4132467872,0,0,2.19699355147695e-06
1740857110#2055988859,0,0,1.5349200321171999e-06
2118966054#85679298671,0,0,9.617097438842273e-07
3056496237#1730953832,0,0,6.500355534879921e-06
4424722345#3569752280,0,0,0.00015848675760230267
1884640622#5007171302,0,0,9.617097438842273e-07
1592253980#1423069315,0,0,3.6476563152660508e-06
1313501951#1500072490,0,0,1.2449970009317475e-06
3927031679#2055298486,0,0,0.00609311505634781
2118966054#4254790910,1,1,0.934628769870737
4523978139#4274246175,0,0,2.718119183795423e-05
10063837217#4737466020,0,0,9.617097438842273e-07
3797571274#4520741756,0,0,6.50380751641201e-06
2060192584#4424722345,0,0,5.4767651377214415e-06
140554567918#91965976598,1,0,0.1990025621051663
3633141413#4619195159,0,0,9.617097438842273e-07
131585042210#208909723613,0,0,1.6780247257157418e-05
1402124924#1688767039,0,0,0.16557751808889007
5158514600#5075124648,0,0,9.617097438842273e-07
3109942277#4179951095,0,0,1.2528353104501148e-05
1412102698#218134176091,0,0,1.153282103928735e-06
32259200442#1416247746,0,0,0.0030177233385001493
5093302594#39435343189,0,0,0.0004885898054965321
3878447642#189641569958,0,0,0.0003327004925107721
2057202369#2037536844,0,0,0.42680449798407505
4157428642#1802495802,0,0,1.1932782282572362e-05
4133985654#5182358949,0,0,9.617097438842273e-07
5128222238#4876527314,0,0,0.026900822768856435
156275537866#4009292178,0,1,0.6507921097407523
1955016683#23641510617,0,0,1.6755559744713989e-06
156276503010#4135061499,0,0,5.6125985261284006e-05
3560844585#2107204055,0,0,9.617097438842273e-07
129610695443#3937803478,0,0,3.487206767782706e-06
39074124372#4913620532,0,0,2.653338771188808e-06
1949694216#3696903469,1,1,0.99999773876756
3762358178#5047368938,0,0,2.706874976188028e-06
3470855139#4574180809,0,0,1.5100990136646664e-06
393983081702#3045486706,0,0,5.28766623899836e-06
4642851315#4663932072,0,0,9.617097438842273e-07
3073724824#4224142866,0,0,1.0992771280986566e-05
1639026554#1434312727,0,0,9.617097438842273e-07
4536384761#2057146445,0,0,1.0929555668485615e-06
156275537866#332651656883,0,0,0.2289693889884159
4643839400#4755216808,0,0,0.00012794549293549946
1693941156#4464608641,0,0,0.014263492016185436
2007329552#1816430010,0,0,0.0010201845652917808
4790633062#4808240601,0,1,1.0
3052169971#549271649221,0,0,1.0664448465735859e-05
3615593579#4279780621,0,0,9.443567049626814e-06
2191172688#1639848935,0,0,2.1207362264872987e-06
4254790910#2070625956,0,0,0.00010525132213605173
1320992606#1371717862,0,1,0.9999991594621471
4662287639#4485683605,0,0,6.3003994167874165e-06
5205797148#9095840585,0,0,0.03637288148249411
4035384490#3632891899,0,0,0.0010477248792564251
1395111624#4185911295,0,0,4.77788879925903e-05
3846598639#3946324748,0,0,5.443982088989226e-05
4111311078#325294719982,0,0,1.1919228961195568e-06
3696903469#2055834216,0,0,6.519041777299073e-06
1639170956#3541397287,0,0,1.1692720105753019e-06
146011937628#1656969942,0,0,0.0025439087567150796
1592253963#4864092534,0,0,1.407180585802645e-06
5063074383#191537024900,0,0,5.546381081961883e-06
2298730254#3608869908,0,0,1.0929555668485615e-06
2064988617#4196030610,0,0,0.0007147237751695979
569491804341#5097100632,0,0,0.001397875875904777
3045580653#3047028308,0,1,0.9999994965608027
4787793905#4674911211,0,0,9.617097438842273e-07
417283434001#3915028298,0,0,0.00026696436176033936
14613505047#523927727784,0,0,1.350601684174237e-06
2056961978#5083891634,0,0,6.573770247221105e-06
1328703423#4448697469,0,0,3.9231840665733824e-06
3798189679#32259200442,0,0,1.661602967361553e-05
4705563490#3524983069,0,0,1.1919228961195568e-06
3369184055#194754298019,0,0,9.617097438842273e-07
4526072603#4526072602,1,1,1.0
4636237354#4843658030,0,0,0.0011403750002939007
156276503010#4720990752,0,1,1.0
3946324748#4668702029,0,0,1.220350397250077e-06
4901739840#4670902580,0,0,7.809901779081215e-06
3913495754#4661837102,0,0,0.00013183164515597352
1469947163#4668702029,0,0,1.059475302477607e-06
4077568242#3707425364,0,0,6.15378014074986e-05
81553005637#4469590077,0,0,9.617097438842273e-07
4482237216#4425600562,0,0,1.0045328964436303e-06
54158063907#107140664995,1,1,0.9999997195431372
5185721442#3878447634,0,0,7.078810763855653e-06
3560844585#4529336313,1,0,0.00141122924134886
25271558033#176077750624,0,0,0.00014505735910242087
3364587358#1813327174,0,0,2.006820378955552e-06
4674140626#2111514456,0,1,0.9975856809960616
4475599263#114018376174,0,0,2.0677427908092164e-05
2057146445#2054699471,0,1,0.9999999999718341
4909154245#1802190388,0,0,1.0364786436361518e-05
3690457393#4924974181,0,0,4.668840007843468e-06
1739928560#4274246175,0,0,1.7944187645977573e-05
4436222774#44498925795,0,0,1.612554828770594e-05
189906837325#3691716746,0,0,2.006820378955552e-06
4001872848#2180548061,0,0,0.0005456102118822584
5065503143#4909154245,1,0,0.006771709066064379
3108657350#3678589577,0,0,2.135043044727091e-06
4624086112#325294719982,0,0,9.617097438842273e-07
2066222464#2057451320,0,0,1.1077397299082245e-06
41714615735#2061673701,0,0,8.297150999291662e-06
2175677532#4201800596,0,0,0.013673746228050798
4876527314#3863546507,0,0,1.2753628789335329e-05
3835082917#2146293183,1,0,0.005065270366748995
4661837102#246918228224,0,0,9.617097438842273e-07
32143080284#1639386839,0,0,0.04104597319133644
3052760872#5083891634,0,0,9.617097438842273e-07
3825968185#59051797265,0,0,1.059475302477607e-06
4730881018#3749110245,1,1,0.9999530247347355
59051797265#459733636362,0,0,5.458809563053312e-05
38445047959#417283434001,0,0,0.0010077381250036279
3797577168#54117240769,0,0,9.97369930503552e-06
5010064143#146011948003,1,0,0.0070427262204586435
4189391263#3460145307,0,0,0.00044876112236348745
4485683605#1469306625,0,0,9.684495319823191e-06
4161797582#4168332323,0,0,1.5915123697201146e-05
2054794834#3447176726,0,0,1.0929555668485615e-06
3370936702#5059493292,0,0,2.006820378955552e-06
4623955842#4636524355,0,0,0.15718311872931315
5139738145#1639274792,0,0,1.5349200321171999e-06
1469306625#4020730390,0,0,4.967143542282271e-06
4475599263#3951041977,0,0,9.617097438842273e-07
3878447642#5078702464,0,0,3.892996531345662e-06
1690392435#1636709118,0,0,1.1416228459950034e-06
109172324563#4589595603,0,0,1.16795114393182e-06
3046735667#1592253980,0,1,0.9999925101037349
4072428623#1638922114,0,0,1.1077397299082245e-06
3931049291#54158063907,0,0,8.725168411717577e-06
4765779252#4663932072,1,1,0.9977711134869308
1752722693#5108475165,0,0,1.5242012112787118e-05
4702804708#2564918524,0,0,0.00031880856183973084
465306971541#3774085428,0,0,4.278301962701681e-06
2112404223#4274231792,0,0,0.00020294613836583178
3806586103#2058661446,0,0,1.492290734840806e-06
4823803954#159730607651,0,0,1.6420969260574297e-06
2296910026#3968903489,0,0,1.2754689804084113e-05
327540253581#1407873390,0,0,9.617097438842273e-07
3929018019#2062490022,0,0,5.700680249653512e-05
2056961978#3447176726,0,0,3.577751308732182e-06
2062233925#2123088534,0,0,0.009684673421931288
4730881018#4111352280,0,0,2.885123682349559e-06
3208519381#1924651409,1,0,0.1321266763206423
146011937628#5010412384,0,0,9.617097438842273e-07
5013871700#1625147559,0,0,1.4330266185130462e-06
38445047959#3849875064,0,0,2.1773004254378703e-06
3762358178#1562031765,0,0,1.8971127365442027e-05
2063077902#4077568242,1,1,0.9706092131344278
2120702109#3735611396,1,0,0.48399596238989
146011948003#1986152983,0,0,3.479186008606391e-06
1752647304#4589595603,0,0,9.81414918009913e-06
5010064143#4902984206,0,0,1.3964261505316793e-06
4635793707#4830910802,1,1,0.9993529100484735
4455953391#3494153136,0,0,1.4639319032348689e-05
2053401290#2067025602,0,0,0.00395839523461464
1709836734#1639170956,0,0,0.00229970027694668
4626053521#37807947501,0,0,0.004564323263122239
1709924290#135779450319,0,0,9.617097438842273e-07
35234959099#8645214070,0,0,6.023825870376846e-06
4168332323#4448697469,0,0,0.0010146800675039278
2298730254#4505908026,0,0,0.0011810624926759073
4081101808#5007171302,0,0,9.617097438842273e-07
2063057962#2057964562,0,0,1.4642844064931894e-05
4797159672#1816430010,0,0,0.004029696994320754
4202091471#4726696498,0,0,9.617097438842273e-07
1412102698#3215754174,0,0,0.024311586838998346
98862400850#3608869908,0,0,2.626864818813066e-05
44498925795#49472388467,0,0,0.11564129864416195
1514159826#1592595202,0,0,9.606505650390822e-06
2058128167#2066533471,1,0,0.00011588165507383134
176077750624#3691706852,0,0,6.097084249414045e-06
3370936702#5185354751,0,1,0.9924800246899452
4214872608#2564918524,0,0,0.0007490209396744749
4668702029#32143080284,0,0,1.220350397250077e-06
4264570268#3735611396,0,0,1.3858240257584428e-06
4679546461#3442901956,0,0,0.0004102185251636664
4672345130#4259293142,0,0,2.4547300584129023e-06
4662125901#2062902494,0,0,4.446813838114596e-06
4967825383#3208519381,0,0,7.153719869995592e-06
39435343189#1709924290,0,0,4.360772002963631e-06
2064988617#2977755545,0,0,0.004696884136835268
3579464172#4202066092,0,0,9.617097438842273e-07
4255600579#569491804341,0,0,9.710766275076683e-06
3878815869#4755406731,0,0,1.16795114393182e-06
4726073967#3052169593,0,1,0.9136040865959342
1848160016#34340103649,0,0,1.1077397299082245e-06
131446477487#4624086112,0,0,1.138269599533701e-05
4589595603#4649888830,0,0,2.0961802736424286e-06
86403779490#1802468675,0,0,1.2045581189436171e-05
574468673943#1423069315,0,0,1.6285935848772114e-06
1818747960#20170380680,0,0,2.775183630161776e-05
1955030813#1833092881,0,0,1.6909569450513736e-06
3055561351#2111514456,0,0,0.002989146943606187
4737466020#2050583480,0,0,1.339094374685079e-05
5003714231#303103274469,0,0,8.46089281345588e-06
1646275700#1816430010,0,0,5.9449006050379476e-05
4540676462#4857106956,0,0,1.0045328964436303e-06
2125106599#1639274792,0,0,3.226765161740499e-06
5206198663#4703831949,0,0,0.0009745115038562103
1512655217#4264570268,0,0,9.617097438842273e-07
336556426216#4974935530,0,1,0.9999999880424185
444631792208#4279780621,0,0,1.1919228961195568e-06
4897048724#107140664995,0,0,0.025372509476144944
4683128695#3267793378,0,0,0.000598013062358473
2120702109#1416301524,0,1,1.0
59051797265#3696903469,0,0,9.612938821977673e-06
3927031679#2068603286,0,0,0.0002865557547944197
1802065720#343207691350,0,0,1.1077397299082245e-06
4202091471#135779450319,0,0,9.617097438842273e-07
47896517559#23232175462,0,0,2.156765950894904e-06
4790633062#3887115396,0,0,0.0005830454955172816
428123087781#4176537188,0,0,1.0131631819323927e-05
4572634734#102525471237,0,0,1.9767675565569787e-06
5214349442#4538676877,0,0,2.7331990652442572e-05
3435281641#3860804392,0,0,9.617097438842273e-07
1639848935#3915232509,0,0,1.6520477225734567e-06
1840879535#1884640622,1,0,0.23601654845761094
3806586103#3878447634,0,0,0.0004411301845035175
4259837358#2180548061,0,0,0.0059209400346894045
2446874502#4427898444,0,0,1.8245823037900296e-05
4579077594#4999204837,0,0,9.617097438842273e-07
4506637171#3633141413,0,0,1.157065319584279e-06
358968132955#1848719127,0,0,2.006820378955552e-06
1416301524#3059595891,0,0,1.77135235143982e-06
104252022998#1696297270,0,0,1.3291414326999352e-05
1592253981#1592253980,0,1,1.0
4758052328#248352373136,1,0,0.007087249193515353
3722249067#4666990747,0,0,3.6213365688898272e-06
5137527272#3589697774,0,0,0.005880278490501115
3956546637#100884048724,0,0,3.480538747725841e-05
1726564714#4899954714,0,0,1.0929555668485615e-06
2977432095#4967825383,0,0,0.4664988222896256
36730697229#3525476136,0,0,1.648563529046162e-06
1479236028#3751925404,0,0,9.617097438842273e-07
138962754138#1436335814,0,0,1.1181614930696175e-06
4132115994#4338715534,0,0,1.3858240257584428e-06
1651852765#2055771737,0,0,9.617097438842273e-07
3507050766#2007329552,0,0,3.0708063944190556e-06
3364150594#2977432095,0,0,2.2806935314506105e-06
37807947501#4348117018,0,0,2.4752856946070095e-06
5124643800#20201333480,0,0,9.617097438842273e-07
3318133040#2056297322,0,0,1.3007907844119895e-06
3946584694#1638922114,0,0,2.275638936687065e-05
3435281641#2136848057,0,0,2.180954135168852e-05
5094395218#1840879535,0,0,0.00018669452343836502
4202066092#3569752280,0,0,0.0004239874171171598
98862400850#4624086112,0,0,9.617097438842273e-07
82325773100#2062233925,0,0,2.6497056405189414e-06
4673963150#1946459818,0,0,1.5749492043627149e-06
3046735667#1592253981,1,1,0.999998336678535
124785536502#371921998418,0,0,1.1416228459950034e-06
100884048724#4492977050,0,0,0.014416372981642358
4220093966#4161815403,1,1,1.0
2298730254#4697099894,0,0,3.064908104999223e-05
2111818909#3108657350,0,0,1.093808911824344e-05
1479236024#3369184055,0,0,8.072844580036321e-05
4735364801#4674140626,0,0,1.6476096015961017e-05
4439433329#159730607651,0,0,2.743332386159228e-06
4924974181#4626677277,0,0,2.2490730933589218e-05
4643839400#4196030610,0,0,3.225343727727999e-05
1726551362#246918228224,0,0,8.155464253340114e-05
1512655217#1639848935,0,0,1.350601684174237e-06
54117240769#3208519381,0,0,5.656601018082942e-06
2111494388#4242849949,0,0,9.617097438842273e-07
4662287639#4279780621,0,0,0.0002372719373208738
32143080284#156275537866,0,0,9.13039388118639e-05
138960829393#4730881018,0,0,9.617097438842273e-07
4157432142#189641569958,0,0,1.350601684174237e-06
322313716889#2057964562,0,0,1.8485007617240233e-05
18467707182#1479236077,0,0,0.049323552325144834
4333918437#3860936746,0,0,2.1086282692496722e-06
18468663843#5131642969,0,0,3.526775960397308e-05
4523978139#1639423540,0,0,9.617097438842273e-07
1848719127#5094395218,0,0,1.0108471188352113e-05
4971974956#4525991689,1,0,0.0007118066256251208
4202066092#4212827921,0,0,0.0017966332737339948
3452360497#1479238950,0,0,2.297784616584752e-05
3109942277#4971974956,0,0,4.986804038313037e-06
4808238795#4808240616,0,1,1.0
3379264687#2055621540,1,0,0.13336879542939017
4589595603#4274246175,0,0,5.913105520583793e-05
57482538021#189641569958,0,0,0.07431642616133112
3980255436#4312099236,0,0,2.4703725012146524e-05
1818747960#1319732582,0,0,0.005466570134004737
3881727524#4081289086,0,0,4.945435038174864e-06
4477045287#454303875540,0,0,2.3635621257685895e-06
1469947163#4624086112,0,0,0.0017430251566755766
2060185500#1718702641,0,0,8.402992217349644e-06
126501897635#2224193149,0,0,1.7231239355855382e-05
32421248987#4712138934,0,0,0.0003190634438885452
1848180229#1847939089,0,0,0.00010098318682551092
2146475582#1638922114,0,0,3.5232152173125992e-06
2107204055#4037407479,0,0,1.0929555668485615e-06
483899405313#4427898444,0,0,1.3043795726301428e-05
2060254114#1313501951,0,0,2.952507782673381e-06
396800321613#80020634543,0,0,0.2902657973590248
376973981474#4214624671,0,0,0.00014169532163117772
2111818909#4511530729,0,0,0.0007026862145206857
1440645051#3364587358,0,0,2.006820378955552e-06
4526072602#1646275700,0,0,1.7460741474903142e-06
2107204055#5064598331,0,0,6.995633370731355e-05
1709924290#3863546507,0,0,7.374864937711005e-05
5067776785#4900124238,0,0,2.521258357445582e-05
238877261551#2069259743,0,0,1.059475302477607e-06
4504420946#4480479751,0,0,0.0002686515480990962
34340103649#4020730390,0,0,0.052896718140229504
3887115396#4808238795,0,0,0.0005589667118799536
81042916306#20170380680,0,0,2.7769163485616994e-06
454303875540#1469947163,0,0,1.7096353467033596e-06
5036833532#4333918437,0,0,9.617097438842273e-07
276607465209#1639026554,0,0,4.817095809949113e-06
5163636978#4529336313,0,0,4.626540411340285e-06
4313472390#4575249992,0,0,9.617097438842273e-07
4687101911#1835570826,0,0,8.264818202790946e-06
4642851315#4656986610,0,0,6.159955503838418e-05
2739075334#4574180809,0,0,6.076258817697301e-06
5108475165#4485683605,0,0,9.617097438842273e-07
4480479751#189906837325,0,0,7.55166458469248e-06
5093302594#1412102698,0,0,6.811448841785374e-06
159730607651#3929018019,0,0,4.780779588825529e-06
3929018019#4993201940,0,0,1.4083861973910291e-05
81553005637#4185911295,0,0,1.2589144364956187e-06
3797173437#3892132185,0,0,0.01299579677332259
428123087781#1947138146,0,0,9.617097438842273e-07
3363359717#113940347013,0,0,0.0004918740278337328
1469947163#4765779252,0,0,9.617097438842273e-07
1810185303#3470855139,0,0,0.0005106752592821988
6633389924#1625147559,0,0,2.106383172216817e-05
3906389523#358968132955,0,0,9.617097438842273e-07
4477045287#3364150594,0,0,3.3322336336741615e-06
2224193149#4145496082,0,0,0.00013578241158742553
2057202369#2054699471,1,0,0.4127486001215201
3956546637#5064598331,0,1,0.9999994064848521
2054654643#3618769182,1,0,0.007372857619597898
2112308267#2055834216,0,0,2.797517305593699e-06
3797173437#3835082917,0,0,9.617097438842273e-07
201180045587#107140664995,0,0,0.0003719157674531731
4128826467#4797159672,0,0,7.622764339040578e-06
2056703740#4905562130,0,0,0.0010236804949619233
3730856941#3906389523,1,0,0.0011099229526746561
2056703740#18468663843,0,0,1.9870553731452698e-06
5214349442#41958860915,0,0,0.4371154362447697
3582409643#4283348799,0,0,3.406446678267996e-06
3766348815#2112308267,0,0,2.9921890910393978e-05
4828654874#4900124238,0,0,0.0003870825723433929
2564918524#5097100632,0,0,0.00018827373603649874
4529336313#4993201940,0,0,3.2290634245154454e-06
5067776785#2111818909,0,0,6.735544185164171e-05
3881727524#1709836734,0,0,3.0622457033095524e-06
4111352280#4090060217,1,0,0.02226218127121322
3558421108#3878815869,0,0,0.3629855636785475
1955030813#1671508853,0,0,8.812477765465505e-06
2007329552#2055885528,0,0,2.8771347246625963e-06
2056297322#4670902580,0,0,1.5602301476908146e-05
2063057962#3979663695,0,0,1.9452845536015624e-06
4575065614#4607994802,0,0,5.709986191724737e-05
4571072739#4019568018,1,0,0.15079035271992622
2058829770#4808170837,0,0,4.4309698701605123e-05
4312099236#2061689843,0,0,9.617097438842273e-07
4999204993#4999205061,0,0,0.00010532115072091283
3277004292#1639386839,0,0,0.009766729662994418
3277004292#4830910802,0,0,5.1909753607257805e-06
4703831949#2796703699,0,0,0.002236119465612873
218134176091#1690392435,0,0,2.0633380489482696e-06
4659328158#4572634734,0,0,1.543925629708471e-05
4111350011#4464608641,0,1,0.9989163396860943
39435343189#5137527272,0,0,0.0015971922786735843
3558421108#1743158953,0,0,0.1346706524707472
3964333871#422593008639,0,0,0.0006259108389118102
1659804386#4202066092,0,0,2.4708852394086573e-05
2082195280#1415963077,0,0,9.099124826705181e-06
4786425036#487132656078,0,0,2.350508930833583e-05
3435281641#3414192937,0,0,0.0023154814774718844
4111352280#417283434001,0,0,0.0007287675298601297
2338797804#4259837358,0,0,0.009289390968175864
4579077594#4684762583,0,0,1.892376121672691e-06
4662287639#2739075334,0,0,3.997098276835016e-06
2029674976#1946459818,0,0,9.617097438842273e-07
47896517559#5124643800,0,0,9.617097438842273e-07
4035384490#3913495754,0,0,0.00013183164515597352
3798189679#189641569958,0,0,9.617097438842273e-07
1951491884#2004718856,0,1,0.8711999191604618
208909723613#4958160823,0,0,2.885123682349559e-06
102525471237#5010343781,0,0,2.0566217870498738e-05
1806561207#2075611951,0,0,1.0045328964436303e-06
4161797606#422593008553,1,1,0.9999999999996589
3044692596#1514159826,0,0,1.2589144364956187e-06
1326213590#5063074383,0,0,7.239036115430785e-06
1798940576#3696903469,0,0,9.617097438842273e-07
418887222012#4824488186,0,0,6.445091313391169e-06
117729109245#4335918051,0,0,2.533248410358095e-06
1514159826#3558421108,0,0,1.2589144364956187e-06
4841108780#4587202995,0,0,0.050743317917115595
167321908065#2073958683,0,0,6.977751616690268e-05
3490539439#2067169690,0,0,0.00015785153281417373
417283434001#3072506125,0,0,3.7845561357141267e-05
4132115994#25524025062,0,0,0.000331792357757778
1403926750#4214872608,0,0,9.617097438842273e-07
138962728028#1372242064,0,0,0.0002147815156447604
3559629814#4542386587,0,0,0.00012309686380503572
4201950906#2058406199,0,0,1.9174916560116747e-06
3951041977#4506637171,0,1,0.8405477781704812
1423069315#2066363395,0,0,6.16178103134191e-05
3044692596#3560844585,0,0,9.617097438842273e-07
5098812409#2062902494,0,0,7.635060460129234e-06
4642851315#4619195159,0,0,4.203646848986187e-05
2027873351#4635793707,0,0,1.3999412819507522e-06
4737466020#196075727386,0,0,9.684836094054866e-06
2061484014#2055834216,1,1,0.7550829538802118
1306851139#4540676462,0,0,9.617097438842273e-07
3734194433#1627677359,0,0,2.1081904766715783e-06
4787793905#117729109245,0,0,6.026738420926789e-06
3053916069#4731359279,0,0,6.479139359193068e-06
18466913739#32143080284,0,1,0.5757424663680653
4557843865#4758052328,0,0,1.8261583534643468e-05
3294024176#4828654874,0,0,2.214160524591929e-06
1639274792#8431814779,0,0,1.0928874281384097e-06
125323389433#201663692217,0,1,0.9999412572627874
3967284896#378612909737,0,0,9.617097438842273e-07
3294024176#4212827921,0,0,1.1181614930696175e-06
4436222774#4624086112,0,0,0.02542207056082053
4720990748#3964333871,0,0,0.0022056260559363736
2055356508#1639274792,0,0,3.666896391266143e-06
3766348815#2123100264,0,0,9.617097438842273e-07
1592253980#1592253963,0,1,1.0
3618769182#1552378116,0,0,1.3468190673934875e-06
3979834731#1752631076,0,0,2.29781365597691e-06
4670902580#4782070197,0,1,0.9947962577264629
5158514600#1847702835,0,0,1.350601684174237e-06
218134176091#225384232109,1,1,1.0
3589697774#4003389165,0,0,2.2725615256401965e-06
1541971038#3042374746,1,1,0.8964204013975353
4108293691#3979663695,0,0,6.842570005160415e-06
2057120532#4072366249,0,0,2.426119167768322e-06
4161509156#1552378116,0,0,0.06959286073008081
3294024176#4575065614,0,0,1.4976932018066653e-06
4506637171#4765779252,0,0,8.725168411717577e-06
199552139760#3696903469,0,0,2.784786538553693e-06
4111411514#5163636978,0,0,6.31918398746801e-06
4828654874#3915232509,0,0,0.001186889463699065
5067776785#1955026154,0,0,1.5494846790109215e-05
4619843239#2146293183,0,0,9.617097438842273e-07
1535646713#50016874555,0,0,1.1798402835078833e-05
3393654691#3633526158,0,0,9.617097438842273e-07
3946324748#2060196427,0,0,3.131200453431946e-05
3294024176#2050581826,1,0,0.0002043167597203582
1768955738#3441097472,0,0,1.1181614930696175e-06
1592253981#1592253963,0,1,0.9999999999999147
1592253981#2057146445,0,1,0.9999999999412239
3678589577#3393654691,1,0,0.007465520698856887
1848180229#3849875064,0,0,9.617097438842273e-07
1743158953#1709924290,0,0,6.359341566674331e-06
1379816908#1639848935,1,0,2.755094435566831e-05
76784498137#2063077902,0,0,0.025286379199208085
4254790910#2058531412,0,0,0.18462951291565444
3074519515#3267793376,0,0,2.066329262179536e-06
4259837358#4938690872,0,0,3.5129906514011884e-06
2279367079#196075727386,0,0,6.444361240963761e-06
3240351689#2058881485,1,1,0.9797688666827057
1514159826#2145127974,0,0,4.212099271276654e-05
5010343781#4247353515,0,0,2.0964367193625227e-06
4808180492#18466913739,0,1,1.0
4020730390#3774085428,0,1,0.9999999940803264
125323389433#3470855139,0,0,4.4869944131178016e-05
4128826467#3797571274,0,0,0.14754922392159553
1436335814#3797571274,0,0,2.229991912996192e-06
1690392435#4808180492,0,0,0.00018463609465089187
3927031679#2725581419,0,0,5.803791598124089e-06
145760114769#5139738145,0,0,1.1077397299082245e-06
1728174551#303103274469,0,0,0.00017222281420671185
50016874555#371921998418,0,0,2.2806935314506105e-06
3937905240#3494153136,1,1,0.9994503945678573
96073555522#23232175462,0,0,2.156765950894904e-06
1833697097#191537024900,0,0,2.6597533312608867e-06
14613505047#2070625956,1,1,0.9999996829783347
3551736332#4813740020,1,0,0.008956404940656804
14613505047#1320992610,0,0,3.7619170330005634e-05
19689104703#1639386839,0,0,0.019136740857761774
1636709118#325294719982,0,0,3.7201349915113044e-06
2056297322#4202066092,0,0,9.617097438842273e-07
4038971285#226460833239,0,0,0.0019283769189714986
41958860915#1724951329,0,0,4.841367456913278e-06
3507050766#2279367079,1,0,0.035396044415815286
4808170837#3546199472,0,0,8.546039588962269e-05
3747247759#4676785037,0,0,9.617097438842273e-07
3761484275#3524983069,0,0,1.1800058164654722e-05
191537024900#3364587358,0,0,9.617097438842273e-07
191537024900#454303875540,0,0,2.061287619275716e-06
2005664884#4703831949,0,0,9.617097438842273e-07
3055561351#2165666882,0,0,1.3770972790045105e-05
246918228224#4755216808,0,0,2.708335023942048e-06
4572426635#4730881018,0,0,2.222638074324509e-06
3215754174#2338797804,0,0,0.0002881939857579712
1412102698#189641569958,0,0,0.0017260907116185816
4836895938#3560844585,0,0,9.288275509802338e-06
3979663695#1562031765,0,0,1.3758666254400282e-05
1726564714#5097100632,0,0,1.5871344991866195e-06
2145127974#3404220738,0,0,5.201598218974659e-06
4949981393#417283434001,0,0,3.545193554002679e-06
3906389523#2054654643,0,0,9.617097438842273e-07
4949981393#4161815403,0,0,5.935439909897793e-05
2112308267#4529336313,0,0,2.1325249728973825e-05
1904335665#4668702029,0,0,1.4666817835018954e-05
5124643800#4668702029,0,0,5.797302687952737e-06
4132467872#3881167105,0,1,0.5851821555010814
2112404223#4274246175,0,0,0.00020294613836583178
453179758430#4427898444,0,0,1.3043795726301428e-05
41714615735#3589697774,0,0,2.3273796387701945e-05
2062233925#4077568242,0,0,0.016741503496943064
1861556379#3470855139,0,0,5.2033152469598775e-06
1568784013#4157495788,0,0,1.9905703934020036e-06
1780797402#1671508853,0,0,7.393287037150894e-06
3806586103#4938690872,0,0,2.5164249106953443e-06
4999205061#3267792927,0,0,7.145305353951112e-05
4737466020#3525476136,0,0,2.4027850623203452e-06
1467729091#4348117018,0,0,0.0009409580566746768
2062243305#2056136170,0,0,0.010555818203750518
4185911295#4589595603,0,0,1.16795114393182e-06
4656986610#4274231792,0,0,2.718119183795423e-05
2160958435#4038971285,0,0,3.4280091275728118e-06
2119467444#2298730254,1,1,0.7276936888738526
4444217370#1440645051,0,0,0.05841870801124099
3047028308#5206198663,0,0,0.10417872022861865
3363359717#4790633062,0,0,5.58629165095575e-05
1403922320#1690392435,0,0,1.3715609564607234e-06
3871685027#3968903489,0,0,0.0016298166609739
96073555522#574468673943,0,0,1.1428048402193685e-06
49472388467#4755406731,0,0,1.4850253881179129e-06
5169118253#2027684481,0,0,0.00041303290890299223
4623930569#4551052278,0,0,5.184738884307183e-06
135779450319#4574180809,0,0,3.248521484173144e-06
483899405313#453179758430,1,0,0.005605939035088326
1743158951#1627677359,0,0,2.063877144818429e-06
4636302616#4498417740,0,0,4.526423709779574e-06
4435951946#4897041544,0,0,3.557596286649204e-06
2062233925#3056496237,0,0,6.155519066875774e-05
4756922573#2146475582,0,0,3.6992725843995335e-05
3046735667#2056513884,0,1,0.9999998714360256
2037536844#1659804386,0,0,1.803540317244805e-05
2067169690#3915232509,0,0,2.5489332832029127e-06
1592253981#2112891471,0,1,1.0
1780797402#1409261677,0,0,1.1763575809817948e-06
5165685784#4157483944,0,0,2.1117671156825896e-06
82325773100#2065166575,0,0,3.5342351114432235e-06
3979834731#5185354751,0,0,7.853206556668678e-06
76084169102#3589697774,0,0,2.3273796387701945e-05
3236907215#4455408499,0,0,3.3742180408928384e-06
4541834093#4202091471,0,0,1.1416228459950034e-06
2060056435#2067025602,0,0,9.617097438842273e-07
3691716746#4348117018,0,0,9.617097438842273e-07
2058531412#2111226139,1,0,0.014474001365637765
1598212753#4037407479,0,0,2.7375335538126605e-05
1479238950#1479236028,0,1,0.9999998542854307
4157266754#358968132955,0,0,0.007588886377460879
3560844585#2175677532,0,0,9.617097438842273e-07
1592253980#2037536844,0,1,1.0
4999204837#2153059963,0,0,9.617097438842273e-07
5104052160#2055621540,0,0,5.3959029971727096e-05
4790633062#4161797606,0,0,0.2876114287841207
3878447634#5185354751,0,0,4.000182718763642e-05
1639026554#4808240601,0,0,9.617097438842273e-07
549708986379#4619195159,0,0,1.1763575809817948e-06
3980255436#5103620556,0,0,0.4681416662845884
4424722345#50016874555,0,0,9.95714981634515e-06
4661837102#4279780621,0,0,0.0018012947642643009
462509477875#4506637171,0,0,0.0004965073319622612
1696297270#2059486037,0,0,5.669996901722124e-05
199679645647#41958860915,0,0,2.743912708568356e-06
3488840316#3862453322,0,0,0.000291754186745417
4040761448#1918821009,1,0,0.012567059068407632
3633526158#4127437050,0,0,5.169365871849985e-06
1407873390#4636237354,0,0,1.7268214816308788e-06
3691706852#1412102698,0,0,1.620806465529897e-05
2116366106#3235880928,0,0,9.617097438842273e-07
4452424559#3296349690,0,0,5.295274270230268e-05
3849875064#5010412384,0,0,9.98927025869878e-07
1835570826#1592595202,0,0,4.6564798746751964e-05
20170380680#1848719127,0,0,3.285977152029207e-05
4589997386#3452360497,0,0,3.564715159449828e-05
18467089718#4572634734,0,0,0.00026878554081930965
4905562130#4189391263,0,0,1.0045328964436303e-06
1798940576#3364587358,0,0,0.00011270046504392602
2065166575#4899954714,0,0,1.3759330678840227e-06
2011422795#4661837102,0,0,3.3322336336741615e-06
3046471496#4243154086,0,0,9.617097438842273e-07
5059493292#189906837325,0,0,2.006820378955552e-06
47871442424#5082122698,1,0,0.011684200699284563
2057199781#3862268059,0,0,1.220350397250077e-06
3056496237#322313716889,0,0,3.738961322930404e-05
1768955738#140554567918,0,0,1.1181614930696175e-06
4157483944#4675257710,0,0,0.000252158666196437
327540253581#3458091636,0,0,4.8478131321343345e-06
2062902494#2061311891,0,0,0.05721688733626722
3951041977#27547791295,0,0,4.46477530451779e-06
113940347013#3946584694,0,0,0.05304655167700174
4185911295#1823372268,0,0,2.5465128147756195e-05
2564918524#4636302616,0,0,0.0006554244579010745
2061484014#2111818909,0,0,1.2832273874589738e-05
276403558061#59051797265,0,0,7.425619923763953e-06
2600554617#8431814779,0,0,2.3741800795612435e-06
4482237216#4582141355,0,0,1.2287385921763825e-06
4132115994#2564918524,0,0,1.0945134151814983e-05
159730607651#4157428642,0,0,2.8543298688302573e-06
2060512716#117729109245,0,0,3.209959541188206e-06
1403926750#1949694216,0,0,1.4457572271965253e-05
85679298671#4201800596,0,0,9.617097438842273e-07
5139738145#5062472541,0,0,1.65159596415142e-05
81042916306#4765643443,0,0,6.710890067845741e-06
398485485010#4176537188,0,0,9.617097438842273e-07
4201617297#2011714457,0,0,9.617097438842273e-07
4575065614#2058829770,0,0,2.4689507950182353e-06
3913495754#3494153136,0,0,0.00011856384500644184
4498422001#3369184055,0,0,9.617097438842273e-07
3235880928#2058829770,0,0,9.617097438842273e-07
3369184055#1728174551,0,0,5.813970069849037e-06
3435281641#2191172688,0,0,9.617097438842273e-07
60270130980#91965976598,0,0,2.8106618863789362e-05
2739075334#2088554701,1,1,0.9069752781648305
32143080284#4624086112,0,0,5.061060021705534e-05
1320157321#238877261551,0,0,1.0035864257316881e-05
3707567581#2063077902,0,0,1.789739750188918e-05
8431814779#4636237354,0,0,3.211270395931563e-06
4247353515#3442901956,0,0,0.003932760134137546
4392093932#4001872848,0,0,4.1433662402877966e-05
3055204922#2136848057,0,0,0.0006243055175194432
4913620532#25524025062,1,1,0.6108921936189922
2060185500#2212287890,0,0,9.617097438842273e-07
48861374884#3798189679,0,0,4.590660238983282e-06
4157432142#4720990752,0,0,0.0037115320586569686
19689104703#156276503010,0,1,0.9999998173004936
422593008553#336556426216,0,1,0.9999988925016958
4283342406#1453532038,0,0,0.0006622718844003334
1479236024#1371717862,0,1,0.9428039043751809
4452424559#117729109245,1,0,0.005099265839322658
5139738145#1457252565,0,0,9.792978067658246e-06
3861078825#4755406731,0,0,8.219242653444888e-06
39435343189#1434312727,0,0,9.617097438842273e-07
4649888830#4624086112,0,0,0.0016904037915395197
3364150594#2055425355,0,0,2.2806935314506105e-06
1640258299#1592595202,0,0,4.373663634422039e-06
2061311891#1409261677,0,0,2.4729830094267817e-06
18467707182#1639386839,0,0,4.106632040204706e-05
3797173437#4132115994,0,0,0.00010339958417287606
54158063907#2118966054,0,0,1.6755559744713989e-06
1666737679#3749110245,0,0,1.177950213999168e-05
3558421108#4813740020,0,0,1.5760660369081335e-06
2082195280#4283348799,0,0,1.350601684174237e-06
3569752280#3979834731,0,0,0.0004052456863592339
3915232509#4214748443,0,0,2.6576058227661217e-06
4626677277#5185354751,0,0,9.617097438842273e-07
4808180492#4790633062,0,1,1.0
1659804386#43182039587,0,0,1.879128059353888e-05
4798031879#1848719127,0,0,5.760002447726204e-07
4659328158#2598389634,0,0,9.617097438842273e-07
1416247746#4081101808,0,0,5.863635606771402e-06
1690392435#4135061499,0,0,1.2746903240850263e-06
4513744195#3458091636,0,0,2.1047424011056033e-06
2063057962#4038971285,0,0,5.506974243799615e-06
1752647304#4999204837,0,0,9.617097438842273e-07
4498422001#4876527314,1,0,0.0009814237903364082
1316556785#125323389433,0,0,1.4001004494813644e-05
1415520008#5093302594,0,0,1.2973407344365023e-06
3633526158#2057451320,1,0,0.04150520840300713
1562031765#2160958435,0,0,1.6244639104098035e-05
4636583527#4902984206,0,1,0.9999990438432059
9095840585#4702804708,0,0,2.6918640700572785e-05
1479236024#1479238950,0,1,0.9999873654774599
3369184055#2078835030,0,0,0.0009845562190555215
4255600579#4214624671,0,0,4.653618287828143e-06
487132656078#3318133040,0,0,0.00039813637948280753
1834405459#3946838650,0,0,4.66417939162238e-05
2057451320#4659328158,0,0,3.147829533180996e-05
3551736332#23641510617,0,0,4.224330805793683e-06
114401992972#3296349690,0,0,0.00033922160285704023
4264603438#2069259743,0,0,4.1574605542578905e-06
48861374884#1671508853,0,0,5.484307719453627e-05
2050581826#4668702029,0,0,9.617097438842273e-07
24193681922#4909154245,0,0,1.4401775888906092e-06
3458091636#3598098302,0,0,2.6144864911770383e-06
2175677532#2056703740,0,0,1.492871283886248e-05
3055561351#1730953832,0,0,9.617097438842273e-07
2065166575#2062490022,1,1,0.96601483268155
2117538897#5066791121,0,0,9.617097438842273e-07
3364150594#4009292178,0,0,2.6330247260187513e-06
3968903489#1752631076,0,0,1.4325165547502125e-05
4804117485#4161509156,1,1,0.9771808793186797
1671508853#4626677277,0,0,9.617097438842273e-07
307252705345#351410861143,0,0,4.890419180883434e-05
1409261677#4699491280,0,0,1.1763575809817948e-06
3042374746#4197944029,0,0,6.0123435516742926e-06
1816678631#3717372340,1,0,0.0072271132965624684
4841108780#332651656883,0,0,1.585805767183924e-05
4889095238#5033763061,0,0,3.4898824710907357e-06
2064988617#2070625956,0,0,6.345230761605896e-06
2057186115#1726551362,0,0,9.005376655428477e-05
3215754174#2059067449,0,0,0.00015628343535482376
4273893775#114018376174,1,1,0.9999999999925819
1479236023#1320992606,1,1,0.8367058684420904
14613579566#4256662307,1,0,0.000530711041758214
3460145307#3232083339,1,0,0.002621411814302067
3994501565#4037395648,1,1,0.9999014760807202
1438255025#4793200474,0,0,0.0005370316602823258
4949981393#1696297270,0,0,1.8775047216262293e-06
4203146420#3829554374,0,0,9.617097438842273e-07
3052169593#1875570795,0,0,9.617097438842273e-07
4157483944#3490539439,0,0,1.1416228459950034e-06
4168332323#1552378116,1,0,0.0606050633465156
4524153818#4037407479,0,0,1.1077397299082245e-06
1955030813#1955016683,0,0,0.0011486185508863603
2058531412#4261169259,0,0,6.452903302908386e-06
3892132185#4132115994,0,0,0.3889971822314663
44498925795#1800623713,0,0,9.617097438842273e-07
4787793905#3979682744,0,0,9.617097438842273e-07
1743158951#1709924290,0,0,6.359341566674331e-06
4643839400#3881831374,0,0,1.350601684174237e-06
5075124648#2146476172,0,0,1.1181614930696175e-06
376973981474#569491804341,0,0,3.2139485449750465e-05
4197944029#29755196818,0,0,0.00012144519295657315
4755216808#1639274792,0,0,2.839284950414458e-06
4536384761#3267792927,0,0,9.617097438842273e-07
2057199781#4786425036,0,0,1.1077397299082245e-06
34340103649#3878447642,0,0,0.0004330963213991363
5062472541#5097100632,1,1,0.9992250763462455
3913495754#5021510219,0,0,9.617097438842273e-07
4679546461#3208519381,0,0,0.022694093941483442
4674911211#90088944269,0,0,1.575017455562658e-05
4918962509#169598104032,0,0,9.617097438842273e-07
1479236028#1479236023,0,1,0.9999173290903814
4905562130#1800623713,0,0,1.4107414496723648e-06
1656969942#14503977526,0,0,3.1792974605076276e-06
3956546637#4589997386,1,1,0.9999993685636359
4506637171#3846598639,0,0,0.3093816185025687
2117538897#3747247759,0,0,3.523679785590565e-05
4735669408#2118966054,0,0,1.5100922569484186e-06
3747247759#114018376174,0,0,9.617097438842273e-07
4475599263#5010064143,0,0,9.617097438842273e-07
1816430010#3541397287,0,0,1.3787829654811833e-06
4037395648#3734194433,0,0,4.0844986588431345e-06
194754298019#4765643443,0,0,7.199693312177049e-06
1835570826#2145127974,0,0,0.0018677386141481465
5075124648#4735669408,0,0,8.157882445514072e-05
1552378116#4674911211,0,0,9.617097438842273e-07
54158063907#4636524355,0,0,3.496211183600998e-05
4856748067#307252705345,1,1,0.5527231128276743
3926967278#2057120532,0,1,0.6616926826643393
4837628601#1382163772,0,0,9.617097438842273e-07
3363359717#3072563854,0,0,0.0005457892140029197
1695721912#3633141413,1,1,0.9974946541878575
4525991689#4214872608,0,0,3.868510945983238e-05
148602656984#3862268059,0,0,0.001201029633080104
1659804386#4837628601,0,0,9.617097438842273e-07
4582141355#4525991689,0,0,0.0044710742367692095
1693941156#1740857110,1,1,0.9929111573205455
1798868787#1800623713,0,1,0.9693134198743698
1436335814#4145496082,0,0,1.2672129417848213e-05
4435951946#4582141355,0,0,5.3991963295872864e-05
1409261677#3633526158,0,0,9.617097438842273e-07
4072428623#5098812409,0,0,9.617097438842273e-07
4492977050#1423347109,0,0,0.013444048673588479
2054699471#1592253981,0,1,1.0
6626538016#248352373136,0,0,0.000535077928177409
1666737679#1847649330,0,0,5.771512982961816e-06
3829554374#1800623713,0,0,3.712847412677599e-06
75782528054#465306971541,0,0,5.98450172634284e-06
3863546507#3861213317,1,1,0.7930095737819927
2119467444#3267793376,0,0,3.002052810878629e-05
5050765983#2058085195,0,0,9.617097438842273e-07
3835082917#3860804392,0,0,1.7953130180835261e-06
5205797148#3878447642,0,0,0.06762858804286484
3560844585#5108475165,0,0,9.288275509802338e-06
4477045287#4705563490,0,0,3.9536433807648605e-06
2057186168#4674911211,0,0,1.5100922569484186e-06
4072366249#4671204264,0,0,4.248258017706468e-06
4316547764#4485683605,0,0,9.617097438842273e-07
4455408499#2069259743,0,0,9.617097438842273e-07
1752647304#4523978139,0,0,9.81414918009913e-06
2446874502#3734194433,0,0,0.008910358496261579
3598098302#4905562130,0,0,5.623913947434705e-06
569491804341#2098264088,0,0,7.590024523973779e-06
4662125901#5206198663,0,0,0.00028979966512739704
3045322155#4072428623,0,0,2.222638074324509e-06
4666990747#3994501565,0,0,0.0021970213979304455
3073724824#1639169322,0,1,0.9978871220523173
4511530729#1479236024,0,0,1.0929555668485615e-06
4538676877#3690457393,0,0,1.2881379218847899e-06
1639170956#1639848935,0,0,6.87525531382153e-06
87820911338#4338715534,0,0,9.617097438842273e-07
4498417740#4316547764,0,0,0.0010804190401272067
2298730254#4636237354,0,0,4.972215395975508e-06
4635793707#2053401290,0,0,9.617097438842273e-07
3706699419#4804117485,0,0,0.0003833845836397942
2056961978#538860958841,0,0,1.0929555668485615e-06
1541971038#4833286194,0,0,1.1077397299082245e-06
1479236077#5158514600,0,0,4.612954025970786e-06
2057667662#2446874502,0,0,0.00042878791821707515
1621413330#3414192937,0,0,2.9264638454861587e-06
59782651708#3318133040,0,0,1.1919228961195568e-06
2028165651#4538676877,0,0,9.617097438842273e-07
1726551362#1479236023,0,0,9.617097438842273e-07
4746786446#41506701575,0,0,1.1181614930696175e-06
138962728028#3766348815,0,0,0.05122761306326145
1847702835#422593008639,0,0,2.4468586655472414e-06
201180045587#2146475582,0,0,0.006704007796644675
113940347013#29755196818,1,1,0.9999944665633977
1656969942#2739075334,0,1,0.9999999603210775
3806586103#3460145307,0,0,0.00046122934262505415
2120285844#5067776785,0,0,1.1416228459950034e-06
76784498137#329718595140,0,0,0.00017072071501543783
3470855139#3887115396,0,1,0.996790484690646
3946418596#1438255025,0,0,0.00020055942358951904
3477040043#1639848935,0,0,1.7844867654055615e-05
3047031444#4526072603,0,0,1.9225719437584684e-06
18468663843#4623955842,0,0,0.0041246941910753065
1305053590#2180548061,0,0,0.0014031314227079849
2057202369#54117240769,0,0,8.059919534713518e-06
4661837102#4918962509,0,0,5.000431014791811e-05
3926967278#2725581419,0,0,5.803791598124089e-06
4176537188#4254790910,0,1,0.5742118898304682
1407873390#96073555522,0,0,1.5037407592217317e-06
4656986610#1752647304,0,0,9.81414918009913e-06
76084169102#5066791121,0,0,5.507602777756554e-05
3045486706#3913703465,0,0,9.290472612372146e-05
5137527272#41958860915,0,0,7.4745713491956855e-06
322313716889#20170380680,0,0,2.706874976188028e-06
32421248987#5206198663,1,1,0.9708782772625568
2175677532#2296910026,0,0,1.5874421026127266e-06
2027873351#1407873390,0,0,0.00027085608449313627
1768955738#2112308266,0,0,9.617097438842273e-07
4338715534#4134047757,0,0,1.3858240257584428e-06
2112308266#2027873351,0,0,2.0222263489784837e-06
3245047192#1640258299,1,0,0.4316752216865856
2055425355#4855224068,0,0,6.665096386778099e-06
2053401290#1651852765,1,1,0.7415299391369591
1320157321#3964074224,0,0,6.572743103476278e-06
4726696498#4444217370,0,0,9.617097438842273e-07
4841234225#3945392968,0,0,0.00018649655387997227
5193152815#3835082917,0,0,2.746029379571407e-06
5093302594#5137527272,1,0,0.00014930799873555587
3074519515#3826134250,0,0,2.6837685225994334e-05
3215754174#4259837358,0,0,0.006568379675026716
2057186115#3690457393,0,0,2.135043044727091e-06
3696903469#86403779490,0,0,9.617097438842273e-07
5206198663#2137028345,0,0,0.0546801815438202
1955026154#4492977050,0,0,1.350601684174237e-06
2125106599#4448697469,0,0,0.00021519160210448074
4312099236#1671508853,0,0,7.423691642031707e-06
4623955842#1479238952,0,0,0.032397318068532625
41506701575#4589997386,0,0,0.03948381305775576
25524025062#3370936702,0,0,5.635516081320493e-05
4038971285#378612909737,0,0,1.4350772643820004e-05
1640258299#1986152983,0,0,5.1401912102951135e-06
3829182480#3598098302,0,0,0.47203198120102025
2296910026#2054980574,0,0,2.2064953233473157e-06
2011422795#1562031765,0,0,8.373492651863085e-06
1752631076#2973532517,0,0,0.1164423020776071
1715361146#4020730390,0,0,0.004431101629249236
1816678631#2146476172,0,0,2.0638981819331503e-06
3072563854#1412102698,0,0,0.014548058960017044
2111818909#1978617397,0,0,1.1337087113650484e-05
75782528054#4429293356,0,0,1.5727467039020085e-05
418887222012#4313472390,0,0,5.771512982961816e-06
4755406731#4619843239,1,0,0.037021872243155764
2059786009#201180045587,0,0,1.396344078388015e-05
39074124372#307252705345,0,0,7.984028042314974e-06
3030484462#5124643800,0,0,9.617097438842273e-07
2153059963#4448697469,0,0,0.00014698259430506941
2057199781#2058085195,1,1,0.712617236657075
1639386839#3967284896,0,0,2.6316300556465273e-06
1608506098#2060192584,0,0,5.474408754113605e-06
4004949751#3559629814,0,0,1.153282103928735e-06
1780797402#4111411514,0,0,5.443514830583014e-06
4619195159#1752647304,0,0,4.203646848986187e-05
2671772709#4111311078,0,1,0.8216697175282477
4255600579#2098264088,0,0,4.002491852344536e-06
4836895938#3633736951,0,0,0.0014021157449107182
4999204837#4551052278,0,0,9.617097438842273e-07
82325773100#2055298486,0,0,9.617097438842273e-07
29755196818#4582141355,0,0,0.00019961393666808634
1401952612#4436222774,0,0,4.381345353484311e-06
3232083339#3691716746,0,0,1.1970222103466656e-06
4313472390#49472388467,0,0,9.617097438842273e-07
5169118253#3915232509,0,0,1.1717815285804067e-05
4755216808#5185354751,0,0,6.754125379766125e-06
4582141355#1847939089,0,0,5.554463228161764e-06
1402124924#3442901956,0,0,0.0012652188715324521
2054980574#5094395218,0,0,2.2064953233473157e-06
2028648293#1708941558,0,0,2.1056390466652924e-05
4830910802#3861213317,0,0,1.2334585128024857e-05
4551052278#1739928560,0,0,1.5349200321171999e-06
3980255436#4261169259,0,0,0.00038229232606784975
1951491884#3598098302,0,0,9.273487763789272e-05
2056297322#2598389634,1,0,4.379115279810826e-05
4999204837#3267793376,0,0,2.9317639856697836e-05
4264570268#4673963150,0,0,1.3858240257584428e-06
1810185303#3245047192,0,0,1.612172698689864e-06
4636583527#2296910026,0,1,0.9999931309489105
4417877411#9882651379,0,0,9.617097438842273e-07
1818747960#5214349442,0,0,0.0006393892515369007
4108293691#4111411514,0,1,1.0
3296349690#3937803478,1,0,0.053602509802797904
4538676877#1403922320,0,0,1.4976932018066653e-06
57482538021#82342257069,0,0,0.005885196532212387
1709836734#3052165975,0,0,4.751699381357059e-06
3887115396#3915028298,0,1,1.0
