pair_id,true_label,pred_label,confidence
4895194761#3935134734,0,0,0.484715685440975
4965700329#3204907291,0,0,0.49993578762207613
3043036534#2065121798,0,0,0.4862665123167166
3582409643#4427940311,0,0,0.4862665123167166
138649305625#4004633045,0,0,0.4862665123167166
2057082510#4623955861,0,0,0.48808794185282495
3077905761#3292344806,0,0,0.49011619227768266
4111406344#3043166693,0,0,0.48932976037688597
2069380321#210012116583,0,0,0.4899711020287715
4900256072#3606108939,0,0,0.48816381714062956
2057660030#2050760324,0,0,0.4862665123167166
4345845643#3287633018,0,0,0.48751531657047775
1644134375#4283348799,1,1,0.507400025578821
2098918003#303433622485,0,0,0.4862665123167166
4264534612#9043448493,0,0,0.4862665123167166
2183963548#3295629869,0,0,0.4862665123167166
4898730811#4004633045,0,0,0.4862665123167166
4623324616#2066977172,0,0,0.4862665123167166
2062181997#443982000626,0,0,0.4862665123167166
1416301524#2058563113,1,1,0.5003083285875127
2057202369#3927439605,0,0,0.4986005447168225
4657320935#1633806208,0,0,0.48656210968447494
3287136296#3287136303,0,0,0.4879744703457519
4941134416#4335101562,0,0,0.4862665123167166
1955012315#142083821417,0,0,0.4862665123167166
1718702641#5185554343,0,0,0.4918363788653399
4641732096#4185479835,0,0,0.4862665123167166
1372537976#5169209205,0,0,0.49307499613256434
124076009506#66891007246,0,0,0.4862665123167166
69055886795#68727484174,0,0,0.49614876281262604
4498422001#3033447588,0,0,0.4862665123167166
1438441441#3290843988,0,1,0.501585102588382
1848719127#179195001984,0,0,0.4862665123167166
3072525687#2067590404,0,0,0.4862665123167166
2068611560#2297009298,0,0,0.4914081273571121
2301850248#4057297840,1,1,0.5164867588064663
212394033260#114453608394,0,0,0.4892351019293455
303433622485#3792586113,0,0,0.4862665123167166
4529171947#6633358861,0,0,0.4956499146808374
4449163726#142083821417,0,0,0.48656210968447494
1564005555#4900256072,0,0,0.4889962223946685
3779069464#2050883606,0,0,0.49030782072065654
392281366488#1952051609,0,0,0.4862665123167166
5022076775#4196027218,0,0,0.4862665123167166
4145771589#3881831374,1,0,0.49540438981152635
3589653390#4255048934,0,1,0.500304479845984
4006392099#4277815885,0,0,0.4862665123167166
3717616592#3202641160,0,0,0.4862665123167166
1416629632#3728594582,0,0,0.4862665123167166
200792633059#102180093107,0,0,0.49242371813823094
4226781300#4777455284,0,0,0.48656210968447494
4429667301#1674286778,0,0,0.4862665123167166
2114279054#4782028642,0,0,0.4956408058843951
2057186115#3792586113,0,0,0.48788801493903905
4749417182#2119387186,0,0,0.4862665123167166
4877012874#1391856996,0,0,0.4862665123167166
4464938911#1740857110,0,0,0.492524058577773
3458092809#3887327251,0,0,0.49084003670216797
117873856741#3056865396,0,0,0.4873216592563334
2069380321#3881831374,0,0,0.4862665123167166
4226659635#14613455658,0,0,0.4862665123167166
3576237842#1410173485,0,0,0.4910581722869933
3708976648#2615156599,0,1,0.5011340971026038
38406123057#3416051894,0,0,0.49032021950033977
4081158129#5196417840,0,0,0.4862665123167166
4643938191#2057660030,0,0,0.4862665123167166
2224193149#2085225572,0,0,0.4862665123167166
204767102724#4469025400,0,0,0.4862665123167166
3576237842#4132115994,0,0,0.4862665123167166
248509310374#448871401046,0,0,0.4852602602874866
2977432095#4883419414,1,1,0.5019854534861109
2115662086#2068436073,1,0,0.4901772573776664
4197957154#49507593260,1,1,0.5038716028794404
1541915947#2050760324,0,0,0.4862665123167166
1639385502#1479236027,0,0,0.48915631691797123
4657354311#4933360994,0,0,0.4875546094618166
2058881485#4573019780,0,0,0.4862665123167166
4674140626#3540847089,0,0,0.4862665123167166
4883419414#1349608070,0,0,0.48656210968447494
4006392099#3633760178,1,0,0.4862665123167166
4144296423#2063941871,0,1,0.5165546317614752
1882949681#8609591019,0,1,0.5045772993479514
2058531416#2057082510,0,0,0.4862665123167166
2117971399#1410173485,0,0,0.4862665123167166
190486841338#109165560395,0,0,0.4862665123167166
4059739506#2057186115,0,0,0.4862665123167166
3986575237#4006392099,0,0,0.4862665123167166
1712613661#1649349373,0,0,0.4862665123167166
3075632210#150594502346,0,0,0.4862665123167166
1517548862#3290768654,0,0,0.4878682197728712
2111320607#4256926363,0,0,0.4862665123167166
4975664600#90189177809,0,0,0.49084003670216797
4959793179#1416629632,0,0,0.4862665123167166
3061887297#2183968048,0,0,0.4862665123167166
4219594137#4219594127,0,1,0.534692306615855
3993258388#4255048934,0,0,0.49713461182717905
65277266246#3287136295,0,0,0.4878682197728712
13389301105#3475895224,0,0,0.4881324971443019
1995007743#3047893935,0,0,0.49827879482080406
4435802207#2057120532,0,0,0.48872042019307793
487072504294#3550979323,0,0,0.4936776093043872
2061309885#1431930648,0,1,0.5138407388341926
443982000626#3404236704,0,0,0.4862665123167166
3077309817#2060056771,0,0,0.4890238176245106
4212792387#3489875333,0,0,0.4862665123167166
1978617477#1457252565,0,0,0.4862665123167166
2055492411#5102675634,0,0,0.4862665123167166
2056662276#3831306913,0,0,0.4883633169964593
4450968363#2063941870,0,0,0.4913633999351682
191333072438#96073549554,0,0,0.4987947622002985
335140370164#52308312082,0,0,0.4862665123167166
1882949681#2075393157,0,0,0.4862665123167166
4622989684#200569781240,0,0,0.4991072411492856
3042374102#1523991651,0,1,0.50129191194373
1859050383#2058531416,0,0,0.4862665123167166
2088439298#4200743404,0,0,0.4862665123167166
4082182753#280987330860,0,0,0.4862665123167166
2640338192#3290768654,0,1,0.5023840955985905
1384518673#190662008501,0,0,0.4879649442311805
3945392968#1833924490,0,1,0.5021665964500198
4893087221#2010425525,0,0,0.48656210968447494
1573188123#1694365644,1,1,0.5086608606113217
335230006871#2057120532,0,0,0.4870989175707555
1650171815#3551393130,0,0,0.48656210968447494
2301850248#2062990764,0,0,0.4892172005320992
4460813658#4460827792,1,0,0.4917113796004223
1457252565#1711730143,1,0,0.4997519352659484
48384062571#4645346456,0,0,0.4862665123167166
391306865273#3484000884,0,0,0.4875546094618166
4264534612#1517548862,0,0,0.4899848101385539
4735364801#1733350200,0,0,0.4862665123167166
192584035425#4132115994,0,0,0.49151938738687967
13389301105#2010425525,0,0,0.4862665123167166
3445826974#200792633059,0,0,0.49090386514103074
4808983543#75267388021,0,0,0.48459365102937596
204767102724#4091776857,0,1,0.5017920965074198
2065121798#2297009298,0,0,0.4914081273571121
3883325282#1312624571,0,0,0.4862665123167166
4623324616#4185963090,0,1,0.5019531248095046
1637581644#3887327251,0,0,0.4874258546276873
109165560395#150594502346,0,0,0.4862665123167166
3946584694#4883419414,0,0,0.4862665123167166
2056478070#2070627808,0,1,0.512280908943897
96073549554#2063596099,0,0,0.4966363439747624
2054666779#3792586113,0,0,0.4862665123167166
102180093107#4065734118,0,0,0.4894225872251695
3728591592#3728594582,1,0,0.4949697815813178
5090005101#1694379811,0,0,0.4862665123167166
1320992607#1479236027,0,0,0.49800497720019443
2301850248#3610178183,0,0,0.4862665123167166
3517506225#1320992610,0,0,0.4862665123167166
4574521416#2119467444,0,0,0.4862665123167166
496613160423#4015401444,0,0,0.48785020682957503
1372606932#2070534468,1,1,0.5282373322472601
3887327251#4348498011,0,0,0.4862665123167166
2050760324#4460827792,0,0,0.4862665123167166
2068611560#4623955861,0,0,0.4862665123167166
4657354311#4232666143,0,0,0.4862665123167166
2296574953#2068611560,0,1,0.5007310538781408
4435630212#3072527640,0,0,0.4862665123167166
2054734151#2057706385,0,0,0.4929942287047227
3792586113#1815633130,0,0,0.49082788338507055
4612302183#4145496082,0,0,0.4862665123167166
4384418878#4603465738,0,0,0.4870564732529392
2744122330#4457149562,0,0,0.4862665123167166
1872011272#4867525539,0,0,0.48932976037688597
1818747488#2043683805,0,0,0.48816653737017307
3416051894#3551736332,1,1,0.5101422268337337
5205797148#4464914770,0,0,0.4926797604780855
4361071311#2119467444,0,0,0.4862665123167166
102180093107#156276919685,0,0,0.4862665123167166
489466582552#3512605559,0,0,0.4881324971443019
2057186115#2101227068,0,0,0.4862665123167166
1785937268#3489875333,0,0,0.4964850351922853
18465839155#1639330963,0,0,0.46765827617151734
68727484174#211516818734,0,0,0.4862665123167166
3540847089#5196417840,0,0,0.4862665123167166
3062884266#2073951091,0,0,0.48656210968447494
4941134416#4196027218,0,0,0.4862665123167166
1465579387#4938744224,0,0,0.4862665123167166
1590545992#3033453452,0,0,0.4862665123167166
4199527734#3929215225,0,0,0.4862665123167166
3887327251#4145044745,0,0,0.4895550503881495
418215123949#3747287828,0,0,0.4862665123167166
1740857110#1872011272,0,0,0.492524058577773
38406123057#5185245258,0,1,0.5093119508665108
2012443116#4057038032,0,0,0.48139371193876124
1815633130#1410173485,0,0,0.4862665123167166
2114279054#1523991651,0,0,0.4917254591048525
4132115994#1312745457,0,0,0.48143074095929494
3370936702#1438441441,0,0,0.49052299420621714
8431808974#1438255025,0,0,0.4862665123167166
2026258516#135707428689,0,0,0.4862665123167166
1715361146#169388103646,0,0,0.4862665123167166
3850067472#4673640575,0,0,0.4862665123167166
4590537395#2111320607,1,1,0.5081127398186909
1929601246#3606108939,0,0,0.48656210968447494
18468022060#156275809937,0,0,0.49191674694043364
2058563113#1711768137,0,0,0.49225139032558346
1465579387#4720990748,0,0,0.4905748967094993
2057120532#1627677359,0,0,0.4961686720350086
4657395496#3212722992,0,0,0.4937372861024965
190662008501#202083551880,0,0,0.4895864468535029
2297005450#29608029868,0,1,0.5093119508665108
4157779501#3370936702,1,0,0.4914760105284452
4612302183#4203062441,0,0,0.49433056977546674
1500223180#3043166693,0,0,0.4875024862793386
4057038032#3589653390,0,0,0.48649667091558835
4200588492#4255048934,0,0,0.4862665123167166
4030079241#4254960496,0,0,0.49412238653816504
2314431580#1416629632,0,0,0.49331794795653044
4851639047#4786537439,1,0,0.49645144065585023
2070627808#150594495671,0,0,0.4862665123167166
2038238076#2070030589,0,0,0.4902352283823623
4574521416#103649711605,0,0,0.4862665123167166
1372178479#1711995496,0,0,0.4994497733695747
3920807098#4667944802,0,0,0.4862665123167166
1859050383#3256705889,1,0,0.4862665123167166
6626538016#1639183384,0,0,0.4862665123167166
3714314534#4574521416,0,0,0.48983757871223227
2120338226#2054817755,0,0,0.4890238176245106
3997209484#4301048457,0,0,0.4862665123167166
5037293131#64393522082,0,0,0.4859628259718944
4354163617#3708028912,0,0,0.4862665123167166
3576237842#1646144729,0,0,0.48656210968447494
3986575237#1674286778,0,0,0.4862665123167166
1627677359#37014617781,0,0,0.48785020682957503
2026258516#2061946625,0,0,0.4862665123167166
2038238076#2063941871,0,0,0.4862665123167166
8431809214#2062075977,0,0,0.4958057613025818
1639157122#179195001984,0,0,0.48656210968447494
2057186168#3967431642,0,0,0.4888813782843199
3929215225#1627677359,0,0,0.4862665123167166
5122767609#3204907291,0,0,0.49554926487502415
2355519467#20201333480,0,0,0.48826054159893884
4650344731#3636206032,0,0,0.4862665123167166
4289060913#4448830722,0,0,0.4862665123167166
1709836734#2136267751,0,0,0.49479111327940367
4593095274#4746787192,0,0,0.4862665123167166
4212792387#2218261094,1,1,0.5021452209171782
3915411982#114453608394,0,0,0.4862665123167166
1674286778#64461302079,0,0,0.4862665123167166
2075611951#3927031679,0,0,0.4997954869201879
4232666143#4231111906,0,0,0.4862665123167166
4702376819#1733350200,0,0,0.4862665123167166
3364587358#29757516394,0,0,0.4862665123167166
3105105450#49857216438,0,0,0.48973110733754893
2074433649#2118416856,0,0,0.4938393511520689
48384062571#3913210887,0,0,0.4862665123167166
2028165651#3913210887,0,0,0.4862665123167166
4877012874#1872011272,0,0,0.4862665123167166
2306327656#2063596827,0,0,0.4942358529501975
2114326156#1932250238,0,0,0.4914123902638744
14613588147#54158093151,0,1,0.5188745513464312
75267388021#580549064505,0,0,0.482974738789185
3287136295#2181531828,0,0,0.4906304404953586
2112308267#2069945983,1,0,0.4955931121343582
4572325313#3271713296,0,0,0.4918068782765691
4717447489#2012448159,0,0,0.4967625162678747
5090005101#2176735919,0,0,0.4862665123167166
4643938191#2073951091,0,1,0.5028918146820194
1711995496#3054434630,0,0,0.4928444397992305
5078702464#3429527333,0,0,0.4862665123167166
14613460476#2136267751,0,0,0.49242371813823094
1627738213#1782375467,0,0,0.4862665123167166
5034412454#4535937748,0,0,0.4895666516873351
212394033260#167570408533,0,0,0.4892351019293455
4065795437#4256725997,0,0,0.4862665123167166
3945392968#5132524109,0,0,0.49119856558568714
1932250238#3862188518,0,1,0.50757473609426
1782375467#1760226057,0,0,0.4964850351922853
3988152389#140581144985,0,0,0.49123467387586084
4150903702#3712801411,0,0,0.4862665123167166
106190147487#1372178479,0,0,0.4879649442311805
407898948323#1309241819,0,0,0.4862665123167166
2050581826#4091776857,0,0,0.4862665123167166
4212792387#4657354294,0,0,0.4887332068024236
5183692300#4498422001,0,0,0.4893650827373825
2128656141#2009723716,0,0,0.4862665123167166
1733350200#2054815601,1,0,0.4937380098375679
1694379811#3559141878,0,0,0.491825196695578
3045169703#2074433649,0,0,0.4845766476763589
4057038032#3870637640,1,1,0.503018513318501
3271713296#3404236704,0,1,0.5012851617198942
4777455284#5045337406,1,0,0.4852602602874866
2037536844#3479468876,0,0,0.4899384189568937
3081749686#2359435242,0,0,0.49514527622333854
5034887015#156276601478,0,0,0.4862665123167166
4059739506#4116715778,0,0,0.4994541003184776
99206573417#2063930195,0,0,0.48852751966180624
6626538016#18465755385,0,0,0.4862665123167166
1305945791#114453608394,0,0,0.4934481860099524
11636622561#1709836734,0,0,0.48808649138611476
19200751877#5068270943,1,1,0.5023717921738006
4848820948#4641732096,0,0,0.4862665123167166
4540676462#1416629632,0,0,0.4862665123167166
3881831374#4657320935,0,0,0.4862665123167166
212394033260#165376540325,1,0,0.4892351019293455
4292931987#4206294979,0,0,0.496333532859484
2061946625#4874906617,0,0,0.4894007276938241
3309721567#2301850248,0,1,0.522014122095485
4283348799#2066977172,0,0,0.4862665123167166
2116078007#489466582552,0,0,0.4881324971443019
70569712258#2044195515,0,0,0.4862665123167166
4572325313#2977432095,0,0,0.4862665123167166
3517506225#3712801411,0,0,0.4862665123167166
1431887069#6626538016,0,0,0.4862665123167166
3287136295#2183968048,0,0,0.4906304404953586
2085225572#3463623936,0,0,0.4965017373065419
4435666805#4219594137,0,1,0.5390329322446604
3212722992#466235290974,0,0,0.4986365820263557
4070427569#4874906617,0,0,0.4862665123167166
4915878989#1733350200,0,0,0.4862665123167166
4065795437#2055771737,0,0,0.4862665123167166
4006392099#2028165651,0,0,0.4862665123167166
4435802207#1978617477,0,0,0.4900469863286736
4589820532#1410206420,0,0,0.49170858200713446
1815633130#4705563490,0,0,0.4862665123167166
4427940311#3712801411,0,0,0.4862665123167166
1321360812#2055377608,0,0,0.4862665123167166
4030079241#2054724323,0,0,0.4862665123167166
4185358309#3578109145,0,0,0.495443207482782
2007329552#2007329562,0,1,0.5110590321142447
4062424365#23593454505,0,0,0.4862665123167166
4915878989#2121155353,0,0,0.4890238176245106
211516818734#4796107660,1,1,0.506626746250309
1443062561#3287136302,0,0,0.4907481355081037
4226659635#2359572372,0,0,0.4862665123167166
1485299018#4572325313,0,1,0.5035279275006762
1627738213#200792633059,0,0,0.4862665123167166
3475895224#3660138423,0,0,0.4910581722869933
3072525687#2057186115,0,0,0.4862665123167166
4749417182#2146119221,0,0,0.4894506396889743
448871401046#4777455284,0,0,0.4852602602874866
1965402836#3945392968,0,0,0.4862665123167166
124076009506#4506831459,0,0,0.4862665123167166
3915411982#3931049291,0,1,0.5045284978813878
1403922320#179195001984,1,0,0.4956994647682916
1760226057#90189177932,0,0,0.4862665123167166
4283348799#1470085027,0,0,0.4870564732529392
4059739506#4158960527,0,0,0.4862665123167166
3993041966#4448830722,0,0,0.4894007276938241
2056662276#2055377608,0,0,0.4883633169964593
3628839722#3451234547,0,0,0.4971585896459338
99206573417#141703162569,0,0,0.4900087517846367
26795163325#4697566414,0,0,0.48656210968447494
81732347381#4730947102,0,0,0.49465165532589794
1416629632#3862188518,0,0,0.48656210968447494
4755216808#3735183725,0,0,0.4862665123167166
1701535671#4082182753,0,0,0.4852936426572256
3825974020#43182039587,0,0,0.4862665123167166
4965682215#5122767609,1,1,0.5084511342774403
4435630212#4606763895,0,0,0.49688058004034535
2009723716#441422692319,0,0,0.49472788932526873
2056961978#2028648293,1,0,0.48974488257042287
4506637171#4185358309,1,1,0.5059899067130863
1316070485#1470085027,0,0,0.4870564732529392
54158063899#2069380321,0,0,0.4899711020287715
10605371390#2063930195,0,0,0.4862665123167166
200569781240#1614597826,0,0,0.48656210968447494
2061946625#373850276629,0,0,0.4862665123167166
54160155723#2075899540,0,0,0.487726552495078
1920884120#4590537395,0,0,0.4862665123167166
3612961288#4455655369,0,1,0.5134784335669553
1431887069#1592253963,0,1,0.5146251529795287
69055886795#4255048934,0,0,0.4862665123167166
2224193149#5068270943,0,1,0.5084472956316327
4495044650#433432593358,0,0,0.4862665123167166
4552735561#1592253963,0,0,0.48656210968447494
4384418878#4285651704,0,0,0.4991375010335928
35234959099#4867751970,0,0,0.4882150789774235
69054998391#2061244620,0,0,0.4862665123167166
69055007639#68727484174,0,1,0.5007222871980774
226965211490#4283750934,0,0,0.4862665123167166
4635899864#4623955861,0,0,0.4907036263932888
138649305625#2079580923,0,0,0.4862665123167166
4027278504#6633358861,0,0,0.49169605573150976
1309241819#4593095274,0,0,0.4862665123167166
248509310374#5045337406,0,0,0.4852602602874866
1303289685#3591652360,0,0,0.4862665123167166
1639385502#4715649755,0,0,0.49062552508066515
4003389165#4715649755,1,1,0.5236689488419838
302839388028#3629081901,0,0,0.4862665123167166
1715361146#138649305625,0,0,0.4878613903513371
3628839722#3477269989,1,0,0.49390126394605316
91686025987#2057082379,0,0,0.4862665123167166
4938744224#2058563113,0,0,0.48852751966180624
1952051609#2640338192,0,0,0.4846041777350769
2359572372#66891007246,0,0,0.4862665123167166
379478718058#4283786658,0,0,0.4862665123167166
3072527640#13389301105,0,0,0.4862665123167166
1517548862#1303289685,1,1,0.5212178945076653
25271558033#1785334661,0,0,0.49040944721572016
1384518673#1759667553,0,1,0.5048592750246089
4622989684#2050429391,0,0,0.488262857258426
69055007639#1815633130,0,0,0.4862665123167166
4746833490#4162055411,0,0,0.4862665123167166
1479236027#1479236028,0,1,0.5004410793472923
2111616240#3477028783,0,0,0.48656210968447494
2058494409#3633082639,0,0,0.4862665123167166
2012448159#3484000884,0,0,0.4862665123167166
117873856741#4070427569,0,1,0.5217793274193683
2050760324#2057536594,0,0,0.4862665123167166
2416679645#3903296434,0,0,0.4862665123167166
4746833490#2169788953,0,0,0.4915429906225608
3212722992#4535937748,0,0,0.48815427011718404
2359435242#2118416856,0,0,0.49342447403412715
2069380321#1512838165,0,0,0.49139858512561935
4819735406#3475895224,0,0,0.4862665123167166
202083551880#1902954948,0,0,0.4862665123167166
3077743360#1648883631,0,0,0.4862665123167166
4435666805#3927439605,0,0,0.49264802039428396
3660138423#1349608070,0,0,0.4910581722869933
49507593260#156276919685,0,0,0.4862665123167166
3054434630#3926916973,0,1,0.5088867821599562
4165151066#88520940864,0,0,0.4884592128770274
6013639039#4273519745,0,0,0.48656210968447494
4222933048#4042116073,1,1,0.5661705838738978
200792633059#2057082379,1,1,0.5121422762891629
2057202369#2057202352,0,1,0.5119090736100769
4292931987#4038622993,0,0,0.4990039606463923
5197250019#192584035425,0,0,0.4862665123167166
31657249259#4813716345,0,0,0.4894007276938241
1389018108#64393522082,0,0,0.4862665123167166
191333072438#4057038032,0,0,0.4862665123167166
206301674199#97378085541,0,0,0.48936632515716666
4451089335#4782028642,0,0,0.4943247939952628
4606763895#4657395496,1,1,0.5019916119969625
4081158129#3540847089,1,0,0.49119856558568714
4590537395#4019678912,0,0,0.4921491390382318
140581144985#2114708220,0,0,0.4862665123167166
69054982841#69055007639,0,0,0.4997629552309419
4274235353#2598389634,1,0,0.4913898915402753
4713666808#3791609567,0,0,0.4973754329251857
2054666779#1694379811,0,0,0.49438956650172367
4657354294#4226659634,1,0,0.4862665123167166
3477269984#2088439298,0,0,0.4881324971443019
2063941871#5183118904,0,0,0.48836385451512127
2183428945#2026258516,0,0,0.4899686174098732
3487828519#3487828531,0,1,0.5006899891848197
2058129925#1470085027,0,0,0.4862665123167166
124076009506#3487828531,0,0,0.4862665123167166
4877012874#2026312944,0,0,0.4910581722869933
1711768137#1416301524,0,0,0.4955816627796538
1479236023#1479236024,0,0,0.4978548990713999
2090772224#3043166693,0,0,0.4862665123167166
4165151066#2133358535,0,0,0.48985064775590786
4004633045#1523991651,0,0,0.4904719433425637
3993041966#3988152389,1,0,0.4948396732360399
2085225572#3559141878,0,0,0.491825196695578
18465765293#4720990747,0,1,0.5197206200735538
1349608070#10183965715,0,0,0.4862665123167166
29103099346#1391856996,0,0,0.4862665123167166
3628839716#3477269984,0,0,0.49390126394605316
4212827921#4460827792,0,0,0.49409515979440216
4915878989#5022076775,0,0,0.4862665123167166
4966778011#4200588492,0,0,0.48816381714062956
2115662086#2359435242,0,0,0.4874606634813361
6633440508#156276601478,0,0,0.4846143014769205
2079580923#3082042195,0,1,0.5088725370806028
3295629869#3714314534,0,0,0.4862665123167166
2048870562#4624517252,0,0,0.49151938738687967
2598389634#4111311078,0,0,0.4862665123167166
2055771737#1627677359,0,0,0.4862665123167166
4720990752#4808238795,1,1,0.5211525545873771
2159739481#1497880313,0,1,0.5085751029460126
3986761734#156276919685,0,0,0.4878682197728712
2063837093#5095491561,0,0,0.48656210968447494
1431930648#2037536844,0,1,0.5260587804154421
4867751970#2066977172,0,0,0.4862665123167166
192584035425#1929601246,0,0,0.4862665123167166
4657354311#4232471781,0,0,0.4862665123167166
2229939616#13389301105,0,0,0.4862665123167166
1759205074#2038238076,0,0,0.4907167600251152
2071801820#2057352941,0,0,0.49151938738687967
2306327656#169883264664,0,0,0.48317222383804165
4165283827#4217397015,0,0,0.4914098604911741
245814065042#106190147487,0,0,0.48656210968447494
2058222393#4081158129,0,0,0.4862665123167166
4222933048#412740201285,0,0,0.48881941928980355
3792586113#2066977172,0,0,0.4862665123167166
203654552716#3295629869,0,0,0.48656210968447494
4498422001#10553947604,0,0,0.487770204702762
3414290684#1740857110,0,0,0.4862665123167166
373850277197#373850276629,1,0,0.498909839628856
2057186102#4702376819,0,0,0.4862665123167166
2079580923#4590123310,0,1,0.5018328952638382
2061946625#4763332016,0,0,0.4900737088213387
4081158129#211516818734,0,0,0.48656210968447494
441422692319#4289060913,0,0,0.4862665123167166
4593095274#2671772709,0,0,0.4862665123167166
141703162569#4744904703,0,0,0.4862665123167166
9043448493#1718702641,0,0,0.4862665123167166
4460920026#3591652360,0,0,0.49211517580645053
280987330860#291245346593,1,0,0.49682556983558485
4959266141#3204907291,0,1,0.5096976011968696
4506637171#2180579787,0,0,0.4862665123167166
2183968048#2026258516,0,0,0.4899686174098732
4848820948#11636622561,1,0,0.49542412263241997
102904734113#172020433612,0,0,0.4862665123167166
4283348799#2050581826,0,0,0.4862665123167166
4283348799#4506637171,0,0,0.4922396868889844
4080777239#3903296434,0,1,0.5069763182383528
2065354050#1818747488,0,0,0.4862665123167166
4015401444#4699490403,0,0,0.49265911586238625
2075302660#5078702464,0,0,0.4862665123167166
4283348799#1614597826,0,0,0.49034258369643197
2112308267#1552178606,0,0,0.4925719180249943
3081749686#4475595676,0,0,0.488967446095099
1438441441#3304467506,0,1,0.500120024406981
4348498011#3934516600,0,0,0.49151938738687967
1752749947#1512838165,0,1,0.5053526661984608
4335101562#4218561827,0,0,0.4892351019293455
4345845643#3986575237,0,0,0.48816381714062956
2075611951#4062424365,0,0,0.4862665123167166
2058407169#4222933048,0,0,0.4862665123167166
4777455284#2026258516,0,0,0.48656210968447494
1416693660#2146119221,0,0,0.4874805836807342
5206675985#14586847312,1,0,0.4957176064151678
2304664037#2176735919,0,0,0.4998446681882951
4650641709#49857216438,0,0,0.4862665123167166
2063837093#245814065042,0,0,0.48785020682957503
167570408533#4579061300,0,0,0.49769647893789765
204767102724#3870637640,0,0,0.4862665123167166
4959793179#4165151066,0,0,0.4862665123167166
3986761734#1627738213,0,0,0.4862665123167166
63573545398#169388103646,1,0,0.4974640541392866
3883325282#1978617477,0,0,0.4862665123167166
3792586113#49507593260,0,0,0.4862665123167166
54160155723#3962069458,0,1,0.5008627461506023
3882168316#3477269984,0,0,0.4868272956878691
2873066846#3304467506,0,0,0.49376998945465894
18466522141#1479606018,0,0,0.48958172554135176
293198128708#2057186168,0,0,0.4862665123167166
14613455236#2058531416,0,0,0.4879167557707658
1403922320#4003389165,0,0,0.4862665123167166
156276601653#369955904629,0,0,0.49316322957226744
4274235353#5205408909,0,0,0.48852751966180624
4203062441#4375212253,0,0,0.4862665123167166
14613451516#18466522141,1,1,0.5010559374566562
28375457127#91686025987,0,0,0.48568443976173753
90189177932#4975664600,0,0,0.49084003670216797
4332430141#4523609337,0,0,0.49823813321807336
3267338675#3271713296,1,1,0.5031589025125855
2640338192#1649349373,0,0,0.4911663981241477
4673640575#1875566008,0,0,0.4933436782276832
1438441441#2873066846,0,1,0.503882659519721
4264634558#4219594127,0,0,0.4862665123167166
2146061466#1564005555,0,0,0.4554315150315658
3735183725#4529171947,0,0,0.488224648205124
2067534525#3946584694,0,0,0.48897491235295176
4659671054#54160155723,0,0,0.4862665123167166
2056078364#117154450703,0,0,0.48656210968447494
14613451516#14613455236,0,1,0.5008677889187126
3290843988#2873066846,0,0,0.49279660973584943
1312624571#1774818684,0,0,0.48844101701413245
3477269989#3477269984,0,1,0.5359723522691607
248509310374#106190147487,0,0,0.4862665123167166
1512838165#4702376819,0,0,0.4862665123167166
3887327251#4469025400,0,0,0.4862665123167166
1365425184#2063837093,0,0,0.49080089504495766
181358260931#2146119221,0,0,0.4862665123167166
2111349786#2111351705,0,1,0.5127171453174609
2114279054#4335101562,0,0,0.4892351019293455
3409249156#9043448493,0,0,0.4862665123167166
2057120532#2088439298,0,0,0.4862665123167166
102514982310#2118416856,0,0,0.4862665123167166
3845908374#2116078007,0,0,0.4869267334029206
3056865396#5196417840,0,0,0.4862665123167166
3629081901#4668248026,0,0,0.4909678239355351
1594664396#3606108939,1,0,0.4862665123167166
31657249259#4460920026,0,0,0.48947364825491385
1564005555#179195001984,0,0,0.48656210968447494
4361071311#2111351705,0,0,0.48939625851096474
2056927656#2061673563,0,0,0.4927135385514992
4780994423#4965682215,0,0,0.4862665123167166
4316370583#4415227218,0,0,0.48656210968447494
2057573219#1805614122,0,0,0.4862665123167166
4040861140#1453376890,1,1,0.5306858916927838
4573019780#3903296442,0,0,0.4862665123167166
3043036534#1634250118,0,0,0.4926723183239004
3735183725#2146119221,0,0,0.4862665123167166
4451089335#4448830722,0,1,0.5030922436992925
4606763895#1590545992,0,0,0.49563864764797644
4657354294#4111311078,0,0,0.4875546094618166
3050152494#72124210175,0,0,0.4862665123167166
4199527734#4959793179,0,0,0.4862665123167166
4808983543#18465765293,0,1,0.5053468418249303
1712004928#3628839717,0,0,0.4919660580132251
4746787192#4746833482,0,0,0.48858019359270044
3712213597#2057146445,0,0,0.4928186645083328
2056513884#2128656141,0,0,0.4862665123167166
466235290974#3487828531,0,0,0.4862665123167166
4132115994#4206245003,1,1,0.5004408314707287
66891007246#1479236023,0,0,0.4862665123167166
54158063899#14613455236,0,0,0.497748446140878
1872011272#3717616592,0,0,0.49524634537572404
1479236024#1479236028,0,0,0.4979307743592045
3429527333#4792436579,0,0,0.4857575578628175
2054666779#4165151066,0,0,0.48985064775590786
3831306913#283482842835,0,0,0.4862665123167166
4506831459#1479236025,0,0,0.4897025736743265
2977432095#1646144729,0,0,0.4862665123167166
1639219119#54158093151,0,0,0.4862665123167166
4572510718#4643371260,0,0,0.4887198481997212
3287136302#2181531828,0,0,0.4906304404953586
4650641709#2063941641,0,0,0.4862665123167166
2118967459#4274088675,0,0,0.49740941790714355
4910574353#1512838165,0,0,0.4862665123167166
6633358861#4749417182,0,0,0.488262857258426
4674140626#4205391929,0,0,0.49092073659744734
2169788953#2062122607,1,1,0.5030455867225369
1718702641#4283750934,0,0,0.4862665123167166
5196417840#3708976648,0,0,0.4862665123167166
580549064505#1479606018,0,0,0.4875546094618166
2071801820#4001709701,0,0,0.49151938738687967
3279454241#4292931987,0,0,0.4931013294069356
2119493181#3050152494,1,0,0.49216871430132997
4256725997#4657354294,0,0,0.4862665123167166
4726069349#4758277966,1,0,0.48803383488854396
4573019780#6013639039,0,0,0.4862665123167166
4460827792#2067590404,0,0,0.4862665123167166
2054666779#1955012315,0,0,0.4862665123167166
4196027218#3479468876,0,0,0.4934482847105081
5031422175#35234959099,1,0,0.49864073256305635
2027684481#1594664396,0,0,0.4862665123167166
3409249156#4572510718,0,0,0.4862665123167166
4673640575#9043448493,1,1,0.5070987394236867
3072525687#2301850248,0,0,0.4862665123167166
4004633045#6633358861,0,0,0.48656210968447494
3442901956#1805614122,0,1,0.504416387667868
3043036534#1410173485,0,0,0.4862665123167166
2120338226#2175677532,0,0,0.48737122954560724
2009659663#4158960527,0,0,0.4862665123167166
4212792387#4300806520,0,0,0.4862665123167166
1785334661#433432593358,0,0,0.48676087588518085
70569712258#433432593358,0,0,0.4862665123167166
2118041596#2075611951,0,0,0.4862665123167166
3062884266#2009723716,0,0,0.48656210968447494
2056078364#2119493181,0,0,0.4815332159374945
248509310374#350874367544,0,0,0.4852602602874866
2055771737#1416629632,0,0,0.4862665123167166
4491307779#19200751877,0,0,0.4862665123167166
4959266141#37132781634,1,1,0.5073894749949353
2063941870#4623972834,0,0,0.4968503592188783
302839388028#1479236027,0,0,0.4862665123167166
81732347381#156275023490,0,0,0.4862665123167166
150594495671#150594502346,0,0,0.4862665123167166
3550979323#4222933048,0,0,0.4862665123167166
3628839717#3477269984,1,0,0.49390126394605316
1848719127#1649349373,0,0,0.4919660580132251
8431809214#4232666143,0,0,0.4862665123167166
2057202352#3702571839,0,0,0.4890238176245106
1372537976#4150903702,0,0,0.4911428486856503
4641732096#2296574953,0,0,0.4862665123167166
4449163726#18465755385,0,0,0.4862665123167166
1611432328#4697566414,0,0,0.4944142460275167
4420971756#4196030610,0,0,0.49384945349499015
2061946625#1533725661,0,0,0.4914298617370941
1443062561#1309241819,0,0,0.4862665123167166
3728591592#4145044745,0,0,0.4862665123167166
4264534612#4264634558,0,0,0.49304857346807895
3589653390#3509258338,0,0,0.4837018381406954
2054734151#2075302660,0,0,0.485679250165885
10183965715#156275809937,0,0,0.4862665123167166
4212827921#1541794055,0,0,0.48656210968447494
64393522082#2055377608,0,0,0.4859628259718944
4206008942#1307862087,1,0,0.4908513765326804
3633114696#6633358861,0,0,0.4981138969905386
4831154380#5102675634,0,0,0.4862665123167166
1592252801#2057536594,0,0,0.4919644514654972
4010537132#3707618845,0,0,0.4862665123167166
97875580425#72124210175,0,0,0.49020057237752496
48384062571#5098812067,0,0,0.49367965855169066
1541915947#5037293131,0,0,0.48656210968447494
4292931987#3576237842,0,0,0.48656210968447494
124657516337#4006392099,0,0,0.4862665123167166
249652232743#4196030610,0,0,0.48656210968447494
1416301524#3612961288,0,0,0.4862665123167166
245814065042#1577232714,0,0,0.4889803448185759
4480972193#3930220886,0,0,0.49151938738687967
2054815601#4674140626,0,0,0.49606235163784285
3512605559#200792633059,0,0,0.4862665123167166
2306327656#1372181647,0,0,0.4862665123167166
3735183725#2057660030,0,0,0.4900469863286736
1774643505#20439984991,0,0,0.48135371207651845
3114734058#418215123949,0,0,0.4899479952938408
3797472002#3791609567,1,1,0.5304478491824665
418215123949#4449163726,0,0,0.48656210968447494
3903296442#4786537439,0,0,0.4862665123167166
138649305625#4667335909,0,0,0.48927680296588394
2654931017#1774818684,0,0,0.4862665123167166
2044195515#1500223180,0,0,0.48656210968447494
2050760324#3633082639,1,0,0.491939954469443
2061946625#3927439605,0,0,0.4862665123167166
3540847089#2058531416,0,0,0.4862665123167166
3204907291#4516329204,0,0,0.48436235913061787
1815809122#41965445982,0,0,0.48656210968447494
3041145156#4150903702,0,0,0.4857564391682347
99206573417#1347277680,1,0,0.49364957156490924
138962728028#487072504294,0,0,0.48852751966180624
2054815601#2043683805,0,0,0.4862665123167166
20201333480#1627677359,0,0,0.48656210968447494
3072527640#3475895224,0,0,0.497007634885584
3628839716#20439984991,0,0,0.4862665123167166
3550979323#1319336886,0,0,0.4862665123167166
1759205074#2067590404,0,0,0.4923568388485654
3993041966#20201333480,0,0,0.48656210968447494
4226659634#2037536844,0,0,0.4862665123167166
226965211490#4744904703,0,0,0.4862665123167166
4272953638#4273519745,0,1,0.5177720873453414
2359435242#441422692319,0,0,0.4862665123167166
4144296423#2120460585,0,0,0.4943903108190294
210012116583#6013639039,0,0,0.4899711020287715
2139604103#4027278504,0,0,0.49765453418990396
1479236025#1712613661,0,0,0.4862665123167166
4185479835#2026258516,0,0,0.4897273751789224
4851873209#2050760324,0,0,0.4862665123167166
1693941156#1611432328,0,0,0.49152414954363854
5205408909#4212792387,0,0,0.4862665123167166
2057273513#200792633059,0,0,0.4897025736743265
5185529426#4720990748,0,0,0.4862665123167166
5197250019#2101227068,0,1,0.5318845775300564
4883419414#2057536594,0,0,0.48656210968447494
2075611951#1320992608,0,0,0.487923413271
3870637640#1479606018,0,0,0.48656210968447494
4579061300#2061946625,0,0,0.4942341926205776
152713369272#5034887015,0,0,0.4902383590610808
4944832122#1709836734,0,0,0.4862665123167166
418215123949#4285651704,0,0,0.49742508847734096
3825974020#1416629632,0,0,0.4862665123167166
3077766580#3564326181,0,0,0.4878613903513371
2146119221#3995923367,0,0,0.4862665123167166
1875566008#124076009506,0,0,0.49809053374844486
3559141878#14613451516,0,0,0.4862665123167166
2075302660#2116078007,0,0,0.4862665123167166
4452424559#4158960527,0,0,0.4881324971443019
3479468876#3602711494,1,0,0.491396623187587
392281366488#2229939616,0,0,0.4816628596259215
3708028912#3047893935,0,0,0.4862665123167166
3475895224#3882026745,0,0,0.4862665123167166
203654552716#3287633018,0,0,0.4901605666523953
3882168316#6633440508,0,0,0.4862665123167166
4650344731#4345845643,0,0,0.4862665123167166
1715361146#2009659663,1,1,0.5047458799217484
4479393573#4435497569,1,0,0.4901787400720928
18465839155#1639385502,0,0,0.47239638919800575
248509310374#4807598946,0,0,0.4862665123167166
2139604103#4460813658,0,0,0.4927067610020536
1453527936#2118416856,0,1,0.5032300289963331
2111350136#2111351705,0,1,0.5069115341571707
3797472002#2043683805,0,0,0.48816653737017307
4606763895#4933230830,0,0,0.4862665123167166
4667944802#3845908374,1,0,0.4972589181451331
4623955861#4420971756,0,1,0.5067068203456665
138649305625#103649711605,1,1,0.500284780236225
3409249156#3797472002,0,0,0.4862665123167166
62533690929#66891007246,0,0,0.49030294683939174
4070758202#2114326156,0,0,0.4862665123167166
2058881485#2057273513,0,0,0.4873442717241482
1470085027#1614597826,1,1,0.5173460872733032
2058535644#4272798975,0,0,0.4862665123167166
2065354050#3986761734,0,0,0.4862665123167166
2113288221#4464914770,0,1,0.5007544179097264
3881831374#2055988859,0,0,0.4878682197728712
1833924490#4059739506,0,0,0.4960010105782668
5068270943#1309241821,0,0,0.4862665123167166
4165283827#4196030610,0,0,0.4862665123167166
4451089335#3988152389,0,0,0.49213187966011246
1320992607#1320992608,0,1,0.5215070692532919
2671772709#4111311078,0,1,0.5043228031836021
4165283827#4185963090,0,0,0.4914098604911741
4256926363#450892236156,0,0,0.4862665123167166
2640338192#2598389634,0,0,0.4862665123167166
200792633059#369955904629,0,0,0.4862665123167166
35234959099#3458092809,0,0,0.48656210968447494
3077905761#2297009298,0,0,0.48695833292909557
3474685536#3578109143,0,1,0.5037300695310233
135707428689#3660138423,0,0,0.4917425307451897
4259867589#4808180492,0,0,0.49084003670216797
2063596099#4735364801,1,0,0.48866700334128155
4796107660#2068436073,0,0,0.4879167557707658
1759205074#2111616240,0,0,0.4793459789929
29103099346#6626538016,0,0,0.49084003670216797
1639436942#28375457127,0,0,0.4949863701677035
3935134734#4855494603,0,0,0.484715685440975
2060056771#4070758202,0,0,0.4862665123167166
1685036582#4910574353,0,0,0.4923221540060421
4062424365#2113093450,0,0,0.49181498475463803
2054815601#2063596099,0,0,0.48607063967548036
4612302183#3072564418,0,0,0.4862665123167166
2117967628#2061244620,0,0,0.4862665123167166
3862188518#2296522678,0,0,0.48656210968447494
2054734151#2050760324,0,0,0.485679250165885
3289002540#4150903702,0,1,0.511139199045576
5183118904#4523609337,0,0,0.4946176448227101
187961304511#1347277680,0,0,0.4862665123167166
4197957154#2067534525,0,1,0.5038716028794404
117873856741#52308312082,0,0,0.49761582355850065
2159739481#1564005555,0,0,0.4554315150315658
2063941870#2744122330,0,0,0.48656210968447494
4641732096#4291077418,0,0,0.4862665123167166
2079580923#1848079063,0,0,0.4862665123167166
4506637171#3072564418,0,0,0.4862665123167166
4176537188#140581144985,0,0,0.4862665123167166
4232666143#4232471781,0,0,0.4862665123167166
49857216438#4623972834,0,0,0.4862665123167166
18466375636#2007329562,0,0,0.4862665123167166
14613476507#2057082510,0,0,0.4992254007198358
2059786009#4145496082,0,0,0.4862665123167166
6013639039#6626538016,0,0,0.4862665123167166
450892236156#2009723716,0,0,0.49472788932526873
3792586113#3995882585,1,0,0.49990964779875235
1694379811#1497880313,0,0,0.49988842944088724
2050760324#2075302660,0,0,0.485679250165885
3993041966#4451089335,0,0,0.4901138498479618
8609591019#4668248026,0,0,0.4862665123167166
4851639047#18468022060,0,0,0.49076414657114753
5196417840#2123088534,0,0,0.4862665123167166
2359572372#3903296442,0,1,0.5007544179097264
2114716134#2113288221,0,1,0.5041542288493768
4196027218#1314231362,0,0,0.4862665123167166
2267710728#14613588147,0,1,0.5036965564825653
3400442486#3735183725,0,0,0.4870989175707555
2055377608#3964017834,1,0,0.49534420760178166
3920807098#1303289685,0,0,0.4862665123167166
3429527333#2027684481,0,0,0.4862665123167166
1320992607#4876527314,0,0,0.4880934266651949
8431809214#2117967628,0,0,0.4958057613025818
102514982310#3979884544,0,0,0.49722942866571485
3707618845#4373986045,0,0,0.4862665123167166
2057657991#2057660030,0,0,0.49497993652074607
2615156599#4291077418,0,0,0.4862665123167166
4659671054#4643371260,1,0,0.49902172055469984
1453376890#4232471781,0,0,0.4862665123167166
2355519467#3862188518,0,0,0.48656210968447494
2066977172#4003389165,0,0,0.4862665123167166
4495044650#117729109245,0,0,0.4890238176245106
4643805223#2296574953,0,0,0.4972765660554101
156276601653#156276919685,0,0,0.48922370732014364
2301850248#2098918003,0,1,0.5010506440082392
4693830154#1611432328,0,0,0.49385185205199256
1349608070#2038238076,0,0,0.48656210968447494
191333072438#169883264664,1,0,0.48725935420538113
109165560395#4697566414,0,0,0.48093709900158194
4206008942#2120338226,0,0,0.4862665123167166
4790633062#4808238795,0,1,0.5256313830851128
2060056771#2044195515,0,0,0.49505240164062725
4819735406#2977432095,0,0,0.4862665123167166
4272798975#2009723716,0,0,0.4942358529501975
90189177932#69055007639,0,0,0.4959306272278007
2057082510#1465579387,0,0,0.48656210968447494
335230006871#580549064505,0,0,0.4862665123167166
169388103646#1479236027,0,0,0.4862665123167166
4038622993#4206294979,0,0,0.49142181715077987
4283786658#391306865273,0,0,0.4862665123167166
4274235353#2055492411,0,0,0.48656210968447494
4819851561#4327730515,0,0,0.49151938738687967
1416629632#37014617781,0,0,0.48656210968447494
1774818684#2069945983,0,0,0.49573912209176546
49857216438#3641396498,0,0,0.4910581722869933
1701535671#4254960496,0,0,0.4899384189568937
474022190894#2119387186,0,0,0.4878682197728712
4702376819#4111311078,0,0,0.49119856558568714
66891007246#49857216438,0,0,0.4862665123167166
3081749686#91686025987,0,0,0.4862665123167166
5037293131#64461302079,1,0,0.48916996191009154
3105105450#2140707372,0,1,0.5001806334813387
379478718058#1541794055,0,0,0.4862665123167166
3477269984#5095491561,0,0,0.4931560333223422
412740201285#3033447588,0,0,0.4862665123167166
4206244931#4623324616,0,0,0.49283559584793324
114453608394#2027684481,0,0,0.48656210968447494
5169209205#4910574353,0,0,0.4899216629814772
5079490375#2113093450,0,0,0.491803802896529
448871401046#3041145156,0,0,0.4862665123167166
4199527734#4650641709,0,0,0.4862665123167166
4702376819#4674166292,1,0,0.4899216629814772
4840518949#2028165651,0,0,0.4862665123167166
4650344731#5034887015,0,0,0.4862665123167166
1372178479#49507593260,0,0,0.4862665123167166
4429667301#4883419414,0,0,0.4902436048138149
4188977524#3501281334,0,1,0.5249166620596113
3927040910#2057186168,0,0,0.4930292305446833
3045169703#1712613661,0,0,0.49644394967824057
4464938911#4427940311,0,0,0.4862665123167166
4091678032#245814065042,0,0,0.48785020682957503
1639157122#6633358861,0,0,0.4927193155059893
2190429617#2488218738,1,1,0.5540383147898088
4335101562#43182039587,0,0,0.4862665123167166
114453608394#4427940311,0,0,0.4862665123167166
14586847312#4506831459,0,0,0.4862665123167166
2063941870#4813716345,0,0,0.4862665123167166
14586847312#2056961978,0,0,0.49151938738687967
3988152389#25271558033,0,0,0.4896963250615825
1592253963#1431930648,0,1,0.5244372777931197
2183968048#2183428945,0,0,0.4928005092124827
2146119221#4755216808,0,0,0.4936612496021753
5169209205#1752749947,0,0,0.4915517719746959
18465765293#4720990748,0,1,0.5251653416124014
142083821417#2061674343,0,0,0.4897692456226722
2267710728#14613460476,0,1,0.5137398528668942
3364587358#3913210887,0,0,0.49361664829214974
1701535671#2057352941,0,0,0.4862665123167166
4933360994#4657354294,0,0,0.4875546094618166
4464938911#4819735406,1,1,0.5289133034370687
4941134416#5090005176,0,0,0.49078212758324874
4027278504#2306327656,0,0,0.4900122233528982
4254960496#2057514370,0,0,0.4868272956878691
3041186060#1410173485,0,0,0.49070142091151164
4965682215#4965700329,0,0,0.4964348919028238
2671772709#2048870562,0,0,0.4890238176245106
4285651704#3591652360,0,0,0.4862665123167166
2054734151#3633082639,0,0,0.485679250165885
3628839716#5122767609,0,0,0.4862665123167166
1372606932#4200588492,0,0,0.48656210968447494
1693960182#4786425382,0,0,0.4862665123167166
3077905761#4819735406,0,0,0.4862665123167166
3077309817#3633082639,0,0,0.4862665123167166
4575249992#172020433612,0,1,0.5000991751438266
4867525539#4354163617,0,0,0.4957488437956555
3463623936#2111349786,0,0,0.4862665123167166
4435630212#1590545992,0,0,0.4931697903371765
496613160423#3458092809,0,0,0.4928234255630399
2055608440#1627677359,0,0,0.48656210968447494
2050760324#4176537188,0,0,0.4862665123167166
88520940864#3363374241,0,0,0.48656210968447494
4335101562#4375212253,1,0,0.4988269152375297
2120525705#3309721567,0,0,0.4892172005320992
4808180492#4790633062,0,1,0.5256313830851128
4150903702#4941134416,0,0,0.4862665123167166
433432593358#412740201285,0,0,0.4862665123167166
4529171947#4226781300,0,0,0.49458157907595696
2055608440#2075302660,0,0,0.49695281278730663
3629081901#4667944802,0,1,0.5023821763887981
1384518673#1782375467,0,1,0.508987171958896
3475895224#4659671054,0,0,0.4862665123167166
4603465738#3416051894,0,0,0.4870564732529392
4657354311#2068611560,0,0,0.4862665123167166
29103099346#63975298498,0,0,0.49084003670216797
3610178183#4274088675,0,0,0.4955894388377453
3915411982#1776613381,0,0,0.4862665123167166
31657249259#63975298498,0,0,0.4894007276938241
4636446230#2066977172,0,0,0.4862665123167166
3708976648#4272953638,0,0,0.4862665123167166
1637581644#2054666779,0,0,0.47976066064572237
3711116048#373850276629,0,0,0.49140043543971323
2056927656#2359113449,1,0,0.4974831979396707
3578109143#3551393130,0,0,0.4973414779323499
2277829162#2059400154,0,0,0.4901338205842729
1309241821#4111406344,0,0,0.4862665123167166
3927439605#3487828531,0,0,0.49687312664062877
1389154734#3053549924,0,0,0.4981202245200841
43182039587#4786537439,0,0,0.49151938738687967
3660138423#5068270943,0,0,0.49306800105038096
2306327656#4786537439,0,0,0.4862665123167166
298575330094#2056513884,0,0,0.491720879670458
117154450703#114453608394,0,0,0.4877248231765811
4673640575#4933360994,0,0,0.4862665123167166
2056927656#2118416856,0,1,0.5039355237273492
1694379811#2085225572,0,0,0.4965017373065419
4807598946#2114708220,0,0,0.4862665123167166
3735183725#5122809038,0,0,0.4900469863286736
2038238076#4264534612,0,0,0.4862665123167166
4332430141#4117072069,0,0,0.48676087588518085
302839388028#2058563113,0,0,0.49122845344018873
5122767609#2016866277,0,0,0.4862665123167166
4643371260#4065734118,0,0,0.4862665123167166
2267710728#1479236025,0,0,0.4862665123167166
4435836422#54158093151,0,1,0.5089468229986249
1517548862#5196417840,0,0,0.4862665123167166
4797165759#18465839155,0,0,0.48583439062209466
23593454505#303433622485,0,0,0.4862665123167166
4796107660#1497880313,0,0,0.48881941928980355
2359572372#2113288221,0,1,0.5041542288493768
4070758202#4415227218,0,0,0.48816653737017307
203654552716#4809064482,0,0,0.4862665123167166
1818747488#2012443116,1,0,0.486796164931613
2113270608#172020433612,0,0,0.4862665123167166
5045337406#448871401046,0,0,0.4852602602874866
1485299018#2133358535,0,0,0.4894743528305428
2296574953#2136267751,0,0,0.49705733890282777
2057273513#1759667553,0,0,0.4862665123167166
2065354050#2059840221,0,0,0.4862665123167166
3578109145#2058563113,0,0,0.4870564732529392
5205797148#4004633045,0,0,0.48656210968447494
1389154734#5122809038,0,0,0.48656210968447494
4938744224#4435836422,0,1,0.506763467830399
1633806208#2056662276,0,0,0.4859628259718944
4448830722#1309241821,0,0,0.4862665123167166
2090772224#3271713296,0,0,0.4871228930556275
150594502346#212394033260,0,0,0.4862665123167166
2977432095#3077743360,0,0,0.4862665123167166
4162055411#2218261094,0,0,0.4862665123167166
3641396498#5206675985,0,0,0.48610884749190303
4720990748#1320992610,0,0,0.4903237757716505
2058222393#1648883631,0,0,0.4904269961159555
508313498462#298575330094,1,1,0.5213228734170248
4612302183#2133663760,0,0,0.4894506396889743
63573545398#2180579787,0,0,0.4862665123167166
1479236027#1479236024,0,0,0.4994566065275545
5034887015#2054815601,0,0,0.48656210968447494
3797472002#4713666808,0,0,0.4973754329251857
69054982841#3629081901,0,0,0.4886534045041794
3416051894#216572631693,0,0,0.4862665123167166
3931049291#373850277197,0,0,0.4862665123167166
206301674199#211675776290,1,0,0.4974196405540025
1410173485#2108699584,0,0,0.4862665123167166
2296522678#2071801820,0,0,0.4862665123167166
3798986721#2063837093,0,0,0.48656210968447494
3251483032#3363374241,0,1,0.5183216111729658
2183428945#2183963548,0,1,0.5053456406772934
4283750934#3077309817,0,0,0.4862665123167166
4705563490#433432593358,0,0,0.4862665123167166
245814065042#4283786658,0,0,0.49472788932526873
5205797148#5183692300,0,0,0.49399094297302587
280987330860#4059739506,0,0,0.4862665123167166
4876527314#4206245003,0,0,0.4862665123167166
3114734058#4283348799,0,0,0.48931748059802893
4944579314#2113093450,0,1,0.5005096422559184
1479236023#1479236027,0,0,0.4978548990713999
3477269989#2068436073,0,0,0.4995115492925247
3363374241#4226781300,0,0,0.4949298546552854
2136267751#1711730143,0,0,0.48457328176133935
179195001984#2090772224,0,0,0.48656210968447494
29608029868#28375457127,0,0,0.4922426069330236
3364587358#2063837093,0,0,0.4862665123167166
4226781300#2119467444,0,0,0.4862665123167166
3400442486#3825974020,0,0,0.4862665123167166
3876493191#4540676462,0,0,0.4862665123167166
156276506111#4720990747,0,1,0.5060384970397328
69055007639#69054998391,0,0,0.4997629552309419
4375212253#2108699584,0,0,0.4862665123167166
1389154734#3230703164,0,0,0.4955673175469971
1848719127#4877012874,0,0,0.4862665123167166
2057352941#3930220886,0,0,0.49151938738687967
3474685536#3477269984,0,0,0.4923754317777032
249652232743#156276919685,0,0,0.4862665123167166
4585413933#2183963548,0,0,0.4862665123167166
216572631693#4283750934,0,0,0.4862665123167166
1453376890#2123088534,0,0,0.4862665123167166
1438255025#3995923367,1,1,0.5038881520863902
3279454241#3636206032,0,1,0.5092189392021503
4938744224#4755216808,0,0,0.4862665123167166
4415227218#4003389165,0,0,0.4862665123167166
203654552716#3986575237,0,0,0.48826054159893884
4657395496#580549064505,0,0,0.4924999841372166
391306865273#2043683805,0,0,0.4862665123167166
2016866277#2054666779,0,0,0.4895550503881495
4226781300#152713369272,0,0,0.4891599316308769
3279454241#4452424559,0,0,0.4862665123167166
3287805133#4667944802,0,0,0.4862665123167166
4091776857#2012443116,0,0,0.48816653737017307
4226781300#14613476507,0,0,0.4928593864677411
4272953638#4196027218,0,0,0.4966650461343856
124076009506#4030079241,0,0,0.4862665123167166
1752749947#97378085541,0,0,0.4862665123167166
38406123057#91686025987,0,0,0.4954437103157396
3475895224#3995923367,0,0,0.4862665123167166
11636622561#4065795437,0,0,0.4889540742926283
4449163726#4653988894,0,0,0.4862665123167166
4840518949#5205408909,0,0,0.4862665123167166
2057536594#2055608440,0,0,0.4790396636629516
3400442486#2050581826,0,0,0.4862665123167166
5098812067#3633529401,0,0,0.4862665123167166
3927031679#2057273513,0,0,0.49208946586178925
4065734118#6013639039,0,0,0.48656210968447494
3477028783#3041186060,0,0,0.4862665123167166
466235290974#1577232714,0,0,0.498345315244844
4965682215#1307862087,0,0,0.4841860682966053
2114326156#2088439298,0,0,0.49120660368167357
8431809214#4657354294,0,0,0.4946180033770265
5122767609#4749417182,0,0,0.4890160175608363
18468022060#4786425382,0,0,0.49351842001460766
2012443116#2169788953,0,0,0.48816653737017307
3061887297#3474155608,1,1,0.5036796448598152
4291077418#5045337406,0,0,0.4862665123167166
3641396498#1479236024,0,0,0.4862665123167166
4231111906#3212722992,0,0,0.4862665123167166
6013639039#4944579314,0,0,0.4930919597357237
4219594127#2113270608,0,1,0.5036034356102408
5169209205#4702376819,0,0,0.4899216629814772
114453608394#90189177932,0,0,0.4862665123167166
4460920026#4236870644,1,0,0.49211517580645053
2671772709#206301674199,0,0,0.4870564732529392
3072527640#4460920026,0,0,0.4862665123167166
2058494409#1805614122,0,0,0.48656210968447494
1644134375#6633358861,0,0,0.4905238646035157
4176537188#2058531416,0,0,0.49740941790714355
2068611560#18468022060,0,0,0.4908739507741929
3747287828#2058407169,0,0,0.4862665123167166
5196417840#1500223180,0,0,0.4862665123167166
5196417840#2615156599,0,0,0.4862665123167166
68727484174#69054998391,0,1,0.5007222871980774
2056662276#4895194761,0,0,0.4862665123167166
3487828519#4150903702,0,0,0.49119856558568714
4606763895#52308312082,0,0,0.4963217855451101
4283750934#106190147487,0,0,0.4862665123167166
2070627808#4944579314,0,0,0.4914081273571121
124657516337#245814065042,0,0,0.48788801493903905
4667335909#3747287828,0,0,0.4862665123167166
3487828519#3501281334,0,1,0.5006261607459569
4111406344#3056865396,0,0,0.4976171103028812
2117967628#2062075977,0,0,0.4955488605632169
4283750934#3309721567,0,0,0.49037869339524187
69055007639#69055886795,0,0,0.4973760630434791
4200588492#1321360812,0,0,0.49110322070849804
4150903702#3501281334,0,1,0.520828747044116
4132115994#18468022060,0,0,0.48613101554090254
1633806208#64461302079,0,0,0.48718807155253196
2056078364#1637581644,0,0,0.47233959588425656
3477028783#4475595676,0,0,0.4862665123167166
4116715778#3287136302,0,1,0.5001713324863456
2056927656#3052180518,0,1,0.5039355237273492
1955030813#3429527333,0,0,0.4862665123167166
103649711605#3846933347,0,0,0.4862665123167166
66891007246#2118967459,0,0,0.4862665123167166
4301048457#1711995496,0,0,0.4862665123167166
3061887297#4206008942,0,0,0.48904272012214783
1541915947#1785334661,0,0,0.48656210968447494
2067590404#4475595676,0,0,0.4862665123167166
2180579787#2359572372,0,0,0.4862665123167166
29103099346#4643805223,0,0,0.48656210968447494
97875580425#54160155723,0,0,0.492446048748155
3903296442#3903296434,0,1,0.5088604294295441
3660138423#2488218738,0,0,0.4862665123167166
3287136303#3287136302,0,0,0.4879744703457519
3290768654#2063596827,0,0,0.4862665123167166
3929215225#4744904703,0,0,0.4862665123167166
4259867589#2007329562,0,0,0.4862665123167166
102514982310#150594502346,0,0,0.4862665123167166
97875580425#4965685047,0,0,0.4862665123167166
3081749686#4819851561,0,0,0.49107893493024046
4429667301#1594664396,0,0,0.4814541127617657
4535937748#4145044745,0,0,0.4814842765814021
4348498011#302839388028,0,0,0.4862665123167166
156275023490#4693830154,0,0,0.4862665123167166
1752749947#4910574353,1,0,0.4938595349739902
6013639039#3564326181,0,0,0.4862665123167166
4705563490#4662125901,1,0,0.49698301820904994
4145044745#4144296423,0,0,0.48851067634518186
3991972122#4819851561,0,0,0.4941924294026688
3474685536#3477269989,0,0,0.4923754317777032
4693830154#1815809122,0,0,0.4862665123167166
63975298498#4498422001,0,0,0.4862665123167166
3442901956#1932250238,0,1,0.5043132231257661
5078702464#4199527734,0,0,0.4956316966724446
2640338192#4807598946,0,0,0.4883945472779559
1644134375#5196417840,0,0,0.4862665123167166
4877012874#3707618845,0,0,0.4862665123167166
10553947604#49857216438,0,0,0.4862665123167166
2027684481#1711995496,0,0,0.49412311095657224
14586847312#5122809038,0,0,0.4862665123167166
1929601246#3072525687,0,0,0.4862665123167166
1320992610#1320992607,0,1,0.511200951092854
2169788953#3930220886,0,0,0.4862665123167166
3915411982#4274088675,0,0,0.49740941790714355
4572325313#4819735406,0,0,0.4862665123167166
3043166693#2058222393,1,0,0.4893985165064963
3479468876#4717447489,0,0,0.4862665123167166
4460827792#1719728040,0,0,0.48656210968447494
4855494603#10553947604,0,0,0.49655480367374705
63975298498#3062884266,0,0,0.4862665123167166
96073549554#202083551880,0,0,0.4862665123167166
138962728028#3501281334,0,1,0.5060239310623408
2654931017#1416629632,0,0,0.4862665123167166
8431809214#4070366893,0,0,0.4958057613025818
2115848787#2120338226,0,0,0.49353242476394976
1312745457#4145771589,0,0,0.4862665123167166
4585413933#2114279054,0,0,0.4862665123167166
418215123949#2063837093,0,0,0.48656210968447494
1552178606#4082003885,0,0,0.49050901000284164
4435630212#1693960182,0,0,0.4844440667828437
4915878989#1512838165,1,0,0.4946057867022759
3967431642#2063941871,0,1,0.5039732962110525
5169209205#3934516600,0,0,0.4868272956878691
2120338226#5185554343,0,0,0.4862665123167166
1453527936#4027278504,0,0,0.49096678689832424
4435802207#199104051031,1,0,0.49946350529722267
1965402836#4585413933,0,0,0.4862665123167166
4579061300#4874906617,0,0,0.4894007276938241
4744904703#2044195515,0,0,0.48763986909190654
433432593358#2075302660,0,0,0.49390015093412293
4893087221#1372178479,0,0,0.4862665123167166
3993041966#4130010417,0,1,0.5056384683124461
4623434856#3931049291,0,0,0.4862665123167166
3633082639#4283750934,0,0,0.4862665123167166
1694379811#1902954948,0,0,0.49390015093412293
4705563490#5183692300,0,0,0.4873442717241482
3204907291#3935134734,0,0,0.4814274564025534
2121155353#3041145156,0,0,0.4889649023983409
1648883631#329798453133,0,0,0.4862665123167166
2057657991#1848079063,1,0,0.4965732530775257
187961304511#4744904703,0,0,0.4862665123167166
124657516337#4589820532,0,1,0.5079808281724149
3920807098#4898730811,0,0,0.48506576223602743
5210339793#1833924490,0,1,0.5062432447994911
2055377608#5956875678,0,0,0.481389301586443
97875580425#97378085541,0,0,0.49557538260255657
3287805133#3602711494,0,0,0.4862665123167166
4933360994#2063941641,0,0,0.4936612496021753
3033453452#5078702464,0,0,0.4862665123167166
1639183384#4070427569,0,0,0.4862665123167166
1859050383#1932250238,0,0,0.4862665123167166
63975298498#6626538016,1,0,0.4981287945292285
1479236025#2057186115,0,0,0.4875546094618166
3997209484#2070030589,0,0,0.4862665123167166
1627677359#1929467433,0,0,0.4862665123167166
2615156599#2123088534,0,0,0.4862143891342386
5185529458#2063930195,0,0,0.4905245409773012
2012448159#4746833482,0,0,0.49563451364607736
97378085541#156276919685,1,1,0.5210318437525149
4271919356#4206008942,0,0,0.4862665123167166
1712004928#2092174215,0,0,0.4881324971443019
4283750934#190662008501,0,0,0.4862665123167166
1453527936#1457252565,0,0,0.4862665123167166
2120338226#4185479835,0,0,0.4908898024520959
4455655369#4130010417,0,0,0.4901138498479618
4219594127#443982000626,0,0,0.4862665123167166
4763332016#3487828531,0,0,0.4862665123167166
2056662276#4877012874,0,0,0.4862665123167166
4274088675#1712613661,0,0,0.4862665123167166
4975664600#90189178714,0,0,0.49084003670216797
2977766885#150594495671,0,0,0.4862665123167166
3416051894#4145044745,0,0,0.4894225872251695
3945392968#2069380321,0,0,0.4862665123167166
2359435242#75959618233,0,0,0.4862665123167166
138649305625#489466582552,0,0,0.4909686990242145
4464938911#211675776290,0,0,0.49502348669302715
3041186060#2069078384,0,0,0.4920830068035349
2059397275#4272953638,0,0,0.48656210968447494
1848079063#5034887015,0,0,0.4862665123167166
4301048457#69054982841,0,0,0.4862665123167166
5956875678#64393522082,0,0,0.49525955098280383
448871401046#285571185833,0,0,0.4852602602874866
35234959099#1479236027,0,0,0.4862665123167166
1774643505#1877399023,0,0,0.4862665123167166
3946584694#1995007743,0,0,0.4862665123167166
3416051894#187961304511,0,0,0.4862665123167166
2113270608#4219594137,0,1,0.5108854127338733
2050429391#4206244931,0,0,0.4930669295781367
3870637640#4460813658,0,0,0.4862665123167166
2190429617#5124643800,0,0,0.488224648205124
2057706385#2726123301,0,0,0.4875546094618166
2056961978#3287633018,0,0,0.4862665123167166
4506637171#2007329552,0,0,0.48656210968447494
13389301105#103649711605,0,0,0.4862665123167166
2176735919#3077743360,0,0,0.4871576316004832
2056078364#2304664037,0,0,0.4998446681882951
5098812067#200569781240,0,0,0.4862665123167166
3883325282#124076009506,0,0,0.4882635336322116
156275023490#102180093107,0,0,0.4862665123167166
4889965062#3633114696,0,0,0.4913925623940383
69054998391#2108699584,0,0,0.49084003670216797
2136267751#2297005450,0,0,0.48676087588518085
4650641709#2306327656,0,0,0.4862665123167166
4206008942#4001709701,0,0,0.4862665123167166
1593907976#4301029959,0,0,0.4862665123167166
4301029959#5124643800,0,0,0.4862665123167166
141703162569#216572631693,0,0,0.4900087517846367
216572631693#99206573417,0,0,0.4900087517846367
4158960527#5210339793,0,0,0.48656210968447494
2057186102#2057186168,0,1,0.5002901373969317
4529171947#3251483032,0,1,0.5046598115524338
4574521416#1818747488,0,0,0.48139371193876124
4255048934#2043683805,0,0,0.4933049416234504
3993041966#190662008501,0,0,0.48656210968447494
2007329562#4283750934,0,0,0.4862665123167166
4206244931#4185963090,0,0,0.49340620543288355
3033453452#1438255025,0,0,0.48465318939367835
2048870562#4476878387,0,0,0.49151938738687967
2028165651#5122767609,0,0,0.4862665123167166
2012448159#4746833490,0,0,0.4937344885926209
1541794055#5078702464,0,0,0.4910581722869933
4157779501#3612961288,0,0,0.4901825980798382
3072564418#5183118904,0,0,0.4862665123167166
4702376819#4910574353,0,0,0.4899216629814772
1316741419#1773082332,0,0,0.4964850351922853
335230005323#4417535000,0,0,0.489554970052752
1694379811#1470085027,0,0,0.4862665123167166
199104051031#2190429617,0,0,0.4862665123167166
4782028642#3993041966,0,0,0.49377878587521734
1592252801#2054734151,0,1,0.5117849075691135
96073549554#2306327656,0,0,0.4942358529501975
1785334661#2058494409,0,0,0.4917254591048525
3072564418#1694365644,0,0,0.4862665123167166
4327730515#2048870562,0,0,0.49427669269467367
117154450703#190486841338,0,0,0.4874292258088227
3766757690#4667944802,0,0,0.4889783630719581
1875566008#9043448493,0,0,0.49278289485653076
2028648293#3041186060,0,0,0.4862665123167166
4091678032#3435281641,0,1,0.5023268122079566
145760114769#70569712258,1,1,0.5220259944794114
1391856996#4027278504,0,0,0.4900122233528982
4429667301#29103099346,0,0,0.4981568127907514
4572510718#4460813658,0,0,0.4862665123167166
4883419414#4643805223,0,0,0.48656210968447494
4623324616#4217397015,0,0,0.49283559584793324
2090772224#4301048457,0,0,0.48866700334128155
4933360994#14613455236,0,0,0.4862665123167166
3279454241#1552178606,0,1,0.5091496990114485
4006392099#203654552716,0,0,0.4862665123167166
54158063899#14613455658,0,0,0.497748446140878
200569781240#3602711494,0,0,0.4862665123167166
4790633062#1410173485,0,0,0.49151938738687967
4623434856#3915411982,0,0,0.4862665123167166
2183963548#2180579787,0,0,0.4928005092124827
68727484174#3712801411,0,0,0.48783679490613496
179195001984#2044195515,0,0,0.48656210968447494
1848079063#4001709701,0,0,0.49513104212048276
4808983543#4808240616,0,1,0.5105481513954585
200569781240#226965211490,0,0,0.4862665123167166
4612302183#3747287828,0,0,0.4862665123167166
3934516600#4895194761,0,0,0.4895750379048323
441422692319#450892236156,1,1,0.5101892825014693
4851639047#2007329562,0,0,0.49584456726802806
3072564418#3081749686,0,0,0.4862665123167166
1465579387#4777455284,0,0,0.48656210968447494
54158063899#4933360994,0,0,0.4862665123167166
3463623936#1902954948,0,0,0.4862665123167166
14613455236#4070366893,0,0,0.4862665123167166
1479606018#1479236024,0,0,0.49289300554543997
3926967278#3927040910,0,1,0.5095194576062975
5185529458#4206008942,0,0,0.4862665123167166
2061244620#4316370583,0,0,0.4862665123167166
4622989684#4959793179,1,1,0.506802100005049
3487828531#5131642969,0,0,0.4862665123167166
4641732096#37014617781,0,0,0.4862665123167166
20439984991#2075393157,0,0,0.4862665123167166
2063888292#3845908374,0,0,0.4935819318262222
4662125901#4819735406,0,0,0.49182207412321316
102904734113#4726069349,0,0,0.48793169139293147
4684230132#4449163726,1,0,0.4967047671742255
4327730515#4285651704,0,0,0.4862665123167166
37014617781#29757516394,1,0,0.4897936690618229
190486841338#114453608394,0,0,0.4874292258088227
2060056771#3517506225,0,0,0.4862665123167166
2977432095#4030079241,0,0,0.4862665123167166
2058881485#4117072069,1,1,0.5239300546975284
2060056771#2301850248,0,0,0.4916176915566642
2180579787#3287136303,0,0,0.4895750379048323
4498422001#4283750934,0,0,0.4862665123167166
3054434630#4335101562,0,0,0.4862665123167166
4965700329#2075899540,0,0,0.493794085752117
2640338192#2120460585,0,0,0.48845799808791246
4226659634#4231111906,0,0,0.4862665123167166
4840518949#4316370583,0,0,0.4862665123167166
4185479835#4469025400,0,0,0.4862665123167166
3735183725#3995923367,0,0,0.48788801493903905
4855494603#3913210887,0,0,0.48656210968447494
4277815885#3927040910,0,0,0.4862665123167166
4042116073#3636206032,0,1,0.5075800388734915
2296574953#69054982841,0,0,0.4862665123167166
4219594127#2058129925,0,0,0.4862665123167166
4535937748#4933360994,0,0,0.4954437103157396
4469025400#1818747488,0,0,0.4862665123167166
1815633130#1416629632,0,0,0.4862665123167166
4212827921#1848079063,0,0,0.4915714348505979
96073549554#4145496082,0,0,0.4942358529501975
1416301524#1593907976,0,0,0.4931856288481699
1485299018#3876493191,0,0,0.48967629203467794
1649349373#1952051609,0,0,0.49070518302426125
9043448493#1372606932,0,0,0.4880494436380111
2070627808#2296522678,0,0,0.4862665123167166
1497880313#2133358535,0,0,0.47976066064572237
2297005450#1639436942,0,0,0.48676087588518085
4354201228#2061946625,1,0,0.4942341926205776
5169209205#5210339793,0,0,0.48816381714062956
4574521416#4713666808,1,1,0.5086327962680296
2654931017#3929215225,0,0,0.4917624094060546
14613455658#2067534525,0,0,0.4862665123167166
2229939616#3477269989,0,0,0.48656210968447494
3043166693#2123088534,0,0,0.4862143891342386
2061946625#5022076775,0,0,0.4900737088213387
335140370164#369955897964,1,1,0.5132630160006538
4746833490#4746833482,0,0,0.48858019359270044
4574521416#4427940311,0,0,0.4862665123167166
4641732096#1594664396,0,0,0.4862665123167166
1773082332#3489875333,0,1,0.5017379102624484
3052180518#2359113449,0,0,0.498929004964684
102514982310#2061309885,0,0,0.48904272012214783
4188977524#3927439605,0,1,0.5288604973414114
4455655369#1577232714,0,0,0.4900122233528982
4150903702#1416693660,0,0,0.48867119600510156
4218561827#3429527333,0,0,0.4892351019293455
4667944802#4668248026,0,1,0.5069326435411409
14613588147#4876527314,0,0,0.4862665123167166
2057202369#2037536844,0,1,0.506752560642382
4111406344#1500223180,0,0,0.48962535774464433
1932250238#69055886795,0,0,0.4862665123167166
3946584694#3292344806,0,0,0.48479350962068685
2057202352#2056513884,0,0,0.4986774740089639
4480972193#2113270608,0,0,0.48829585024480177
3033453452#2306327656,0,0,0.4862665123167166
1410206420#69055886795,0,0,0.4862665123167166
2114326156#2175677532,0,0,0.4928587638310716
2176735919#3050152494,0,0,0.49216871430132997
2175677532#3041145156,0,0,0.4853714285192195
103649711605#3292344806,0,0,0.4862665123167166
3882026745#29608029868,0,0,0.4862665123167166
4176537188#4274088675,0,0,0.49740941790714355
4622989684#3551736332,0,0,0.4907036263932888
4144296423#5183118904,0,0,0.4946176448227101
3240377870#75267388021,0,0,0.4862665123167166
2056662276#5956875678,0,0,0.481389301586443
206301674199#99206573417,0,0,0.4878278623751387
2038238076#4697566414,0,0,0.49915282857421006
2057536594#1541915947,0,0,0.4917148858109759
2113288221#2111349786,0,1,0.5041542288493768
4657395496#1577232714,0,1,0.5148237906022888
1774818684#3295629869,0,0,0.4862665123167166
1410173485#2640338192,0,0,0.4833662075605639
226460833239#4200743404,0,0,0.48656210968447494
2111616240#10183965715,1,0,0.4855892809625216
190662008501#3559141878,0,0,0.4862665123167166
200569781240#4831154380,0,0,0.4862665123167166
14613460476#2057273513,0,0,0.491590331474794
4256926363#4256622048,0,0,0.4914526299423027
4206008942#75959618233,0,0,0.4862665123167166
3882168316#4004633045,0,1,0.5191387697361399
1384518673#1773082332,0,0,0.4964850351922853
1932250238#2088439298,0,0,0.49306263371792364
4070758202#3589653390,0,0,0.48816653737017307
4819735406#303433622485,0,0,0.4862665123167166
2057146445#2037536844,0,1,0.5178121728196826
37132781634#18468022060,0,0,0.4862665123167166
3626237468#3845908374,0,0,0.4844390608657352
1848079063#4807598946,0,0,0.4862665123167166
3290768654#2075302660,0,0,0.4862665123167166
2133358535#2057573219,0,0,0.49067143430238785
96073549554#117729109245,0,0,0.4942358529501975
4684230132#4232666143,0,0,0.4862665123167166
91686025987#5034887015,0,0,0.49046546559723575
4157779501#2070534468,0,0,0.48656210968447494
2190429617#4165283827,0,0,0.4862665123167166
5078702464#2062181997,0,0,0.4875546094618166
3786142129#3042374102,0,0,0.4862665123167166
1573188123#4641732096,0,0,0.4942358529501975
2063930195#2065121798,0,0,0.4862665123167166
1715361146#1312624571,0,0,0.4862665123167166
4938744224#6626538016,0,0,0.4862665123167166
3931049291#5210339793,0,0,0.48656210968447494
4354163617#1365425184,0,0,0.4911027222932666
3047893935#2057082510,0,0,0.4862665123167166
2055771737#1479236025,0,0,0.4862665123167166
3550979323#4205391929,0,0,0.48852751966180624
3915411982#4697566414,0,0,0.4862665123167166
1639385502#2055298458,0,0,0.48785020682957503
4575249992#1718702641,0,1,0.50036096183245
2058531416#4111311078,0,0,0.49740941790714355
4959266141#4965685047,0,1,0.5014360547914601
4196027218#1577232714,1,0,0.49699368382800096
3324213074#3887327251,0,0,0.49084003670216797
1674286778#3072525687,1,0,0.4899711020287715
2057536594#4200588492,0,0,0.48656210968447494
28375457127#29299331674,0,0,0.4836112559476251
4001709701#4145496082,0,0,0.49151938738687967
1978617477#3077766580,0,0,0.48656210968447494
3487828531#4065795437,0,0,0.4862665123167166
87008148161#1347277680,0,0,0.48656210968447494
1782375467#4645346456,0,0,0.4862665123167166
2075393157#1372178479,0,0,0.4936612496021753
4635899864#4959266141,0,0,0.4862665123167166
14613588147#14613460476,0,1,0.5094481365538888
200792633059#3474155608,0,0,0.4897025736743265
3477028783#2114326156,0,0,0.4914123902638744
1320992610#1711703532,0,0,0.498510622004046
3708028912#3930220886,0,0,0.4862665123167166
3487828531#4150903702,0,0,0.49119856558568714
3926967278#3240377870,0,0,0.4862665123167166
4715649755#81732347381,0,0,0.4910581722869933
3043166693#1995007743,0,0,0.4862665123167166
2069945983#4457149562,0,0,0.4862665123167166
3204907291#4966778011,0,0,0.4993386977885085
49857216438#4206294979,0,0,0.4862665123167166
4645346456#3945392968,0,0,0.4862665123167166
5205797148#150594495671,0,0,0.48656210968447494
4650641709#3945392968,0,0,0.4862665123167166
4264534612#4632894940,0,0,0.4862665123167166
2075302660#3633082639,0,0,0.485679250165885
3251483032#81732347381,0,0,0.4876986443742117
1573188123#97875580425,0,0,0.4862665123167166
4667335909#4271919356,0,0,0.4862665123167166
3551393130#2224193149,0,0,0.4900229725466808
4457149562#2009723716,0,0,0.4862665123167166
2007329552#2063941871,0,0,0.4862665123167166
75267388021#1577232714,0,0,0.4875449006934787
1517548862#4817865335,0,0,0.4878682197728712
200569781240#379478718058,0,0,0.48788801493903905
37014617781#1920884120,0,0,0.4862665123167166
293198128708#4062424365,0,0,0.48656210968447494
4965700329#3903296434,0,0,0.4862665123167166
54160155723#3041186060,0,0,0.4931210948430343
10183965715#1694365644,0,0,0.4862665123167166
335140370164#4081158129,0,0,0.4862665123167166
169388103646#5185529458,0,0,0.48852751966180624
200792633059#156275023490,0,0,0.4862665123167166
4203062441#1365425184,0,0,0.4862665123167166
2057657991#3602711494,0,0,0.49090386514103074
4744904703#2114279054,0,0,0.48656210968447494
212394033260#3033447588,0,0,0.4892351019293455
2028165651#5185529458,0,0,0.4862665123167166
3287136296#2026258516,0,0,0.4895750379048323
3046447657#4219594127,0,1,0.5050284062017413
2055988859#2119387186,1,1,0.5010853009883128
4188977524#4150903702,0,1,0.5300002618227684
4612302183#4285651704,0,0,0.49133644103734153
1500223180#3056865396,0,0,0.4911480861877265
4874906617#1774818684,0,0,0.4862665123167166
4256725997#4232471781,1,0,0.4862665123167166
4226659635#2009659663,0,0,0.4862665123167166
2050760324#2057273513,0,0,0.4862665123167166
3458092809#1627677359,0,0,0.49364459266437327
3862188518#3477028783,0,0,0.49373640388629314
4041026262#3629081901,0,0,0.4862665123167166
350874367544#448871401046,0,0,0.4852602602874866
1902954948#4212827921,0,0,0.49409515979440216
2062990764#1309241819,0,0,0.4862665123167166
3287136295#3287136296,0,0,0.4879744703457519
117154450703#191333072438,0,0,0.48656210968447494
2057485751#1564005555,0,0,0.48656210968447494
3409249156#4274235353,0,0,0.4862665123167166
5185529458#4529171947,0,0,0.4968218177605673
1438441441#4091678032,1,1,0.506046126342279
5095491561#5047311627,1,0,0.495993090895
3578109143#489466582552,0,0,0.4878613903513371
2007329562#3053549924,0,0,0.49151938738687967
2056961978#3712801411,0,0,0.49084003670216797
4657354294#4657354311,0,1,0.5164556752146671
4277815885#90189177932,0,0,0.49135710284234935
4643805223#2048870562,0,0,0.4862665123167166
1314231362#5034412454,0,0,0.4862665123167166
145760114769#13389301105,0,0,0.4862665123167166
245814065042#1711703532,0,0,0.4913127360688391
2058531416#4274088675,0,0,0.49740941790714355
3929215225#1416629632,0,0,0.4862665123167166
25271558033#156275023490,0,0,0.4862665123167166
2598389634#3230703164,0,0,0.4913898915402753
2277829162#3717616592,0,0,0.4862665123167166
2038238076#4460813658,0,0,0.4862665123167166
4373986045#4285651704,0,0,0.4914110648680039
3870637640#3986761734,0,0,0.48976824482632764
5183692300#10553947604,1,0,0.4958175721076262
4552735561#4301048457,0,0,0.48866700334128155
2119467444#2054817755,1,0,0.4890238176245106
2114279054#3077309817,1,0,0.49874936019830884
3997209484#448871401046,0,0,0.4862665123167166
3831306913#2055377608,0,0,0.4883633169964593
3230703164#4460920026,0,0,0.49211517580645053
1316741419#1782375467,0,1,0.5057677525795201
1639183384#2075611951,1,0,0.49563607968784335
373850277197#4797165759,0,0,0.4862665123167166
3212722992#4435630212,1,0,0.4937372861024965
3636206032#4222933048,0,1,0.5075800388734915
4808240616#4790633062,0,1,0.5305643385566312
3290768654#1952051609,0,0,0.4922460401264582
4375212253#4082182753,0,0,0.4862665123167166
2028648293#3641396498,0,0,0.4862665123167166
200792633059#3105105450,0,0,0.4897025736743265
4895194761#4855494603,1,1,0.500938990966773
3876493191#3279454241,0,0,0.4862888598582738
1479236024#1320992607,1,0,0.49289300554543997
350874367544#1955030813,0,0,0.4862665123167166
3735183725#4589820532,0,0,0.49282794495845983
2057146445#2061244620,0,0,0.4987359732076742
4807598946#4867751970,0,0,0.48965903941586675
2726123301#4111406344,0,0,0.4862665123167166
487072504294#2059840221,0,0,0.4862665123167166
418215123949#4460827792,0,0,0.48656210968447494
1316741419#335230006871,0,0,0.48749175789735416
3876493191#4354201228,0,0,0.4862665123167166
2977766885#4292931987,0,0,0.49417310437604967
4065734118#1955030813,0,0,0.4875932811392198
1479236024#302839388028,0,0,0.4862665123167166
2050429391#4185963090,0,0,0.49340620543288355
2098918003#4283750934,0,0,0.4862665123167166
3287136295#2224193149,0,0,0.4906142674591527
412740201285#335230006871,1,1,0.5177681115902305
2058494409#1759205074,0,0,0.4862665123167166
4435666805#412740201285,0,0,0.4875546094618166
443982000626#448871401046,1,0,0.4852602602874866
1431887069#2061309885,0,1,0.518521895167962
1759667553#1785937268,0,1,0.5079211435080712
1777473801#4579061300,0,0,0.4862665123167166
4232666143#28375457127,0,0,0.4862665123167166
72124210175#3081749686,0,0,0.4882635336322116
4874906617#4316370583,0,0,0.4862665123167166
3289002540#200569781240,0,0,0.48788801493903905
1693960182#1590545992,0,0,0.4904286228215063
3979884544#2120525705,0,0,0.4862665123167166
4808240616#4720990752,0,1,0.5211525545873771
4933230830#4082182753,0,0,0.4862665123167166
4641732096#19200751877,0,0,0.4862665123167166
4062424365#4623978044,0,0,0.4892172005320992
3798986721#4108691753,1,0,0.48883225599190344
5196417840#4612302183,0,0,0.4894506396889743
2063837093#2123088534,1,0,0.4913602670813964
4933360994#4256725997,0,0,0.4862665123167166
2061673563#2055988859,0,0,0.48656210968447494
3033447588#4188977524,0,0,0.4862665123167166
2063837093#4285651704,0,0,0.4891650773496212
3271713296#1485299018,0,0,0.4996724143768196
2009723716#2057082379,0,1,0.5061451643443422
2654931017#4479393573,0,0,0.4862665123167166
3509258338#4255048934,1,1,0.5133548945263147
2058494409#2114279054,0,0,0.49620708229623955
4185963090#2267710728,0,0,0.49258063256410006
2068436073#2074433649,0,0,0.4938393511520689
3072527640#191333072438,0,0,0.4862665123167166
2057082510#1709836734,0,0,0.4862665123167166
2977432095#2061946625,0,0,0.4862665123167166
1319336886#3414290684,0,0,0.4862665123167166
1650171815#103649711605,0,0,0.4862665123167166
3477269984#4797165759,0,0,0.49333818577131594
14613460476#2063888292,0,0,0.4909181537700076
3712213597#4232666143,0,0,0.4862665123167166
4643805223#6013639039,0,1,0.500981155767465
1365425184#1500223180,1,0,0.4911127893780705
2062075977#3204907291,0,0,0.4862665123167166
2057082379#14613455658,0,0,0.4862665123167166
2146061466#2101227068,0,0,0.4882150789774235
4057297840#3438857896,0,0,0.48656210968447494
1593907976#138962728028,0,0,0.48852751966180624
1693941156#1711768137,0,0,0.4885746385186508
3883325282#2111320607,0,0,0.49151938738687967
4746833490#4622989684,0,0,0.4862665123167166
1573188123#2115848787,0,0,0.4862665123167166
4623434856#3633114696,0,0,0.4862665123167166
2297009298#2048870562,0,0,0.49151938738687967
3477028783#140581144985,0,0,0.4862665123167166
2055771737#2059786009,1,0,0.4862665123167166
1777473801#2069945983,0,0,0.49664137773086314
156276601653#114453608394,0,0,0.4862665123167166
2671772709#4274088675,1,0,0.49740941790714355
350874367544#4575043423,1,0,0.4852602602874866
3825974020#496613160423,1,0,0.4995599061777672
3287136296#35234959099,0,0,0.49088678193265545
3435281641#2277829162,0,0,0.49261654726903864
2112308267#1372606932,0,0,0.4895516307773116
117154450703#109165560395,0,0,0.4862665123167166
3578109143#3451234547,1,1,0.5103683814381089
1512838165#1955012315,0,0,0.49133508347377364
5090005176#2026312944,0,0,0.4862665123167166
4283348799#2069078384,0,0,0.4862665123167166
3883325282#3400442486,0,0,0.4935164087023747
4206008942#2127640300,0,0,0.487770204702762
3082042195#3475895224,0,1,0.5032731282803138
2098918003#2038238076,0,0,0.48656210968447494
1457252565#48384062571,0,0,0.4862665123167166
2160958435#3364587358,0,0,0.4862665123167166
3487828531#3289002540,0,0,0.4862665123167166
2133663760#4373986045,0,0,0.4892172005320992
4145496082#3292344806,0,0,0.4881324971443019
2057273513#3887327251,0,0,0.49084003670216797
4662125901#4200588492,0,0,0.49182207412321316
4070427569#4589820532,1,1,0.5236831497590831
2007329562#2069078384,0,0,0.49151938738687967
1416301524#5185529458,0,0,0.4905245409773012
5185554343#4206008942,0,0,0.4862665123167166
4612302183#4516329204,0,0,0.49659157712055646
4965682215#3202641160,0,1,0.5076187290234013
4264534612#1485299018,0,0,0.4862665123167166
2133358535#2119493181,0,0,0.48895428069896013
81732347381#135707428689,0,0,0.4910581722869933
3564326181#2057202352,0,0,0.4862665123167166
3798986721#2050883606,0,0,0.48656210968447494
1995007743#2075302660,0,0,0.485679250165885
1639436942#1431887069,0,0,0.4870564732529392
2074433649#3438857896,0,0,0.48360994519080774
4782028642#2057202352,0,0,0.4862665123167166
3053549924#1920884120,0,0,0.4862665123167166
3707618845#4572325313,0,0,0.4862665123167166
4606763895#1305945791,0,0,0.4943206077456809
2055988859#4464938911,0,0,0.4960921702663515
5131642969#3487828519,0,0,0.4862665123167166
2977432095#3077766580,0,0,0.4862665123167166
38406123057#29608029868,0,1,0.5063563248760196
1593907976#4965682215,0,0,0.4862665123167166
2108699584#4003389165,0,0,0.4862665123167166
1485301223#3862188518,0,0,0.4878613903513371
2043683805#3997209484,0,0,0.48947364825491385
1316741419#1384518673,1,1,0.5006212802568606
5034412454#1848719127,0,0,0.4915855868845127
3882026745#3364587358,0,0,0.4862665123167166
3054434630#1416629632,0,0,0.4945683701474925
3779069464#4158960527,1,1,0.5080521458810963
2873066846#3435281641,0,1,0.5012296523257976
99206573417#3043166693,0,0,0.4862665123167166
3606108939#3077307902,0,0,0.48656210968447494
4623434856#2128656141,0,0,0.4862665123167166
2061674343#4226659634,0,0,0.4862665123167166
226965211490#4643938191,0,0,0.4862665123167166
3633114696#3251483032,0,0,0.49458304003412573
4449163726#5185529458,0,0,0.4862665123167166
3628839716#4506637171,0,0,0.48995121037575345
5185529458#3363374241,0,1,0.5025301510489585
249652232743#303433622485,1,0,0.49961039019833486
2133358535#2304664037,1,0,0.4998446681882951
2304664037#2016866277,0,0,0.4895550503881495
3995882585#549708986379,0,0,0.4862665123167166
2075393157#1877399023,0,0,0.48785966102065764
6626538016#1639219119,0,0,0.4862665123167166
2111351705#2114716134,0,1,0.5041542288493768
3463623936#1497880313,1,0,0.4922547908234809
3946584694#3903296442,0,0,0.48815062350790794
3850067472#3633760178,0,0,0.4890238176245106
3850067472#2057485751,0,0,0.4862665123167166
4746787192#4717435092,0,0,0.4862665123167166
49507593260#75267388021,0,0,0.4862665123167166
3474155608#10553947604,0,0,0.4862665123167166
2059840221#4283348799,0,0,0.4862665123167166
2118041596#1929467433,0,0,0.4862665123167166
26795163325#3509258338,0,0,0.4862665123167166
3287136302#3287136296,0,0,0.4879744703457519
1932250238#3077309817,0,0,0.4924232972858252
4572325313#4145496082,0,0,0.49536081782757946
487072504294#2063930195,0,0,0.48852751966180624
4966778011#4965700329,1,0,0.4940160008568514
2056078364#2176735919,0,0,0.48895428069896013
2058494409#4632894940,0,0,0.4862665123167166
2123088534#2058222393,0,0,0.4862143891342386
2416679645#4217397015,0,0,0.48656210968447494
3364587358#3435281641,0,0,0.4884733001176923
54160155723#2057573219,0,0,0.4885119886873467
8431808974#4271919356,0,0,0.4862665123167166
4606763895#4040861140,0,0,0.49136040117233404
3451234547#3512605559,0,0,0.4881324971443019
4593095274#3267338675,0,0,0.4862665123167166
3559141878#2175677532,0,0,0.4862665123167166
2671772709#335140370164,0,0,0.488722564798713
88520940864#90189178714,0,0,0.4959306272278007
4452424559#4495044650,0,0,0.4862665123167166
3993041966#3846933347,0,0,0.48739451493851393
3870637640#2229939616,0,0,0.4884592128770274
3728594582#392281366488,0,0,0.4862665123167166
5206675985#4415227218,0,0,0.4862665123167166
4523609337#3967431642,1,0,0.49387210071095206
441422692319#1805614122,0,0,0.4862665123167166
1978617477#2116078007,1,0,0.4869267334029206
580549064505#1312745457,0,0,0.4883387436965968
3435281641#3304467506,0,1,0.500120024406981
204767102724#203654552716,1,1,0.5017920965074198
6626538016#4612302183,0,0,0.4862665123167166
1848719127#2026312944,0,0,0.49608407590549886
13389301105#41965445982,0,0,0.4948265785991779
4777455284#248509310374,0,0,0.4852602602874866
52308312082#1694379811,0,0,0.48134041988047604
216572631693#226965211490,1,0,0.4900087517846367
3559141878#9043448493,0,0,0.49136040117233404
2615156599#3986761734,0,0,0.4878682197728712
1759205074#3033453452,0,0,0.4895532809219313
4427940311#1818747488,0,0,0.4862665123167166
466235290974#580549064505,0,0,0.49843094887903044
4327730515#2113093450,0,0,0.49151938738687967
1410173485#3072525687,0,0,0.4864312684614191
4040861140#2098918003,0,0,0.48866700334128155
4091678032#3578109145,0,0,0.48656210968447494
3564326181#4590123310,0,0,0.4878613903513371
190662008501#138649305625,0,0,0.4862665123167166
3475895224#1438255025,0,0,0.4862665123167166
4735364801#1815633130,0,0,0.4862665123167166
212394033260#3324213074,0,0,0.4862665123167166
216572631693#3081749686,0,0,0.4862665123167166
4081158129#4373986045,0,0,0.4931301480044879
4259867589#4790633062,0,0,0.49084003670216797
14613588147#3429527333,0,0,0.4862665123167166
1627677359#2057273513,1,0,0.4862665123167166
1637581644#2119467444,0,0,0.48846273143536434
3591652360#1372178479,0,0,0.4936612496021753
3477269984#3512605559,0,0,0.4881324971443019
3582409643#1818747488,0,0,0.48656210968447494
1955032383#1955030813,0,0,0.48944086872044723
2183968048#2183963548,0,0,0.4928005092124827
2139604103#3712801411,0,0,0.49088678193265545
1639385502#2117967628,1,0,0.4955488605632169
3324213074#1711768137,0,0,0.4862665123167166
156275809937#3934516600,0,0,0.4862665123167166
4116715778#91686025987,0,0,0.4862665123167166
2119493181#2176735919,0,0,0.48895428069896013
4717435092#293198128708,1,1,0.5049699117325419
4876527314#4498422001,1,0,0.487770204702762
1649349373#4877012874,1,0,0.4910581722869933
3712801411#69055007639,0,0,0.4954603063181067
3052180518#2061673563,0,0,0.49929335598539454
4579061300#31657249259,0,0,0.4916754162774933
508313498462#373850277197,0,0,0.49140043543971323
1479236025#1479236028,0,1,0.5014410385578043
18466522141#179195001984,0,0,0.4862665123167166
6633358861#2050883606,0,0,0.49030782072065654
4384418878#3077309817,0,0,0.48656210968447494
3626237468#4495044650,0,0,0.4890238176245106
4755216808#200569781240,0,0,0.4862665123167166
2133663760#2128656141,0,0,0.4862665123167166
169883264664#4867525539,0,0,0.48656210968447494
200569781240#2057660030,0,0,0.48656210968447494
102514982310#167570408533,0,1,0.5005075594171083
1634250118#1410173485,1,0,0.49151938738687967
2063941641#1541794055,0,0,0.4899711020287715
2175677532#3077309817,0,0,0.4862665123167166
3578109143#3477269989,0,0,0.4961716327569685
3862188518#1875566008,0,0,0.4862665123167166
1639157122#3986575237,0,0,0.4909923870440942
152713369272#3629081901,0,0,0.4862665123167166
4065795437#4150903702,0,0,0.4988570915354973
4081158129#1500223180,0,0,0.48656210968447494
4283786658#106190147487,0,0,0.4862665123167166
4944579314#2068611560,0,0,0.4914081273571121
4749417182#156275809937,0,0,0.48656210968447494
4790633062#4030079241,0,0,0.4862665123167166
1711768137#4819851561,0,0,0.4900733604333275
3708976648#1479236025,0,0,0.4862665123167166
37132781634#35234959099,0,0,0.4862665123167166
3409249156#3053961277,1,1,0.5161369157052444
1372606932#4150903702,0,0,0.48656210968447494
4623324616#1902954948,0,0,0.48656210968447494
18465765293#4450968363,0,0,0.4862665123167166
1782375467#1773082332,0,1,0.5017379102624484
3926916973#2277829162,0,1,0.5368163910680349
10183965715#3033453452,0,0,0.4927847706632337
1541915947#4643371260,0,0,0.4862665123167166
3831306913#29757516394,0,0,0.4862665123167166
1465579387#3075632210,1,1,0.524731296756846
4730947102#5132524109,0,0,0.49119856558568714
165376540325#1711730143,0,0,0.4899711020287715
3204907291#65277266246,0,0,0.49744567402308476
3043391308#3576237842,0,0,0.48656210968447494
181358260931#8609591019,0,1,0.5218865267395053
4657354311#335230006871,0,0,0.48920800389138214
2114326156#4010537132,0,0,0.49119856558568714
2416679645#1384518673,0,0,0.4862665123167166
3400442486#3304467506,0,0,0.49376998945465894
1384518673#41965445982,0,0,0.4862665123167166
4657354311#4256926363,0,0,0.4862665123167166
2139604103#2059397275,0,0,0.49230008279117493
2061673563#2359113449,0,1,0.5001693215276714
4641732096#2296522678,0,0,0.4862665123167166
2057514370#1955032383,0,0,0.48656210968447494
4217397015#2113270608,0,0,0.49170545785893244
2071801820#3850067472,0,0,0.49151938738687967
2118416856#2068436073,0,0,0.4937010679304574
1372606932#3033453452,0,0,0.4862665123167166
2055771737#109165560395,0,0,0.4862665123167166
1593907976#4274235353,0,0,0.48852751966180624
13389301105#4590123310,0,0,0.4862665123167166
5045337406#5079490375,0,0,0.4852602602874866
172020433612#3979884544,0,1,0.5038037648558814
2306327656#117729109245,0,0,0.4942358529501975
2088439298#1410173485,0,0,0.4879167557707658
4332430141#4535937748,0,0,0.49394619165971093
5124643800#200569781240,1,0,0.49881164378152726
48384062571#4650641709,0,0,0.4862665123167166
4575043423#3050152494,0,0,0.4862665123167166
3578109145#4705563490,0,0,0.4862665123167166
4874906617#5022076775,0,0,0.4894007276938241
1805614122#4300806520,0,0,0.4862665123167166
2111350136#4464914770,1,1,0.5087097754807648
1774818684#4464914770,0,0,0.4862665123167166
2062990764#2120525705,1,1,0.5071181197663948
2488218738#4301048457,0,0,0.48866700334128155
2073951091#3438857896,0,0,0.48656210968447494
2671772709#4176537188,0,1,0.5001667232149375
4057297840#2098918003,0,1,0.5010506440082392
580549064505#508313498462,0,0,0.4918458607868375
216572631693#4744904703,0,0,0.4862665123167166
4197957154#1646144729,0,0,0.4966550229303363
4876527314#10553947604,0,0,0.49343067992016354
3287136296#18466375636,0,0,0.4890238176245106
1593907976#4283348799,0,0,0.49033734646292215
2073951091#1517548862,0,0,0.49279169525145705
3846933347#3862188518,1,1,0.5296043030369537
14586847312#48384062571,0,0,0.4912922031655152
63975298498#6013639039,0,0,0.4862665123167166
87008148161#90189178714,0,0,0.49135710284234935
165376540325#150594502346,0,0,0.4862665123167166
4200743404#3287136302,0,0,0.4862665123167166
3364587358#4684230132,0,0,0.4862665123167166
4042116073#4185358309,0,0,0.4905748967094993
1777473801#1416301524,0,0,0.493143865835145
2297009298#6013639039,0,1,0.5196159387219086
4622989684#4796107660,0,0,0.4922554806474135
2074433649#18468022060,0,0,0.4858470612689132
4763332016#4874906617,0,0,0.4894007276938241
2068611560#2056478070,1,1,0.517295451072143
2075393157#3061887297,0,0,0.491590331474794
1590545992#4657395496,0,1,0.5128752239415819
3077307902#4817865335,0,0,0.4862665123167166
2146061466#2054817755,0,0,0.4889490018719378
4232471781#4226659634,0,0,0.4862665123167166
1365425184#5183692300,0,0,0.48656210968447494
2726123301#2055608440,0,0,0.4903038480637665
3564326181#117729109245,0,0,0.4942358529501975
2057186168#6633358861,0,0,0.4862665123167166
4196027218#3212722992,0,0,0.48862771759225576
1773082332#1760226057,0,0,0.4964850351922853
124076009506#5083069896,1,1,0.5088956965389834
2069078384#3072527640,0,0,0.4829651073913228
4933360994#1639436942,0,0,0.48676087588518085
2075393157#5185554343,0,0,0.4956193854905827
4219594137#3046447657,0,1,0.5120963802082416
10605371390#1347277680,0,0,0.4862665123167166
2116078007#69055886795,0,0,0.4862665123167166
26795163325#4717447489,0,0,0.48656210968447494
43182039587#4158960527,0,0,0.4862665123167166
1877399023#3660138423,1,0,0.4910443513979821
1639385502#1639330963,0,0,0.47239638919800575
4354201228#4797165759,0,0,0.4950477365522714
5124643800#4867525539,0,0,0.4862665123167166
4236870644#3072527640,0,0,0.4862665123167166
41965445982#75959618233,0,0,0.48656210968447494
2133663760#1485299018,0,0,0.4862665123167166
3487828519#3287805133,0,0,0.49344768129724026
4938744224#37014617781,0,0,0.4862665123167166
124657516337#3702571839,0,1,0.5118969653219076
69055886795#3474685536,0,0,0.49145904394942524
2057082510#2057082379,0,1,0.511280417225334
96073549554#5956875678,1,0,0.4942358529501975
3114734058#4726069349,0,0,0.4862665123167166
2090772224#2060056771,0,0,0.49397464223319565
4684230132#4420971756,0,0,0.4862665123167166
1815809122#172020433612,0,0,0.4862665123167166
4813716345#4874906617,0,0,0.4894007276938241
2111351705#2359572372,1,1,0.5113760984101706
90189177932#90189178714,0,0,0.4959306272278007
3712801411#210012116583,0,1,0.5029995963309207
3487828531#2136267751,0,0,0.4862665123167166
3033453452#3930220886,0,0,0.4862665123167166
1833924490#4457149562,0,0,0.4862665123167166
4476878387#2055608440,0,0,0.4862665123167166
6013639039#5131642969,0,0,0.48826054159893884
3986761734#203654552716,0,0,0.49359537607034026
5206675985#2007329552,0,0,0.4862665123167166
210012116583#3256705889,0,0,0.4899711020287715
3559141878#391306865273,0,0,0.4862665123167166
3915411982#1415580742,0,1,0.507463523079217
1316070485#1833924490,0,1,0.5019507590662817
2055492411#4301029959,1,0,0.4936250654182782
2114716134#2111350136,0,1,0.5041542288493768
3451234547#2111320607,0,0,0.48816361550926907
2598389634#1416629632,0,0,0.4862665123167166
5197250019#4895194761,0,0,0.4941589578999654
2057082379#2267710728,0,0,0.488262857258426
1759205074#2070030589,0,0,0.4897178593152075
63573545398#5185529458,0,0,0.48852751966180624
31657249259#3442901956,0,0,0.4862665123167166
3881831374#3791609567,0,0,0.4862665123167166
3033453452#1611432328,0,0,0.4842435428151824
1384518673#64393522082,0,0,0.4862665123167166
1416693660#2058531416,0,0,0.4862665123167166
4650344731#4851873209,0,0,0.4862665123167166
2061309885#2654931017,0,0,0.4862665123167166
4435802207#5068270943,0,0,0.4862665123167166
1431887069#3641396498,0,0,0.4862665123167166
4965682215#3204907291,0,1,0.5085944407718237
1882949681#1395111624,0,0,0.4862665123167166
4082182753#200569781240,0,0,0.4862665123167166
26795163325#1314231362,1,1,0.5106909239406514
2139604103#1438255025,0,0,0.49355233909209373
3578109143#4705563490,0,0,0.4862665123167166
1932250238#2108699584,0,0,0.4878613903513371
5031422175#14586847312,0,0,0.48846493031861693
373850277197#1307862087,0,0,0.4862665123167166
4108691753#124076009506,0,0,0.48656210968447494
2359572372#2183968048,0,0,0.4862665123167166
4219594127#4435666805,0,1,0.5457285475417519
2160958435#2128656141,1,0,0.4862665123167166
3791609567#4535937748,0,0,0.48940704377268973
2059786009#1929601246,0,0,0.4862665123167166
4877012874#102180093107,0,0,0.48795034469532816
1694379811#4015401444,0,0,0.4862665123167166
3633082639#3979884544,0,0,0.4862665123167166
3712801411#69054982841,0,0,0.49084003670216797
3882168316#2088439298,0,0,0.4862665123167166
3934516600#4132115994,0,0,0.4920801707580322
3267338675#4375212253,0,0,0.4862665123167166
3290843988#3230703164,0,0,0.491215564597238
2058222393#5196417840,0,0,0.4894506396889743
3931049291#2118967459,0,0,0.49899311242000194
3075632210#2744122330,0,0,0.48656210968447494
3986575237#2065354050,0,0,0.4862665123167166
3477028783#2058494409,0,0,0.48656210968447494
4540676462#2115848787,0,0,0.4862665123167166
206301674199#3881831374,0,0,0.4862665123167166
2218261094#3477269984,0,0,0.4862665123167166
3913210887#3435281641,0,0,0.49482333507001436
3564326181#117873856741,0,1,0.5013551027312321
433432593358#1715361146,0,0,0.4862665123167166
2016866277#2119493181,0,0,0.4895550503881495
2057120532#2057186168,0,1,0.5054251198276924
2050429391#1372181647,0,0,0.4914098604911741
2054724323#4667335909,0,0,0.4862665123167166
4790633062#4506831459,0,0,0.4897025736743265
69055886795#69054982841,0,0,0.4973760630434791
3612961288#4975664600,0,0,0.4928491376623381
4808238795#202083551880,0,0,0.4898627356637508
4782028642#4455655369,0,0,0.4943247939952628
2146119221#145760114769,0,0,0.4862665123167166
4807598946#4715649755,0,1,0.5007122245976389
2977432095#1774643505,0,0,0.4857575578628175
4435836422#1465579387,0,0,0.48656210968447494
3633529401#4226781300,0,0,0.4862665123167166
1646144729#1410206420,1,1,0.5271775549559213
3202641160#4301029959,0,0,0.48853117656266076
3927439605#4523609337,0,0,0.4862665123167166
4065795437#2059786009,0,0,0.4862665123167166
2065121798#2056478070,0,1,0.5076435561195827
1389018108#4867751970,0,0,0.4979746013485691
1305945791#2306327656,0,1,0.5022709144519394
2055608440#2054734151,0,1,0.5014965300047965
5210339793#3779069464,0,0,0.49181498475463803
4889965062#3251483032,0,1,0.5130145257751728
2058531416#2314431580,0,0,0.4879167557707658
4435802207#3735183725,0,0,0.4925008942050349
4070427569#4657320935,0,0,0.4862665123167166
1594664396#4883419414,0,0,0.4862665123167166
2057273513#2055298458,0,0,0.4897025736743265
4256926363#4232666143,1,0,0.4862665123167166
2054817755#191333072438,0,0,0.4914324367568861
2114279054#4451089335,0,0,0.4956408058843951
3230703164#3591652360,0,1,0.5014227322361804
2112308267#1958431796,0,0,0.4862665123167166
3077743360#2061673563,0,0,0.4862665123167166
1590545992#1577232714,0,1,0.5092769287866628
156275023490#156276919685,0,0,0.49634071646576144
3747287828#3786142129,0,0,0.4862665123167166
2615156599#1365425184,0,0,0.4818743964824261
4065795437#3487828519,0,0,0.4862665123167166
3114734058#291245346593,0,0,0.48656210968447494
4272953638#4373986045,0,0,0.4986483513951513
2057120532#2057186102,0,1,0.5002901373969317
3564326181#3474685536,0,0,0.49583345273197177
4572325313#3404236704,0,1,0.5018440951220646
4573019780#4643371260,0,0,0.49239175483989833
1929467433#4451089335,0,0,0.4862665123167166
3041145156#3041186060,0,0,0.4862665123167166
3702571839#3204907291,0,0,0.4875546094618166
3489875333#3077766580,0,0,0.4862665123167166
3798986721#4157779501,0,0,0.48656210968447494
2114716134#3641396498,0,0,0.4862665123167166
65277266246#4959266141,0,1,0.5022924355303711
3845908374#4730947102,0,0,0.4897196020569274
4256926363#4933360994,0,0,0.4862665123167166
3474685536#1485301223,0,0,0.4917422340184466
4910574353#1611432328,0,0,0.49064532024683305
3062884266#4593095274,0,0,0.49470864204326126
4590123310#3072527640,0,0,0.49756400203844725
1627677359#4959793179,0,0,0.4862665123167166
1952051609#1848719127,0,0,0.48708087761125585
4516329204#2615156599,0,0,0.48850979209644535
2059400154#4232666143,0,0,0.4862665123167166
4831154380#4132115994,0,0,0.4862665123167166
2057514370#2146061466,0,0,0.48656210968447494
4291077418#4188977524,0,0,0.4914439956755165
2159739481#2744122330,0,0,0.48656210968447494
4217397015#3046447657,1,0,0.4958659416581714
2115662086#379478718058,0,0,0.4862665123167166
3052180518#2068436073,0,0,0.4937010679304574
3887327251#1694379811,0,0,0.4922547908234809
285571185833#2075899540,0,0,0.48656210968447494
2057706385#1995007743,0,0,0.49658036290634017
2111320607#4572325313,0,0,0.48822331997633917
335230006871#4274235353,0,0,0.4922307597823767
169883264664#3033453452,0,0,0.4862665123167166
203654552716#3053961277,0,0,0.48933830100637044
2065121798#1305945791,0,0,0.4905748967094993
1639219119#2297009298,0,0,0.4966610024272752
1552178606#3991972122,0,1,0.5079626673899906
4889965062#3363374241,0,1,0.5103522705394848
4746833482#4746787193,0,0,0.487348404559902
3429527333#4082182753,0,0,0.4862665123167166
2296522678#5185529458,0,0,0.4862665123167166
4965685047#4780994423,0,0,0.4862665123167166
14586847312#29299331674,0,0,0.4909868181707563
3573596891#4959266141,0,0,0.49087049407725764
1637581644#1497880313,0,0,0.43357410840248717
5095491561#4070427569,0,0,0.4927658453108541
1882949681#4572325313,0,0,0.4871228930556275
3629081901#2116078007,0,0,0.4953907607623636
3053549924#4091678032,0,0,0.4950189322261386
3913210887#4449163726,0,0,0.48656210968447494
2873066846#3053549924,0,1,0.5034464775103026
4813716345#4867751970,0,0,0.4862665123167166
1415580742#4222933048,0,0,0.4862665123167166
2062181997#5090005101,0,0,0.49145904394942524
1639385502#18465851371,0,0,0.47338630944905874
3882168316#474022190894,0,0,0.4862665123167166
2873066846#3400442486,0,1,0.5091029309290392
1316070485#1500223180,0,0,0.48785020682957503
63573545398#2063930195,0,0,0.48852751966180624
156275023490#138962728028,1,1,0.5554624863234465
3606108939#4699490403,0,0,0.49829387199884345
2007329552#2092174215,0,0,0.4885914476125601
4653988894#4965700329,0,0,0.4862665123167166
1740857110#4717435092,0,0,0.4937145224602718
4354201228#4042116073,0,0,0.4814298617370941
3487828519#1479236025,0,0,0.4862665123167166
4144296423#4523609337,0,1,0.5001258910185409
4786537439#5206675985,0,0,0.49151938738687967
3287136303#3287136295,0,0,0.4879744703457519
2183428945#4933360994,0,0,0.4862665123167166
4590123310#2355519467,0,0,0.4862665123167166
5045337406#443982000626,0,0,0.4852602602874866
2115662086#3052180518,0,0,0.4946748916320973
3930220886#3240377870,0,0,0.4862665123167166
4657354311#3876493191,0,0,0.4862665123167166
156275023490#4057297840,0,0,0.4952652713427304
4132115994#4348498011,0,1,0.5002827963543981
4653988894#3072564418,0,0,0.4857575578628175
1872011272#4623972834,0,0,0.4862665123167166
4111311078#4420971756,0,0,0.49989254355930235
3077905761#9043448493,0,0,0.4862665123167166
1307862087#4746787192,0,0,0.4862665123167166
4808240616#4808180492,0,1,0.5388122960780515
3290843988#4460920026,0,0,0.49211517580645053
1594664396#3964017834,0,0,0.4862665123167166
4451089335#3056865396,0,0,0.4862665123167166
1438255025#3517506225,0,0,0.49151938738687967
4157779501#102180093107,0,0,0.4891150166575619
5956875678#5037293131,0,0,0.481389301586443
2010425525#3072527640,0,0,0.4862665123167166
2010425525#2359435242,0,0,0.4862665123167166
13389301105#3576237842,0,0,0.4862665123167166
1774818684#1777473801,1,1,0.5053061076312412
4200588492#4705563490,0,0,0.49182207412321316
2016866277#2133358535,0,0,0.4895550503881495
102904734113#4475595676,1,1,0.5319368257043764
2056513884#2057202369,0,0,0.4986774740089639
356576030969#1815633130,0,0,0.4862665123167166
2068611560#6013639039,0,1,0.5053684067024549
204767102724#4158960527,0,0,0.4862665123167166
3240377870#4316370583,0,0,0.4862665123167166
2119467444#135707428689,0,0,0.4822235800297011
1639330963#2062075977,0,0,0.4955488605632169
580549064505#2296522678,0,0,0.4893909169183375
4332430141#2063941641,0,0,0.49382063190042996
3042374102#1674286778,0,0,0.49513445144914897
1320992608#1320992610,0,1,0.5085992844261873
4848820948#3477028783,0,0,0.48656210968447494
2296522678#2296574953,0,0,0.48826054159893884
4015401444#5169209205,1,1,0.5029365608978741
4200743404#3578109145,0,0,0.49040777953773435
3442901956#1634250118,0,0,0.49696086270179585
3573596891#5045337406,0,0,0.4862665123167166
2057202369#4435666805,0,0,0.49088678193265545
117729109245#2048870562,0,0,0.4890238176245106
114453608394#3728591592,0,0,0.4862665123167166
2133358535#2054666779,0,0,0.48895428069896013
392281366488#3964017834,0,0,0.48866700334128155
1611432328#5122809038,0,0,0.48656210968447494
1929601246#2116078007,0,0,0.4880934266651949
29757516394#1416629632,0,0,0.4862665123167166
3934516600#3204907291,0,0,0.4862665123167166
2121155353#37014617781,0,0,0.4875546094618166
496613160423#3370936702,0,0,0.4877289564078749
4480972193#392281366488,0,0,0.4906963412693667
1785334661#2060056771,0,0,0.4862665123167166
3711116048#5045337406,0,0,0.4862665123167166
3712213597#4111406344,0,1,0.5074189168564207
18465839155#2117967628,0,0,0.4955488605632169
4635899864#23593454505,0,0,0.4862665123167166
14613455658#14613460476,0,0,0.4917418267053684
3702571839#3564326181,1,1,0.5335391916963733
2007329562#4715649755,0,0,0.4862665123167166
4435497569#2160958435,0,0,0.4862665123167166
2054815601#3400442486,0,0,0.4862665123167166
4797165759#3477269989,0,0,0.49333818577131594
3077307902#2127640300,0,0,0.49964094672040527
3474685536#3551393130,0,0,0.4949199068116311
373850277197#3052180518,0,0,0.4862665123167166
4417535000#2054817755,0,0,0.48656210968447494
1639183384#4218561827,0,0,0.49136040117233404
4965682215#4959266141,0,1,0.5130005534838519
4162055411#150594495671,0,0,0.4879167557707658
4165151066#2016866277,0,0,0.4895550503881495
64393522082#373850276629,0,0,0.4862665123167166
4283786658#5078702464,0,0,0.4862665123167166
3240377870#2057273513,0,0,0.4862665123167166
4292931987#3991972122,0,1,0.5066348359589464
5122767609#4959266141,0,1,0.5082458557338461
4200588492#2070534468,0,0,0.48656210968447494
2048870562#1639330963,0,0,0.4890238176245106
1403922320#2654931017,0,0,0.4862665123167166
1372537976#3445826974,0,1,0.5014751968386953
2058563113#4653988894,0,0,0.4862665123167166
1848719127#3477269989,0,0,0.4919660580132251
135707428689#2640338192,0,0,0.4862665123167166
335230006871#6633440508,0,0,0.4870989175707555
392281366488#4283786658,1,0,0.4862665123167166
4623324616#3311945752,0,0,0.4862665123167166
156276919685#2057514370,0,0,0.4862665123167166
13389301105#1694379811,0,0,0.4862665123167166
4813716345#4354201228,1,0,0.49356121149306303
3578109145#4070427569,0,1,0.5105201342046113
4218561827#1955030813,0,0,0.4862665123167166
4659671054#4491307779,0,0,0.4873851868268428
350874367544#443982000626,0,0,0.4852602602874866
4717447489#5205797148,0,0,0.4876922476734758
3930220886#4132115994,0,0,0.4954647332489807
1774643505#2061946625,0,0,0.4900737088213387
2128656141#3717616592,0,0,0.4862665123167166
1693941156#1740857110,1,0,0.49714017691871876
2119467444#2176735919,0,0,0.4876109857941653
1593907976#2059786009,0,0,0.4862665123167166
1978617477#4506637171,0,0,0.491774248354454
216572631693#206301674199,0,0,0.48453854744820163
1389018108#4623434856,0,0,0.4862665123167166
1639385502#4435802207,0,0,0.4862665123167166
169883264664#4429667301,0,0,0.48656210968447494
1443062561#4876527314,0,0,0.4862665123167166
3926967278#2057273513,0,0,0.49208946586178925
1639219119#2296574953,0,0,0.4914081273571121
4316370583#4070758202,0,0,0.4862665123167166
1372537976#4780994423,0,0,0.48656210968447494
4763332016#31657249259,0,0,0.4916754162774933
2744122330#2359113449,0,0,0.49151938738687967
2111350136#2111349786,0,1,0.5069115341571707
489466582552#474022190894,1,1,0.5115823599725762
4285651704#3633082639,0,0,0.4862665123167166
28375457127#200792633059,0,0,0.4862665123167166
1875566008#3850067472,0,0,0.49151938738687967
1978617477#4667335909,0,0,0.4881324971443019
9043448493#4264634558,0,0,0.4862665123167166
3400442486#4460920026,0,0,0.48815460953941814
3370936702#4585413933,0,0,0.4862665123167166
3636206032#1438441441,0,0,0.4862665123167166
4188977524#3487828531,0,0,0.49687312664062877
3077307902#2175677532,0,0,0.4903071196924301
187961304511#4889965062,0,0,0.4862665123167166
4435630212#4196027218,0,0,0.4984515225866719
4001709701#3435281641,0,0,0.49151938738687967
62533690929#2119387186,0,0,0.4910581722869933
2037536844#3589653390,0,0,0.4814842765814021
245814065042#4197957154,0,0,0.48656210968447494
5031422175#4867525539,0,0,0.4862665123167166
4506831459#4455655369,0,0,0.491551188918282
172020433612#1320992608,0,0,0.4862665123167166
1319336886#1719728040,1,1,0.5144255652842408
2057202352#2058222393,0,0,0.4862665123167166
52308312082#75267388021,0,1,0.5185832240672582
3082042195#5034412454,0,1,0.521505814656814
4650344731#4460827792,0,0,0.49223032286950763
3271713296#25271558033,0,0,0.48656210968447494
4271919356#4933230830,1,0,0.4918058461432954
4624517252#335230005323,0,0,0.48676087588518085
181358260931#3487828519,0,0,0.49084003670216797
3660138423#2063596099,0,0,0.4862665123167166
3712213597#3474155608,0,0,0.4957267446249958
1470085027#200569781240,0,0,0.48656210968447494
4450968363#2063941871,0,0,0.4929651073913228
3915411982#3986575237,0,0,0.488224648205124
3311945752#4469025400,1,0,0.4862665123167166
4746787192#54158093151,0,0,0.4862665123167166
4203062441#2133663760,0,0,0.4894506396889743
3591652360#2873066846,1,0,0.495926168348812
2067534525#2063888292,0,0,0.49292415711457865
2057202352#2061309885,0,0,0.49765181624885363
3475895224#70569712258,0,0,0.4862665123167166
2120338226#2640338192,0,0,0.48723826556442323
4283750934#3043391308,0,0,0.4862665123167166
2070627808#2113093450,0,0,0.4966610024272752
3578109145#3551393130,1,1,0.5042220978620273
1639330963#2297005450,0,0,0.4875546094618166
2058531416#1415580742,0,0,0.49740941790714355
2059400154#3041186060,0,0,0.4862665123167166
1497880313#4746787193,0,0,0.4862665123167166
4289060913#4650641709,0,0,0.4862665123167166
369955904629#4786425382,0,0,0.48785020682957503
4966778011#4965682215,0,0,0.4934267150008917
3633529401#20201333480,0,0,0.4862665123167166
2057186115#2067534525,0,0,0.4862665123167166
3053961277#4717435092,0,0,0.49082542156681763
3628839716#3451234547,0,0,0.4971585896459338
1805614122#3477028783,0,1,0.5241747580175965
4283750934#4429667301,0,0,0.4862665123167166
3304467506#5197250019,0,0,0.4862665123167166
4480972193#3850067472,0,0,0.49151938738687967
1719728040#2977432095,0,0,0.4862665123167166
4717447489#4746833482,1,1,0.5016408358278407
6013639039#2118041596,0,0,0.48656210968447494
4889965062#2114708220,0,0,0.48656210968447494
2050429391#2113270608,0,0,0.4979797298183348
1848719127#124076009506,0,0,0.4862665123167166
2057352941#3517506225,1,0,0.49605822404568395
37132781634#3204907291,0,0,0.494702995063777
2111226139#2118967459,0,1,0.5130852745504783
4212827921#373850276629,0,0,0.4862665123167166
2063596827#1693960182,0,0,0.4862665123167166
4145771589#3797472002,0,0,0.4862665123167166
3602711494#4460813658,0,0,0.4862665123167166
2146119221#3054434630,0,0,0.4963499605291246
2063941641#2048870562,0,0,0.4862665123167166
3540847089#329798453133,0,0,0.4862665123167166
3487828531#2069945983,0,0,0.4862665123167166
2009723716#3363374241,0,1,0.5072332756045074
3075632210#1639219119,0,0,0.4862665123167166
18465755385#2306327656,0,0,0.4862665123167166
4070427569#3702571839,0,1,0.5107501439048004
4720990748#4720990752,0,1,0.519217645663934
156276506111#4808240616,0,1,0.5079864715402775
1410206420#3786142129,0,0,0.4862665123167166
4643938191#69054998391,0,0,0.4862665123167166
1320992608#3633114696,0,0,0.4862665123167166
2054734151#2359113449,0,0,0.48922370732014364
48384062571#4796107660,0,0,0.4862665123167166
4540676462#4157779501,0,0,0.4862665123167166
2297009298#2296522678,0,0,0.48826054159893884
1312624571#3636206032,1,1,0.5082834412216873
4643371260#4506831459,0,0,0.487601173689595
4717447489#2169788953,0,0,0.4908551341306199
1403922320#5132524109,0,0,0.4862665123167166
4717435092#1693941156,0,0,0.4921707278027624
4232666143#2139604103,0,0,0.4862665123167166
8431809214#18465839155,1,1,0.5005710658883603
96073549554#190662008501,0,0,0.4862665123167166
2059400154#3463623936,0,0,0.4862665123167166
2355519467#4786425382,1,1,0.5140485691290059
4966778011#2075393157,0,0,0.4862665123167166
1552178606#5205408909,0,0,0.4882635336322116
54158063899#2057120532,0,0,0.4862665123167166
5205797148#117729109245,0,0,0.4890238176245106
1650171815#2121155353,0,0,0.4862665123167166
2977432095#4674140626,0,0,0.4862665123167166
4059739506#3287136302,0,0,0.4907481355081037
2074433649#4475595676,0,0,0.4838374882050723
1760226057#4523609337,0,0,0.4862665123167166
2085225572#1497880313,0,0,0.4922547908234809
4435802207#2058881485,0,0,0.49519270654683856
35234959099#3512605559,0,0,0.4862665123167166
2359572372#138649305625,0,0,0.4862665123167166
2067590404#10183965715,0,0,0.4923568388485654
4145771589#5090005101,0,0,0.49145904394942524
1523991651#2063930195,0,0,0.4862665123167166
4373986045#4301029959,0,0,0.4862665123167166
4283750934#2229939616,1,0,0.4862665123167166
4657354311#3289002540,0,0,0.49407078211647026
5047311627#3477269984,0,1,0.5044216405517804
3477269989#142083821417,0,0,0.49345307323164755
4732077225#4746833490,0,0,0.49062057885799276
5047311627#1497880313,0,0,0.48656210968447494
2615156599#1500223180,0,0,0.48182227329994803
3945392968#4010537132,0,0,0.4879942417419701
4108691753#1848719127,0,0,0.4862665123167166
4316370583#496613160423,0,0,0.48656210968447494
4019678912#3042374102,0,0,0.4862665123167166
1627738213#3986575237,0,0,0.4862665123167166
4219594137#4185963090,1,1,0.5200657208417225
4206294979#1312745457,0,0,0.489755364409225
2057146445#2057202352,0,0,0.49413954070836186
4667335909#4667944802,0,0,0.4881324971443019
156275809937#4641732096,0,0,0.4862665123167166
3882168316#4162055411,0,0,0.4862665123167166
5122767609#3202641160,1,0,0.49682658869343777
150594495671#212394033260,0,0,0.4892351019293455
4354163617#3707618845,0,0,0.4862665123167166
329798453133#1701535671,0,0,0.4875546094618166
3641396498#1955012315,0,0,0.4862665123167166
4650344731#4840518949,0,0,0.4862665123167166
2060056771#2065121798,0,0,0.4862665123167166
1920884120#4744904703,1,0,0.4862665123167166
4206244931#2113270608,0,0,0.4979797298183348
4196030610#4623972834,0,1,0.5116490867440561
5169209205#2301850248,0,0,0.4870564732529392
5079490375#5205797148,0,0,0.48656210968447494
4726069349#2090772224,0,0,0.4862665123167166
3409249156#1639157122,0,0,0.4862665123167166
4082003885#3991972122,0,0,0.49050901000284164
2116078007#4851873209,0,0,0.4862665123167166
2067590404#3072564418,0,0,0.4862665123167166
4375212253#4898730811,0,0,0.4862665123167166
8609591019#2027684481,0,0,0.4862665123167166
2065121798#2296574953,0,0,0.4914081273571121
4667335909#4730947102,0,0,0.4978807628750316
2726123301#3442901956,0,0,0.4862665123167166
496613160423#1372181647,0,0,0.4891540985252641
124076009506#4817865335,0,0,0.4862665123167166
508313498462#2056513884,0,0,0.49122651610199375
4206008942#1312745457,0,0,0.48789074652950815
1416629632#5185554343,0,0,0.49395684696993364
4200743404#2058535644,0,1,0.5204583222259279
4593095274#1711995496,0,0,0.4862665123167166
335230005323#4196027218,0,0,0.48815427011718404
29608029868#29299331674,0,1,0.5025363198008002
4735364801#3628839717,0,0,0.4862665123167166
4893087221#4590123310,0,1,0.5023693447139967
4038622993#3991972122,0,0,0.4982344764601791
1848719127#1443062561,0,0,0.4832473167423326
3920807098#4218561827,0,0,0.49314790399211256
3240377870#1523991651,0,0,0.4862665123167166
4657320935#2057485751,0,0,0.48656210968447494
4755216808#4809064482,0,0,0.4904269961159555
2181531828#2180579787,0,0,0.4928005092124827
2061309885#1592253963,0,1,0.5122390313780381
5210339793#2873066846,0,1,0.5025118603520764
1479236023#1711703532,0,0,0.49814588061560305
2059400154#1372178479,0,0,0.48895522324366586
5031422175#1958431796,0,0,0.4862665123167166
2050883606#2301850248,0,0,0.4889626007090399
3986761734#4345845643,0,0,0.4851970835264949
2058535644#4673640575,0,0,0.4862665123167166
3311945752#4574521416,0,0,0.49292642903437406
2026258516#3287136302,0,0,0.4895750379048323
114453608394#4271919356,0,0,0.48656210968447494
4218561827#1410206420,0,0,0.49136040117233404
2128656141#4327730515,0,0,0.4862665123167166
2117967628#2119493181,0,0,0.4862665123167166
2136267751#4479393573,0,0,0.4862665123167166
3287136295#1443062561,0,0,0.4907481355081037
2057120532#412740201285,0,0,0.4883870147158556
4506831459#4523609337,0,0,0.4862665123167166
3903296434#4256622048,0,0,0.4862665123167166
1319336886#3416051894,0,0,0.48815062350790794
3045169703#2359113449,0,1,0.5026245126595952
2007329562#3945392968,0,0,0.49181498475463803
4848820948#3629081901,0,0,0.49104312495673974
4635899864#1712004928,0,0,0.4898258559318755
4840518949#4851873209,1,0,0.4922307735651957
3913210887#4004633045,0,0,0.48656210968447494
4185963090#18465765293,0,0,0.48656210968447494
2044195515#2090772224,1,1,0.5513633936809927
4272798975#412740201285,0,0,0.4862665123167166
4226659634#4226659635,0,0,0.4862665123167166
1715361146#2063888292,0,0,0.4878613903513371
2057202352#1639183384,0,0,0.4862665123167166
4226659634#4256725997,0,0,0.4862665123167166
2010425525#2057186102,0,0,0.4862665123167166
2277829162#1416693660,0,0,0.4898852673691193
2057514370#3850067472,0,0,0.4862665123167166
4451089335#4452060617,1,0,0.4880962901394804
2063941871#4641732096,1,0,0.4942358529501975
31657249259#4874906617,1,0,0.4894007276938241
5022076775#1416629632,0,0,0.4862665123167166
5197250019#2977432095,0,0,0.48994800744605654
3077766580#474022190894,0,0,0.49295443865389765
5956875678#4959266141,0,0,0.4862665123167166
117873856741#1715361146,0,0,0.4916949512202603
391306865273#356576030969,1,0,0.48905830184786203
90189177809#87008148161,0,0,0.49135710284234935
1805614122#3041186060,0,0,0.49151938738687967
2057660030#3043166693,0,0,0.4862665123167166
2057273513#3927040910,0,0,0.4929218711158282
1694379811#4082003885,0,0,0.4862665123167166
3728594582#14613460476,0,0,0.4897025736743265
3747287828#2112308267,0,0,0.4862665123167166
5037293131#3993258388,0,0,0.4862665123167166
2146061466#2159739481,0,0,0.4554315150315658
4070366893#2117967628,0,0,0.4955488605632169
2277829162#2146119221,0,1,0.5029897736280341
3735183725#4809064482,0,0,0.4862665123167166
167570408533#165376540325,0,0,0.4964947605791955
1685036582#3033447588,0,0,0.4862665123167166
152713369272#18466522141,0,0,0.48090259268553076
210012116583#2127640300,0,0,0.4862665123167166
5083069896#2037536844,0,0,0.48785020682957503
4693830154#4697566414,1,1,0.5054091945245957
4196027218#4606763895,0,0,0.49485213342627477
2175677532#4301029959,0,0,0.4862665123167166
2063888292#2060056771,0,0,0.4862665123167166
3072525687#3072564418,0,0,0.49323225573824503
1347277680#4744904703,0,1,0.5027557947766923
29103099346#172020433612,0,1,0.5000991751438266
43182039587#2977766885,0,0,0.48676087588518085
1711730143#1533725661,0,0,0.48656210968447494
1416629632#2977766885,0,0,0.4862665123167166
4883419414#1533725661,0,0,0.48656210968447494
90189177809#4552735561,0,0,0.4862665123167166
28375457127#38406123057,0,0,0.4920788476051738
2028165651#4732077225,0,0,0.4862665123167166
3289002540#4291077418,0,0,0.4925114596311845
54160155723#97378085541,0,0,0.4920622628042082
3887327251#2085225572,0,0,0.4922547908234809
2058494409#3042374102,0,1,0.501499183117749
3920807098#1646144729,0,0,0.4862665123167166
3626237468#4636446230,0,0,0.4862665123167166
11636622561#2640338192,0,0,0.4862665123167166
1848719127#5206675985,0,0,0.4881324971443019
2111351705#2113288221,0,1,0.5041542288493768
2057514370#2175677532,0,0,0.4868272956878691
1774643505#1882949681,0,0,0.4862665123167166
1552178606#3660138423,0,0,0.4862665123167166
1932250238#2117971399,0,0,0.48815698771909544
62533690929#69054998391,0,0,0.49543356643448994
2117971399#1634250118,0,0,0.4926723183239004
4782028642#4448830722,0,0,0.49523590605391665
3438857896#4361071311,1,0,0.48777606288421127
4335101562#3429527333,0,0,0.4892351019293455
2038238076#10183965715,0,0,0.4890640016764179
4450968363#433432593358,0,0,0.4897772590438065
4535937748#4523609337,0,0,0.48815427011718404
2057082510#4933230830,0,0,0.48656210968447494
433432593358#4498422001,0,0,0.4862665123167166
3053961277#2062122607,0,0,0.48656210968447494
2050883606#2139604103,0,0,0.49625169964319854
5045337406#285571185833,0,0,0.4852602602874866
1611432328#4205391929,0,0,0.48656210968447494
4219594127#4206244931,1,1,0.5058704972419367
167570408533#49857216438,0,0,0.4910581722869933
3400442486#1438441441,0,0,0.4986972797323751
3825974020#3633760178,0,0,0.4862665123167166
3404236704#3429527333,0,0,0.4862665123167166
6013639039#4938744224,0,0,0.4899711020287715
3477269984#4475595676,0,0,0.4862665123167166
2359435242#2061673563,0,0,0.4874606634813361
4662125901#3578109145,0,0,0.4862665123167166
1685036582#1644134375,0,0,0.48656210968447494
4808983543#4808238795,0,1,0.5056151959239401
3251483032#1639330963,0,0,0.4902341669787637
138962728028#2059786009,0,0,0.4862665123167166
4285651704#4203062441,0,0,0.49141586324062075
4217397015#4219594137,0,0,0.49170545785893244
1453376890#4819735406,0,0,0.4862665123167166
1785334661#3053549924,0,0,0.4862665123167166
291245346593#109165560395,0,0,0.4862665123167166
1650171815#4552735561,0,0,0.48656210968447494
1316741419#2075899540,0,1,0.5001380521323435
283482842835#3850067472,0,0,0.49151938738687967
3708976648#2744122330,0,0,0.4862665123167166
2062122607#2012448159,0,0,0.4763171862160068
3479468876#14613455236,0,0,0.4897025736743265
25271558033#2061946625,0,0,0.4900737088213387
2057146445#2055377608,0,0,0.48866700334128155
4384418878#1517548862,0,0,0.48933830100637044
1733350200#4040861140,0,0,0.4862665123167166
3633114696#2079580923,0,0,0.4862665123167166
3043036534#2117971399,0,0,0.4926723183239004
369955897964#200792633059,0,0,0.48726794369488424
4476878387#4219594137,0,0,0.4862665123167166
4158960527#4535937748,0,0,0.4975860359850778
1611432328#2111616240,0,1,0.5024785013090539
4965685047#4965700329,0,1,0.5015852322165677
4624517252#4417535000,0,0,0.4862665123167166
64393522082#2056662276,1,0,0.4859628259718944
90189177809#90189177932,0,0,0.4959306272278007
4144296423#4332430141,0,0,0.4887485160416981
2055377608#64461302079,0,0,0.4859628259718944
4059739506#335230006871,0,0,0.4862665123167166
3797472002#3881831374,0,0,0.4862665123167166
5185529458#4744904703,0,0,0.4862665123167166
13389301105#4893087221,0,0,0.4881324971443019
3883325282#4003389165,0,0,0.4862665123167166
4699490403#1685036582,1,0,0.484987075525817
75959618233#4763332016,0,0,0.4876922476734758
1320992607#1711703532,0,0,0.498510622004046
3913210887#3400442486,0,0,0.4884733001176923
4855494603#3708976648,0,0,0.4862665123167166
3931049291#3445826974,0,0,0.4867784784934834
3927439605#4796107660,0,0,0.4902103475985167
3602711494#4196027218,0,0,0.4862665123167166
35234959099#4758277966,0,0,0.4862665123167166
3870637640#3882026745,0,0,0.4862665123167166
4720990752#156276506111,0,1,0.5118373066811538
1533725661#3475895224,0,0,0.4910581722869933
4019678912#3287136302,0,0,0.4862665123167166
4448830722#407898948323,0,0,0.4862665123167166
2044195515#3061887297,0,0,0.4873442717241482
2007329562#3633529401,0,0,0.4862665123167166
4657354294#4232471781,0,0,0.4862665123167166
172020433612#1709836734,0,0,0.4862665123167166
4449163726#1785937268,0,0,0.4967189562793377
3934516600#3935134734,1,0,0.48666859731643813
4572510718#5185529458,0,0,0.4862665123167166
3043166693#329798453133,0,0,0.4875546094618166
103649711605#489466582552,0,0,0.4862665123167166
2074433649#1712613661,1,0,0.49814806437760856
3962069458#2873066846,0,0,0.49151938738687967
4867751970#5132524109,0,0,0.4862665123167166
4415227218#3589653390,0,0,0.49047466357210723
3991972122#2977766885,0,0,0.49691364884313166
2873066846#4285651704,0,0,0.4870989175707555
2058494409#4782028642,0,0,0.4914298617370941
2057202352#4145771589,0,0,0.4890238176245106
4449163726#2067590404,0,0,0.4862665123167166
4030079241#2057573219,0,0,0.4862665123167166
2079580923#26795163325,0,0,0.4862665123167166
3564326181#2314431580,0,0,0.4862665123167166
4448830722#248509310374,0,0,0.4862665123167166
3582409643#1649349373,0,0,0.49296210862848866
1410173485#2067534525,0,0,0.4818807202512172
4516329204#117154450703,0,0,0.4862665123167166
29608029868#2055988859,0,0,0.4831827084958659
4226781300#200792633059,0,0,0.4913925623940383
5079490375#1955012315,0,0,0.4862665123167166
4807598946#441422692319,0,0,0.49472788932526873
4579061300#4813716345,0,0,0.49356121149306303
14613460476#4657320935,0,0,0.48796725989066764
302839388028#487072504294,0,0,0.48852751966180624
5206675985#1443062561,0,0,0.49574633538005214
3550979323#4283348799,0,0,0.48852751966180624
4893087221#496613160423,0,0,0.48785020682957503
2070627808#3364587358,0,0,0.4862665123167166
4197957154#1649349373,0,1,0.5038716028794404
1958431796#4206245003,0,0,0.49596388955289145
356576030969#379478718058,0,0,0.4862665123167166
3311945752#4575249992,0,0,0.4879649442311805
1774818684#2175677532,0,0,0.4862665123167166
1372181647#4893087221,0,0,0.4862665123167166
5956875678#4254960496,0,0,0.4862665123167166
3240377870#3927031679,0,0,0.4862665123167166
3915411982#4667944802,0,0,0.4862665123167166
3926916973#2136267751,0,0,0.4941965232296013
4429667301#2977432095,0,0,0.48994800744605654
5185529458#3271713296,0,0,0.4862665123167166
1740857110#4819735406,0,0,0.492524058577773
4808240616#18465765293,0,1,0.5268819417011583
1320992607#4283750934,0,0,0.4862665123167166
5083069896#4673640575,0,1,0.5128279363680277
1479606018#1320992607,0,0,0.49617823075378276
3082042195#1479236028,0,0,0.48915631691797123
1592252801#1995007743,0,0,0.49671277332931496
2169788953#4746833482,0,0,0.4908551341306199
2068611560#2070627808,0,1,0.5079725245511142
4158960527#2175677532,0,0,0.4881324971443019
3766757690#1978617477,0,1,0.5000076977953829
4145496082#2058407169,0,0,0.4862665123167166
3786142129#4674166292,0,0,0.4862665123167166
96073549554#5037293131,0,0,0.4904499346625761
1372178479#2146119221,0,0,0.4963499605291246
1701535671#187961304511,0,0,0.4926770815958974
5045337406#2061309885,0,0,0.4862665123167166
3204907291#2055492411,0,0,0.4915177056222247
2061244620#2057202369,1,1,0.503356242823613
4429667301#1627677359,0,0,0.48656210968447494
2070030589#14586847312,0,0,0.4862665123167166
4624517252#3240377870,0,0,0.4862665123167166
4975664600#2306327656,0,0,0.4894007276938241
2115848787#2175677532,1,0,0.4954046042450181
3606108939#4111311078,0,0,0.48676087588518085
3551393130#1955012315,0,0,0.4862665123167166
1321360812#2058881485,0,0,0.48633796146927966
68727484174#90189177809,0,0,0.4959306272278007
1410206420#3862188518,0,0,0.4894225872251695
3047893935#19200751877,0,0,0.4862665123167166
152713369272#3610178183,0,0,0.4862665123167166
373850277197#75959618233,0,0,0.4862665123167166
4662125901#4643371260,0,0,0.4862665123167166
4373986045#4273519745,0,0,0.4986483513951513
4575043423#248509310374,0,0,0.4852602602874866
3202641160#37132781634,0,0,0.49825260065611493
1805614122#4883419414,0,0,0.48656210968447494
2111351705#4080777239,0,1,0.5087042548502291
3487828519#4188977524,0,0,0.49687312664062877
10605371390#5205797148,1,1,0.5250378377892282
69055886795#5034887015,0,0,0.4862665123167166
150594495671#167570408533,0,0,0.4892351019293455
4041026262#187961304511,0,0,0.4862665123167166
2074433649#1955032383,0,0,0.4875546094618166
2063930195#5205408909,1,1,0.5026124503272631
1633806208#2055377608,0,0,0.4859628259718944
4944832122#4480972193,1,1,0.5144607407133023
1443062561#1833924490,1,1,0.5053576084159834
2296574953#54160155723,0,0,0.4896465043294904
2127640300#1479236025,0,0,0.4875546094618166
1307862087#1314231362,0,0,0.4902118581788176
4065795437#1709836734,0,0,0.4932639747449146
6013639039#18465755385,0,0,0.4899711020287715
4373986045#3717616592,0,0,0.4862665123167166
3271713296#4030079241,0,0,0.4862665123167166
187961304511#2744122330,0,0,0.4926770815958974
156276919685#200792633059,0,0,0.4862665123167166
4082182753#4941134416,0,0,0.49078212758324874
18465851371#1818747488,0,0,0.4876922476734758
4361071311#102904734113,0,0,0.4838374882050723
2304664037#4041026262,0,0,0.4862665123167166
4435497569#2048870562,0,0,0.4862665123167166
4231111906#4657354294,0,0,0.4862665123167166
4292931987#3636206032,0,0,0.4862888598582738
2640338192#4384418878,0,0,0.4866465870089243
2057186102#3926967278,1,0,0.49458371747810714
1701535671#4010537132,0,0,0.4875546094618166
1639330963#18465765293,0,0,0.4930433831475882
3612961288#4782028642,0,0,0.49373665670371125
3240377870#4272953638,0,0,0.4862665123167166
1470085027#2050581826,0,0,0.4862665123167166
1321360812#4117072069,0,0,0.49724165054162534
4730947102#4289060913,0,0,0.4862665123167166
4219594127#2050429391,0,0,0.49627898224438377
4301048457#3792586113,0,0,0.49082788338507055
1646144729#4218561827,0,0,0.49136040117233404
3279454241#3991972122,0,1,0.5125697563194774
1685036582#4674166292,0,0,0.4958249529504571
4746833482#2062122607,1,0,0.49790556959808996
4111311078#2057186115,0,0,0.4888813782843199
5132524109#99206573417,0,0,0.4862665123167166
4222933048#4206294979,0,0,0.4858347837227654
4218561827#4082182753,0,0,0.49528484042928744
2108699584#1859050383,0,0,0.4862665123167166
102514982310#1479606018,0,0,0.4892351019293455
4624517252#4062424365,0,0,0.4946416717733067
3540847089#1500223180,0,0,0.4862143891342386
2012443116#4469025400,0,0,0.4862665123167166
3438857896#156276506111,0,0,0.48656210968447494
3559141878#2159739481,1,1,0.5086234090509456
3883325282#2062181997,0,0,0.4882635336322116
1316070485#3230703164,0,0,0.4862665123167166
1815809122#2060056771,1,1,0.5119028360580734
3414290684#1416629632,0,0,0.4862665123167166
3438857896#4449163726,0,0,0.48656210968447494
3633114696#4746833482,0,0,0.4862665123167166
4062424365#2111320607,0,0,0.4923093483231023
1877399023#4427940311,0,0,0.4862665123167166
1955030813#4375212253,0,0,0.4862665123167166
4206245003#2057352941,0,0,0.4862665123167166
4373986045#3712213597,0,0,0.4888053894642037
2057082510#4889965062,0,0,0.4987679989993529
4623324616#138962728028,0,0,0.4931648724861204
156276506111#4808180492,0,1,0.5079864715402775
1776613381#1965402836,0,0,0.4862665123167166
4657320935#4010537132,1,0,0.4902114239191329
156276919685#4226781300,0,0,0.4870989175707555
3501281334#3289002540,0,1,0.511139199045576
4726069349#4292931987,0,0,0.493848655812329
3053961277#1416629632,0,0,0.48826054159893884
2744122330#4196027218,0,0,0.4862665123167166
3256705889#102514982310,0,0,0.4899711020287715
226460833239#4001709701,0,0,0.4862665123167166
1573188123#3714314534,0,0,0.4862665123167166
4944579314#1500223180,0,0,0.4862665123167166
1479236023#3850067472,0,0,0.49151938738687967
14613460476#3240377870,1,0,0.4936776093043872
1592252801#2055608440,0,0,0.4989222981203848
4217397015#3986761734,0,0,0.4862665123167166
5122767609#4965685047,1,1,0.5050573299513306
245814065042#1639330963,0,0,0.4889803448185759
4732077225#4746833482,0,0,0.49062057885799276
298575330094#3711116048,0,0,0.49140043543971323
4254960496#2069078384,0,0,0.49151938738687967
5183692300#4668248026,0,0,0.49105589163960217
1627677359#433432593358,0,0,0.4862665123167166
4623972834#4065734118,0,1,0.5059052606138658
2119493181#1637581644,0,0,0.47233959588425656
2229939616#90189178714,0,0,0.4862665123167166
4819851561#2062181997,0,0,0.4921670421467518
37132781634#3935134734,0,0,0.4901599508756352
2063941871#2063941641,0,0,0.4959764439043955
3995882585#4274235353,0,0,0.4862665123167166
2133358535#3636206032,0,0,0.49067143430238785
1633806208#3831306913,1,0,0.48718807155253196
5045337406#5132524109,0,0,0.4862665123167166
2183428945#3043036534,0,0,0.4862665123167166
3633529401#3582409643,1,0,0.4966288670632647
204767102724#18468022060,0,0,0.4862665123167166
4965685047#3204907291,0,0,0.4941084988240435
90189177932#87008148161,0,0,0.49135710284234935
4345845643#3290843988,0,0,0.4862665123167166
156276601478#4226781300,0,0,0.48743773902266097
3540847089#4516329204,0,0,0.49114644240320915
1818747488#3997209484,0,0,0.4876922476734758
2297009298#1627738213,0,0,0.491340419880476
88520940864#90189177809,1,0,0.4959306272278007
2146061466#3463623936,0,0,0.4941140072902316
3409249156#169883264664,0,0,0.4862665123167166
3633760178#3846933347,0,0,0.4866584195634487
1453376890#3075632210,0,0,0.4862665123167166
1611432328#4780994423,0,0,0.493245514660189
3930220886#4831154380,0,0,0.49480111788696013
25271558033#335230006871,0,0,0.4862665123167166
4373986045#4612302183,0,0,0.4862143891342386
4130010417#4448830722,0,0,0.4894007276938241
4796107660#4130010417,0,0,0.49111224629271744
69054982841#88520940864,0,0,0.4997629552309419
4623955861#1639436942,0,0,0.4927935746847754
1479236027#1479606018,0,0,0.49289300554543997
200792633059#3633114696,0,0,0.4913925623940383
4452060617#4782028642,0,0,0.4965861364971404
124076009506#4162055411,0,0,0.4862665123167166
2488218738#4300806520,0,0,0.4862665123167166
4283750934#2159739481,0,0,0.4862665123167166
4212792387#3633760178,0,0,0.4862665123167166
3876493191#3991972122,0,0,0.4862888598582738
4435666805#4165283827,1,0,0.49598338487662536
1592252801#2050760324,0,0,0.485679250165885
62533690929#4650641709,0,0,0.49064190646421324
3054434630#3477028783,0,0,0.4862665123167166
4506831459#1312624571,0,0,0.4862665123167166
4040861140#3964017834,0,0,0.49383806714548795
3487828531#3287805133,1,0,0.49344768129724026
350874367544#5045337406,0,0,0.4852602602874866
4231111906#4232471781,0,0,0.4862665123167166
6633440508#19200751877,0,0,0.4862665123167166
4635899864#150594495671,0,0,0.4862665123167166
3287136302#3287136295,0,0,0.4897463020081354
1650171815#5068270943,0,0,0.49995528186269567
4938744224#1639330963,0,0,0.4862665123167166
5196417840#4516329204,0,0,0.4894506396889743
3474685536#4786425382,0,0,0.4875546094618166
4464938911#1453376890,0,0,0.4862665123167166
3915411982#2058531416,1,0,0.49740941790714355
2140707372#2057352941,0,0,0.4862665123167166
2113270608#4435666805,1,1,0.5092837052777187
4713666808#203654552716,0,0,0.498245974640372
1958431796#4289060913,0,0,0.4862665123167166
1614597826#1316070485,0,0,0.48656210968447494
3033447588#450892236156,0,0,0.4862665123167166
1644134375#2058563113,0,0,0.49260359104152157
2115848787#3712213597,0,0,0.4862665123167166
350874367544#2306327656,0,0,0.4862665123167166
1929467433#2057202352,0,0,0.4862665123167166
4840518949#3061887297,0,0,0.4862665123167166
3267338675#2133358535,0,0,0.4877407070250819
549708986379#1416629632,0,0,0.48656210968447494
4653988894#2977432095,0,0,0.49085171216906387
3202641160#3204907291,1,0,0.4917177261075185
3438857896#4475595676,0,0,0.469833279570328
1372181647#2062990764,0,0,0.4862665123167166
2111226139#2009659663,0,0,0.4862665123167166
3463623936#1694379811,0,0,0.4890886418162232
4877012874#1859050383,0,0,0.4862665123167166
248509310374#4038622993,0,0,0.4862665123167166
35234959099#1776613381,0,0,0.48656210968447494
156276601478#4455655369,0,0,0.4862665123167166
4674166292#3479468876,0,0,0.4862665123167166
37132781634#4966778011,0,1,0.5119480197298755
2058881485#4786537439,0,0,0.4914122325348816
4236870644#3747287828,0,0,0.4862665123167166
4867751970#4003389165,0,0,0.49541100513103076
3267338675#4197957154,0,0,0.48883225599190344
4057297840#4552735561,0,0,0.4889626007090399
2977432095#303433622485,0,0,0.4862665123167166
4746787193#4746787192,0,0,0.49137291828719015
2057186102#4435802207,0,0,0.48872042019307793
3363374241#433432593358,0,0,0.4862665123167166
4256926363#4232471781,0,0,0.4862665123167166
1500223180#4203062441,0,0,0.48144399567551655
4933360994#3845908374,0,0,0.4862665123167166
2118416856#1978617477,0,0,0.48808794185282495
3489875333#4684230132,0,0,0.49151938738687967
3435281641#3053549924,0,1,0.5075796872781198
4448830722#4792436579,0,0,0.4862665123167166
4300806520#4030079241,1,0,0.49140600934343714
1818747488#4575249992,0,0,0.48656210968447494
3105105450#8609591019,0,0,0.4862665123167166
4196027218#4657395496,0,1,0.5005919789829201
1416693660#2314431580,1,1,0.5103223261817259
1709836734#1711730143,0,0,0.48704015418353797
2057186168#4758277966,0,0,0.4862665123167166
4900256072#4065734118,0,0,0.49243228375227843
52308312082#2054666779,0,0,0.48656210968447494
4375212253#4449163726,0,0,0.4862665123167166
4185358309#4965682215,0,0,0.4862665123167166
2057202352#1955032383,0,0,0.4899384189568937
3311945752#1818747488,0,0,0.48816653737017307
41965445982#48384062571,0,0,0.49136198357834554
4585413933#1882949681,0,1,0.5015575828602805
4808983543#4720990747,0,1,0.5057131236747737
4495044650#2009723716,0,0,0.4862665123167166
3212722992#1577232714,0,0,0.49013899094757735
1639436942#69055886795,0,0,0.4862665123167166
3363374241#200792633059,0,1,0.5146874802303043
5185529458#3251483032,1,1,0.5025301510489585
4480972193#2074433649,0,0,0.4862665123167166
2359435242#2056927656,0,0,0.49342447403412715
2114279054#4593095274,0,0,0.49131656671041624
303433622485#4062424365,0,0,0.4862665123167166
102180093107#1391856996,0,0,0.4862665123167166
4900256072#1815809122,0,0,0.49013317607999063
248509310374#443982000626,0,0,0.4852602602874866
1312624571#1312745457,0,1,0.5060268120795248
4448830722#1718702641,0,0,0.4862665123167166
2058535644#4062424365,0,0,0.4892172005320992
3540847089#3043166693,0,0,0.4862143891342386
4657395496#4435630212,0,0,0.49628520372128326
2111226139#2058531416,0,0,0.49740941790714355
4938744224#4004633045,0,0,0.4862665123167166
97875580425#2297009298,0,0,0.4933299062319264
192584035425#1978617477,0,0,0.4862665123167166
5185554343#3915411982,0,0,0.488224648205124
3564326181#5047311627,0,1,0.5108219633810291
418215123949#3766757690,0,0,0.48656210968447494
2114279054#2314431580,0,0,0.4879167557707658
2063837093#4373986045,0,0,0.48946067471737964
4479393573#4283750934,0,0,0.4862665123167166
1875566008#2119387186,0,0,0.4915741512086307
18465765293#156276506111,0,1,0.5122948559330601
1321360812#1573188123,0,0,0.4875546094618166
2057146445#1431930648,0,1,0.5156065451448084
4145044745#2111226139,0,0,0.48656210968447494
4938744224#2009723716,0,0,0.48852751966180624
1649349373#3290768654,0,0,0.4988206405395428
156276919685#87008148161,0,0,0.4862665123167166
5131642969#3735183725,1,1,0.5092918272079957
212394033260#5090005101,0,0,0.4892351019293455
4316370583#4435497569,0,0,0.4910150033338772
5090005176#5090005101,0,0,0.4862665123167166
4332430141#3612961288,0,0,0.4901825980798382
2057120532#91686025987,0,0,0.48922216694737847
280987330860#3712213597,0,0,0.48816381714062956
4196027218#4476878387,0,0,0.4862665123167166
90189177809#2058407169,0,0,0.4862665123167166
3920807098#3728594582,0,0,0.4862665123167166
192584035425#283482842835,1,0,0.4966200914630205
20201333480#5124643800,0,0,0.4862665123167166
3633760178#1321360812,0,0,0.4862665123167166
2056662276#64461302079,0,0,0.4859628259718944
369955897964#1785334661,0,0,0.4870564732529392
3230703164#1593907976,0,0,0.4862665123167166
4111406344#2059840221,0,0,0.48932976037688597
2108699584#2114326156,0,0,0.4862665123167166
18465755385#4574521416,0,0,0.48922370732014364
4900256072#2055988859,0,0,0.49194204782296375
3927040910#2057120532,0,0,0.49588970808537786
1955030813#1541915947,0,0,0.4914081273571121
4851639047#5183692300,0,0,0.49345645766000457
4659671054#4506831459,0,0,0.487601173689595
3404236704#4452060617,0,0,0.4894225872251695
64461302079#64393522082,0,0,0.48718807155253196
1639436942#5185245258,0,0,0.48676087588518085
3946584694#4185358309,0,0,0.4981689155753123
5034412454#3582409643,0,0,0.48816381714062956
2306327656#200569781240,0,0,0.4862665123167166
1818747488#4057038032,0,0,0.48816653737017307
1929467433#3920807098,0,0,0.4892351019293455
3929215225#3882026745,1,0,0.4862665123167166
4150903702#1711730143,0,0,0.4913117757320837
2061244620#4415227218,0,0,0.4862665123167166
2007329552#1965402836,0,0,0.4902960948301066
2065121798#1639219119,0,0,0.49436532236053915
4699490403#4900256072,0,0,0.49418234002025463
3475895224#4593095274,0,0,0.4862665123167166
2057202352#1431887069,1,0,0.493307135454323
1701535671#4506831459,1,1,0.5108139660810328
179195001984#4065795437,0,0,0.48656210968447494
3927439605#1573188123,0,0,0.4932238283457251
3477269984#156275809937,0,0,0.48656210968447494
4659671054#1995007743,0,0,0.4862665123167166
3628839716#1639219119,0,0,0.4862665123167166
4645346456#4200588492,0,0,0.4862665123167166
5078702464#3903296434,0,0,0.49084003670216797
23593454505#2055988859,0,1,0.5028601296067748
199104051031#2057536594,0,0,0.4862665123167166
1593907976#2061244620,0,0,0.4862665123167166
4579061300#4042116073,0,0,0.4862665123167166
1592252801#5122809038,0,0,0.4862665123167166
4590537395#4623978044,0,0,0.4995722564996656
190486841338#150594495671,0,0,0.4892351019293455
3927439605#2075611951,0,0,0.4915640317395408
4264634558#4632894940,0,0,0.4862665123167166
3414290684#3445826974,1,1,0.5023287557587045
4200743404#1321360812,0,1,0.5087805703107048
487072504294#4623324616,0,0,0.48852751966180624
1416301524#3043036534,0,0,0.4862665123167166
10183965715#2070030589,0,0,0.4936441755758229
3324213074#190486841338,0,0,0.4862665123167166
1389154734#3429527333,0,0,0.4862665123167166
2057082379#3363374241,0,1,0.5099791188245948
4226659635#4236870644,0,0,0.4862665123167166
1500223180#4375212253,0,0,0.4862665123167166
18466522141#302839388028,0,0,0.4862665123167166
4162055411#4506831459,0,0,0.4862665123167166
4203062441#3882026745,0,0,0.4862665123167166
2113270608#4185963090,0,1,0.538163078740994
4176537188#3915411982,0,1,0.5025703619929803
1774818684#31657249259,0,0,0.4862665123167166
3629081901#3626237468,0,0,0.49789486788711185
5098812067#2116078007,0,0,0.4862665123167166
4643938191#28375457127,0,0,0.49159045931962586
4746833482#2062990764,0,0,0.4862665123167166
4345845643#4283750934,0,0,0.4862665123167166
2355519467#3717616592,0,0,0.4862665123167166
392281366488#3728591592,0,0,0.4862665123167166
70569712258#2037536844,0,0,0.4862665123167166
2297009298#4643805223,0,0,0.4972765660554101
2060056771#4693830154,0,0,0.4862665123167166
4585413933#4782028642,0,0,0.4862665123167166
2075611951#3633082639,0,0,0.4862665123167166
2640338192#4632894940,0,0,0.49151938738687967
1633806208#5956875678,0,0,0.4863950211790376
3626237468#3766757690,1,0,0.4829383041816928
2056078364#3050152494,0,0,0.49216871430132997
3786142129#3708028912,1,0,0.4852936426572256
5045337406#4226781300,0,0,0.4862665123167166
3945392968#4206294979,0,0,0.48656210968447494
3324213074#4226781300,0,0,0.4862665123167166
2416679645#4162055411,0,0,0.4862665123167166
4065795437#1443062561,0,0,0.4862665123167166
4786537439#2007329552,0,0,0.4862665123167166
211675776290#99206573417,0,0,0.49369706658087
4965682215#4965685047,0,1,0.5072204394988236
3501281334#25271558033,0,0,0.48656210968447494
5083069896#1648883631,0,0,0.4862665123167166
1776613381#88520940864,0,0,0.48656210968447494
3927439605#3501281334,0,1,0.5230332321359392
356576030969#4283786658,0,0,0.4862665123167166
2037536844#181358260931,0,0,0.4891761120841391
4001709701#2027684481,0,1,0.508047504317642
549708986379#5185554343,1,0,0.4952871175440189
3445826974#1902954948,0,0,0.48656210968447494
448871401046#5079490375,0,0,0.4852602602874866
2113288221#4274088675,0,0,0.4862665123167166
2026258516#48384062571,0,0,0.4901618350723871
18465851371#1639157122,1,0,0.47239638919800575
4782028642#4792436579,1,1,0.501707306772582
3850067472#2054724323,0,0,0.49151938738687967
14613476507#3363374241,0,1,0.5155135717028106
2218261094#1774643505,0,0,0.4862665123167166
4966778011#3202641160,0,1,0.5034913656776098
2355519467#4749417182,0,0,0.49442611140314013
3728591592#4464938911,0,0,0.4862665123167166
4080777239#2114716134,0,1,0.5007544179097264
2136267751#4848820948,0,0,0.48656210968447494
3062884266#2127640300,0,1,0.5312259015586155
3845908374#3766757690,0,1,0.5113889533270796
4081158129#4289060913,0,0,0.4862665123167166
4808180492#4808983543,0,1,0.5056151959239401
2088439298#3479468876,0,0,0.4862665123167166
3930220886#2058129925,0,0,0.49480111788696013
4851639047#3945392968,0,1,0.5032069669845987
1774643505#4277815885,0,0,0.4862665123167166
369955897964#369955904629,0,0,0.4935480041121294
1639436942#3798986721,0,0,0.48656210968447494
1395111624#2169788953,0,0,0.4862665123167166
4219594137#3404236704,0,0,0.48656210968447494
4786425382#4851639047,0,0,0.48656210968447494
2056478070#4448830722,0,0,0.49084003670216797
3477269989#5102675634,0,0,0.4862665123167166
3445826974#303433622485,0,0,0.4862665123167166
150594502346#190486841338,0,0,0.4862665123167166
2057186168#1955032383,0,0,0.4875546094618166
4197957154#4040861140,0,0,0.49136040117233404
4480972193#1805614122,0,0,0.49151938738687967
3559141878#1497880313,0,0,0.49918092013303883
5090005101#1316070485,0,0,0.4862665123167166
2059786009#1303289685,0,0,0.4862665123167166
2071801820#1719728040,0,0,0.4862665123167166
3041186060#3442901956,0,0,0.49151938738687967
4185358309#102514982310,0,0,0.4862665123167166
4469025400#4057038032,0,0,0.4862665123167166
1877399023#1965402836,0,0,0.49037869339524187
4300806520#3850067472,0,0,0.4890238176245106
1453376890#1782375467,0,0,0.4862665123167166
4165283827#2113270608,1,0,0.49598338487662536
1349608070#3846933347,0,0,0.48656210968447494
1958431796#4506831459,0,0,0.4897025736743265
4264634558#369955897964,0,0,0.4862665123167166
2140707372#4606763895,0,0,0.49119856558568714
5183692300#29103099346,0,0,0.4889490018719378
3077743360#1848719127,0,0,0.4862665123167166
1929467433#4603465738,0,0,0.4914120829545143
329798453133#3707618845,0,0,0.4862665123167166
6013639039#1639219119,0,0,0.4914081273571121
2057514370#2057485751,1,0,0.48656210968447494
407898948323#5045337406,0,0,0.4852602602874866
54158093151#14613460476,0,1,0.5129716250647147
2314431580#4185963090,0,0,0.487770204702762
2296522678#5034412454,0,0,0.48826054159893884
489466582552#2061244620,0,0,0.4862665123167166
5022076775#1648883631,0,0,0.4862665123167166
487072504294#3240377870,0,0,0.4936776093043872
4552735561#1929601246,0,0,0.48656210968447494
3256705889#1978617477,0,0,0.48656210968447494
1693941156#4657354294,0,0,0.4875546094618166
9043448493#3043391308,0,0,0.4862665123167166
4254960496#3075632210,0,0,0.4862665123167166
1372178479#3054434630,0,0,0.49230736280240284
3870637640#203654552716,0,0,0.48953989414536303
4165283827#4219594137,0,0,0.49598338487662536
5205408909#3995923367,0,0,0.4882635336322116
4786425382#4506831459,0,0,0.4897025736743265
2296522678#2075393157,1,0,0.49554900740264274
4259867589#4375212253,0,0,0.4862665123167166
4623972834#4713666808,0,0,0.4928194102306711
3072525687#3042374102,0,0,0.4947627619990482
3081749686#3292344806,0,0,0.4862665123167166
1639157122#150594495671,0,0,0.48656210968447494
1438441441#2073951091,0,0,0.48617585832149146
2111320607#2075302660,0,0,0.4862665123167166
6633440508#6633358861,0,0,0.48852751966180624
2063596827#4792436579,0,0,0.49453145031795587
2726123301#2075302660,1,0,0.4903038480637665
4226659634#3054434630,0,0,0.4862665123167166
4332430141#5183118904,1,0,0.4946176448227101
2057573219#3279454241,0,0,0.49291691067301796
3287136303#4080777239,0,0,0.4890238176245106
4206294979#2111351705,0,0,0.4862665123167166
2026258516#1712004928,0,0,0.4919660580132251
4720990747#3438857896,0,0,0.48656210968447494
3043036534#1932250238,1,0,0.495228409407091
4673640575#124076009506,0,1,0.5020043631342107
2027684481#4585413933,0,0,0.4862665123167166
4070427569#3564326181,0,1,0.5059981043659001
3712213597#2057706385,0,0,0.48676087588518085
96073549554#4301048457,0,0,0.48866700334128155
181358260931#4081158129,0,0,0.4862665123167166
1709836734#3487828519,0,0,0.4862665123167166
2359572372#4080777239,0,1,0.5059469495424351
1995007743#2726123301,0,0,0.49840482177896517
3986761734#3287633018,0,0,0.48976824482632764
3883325282#69054982841,0,0,0.4862665123167166
9043448493#124076009506,0,0,0.49278289485653076
4301048457#3550979323,0,0,0.4862665123167166
29299331674#2120525705,0,0,0.4862665123167166
2057082379#4933230830,0,0,0.48656210968447494
2075302660#1541915947,0,0,0.49202769147835473
2119493181#2119467444,0,0,0.4876109857941653
3636206032#3991972122,0,0,0.49065233296456673
1416693660#4185963090,0,0,0.4888982073245593
3920807098#4375212253,0,0,0.4892351019293455
124076009506#3409249156,0,0,0.4862665123167166
4332430141#2873066846,0,0,0.4890929468529777
2116078007#1639183384,0,0,0.4862665123167166
2056662276#3862188518,0,0,0.4862665123167166
4273519745#2133663760,0,0,0.4892172005320992
1637581644#1694379811,1,0,0.49988842944088724
2009723716#4435836422,0,0,0.49082013834505955
1877399023#11636622561,0,0,0.4862665123167166
4529171947#4889965062,0,1,0.5077842161540547
2108699584#2117971399,0,0,0.4878613903513371
4232666143#4226659635,0,0,0.4862665123167166
4116715778#5210339793,0,1,0.5078449522556457
4659671054#4573019780,0,0,0.4887198481997212
1316070485#1443062561,0,0,0.4942089983703095
474022190894#3512605559,0,0,0.4881324971443019
2070627808#2065121798,0,1,0.5076435561195827
4283348799#4623324616,0,0,0.48882311702956466
1611432328#2038238076,0,0,0.4964030616692701
3240377870#2055298458,0,0,0.4862665123167166
4316370583#31657249259,0,1,0.5019124219536818
2009723716#1416693660,0,0,0.48745322896824156
5079490375#4575043423,0,1,0.5239352723358259
4144296423#4535937748,0,1,0.504324087414298
216572631693#1347277680,0,0,0.4862665123167166
2065354050#283482842835,0,0,0.4862665123167166
2296574953#4819851561,0,0,0.4862665123167166
5185529426#2160958435,0,0,0.4862665123167166
4674166292#4915878989,0,0,0.4894737138933732
4316370583#4091776857,0,0,0.48870062502691014
1416629632#3728591592,0,0,0.4862665123167166
103649711605#3512605559,0,0,0.4862665123167166
1372181647#1395111624,0,0,0.4862665123167166
4641732096#29757516394,0,0,0.4862665123167166
3551736332#2060056771,0,0,0.4862665123167166
3903296442#4080777239,0,1,0.5069763182383528
4226659635#4232471781,0,0,0.4862665123167166
3995923367#4460813658,0,0,0.4862665123167166
4867525539#2114326156,0,0,0.4862665123167166
1391856996#1932250238,0,0,0.4971829001449945
4070427569#4590537395,0,0,0.49761828737925007
2092174215#508313498462,0,0,0.48796725989066764
6633440508#5034887015,0,0,0.4955439433593111
2297005450#4636446230,0,0,0.4843830823930447
4808983543#2133663760,0,0,0.4862665123167166
2054817755#3050152494,0,0,0.4903624286656013
48384062571#2050581826,0,0,0.4862665123167166
1627738213#4732077225,0,0,0.4903984505441377
3287136296#2183428945,0,0,0.4941953075207712
4635899864#4301029959,0,0,0.4862665123167166
226965211490#2058129925,0,0,0.4862665123167166
23593454505#4705563490,0,0,0.4862665123167166
1815809122#3256705889,0,0,0.48887023588640915
298575330094#4256622048,0,0,0.48796725989066764
5185529426#3633114696,0,0,0.49365356973912794
4452424559#2063596827,0,0,0.4942358529501975
4272798975#2063596827,1,1,0.5082328494825318
1674286778#2301850248,0,0,0.4862665123167166
3610178183#5034887015,0,0,0.4862665123167166
5037293131#3964017834,0,0,0.4883633169964593
1438441441#3913210887,0,0,0.49604858065065194
3484000884#379478718058,0,0,0.4862665123167166
3995923367#2057657991,0,0,0.49090386514103074
2113288221#3903296442,1,1,0.5007544179097264
3279454241#4516329204,0,0,0.4862665123167166
4030079241#4673640575,0,0,0.4862665123167166
1648883631#3056865396,1,0,0.49224532192679604
2118967459#3995923367,0,0,0.4862665123167166
4933230830#31657249259,0,0,0.4862665123167166
2057146445#4529171947,0,0,0.48763986909190654
1533725661#3660138423,0,0,0.4910581722869933
4062424365#4348498011,0,0,0.49151938738687967
4059739506#3287136295,0,0,0.4907481355081037
1955032383#4316370583,0,0,0.48656210968447494
3240377870#3967431642,0,0,0.4862665123167166
1759205074#3230703164,0,0,0.48788801493903905
4495044650#41965445982,0,0,0.4890238176245106
4883419414#4653988894,0,0,0.491360666622963
2063941641#2063941870,0,0,0.483736622494265
1372606932#2416679645,0,0,0.48656210968447494
1955032383#1774643505,0,0,0.4894007276938241
4535937748#3311945752,0,0,0.4902730704331147
4108691753#70569712258,0,0,0.4862665123167166
1347277680#2488218738,0,0,0.48887023588640915
4593095274#4572325313,0,1,0.5084501405578358
4206245003#1372606932,0,0,0.49397833940846836
1929467433#1320992610,0,0,0.4892351019293455
4668248026#3766757690,0,0,0.49040506389331234
4699490403#4915878989,0,0,0.4894737138933732
4796107660#2044195515,0,0,0.4862665123167166
4070366893#4643805223,0,0,0.4862665123167166
2118967459#5183118904,0,0,0.4862665123167166
4196030610#4219594127,0,0,0.4876922476734758
303433622485#6633358861,0,0,0.48796725989066764
356576030969#392281366488,0,0,0.4862665123167166
1709836734#3711116048,0,0,0.4862665123167166
5090005176#3628839716,0,0,0.4862665123167166
48384062571#4657395496,0,0,0.4862665123167166
3991972122#4206294979,1,0,0.49799508883698274
1309241819#1309241821,0,1,0.5121197840990401
1875566008#2071801820,1,0,0.49803576992669385
4808983543#4720990748,1,1,0.5054175263070153
4038622993#2098918003,0,0,0.4862665123167166
18468022060#2061674343,0,0,0.48739455151208605
28375457127#3287136302,0,0,0.4878682197728712
109165560395#2070534468,0,0,0.4862665123167166
2075611951#2050760324,0,0,0.4862665123167166
3050152494#203654552716,0,0,0.48656210968447494
1497880313#3887327251,0,0,0.4874258546276873
3484000884#2101227068,0,0,0.4862665123167166
2160958435#3582409643,0,0,0.4862665123167166
4200743404#4200588492,1,0,0.4990492228884937
156276506111#2061309885,0,0,0.4905296736931612
2111351705#3903296434,0,1,0.5035117232175204
4264534612#4132115994,0,0,0.49422203297332773
3509258338#4057038032,0,0,0.4865394321569262
4975664600#4780994423,1,1,0.5065851206928424
2057657991#4145496082,0,0,0.4862665123167166
3578109143#3991972122,0,0,0.48656210968447494
2067534525#1649349373,0,1,0.5122446647104248
29757516394#2058535644,0,0,0.4862665123167166
187961304511#99206573417,0,0,0.4900087517846367
3988152389#4792436579,0,0,0.48656210968447494
2108699584#2119387186,0,0,0.4862665123167166
3882168316#1711730143,0,0,0.4862665123167166
3404236704#1485299018,0,1,0.5302476289532
4650641709#1372606932,0,0,0.4862665123167166
1564005555#2085225572,1,0,0.4941140072902316
1752749947#4015401444,0,1,0.5056620929444731
5185245258#2055608440,0,0,0.4862665123167166
4057038032#2043683805,0,0,0.48816653737017307
1639157122#2062075977,0,0,0.4955488605632169
117873856741#1712004928,0,0,0.4962542360414181
4572510718#4573019780,1,1,0.5021933879934177
4176537188#2118967459,0,1,0.5018684335904686
4080777239#69055886795,0,0,0.49145904394942524
5034412454#4589820532,0,0,0.49715278674954505
4277815885#373850277197,0,0,0.4862665123167166
14586847312#3712801411,0,0,0.4887541823826115
4824270160#1564005555,0,0,0.4975243910216304
4755216808#1644134375,0,0,0.48796725989066764
1627738213#3931049291,0,0,0.4862665123167166
4744904703#3995923367,0,0,0.4862665123167166
4145496082#3309721567,0,0,0.48676087588518085
335230006871#4624517252,0,0,0.4862665123167166
3926916973#3927031679,0,0,0.49552395009529754
49507593260#1453376890,0,0,0.4862665123167166
5185245258#28375457127,0,0,0.49054417501855974
245814065042#379478718058,0,0,0.49083890881837894
2054724323#3883325282,1,1,0.5012275065665391
3986575237#3986761734,0,0,0.49305582021792027
4758277966#4361071311,0,0,0.4763574882050723
3712213597#1500223180,0,0,0.48650998650199695
4623324616#3913210887,0,0,0.48656210968447494
140581144985#142083821417,1,0,0.4945932593265328
1303289685#4316370583,0,0,0.4878682197728712
29608029868#5185245258,0,1,0.5093119508665108
43182039587#2873066846,0,1,0.503048668238357
4300806520#2113093450,0,0,0.4862665123167166
4145044745#2304664037,0,0,0.49978561445157865
4285651704#2123088534,0,0,0.4924757050128035
1592252801#1416629632,0,0,0.4862665123167166
2190429617#4277815885,0,0,0.4862665123167166
2050883606#3240377870,0,0,0.4862665123167166
3295629869#1955012315,0,0,0.4862665123167166
145760114769#3202641160,0,0,0.4862665123167166
3993041966#3862188518,0,0,0.48656210968447494
4808180492#2062181997,0,0,0.48785020682957503
1372537976#1541794055,0,0,0.48656210968447494
2218261094#3287136303,0,0,0.4862665123167166
3934516600#466235290974,0,0,0.4862665123167166
379478718058#392281366488,0,0,0.48788801493903905
3105105450#3930220886,1,0,0.4987464637490613
3287805133#4720990747,0,0,0.4862665123167166
200569781240#4145044745,0,0,0.48656210968447494
4662125901#204767102724,0,0,0.4862665123167166
4713666808#3870637640,0,0,0.4924970891487901
4632894940#4348498011,1,1,0.5419449395419657
3429527333#2183968048,0,0,0.4862665123167166
226965211490#99206573417,0,0,0.4900087517846367
4091776857#4070758202,1,0,0.48816653737017307
1995007743#4145496082,0,0,0.48845930779964475
4455655369#1785334661,0,0,0.48388534599217936
1715361146#2026312944,0,0,0.4859921835902172
4057038032#2063596099,0,0,0.4862665123167166
14613455658#152713369272,1,0,0.48144605345548114
3962069458#1760226057,0,0,0.48947364825491385
4206008942#4145771589,0,0,0.4929880659842489
4082182753#5124643800,0,0,0.4862665123167166
4632894940#3072564418,0,0,0.4862665123167166
2073951091#4144296423,0,1,0.5023865419091351
2061244620#1431887069,0,0,0.493307135454323
14613451516#14613455658,0,1,0.5008677889187126
2071801820#5083069896,0,0,0.49278289485653076
5169209205#3633114696,0,0,0.4862665123167166
2057146445#1592253963,1,1,0.5175593659664885
3602711494#3967431642,0,0,0.4862665123167166
2058531416#2118967459,0,0,0.49740941790714355
2010425525#3576237842,0,0,0.48656210968447494
5197250019#3825974020,0,0,0.4954038674005332
4272953638#4203062441,0,0,0.48932976037688597
3702571839#3077307902,0,0,0.4934588717463298
2075302660#3451234547,0,0,0.4862665123167166
5206675985#4730947102,0,0,0.4862665123167166
2059786009#2073951091,0,0,0.48816361550926907
4790633062#156276506111,0,1,0.5079864715402775
2488218738#4632894940,0,0,0.4945514755906619
4717435092#1611432328,0,0,0.4862665123167166
1833924490#3287136295,0,0,0.4824188025256945
1627677359#474022190894,0,0,0.4878682197728712
4792436579#4206245003,0,0,0.4862665123167166
1709836734#443982000626,0,0,0.4862665123167166
2183963548#4623955861,0,0,0.4862665123167166
4506637171#2079580923,0,0,0.49876754674688945
145760114769#5205408909,0,0,0.4882635336322116
4650344731#4824270160,1,1,0.5189212794489202
4384418878#4612302183,0,0,0.49763593965224656
4158960527#2114326156,0,0,0.4914123902638744
3289002540#4065795437,0,0,0.4972867546130147
4384418878#2133663760,0,0,0.4914307409592949
5022076775#4780994423,0,0,0.4901138498479618
4082003885#2115662086,0,0,0.4862665123167166
54160155723#2061946625,0,0,0.4904269961159555
199104051031#3114734058,0,0,0.4862665123167166
102514982310#114453608394,1,0,0.4940267618996222
2296574953#2056478070,0,1,0.5007310538781408
2159739481#4327730515,0,0,0.4862665123167166
3903296442#2111350136,0,1,0.5035117232175204
249652232743#4498422001,0,0,0.4862665123167166
4226659634#2012448159,0,0,0.4862665123167166
4895194761#2057706385,0,0,0.4918393536472562
2114716134#2111349786,0,1,0.5041542288493768
4895194761#199104051031,0,0,0.4862665123167166
97875580425#3404236704,0,0,0.48967629203467794
4185358309#90189178714,0,0,0.4862665123167166
369955904629#335140370164,0,0,0.4999729066530518
141703162569#187961304511,1,0,0.48570120641691944
69055886795#87008148161,0,1,0.5025685946761879
1479236028#1479606018,1,0,0.49289300554543997
3477028783#3926916973,0,0,0.48656210968447494
49507593260#1711703532,0,0,0.49151938738687967
3489875333#1316741419,0,0,0.4964850351922853
4455655369#3988152389,0,0,0.4947437190302578
4082182753#4702376819,0,0,0.4862665123167166
68727484174#140581144985,0,0,0.4862665123167166
3487828519#3927439605,0,0,0.49687312664062877
1533725661#1349608070,0,0,0.49898378574179586
4117072069#2416679645,0,0,0.49062981155891433
3641396498#407898948323,0,0,0.49421935709756754
1875566008#2114279054,0,0,0.4862665123167166
41965445982#4226781300,0,0,0.48656210968447494
4226659635#2037536844,0,0,0.4862665123167166
4720990752#3798986721,0,0,0.48739451493851393
4451089335#2058494409,0,0,0.4914298617370941
69055007639#2057352941,0,0,0.4862665123167166
4819851561#4196027218,0,1,0.5019469349391581
2061946625#4813716345,1,0,0.49356121149306303
3791609567#4469025400,0,0,0.4862665123167166
4145771589#3582409643,0,0,0.4862665123167166
4212792387#4782028642,0,0,0.4862665123167166
4824270160#1715361146,0,0,0.4942358529501975
3766757690#1485301223,0,0,0.4869267334029206
1500223180#3717616592,0,0,0.4889887991146677
3628839717#3451234547,0,0,0.4971585896459338
1309241821#4593095274,0,0,0.4862665123167166
4150903702#3927439605,0,1,0.5281168318990964
2118967459#1415580742,0,1,0.5039251656889725
4030079241#1320992610,0,0,0.4862665123167166
2114708220#4057038032,0,0,0.48139371193876124
3870637640#2009659663,0,0,0.4878682197728712
4786537439#1965402836,0,0,0.4862665123167166
4070427569#3986761734,0,0,0.4862665123167166
102180093107#102514982310,0,0,0.4862665123167166
4720990747#4657354311,0,0,0.48868261208361397
4579061300#4674166292,0,0,0.4862665123167166
4301048457#1718702641,0,0,0.48866700334128155
3043166693#4384418878,0,0,0.4925138877491436
3747287828#2059840221,0,0,0.4862665123167166
2101227068#3825974020,0,0,0.4954038674005332
5185529458#3735183725,0,0,0.4862665123167166
4065734118#1694365644,0,0,0.4862665123167166
2057660030#5185529426,0,0,0.48656210968447494
1431930648#4117072069,0,0,0.4889459791803028
4254960496#3850067472,1,0,0.49151938738687967
2114716134#2359572372,0,1,0.5041542288493768
3474685536#3451234547,0,1,0.5007805537430827
1649349373#3053549924,0,0,0.49151938738687967
4657395496#1693960182,0,0,0.4904286228215063
69055886795#3712801411,0,0,0.4862665123167166
3798986721#1541794055,0,0,0.48656210968447494
3475895224#1391856996,0,0,0.4881324971443019
4373986045#3747287828,0,0,0.4862665123167166
8431808974#1639330963,1,0,0.49029362085287237
3045169703#3053961277,0,0,0.4948809133951404
4332430141#2063941871,0,0,0.49168365078605253
14613451516#3986761734,0,0,0.48904272012214783
1541794055#4506637171,0,0,0.4882532975980692
2058494409#1523991651,0,0,0.49898378574179586
3256705889#3913210887,0,0,0.49086598484391436
3628839722#3628839717,0,1,0.5017843937748429
29608029868#4643938191,0,1,0.5111953807901827
2056513884#1592253963,0,1,0.5102250285115365
2058407169#2059840221,1,0,0.48932976037688597
4057038032#211675776290,0,0,0.4862665123167166
2114708220#4176537188,0,0,0.4862665123167166
4272798975#4809064482,0,0,0.4862665123167166
68727484174#4792436579,0,0,0.4862665123167166
8431808974#2057536594,0,0,0.4875546094618166
37132781634#5122767609,0,1,0.5118788645200885
63975298498#1479236025,0,0,0.4862665123167166
2069945983#1416301524,0,0,0.49951959610372243
433432593358#200792633059,0,0,0.4862665123167166
2054817755#2061673563,0,0,0.48656210968447494
3043391308#1718702641,1,1,0.500376210932041
102514982310#165376540325,0,0,0.4977313516116771
10183965715#1523991651,0,0,0.4897025736743265
156275809937#29103099346,0,1,0.5003947725115849
3551736332#3735183725,0,0,0.4900469863286736
4808240616#4808238795,0,1,0.5305643385566312
4145044745#4165151066,1,0,0.4938224945002721
1639330963#3487828531,0,0,0.4876986443742117
3256705889#2061309885,0,0,0.4870564732529392
1965402836#20439984991,0,0,0.4862665123167166
4256622048#4256725997,0,0,0.48796725989066764
2009659663#2120460585,0,0,0.4852352536987513
167570408533#4807598946,0,0,0.4935261709665666
4070758202#1365425184,0,0,0.4862665123167166
1932250238#142083821417,0,0,0.49020910825964575
2359435242#1453527936,0,0,0.4877231321102385
4157779501#5022076775,0,0,0.4862665123167166
3046447657#2277829162,0,0,0.48656210968447494
187961304511#226965211490,0,0,0.4900087517846367
96073549554#3964017834,0,0,0.48866700334128155
4455655369#4451089335,0,1,0.5038053658534302
3779069464#4059739506,0,0,0.49151938738687967
1415580742#4274088675,0,0,0.49740941790714355
3267338675#4623972834,0,0,0.48656210968447494
4091776857#3240377870,0,0,0.4862665123167166
3633082639#3926967278,0,0,0.4862665123167166
4218561827#4375212253,0,0,0.4892351019293455
3295629869#2654931017,1,0,0.4917624094060546
5185245258#2297005450,0,1,0.5093119508665108
3077766580#1316070485,0,0,0.49726418158430485
1785937268#1760226057,0,0,0.49813527864633467
4574521416#4469025400,0,0,0.48846817644829565
1593907976#3475895224,0,0,0.4862665123167166
4612302183#5068270943,0,0,0.4862665123167166
4720990747#2073951091,0,0,0.49453090417315687
3289002540#4264634558,0,0,0.4862665123167166
3578109145#3578109143,0,1,0.5087182410668477
3993258388#4717447489,0,0,0.48746857478144856
2088439298#3477028783,0,0,0.4914123902638744
4702376819#4699490403,0,0,0.4862665123167166
3072525687#2067534525,0,0,0.4864312684614191
2075899540#4479393573,0,0,0.4922103912392586
4797165759#3641396498,0,0,0.49292415711457865
1573188123#2028648293,0,0,0.4870989175707555
1564005555#4081158129,0,0,0.48816381714062956
5031422175#1372181647,0,0,0.4862665123167166
2058881485#3072525687,0,0,0.4862665123167166
3993258388#4732077225,0,0,0.4955675043498489
2057202369#1431930648,0,0,0.4992733188711761
4699490403#5169209205,0,1,0.5041299891068561
2063941870#2063941871,0,0,0.49426511442401866
4938744224#19200751877,0,0,0.4862665123167166
2010425525#41965445982,0,0,0.48656210968447494
4643805223#210012116583,0,0,0.4899711020287715
298575330094#90189178714,0,0,0.4862665123167166
4273519745#3786142129,0,0,0.4862665123167166
2297009298#5037293131,0,0,0.4884592128770274
3578109143#4200743404,0,0,0.4884592128770274
2181531828#245814065042,0,0,0.4862665123167166
3641396498#2111349786,0,0,0.4862665123167166
3870637640#4345845643,0,0,0.490063842194086
3551736332#4893087221,0,0,0.48815062350790794
4763332016#4579061300,1,1,0.5058603594610023
1785334661#4082182753,0,0,0.4862665123167166
5034887015#18466522141,0,0,0.4862665123167166
54160155723#4786537439,0,0,0.49151938738687967
117873856741#124657516337,1,1,0.5120172863860748
1365425184#1648883631,0,0,0.4900685332609378
2140707372#4206245003,0,0,0.4946346269432971
4226659635#199104051031,0,0,0.4862665123167166
2057186115#2057186168,0,1,0.5054251198276924
2118041596#1694379811,0,0,0.4862665123167166
4910574353#90189177932,0,0,0.4862665123167166
18465755385#2111351705,0,0,0.4862665123167166
3629081901#150594502346,0,0,0.4862665123167166
5196417840#3043166693,0,0,0.4894506396889743
3287136296#3212722992,0,0,0.4862665123167166
1637581644#2026312944,0,0,0.4885366586241451
4667335909#4668248026,0,0,0.4881324971443019
4345845643#203654552716,0,0,0.49445175680925113
2058881485#1774818684,0,0,0.4862665123167166
3475895224#1410173485,0,0,0.4954059274294294
2416679645#4817865335,1,1,0.5360147685314022
3551393130#3451234547,0,0,0.49500886115562215
4448830722#4645346456,0,0,0.4862665123167166
1627738213#2065354050,1,1,0.5125031569138925
2009659663#43182039587,0,0,0.4922159749153073
3797472002#2057485751,0,0,0.4862665123167166
4575043423#3612961288,0,0,0.4862665123167166
2071801820#9043448493,0,0,0.49278289485653076
4117072069#4200588492,0,0,0.4878682197728712
4415227218#4345845643,1,1,0.507879803769064
2114326156#2121155353,0,0,0.49306455041327246
4354201228#5022076775,0,0,0.4901138498479618
450892236156#4256725997,0,0,0.4862665123167166
2111616240#3033453452,0,0,0.4793354906549328
1384518673#1760226057,0,0,0.4964850351922853
2007329562#1965402836,0,0,0.4902960948301066
4746787193#2062122607,0,0,0.49775900231990905
2012443116#4589820532,0,0,0.48763986909190654
90189177932#5205797148,0,0,0.4862665123167166
4176537188#4111311078,1,1,0.5003603117864834
4491307779#1314231362,0,0,0.4862665123167166
156276601653#249652232743,0,0,0.4862665123167166
2111226139#4274088675,0,0,0.49740941790714355
4674166292#4910574353,0,0,0.4939436566283646
2977766885#4038622993,0,0,0.49065233296456673
4206008942#226460833239,0,0,0.4862665123167166
1872011272#2615156599,0,0,0.4983095934358934
2117971399#1712004928,0,0,0.4862665123167166
1500223180#1872011272,0,0,0.492052047174837
4165283827#2050429391,0,0,0.49598338487662536
90189178714#69054998391,0,0,0.4959306272278007
1952051609#3477269989,0,0,0.48558802211037405
3714314534#4674140626,1,0,0.49714709950454455
489466582552#3946584694,0,0,0.49151938738687967
200792633059#156276601653,0,0,0.490024618309478
4451089335#4130010417,0,0,0.4901138498479618
14613476507#2071801820,0,0,0.4862665123167166
4746787192#4746833490,1,0,0.48858019359270044
5022076775#4277815885,0,0,0.4862665123167166
3053549924#4460920026,0,0,0.4900022081404019
2060056771#2054815601,0,0,0.49250206805650715
96073549554#4219594127,0,0,0.4942358529501975
2120460585#2066977172,0,0,0.4862665123167166
3475895224#2010425525,0,0,0.4862665123167166
2267710728#91686025987,0,0,0.4945514755906619
1785334661#1955030813,0,0,0.4899352322889115
3477269984#3578109143,0,1,0.5008364581494598
2010425525#2079580923,0,0,0.4862665123167166
152713369272#4196030610,0,0,0.48743773902266097
1438255025#4623978044,0,0,0.4987963653432066
2120460585#3798986721,0,0,0.4885366586241451
1314231362#3946584694,0,0,0.4862665123167166
3489875333#1760226057,0,0,0.4964850351922853
4667335909#3766757690,0,0,0.4881324971443019
1649349373#3633529401,0,0,0.49136040117233404
3477028783#5102675634,0,0,0.4862665123167166
72124210175#379478718058,0,0,0.4862665123167166
4590537395#5185529426,0,0,0.49975802415536885
3077307902#2055988859,0,0,0.49601665544006607
4900256072#4749417182,0,1,0.5143622530628691
2075393157#3370936702,0,0,0.4862665123167166
4196027218#1590545992,0,0,0.49699368382800096
4516329204#1648883631,0,0,0.4862665123167166
1564005555#4650344731,0,0,0.4975243910216304
1497880313#81732347381,0,0,0.4862665123167166
4185963090#3551393130,0,0,0.48808794185282495
2092174215#4876527314,0,0,0.4862665123167166
190662008501#4316370583,0,0,0.48656210968447494
2062122607#5169209205,0,0,0.4889962223946685
10183965715#1759205074,0,0,0.4875746542943171
138962728028#3967431642,0,1,0.5035226252699037
2069380321#3458092809,0,0,0.4862665123167166
2114716134#3903296434,1,1,0.5053279422951777
8609591019#5185529458,0,0,0.4862665123167166
3797472002#3997209484,0,0,0.4870989175707555
3442901956#2114326156,0,0,0.4914123902638744
4730947102#3626237468,0,0,0.49920274665397585
2224193149#4895194761,0,0,0.4922103912392586
97378085541#3636206032,0,0,0.4862665123167166
4657320935#2063596827,0,0,0.488262857258426
3797472002#1818747488,0,0,0.48816653737017307
3052180518#4197957154,0,0,0.49181498475463803
3708028912#3707618845,0,0,0.4862665123167166
3931049291#1389018108,0,0,0.4862665123167166
2111616240#4697566414,0,1,0.5047816173936045
4933360994#4176537188,0,0,0.4862665123167166
2055298458#3927031679,0,0,0.48794620383884
4145044745#2016866277,0,0,0.4895550503881495
4226659635#4256622048,1,0,0.4862665123167166
1309241821#2054724323,0,0,0.4862665123167166
298575330094#4786537439,0,0,0.4862665123167166
2977432095#29757516394,0,0,0.4862665123167166
4780994423#1644134375,0,0,0.4935497196346292
3435281641#1438441441,0,1,0.5023268122079566
1485301223#1391856996,0,0,0.496972097036101
145760114769#3475895224,0,0,0.4862665123167166
4301048457#4944832122,0,0,0.48866700334128155
2133358535#2176735919,0,0,0.48895428069896013
4910574353#3475895224,0,0,0.4862665123167166
3287136303#4813716345,0,0,0.4862665123167166
192584035425#2050429391,0,0,0.4862665123167166
4226659635#4231111906,0,0,0.4862665123167166
4623978044#3931049291,0,0,0.4862665123167166
69054982841#69054998391,0,0,0.4997629552309419
4165283827#4219594127,0,0,0.49598338487662536
4657354311#4256622048,0,0,0.4862665123167166
3041186060#3477269989,0,0,0.4878613903513371
2176735919#2054666779,0,0,0.48895428069896013
19200751877#1650171815,0,0,0.4985853673597936
2112308267#4819851561,0,0,0.49204400764416856
356576030969#3475895224,0,0,0.4875546094618166
4185358309#3927031679,0,0,0.4918393536472562
1711995496#2146119221,1,0,0.4963499605291246
3986575237#3287633018,0,0,0.48986224905509346
2061946625#4959266141,0,0,0.4862665123167166
1391856996#2118416856,0,0,0.4877923444850666
2146061466#1438255025,0,0,0.48739451493851393
4165151066#5102675634,0,0,0.4862665123167166
1479236028#25271558033,0,0,0.4862665123167166
2010425525#4590123310,0,0,0.4862665123167166
2056513884#4291077418,0,0,0.49439488955485644
2190429617#1815633130,0,0,0.4862665123167166
200792633059#4674166292,0,0,0.4862665123167166
283482842835#4777455284,0,0,0.4862665123167166
2140707372#4041026262,0,0,0.4862665123167166
3501281334#3053961277,0,0,0.48763986909190654
3487828519#1639330963,0,0,0.49227216875966306
2121155353#4573019780,0,0,0.4862665123167166
1372606932#4491307779,0,0,0.4873851868268428
1718702641#4735364801,0,0,0.48866700334128155
3400442486#4132115994,0,0,0.49494064829872675
69054982841#68727484174,0,1,0.5007222871980774
4212792387#2057202352,0,0,0.4862665123167166
18465765293#69055007639,0,0,0.4886534045041794
1639219119#2296522678,0,0,0.4870989175707555
2065121798#2068611560,0,1,0.5033351717268001
156276601478#14613455236,0,0,0.4898595360204112
3728594582#4001709701,0,0,0.4862665123167166
2114708220#2043683805,1,1,0.5086867805701284
3564326181#5095491561,0,0,0.4956853096855784
2488218738#1859050383,0,0,0.4862665123167166
4893087221#2079580923,0,1,0.5120233602818772
2671772709#2058531416,0,0,0.49740941790714355
1479236027#1479236025,0,1,0.5014410385578043
2061309885#4777455284,0,0,0.48656210968447494
412740201285#580549064505,0,0,0.4875546094618166
2306327656#4452424559,0,0,0.4942358529501975
4840518949#2116078007,0,0,0.4862665123167166
2055988859#4657395496,0,0,0.4927129281571049
3292344806#4575249992,0,0,0.4862665123167166
4291077418#3287805133,0,0,0.4925114596311845
2128656141#4420971756,0,0,0.4862665123167166
1303289685#4218561827,0,0,0.4862665123167166
1815809122#5132524109,0,0,0.4862665123167166
156276601653#335140370164,0,1,0.510790467968434
5090005101#3033453452,0,0,0.4862665123167166
124657516337#4746833490,0,0,0.4862665123167166
1785937268#1316741419,0,1,0.5144040440312189
4693830154#1349608070,0,0,0.4862665123167166
1320992607#3573596891,0,0,0.49087049407725764
4218561827#4898730811,0,0,0.48656945462207285
373850276629#3230703164,0,0,0.4862665123167166
3114734058#3964017834,0,0,0.4862665123167166
433432593358#466235290974,1,1,0.5039160846550412
4808983543#156276506111,0,1,0.5057131236747737
283482842835#1978617477,0,0,0.4862665123167166
2069078384#4824270160,0,0,0.4862665123167166
4479393573#2054817755,0,0,0.4890238176245106
2088439298#2117971399,1,0,0.4862665123167166
2416679645#10605371390,0,0,0.4862665123167166
1774643505#4585413933,0,0,0.4862665123167166
1633806208#4895194761,0,0,0.4918393536472562
4667944802#1978617477,0,0,0.49040506389331234
1815633130#4301048457,1,1,0.5097412897098861
1410173485#3045169703,0,0,0.4862665123167166
2306327656#109165560395,0,0,0.4862665123167166
1639157122#18465839155,0,0,0.46765827617151734
1552178606#2050760324,0,0,0.4862665123167166
4081158129#3043166693,0,0,0.4862665123167166
2115662086#3324213074,0,0,0.4862665123167166
3845908374#3438857896,0,0,0.48656210968447494
3578109143#293198128708,0,0,0.48656210968447494
496613160423#1639219119,0,0,0.4862665123167166
1693960182#1431887069,0,0,0.4883625833413355
4327730515#3602711494,0,0,0.4862665123167166
2146061466#3887327251,0,0,0.49639872108102934
65277266246#4965685047,1,1,0.5072354104154496
4255048934#2054734151,0,0,0.49703601552720295
1319336886#4874906617,0,0,0.48317222383804165
1533725661#3882026745,0,0,0.4862665123167166
2304664037#2119493181,0,0,0.4998446681882951
10183965715#335230005323,0,0,0.4862665123167166
156276601478#90189177932,0,0,0.4862665123167166
3935134734#4452424559,0,0,0.4862665123167166
1929601246#3077766580,0,0,0.4926108182426168
4575043423#4777455284,0,0,0.4852602602874866
3797472002#4469025400,0,0,0.4862665123167166
4070366893#18465851371,0,0,0.4955488605632169
2056513884#2061309885,1,1,0.5181400952539674
1453527936#2056927656,0,0,0.4940016356965992
3946584694#1649349373,0,0,0.48897491235295176
1733350200#2054666779,0,0,0.48656210968447494
4283348799#204767102724,0,0,0.4862665123167166
4435802207#4623978044,0,0,0.49718654116558014
4855494603#2224193149,0,0,0.49660365813587826
3290843988#4236870644,0,0,0.4867788246944647
487072504294#4808983543,0,0,0.4862665123167166
2111320607#2114708220,0,0,0.48656210968447494
5090005101#3707618845,0,0,0.4862665123167166
4057297840#2114326156,0,0,0.4862665123167166
38406123057#3400442486,0,0,0.4870989175707555
2060056771#2028648293,0,0,0.4873442717241482
433432593358#580549064505,0,0,0.49033825494670746
211675776290#226965211490,0,0,0.48958382760339125
303433622485#1541915947,0,0,0.4862665123167166
2114716134#3072564418,0,0,0.4862665123167166
4015401444#4272953638,0,0,0.48816381714062956
4231111906#4657354311,1,0,0.4862665123167166
3711116048#3747287828,0,0,0.49138097487021887
38406123057#29299331674,0,1,0.5119847664487928
1639436942#4636446230,0,0,0.4862665123167166
4057038032#4212827921,0,0,0.4862665123167166
140581144985#3082042195,0,0,0.49145904394942524
4254960496#335230005323,0,0,0.48881941928980355
18465851371#2117967628,0,0,0.4955488605632169
3033453452#106190147487,0,0,0.4862665123167166
3400442486#3435281641,0,1,0.5012296523257976
20439984991#4162055411,0,1,0.5076004201389785
1639219119#4062424365,0,0,0.4917357561958881
29299331674#5185245258,0,1,0.5054919457912914
1774643505#3641396498,0,0,0.4862665123167166
4062424365#2048870562,0,0,0.4941118039949929
102180093107#369955897964,0,1,0.5059147580382037
2007329552#2359572372,0,0,0.48829585024480177
4746787193#2169788953,0,0,0.4955675043498489
14613588147#4435836422,0,1,0.5148563571476549
433432593358#3578109143,0,0,0.48693889723156936
4573019780#87008148161,0,0,0.4862665123167166
2055988859#13389301105,0,0,0.4862665123167166
3850067472#3517506225,0,0,0.49151938738687967
2111226139#4111311078,0,1,0.5172555995637999
10183965715#2027684481,0,0,0.4862665123167166
2048870562#3930220886,0,0,0.49151938738687967
4933360994#91686025987,0,0,0.4954437103157396
4824270160#2057146445,0,0,0.4862665123167166
3995882585#4283348799,0,0,0.4862665123167166
3945392968#4259867589,1,1,0.5123109045553178
285571185833#1955012315,0,0,0.4862665123167166
3988152389#4197957154,0,0,0.48656210968447494
2055492411#356576030969,0,1,0.5012074424554254
2088439298#4158960527,0,0,0.4914123902638744
1685036582#1307862087,0,0,0.4862665123167166
4643805223#2065121798,0,0,0.4914081273571121
2067534525#4877012874,0,0,0.4910581722869933
3287805133#4065795437,0,0,0.4984168926020155
2028648293#4157779501,0,0,0.4862665123167166
4495044650#2085225572,0,0,0.4862665123167166
4959793179#1552178606,0,0,0.4862665123167166
5090005176#150594495671,0,0,0.4862665123167166
141703162569#3550979323,0,0,0.4862665123167166
65277266246#2277829162,0,0,0.48656210968447494
3573596891#1627738213,0,0,0.4862665123167166
4697566414#3075632210,0,0,0.49087049407725764
4726069349#4361071311,0,0,0.4763574882050723
1372606932#145760114769,0,0,0.4882635336322116
4732077225#4283750934,0,0,0.4862665123167166
3845908374#3629081901,0,0,0.4896092229581418
8609591019#3487828519,0,0,0.49084003670216797
1965402836#5079490375,0,0,0.4862665123167166
2183963548#2026258516,0,0,0.49199795533795837
2070534468#3287136296,0,0,0.4862665123167166
2120525705#2058881485,0,0,0.4939300994437128
3915411982#3633760178,0,0,0.4862665123167166
4808240616#135707428689,0,0,0.49088678193265545
2069078384#3077905761,1,1,0.5028017558638243
4070427569#3578109143,0,1,0.5055880809356408
5956875678#3831306913,0,0,0.4988565656930113
99206573417#4744904703,0,0,0.4952919395836981
335230005323#335230006871,0,1,0.5194771455430943
2059840221#2160958435,0,0,0.4862665123167166
2359572372#4206244931,0,0,0.48135371207651845
4643938191#1639436942,0,0,0.48676087588518085
4606763895#4212792387,0,0,0.4875546094618166
2057660030#2028165651,1,1,0.5011270680716258
1777473801#2057273513,0,0,0.4862665123167166
3400442486#1573188123,0,0,0.4870989175707555
142083821417#4876527314,0,0,0.4862665123167166
4301048457#2063596099,0,0,0.48866700334128155
3946584694#1309241819,0,0,0.4875546094618166
62533690929#49857216438,0,0,0.4910581722869933
335140370164#3708028912,0,0,0.4862665123167166
4460920026#1438441441,0,0,0.48815460953941814
5122767609#4165283827,0,0,0.4862665123167166
2113288221#2088439298,0,0,0.4862665123167166
1552178606#72124210175,0,0,0.4882635336322116
3628839717#3628839716,0,1,0.5017843937748429
1848719127#3946584694,0,0,0.4935531629258506
549708986379#1718702641,0,0,0.4906583906524065
1955032383#4874906617,0,0,0.4894007276938241
191333072438#1395111624,0,0,0.4862665123167166
4713666808#2306327656,0,0,0.4862665123167166
3612961288#1305945791,0,0,0.49523851755261533
1833924490#14586847312,0,1,0.5042641872467717
1438441441#3053549924,0,1,0.5059570722849758
4693830154#3988152389,0,0,0.4862665123167166
4657395496#18465839155,0,0,0.4922804841891943
29299331674#4643938191,0,1,0.5072116163871135
4460827792#1952051609,0,0,0.4862665123167166
2101227068#3279454241,0,0,0.4862665123167166
18465851371#1639330963,0,0,0.47239638919800575
291245346593#4877012874,0,0,0.4862665123167166
141703162569#226965211490,0,0,0.4900087517846367
2359113449#2026258516,0,0,0.4862665123167166
3931049291#2671772709,0,1,0.5001575147317736
2306327656#2054724323,0,0,0.48939625851096474
2061244620#4199527734,0,0,0.4862665123167166
3287136303#2026258516,0,0,0.4895750379048323
2007329562#1776613381,1,1,0.502119007061489
2977766885#3279454241,0,0,0.4981766121142058
3578109145#3474685536,0,1,0.5037300695310233
3033447588#4603465738,0,0,0.4914120829545143
3043391308#4944832122,0,0,0.4998508557673106
4975664600#4523609337,0,0,0.4862665123167166
5196417840#4632894940,0,0,0.4862665123167166
5034887015#5090005101,0,0,0.4862665123167166
2119387186#4373986045,0,0,0.4878682197728712
9043448493#4108691753,0,0,0.4862665123167166
1416301524#1785937268,0,0,0.4922686617910939
2133663760#4272953638,0,0,0.4892172005320992
3920807098#2055988859,0,0,0.4862665123167166
4301048457#4205391929,0,0,0.48866700334128155
2115662086#3633529401,0,0,0.4862665123167166
1512838165#4699490403,0,0,0.49105740840623163
102904734113#200792633059,0,0,0.4862665123167166
3429527333#4898730811,0,0,0.4862665123167166
1639330963#2297009298,0,0,0.4944177474204532
418215123949#226460833239,0,0,0.49170858200713446
2140707372#1958431796,1,1,0.5030939930585974
14613451516#54158063899,0,1,0.5053451128075447
4809064482#1541915947,0,0,0.4862665123167166
63975298498#4874906617,0,0,0.4894007276938241
4145044745#2054817755,0,0,0.4931375480046208
211675776290#3364587358,0,0,0.4862665123167166
4705563490#4200743404,0,0,0.49289983353064476
63573545398#62533690929,0,0,0.4862665123167166
2067590404#4196027218,0,0,0.4862665123167166
1650171815#2224193149,0,1,0.507314477925599
3512605559#138649305625,0,0,0.4862665123167166
117729109245#4196030610,0,0,0.4862665123167166
1303289685#1955032383,0,0,0.4875546094618166
3290843988#4091678032,0,0,0.4907106657214546
4809064482#5185529458,0,0,0.48852751966180624
3484000884#106190147487,1,0,0.48881941928980355
1627738213#2119387186,0,0,0.4862665123167166
1552178606#2069945983,0,0,0.4882635336322116
2063837093#2615156599,0,0,0.48650998650199695
4205391929#3114734058,1,1,0.5130214370815002
4283786658#4283750934,0,0,0.49472788932526873
2027684481#2026312944,0,0,0.49513104212048276
156276601653#4796107660,0,1,0.5084606517110203
2159739481#3114734058,0,0,0.48656210968447494
2169788953#4746787192,0,0,0.4955675043498489
2056513884#4867751970,0,0,0.4878682197728712
66891007246#4702376819,0,0,0.4862665123167166
3230703164#2873066846,0,1,0.5014227322361804
8431808974#8431809214,0,1,0.5040865955759578
18465765293#4720990752,0,1,0.5254609389801597
5034412454#4867751970,0,0,0.4973096731965061
8609591019#4291077418,0,0,0.4862665123167166
1593907976#3202641160,0,0,0.4862665123167166
2016866277#1470085027,0,0,0.4862665123167166
2066977172#2050581826,1,0,0.48994198207288847
2070030589#3033453452,0,0,0.4936441755758229
4427940311#4450968363,1,0,0.4862665123167166
75959618233#2073951091,1,0,0.4982919875235286
4116715778#3287136295,0,1,0.5001713324863456
2069380321#2118041596,1,0,0.48973110733754893
3927040910#3927031679,0,1,0.5095194576062975
4876527314#5183692300,0,0,0.49343067992016354
3862188518#2101227068,0,0,0.4862665123167166
2067534525#1952051609,0,0,0.49070518302426125
1752749947#4699490403,0,0,0.4915517719746959
1773082332#1785937268,0,0,0.4964850351922853
1592252801#4782028642,0,0,0.4862665123167166
4746833490#2123088534,0,0,0.4862665123167166
4893087221#3475895224,1,0,0.49732366568172304
3903296434#2111349786,0,1,0.5035117232175204
2055298458#2057186115,1,0,0.4887278033789142
2056478070#2297009298,0,0,0.4914081273571121
4111406344#1627738213,0,0,0.4831307925515727
14613476507#5185529458,0,1,0.5047911583940482
2075611951#4460827792,0,0,0.4862665123167166
10605371390#3564326181,0,0,0.4912502445462515
2169788953#10605371390,0,0,0.4862665123167166
1694365644#1517548862,0,0,0.4862665123167166
1701535671#3409249156,0,0,0.4862665123167166
3474685536#3072527640,0,0,0.4862665123167166
4813716345#63975298498,0,0,0.4894007276938241
4966778011#65277266246,0,1,0.5135808646889194
62533690929#2061309885,0,0,0.4862665123167166
5022076775#2059397275,0,0,0.49463699767529135
19200751877#3204907291,0,0,0.4922103912392586
3559141878#3463623936,0,0,0.491825196695578
3550979323#14613588147,1,0,0.4936776093043872
1372537976#1395111624,1,0,0.49919114779906437
2114716134#4479393573,0,0,0.4862665123167166
2069380321#2054734151,0,0,0.48973110733754893
1485301223#4070427569,0,0,0.4964487235909571
3477028783#3846933347,0,1,0.5043311602790781
4145044745#2119493181,0,0,0.49127759501756335
4808983543#4790633062,0,1,0.5056151959239401
2062075977#2977432095,0,0,0.4862665123167166
4435836422#14613460476,0,1,0.5050129025084015
4015401444#4354201228,0,0,0.48816381714062956
2073951091#4944832122,0,0,0.4957262438483417
1438255025#2297009298,0,0,0.4998170773357281
3735183725#6633358861,0,0,0.48747983574158615
1431887069#1431930648,0,1,0.5142782937749765
211675776290#216572631693,0,0,0.48958382760339125
4448830722#4455655369,1,1,0.5102285433914734
2075393157#4585413933,0,0,0.4862665123167166
4070427569#1410206420,0,0,0.49653577390910253
4552735561#4575249992,1,0,0.4917944925116494
1431930648#4572510718,0,0,0.4862665123167166
4831154380#2058129925,1,0,0.4988018985320037
3986761734#97378085541,0,0,0.4878682197728712
2016866277#2176735919,1,0,0.4895550503881495
2057120532#3927031679,1,0,0.49219682529064435
2007329552#4851639047,0,0,0.4950893264522959
1453527936#3052180518,1,1,0.5050091005169067
5090005176#212394033260,0,0,0.4862665123167166
4635899864#2297005450,0,0,0.4843830823930447
1627738213#3962069458,0,0,0.4862665123167166
2297009298#2070627808,0,0,0.4966610024272752
2012448159#3993258388,1,1,0.5058022622506997
1465579387#4720990752,0,0,0.49087049407725764
9043448493#4162055411,0,0,0.4862665123167166
4283348799#4041026262,0,0,0.4862665123167166
4082182753#4448830722,0,0,0.4852936426572256
3267338675#1309241821,0,0,0.4902596804451918
1955012315#3033447588,0,0,0.4862665123167166
4623324616#2050429391,0,0,0.49170545785893244
102514982310#4256622048,0,0,0.4862665123167166
14613455658#14613455236,0,1,0.5008677889187126
3240377870#3986761734,0,0,0.4862665123167166
72124210175#3945392968,0,0,0.4862665123167166
3714314534#4749417182,0,0,0.48983757871223227
1312745457#1307862087,0,0,0.48140986049117407
4717447489#4746787193,0,0,0.4915429906225608
4354201228#2085225572,0,0,0.4862665123167166
3304467506#5205408909,0,0,0.4862665123167166
54160155723#1760226057,0,0,0.4890348225474755
2062181997#5122809038,1,1,0.5127746684193334
1833924490#3287136303,0,0,0.4813633999351682
65277266246#4965682215,0,1,0.5022684600454991
1372178479#2277829162,0,0,0.49990930414428353
117154450703#1592253963,0,0,0.48785020682957503
2133663760#3717616592,0,0,0.4862665123167166
4777455284#5079490375,0,0,0.485555857655245
4797165759#2114326156,0,0,0.4881324971443019
5034412454#474022190894,0,0,0.49567683777751315
4212792387#1693960182,0,0,0.4862665123167166
18465851371#18465839155,0,0,0.4774008356186371
2059397275#1533725661,0,0,0.4917254591048525
4256725997#4657354311,0,0,0.4862665123167166
4693830154#4717435092,0,0,0.4862665123167166
3053549924#4746833482,0,0,0.4924849530274967
4915878989#2009659663,0,0,0.4890238176245106
3267338675#1319336886,0,0,0.4862665123167166
43182039587#5210339793,0,1,0.5209430414298526
3946584694#4145496082,0,1,0.5013529312990985
2139604103#1965402836,0,0,0.4862665123167166
2061673563#335230005323,0,0,0.4862665123167166
2057146445#2057202369,0,0,0.4995683784617131
3489875333#1759667553,0,1,0.5017379102624484
1479236023#1479236025,0,1,0.501581941973213
2139604103#2075899540,1,1,0.5184180045283436
8431809214#3105105450,0,0,0.4862665123167166
4720990748#2056961978,0,0,0.49609291177233106
31657249259#2058407169,0,0,0.4862665123167166
3578109145#124657516337,0,0,0.4862665123167166
356576030969#5022076775,0,0,0.4862665123167166
2028648293#1372181647,0,0,0.4886710405466514
3053961277#1685036582,0,0,0.4841803649737254
5185245258#91686025987,0,0,0.4954437103157396
4808983543#203654552716,0,0,0.4871228930556275
1479236025#1320992608,0,0,0.49800497720019443
5037293131#2055377608,0,0,0.4883633169964593
8431808974#2117967628,0,0,0.4958057613025818
2061946625#31657249259,0,0,0.4900737088213387
412740201285#4657354294,0,0,0.4875546094618166
212394033260#190486841338,0,0,0.4892351019293455
4720990748#5956875678,0,0,0.4862665123167166
3628839722#2224193149,0,0,0.4935609360478456
3053549924#3400442486,1,1,0.5031177495484992
3451234547#3578109145,0,1,0.5057481118221702
4185358309#3477269989,0,1,0.502135002980297
2063596827#4643938191,0,0,0.49242371813823094
4623978044#4623972834,0,0,0.49924411805683655
135707428689#1410173485,0,0,0.4910581722869933
1759667553#1760226057,0,0,0.4964850351922853
3489875333#1384518673,0,0,0.4964850351922853
4176537188#1415580742,0,0,0.49740941790714355
3862188518#1303289685,0,0,0.4862665123167166
3442901956#4851639047,0,0,0.49817860383665435
4476878387#580549064505,1,0,0.488369574826682
3913210887#202083551880,0,0,0.4862665123167166
4603465738#4653988894,1,1,0.5037992147997942
2063596827#3559141878,0,0,0.4862665123167166
2615156599#4657354311,0,0,0.48739451493851393
2055377608#1552178606,0,0,0.4862665123167166
2296574953#2297009298,0,1,0.5224764162626032
1818747488#3791609567,0,0,0.48816653737017307
2012448159#203654552716,0,0,0.48846213473793143
4657354294#4256926363,0,0,0.4862665123167166
1693960182#2057657991,0,0,0.4862665123167166
3628839722#3628839716,0,1,0.5017843937748429
3927439605#4065795437,0,0,0.4988570915354973
1403922320#3451234547,0,0,0.48795034469532816
4782028642#4130010417,0,0,0.49377878587521734
4650641709#4645346456,1,0,0.49140043543971323
5185529426#2009723716,0,1,0.5144392520541253
102514982310#190486841338,0,0,0.4892351019293455
4219594127#165376540325,0,0,0.485029921284235
25271558033#2108699584,0,0,0.4862665123167166
285571185833#5079490375,1,0,0.4907333410140449
1592252801#3633082639,0,0,0.485679250165885
3786142129#4354163617,0,0,0.4862665123167166
4254960496#2071801820,0,0,0.49151938738687967
4506637171#474022190894,0,0,0.4949802502490855
4116715778#280987330860,0,0,0.48816381714062956
2056478070#6013639039,1,1,0.5053684067024549
2108699584#3043036534,0,0,0.4878613903513371
2038238076#4693830154,0,1,0.5009788416726547
2119493181#2054666779,0,0,0.48895428069896013
3435281641#580549064505,0,0,0.4862665123167166
1611432328#10183965715,0,0,0.48586504543750486
4206245003#3930220886,0,0,0.4902118581788176
150594495671#165376540325,0,0,0.4892351019293455
3484000884#109165560395,0,0,0.4862665123167166
35234959099#3287805133,0,0,0.4862665123167166
3991972122#4203062441,0,0,0.4862665123167166
48384062571#2059397275,0,0,0.4862665123167166
2654931017#6633358861,0,0,0.4862665123167166
1564005555#1694379811,0,0,0.4960659641318655
2160958435#54158063899,0,0,0.4862665123167166
4354163617#31657249259,0,0,0.4878682197728712
4144296423#2063941870,1,1,0.5126326879250981
1740857110#6633358861,0,0,0.4862665123167166
3628839716#3474685536,1,0,0.4923754317777032
1372537976#1759667553,0,0,0.4862665123167166
4226781300#433432593358,0,0,0.4862665123167166
1978617477#4668248026,0,0,0.49040506389331234
6633358861#2061674343,0,0,0.48656210968447494
433432593358#3578109145,0,0,0.48693889723156936
4361071311#3045169703,0,0,0.4797551637498665
5183692300#3072525687,0,0,0.4862665123167166
4065795437#3882168316,0,0,0.4862665123167166
2092174215#4506637171,0,0,0.49172372012063187
2117967628#4938744224,0,0,0.4862665123167166
2113288221#2111350136,0,1,0.5166734301395886
3442901956#5185529426,0,0,0.48656210968447494
4915878989#4702376819,0,0,0.4862665123167166
4657354294#3591652360,0,0,0.4862665123167166
4375212253#3429527333,0,0,0.4938310574727931
4590123310#4480972193,0,0,0.4862665123167166
117729109245#4452424559,1,0,0.4942358529501975
18465765293#4808180492,0,1,0.5219489862296399
3582409643#124657516337,0,0,0.49136040117233404
2007329552#1395111624,0,0,0.4862665123167166
4080777239#5079490375,0,0,0.4862665123167166
3573596891#4915878989,0,0,0.4936612496021753
4001709701#9043448493,0,0,0.4862665123167166
2123088534#3404236704,0,0,0.4862665123167166
2115848787#4877012874,0,0,0.4862665123167166
2112308267#1711768137,0,0,0.4910660234026101
1785937268#1634250118,0,0,0.48656210968447494
369955897964#156276601653,0,0,0.49987465061380315
3477028783#3442901956,0,0,0.49916351259770486
2355519467#4062424365,0,0,0.48656210968447494
1347277680#4316370583,0,0,0.48656210968447494
54158093151#2063596827,0,0,0.4912037464893772
2640338192#2063888292,0,0,0.4881324971443019
1627677359#5083069896,0,0,0.48785020682957503
4635899864#4636446230,0,0,0.4876944661979716
2067590404#1694365644,0,0,0.4862665123167166
1485301223#5047311627,0,0,0.4910820129322426
4455655369#4452060617,0,1,0.5059253315927529
5196417840#1365425184,0,0,0.4862665123167166
2054666779#3416051894,0,0,0.48656210968447494
4668248026#4506831459,0,0,0.4862665123167166
4464938911#1718702641,0,0,0.48887023588640915
4448830722#3779069464,0,0,0.4900122233528982
4361071311#2092174215,0,0,0.48656210968447494
5102675634#5185245258,0,0,0.4862665123167166
4273519745#3708028912,0,0,0.4862665123167166
2113093450#1639219119,1,0,0.4974934076813141
412740201285#211516818734,0,1,0.5032728457622427
4059739506#2111350136,0,0,0.4907481355081037
4623434856#4327730515,0,0,0.4862665123167166
4130010417#4332430141,0,0,0.492713435248341
152713369272#4641732096,0,0,0.4862665123167166
489466582552#4965682215,0,0,0.4862665123167166
3712801411#4495044650,1,0,0.4976805217631246
1372181647#4796107660,0,0,0.4862665123167166
2058531416#4345845643,0,0,0.4862665123167166
2063941871#4523609337,0,0,0.49387210071095206
4130010417#3612961288,1,1,0.5007852636453018
4643371260#3475895224,0,0,0.4862665123167166
1309241819#3267338675,0,0,0.4902596804451918
4606763895#1693960182,0,0,0.4975082896166625
2065121798#4944579314,0,0,0.4966142062469923
2128656141#3633082639,0,0,0.4862665123167166
202083551880#2055377608,0,0,0.4862665123167166
2057573219#1552178606,1,1,0.5033216683969026
1316070485#1929601246,0,1,0.5112675630830216
20201333480#172020433612,1,0,0.4890238176245106
18466522141#156276601478,0,1,0.5038982699242659
2063888292#4641732096,0,0,0.4862665123167166
2671772709#1415580742,0,1,0.5068103701899556
1776613381#4283750934,0,0,0.4862665123167166
443982000626#407898948323,0,0,0.4852602602874866
2224193149#4116715778,0,1,0.5050430379622243
1955030813#202083551880,0,0,0.48845930779964475
2057186102#335230006871,0,0,0.4870989175707555
1782375467#3489875333,1,1,0.5017379102624484
2224193149#19200751877,0,1,0.5014583368750878
1457252565#1372181647,0,0,0.4908493528817268
2183428945#2181531828,0,1,0.5053456406772934
2057657991#6013639039,0,0,0.498262856423999
3046447657#4070366893,0,0,0.4862665123167166
433432593358#4867525539,0,0,0.4862665123167166
3962069458#4019678912,0,0,0.49046055534805355
4603465738#1627677359,0,0,0.48656210968447494
109165560395#3633529401,0,0,0.4862665123167166
3591652360#4236870644,0,0,0.4906732932786489
1320992608#1711703532,0,0,0.498510622004046
2057202352#1592253963,0,1,0.5076680297309154
1541794055#4831154380,0,0,0.4862665123167166
3046447657#4435666805,0,1,0.5104946727520869
41965445982#4657395496,0,0,0.48656210968447494
2054666779#2056078364,1,0,0.48895428069896013
3309721567#2098918003,1,1,0.5118715196470868
4763332016#142083821417,0,0,0.4896963250615825
291245346593#4460813658,0,0,0.4862665123167166
4292931987#1312745457,0,0,0.4893773562899078
1648883631#5196417840,0,0,0.4862665123167166
2054817755#4435497569,0,0,0.48656210968447494
3573596891#3287633018,1,0,0.49717937953908786
2057120532#5131642969,0,0,0.4875932811392198
1633806208#3324213074,0,0,0.49084003670216797
474022190894#2116078007,0,0,0.4881324971443019
63573545398#1479236028,0,0,0.4862665123167166
1316070485#4831154380,0,0,0.4862665123167166
1833924490#3077307902,0,0,0.49833204400054826
3458092809#3324213074,1,0,0.49084003670216797
2296522678#152713369272,0,0,0.4862665123167166
4717447489#4746833490,0,0,0.49479793662473953
2640338192#2067534525,0,0,0.49537734227144875
4457149562#4427940311,0,0,0.4862665123167166
3712213597#2075899540,0,0,0.48656210968447494
3474155608#4460827792,0,0,0.48656210968447494
248509310374#407898948323,1,0,0.49044564007483243
2301850248#373850277197,0,0,0.4862665123167166
4354163617#3474685536,0,0,0.4862665123167166
25271558033#3708028912,0,0,0.4862665123167166
2057082379#1416693660,0,0,0.49714092869166715
3964017834#3831306913,0,0,0.49786124046954666
5185529458#1307862087,0,0,0.4862665123167166
4301048457#2055771737,0,0,0.4862665123167166
3363374241#4777455284,0,0,0.48656210968447494
1347277680#1920884120,0,0,0.4862665123167166
4435630212#2055298458,0,0,0.48656210968447494
3292344806#3512605559,1,0,0.4940619907690433
4019678912#97875580425,0,0,0.492446048748155
2314431580#4657395496,0,0,0.4882150789774235
4817865335#3414290684,0,0,0.4862665123167166
1805614122#4218561827,0,0,0.4862665123167166
293198128708#1693941156,0,1,0.5098476739536018
3931049291#1372181647,0,0,0.48783863529261245
192584035425#4777455284,0,0,0.4862665123167166
4612302183#2037536844,0,0,0.4862665123167166
1403922320#1416629632,0,0,0.48656210968447494
2069078384#4715649755,0,0,0.4922159749153073
1416629632#3797472002,0,0,0.4862665123167166
2061946625#4900256072,0,0,0.4904269961159555
4203062441#4373986045,0,0,0.4905834579865819
4641732096#549708986379,0,0,0.4862665123167166
3612961288#4451089335,0,1,0.507220887305899
4062424365#5131642969,0,0,0.4870564732529392
2057082379#5185529426,0,1,0.5098694292107068
2123088534#2117971399,0,0,0.4862665123167166
1752749947#4185358309,0,0,0.49067429076300023
2116078007#3626237468,0,0,0.4862665123167166
4498422001#1457252565,0,0,0.4862665123167166
4495044650#4415227218,0,0,0.4862665123167166
4623955861#29299331674,0,0,0.4825187022088204
2159739481#1637581644,0,1,0.5085751029460126
2061244620#549708986379,0,0,0.4862665123167166
2176735919#3887327251,0,0,0.4899846445160524
3429527333#3077309817,0,0,0.4887261474754464
4910574353#4699490403,0,0,0.4862665123167166
2127640300#63975298498,0,0,0.4862665123167166
4910574353#4915878989,0,0,0.4822235800297011
4226659634#4256622048,0,0,0.4862665123167166
443982000626#2111349786,0,0,0.4862665123167166
4851873209#4316370583,0,0,0.4862665123167166
4650641709#18466375636,0,0,0.4862665123167166
124657516337#3578109143,0,0,0.4862665123167166
28375457127#2297005450,0,0,0.49054417501855974
4735364801#2054815601,0,0,0.48866700334128155
1320992608#3517506225,0,0,0.4862665123167166
4758277966#4475595676,0,0,0.48793169139293147
2180579787#2183428945,0,0,0.4928005092124827
10183965715#4693830154,0,1,0.5041345874383356
3105105450#4206245003,0,1,0.5013597466281794
2120338226#3041145156,1,0,0.48737122954560724
2010425525#3077905761,0,0,0.48656210968447494
4699490403#211516818734,0,0,0.4897026411404481
4746787193#4746833490,0,0,0.487348404559902
4460813658#280987330860,0,0,0.4862665123167166
3559141878#10553947604,0,0,0.4862665123167166
2229939616#106190147487,0,0,0.48656210968447494
4157779501#1711730143,0,0,0.48656210968447494
3072525687#5078702464,0,0,0.4910581722869933
4851639047#172020433612,0,0,0.4890238176245106
2113288221#1391856996,0,0,0.4942358529501975
2073951091#369955897964,0,0,0.4946164186985418
3082042195#5122809038,0,0,0.48785020682957503
2012448159#4746787192,0,0,0.4937344885926209
3404236704#4435666805,0,0,0.48656210968447494
4819851561#72124210175,1,1,0.50050952771369
3995882585#1614597826,0,0,0.4862665123167166
3578109143#1316070485,0,1,0.5080632084300309
2304664037#48384062571,0,0,0.4862665123167166
4449163726#3072564418,0,0,0.4862665123167166
3589653390#3986575237,1,1,0.5049966328522851
1774818684#2112308267,0,0,0.4905245409773012
4373986045#3711116048,0,0,0.4862665123167166
3903296434#3712801411,0,0,0.4935973420099619
3628839717#2111349786,0,0,0.49145904394942524
2050760324#2055608440,0,0,0.485679250165885
4283750934#1541915947,0,0,0.4862665123167166
3043391308#4301048457,0,0,0.48866700334128155
2057202352#1431930648,0,0,0.49765181624885363
3995882585#3287633018,0,0,0.4862665123167166
1920884120#216572631693,0,0,0.48958382760339125
3364587358#3053549924,0,0,0.49361664829214974
18466522141#4236870644,0,0,0.4862665123167166
4226659634#4232666143,0,0,0.4862665123167166
3578109143#1902954948,0,0,0.48656210968447494
4285651704#1312624571,0,0,0.4936055876027131
2133663760#2056927656,0,0,0.4862665123167166
2075899540#35234959099,0,0,0.4911823793004138
5132524109#5102675634,0,0,0.4862665123167166
2146119221#1712004928,0,0,0.4862665123167166
4464914770#4080777239,0,1,0.5069763182383528
26795163325#4057038032,0,0,0.4862665123167166
3946584694#3477269989,0,0,0.4868517834770368
200792633059#18466375636,0,0,0.4942358529501975
4720990747#4808240616,0,1,0.5154122356807711
3442901956#2088439298,0,0,0.4914123902638744
90189178714#90189177809,0,0,0.4959306272278007
4348498011#1952051609,0,0,0.4862665123167166
2118967459#3915411982,0,1,0.502341471176114
3926916973#1711995496,0,0,0.49992063181866486
4933360994#1593907976,0,0,0.4862665123167166
19200751877#2267710728,0,0,0.4862665123167166
3047893935#2057706385,1,1,0.5477394090291018
4674140626#29299331674,0,0,0.4911755420844639
4452060617#3612961288,0,1,0.5067625828885032
8431808974#4070366893,0,0,0.4958057613025818
3445826974#5205797148,0,0,0.48656210968447494
2058563113#489466582552,0,0,0.4862665123167166
5132524109#4259867589,0,0,0.49119856558568714
2012448159#3230703164,0,0,0.4862665123167166
335230005323#369955904629,1,0,0.49806254566612346
1365425184#4867525539,0,0,0.48838043549531546
496613160423#5034412454,0,0,0.48933830100637044
4145771589#142083821417,0,0,0.4862665123167166
3929215225#3477028783,0,0,0.4862665123167166
3915411982#1320992608,0,0,0.4862665123167166
4219594137#4361071311,0,0,0.48656210968447494
4506637171#489466582552,0,0,0.4949802502490855
3602711494#26795163325,0,0,0.4862665123167166
4636446230#4420971756,1,0,0.49285344258449887
2181531828#2183968048,0,0,0.49577129605160974
2056927656#2115662086,0,0,0.48874876062643613
2043683805#3509258338,0,0,0.4933049416234504
135707428689#69055007639,0,0,0.49567844190293214
2169788953#3993258388,0,0,0.4914930885087367
2306327656#4199527734,0,0,0.4862665123167166
2136267751#167570408533,0,0,0.4862665123167166
4001709701#3850067472,0,0,0.49151938738687967
4590123310#3576237842,0,0,0.4914158280491022
3934516600#6633358861,0,0,0.4862665123167166
3287805133#3289002540,0,1,0.5235179133507234
1415580742#2111226139,1,1,0.5039251656889725
1639385502#1639157122,0,0,0.47815756835964396
2296574953#4300806520,0,0,0.4862665123167166
2118416856#2061673563,1,0,0.4980997264448903
4589820532#4717435092,0,0,0.4862665123167166
69054998391#69055886795,0,0,0.4973760630434791
3850067472#4030079241,0,0,0.4862665123167166
4144296423#4506831459,0,0,0.4897025736743265
3477028783#3041145156,0,0,0.4884280945120603
2063941870#3967431642,0,1,0.508042708641024
2180579787#2183968048,0,0,0.4928005092124827
2190429617#2055377608,0,0,0.4862665123167166
3626237468#4867751970,0,0,0.4890238176245106
1593907976#1711768137,1,0,0.49788453794677706
2007329552#1776613381,0,0,0.4917322088683293
4657320935#1416301524,0,0,0.4870989175707555
2146119221#2314431580,0,0,0.49213935061592357
3287136302#1833924490,0,0,0.4824188025256945
4476878387#4435666805,0,0,0.4862665123167166
2183968048#3287136302,1,0,0.4906304404953586
1685036582#4702376819,0,0,0.4899216629814772
3779069464#4579061300,0,0,0.4862665123167166
211516818734#4730947102,0,0,0.4862665123167166
2057186168#91686025987,0,0,0.48922216694737847
1479236027#1320992610,0,0,0.4954033105335278
3363374241#4529171947,0,1,0.5029590639784827
1309241819#3903296434,0,0,0.4862665123167166
4808238795#4808180492,0,1,0.5256313830851128
4070366893#2062075977,1,0,0.4955488605632169
3927031679#3926967278,0,1,0.5281392217028371
2359435242#3052180518,0,0,0.49368694266302954
3292344806#2069078384,0,0,0.48524339189972726
4417535000#335230006871,0,0,0.489554970052752
4185479835#1701535671,0,0,0.4862665123167166
4965700329#2114326156,0,0,0.4862665123167166
2121155353#3077766580,1,0,0.4952625648558318
1512838165#3797472002,0,0,0.4918393536472562
1719728040#4165283827,0,0,0.4862665123167166
2169788953#2012448159,0,0,0.49563451364607736
4867525539#4612302183,0,0,0.48932976037688597
2111350136#3798986721,0,0,0.4862665123167166
4699490403#4635899864,0,0,0.4862665123167166
1470085027#1711768137,0,0,0.4875932811392198
1929467433#191333072438,0,0,0.4862665123167166
5090005176#4082182753,0,0,0.49078212758324874
117154450703#4717447489,0,0,0.48656210968447494
4657354311#1479236027,0,0,0.4890804416301666
3979884544#4807598946,0,1,0.5024952244329506
18465755385#4417535000,1,0,0.4976836520446829
2117967628#4272953638,0,0,0.4862665123167166
4231111906#2744122330,0,0,0.4862665123167166
1639330963#1639157122,0,0,0.46765827617151734
4256926363#4256725997,0,0,0.48796725989066764
1637581644#1564005555,0,1,0.5085751029460126
3997209484#4057038032,0,0,0.4862665123167166
2063888292#1649349373,0,0,0.49292415711457865
2111350136#2067590404,0,0,0.4862665123167166
4819735406#2058535644,0,0,0.4862665123167166
3711116048#4203062441,0,0,0.4862665123167166
4572510718#87008148161,0,0,0.4862665123167166
2043683805#4755216808,0,0,0.4862665123167166
1929467433#4218561827,0,0,0.4892351019293455
4384418878#2055608440,0,0,0.48656210968447494
3442901956#1410173485,0,0,0.49151938738687967
5185554343#1650171815,0,0,0.4870564732529392
2057120532#2057186115,0,1,0.5054251198276924
3484000884#280987330860,0,0,0.4862665123167166
2488218738#2069945983,0,0,0.4900469863286736
2050883606#4027278504,1,0,0.4983565933000051
3212722992#1590545992,0,0,0.49013899094757735
1644134375#1776613381,0,0,0.48656210968447494
2074433649#4361071311,0,0,0.4838374882050723
4650344731#1614597826,0,0,0.4862665123167166
10605371390#2050883606,0,0,0.4862665123167166
1590545992#1694379811,0,0,0.4862665123167166
1314231362#5205408909,0,0,0.4862665123167166
4643938191#38406123057,0,1,0.5206988238274416
1759667553#1773082332,1,1,0.5207206627321393
2056078364#2133358535,0,0,0.48895428069896013
1693960182#3212722992,0,0,0.4873267168233157
4809064482#226460833239,0,0,0.4862665123167166
65277266246#4965700329,0,0,0.4969288501310016
3290843988#4702376819,0,0,0.4862665123167166
1453376890#4938744224,0,0,0.4862665123167166
4283750934#303433622485,0,0,0.4862665123167166
369955897964#1872011272,0,0,0.4862665123167166
211675776290#2057146445,0,0,0.4881836123067974
4809064482#3512605559,0,0,0.4904269961159555
2079580923#4185479835,0,0,0.49126999840139035
6633358861#2065354050,0,0,0.4814842765814021
5196417840#4384418878,0,0,0.4894506396889743
4506831459#2055492411,0,0,0.4862665123167166
64461302079#5956875678,0,0,0.4826145471670806
474022190894#2061244620,0,0,0.4862665123167166
3903296442#4464914770,0,1,0.5088604294295441
4475595676#4361071311,0,0,0.4797551637498665
2060056771#2120525705,0,0,0.4892172005320992
3582409643#3072527640,0,0,0.4878682197728712
2111320607#4632894940,0,0,0.49414773680725715
2060056771#3309721567,0,0,0.4916176915566642
1718702641#4819735406,0,0,0.4862665123167166
2055771737#283482842835,0,0,0.4862665123167166
4720990748#4808240616,0,1,0.5254772268355574
2359572372#4464914770,0,1,0.5007544179097264
3414290684#4623972834,0,0,0.4862665123167166
298575330094#2055492411,0,0,0.4875546094618166
2054815601#3995882585,0,0,0.4902118581788176
4746787193#4732077225,1,1,0.5087498786610657
2067534525#1312745457,0,0,0.4862665123167166
245814065042#4283750934,0,0,0.49472788932526873
4271919356#75959618233,0,0,0.48656210968447494
1712613661#4475595676,0,0,0.4838374882050723
5083069896#20201333480,0,0,0.48656210968447494
4889965062#2063941641,0,0,0.49242371813823094
4643938191#2297005450,1,1,0.5163369958305782
63975298498#4205391929,0,0,0.4862665123167166
2063596099#2120338226,0,0,0.4862665123167166
4460813658#3077307902,0,0,0.4862665123167166
1321360812#2058535644,1,1,0.5174986011449004
4965685047#1593907976,0,0,0.4862665123167166
3279454241#4038622993,1,1,0.5010059121108706
2111616240#4506637171,0,0,0.48656210968447494
2067534525#3072527640,0,0,0.47822955263720873
4575249992#4205391929,0,0,0.4889626007090399
2012448159#4746787193,0,0,0.4988841991206821
4659671054#1541915947,0,0,0.4862665123167166
2063941870#2180579787,0,0,0.4862665123167166
4623324616#2113270608,0,1,0.5019531248095046
3636206032#2977766885,0,0,0.49142093266717657
3903296442#1309241821,0,0,0.4862665123167166
3964017834#3576237842,0,0,0.4862665123167166
2057573219#4038622993,0,0,0.4982535777980003
2007329552#48384062571,0,0,0.48829585024480177
142083821417#3072564418,0,0,0.4862665123167166
4464914770#90189177809,0,0,0.4862665123167166
350874367544#407898948323,0,0,0.4852602602874866
4080777239#4417535000,0,0,0.4862665123167166
2218261094#3309721567,0,0,0.4852936426572256
2026312944#2120460585,1,1,0.5032862688253888
4150903702#1773082332,0,0,0.4862665123167166
1512838165#4231111906,0,0,0.4862665123167166
1479236025#1479236024,0,0,0.4963290669030499
2057082510#4529171947,0,0,0.49460263172816793
1965402836#1712004928,0,0,0.4862665123167166
52308312082#6633358861,0,0,0.4905069494081762
3578109145#4200588492,0,0,0.4879942417419701
412740201285#4657354311,0,0,0.4883870147158556
4965685047#49857216438,0,0,0.4862665123167166
3717616592#4354163617,0,0,0.4889887991146677
2063930195#169388103646,0,0,0.48852751966180624
4883419414#2054666779,0,0,0.48656210968447494
3287136296#1833924490,0,0,0.4813633999351682
5090005101#4062424365,0,0,0.4862665123167166
3463623936#1564005555,0,0,0.4941140072902316
4460920026#3077743360,0,0,0.48815460953941814
5122809038#2119387186,0,0,0.4875546094618166
3876493191#2977766885,1,0,0.48969863957623516
4080777239#2111349786,1,1,0.5087042548502291
18465839155#2062075977,0,0,0.4955488605632169
1438441441#3053961277,0,0,0.4862665123167166
2139604103#2359113449,0,0,0.4862665123167166
14613451516#2037536844,0,0,0.4814164153947496
2671772709#369955897964,0,0,0.4895125257349357
4726069349#4475595676,0,0,0.48793169139293147
4273519745#3747287828,0,0,0.4862665123167166
4726069349#1365425184,0,0,0.4862665123167166
20439984991#2120460585,0,0,0.4862665123167166
1312745457#3636206032,0,0,0.49137483665058374
4158960527#2055988859,0,0,0.4882459420630865
2359435242#2120460585,0,0,0.4862665123167166
2057186102#2057186115,0,1,0.5019143716097233
1320992610#1479606018,1,0,0.49617823075378276
2267710728#54158093151,1,1,0.5223204135085978
169883264664#3551736332,0,0,0.49371889296885063
4796107660#4623972834,0,0,0.4897025736743265
4435666805#4185963090,0,1,0.5184640133855679
4720990752#4720990747,0,1,0.5134642611802266
3903296434#4464914770,0,1,0.5088604294295441
6013639039#2065121798,0,0,0.4914081273571121
1920884120#187961304511,1,0,0.48958382760339125
1594664396#4197957154,0,0,0.4862665123167166
