pair_id,true_label,pred_label,confidence
2070627808#2056478070,0,0,0.3461758
4479070818#4323500485,0,1,0.6929449
2455800880#4972894326,0,0,0.46937963
4593095274#3214249595,0,1,0.5543297
4206242446#4206267336,0,0,0.43245855
3551393318#3513178266,0,1,0.84845734
2078774568#4672808661,0,0,0.41746604
4643718292#4200577198,0,0,0.30603176
4401870234#2058148983,0,1,0.61931556
2069774757#3431879179,0,1,0.51978254
4256622048#4346970606,0,0,0.3246611
3764759336#4034038494,0,1,0.90197897
2114341514#2062075977,0,1,0.75335705
6015919609#1557919756,0,0,0.29400137
1701333916#2026258516,0,0,0.34683844
3903296442#1953270965,0,0,0.3419795
4435686270#1574873794,0,1,0.56522405
18465816919#2057811649,0,1,0.60334694
1728174549#4991881534,0,0,0.45855504
8431814058#1627587582,0,0,0.28618872
4804861605#4780994423,1,1,0.9183595
4851901157#1326086493,0,1,0.6381444
1639219119#2296574953,0,0,0.37267578
2062845102#2235828707,0,0,0.29205534
4656986610#1437868238,0,0,0.3163989
1818739935#4457149562,0,0,0.3163989
4641374150#2115880476,0,0,0.33944973
1438441444#3642422898,0,1,0.6490979
3836576451#3836676657,0,0,0.29905498
1914706723#3054671141,0,0,0.29400137
2057342439#4206269897,0,0,0.3163989
3108657350#178258449477,0,1,0.51887304
4435528162#4530026053,0,0,0.35571015
4232666143#3055576029,0,0,0.3163989
2059400154#1639390814,0,1,0.526386
1401982678#8431809688,0,0,0.42776728
4867542841#4659194738,0,0,0.3430649
3044025040#3411721643,0,0,0.37095445
4581502608#4538419241,0,0,0.3163989
1905948078#1394397775,1,1,0.5648682
1701333916#1374772535,0,1,0.5740542
3557197892#2247165276,0,0,0.3163989
1537709311#4209814745,0,0,0.3163989
4572636295#4535941097,0,1,0.86871755
5037293131#4898626808,0,0,0.28170115
5096293410#1457252585,0,0,0.32406542
2026258521#2026258520,0,0,0.4664288
4354044382#1416528046,0,0,0.34510309
1639219119#2359435242,0,0,0.3163989
14613469834#4535949395,1,1,0.7580409
4589595738#4619195159,0,0,0.33284512
4451288784#3446029040,0,1,0.5455178
2058563113#202363939789,0,0,0.36730137
1437868238#4628867825,0,0,0.3163989
2068436073#4129122420,0,0,0.31164438
1640340946#1811606488,1,0,0.46386558
102514982310#1914706723,0,0,0.3163989
4176217131#3032709817,0,1,0.58919454
2114716134#3903296442,0,1,0.60198945
4944579314#2055886100,0,0,0.28170115
2275666316#1711687490,0,0,0.3163989
2062770841#2067377960,1,1,0.8694801
2977755545#50016874555,0,0,0.3246611
50602314209#4471122121,0,1,0.5941019
4479096588#4261185678,1,1,0.67434657
97115452949#4479095804,0,0,0.28618872
3487828521#1594535010,0,0,0.30404046
6871473475#4065721591,0,0,0.3635862
2092174215#1816430010,0,0,0.452382
2183968048#1374772550,0,0,0.29663974
1914403252#4206242446,0,0,0.3163989
3289002540#3289002505,0,1,0.95320636
4298588573#3772512066,0,1,0.74984384
3836676657#4542321633,0,0,0.24329065
4022447951#14613456118,0,1,0.52094847
29608029868#4915591396,0,0,0.3163989
4867542841#4657354294,0,0,0.3430649
3525845999#1316058339,0,0,0.32785025
3791139342#2314360284,0,1,0.79012614
5018389488#4538419241,0,0,0.31164438
1639390814#1430988070,0,0,0.31164438
2150036453#3926867260,0,0,0.47592834
3642422898#3107598853,0,0,0.4194992
1640340946#4408616491,0,0,0.3163989
4405676807#4304261357,0,1,0.5021846
3882201915#4572374020,0,0,0.3163989
75959618233#2135054445,0,0,0.3163989
4973150488#1639390814,0,0,0.29343742
4304261357#4214739605,0,1,0.53791636
4454965094#4450888165,1,1,0.6285234
2111350136#2113288221,0,1,0.8751775
2169220658#5165108496,0,1,0.5051395
1816428069#3227376447,0,1,0.6317908
2119398744#2165015487,0,0,0.35056716
1784900254#97115452949,0,0,0.3163989
146777938215#364679238122,0,1,0.80914664
8431809688#53263275323,0,0,0.3163989
4215038721#4726704241,0,0,0.3163989
2727127831#4202096119,0,0,0.33186683
2062766801#2113760999,0,1,0.5540432
4231111906#4232471781,0,0,0.3398007
3794247232#2727127831,0,0,0.33186683
3269719212#2066246683,0,1,0.57064754
4003298247#4397595587,0,0,0.28035027
4272843119#3836676657,0,0,0.28618872
1811606488#2452901483,0,1,0.5338906
2061309144#2059483876,0,0,0.40061125
14613464513#146011937628,0,0,0.3163989
3347114660#4687116172,0,0,0.3430649
3580539229#1701333916,0,0,0.3246611
18468188878#4658620132,0,0,0.362684
1840606003#4149299298,0,0,0.3163989
14613588147#14613464473,0,0,0.32691383
3794247232#4898626808,0,0,0.29620782
1646144729#1427286361,0,0,0.28618872
2054657150#4761512241,0,0,0.31164438
5318769457#5169257623,0,0,0.3163989
1635692869#2058316912,0,1,0.5200852
2057685237#4165585148,0,1,0.5979024
4489521100#3439202323,1,1,0.6974115
2338916683#3770456617,0,0,0.3163989
3461052410#3259289288,0,0,0.3163989
5318769457#5210078086,1,1,0.71311665
4259241183#2074458538,0,1,0.76821387
4542039020#4761512241,1,1,0.5825901
2066509477#1718471304,0,0,0.3919336
4542386587#1656969942,0,0,0.263435
4210986952#46983614517,0,0,0.3163989
2124411604#4232471781,0,0,0.3163989
3628533316#3446029040,0,0,0.27309006
2604119334#2027890207,0,1,0.665243
54158093151#4479070818,0,0,0.4420753
2455800880#2118416856,0,0,0.30367664
2027929598#4450602322,1,1,0.8995539
3501285885#1639699607,0,0,0.31164438
2075914534#3054434630,0,0,0.33368137
4483987744#5154681248,0,0,0.3163989
4643943359#2296451977,0,0,0.40089792
5173394727#146011948003,1,1,0.70756155
4687116172#1347237190,0,0,0.3516653
3882201915#2122362220,0,1,0.6716192
1752749942#4247271139,1,1,0.62915814
1770010645#55721888445,0,0,0.3163989
4699280965#1694379811,0,0,0.3163989
4130010417#4448830722,0,1,0.5730114
1313607746#4726704241,0,0,0.3163989
4620685919#4718263231,0,1,0.665036
3609077013#3474372520,1,1,0.91217196
4272885125#1701333916,0,0,0.32406542
4316999113#4176217131,0,0,0.3163989
3831256267#4542039020,0,0,0.3163989
1914403252#4479070818,0,0,0.27309006
2113288221#3903296442,1,1,0.65799785
4804861605#4130010417,0,1,0.6341495
2068602973#2078774568,0,0,0.34806594
5014897285#4197138413,0,1,0.5726949
157726428514#167570408533,1,1,0.8796574
422592070627#14613456118,0,1,0.5137548
2092938385#2057986140,1,0,0.451503
1701333847#1398443073,0,1,0.77147436
18466210670#4750249486,0,0,0.3430649
4589678847#4619195159,0,0,0.33284512
2111041560#2056078364,0,1,0.7719696
3050045988#1951195150,0,0,0.39722446
3227376447#1813034413,0,1,0.6317908
3347114660#1427286361,0,1,0.5412067
117154450703#3999176481,0,0,0.36518124
4898626808#3046471496,0,1,0.546271
3108657350#5183692300,0,0,0.3757692
1653994308#4613276653,0,0,0.39049152
50602314209#53263275323,1,1,0.655437
2111041560#1694379812,0,1,0.5857864
4034038494#2338916683,0,0,0.3163989
2296493468#4535949395,0,1,0.7649648
373850283306#3054671141,0,1,0.60902643
100995265790#1633806208,0,1,0.8193834
4635981164#4825375981,0,1,0.77522135
4289086328#3836576451,0,0,0.30797282
1557919756#1319944364,0,0,0.44710457
2092610519#3269719212,0,1,0.8286596
3594649033#3359180524,0,1,0.75514525
5090005101#212394033260,0,0,0.38825005
125323389433#4223934140,0,1,0.6973026
4656986610#2168053481,0,0,0.33284512
4259429802#4260680249,0,0,0.30860594
3929215225#2007847537,0,0,0.41454458
14613588147#54158093151,0,0,0.44268706
4479096850#107725296889,1,1,0.80049735
4161797606#4132281843,0,1,0.55233926
1903466347#3487828521,0,1,0.6422963
2058316912#4851901157,0,1,0.71853656
1810185303#3557197892,0,0,0.3163989
3236601708#1438326380,0,0,0.3163989
2124411604#4536041187,0,1,0.57242393
1684789889#2977755545,0,0,0.29400137
1382214880#2111041560,0,1,0.5692851
18468695966#2068602973,0,1,0.50381404
4926426630#114453608394,0,0,0.29343742
2003710867#3630377420,0,0,0.4508614
219547393842#2114341514,0,0,0.4180641
378133536273#2455842713,0,0,0.3163989
3404019592#1847712017,0,0,0.4234964
2114341514#8431809688,1,1,0.53779507
1533602348#3594649033,0,0,0.33650976
2254264382#23230310067,0,1,0.77355564
4667944802#3648904906,0,0,0.3246611
2119476678#3644272514,0,0,0.27749348
4215038721#4451124306,0,0,0.36376446
4705583754#4735432768,0,1,0.78575575
2007329552#5018368651,0,1,0.5269341
156277207697#3401731422,0,0,0.28618872
2111350136#19705527158,0,0,0.3163989
4687116172#107725290582,0,0,0.3516653
2026258516#1565913509,0,0,0.3193306
2115151765#2281691154,0,0,0.35029978
2455800880#4972894677,0,0,0.41598508
10530767652#10175162517,1,1,0.7752887
2079572106#2075416140,0,0,0.40183872
4417849752#18467669365,0,0,0.28618872
1701333916#1543155210,0,0,0.31164438
1712080073#2314360284,0,0,0.3163989
564144132292#4232471781,0,0,0.3163989
378133536273#1416827061,0,0,0.3163989
4549189933#3114734058,0,0,0.26149327
4623949166#1751364886,0,0,0.46844387
3550979323#1816427364,0,0,0.3163989
2074019451#2058148983,0,1,0.5412067
4489521100#21269204096,0,0,0.26149327
1477156406#309312101477,0,0,0.3163989
3629624977#2111818909,0,1,0.5269341
2338916683#2339749085,0,1,0.6047149
3055576029#2115880476,0,0,0.3163989
22859701254#2117948923,1,1,0.6894688
1497880313#4215038721,0,0,0.29343742
3439202323#2003336437,0,1,0.5769542
1537709317#4057032761,0,0,0.3163989
1727736762#1712570793,0,1,0.7501904
4623947495#309312102749,0,1,0.5835969
4867542841#3896058143,0,0,0.3163989
3882201915#4391919171,1,0,0.3163989
4298588573#4641374150,0,0,0.4387295
1326086493#2057685237,0,0,0.46249375
3648904752#3669306485,0,1,0.8541195
3848611844#4451288784,0,0,0.33866853
3648904752#2113288221,0,0,0.3163989
3359180524#4726704241,0,0,0.39448267
1646206864#4176217131,0,1,0.526627
2275666316#3052165975,0,0,0.3163989
4451342506#4157381557,0,0,0.3221495
3831256267#4549189933,0,0,0.28618872
2066509477#97115452949,0,0,0.3163989
5096293410#2058316912,0,0,0.28618872
10530767652#1903466347,0,0,0.28614685
4680203965#4643011415,0,0,0.3163989
309312101477#4623934568,0,1,0.69161195
4451089335#2254264382,0,0,0.4679907
2452901483#343200247912,0,0,0.39061806
4285709211#4316999082,0,1,0.55310464
309312102749#1718471304,0,0,0.48099363
14613461939#4658620132,0,0,0.3163989
5041670056#4913742546,0,0,0.45210737
1382214880#2133358535,0,1,0.62582695
3214249597#60367707728,0,0,0.3163989
4215038721#2056478070,0,1,0.6348274
150594502346#2059052537,0,0,0.3163989
3633572726#2092610533,0,1,0.5412067
1427286361#1477293192,1,1,0.53714454
18465721026#4495044650,0,0,0.3163989
1656969942#1654102057,1,1,0.7367112
3075628047#2027838359,0,0,0.3430649
4232666143#4657354285,0,0,0.3163989
79993360240#364679238122,0,0,0.3163989
4579172309#3557197892,0,0,0.48512748
2054657150#4636381625,0,0,0.38367504
49857216438#4346970606,0,1,0.59364414
4535949395#4479096588,0,0,0.31146872
343200247912#4623934568,0,0,0.3430649
4620685919#2056662276,0,0,0.3163989
4663785560#4667944802,0,0,0.28859547
4065721591#3485676898,0,0,0.28170115
2180579787#2183963548,0,1,0.6481114
87820911338#3791139342,0,1,0.61538106
4658620132#2298730254,0,1,0.5357215
3349756713#167570408533,0,0,0.3163989
4384403228#1721524699,0,0,0.3163989
4195993580#1646275700,0,0,0.31252858
4450888165#1780678934,0,0,0.49434462
3860948251#2058132898,0,0,0.29620782
4274235353#86283717806,0,0,0.3163989
422592070627#4631852445,0,1,0.7640953
4538419241#1395111624,0,0,0.3246611
3550979323#564144132292,0,1,0.6481346
4215058789#4057032761,1,0,0.481709
5096293410#1848008894,0,0,0.31164438
2061673563#3934602500,0,0,0.39863664
5210078086#1565925308,0,0,0.25924262
2551494872#5003601219,0,0,0.32349813
5185236541#4196030610,0,0,0.3163989
10530767652#3487828521,0,0,0.29325008
2159739481#1694379811,0,1,0.6404612
53263229623#53263275323,0,1,0.72774166
1537709317#1537709311,0,1,0.6792118
3903241588#4943818903,0,0,0.36554104
5037293131#2135316663,0,1,0.6953702
3259289288#7026230674,0,1,0.596725
2062766088#4643898157,0,0,0.49955586
1374772550#1398443073,1,1,0.66328216
146011937628#1656969942,0,0,0.38263813
47752312088#4140165052,0,0,0.24964152
1994805938#2199135578,0,0,0.3419795
4206224036#4659194738,0,0,0.3163989
1430988070#2359435242,0,0,0.45269594
4155510577#4040016243,0,0,0.4180281
1316058339#1319944364,0,0,0.48821735
156277514294#138963214044,0,1,0.7692631
3628533316#3954668240,0,0,0.28170115
3926867260#3361906432,1,1,0.77486044
4226659635#4232471781,0,0,0.3398007
3831256267#292830032329,0,1,0.5914158
1721524699#2114049002,0,0,0.31682217
1386747994#1395111624,1,1,0.5070446
1528865186#2057145715,0,0,0.4358375
3550979323#4157551094,0,0,0.3163989
3501281334#4150903563,0,1,0.6422963
2062770841#422592070627,0,0,0.31164438
4223043910#1867286717,0,0,0.38972223
4057032761#2163049577,0,0,0.37599128
3361906432#3411721643,0,0,0.3163989
3431879179#4572374020,0,0,0.3163989
3612961288#3999176481,0,1,0.642513
38406123057#4642512906,0,0,0.44825998
2057145715#2063588766,0,0,0.31756076
45531943201#5027483278,0,0,0.3283155
124021630369#2727127831,0,0,0.3163989
3363370353#3419405027,0,0,0.40908414
2058278464#1635692869,0,1,0.7205127
14613469834#314601953357,0,0,0.2724413
3347114660#4272137501,0,0,0.3419795
3403917033#4316999113,0,0,0.3163989
4581502608#1537709308,0,0,0.3163989
4828387554#3849817492,0,1,0.58919454
1741741476#4680204120,0,0,0.49080688
4804861605#3470148182,0,0,0.3163989
1415647813#7161172305,0,0,0.3163989
1565913509#1456843034,0,0,0.3163989
2148153592#2113760999,0,1,0.72772527
1528865186#4489521100,0,0,0.3163989
5018389488#5154681248,0,1,0.74171644
5007075941#5027483278,0,0,0.4958051
4840773591#4841409785,0,0,0.3163989
187508564338#2064229512,0,0,0.29663974
212771874474#4755359264,0,1,0.55854964
4628467232#4065721591,0,0,0.3430649
580549064505#3881831374,0,0,0.3430649
4536450435#4439737347,0,1,0.8448587
3920807098#1709057480,0,0,0.28059202
1312695289#3044853716,0,0,0.36804602
4534359957#187508564338,0,0,0.30233076
4900378668#2199135578,0,0,0.3163989
18467925256#18465851371,0,0,0.09229622
49857216438#3609077013,0,0,0.36435264
2066624968#4570764341,0,1,0.51056856
3954668240#3054671141,0,0,0.28170115
5087832312#5090005101,0,0,0.3376798
1751364880#1502384801,1,1,0.78883314
4742698844#1843271409,0,0,0.28618872
1840606003#1319944364,0,1,0.68116134
50602309472#60367707728,1,0,0.49162737
1453532038#1646275700,0,0,0.38189903
1696095096#1627738213,0,0,0.3163989
2059052537#14613588147,0,0,0.28618872
2359435242#2116342008,0,1,0.54346836
5167083430#18465721026,0,0,0.4293914
2070791273#1419344414,1,0,0.3163989
5007075941#1778563595,0,0,0.3163989
4129122420#1398682725,1,0,0.48381945
4657354285#18467669365,0,0,0.31406823
4993036319#113196401893,1,1,0.8240698
3108657350#2111818909,0,1,0.6061921
3032709817#2075240892,0,0,0.3163989
109165560395#2059052537,0,0,0.28170115
4643943359#2062766088,0,1,0.60988396
4439737347#4439737367,0,1,0.5054023
4401870234#1416301524,0,0,0.3430649
3032709817#4715847880,0,0,0.3163989
1634282673#1712570793,0,0,0.45603675
3408556286#4900256072,0,0,0.3163989
4584646241#1497939109,0,0,0.3622942
4437827660#4439737367,0,1,0.5054023
1316058339#2058316912,0,0,0.28618872
146011937628#3061887519,0,0,0.3331189
79993360240#3055576029,0,0,0.3901557
1951195150#4755359264,0,0,0.3163989
237523614768#435372126625,0,1,0.63411623
1696438060#1415647813,1,1,0.8961848
2059400154#2113760999,0,1,0.5799497
4439737367#4536450435,0,0,0.4968252
3551872495#4792436579,0,0,0.3163989
3050045988#2074458538,0,0,0.37410042
2115151765#1728174555,0,0,0.3518554
111110399548#150594502346,0,0,0.3163989
38202857246#2148153592,0,0,0.28170115
2977755545#4195960848,0,0,0.28170115
4444196403#5215138753,0,0,0.45692712
7161172172#7161173338,0,1,0.90686244
18468687381#18468695966,0,1,0.8878448
3628839716#3474685537,0,1,0.7726938
3628533316#2092174215,0,0,0.31164438
4841409785#4417818851,0,1,0.5979853
4470296934#1816929342,0,0,0.3163989
1438483240#2062845102,1,1,0.5065132
3880409698#3651289412,0,1,0.75544447
107725292534#2112576214,1,1,0.7752887
86626661064#2314360284,0,0,0.3163989
4593095274#4401870234,0,1,0.5412067
2075914534#4944579314,0,0,0.40710908
18466202308#4348295931,0,0,0.31164438
1574873794#1696095096,1,0,0.49372953
4439426144#97115452949,0,1,0.8451548
4662042966#4335156801,0,1,0.58250207
2092610536#4643943359,0,1,0.78265774
4451342506#4479096588,0,1,0.643432
4470296934#3477269989,0,1,0.5412067
4748650954#4572636295,0,1,0.6973061
2054657143#4653616782,0,0,0.3163989
2268287413#146778888902,0,0,0.38839543
4316999113#4348295931,1,1,0.7378706
5197586202#4439737347,0,0,0.28170115
4285491833#2066624973,0,0,0.28618872
3926916973#4535930871,0,1,0.80558103
2977755545#4196030610,0,0,0.3163989
3451234547#3551393318,1,1,0.84845734
4898730640#2063588766,0,0,0.43811825
1472057117#336556403061,0,0,0.3713981
2115528606#3988152389,0,1,0.58917207
2062867476#2060355842,0,0,0.39262322
3603201749#2296451977,0,0,0.47192577
3043492443#4636381625,0,0,0.31164438
156277208014#1775497794,0,0,0.36255082
1497939109#2159739481,0,1,0.8468764
2054733437#4439737367,0,0,0.28170115
38202857246#1951195150,0,0,0.31164438
4206269897#3299599421,0,0,0.46882474
4843831604#4993036319,0,0,0.34039855
107725296889#107725292534,0,1,0.86328024
2061673563#2066535766,0,0,0.3163989
2070791273#2175801910,0,0,0.3163989
4210986952#4247271139,0,1,0.7755124
2061309144#1543155210,0,0,0.40061125
4179651570#4272137501,0,1,0.5462455
1848008894#1951195150,1,0,0.39722446
4943818903#4385421396,0,0,0.36554104
2314360284#1548108669,0,0,0.3163989
1438483240#1570945860,0,1,0.72804266
1520168707#2168053392,0,1,0.61149865
2120472151#156277514294,0,0,0.28170115
2060185514#2057145715,0,0,0.341132
2071751695#4722721497,0,0,0.2822944
4209814745#157726428514,0,1,0.54202753
2056128836#2111818909,0,1,0.5284628
2176735919#2016866277,1,1,0.5910667
3791139342#3967431643,0,1,0.5798382
2057811649#2068623358,0,0,0.27243093
3633360460#435372126625,0,0,0.3163989
3913410158#3245545040,1,0,0.3246611
5031406959#4952978442,0,1,0.6167053
86283717806#1456843034,0,0,0.3163989
156274514359#4535949395,0,1,0.736917
2336490445#3075628047,0,0,0.3163989
4804861605#1848008894,0,0,0.3163989
4584646241#3949154929,0,1,0.55396086
2062782802#2062766801,0,1,0.63819706
4952978442#1313607746,0,1,0.5241613
14613588147#3880409698,0,0,0.28618872
117154450703#111110399548,0,1,0.5363401
4667944802#3772512066,0,1,0.82674843
3648904906#3648904752,0,1,0.82377046
5173394727#4161797606,0,0,0.29343742
1816929342#1694379811,0,0,0.3163989
38202856033#38448881724,0,1,0.6785549
3550931655#2066246683,0,0,0.28170115
1914706723#1905948078,0,0,0.37838855
138963214044#4730645460,0,0,0.28618872
4219781521#2181531828,0,0,0.3163989
4973150488#2455800880,0,0,0.41598508
2058222393#3408556286,0,0,0.3163989
2180579787#2026258516,0,1,0.5412067
343200247912#1477156406,0,0,0.3163989
2064727359#4272885125,0,1,0.7187512
4662042966#4024663252,0,0,0.28170115
3404019592#3299599421,0,0,0.3163989
4535949395#2058132898,0,0,0.31418893
3637042235#4327866563,0,0,0.27952382
5167083430#2977755545,0,0,0.3163989
14613465315#4972894677,0,0,0.37550825
5174571094#2254264382,0,1,0.5825901
4933360994#3046471496,0,0,0.3163989
2111351705#2111349786,0,1,0.85902274
3629624977#2063839578,0,1,0.54437625
4256622048#4256926363,0,0,0.32085845
3848611844#1711852573,0,1,0.6876624
4210985419#2135316663,0,0,0.3163989
3290843987#4479424072,0,0,0.42876512
4898626808#2058132898,0,1,0.5875963
336556403061#4161797606,0,1,0.5152507
1920503864#4259429802,0,0,0.33871555
2055448044#5018023921,0,0,0.3163989
2114049002#309670736915,0,0,0.3163989
4499147142#4929499262,0,1,0.54367095
3772512066#3626237468,1,1,0.82622623
3401731422#3880409698,0,1,0.63240385
173652977366#197910587768,0,0,0.3163989
2159739481#1438326380,0,1,0.82016504
146777938215#2067179166,0,1,0.87909603
2057811649#4680203965,0,1,0.5687731
4643718292#2056478070,0,0,0.30603176
4700047151#3055576029,0,0,0.42925027
1453527936#2359435242,0,1,0.5982663
2066509477#4628482537,0,1,0.66708773
5067776785#2111818909,0,1,0.555228
4536450435#41375214069,0,0,0.3163989
1848008894#18469192585,0,0,0.31164438
14613464473#54158093151,0,0,0.2713819
2057685237#4444196403,0,0,0.4096562
4673557611#4718263231,0,1,0.6716192
14613464473#2062045929,0,0,0.3163989
4659194738#4973150488,0,0,0.3445082
3612961288#4130010417,1,1,0.7376659
4755359264#5018368651,0,0,0.3163989
3988152389#4451089335,0,1,0.5239529
4479424072#4196598949,0,1,0.52382624
1817644740#3926867260,0,1,0.5021358
3603201749#4636446230,0,1,0.7204462
3628533316#5128222238,0,1,0.6043738
4285709207#4348295931,0,0,0.36554104
4746512285#87820905399,0,0,0.27749348
4176217131#4353960088,0,0,0.40768895
1741741476#2068623358,0,0,0.47930762
4195993580#1816430010,0,1,0.55957156
4451289887#4470296934,0,0,0.3163989
5121642074#156893097471,0,0,0.3163989
4147080749#4538419241,0,0,0.3163989
2112576214#4261185678,0,1,0.8248062
3419405027#3404019551,0,1,0.53107214
3108657350#2148153592,0,0,0.34313032
1419344414#2027838359,0,0,0.3163989
4657354311#156277207697,0,0,0.36798117
14613465315#1592254485,0,0,0.3163989
2163049577#4065797638,0,0,0.3430649
2338131041#5128222238,0,0,0.2911303
4214739605#4941134416,0,1,0.7535907
1548108669#5163452200,0,0,0.28170115
4808134153#2007847537,0,0,0.3430649
4150903563#4065795443,0,0,0.4233179
4195960848#4145496082,0,0,0.4664774
2168053481#4589595738,0,0,0.32817605
4223934140#4589820532,0,1,0.6424304
3651289412#1765891797,0,1,0.56700534
2114341514#18467925256,0,0,0.11818656
4129122420#3400442486,0,0,0.48381945
3438816692#1415647813,0,0,0.48285028
2062845102#5197586202,0,1,0.60187423
4289077889#18468695966,0,0,0.28170115
564144132292#138963214044,0,1,0.5095433
2359474749#1594535010,1,1,0.77551335
1878732185#1914706723,0,0,0.38411143
2075416140#4635981164,0,0,0.3430649
7026230674#156277514294,0,1,0.5482156
3501285885#395685899087,0,1,0.7006243
2199135578#113196401893,0,0,0.28618872
2057342439#1810185303,0,0,0.3163989
2026258520#2181531828,1,1,0.665248
4589678847#2168053481,0,0,0.33284512
5041670056#2063588766,0,0,0.4508152
1696208496#2027838359,0,0,0.28170115
4456625974#4750249486,0,1,0.6953636
3282474651#5090005101,0,0,0.3163989
2062766088#2062782802,0,1,0.53153193
4451288784#3446029041,0,1,0.5455178
3896015808#5174571094,0,0,0.47022665
1778563595#197910587768,0,0,0.3163989
2054733437#2070908197,0,0,0.31164438
2135316663#1312695289,0,0,0.39778823
3517506225#4658620132,0,0,0.3163989
4658620132#3054671141,0,1,0.5404633
2074458538#2026258520,0,0,0.31164438
38202856033#2168053481,0,0,0.28618872
4456625974#2061448087,0,0,0.33833262
174006932062#5173394727,0,0,0.3163989
3882201915#4391918874,0,0,0.3163989
4514269980#4523728345,0,0,0.26541382
4549189933#1816929342,0,0,0.28618872
4643943359#435372126625,0,0,0.30404046
174006932062#4004772536,0,0,0.33284524
3754155310#2027929598,0,0,0.3447625
2061022206#2057685237,0,0,0.3163989
2069139175#1816428069,0,0,0.3997701
2159452221#32236834289,0,0,0.3163989
3052180518#2061673563,0,1,0.8666114
4570764341#3044853716,0,1,0.74073374
2062075977#2065201243,0,1,0.75335705
4145496082#173652977366,0,0,0.3163989
4712246454#3551393130,0,0,0.3513307
2059124992#1395111624,0,0,0.31164438
4157381557#4247271139,0,1,0.7755124
5174571094#376973981474,0,1,0.5091516
3727491058#4289086328,0,0,0.3163989
4065721591#1696095096,0,0,0.4207638
4435686270#1696095096,0,0,0.46239835
2199135578#2120155505,0,1,0.59181726
2111872187#3227376447,0,0,0.29663974
14613469834#3501285885,0,1,0.6043819
3603201749#3926867260,0,0,0.3163989
4145496082#2329543699,0,1,0.79012614
4285491833#1920503864,0,0,0.30325663
1633806208#2055377631,0,0,0.3246611
3043492443#5163452200,0,0,0.31164438
2270062912#3551872495,1,1,0.6574784
2114049002#4623949166,0,0,0.29343742
4991881534#1712570939,0,1,0.79012614
4040016243#3050045988,0,0,0.4180281
2007934907#4797396841,0,0,0.28170115
2003336437#4259241183,0,0,0.3163989
4165585148#4210986952,0,0,0.3163989
4015322905#4015422065,1,1,0.74139625
3806980943#4943818903,1,0,0.4087211
3214249597#2159452221,0,0,0.4710738
2359435242#106964376935,0,0,0.37771618
1307874587#2059052537,0,0,0.3163989
1711852573#2111351705,0,0,0.33614126
4570764341#8431814058,0,0,0.28618872
2165015487#1953270965,0,0,0.33458668
4589678847#3628839722,0,0,0.3163989
10175162517#4656986610,0,0,0.4234964
4405676807#146011948003,0,0,0.3163989
4317041484#2119476678,0,0,0.25328213
2176735919#1382214880,0,1,0.59494996
2115528606#1592254485,0,0,0.28170115
2455800880#2455842713,0,0,0.4333092
4450602322#4579172309,0,1,0.5517676
1639219119#1565925308,0,0,0.28170115
4157381557#4910561821,0,1,0.571931
4384403228#3709672083,0,1,0.6254051
4223004786#3633572726,0,0,0.3163989
2055886100#4570764341,0,1,0.60390466
2455800880#4897048724,0,0,0.3257594
1394397775#1565925308,0,1,0.66603154
2079581946#2296451977,0,0,0.33734667
3669306485#4157496031,0,0,0.29663974
1639901072#4722721497,0,0,0.29663974
2159452221#3214249595,0,0,0.4710738
4780994423#5060996735,0,0,0.3163989
4437827660#4155408706,0,0,0.45953125
4495500756#4385184631,1,0,0.33107474
4232471781#4232666143,0,0,0.3746279
3474685537#1646206864,0,0,0.34662244
2026258521#4542321633,0,0,0.27552757
2115528606#6015919609,0,0,0.28170115
4417818851#5173394727,0,0,0.28170115
2551494872#3061887519,1,0,0.43404877
3026064813#3630377420,0,1,0.57405406
3490539439#4065795443,0,0,0.38772252
2062770841#1374772550,0,0,0.4543276
3461052410#1778563597,0,1,0.816533
4656986610#4589595738,0,0,0.38179028
4214739605#4405676807,0,1,0.5158797
3635733776#4716933437,0,0,0.39863664
4071233134#4451288784,1,1,0.5929246
4327866563#2058563113,0,1,0.57762086
4952978442#1646144729,0,0,0.3178363
4643011415#3359180524,1,1,0.6764491
580549064505#4657354294,0,0,0.3231307
2055377631#5037293131,0,0,0.31944132
4285491833#1318260275,0,0,0.3163989
79993360240#1570945860,0,0,0.28170115
22859701254#50602314209,0,0,0.3163989
38202856033#4943818903,0,0,0.38096055
4572636295#4633378534,0,1,0.71280056
3913410158#4206267336,0,0,0.3247774
2058278464#3529095384,0,0,0.3163989
3050152494#2054817755,0,0,0.3860345
107725292534#107725290582,0,1,0.93033206
2066509477#2452901483,0,1,0.6018283
4150903563#3487828521,0,1,0.6598327
4643943359#2070627808,0,1,0.6497969
2057051387#3551872495,0,0,0.41954702
4200562083#4536450435,0,1,0.8576069
202363939789#10530767652,0,0,0.3448736
1701333847#1374772550,0,1,0.77147436
4735432768#4206242446,1,1,0.8177304
5014897285#3474685536,0,0,0.3163989
38448881724#5095503840,0,0,0.3163989
2079581946#2070908197,0,1,0.50370187
4716933437#1811606488,0,0,0.37248966
1312695289#2066624968,0,0,0.22483706
212771874474#187508564338,0,1,0.5833426
2026069710#4589830735,0,0,0.29343742
4451289887#3446029041,0,1,0.6785683
2074019451#4385069368,0,0,0.28170115
4495500756#3550979323,0,0,0.3163989
3400442486#2059052537,0,0,0.31164438
4206224036#4206267336,0,0,0.2981429
1477156406#4157280271,0,1,0.55035436
4204386191#1416301524,0,1,0.5535145
2057685237#4147080749,0,0,0.45541155
2056662276#100995265790,0,1,0.6693896
3555205657#4150903563,0,1,0.6547549
4323500485#4748650954,0,1,0.5734599
3594649033#4700047151,0,1,0.52498597
3044025040#4210985419,0,0,0.3163989
4644140313#4065721591,0,1,0.63787526
3896058143#1816929342,0,0,0.3163989
1818739935#2065201243,0,0,0.3147502
4223934140#201663692217,0,1,0.6198739
4442900590#4451289887,0,0,0.3851042
4205538788#4218561827,0,0,0.3157187
113196401893#2058316912,0,1,0.6852662
237523614768#1574873794,0,0,0.34915367
4551054156#4535949395,0,0,0.48941144
4206224036#4746144353,0,0,0.3246611
3236601708#3269719212,1,1,0.71384716
2314360284#4259429802,0,0,0.3163989
4495044650#1497939109,0,0,0.3163989
3477269989#2275666316,0,1,0.5412067
1537709308#4209814745,1,0,0.3163989
1574873794#4730645460,0,0,0.44832486
4077473357#3446029040,0,0,0.45806676
4065795443#3501281334,0,0,0.4233179
2268287413#2359474749,0,1,0.696378
1696208496#2070791273,0,0,0.3163989
4604457043#4511530729,1,1,0.54202753
125323389433#50602309472,0,0,0.30564418
3363370353#3404019551,0,0,0.48778173
3669306485#3289002505,0,0,0.3430649
5214033793#5031406959,0,1,0.6413022
2120851333#156893097471,0,0,0.3163989
314601953357#2055377631,0,0,0.3046159
2061448091#4209814745,0,0,0.3163989
1701470611#1472057117,0,0,0.3242201
41713266437#5007075941,0,1,0.5774323
4155510577#1951195150,0,0,0.39722446
4551054156#4391919171,0,0,0.43626273
2069139175#4384414279,0,0,0.3163989
1537709308#87720200914,0,0,0.3163989
1472057117#1728174555,0,0,0.37312353
2078835030#4417849752,0,0,0.29400137
4291077418#2062045929,0,0,0.3163989
1920503864#4457149562,0,0,0.3163989
106964376935#10530767652,0,0,0.29343742
3628839717#3451234547,0,1,0.7485434
1741741476#1438483240,0,1,0.70994014
21269204096#3046471496,0,0,0.3163989
2268304430#3648904752,0,1,0.774292
3712801411#4900378668,0,0,0.26755825
395685899087#4196521320,0,0,0.43751326
1307874587#1818739935,1,0,0.49557757
4499147142#5182742886,0,0,0.3703797
2120472151#3903241588,0,1,0.50823957
1520168707#2056662276,0,0,0.3163989
138962728028#4636381625,1,1,0.93935883
4285709207#1816430010,0,0,0.33292395
291173146171#38448881724,0,0,0.29663974
2057051387#3419405027,1,1,0.53107214
4040016243#3836576451,0,0,0.3163989
2064727359#86283717806,0,0,0.3505985
3055576029#4726704241,1,0,0.33650976
4820163687#4323500485,0,1,0.5734599
1751364880#4514269980,0,0,0.36920962
2069985286#373850283306,0,0,0.3163989
4635981164#4623570105,0,0,0.38971096
4330455313#4165585148,0,1,0.50539196
2168053481#1520168707,0,0,0.33284512
8431809688#3043492443,0,0,0.3163989
2057051388#156893097471,0,0,0.3163989
14613460476#3403897392,0,0,0.29663974
1816430010#1321409006,0,0,0.3592157
5169557343#3269719212,0,1,0.65008205
4454965094#4663785560,0,0,0.27643287
2159452221#4570764341,0,1,0.5756113
292830032329#3628533316,0,0,0.28170115
4435686270#580549064505,0,1,0.55298346
2111349786#2111350136,0,1,0.6518236
4570764341#4705583754,0,1,0.5412067
5027483278#5018023921,0,0,0.44386378
3290843987#97115452949,0,0,0.29527792
1718471304#6871473475,0,1,0.5513119
3550979323#4893633475,0,0,0.3163989
2339749085#2338131041,0,1,0.6520626
2727127831#3860948251,0,0,0.33186683
3551393130#4330455313,0,0,0.28618872
5169557343#2117967935,0,0,0.3163989
1778563597#3485676898,0,0,0.40244567
156893097471#1701470611,0,0,0.3163989
4414530598#2175801910,0,0,0.3163989
4572380856#2064727359,0,0,0.3163989
4384414279#4353960088,0,0,0.3314876
2066624973#1312695289,0,0,0.34352958
5182742886#4746144353,0,0,0.3430649
10175162517#4712246454,0,0,0.3430649
4452060617#4456625974,0,1,0.65110207
110232280082#1816430010,0,0,0.28170115
2071751695#18468695966,0,1,0.50381404
4662042966#4668248026,0,0,0.28859547
53263229623#4514269980,0,0,0.3552994
5173394727#3061887519,0,1,0.5285779
138962685339#3487828521,0,0,0.3246611
4761512241#2119398744,0,0,0.3163989
5018368651#7161172305,0,1,0.75197774
4034038494#2007329552,0,1,0.73309445
2120155505#4272137501,0,1,0.5462455
2003336437#1311812490,0,1,0.5882009
2115151765#2199135578,0,1,0.66612583
18467669365#2068436073,0,1,0.6581703
4157381557#4210986952,0,1,0.82978004
4542321633#4530026053,1,1,0.8367286
4623949169#4623949166,0,0,0.47607467
4218561827#3920807098,0,1,0.6862874
4435528162#4619195159,0,0,0.3163989
4274235353#4643938191,0,0,0.30367664
4272887201#3669306485,1,0,0.4259795
2114716134#2113288221,0,1,0.6518236
5169557343#1627738213,0,0,0.28618872
4439737347#3042764047,0,1,0.87149215
4397595587#4223043910,0,0,0.31223622
1694379812#1694379811,0,0,0.4881849
4893633475#2113288221,0,0,0.3163989
4514269980#4202041822,0,1,0.51557046
18468188878#2071751695,0,1,0.62732947
4792436579#2977755545,0,1,0.7548496
5163452200#3637042235,0,0,0.3358687
1688824936#2003336437,0,1,0.5412067
156276677247#4662042966,0,0,0.31164438
4898626808#2026258516,0,0,0.4939003
4209814745#2060257095,0,0,0.3163989
19705527158#3628839716,0,0,0.3163989
3949154897#4584646241,0,1,0.55396086
4929499262#4828387554,0,0,0.37278992
2298730254#4450888165,0,0,0.31164438
3644272514#4442900590,0,0,0.44060814
4898730640#3903241588,0,0,0.31164438
4157496031#1520168707,1,1,0.61149865
2336490445#18465721026,0,0,0.3163989
1520168707#97014870931,0,0,0.3163989
4943160331#5208946130,0,1,0.5446326
1712080073#4024663252,0,0,0.28170115
3913410158#4705583754,0,0,0.3530885
1848008894#4272137501,0,0,0.3163989
4628867825#2168053481,0,0,0.33284512
3446029032#1694379812,0,1,0.5247805
2122362220#4316999113,0,0,0.33055338
4439737367#3525845999,0,1,0.50143045
3889395495#4202041822,0,0,0.37380463
4662042966#4718263231,0,0,0.49725875
2026258519#2026258524,0,0,0.4664288
3408556286#3043492443,1,1,0.7157182
4450888165#1962074579,0,1,0.6414166
3648904906#111110399548,0,0,0.2555267
4913742546#2055448044,0,1,0.50947493
3880409698#2079572106,0,1,0.77522135
1537709317#4165585148,0,0,0.3163989
2092938385#1778563597,0,1,0.608989
4289077889#1743052872,0,0,0.28170115
4448830722#4792436579,0,0,0.25924262
1646144729#1313607746,1,1,0.8202616
2062845102#5087832312,0,0,0.374762
1688824936#2175801910,0,0,0.3163989
3709672083#2057986140,0,1,0.55988485
3691000538#1684789889,0,1,0.7492539
4897048724#1811606488,0,0,0.40246034
4643718292#2296451977,0,1,0.62585056
4442900590#4451288784,0,0,0.2854149
2117948923#4536450435,0,1,0.79012614
2060253226#1565913509,0,0,0.27723244
2064229512#2119476678,0,0,0.3163989
4657354285#580549064505,0,0,0.3231307
18465851371#10530767652,0,0,0.363415
2069139175#1816430010,0,0,0.36554104
124021630369#4027742647,0,0,0.3163989
4454965094#2066624968,0,1,0.5118865
4551054156#156277208014,1,1,0.5982007
2060253226#5123189265,0,0,0.28618872
4811798618#117277915830,0,0,0.3413225
5210078086#2154491220,0,1,0.5123177
3043492443#2117948923,0,0,0.31164438
3282474651#3259289288,1,1,0.6415876
3299598934#189546061243,0,1,0.55938244
3439202323#3949154897,0,1,0.56883365
2060257095#5169257472,0,0,0.3163989
5154681248#138963214044,0,0,0.31164438
3949154929#3949154897,0,0,0.49978504
4232666143#2059400154,0,0,0.3163989
4176217131#4204386191,0,1,0.53030354
4536041187#3949154929,0,0,0.46123642
138963214044#3245545040,0,0,0.3246611
1477293192#4479070818,0,1,0.5412067
2111351705#1637980981,0,0,0.36435264
1921223120#14613460476,0,0,0.32834715
1743052872#2133358535,0,1,0.5176674
276611684552#5090005101,0,0,0.28618872
4841409785#1867286717,0,0,0.47332647
3485676898#5059261580,0,0,0.28170115
4298588573#4718263231,0,0,0.24964152
2062075980#2114341514,0,1,0.75335705
3287805133#4291077418,0,1,0.58317333
178258449477#4898730640,0,1,0.56592095
3630377420#3651289412,1,1,0.90675145
2452901483#2054657150,0,1,0.5754735
292830032329#2118416856,0,1,0.5446248
4943160331#86626661064,0,1,0.5446326
4456625974#1395111624,0,0,0.31164438
2064955879#207035576772,0,0,0.3246611
8431814058#2062075977,1,1,0.87126255
3501285885#4613276653,0,1,0.5402005
4161797606#1594535012,0,0,0.3360941
4993036319#3108657350,0,0,0.3757692
4643718292#2067179166,0,0,0.3430649
4442900590#3446029041,0,1,0.8598246
1639699607#1416827061,0,0,0.3430649
2168053392#4642854804,0,0,0.32817605
4620261674#2062867476,0,1,0.513221
3474372520#2062867476,0,0,0.34753639
3860948251#2175801910,0,0,0.28618872
3108657350#4998365450,0,1,0.51887304
1438483240#4628482537,0,0,0.3163989
2168053481#4261185678,0,0,0.28618872
4454991968#3431879179,0,1,0.73931843
1416827061#1782357780,0,0,0.3163989
1752749942#2063588766,0,1,0.62410146
2062045929#4538419241,0,0,0.31164438
1548108669#4659194738,1,1,0.7081977
4929499262#3709672083,0,0,0.3163989
4147080749#1694379812,0,1,0.5221286
4209814745#1537709317,0,0,0.3163989
2070791273#2027838359,0,0,0.3163989
3637042235#4040016243,0,0,0.44674835
2150036453#2026258520,0,0,0.3071319
10530767652#4145496082,0,1,0.75134385
4027742647#3557197892,0,0,0.48512748
4943818903#4735503306,0,0,0.38096055
50602314209#50602309472,0,0,0.49240965
1316556785#1311812490,0,0,0.3163989
1318260275#1951195150,0,0,0.3708828
1712570793#1712570939,0,1,0.9886807
2092610519#2113288221,0,0,0.39505893
3628839722#3513178266,0,1,0.7485434
5208946130#86626661064,0,1,0.6774532
2027890207#2154491220,0,1,0.665243
4435913614#4289086328,0,0,0.23609999
1647227082#1688824936,1,1,0.63355637
4285709207#1477156406,0,1,0.55310464
2027929598#3431879179,0,1,0.7937584
2066624973#2115528606,0,0,0.28170115
4658956014#2122362220,0,0,0.44897088
4898626808#2314360284,0,0,0.39893207
1875282048#4391919171,0,1,0.53143966
1394397775#2059483876,0,0,0.31629103
4589929428#4535941097,1,1,0.7229951
70183897754#5215138753,0,0,0.3163989
107725296889#4261185678,0,1,0.8006222
146777938215#4636446230,0,0,0.30367664
364679238122#4536450435,0,1,0.79012614
4993036319#4851901157,0,1,0.8030049
4353960088#2057986140,0,0,0.4705283
1718471304#4628467232,0,1,0.5468904
5123189265#5018368651,0,1,0.8146726
4439426144#3227376447,0,0,0.3159239
183335907108#2135316663,0,0,0.28170115
1709057480#1718471304,0,1,0.7569861
4454991968#3349756713,0,0,0.3370951
3501281334#3487828521,0,1,0.6598327
4683006694#1382214880,0,1,0.77522135
1453532038#4401870234,0,0,0.33284524
5109193415#4214739605,0,1,0.75651884
1765891797#4715847880,0,0,0.48963574
4285491833#4149299298,0,0,0.43469894
3772512066#146011937628,0,0,0.3163989
4451124306#3124123344,0,0,0.3163989
5169257472#5169253299,0,1,0.5687111
2118416856#2061673563,1,1,0.8312127
1477156406#4746512285,0,0,0.3163989
156277193948#2296451977,0,0,0.4211738
4256622048#292830032329,0,0,0.3163989
1312695289#2176735919,0,1,0.54584306
2296574953#4643718292,0,0,0.40089792
50602314209#11087571368,0,0,0.4258764
4259241183#3637042235,0,0,0.3708828
2168053481#4619195159,1,1,0.57441354
2057986140#4589830735,0,0,0.41007355
3026064813#3691000538,0,1,0.507606
2074458538#1951195150,0,0,0.39722446
4643898157#2078774568,1,1,0.7752157
4272843119#2064727359,1,1,0.70851296
4572636295#4323500485,0,1,0.8397366
4792436579#2183428945,0,0,0.29663974
1847712017#138962728028,0,0,0.3163989
48926966870#3026064813,0,0,0.28170115
2163049577#4065795443,0,0,0.3430649
2066246683#3236601708,0,1,0.6350483
3626237468#4718263231,0,0,0.33292395
1696208496#1416528046,0,0,0.3163989
4643898157#2063706226,0,1,0.52999115
2119476678#3903296442,0,1,0.5911227
2359435242#18467669365,1,1,0.7463374
2026258521#2180579787,0,1,0.5412067
3446029041#4206267336,0,0,0.3246611
5041670056#1696208496,0,0,0.3163989
3635733776#3691000538,0,1,0.70734775
2359348328#2054753273,0,1,0.65133303
4643943359#2056478070,0,0,0.30603176
3363370353#1847712017,0,0,0.4234964
4642512906#4636446230,0,0,0.4852256
18465851371#2065201243,0,0,0.11818656
156277208014#156274514359,0,1,0.53097683
2058316912#1537709304,0,0,0.3408463
1637581644#1497939109,0,0,0.27607125
2168053392#4619195159,0,0,0.4179371
1905948078#2168053481,0,0,0.28618872
2054657150#2066509477,0,1,0.60982877
4538332005#4643943359,0,0,0.28170115
2075416140#2066535766,1,1,0.57975245
6015919609#4643718292,0,0,0.40089792
4643718292#4944579314,0,0,0.42515352
187508564338#4348295931,0,0,0.34999806
4015322905#4401870234,0,1,0.52557516
4542321633#1502384801,0,0,0.38600233
1639219119#3495408683,0,1,0.6741072
1751247315#4450602322,0,0,0.3163989
2135054445#373850284448,0,0,0.31164438
4197138413#156277193948,0,0,0.3430649
3403897392#3926916973,0,1,0.65019673
3882201915#3903241588,0,1,0.65156716
4165585148#4353960088,0,1,0.6520029
4272137501#1994805938,0,0,0.3419795
4542386587#5173394727,0,0,0.31009775
2056128836#1438326380,0,0,0.3163989
1565912494#4202041822,0,0,0.27643287
4200577198#1472057117,0,0,0.37956712
4680204120#2057811649,0,0,0.49080688
4657354294#4256926363,0,0,0.31127492
3431879179#3754155310,0,0,0.3447625
2064730522#3648904752,1,1,0.8411042
4657354311#2165015487,0,0,0.3163989
3445564730#3461052410,1,1,0.87342846
14613461939#4972894677,0,0,0.37550825
4840773591#156274514359,0,0,0.34768522
3259289288#7161172305,0,1,0.6191174
1386747994#4781194041,0,0,0.3163989
2026258516#2007329552,0,0,0.44781235
38448881724#4959321228,0,0,0.34368825
4668248026#38202856033,0,0,0.2969525
4551054156#14613456118,0,0,0.32771394
4843831604#113196401893,0,0,0.34039855
4391919171#4584646241,0,0,0.34465915
2062045929#106964376935,0,0,0.37093294
3363370353#2057051387,0,0,0.48778173
1311812490#1647227082,0,1,0.56264675
2455800880#2057051387,0,0,0.29343742
2268304430#2359474749,0,1,0.74658644
2268287413#2268304430,0,1,0.696378
3770456617#3485676898,0,0,0.3163989
1570945860#3633360460,0,1,0.5795545
2064414260#4589929428,0,0,0.37316754
276611684552#4479070818,0,0,0.4387124
1654102057#1921223120,1,1,0.61311364
54161674630#75959618233,0,0,0.3163989
4479096588#4699510653,0,1,0.663801
3806980943#38448881724,0,0,0.3565006
4457149562#219547393842,0,0,0.3163989
3709672083#4353960088,0,1,0.6510276
146011937628#5173394727,0,1,0.70756155
4454965094#4015422065,0,0,0.28170115
4619195159#4454991968,0,0,0.3163989
38406123057#91686025987,0,0,0.30038807
4353960088#5197586202,0,0,0.3129354
4226659635#4226659634,0,0,0.3398007
4201830454#3626237468,0,0,0.28618872
3628839716#3513178266,0,1,0.7443661
4542321633#4451289887,0,0,0.36156878
4451342506#4479095804,0,1,0.643432
4535949395#156277193948,0,1,0.5951924
4346970606#4034038494,1,1,0.8966078
53263275323#4763332016,0,0,0.3327612
2007847537#1594535010,0,1,0.7925467
212394033260#4214739605,0,1,0.5695971
1634282673#309312101477,0,0,0.28170115
2074458538#4155510577,0,0,0.34877834
4232666143#4683006694,0,0,0.3163989
4215038721#4451124293,0,0,0.36376446
167570408533#4631852445,0,1,0.54535896
3633572726#2727127831,0,1,0.55310464
4535949395#4840773591,0,0,0.34768522
4657354294#4226659634,1,0,0.3163989
1477156406#2343156405,0,1,0.55035436
3551393130#125323389433,0,0,0.4929193
4720389596#46983614517,0,0,0.3163989
4200577198#202363939789,0,0,0.35966685
1574873794#3501285885,0,0,0.40052432
4272887201#3648904906,0,1,0.5825851
2298730254#3050152494,0,1,0.521429
11087571368#2063839578,0,0,0.31164438
2066535766#2079572106,0,0,0.34032726
8431809688#2054753273,0,0,0.34219187
4755359264#22859701254,0,0,0.3246611
3474372520#3470148182,0,0,0.45101914
373850284448#4658620132,0,1,0.5357215
41713266437#5090085713,0,0,0.28618872
4613276653#2058316912,0,0,0.28618872
4644140313#395685899087,0,0,0.4962465
1712570939#1712573177,0,1,0.97027147
5185236541#3052180518,0,0,0.3163989
1740857110#1751247315,1,1,0.7889071
3644272514#4452550298,0,0,0.32171
1415554755#1419344414,0,0,0.3163989
2111351705#1810185303,0,0,0.3163989
2314360284#7161172305,0,0,0.3163989
4442900590#4644140313,0,0,0.28170115
4200577198#1728174555,0,0,0.37312353
2003336437#113196401893,0,0,0.28170115
5174571094#1500022510,0,1,0.5037771
4003298247#4149299298,0,0,0.42664263
5104418469#2154491220,0,0,0.44689667
3651289412#1321409006,0,0,0.28170115
87820905399#3439202323,0,0,0.3163989
4570764341#138962685339,0,0,0.4451699
18468687381#18468188878,0,1,0.8721361
34888001864#4663785560,0,0,0.29400137
373850283306#1671393307,0,1,0.5412067
421393369392#2063839578,0,0,0.2765824
1347237190#4623934568,0,0,0.3430649
4542039020#1318260275,0,0,0.3163989
3050045988#5318769457,0,0,0.31164438
4401870234#2026258520,0,0,0.4365447
3474685536#4972894326,0,0,0.308364
1810185303#3551393318,0,0,0.33918858
1712573177#1816427364,0,1,0.97131133
1395111624#183335907108,0,0,0.3246611
5169253299#2270062912,0,0,0.3163989
1318260275#2074458538,0,0,0.3708828
4210986952#4910561821,0,1,0.571931
4274235353#3806980943,0,0,0.4273025
2604119334#18469192585,0,1,0.8425907
4589830735#2063839578,0,1,0.5157214
107725290582#4479095804,1,1,0.64736587
4435528162#3836576451,1,1,0.56055427
4157381557#5041670056,0,0,0.47900328
2058316912#106964376935,0,0,0.32291514
38406123057#29299331674,0,1,0.58180714
5214033793#3401731422,0,1,0.5379763
4712246454#4195960848,0,0,0.34661153
4489521100#1694379812,0,1,0.5591435
5174571094#4205424867,0,0,0.37946618
3633360460#3214249595,0,0,0.3163989
292830032329#4065795443,0,0,0.31164438
4206812485#53263275323,0,0,0.31164438
4797396841#3359180524,0,0,0.26704308
1500022510#3988152389,0,1,0.58917207
4750249486#3612961288,0,1,0.642513
4272843119#4317041484,0,1,0.7765794
1401982678#8431814058,0,0,0.42776728
4644140313#4613276653,0,1,0.6956786
4346970606#1914403252,0,0,0.31164438
1712570793#1778563597,1,1,0.9888049
1316058339#2058563113,0,0,0.31669626
14613460476#54158093151,0,1,0.71717304
4952978442#1395111624,0,0,0.31164438
303600075141#4219781521,0,1,0.5561125
2027890207#2058316912,0,0,0.3163989
125323389433#4232666143,0,0,0.3163989
1743052872#4348295931,0,0,0.4828939
5007075941#45531943201,0,0,0.4958051
4223043910#4761512241,0,0,0.3163989
2007934907#2055377631,0,0,0.358714
167570408533#3881831374,0,0,0.3430649
4206269897#3860948251,0,1,0.7210316
6871473475#3438816692,0,0,0.44621727
2183968048#2026258520,0,1,0.665248
197910587768#117277915830,0,0,0.3163989
18465851371#1867286717,0,0,0.3163989
2115528606#5027483278,0,0,0.36188415
2604119334#54158093151,0,1,0.93898267
1640340946#3727491058,0,0,0.48518774
373850283306#3052944481,0,0,0.31164438
4316999082#4828387554,0,0,0.3163989
2079572106#1639901072,0,0,0.29663974
5169557343#4746512285,0,1,0.59575427
2069985286#4215027256,0,0,0.3163989
3754155310#2069774757,0,0,0.3447625
3628839716#3628839722,0,1,0.8353114
5007075941#54161674630,0,0,0.48487002
8431809688#1811606488,0,0,0.3163989
1843271409#3052180518,0,0,0.37838855
4635981164#4699280965,0,0,0.3430649
173652977366#69710193399,0,0,0.3163989
2055255869#1312695289,0,0,0.3163989
4285709211#4260680249,0,1,0.57165426
2066509477#3727491058,0,0,0.47380394
14613460476#14613588147,0,1,0.5505639
4628467232#4620294540,0,0,0.4408116
4196598949#3290843987,1,0,0.3897697
87720200914#1843271409,0,0,0.3163989
3550931655#1382214880,0,0,0.32752597
4256926363#3408556286,0,0,0.3163989
1646206864#2064955879,0,0,0.3246611
2604119334#3487828521,0,1,0.79812
4435686270#4613276653,0,0,0.4923582
2064955879#1639699607,1,1,0.77522135
3485676898#1386747994,0,0,0.29400137
2120155505#4145588659,0,0,0.33055338
2247165276#1847712017,0,0,0.4234964
1533602348#3359180052,0,1,0.5107868
3052165975#1316556785,1,0,0.42589757
4542386587#4454965094,0,0,0.27643287
5060996735#2075240892,0,0,0.3163989
1848008894#121528725386,0,0,0.32796213
3691000538#3651289412,0,0,0.41424152
2154491220#3114734058,0,1,0.7319568
2452901483#2062770841,0,0,0.3430649
4570764341#4658956014,0,1,0.5951516
1953270965#4479070818,0,0,0.3163989
2268304430#2359348328,0,1,0.696378
2181531828#2183963548,0,1,0.7455582
3709672083#4636381625,0,0,0.3163989
4323500485#14613469834,0,0,0.3163989
2067179166#4024663252,0,0,0.3430649
4451124293#2359348328,0,0,0.3163989
11087571368#2057051387,0,0,0.38244924
4841409785#3474372520,0,0,0.3163989
5018368651#4542039020,0,1,0.7666035
60367707728#87720200914,0,1,0.5123379
1710094724#1438326380,0,0,0.3163989
3075628047#3056067914,0,1,0.56678414
4223004786#5018389488,0,0,0.43027875
1721524699#4215027256,0,0,0.3163989
1712570939#3477269989,0,0,0.40244567
2113288221#2111351705,0,1,0.6518236
1741741476#4680203965,1,1,0.50923574
5041670056#4910561821,0,1,0.5121135
1743052872#3050152494,0,1,0.5151297
1321409006#1557919756,1,1,0.8347992
2111349786#3903296442,0,1,0.60198945
1401982678#138962685339,0,1,0.52389497
2296451977#2070627808,0,0,0.30603176
2056078364#1574873794,0,0,0.29756096
4755359264#4943818903,0,0,0.3163989
4317041484#3669306485,0,1,0.78145164
1416827061#2064955879,0,0,0.3163989
2169220658#5197586202,0,0,0.4919242
2057986140#4165585148,0,1,0.54383135
91686025987#4535949395,0,1,0.5663261
18466210670#2159739481,0,0,0.3246611
2551494872#48926966870,0,0,0.28170115
1743052872#4683006694,0,0,0.3163989
1847712017#2057051387,0,1,0.65395963
1528865186#3046729281,0,0,0.3163989
3972924699#2060185514,0,0,0.3163989
373850283306#2135054445,0,0,0.31164438
3435281641#4129122420,0,0,0.46640006
3269719212#2092610533,0,1,0.815894
4828654874#4631852445,0,0,0.3228679
38202856033#138962685339,0,0,0.28170115
4538003565#2066246683,0,0,0.31418893
3849817492#5182742886,0,1,0.58919454
3403897392#1711852573,0,1,0.54823947
1565913509#1528865186,0,0,0.3834187
4256926363#2120155505,0,0,0.3163989
4549189933#1817644740,0,0,0.3246611
1711852573#2075914534,0,0,0.46351334
4604457043#5067776785,0,1,0.54202753
2058222393#1326086493,0,0,0.46249375
1778563595#1816427364,0,1,0.9453913
5173394727#5003601219,0,1,0.81649697
1374772535#1398443073,0,1,0.66328216
3431879179#1951195150,0,0,0.3163989
70183897754#4439426144,0,1,0.92443204
5128222238#3551393130,0,1,0.82379764
3772512066#4662042966,1,1,0.64447826
4549189933#2150036453,0,0,0.29400137
111568230982#4202096119,0,0,0.34033188
29608029868#5163452200,0,1,0.6160779
2062045929#4672808661,0,0,0.35507366
2067377960#1701470611,0,0,0.34161904
2114049002#3929215225,0,0,0.3163989
3438816692#1696438060,0,1,0.5513119
10175162517#3289002505,0,0,0.3430649
2026258520#2026258516,0,0,0.4664288
5167083430#2061673563,0,0,0.3163989
47752312088#4439737347,0,0,0.33122313
5169257472#18465816919,0,1,0.55938244
1312695289#2027890207,0,0,0.3163989
3046471496#2111872187,1,1,0.546271
97115452949#5037293131,0,1,0.7249555
4200577198#4804861605,0,0,0.3163989
1701333847#4200577198,0,0,0.4325425
1951195150#87820905399,0,0,0.31164438
3411721643#1816929342,0,0,0.4127342
4256622048#4450602322,0,0,0.3163989
3612961288#4662042966,0,0,0.3163989
3438816692#4628467232,1,1,0.5273289
197910587768#110232280082,0,0,0.3163989
2092610536#1882929309,1,1,0.8193834
3798986721#3054671141,0,0,0.31418893
4149299298#4259241183,0,0,0.3163989
2118416856#2116342008,0,1,0.8515781
2113093450#4643718292,0,0,0.4398816
1311812490#4620261674,0,0,0.3163989
2112794415#4232471781,0,0,0.3398007
102514982310#2168053392,0,0,0.3163989
2359435242#3934602500,0,1,0.72225255
4642854804#4589595738,0,0,0.32817605
487126887411#55721888445,0,0,0.3163989
4391918874#4391919171,0,0,0.3246611
69710193399#3517506225,0,1,0.79012614
3633360460#4680203965,0,1,0.75733596
55721888445#3529095384,1,1,0.58723503
2296574953#1347237190,0,0,0.3516653
2060185514#2060185518,0,0,0.40601486
2058316912#87820911338,0,1,0.594448
2133358535#202363939789,0,0,0.29400137
4535941097#4633378534,0,1,0.7089184
3359180524#4226659634,0,0,0.3163989
2071751695#2063706226,0,0,0.34806594
2056478070#2027929598,0,0,0.2455299
156893097471#110232280082,0,0,0.3163989
2055886100#3214249595,0,0,0.4710738
2183968048#2183428945,0,1,0.6481114
2057051387#3954668240,0,1,0.71330744
3236601708#1882929309,0,0,0.3163989
111110399548#4354044382,0,0,0.28618872
2343156405#4157280271,1,0,0.47887716
2062045929#111110399548,0,0,0.3163989
2026069710#4065797638,0,0,0.43185344
2113760999#2062782802,0,1,0.53153193
87720200914#4642512906,0,0,0.3737665
3259289288#5018368651,0,1,0.79091924
2275666316#5014897285,0,1,0.5412067
2057811649#2062845102,0,0,0.39271963
1318260275#4259241183,0,0,0.3708828
14613464473#2026258524,0,0,0.27749348
5174571094#1594535012,0,0,0.32828125
4628482537#2064730522,0,0,0.29589978
2111350136#3903296442,0,1,0.60198945
5018368651#4572380856,0,0,0.27749348
3042764047#2055886100,0,0,0.3050357
19705527158#5165108496,0,1,0.5747906
117277915830#4680095395,0,0,0.33284524
1878732185#4536450435,0,0,0.29663974
2183963548#4825375981,0,0,0.3163989
3050152494#2071751695,0,0,0.26236397
4643011415#3594649033,0,1,0.5859701
4877427884#4454991968,0,0,0.43469894
1477293192#1688824936,0,0,0.44308317
1654102057#50602314209,0,0,0.2455299
4470296934#2054817755,0,0,0.3163989
4623949169#187508564338,0,0,0.3430649
4272887201#4272843119,0,1,0.7709199
3628533316#1419344414,0,0,0.3163989
156274514359#4595088087,0,1,0.61942285
3052944481#4335156801,1,1,0.5184993
4200562083#4439737367,0,0,0.43627343
4024663252#4465664542,0,0,0.3430649
202363939789#2079581946,0,0,0.36744687
4416668620#1867286717,0,0,0.38972223
4285491833#4348295931,0,0,0.44268164
4643943359#2067179166,0,1,0.7925467
4867542841#4943160331,1,1,0.80421174
5037293131#3999176481,0,1,0.82705045
4483987744#4385069368,1,0,0.4234964
21269204096#2057986140,0,0,0.28618872
18465721026#2175801910,0,0,0.3163989
146011948003#4705583754,0,0,0.3163989
4215038721#2122362220,0,0,0.28170115
1497880313#1694379812,1,1,0.80275863
2176735919#2111818909,0,1,0.513369
2055377631#3835278364,1,1,0.7774169
2065354050#1639901072,0,0,0.29663974
4973150488#14613465315,0,0,0.37550825
4195960848#3477269989,0,0,0.48289013
54161674630#1650171814,0,0,0.28618872
4808134153#5182742886,0,0,0.3430649
3896058143#4542039020,0,1,0.5412067
4417849752#395685899087,0,0,0.30981115
4808134153#3214249597,0,0,0.28618872
4215038721#4465664542,0,0,0.36376446
1727736762#2069774757,0,1,0.5247964
1696208496#1419344414,0,0,0.3163989
1696095096#4613276653,0,0,0.39049152
2056128836#4658956014,0,0,0.47660032
1319944364#3882026745,0,1,0.5910667
4623947495#4623934568,0,1,0.6562637
5181571321#32236834289,1,1,0.6356634
4499147142#3849817492,0,1,0.58919454
4667944802#4662042966,0,0,0.28859547
4715847880#4401870234,0,0,0.3163989
4642512906#2297005450,0,0,0.49339145
2065201243#4327866563,0,1,0.7494847
18466210670#18468690620,0,1,0.77119136
21269204096#2135316663,0,0,0.28618872
4643898157#18468188878,0,1,0.7848845
4643938191#4642512906,0,0,0.49339145
2064229512#1671393307,0,1,0.5738094
3056067914#1818739935,0,0,0.34050918
2235828707#2063588766,0,0,0.34043875
8431809688#8431814058,0,0,0.41974404
4700047151#4643011415,0,0,0.3615272
3289002505#4150903563,0,1,0.7394933
2092174215#4195960848,0,0,0.31164438
4200562083#3042764047,1,1,0.753712
4748650954#4589929428,0,1,0.79642063
2247165276#3363370353,1,1,0.7737893
4623947495#3304467506,0,0,0.3163989
1415647813#2092610533,0,0,0.36376446
1537709311#1778563602,0,0,0.3163989
4755359264#6871473475,0,0,0.29663974
124021630369#21269204096,0,1,0.6421212
4130010417#4792436579,0,0,0.3163989
4439737367#4435528162,0,0,0.4664952
4712246454#1775497794,0,0,0.4571063
107725292534#4451342506,0,1,0.61475253
4465664542#4451124293,0,1,0.63488907
2061309144#1394397775,0,0,0.31629103
2114716134#2111350136,0,1,0.6518236
3972924699#3052165975,0,0,0.3163989
3798986721#3831256267,0,0,0.28170115
1728174555#3403917033,0,0,0.40242127
4644140313#376973981474,0,0,0.4908269
3882201915#2075914534,0,0,0.29663974
102514982310#167570408533,0,1,0.8230499
3245545040#4218561827,0,0,0.3430649
3107598853#4479424072,0,0,0.4893334
2336490445#2059052537,0,0,0.3163989
2057051388#4781194041,0,0,0.3163989
18465721026#4354044382,0,0,0.3163989
189546061243#5121642074,0,0,0.32406542
4643938191#29299331674,0,1,0.60739726
1951195150#4899954714,0,0,0.31164438
187508564338#2016866277,0,0,0.3163989
4179651570#2115151765,0,1,0.60876656
4065795443#4291077418,0,0,0.3163989
3835278364#4321048267,0,0,0.32991692
3669306485#3282474651,0,0,0.21956015
2058132898#4572380856,0,0,0.34383273
4673557611#4439737367,0,0,0.3163989
156277193948#156277207697,0,1,0.58655167
4471122121#50602309472,0,1,0.5941019
4700047151#3299598934,1,1,0.5908809
3474685536#4223934140,0,0,0.47653615
303600075141#4828387554,0,0,0.3430649
4495500756#2061022206,0,0,0.28618872
4147080749#4353960088,0,1,0.6376525
4680204120#4680203965,0,0,0.48362115
1574873794#2254264382,0,0,0.31164438
4897048724#3628533316,0,0,0.30867898
3363370353#5197586202,0,0,0.3163989
14613435427#4195960848,0,0,0.3163989
18468188878#4470296934,0,0,0.3622942
2159739481#3445564730,0,0,0.37967286
145960681701#86626661064,1,0,0.37070194
2183963548#2026258516,0,1,0.59364414
3052944481#1688824936,0,0,0.37380463
343200247912#1751364880,0,1,0.66310793
4535930871#4195960848,0,0,0.28170115
4867542841#5154681248,0,1,0.7066633
2455800880#4687116172,0,0,0.3283181
3363370353#2054781193,0,1,0.6388415
2115151765#3347114660,0,1,0.6788604
4004772536#121528725386,0,0,0.33284524
3968945784#3967431643,0,1,0.6728805
580549064505#4572374020,0,0,0.3246611
4840773591#14613469834,0,0,0.29326522
79993360240#1533602348,1,1,0.66717935
2092610533#156277193948,0,1,0.816616
212394033260#157726428514,0,1,0.54202753
2977755545#4535930871,0,1,0.7243737
1867286717#4397595587,0,0,0.47332647
4746144353#6871473475,1,1,0.923091
2053826326#2066624968,0,0,0.3163989
5095503840#5018023921,0,0,0.4203641
2148153592#2114975127,0,0,0.28170115
4841409785#1867262556,0,1,0.5979853
4549189933#3411721643,0,0,0.3246611
1438441444#3304467506,0,0,0.39729255
18465816919#18468690620,0,1,0.8725744
4972894326#4973150488,0,0,0.33331606
2003710867#3651289412,0,0,0.31062767
4385421396#2359348328,0,0,0.33833262
1778563602#1778563597,0,1,0.9494747
1701333847#1701333916,0,1,0.72868204
2079572106#1816430010,0,0,0.3163989
1437868238#2075914534,0,0,0.33965665
1816428069#4620261674,0,0,0.3163989
87820911338#4643938191,0,0,0.30367664
4658620132#5181571321,0,0,0.3163989
18465816919#18465721026,0,0,0.4878691
1415554755#4538332005,0,0,0.28618872
4231111906#4657354311,1,0,0.3163989
4416668620#4397595587,0,0,0.3977279
2079572106#2064955879,1,1,0.77522135
38202856033#45531943201,0,0,0.3163989
4451124306#4465664542,0,1,0.63488907
157726428514#1818739935,0,0,0.3163989
2026258519#2026258516,0,0,0.4664288
4405676807#4218561827,0,1,0.7085285
3408556286#3648904752,0,0,0.3163989
1416827061#2117967935,0,0,0.3163989
1878732185#1565925308,0,1,0.53078467
3609077013#4972894677,0,0,0.3163989
4451124293#156277207697,0,0,0.37599128
3920807098#4214739605,0,1,0.86189425
1537709308#1537709304,0,1,0.6792118
2068623358#4680204120,0,1,0.5119134
4536041187#3949154897,0,0,0.47551832
4972894326#4972894677,0,0,0.33331606
1646144729#4218561827,0,1,0.65161884
4200577198#2070908197,0,0,0.4791287
3754155310#4658620132,0,1,0.54594004
1816427364#2111349786,0,0,0.34368825
3026064813#3798986721,0,0,0.28170115
2056478070#2296574953,1,0,0.30603176
1653994308#4435686270,0,1,0.8108651
114453608394#189546061243,0,0,0.37348455
4405676807#5090005101,0,0,0.33292395
4385421396#1712570939,0,1,0.6951344
4643011415#3359180052,0,1,0.794762
4620294540#1718471304,0,0,0.32647505
4451288784#2135316663,0,0,0.38189036
4952978442#5214033793,0,0,0.44627368
4549189933#14613588147,0,0,0.28618872
2092174215#1453532038,0,0,0.33909583
3637042235#3972924699,0,1,0.83427495
2066535766#2117967935,0,0,0.3163989
4321048267#100995265790,0,0,0.42863315
157726428514#102514982310,0,1,0.8796574
4811798618#121528725386,0,1,0.65529114
1307874587#2336490445,0,0,0.3163989
3628839717#4750249486,0,0,0.3163989
1416301524#2058563113,1,1,0.78644025
4742698844#53263229623,1,0,0.36188415
5318769457#5169557343,0,1,0.5753366
2296451977#174006932062,0,0,0.3163989
3075628047#1307874587,0,0,0.36376446
4746512285#23230310067,1,1,0.6697916
1537709304#4206267336,0,0,0.3163989
3477269989#3474685536,0,1,0.8156286
3470148182#7161172172,0,0,0.3674917
2168053392#4157496031,0,1,0.64716834
4206224036#3580539229,1,0,0.3530885
2016866277#2111041560,0,1,0.5910667
3529095384#46983614517,0,0,0.3163989
38202856033#3628839716,0,0,0.31164438
4828387554#3032709817,1,1,0.7474054
4354044382#1696208496,0,0,0.28170115
4572374020#4232666143,0,0,0.3163989
1684789889#4687116172,0,0,0.27110043
2057685237#2058222393,1,1,0.5979024
1347237190#237523614768,0,0,0.35140136
111568230982#1456843034,0,0,0.3163989
10175162517#3289002540,0,0,0.3430649
1920503864#4316999113,0,0,0.33055338
4408616491#2314360284,0,1,0.79012614
3709672083#4444196403,0,1,0.56280535
4589678847#4589595738,1,1,0.8339799
4411426624#3124123344,0,0,0.3163989
5060996735#2064727359,0,0,0.44885597
38406123057#4393085087,0,0,0.3163989
4479096850#4479096588,0,1,0.58893704
5104418469#7026230674,0,1,0.7651382
3403897392#2075914534,1,0,0.35817167
183335907108#3108657350,0,0,0.31164438
2343156405#1438326380,0,0,0.37967286
106964376935#14613464473,0,0,0.28308633
4763332016#5210078086,0,1,0.5730114
3903296442#4003298247,0,0,0.3163989
4579172309#4027742647,0,0,0.28646684
4206269897#3259289288,0,0,0.42546806
2359435242#2061673563,0,0,0.45269594
3798986721#4523728345,0,0,0.30238485
2003710867#2977755545,0,0,0.3163989
2159739481#2060185518,0,0,0.49392653
4176217131#4499147142,0,1,0.74390304
2057145715#1565913509,0,0,0.39098704
1634282673#202363939789,0,0,0.27552757
3972924699#1951195150,0,0,0.3708828
378133536273#4972894326,0,0,0.3163989
5182742886#4828387554,0,0,0.37278992
4514269980#3042764047,0,0,0.26571888
4628867825#2168053392,0,0,0.33284512
4040016243#2027929598,0,0,0.3163989
1548108669#2113760999,0,0,0.32406542
1528865186#2060185514,0,0,0.3834187
2070908197#1701470611,0,0,0.37210846
3926916973#3896015808,0,0,0.31164438
4808134153#4206812485,0,0,0.28170115
4584646241#237523614768,0,1,0.5572571
4570764341#2066624973,0,1,0.74073374
3044025040#4840773591,0,0,0.3516653
2297005450#5163452200,0,1,0.6432191
307718000196#564144132292,1,0,0.30849892
4065797638#4385069368,0,0,0.43924004
38202856033#4755359264,0,1,0.6381521
1533602348#87720200914,0,0,0.3163989
4584646241#1875282048,0,1,0.5572571
3400442486#1438441444,1,1,0.787949
18468188878#18468695966,0,1,0.7688814
183335907108#2060355842,0,1,0.72896725
1696438060#4620294540,0,0,0.32647505
4658956014#3949154929,0,0,0.4726578
174006932062#3603201749,0,0,0.3163989
1307874587#4495500756,0,0,0.3163989
4027742647#54161674630,0,0,0.3163989
4414530598#4672808661,0,0,0.3163989
1843271409#4279029102,0,1,0.51595265
2124411604#4279029102,0,1,0.52146286
4479096588#4479095804,0,1,0.5336419
2092174215#2056128836,0,1,0.5357215
1751247315#14613466961,0,0,0.3430649
2339749085#4209814745,0,0,0.3163989
3114734058#292830032329,0,1,0.6409574
117277915830#110232280082,0,0,0.3430649
1914706723#2054733437,0,0,0.28170115
2122362220#1920503864,1,1,0.65299654
1778563595#4589820532,0,1,0.9294369
2059052537#4180609537,0,0,0.28170115
4435566465#4748650954,0,1,0.56398225
3903296442#2165015487,0,0,0.3419795
2268287413#146777938215,1,1,0.7830658
7161173338#5123189265,0,1,0.70553845
18469192585#14613464473,0,0,0.3266594
53263229623#60367707728,0,0,0.37027094
4952978442#4205424867,0,0,0.28618872
38202856033#4735503306,0,0,0.29793498
3403917033#3404019551,0,0,0.3430649
4716933437#1640340946,0,0,0.48123702
4746512285#4761512241,1,1,0.5939141
3648904752#106964376935,0,0,0.28308633
1712570939#1778563597,0,1,0.9888049
1727736762#1627587582,0,0,0.28618872
1818739935#4385184631,0,0,0.44924614
237523614768#4680095395,1,1,0.6219157
2135316663#2066624968,0,1,0.85678
2026258520#4195993580,0,0,0.4365447
3050045988#4899954714,0,0,0.31164438
5183692300#1321409006,0,1,0.60942894
1751364886#395685899087,0,0,0.40919816
32236834289#3474372520,0,0,0.46825293
3967431643#1751364886,0,1,0.7147963
3287805133#3289002540,0,1,0.9460952
1633806208#2056662276,0,1,0.7199915
14613464513#4897048724,0,0,0.3616483
422592070627#4408616491,0,1,0.79012614
3290843987#4129122420,0,0,0.37103575
5197586202#5090005101,0,1,0.54508
395685899087#4435686270,0,0,0.4661059
2169220658#2053826326,0,1,0.55138475
1818739935#2336490445,0,0,0.3163989
4730645460#2118416856,0,0,0.28618872
2120472151#75959618233,0,0,0.3398007
156276677247#4746144353,0,1,0.5820775
2078835030#202363939789,0,1,0.78314584
5087832312#4196521320,0,0,0.3163989
1497880313#2343156405,0,0,0.39179432
4259241183#1951195150,0,0,0.3708828
178258449477#3438816692,0,0,0.29663974
1318260275#1848008894,0,0,0.3708828
4579172309#2455800880,0,0,0.28618872
18468580547#18465816919,0,0,0.4293914
174006932062#4683006694,0,0,0.3163989
4327866563#14613461654,0,1,0.58075166
3920807098#4952978442,0,0,0.43338457
29607392514#38406123057,1,1,0.5997391
18465851371#2062075980,0,1,0.77022415
6871473475#4628467232,0,1,0.5546554
1639901072#4851901157,0,1,0.8068727
14613456118#2026258516,0,0,0.44976547
2112576214#2169220658,0,0,0.28170115
4642854804#4656986610,0,0,0.33284512
14613464513#14613461939,0,0,0.3213447
3404019592#3404019551,0,1,0.53107214
14613435427#4712246454,1,0,0.42902344
2003710867#4298588573,0,1,0.7330822
2055886100#4593095274,0,1,0.72012836
4226659635#4231111906,0,0,0.3398007
107725290582#1456843034,0,0,0.3163989
1656969942#1921223120,0,0,0.48382115
2054753273#1394397775,0,0,0.28170115
4157381557#1751364880,0,0,0.3589618
4483987744#4623570105,0,0,0.3163989
4470296934#3050152494,0,1,0.5572571
4285709207#4165151066,0,0,0.3163989
2075416140#4623570105,0,0,0.36424598
3630377420#3470148182,0,0,0.31164438
2092938385#5060996735,0,0,0.3163989
4929499262#4195993580,0,0,0.3163989
150594502346#189546061243,0,0,0.3163989
4761512241#5210078086,0,1,0.5321799
3926916973#3289002505,0,0,0.34336564
2115880476#4408616491,1,1,0.8719402
1728174555#1728174549,0,0,0.37312353
4304261357#3835278364,0,0,0.4571063
4456625974#3612961288,0,1,0.68247074
1840606003#1813034413,1,1,0.7655108
2056662276#2007934907,0,1,0.62282443
3612961288#4943818903,0,0,0.3163989
4256622048#2069774757,0,0,0.35312527
138962728028#3501281334,0,1,0.7239657
4206812485#4479424072,0,0,0.45836478
1647227082#3949154929,0,1,0.5339592
1751364880#4623949166,0,0,0.47607467
343200247912#1502384801,0,1,0.61829853
4451342506#4261185678,0,1,0.77172613
4456625974#1541880573,0,0,0.33833262
4304261357#4339070553,0,0,0.43482962
4668248026#4298588573,0,0,0.35291997
4680204120#1710094724,1,1,0.84606427
373850283306#2247165276,0,1,0.60902643
38202857246#38202856033,0,1,0.6006815
1867262556#3487828521,0,0,0.31164438
4223934140#4435566465,0,0,0.34629813
5181571321#1778563597,0,0,0.29015622
8431809688#2007847537,0,0,0.3163989
4414530598#2070791273,0,0,0.3163989
1740857110#2056478070,0,0,0.32406542
4538419241#2062075977,0,0,0.33076945
156276677247#2078835030,0,0,0.34479934
4643898157#2071751695,0,1,0.52999115
3044025040#4040016243,0,0,0.3163989
3114734058#2135316663,0,0,0.28170115
2069774757#4454991968,0,1,0.545197
3835278364#4479096850,0,1,0.64736587
150594502346#109165560395,1,0,0.3163989
29608029868#3349756713,0,1,0.60902643
3637042235#3050045988,1,1,0.6559017
4027742647#3431879179,0,0,0.4281511
4604457043#1816929342,0,0,0.3163989
4781194041#2064730522,0,0,0.3163989
3026064813#4715847880,1,1,0.75654477
5169257472#5167083430,0,1,0.55938244
4426740219#4943818903,0,0,0.36554104
7161172305#14613456118,0,0,0.24964152
4535949395#2007329552,0,0,0.3163989
3408556286#4899954714,0,0,0.3163989
2296493468#4840773591,0,0,0.3208354
5185236541#18468580547,0,1,0.5687111
4604457043#4898730640,0,1,0.54202753
146778888902#2359474749,0,0,0.3348273
4317041484#14613456118,0,1,0.50875443
4195960848#2254264382,0,0,0.34683844
4535949395#156277208014,0,1,0.59300387
4223043910#4417849752,0,1,0.53095794
2339749085#2061448091,1,0,0.46425876
4417818851#3408556286,0,0,0.3163989
4004772536#1627587582,1,1,0.6917
4285709207#4260680249,0,1,0.57165426
1316058339#4346970606,0,0,0.28170115
2169220658#4641374150,0,0,0.28618872
2054753273#29299331674,0,1,0.50296265
1456843034#75959618233,0,0,0.3163989
41713266437#2113288221,0,0,0.37057576
6871473475#4620294540,0,0,0.47143918
1816428069#5183692300,0,1,0.60366815
2150036453#1817644740,0,1,0.6017904
3474685536#4435528162,0,0,0.2302767
3451234547#3628839716,0,1,0.7443661
2062845102#3403897392,0,0,0.29205534
4451342506#4623934568,0,0,0.31146872
1637581644#1694379811,1,1,0.7280726
1541880573#4893633475,0,0,0.37366682
2296493468#4595088087,0,0,0.4291785
197910587768#5121642074,1,1,0.6716192
4024663252#1905948078,0,0,0.28170115
1847712017#2057051388,1,1,0.65395963
2111351705#5067776785,0,0,0.3163989
4628867825#5169257623,0,0,0.3163989
2359474749#2057051388,0,0,0.34329122
4797396841#1635692869,0,1,0.5869827
18469192585#156276677247,0,0,0.44136518
3630377420#4825375981,0,1,0.77522135
336556403061#1847712017,0,0,0.3163989
18467925256#4748650954,0,0,0.32752597
4417818851#2113760999,0,0,0.31164438
4534359957#1878732185,0,0,0.2455299
19705527158#2058316912,0,0,0.3163989
4620685919#4099641396,0,0,0.34273246
1711852573#3052165975,0,0,0.28170115
4479096850#4746144353,0,0,0.29343742
3485676898#2074458538,0,0,0.31164438
4353960088#2092938385,0,1,0.66259986
1903466347#23230310067,0,0,0.33614126
4323500485#4542039020,0,0,0.3163989
309312101477#309312102749,0,1,0.7913416
5123189265#3282474651,0,0,0.4202633
4941134416#4593095274,0,0,0.3163989
2062045929#1528865186,0,0,0.3163989
4808134153#4620294540,1,0,0.44378647
2053826326#4952978442,0,0,0.3163989
3648904906#2064730522,0,1,0.7851312
41375214069#3691000538,0,1,0.7294943
2343156405#1770010645,0,1,0.5246963
4385069368#3712801411,0,0,0.32406542
46983614517#2092610536,0,0,0.3163989
2183968048#2180579787,0,1,0.6481114
2297005450#50602309472,0,0,0.3358687
2016866277#4165151066,0,1,0.5910667
2296574953#2070627808,0,0,0.30603176
183335907108#4145496082,0,1,0.7422326
1684789889#2003710867,0,1,0.5218595
2066535766#1639699607,0,0,0.34032726
2058278464#4457149562,1,0,0.4493639
4658956014#4628467232,0,0,0.46836165
2064727359#3669306485,0,1,0.51892614
2064727359#4317041484,0,1,0.5823134
38448881724#4735432768,0,0,0.3430649
1718471304#2058278464,0,1,0.75524443
2115880476#1816427364,0,1,0.8719402
4210986952#5041670056,1,1,0.72306025
2061448087#2061448091,0,1,0.5124555
14613466961#14613461939,0,0,0.3213447
1497880313#1637581644,0,1,0.7389291
4204386191#2066535766,0,0,0.3163989
11087571368#53263275323,0,0,0.29833177
107725296889#4699510653,0,1,0.7752887
3474685537#3628839717,1,1,0.7726938
5090005101#4581502608,0,0,0.3163989
5210078086#2058563113,0,0,0.3430649
4323500485#4535941097,0,1,0.7958068
3052944481#4145496082,0,0,0.28170115
5003601219#2065354050,0,0,0.45180994
4205424867#2064730522,0,0,0.26149327
4811798618#4057032761,0,0,0.3163989
4843831604#117277915830,0,0,0.3163989
4417818851#4348295931,0,0,0.31164438
187508564338#3630377420,0,0,0.3163989
2070908197#2067377960,0,0,0.34161904
3359180524#1533602348,0,0,0.479943
1951195150#3754155310,0,0,0.3163989
2175801910#3770456617,0,0,0.3163989
1671393307#4595088087,0,0,0.28618872
55721888445#1701333847,0,0,0.3163989
4157551094#201663692217,0,0,0.3163989
2183968048#2026258521,0,1,0.5412067
2060185514#1565913509,1,1,0.50700504
487126887411#291173146171,1,1,0.5609206
3791139342#4536450435,0,1,0.79012614
4820163687#4435566465,0,1,0.56398225
5031406959#5197586202,0,1,0.60959876
2065201243#2114341514,0,0,0.09921624
18468188878#2068602973,1,1,0.7188004
5095503840#2079581946,0,0,0.23006727
406088738482#18468687381,0,1,0.63978225
307718000196#4628482537,0,0,0.49022117
2168053481#2168053392,0,0,0.32817605
2296574953#2058316912,0,0,0.28618872
50016874555#49857216438,1,1,0.61141706
5174571094#2113760999,0,0,0.33614126
4755359264#3626237468,0,0,0.4356375
2148153592#2116342008,0,0,0.36532494
3967431644#2061022206,0,0,0.28618872
1548108669#32236834289,0,1,0.517415
2062782802#183335907108,0,0,0.4401989
1347237190#4205424867,0,0,0.3163989
3882026745#3633572726,0,1,0.5412067
5185236541#4748650954,0,0,0.3246611
1634282673#1752749942,0,0,0.28618872
4451289887#1419344414,0,0,0.3163989
2060185514#3474372520,0,0,0.28618872
1718471304#1696438060,0,0,0.31450057
4027742647#4450602322,0,0,0.28646684
1684789889#1765891797,0,1,0.6794303
3772512066#4718263231,0,1,0.58253485
4635981164#4687116172,0,0,0.31182265
2067571192#4536450435,0,1,0.79012614
4991881534#2078835030,0,1,0.76507485
2199135578#3347114660,0,0,0.4268116
4401870234#1646275700,0,0,0.31252858
1497939109#1497880313,0,0,0.27607125
3290843987#19705527158,0,0,0.3163989
1712570939#1816427364,0,1,0.97131133
2026258524#2026258521,0,1,0.54377407
4272887201#146011937628,0,0,0.3163989
1347237190#6871473475,0,0,0.29973772
5318769457#3439202323,0,0,0.3163989
3635733776#4339070553,0,0,0.28618872
4176217131#2124411604,0,0,0.3163989
4145496082#5018368651,0,0,0.24964152
3299599421#1543155210,0,0,0.3163989
48926966870#4900256072,1,0,0.48984596
2066509477#1811606488,0,1,0.50912756
2114716134#1953270965,1,1,0.89599186
4451289887#3644272514,1,1,0.6506873
1656969942#1665894324,1,1,0.7622983
2169220658#5214033793,0,0,0.4186416
4913742546#4210986952,0,1,0.69146883
1848008894#3637042235,0,0,0.3712656
3245545040#1709057480,0,1,0.7925467
21269204096#4180609537,0,0,0.28618872
5123189260#7161172172,0,1,0.72789747
2066509477#4716933437,0,1,0.5798246
2055448044#1752749942,0,1,0.53644216
46983614517#4165585148,0,0,0.3163989
4206267336#4589820532,0,0,0.3246611
2235828707#2062075977,0,0,0.44527525
1751247315#4530026053,0,0,0.4556117
4511530729#178258449477,0,1,0.56592095
3435281641#5174571094,0,0,0.3163989
2115528606#1500022510,1,1,0.93489236
111568230982#146778888902,0,0,0.3163989
4155408706#4439737367,0,0,0.45953125
3487828521#3289002540,1,0,0.33734667
4077473357#3446029032,0,0,0.45806676
4748650954#4535941097,0,1,0.59452856
2168053392#4656986610,1,1,0.61149865
117154450703#5121642074,0,0,0.32406542
97115452949#219547393842,0,0,0.28618872
4523728345#3929215225,0,0,0.41454458
2114975127#4952978442,0,0,0.42672986
1727736762#2112576214,0,0,0.28170115
113196401893#1635692869,0,1,0.6852662
1565912494#2057145715,0,0,0.39098704
174007019522#2115528606,0,0,0.36188415
3400442486#4479424072,0,1,0.8825403
34888001864#3880409698,0,0,0.28618872
3043492443#4205424867,0,0,0.3163989
2111351705#2114716134,0,1,0.6518236
3490539439#5090005101,0,0,0.28618872
4456625974#3999176481,0,1,0.90399706
2254264382#4542039020,1,1,0.77355564
3881831374#183335907108,0,0,0.3430649
5067776785#4828654874,0,1,0.555228
2067179166#4780994423,0,0,0.3163989
156893097471#1646144729,0,0,0.3163989
4840773591#2067179166,0,1,0.7925467
2122362220#2062766801,0,0,0.3163989
309312102749#1347237190,0,1,0.59304124
2066509477#2054657143,0,1,0.60982877
5090005101#5109193415,0,0,0.36554104
174007019522#121528725386,0,0,0.3793827
150594502346#212394033260,0,0,0.36554104
4024663252#4451124293,0,0,0.3430649
41375214069#3903296442,0,0,0.31164438
4941134416#4304261357,0,0,0.49112865
3764759336#3550931655,0,0,0.3163989
303600075141#1728174555,0,0,0.48639163
1416827061#1639901072,0,0,0.3163989
2026069710#4991881551,0,0,0.32725406
174006932062#3404019592,0,0,0.3163989
2159739481#1694379812,0,1,0.69310623
3954668240#2054781193,0,0,0.42146742
2061448091#1537709317,0,1,0.57593334
14613465315#4613276653,0,0,0.35767144
4542039020#4746512285,0,1,0.77355564
4657354311#4657354285,0,0,0.33348158
3920807098#4304261357,1,1,0.52323484
157726428514#111110399548,0,1,0.51887304
2111351705#2165015487,1,1,0.64636356
5067776785#178258449477,0,1,0.78277504
2092610519#2092610536,0,1,0.67645776
5104418469#38202857246,0,0,0.28170115
1374772535#2062770841,0,0,0.4543276
75959618233#2063706226,0,0,0.3163989
4385421396#4091921695,0,1,0.7388627
4408616491#1637980981,0,0,0.3163989
4196521320#2054753273,0,0,0.28170115
3633360460#2068623358,1,1,0.60372263
1528865186#2254264382,0,0,0.3163989
3490539439#2113093450,0,0,0.28170115
1818739935#4495500756,0,0,0.35256445
4323500487#4323500485,0,1,0.88377637
2007934907#5037293131,0,1,0.59184027
5163452200#4643938191,0,1,0.67114145
4620294540#1415647813,0,0,0.48548338
4479096588#107725296889,0,1,0.80049735
4991881534#303600075141,0,1,0.5561125
1816427364#5183692300,0,1,0.63897514
2079581946#3794247232,0,0,0.27309006
4384414279#4384403228,1,1,0.8542574
1782357780#3359180524,0,1,0.5021358
2062075977#18467925256,0,1,0.77022415
2069774757#4226659635,0,0,0.3398007
4542321633#4435913614,0,0,0.19443266
4201830454#4327866563,0,0,0.3289691
46983614517#34888001864,1,0,0.4035847
2113093450#1639219119,1,1,0.62280345
4781194041#3529095384,0,0,0.3163989
1594535012#1594535010,0,1,0.73714715
2159739481#1639901072,0,0,0.3163989
2314360284#2727127831,0,0,0.33186683
2062766801#3926916973,1,1,0.9121688
4623949169#1672066227,0,0,0.30157402
1639390814#1712080073,0,1,0.74510145
2092610536#4439426144,0,1,0.7756897
2056128836#309670736915,0,0,0.3163989
1312695289#4680095395,0,1,0.5284628
5174571094#4210985419,0,0,0.36554104
3954668240#4797396841,0,0,0.28170115
4223043910#174007019522,0,0,0.33284524
5185236541#5167083430,0,1,0.55938244
1386747994#2056128836,0,0,0.28170115
5197586202#5214033793,1,1,0.87719274
5121642074#102514982310,0,0,0.3430649
1903466347#10175162517,0,0,0.45320445
156274514359#91686025987,0,1,0.74889565
4642512906#3501281334,0,0,0.3246611
2275666316#49857216438,0,1,0.5412067
4272885125#4317041484,1,1,0.888283
69710193399#2074019451,0,0,0.34807092
4323500485#4435566465,1,1,0.78987765
4755359264#49857216438,0,0,0.29663974
1843271409#4393085087,0,0,0.3163989
2062766088#3403897392,0,1,0.6674462
2059483876#3525845999,0,0,0.28170115
5096293410#156277514294,0,1,0.5095433
4209814745#4913742546,0,0,0.3163989
1728174549#3603201749,0,0,0.31127492
4215038721#4215027256,1,0,0.3163989
2199135578#4549189933,0,0,0.28618872
4673557611#4620685919,1,1,0.68599
1537709304#1533602348,0,0,0.3163989
1701470611#2078835030,0,0,0.40723208
1528865186#4781194041,0,0,0.3163989
1951195150#4450602322,0,0,0.3163989
4915591396#5154681248,0,0,0.41485703
7161173338#5018368651,0,1,0.85442525
4840773591#125323389433,0,0,0.28618872
2079572106#1639699607,1,1,0.6942061
2124411604#2329543699,0,1,0.8576069
1415554755#2175801910,0,0,0.28618872
2057051388#3550931655,0,0,0.28170115
4218561827#4214739605,0,1,0.938505
4444196403#3214249595,0,0,0.28618872
4572636295#4435566465,0,1,0.87750995
4391918874#86283717806,0,0,0.3246611
3648904906#4272843119,0,1,0.6146565
5123189265#7161172305,0,1,0.50384885
60367707728#11087571368,0,0,0.49162737
4542321633#3052944481,0,0,0.28618872
1712570793#1712573177,0,1,0.97027147
3550979323#14613588147,1,1,0.7011395
4915591396#4867542841,0,0,0.49571136
2026258519#2026258520,0,1,0.6051391
102514982310#4722721497,0,0,0.29600176
2057051388#2247165276,0,0,0.3161939
2175801910#1696208496,0,0,0.28618872
18465851371#3487828521,0,1,0.5932461
3044025040#3831256267,0,1,0.5328442
4636446230#2061448087,0,0,0.29400137
3446029041#4077473357,0,0,0.45806676
4572636295#38406123057,0,0,0.3163989
4439737347#4699510653,0,0,0.29343742
4898626808#3860948251,0,0,0.40983304
3836676657#4530026053,0,0,0.3826796
4022447951#3026064813,0,0,0.27749348
2133358535#2056078364,0,1,0.7894457
1818739935#1316556785,0,0,0.31164438
4993036319#4316999082,0,0,0.3163989
1647227082#1427286361,0,1,0.7500008
2159452221#2199135578,0,1,0.5323951
3408556286#2068436073,0,0,0.3163989
1318260275#2057051388,0,0,0.3163989
4642854804#5165108496,0,0,0.28618872
3404019551#2057051388,0,0,0.45320445
2062867476#18468188878,0,0,0.37435558
1394397775#2060257095,0,1,0.5233597
1778563595#1778563597,0,1,0.97746426
157726428514#4998365450,0,1,0.7271405
4843831604#2056478070,0,0,0.28618872
1813034413#1816430010,0,0,0.3942471
4231111906#4226659634,0,0,0.3398007
4223043910#4003298247,0,1,0.5914991
117154450703#2062782802,0,0,0.32406542
2060253226#2054733437,0,0,0.28170115
2059052537#4495500756,0,1,0.5881823
4272843119#4348295931,0,0,0.28563133
18468690620#5169257623,1,1,0.7425722
4657354285#4657354294,0,0,0.33348158
4179651570#1994805938,0,0,0.35056716
2133358535#4200562083,0,0,0.28537834
91686025987#29299331674,0,0,0.3277909
4219781521#1712573177,0,0,0.3246611
1374772550#3289002540,0,0,0.41883406
2003710867#3635733776,0,0,0.4508614
1497939109#5003601219,0,0,0.27356935
4408616491#4742698844,0,0,0.3163989
14613464473#4549189933,0,1,0.5414827
157726428514#121528725386,0,1,0.6381521
1438326380#4157280271,0,0,0.37967286
5109193415#4405676807,0,1,0.5754672
1574873794#4196521320,0,1,0.70567197
4157280271#1401982678,0,0,0.28618872
4321048267#5037293131,0,0,0.31485033
117154450703#114453608394,0,0,0.3860732
5183692300#2062075980,0,0,0.3163989
3806980943#4348295931,0,0,0.3186411
1316058339#4915591396,0,0,0.3163989
1903466347#4065795443,0,1,0.55394197
1840606003#4157280271,0,0,0.27484933
4256926363#4657354311,0,0,0.3430649
4952978442#5165108496,0,1,0.5130272
3438816692#1709057480,0,0,0.45532563
2281691154#5014897285,0,0,0.47798946
5173394727#5104418469,0,1,0.5306372
3501281334#1646275700,0,0,0.3163989
4820163687#4748650954,0,1,0.5216985
1778563595#1712570939,1,1,0.9888049
2148153592#3594649033,0,0,0.3163989
4157496031#4619195159,0,0,0.39550564
4391918874#4536041187,0,0,0.36188415
201663692217#2062770841,0,0,0.3518554
1672066227#4261185678,0,0,0.29343742
4589929428#4572636295,0,1,0.84434134
4201830454#4450888165,0,0,0.28618872
3349756713#4658620132,0,1,0.54594004
4959321228#41713266437,0,0,0.4841013
207035576772#1847712017,0,0,0.3163989
2059052537#3791139342,0,0,0.28170115
2111041560#4465664542,0,0,0.3070683
2055886100#2329543699,0,0,0.48516726
4523728345#4416668620,0,0,0.28618872
5169257623#18465816919,0,1,0.7425722
2016866277#2133358535,0,1,0.5910667
4534359957#4451288784,0,0,0.38554388
1318260275#2079581946,0,0,0.3163989
4572636295#4323500487,1,1,0.8397366
2059052537#2062766088,0,0,0.28170115
1882929309#2066246683,0,0,0.3246611
2268304430#1594535012,1,1,0.79602534
4581502608#4718263231,0,0,0.3163989
3114734058#4384414279,0,1,0.75545835
4157496031#5014897285,0,0,0.48594224
3236601708#3550931655,0,0,0.3163989
5007075941#5018023921,0,1,0.62634414
4705583754#3249354040,1,1,0.8955041
4176217131#4828387554,0,1,0.58919454
5090005101#4699280965,0,1,0.5803979
5003601219#146011948003,1,1,0.70756155
4161797606#3359180052,0,0,0.28170115
4145588659#2199135578,0,0,0.3163989
1326086493#2062766088,0,0,0.3163989
2062075980#18467925256,0,1,0.77022415
4726704241#2055886100,0,0,0.3163989
4572380856#3794247232,0,0,0.31479916
3044853716#2066624968,0,0,0.21176767
1319944364#3227376447,0,0,0.40244567
314601953357#102514982310,0,0,0.4237654
3495408683#4643943359,0,1,0.7440424
5067776785#2135316663,0,0,0.28170115
4755359264#38448881724,0,0,0.46152788
3972924699#2027929598,0,0,0.3163989
1574873794#3400442486,0,0,0.31164438
18469192585#435372126625,0,0,0.38228828
2060185518#291173146171,0,0,0.29663974
2268287413#34888001864,0,0,0.36865276
2092610536#3269719212,0,1,0.70040166
4623947495#406088738482,1,1,0.8058371
4628867825#4619195159,0,0,0.33284512
2007847537#2112794415,0,0,0.48776388
1994805938#3347114660,0,1,0.5129324
4452060617#4750249486,0,0,0.42121238
1962074579#4091921695,0,0,0.4932529
4165151066#1565925308,0,0,0.3163989
1543155210#1565925308,1,1,0.53078467
117154450703#189546061243,0,0,0.47024846
4437827660#3525845999,0,0,0.48905888
4397595587#4781194041,0,0,0.47332647
3052180518#1430988070,0,1,0.8161802
3043492443#2163049577,0,0,0.3163989
5197586202#4952978442,0,0,0.3876707
2111041560#1637581644,0,1,0.64904296
23230310067#4761512241,1,1,0.54357004
3408556286#10530767652,0,0,0.3163989
4353960088#4384403228,0,0,0.3640408
1848008894#3972924699,0,0,0.34565818
2056128836#1816430010,0,0,0.47660032
107725290582#4658620132,0,0,0.3163989
1696095096#4196521320,0,0,0.46239835
4330455313#4511530729,0,0,0.28170115
5182742886#18466202308,1,1,0.62613344
2065354050#1627738213,1,1,0.6153176
1594535012#2026069710,0,1,0.70174956
4206224036#4735432768,0,0,0.3530885
3635733776#1684789889,0,1,0.7807466
2007329552#1646275700,0,0,0.4419776
1472057117#4991881551,0,0,0.34027028
4346970606#4589673799,0,1,0.5678609
4542039020#4619195159,0,0,0.3163989
1811606488#4628482537,0,0,0.20634627
2297005450#1633806208,0,0,0.45269594
2119398744#2111350136,1,1,0.7424611
4218561827#4335156801,0,0,0.3163989
1438441444#2063588766,0,0,0.24964152
1497939109#2343156405,0,0,0.27607125
4644140313#1696095096,0,0,0.39049152
4179651570#2281691154,0,1,0.5972742
55721888445#1701333916,0,0,0.3163989
5181571321#14613435427,0,0,0.3398007
4825375981#21269204096,0,0,0.3163989
3882201915#3949154897,0,1,0.6218639
50602309472#3648904906,0,0,0.23880006
1656969942#5003601219,0,0,0.4440651
3551393130#1810185303,0,0,0.33918858
4479096588#4285709207,0,0,0.28618872
14613461939#4327866563,0,0,0.38597307
1416301524#3612961288,0,0,0.3430649
5059261580#4619195159,0,0,0.29663974
53263275323#60367707728,0,0,0.37027094
4004772536#3282474651,0,0,0.3163989
3709672083#2275666316,0,0,0.3163989
3967431644#3044025040,0,0,0.46733984
3630377420#1696208496,0,0,0.28170115
4454965094#4454991968,0,1,0.66151875
29299331674#4226659635,0,0,0.3398007
3968945784#1502384801,0,0,0.43114567
2062867476#3076859035,1,1,0.6628174
3954668240#2247165276,0,0,0.475168
145960681701#4867542841,0,0,0.3430649
138963214044#156276677247,0,1,0.8497859
4454991968#2027929598,0,1,0.81165224
4024663252#4215027256,0,0,0.3163989
3920807098#4722721497,0,0,0.2957422
4408616491#1816427364,0,1,0.8831525
3555205657#3487828521,0,1,0.6598327
3046471496#3108657350,0,0,0.3163989
1634282673#201663692217,0,1,0.78282535
3474372520#3076859035,0,0,0.44608715
3289002505#4065797638,0,1,0.53784996
1533602348#3299598934,0,0,0.45028773
41375214069#1684789889,0,1,0.86261725
4285709207#18465816919,0,0,0.3163989
2092610533#2066246683,1,1,0.6350483
1914706723#1565925308,0,0,0.396726
4391919171#4658956014,0,0,0.4632475
4534359957#3628533316,0,1,0.55356693
3363370353#2057051388,0,0,0.39144886
4604457043#178258449477,0,1,0.54202753
34888001864#4653616782,0,0,0.28618872
4335156801#2122362220,0,1,0.5361184
1728174549#1472057117,1,1,0.6781055
3972924699#4040016243,0,1,0.70451087
2551494872#4223043910,0,0,0.28618872
2176735919#1743052872,0,1,0.5176674
2175801910#4538332005,0,0,0.28618872
4581502608#1395111624,0,0,0.3163989
2176735919#2133358535,0,1,0.7635253
4746144353#4620294540,0,0,0.29230922
114453608394#2079572106,0,0,0.3430649
2297005450#29299331674,0,1,0.5749344
4450602322#4658620132,0,0,0.4773993
1728174549#336556403061,0,0,0.40376496
54161674630#4015422065,0,0,0.3071553
5167083430#18465816919,1,1,0.7776463
4065721591#4015322905,0,0,0.31164438
4628867825#4589678847,0,0,0.33284512
4256622048#4657354294,0,0,0.31127492
2054657143#3628839722,0,0,0.3246611
4536450435#2058222393,0,0,0.3163989
2065201243#6871473475,0,0,0.16767412
109165560395#2064229512,0,0,0.3163989
1882929309#421393369392,0,0,0.3163989
3949154897#4549189933,0,0,0.28618872
3831256267#1840606003,0,0,0.3163989
50602314209#87720200914,0,1,0.5123379
38448881724#2065201243,0,0,0.31169888
4589673799#50016874555,0,1,0.5357215
4397595587#4417849752,0,0,0.3977279
4535930871#1557919756,0,0,0.27110043
4657354294#97115452949,0,0,0.28618872
3501285885#14613461654,0,0,0.34652746
3404019592#3419405027,0,1,0.53107214
4140165052#4385421396,0,1,0.5193383
1671393307#2120472151,0,1,0.50817686
1962074579#3245545040,0,0,0.3163989
2078774568#2063706226,0,0,0.34806594
1816430010#34888001864,0,0,0.28170115
2111349786#1953270965,0,0,0.46431056
1694379811#4391919171,0,0,0.34465915
4132281843#1472057117,0,0,0.40682194
4247271139#5041670056,0,0,0.45210737
156277207697#156277208014,0,1,0.6776591
3920807098#4941134416,0,1,0.54202753
4781194041#29299331674,0,0,0.3163989
4530026053#4289086328,0,0,0.39951786
3408556286#4452550298,0,0,0.3163989
2119476678#2165015487,0,1,0.6052005
4755359264#1710094724,0,0,0.3163989
1313607746#1782357780,0,0,0.3831176
14613469834#4644140313,0,0,0.28618872
4195993580#4391919171,0,0,0.3163989
3949154897#1646275700,0,0,0.36554104
2026258519#2181531828,0,1,0.7729942
5154681248#86626661064,0,0,0.44395596
212771874474#4667944802,0,0,0.3163989
422592070627#3361906432,0,1,0.8141878
5060996735#5090085713,0,0,0.3163989
4722721497#2060253226,0,0,0.34406388
4452550298#1816427364,0,0,0.45367348
2057051388#2057051387,0,0,0.47330862
2055886100#2133358535,0,0,0.41753376
2053826326#5197586202,0,0,0.3163989
3648904906#3669306485,0,1,0.7847821
3236601708#3809186919,0,0,0.41683587
4451124293#4452550298,1,0,0.4359566
3648904752#4272843119,0,1,0.6146565
1718471304#1374772535,0,0,0.44552407
1646206864#3474372520,0,0,0.31146872
4659194738#19705527158,0,0,0.3163989
5018389488#4155510577,0,0,0.31164438
1684789889#3026064813,0,1,0.7587084
1427286361#1765891797,0,0,0.28618872
4451089335#4699280965,0,0,0.32406542
2055377631#97115452949,0,0,0.39867464
2113093450#4944579314,0,0,0.34833658
1751364886#1751364880,0,1,0.53797436
4411426624#4071233134,0,1,0.5669939
4200562083#1843271409,0,1,0.5166854
3999176481#1994805938,0,0,0.3163989
2551494872#1656969942,0,1,0.5157843
5027483278#1711687490,0,0,0.3163989
1313607746#3920807098,0,0,0.43338457
5060996735#3648904906,1,1,0.86433846
291173146171#2060185514,0,0,0.29663974
3949154929#3903241588,0,1,0.50823957
1780678934#1639390814,0,0,0.3246611
1537709317#4145496082,0,0,0.28618872
4452550298#4215027256,0,0,0.3163989
1537709311#4452550298,0,0,0.28618872
3446029032#4206267336,0,0,0.3246611
4291077418#3289002540,0,1,0.58317333
3791139342#70183897754,0,1,0.79012614
1701470611#336556403061,0,0,0.3242201
4157551094#2115151765,0,1,0.55310464
4057032761#4024663252,0,0,0.3430649
1326086493#3794247232,0,0,0.3163989
4726704241#79993360240,0,0,0.33650976
1818739935#2275666316,0,0,0.3163989
4205424867#4022447951,0,0,0.3163989
1718471304#4657354311,0,0,0.3515241
2066624973#4680095395,0,1,0.5284628
4700047151#3359180052,0,1,0.54359925
4910561821#4247271139,0,1,0.5452783
4755359264#187508564338,0,1,0.5258159
2727127831#4572380856,1,1,0.5704874
4780994423#5318769457,0,0,0.421086
1817644740#4261185678,0,0,0.3163989
3889395495#4781194041,0,0,0.36435264
2066246683#1818739935,0,0,0.33879706
2119398744#1953270965,0,0,0.35056716
3361906432#1817644740,0,0,0.3163989
4726704241#4700047151,0,0,0.33650976
4572636295#4820163687,0,1,0.8308037
2066535766#1500022510,0,0,0.3163989
3107598853#580549064505,0,0,0.3163989
1905948078#2059483876,0,0,0.37838855
14613460476#2056478070,0,0,0.2729275
3401731422#4952978442,0,0,0.44832486
5090005101#4214739605,0,0,0.33292395
1701333915#3529095384,0,0,0.3163989
2055886100#4804861605,0,0,0.3163989
3635733776#4715847880,0,1,0.570857
18468687381#2063706226,0,0,0.4833938
114453608394#1639901072,0,0,0.3163989
146778888902#4730645460,0,0,0.3430649
2007847537#4523728345,0,1,0.81914616
2079581946#2078835030,0,0,0.40238884
4589830735#4534359957,0,0,0.46827307
2133358535#1497880313,0,1,0.55258644
2054781193#1914403252,0,0,0.27309006
91686025987#5163452200,0,0,0.30038807
487126887411#4470296934,0,0,0.3163989
2120155505#4179651570,0,1,0.60349727
2026258524#2026258520,0,0,0.4664288
3289002505#3287805133,0,1,0.9460952
4495044650#2061673563,0,0,0.3163989
1962074579#54161674630,0,0,0.39843366
4623947495#1847712017,0,0,0.3163989
4316999113#1321409006,0,0,0.3163989
174006932062#174007019522,0,0,0.3793827
4024663252#4451124306,1,0,0.3430649
2027929598#2069774757,0,1,0.5307363
4755359264#4643718292,0,0,0.47323725
4327866563#4457149562,0,0,0.3430649
156277514294#307718000196,0,1,0.6727059
2180579787#2026258519,0,1,0.66901374
4535949395#4595088087,0,1,0.622002
4161797606#4991881534,0,0,0.33180594
3612961288#1867262556,0,0,0.3163989
3513178266#1347237190,0,0,0.3163989
1816427364#303600075141,0,0,0.3518554
3934602500#4196598949,0,0,0.3163989
2055448044#3289002540,0,0,0.3163989
5123189260#3282474651,0,0,0.4202633
41375214069#7161172305,1,1,0.7325454
3501281334#1646206864,0,0,0.30603176
4672808661#1635692869,0,1,0.6883997
3477269989#3628839722,1,1,0.7659616
1867286717#4417818851,0,0,0.47332647
3550979323#4898626808,0,0,0.3163989
3551393130#4065721591,0,0,0.31934333
14613461939#2069774757,0,0,0.36886722
4623949169#4851901157,0,0,0.29497316
309312102749#364679238122,1,1,0.816616
2058148983#3501281334,0,0,0.3163989
2064414260#1520168707,0,1,0.5412067
3485676898#4551054156,0,0,0.4331391
3709672083#4705583754,0,0,0.3163989
4943818903#38448881724,0,0,0.36554104
3926916973#2075914534,0,1,0.66162497
4298588573#3881831374,0,0,0.3163989
1694379811#1497880313,0,1,0.7066842
102514982310#4538332005,0,0,0.45487592
2135054445#2069985286,1,0,0.29663974
4926426630#4215038721,0,0,0.29343742
4972894326#2062867476,0,0,0.4182138
3683502845#3644272514,0,1,0.5667694
2062766088#2062766801,0,1,0.5400467
4828654874#1770010645,0,1,0.57455194
41713266437#111110399548,0,0,0.3037629
2336490445#3860948251,0,0,0.3163989
2054753273#3926867260,0,1,0.825228
4499147142#1416301524,0,1,0.78457165
4195960848#4197138413,0,0,0.34368825
1818739935#117154450703,0,0,0.3193306
41375214069#4804861605,0,1,0.6666997
4256926363#4479424072,0,0,0.3516653
4726704241#3299598934,0,0,0.33650976
2065201243#2062075980,0,1,0.75335705
4210986952#2063588766,0,1,0.6567439
1312695289#2159452221,0,0,0.4710738
1537709317#4077473357,0,0,0.28618872
3926916973#3050152494,0,1,0.60671765
29608029868#2297005450,0,1,0.67114145
4929499262#3304467506,0,1,0.54086566
1843271409#53263229623,0,0,0.31164438
4451289887#4451288784,0,0,0.27539104
4620261674#3470148182,1,1,0.513221
4897048724#3848611844,0,0,0.32000294
1951195150#4454991968,0,0,0.31164438
4633378534#4748650954,0,1,0.59452856
1701333915#1701333916,1,1,0.708035
3580539229#3245545040,0,0,0.49392146
4405676807#1921223120,0,0,0.2302767
2026258520#4346970606,0,1,0.6634836
1374772535#4820163687,0,0,0.33506334
5027483278#117154450703,0,0,0.3163989
2075914534#1721524699,0,1,0.5141398
4091921695#4140165052,1,1,0.74558276
197910587768#4811798618,0,0,0.3163989
4797396841#2058316912,0,0,0.3514354
2061448087#1537709308,0,1,0.57593334
5031406959#5165108496,1,1,0.5070201
1712570793#1816427364,0,1,0.97131133
4149299298#2336490445,0,0,0.3163989
1565912494#1565913509,0,1,0.56048006
138962728028#2061022206,0,0,0.42445794
3361906432#4549189933,0,0,0.3163989
3727491058#2054657143,0,0,0.44729704
4535941097#4535949395,0,0,0.28618872
2159739481#1548108669,0,0,0.28170115
2062766801#1457252585,0,1,0.51283795
1635692869#106964376935,0,0,0.32291514
3044853716#2133358535,0,1,0.51414955
2064229512#4435686270,0,0,0.3163989
2296493468#2183428945,0,0,0.3163989
3551393130#3551393318,0,1,0.76376694
1427286361#2064414260,0,1,0.70632803
3501285885#4633378534,0,0,0.3959458
2115880476#2296451977,0,0,0.3163989
2066624973#4893633475,0,0,0.3163989
3551393130#3451234547,0,1,0.84163415
3626237468#4662042966,0,0,0.39444432
4145588659#3806980943,0,0,0.3163989
102514982310#114453608394,1,1,0.7103667
1415554755#1696208496,0,0,0.28618872
2115528606#3770456617,0,0,0.3163989
2056128836#4272137501,0,0,0.28618872
4687116172#2296451977,0,0,0.4707748
2054657150#5059261580,0,0,0.31164438
1543155210#4926426630,0,0,0.28170115
2154491220#3628533316,0,0,0.49084237
4780994423#157726428514,0,0,0.29663974
2343156405#2056078364,0,0,0.32494497
3972924699#4840773591,0,1,0.7839798
4150903563#4687116172,0,0,0.32384032
4763332016#1653994308,0,0,0.3163989
4893633475#4426740219,0,1,0.5585602
2054657150#3727491058,0,0,0.44729704
54158093151#3403897392,0,0,0.4372038
3445564730#3114734058,0,1,0.7218879
1537709304#1537709311,0,1,0.8827943
4589830735#1477293192,0,1,0.53672767
2075240892#2275666316,0,1,0.5412067
3042764047#4536450435,0,1,0.82522804
4439737347#4155408706,0,0,0.45953125
2281691154#1701333847,0,0,0.31164438
18465851371#1401982678,1,1,0.8026476
2053826326#2114975127,0,1,0.55138475
1741741476#3446029041,0,0,0.3163989
4667944802#3626237468,0,1,0.76997215
1640340946#1847712017,0,0,0.3163989
4065795443#3487828521,0,0,0.32406542
125323389433#2159739481,0,0,0.27319553
1875282048#4867542841,0,0,0.3163989
2069985286#2007847537,0,0,0.3163989
4161797606#4452060617,0,0,0.29343742
1817644740#3831256267,0,0,0.38837314
1472057117#4219781521,0,1,0.60570246
7161172172#114453608394,0,0,0.28170115
2336490445#1398443073,0,0,0.37092254
3404019592#2057051388,0,0,0.45320445
4663785560#38202857246,0,0,0.27643287
29608029868#2062867476,0,0,0.308364
2057685237#4391918874,0,0,0.3246611
29608029868#4643938191,0,1,0.67114145
2062782802#1721524699,1,1,0.53153193
4542039020#4633378534,0,0,0.3163989
2551494872#1654102057,0,1,0.59934264
4633378534#4589929428,0,1,0.5488834
4657354311#7161172172,0,0,0.2455299
60367707728#4742698844,0,0,0.4822853
4132281843#303600075141,0,0,0.47236675
1765891797#2003710867,0,0,0.37614492
124021630369#3214249597,0,0,0.3163989
4536450435#4279029102,0,1,0.52146286
2296451977#2092610533,0,0,0.3430649
4384414279#4435913614,0,0,0.28618872
4877427884#2338131041,0,0,0.43469894
1497880313#1477156406,0,1,0.55035436
4165585148#3709672083,0,1,0.778441
3054434630#1721524699,0,1,0.545775
4820163687#4479070818,1,1,0.7420454
107725296889#2092174215,0,0,0.3163989
2165015487#3609077013,0,1,0.6194483
1635692869#2062045929,1,0,0.35507366
4840773591#174006932062,0,0,0.3163989
3435281641#3485676898,0,0,0.3163989
3474372520#2060355842,0,0,0.31146872
173652977366#4811798618,0,0,0.3163989
114453608394#4613276653,0,0,0.21904299
7161172172#7161172305,0,1,0.79619086
2180579787#60367707728,0,0,0.3163989
4973150488#4972894677,0,0,0.33331606
1710094724#3633360460,0,1,0.5443742
4231111906#4232666143,0,0,0.3398007
4604457043#4667944802,0,1,0.8193834
4196030610#3949154897,0,1,0.5091824
4683006694#4289077889,1,1,0.9239593
4479070818#3054671141,0,1,0.5357215
3236601708#1878732185,0,0,0.29663974
106964376935#4843831604,0,0,0.34866086
4155408706#4279029102,1,1,0.51595265
4943818903#4620685919,0,0,0.38096055
4408616491#4200562083,0,1,0.79012614
4289086328#4289077889,0,1,0.63735676
4450888165#4385421396,0,1,0.8234276
4129122420#3107598853,0,0,0.4893334
107725296889#4900378668,0,1,0.7497896
4215038721#4024663252,0,0,0.29343742
3860948251#3794247232,0,1,0.5231975
2055255869#4411426624,0,0,0.3163989
5173394727#121528725386,0,0,0.28170115
2054657150#3411721643,0,0,0.3246611
3551393130#2111349786,0,1,0.5679171
4499147142#1646206864,1,1,0.78457165
2359474749#2359348328,0,1,0.6130352
146778888902#146777938215,0,0,0.4371316
1740857110#3408556286,0,0,0.3163989
2314360284#4536450435,0,1,0.79012614
3968945784#4495500756,0,0,0.28618872
124021630369#4202041822,0,0,0.43420523
2058316912#1775497794,0,0,0.28618872
4470296934#4165151066,1,1,0.5412067
3400442486#3603201749,0,0,0.3163989
2181531828#2183428945,0,1,0.7455582
309670736915#4247271139,0,0,0.3163989
4471122121#53263229623,0,0,0.29833177
3404019551#1634282673,0,0,0.3163989
197910587768#156893097471,0,0,0.3163989
4657354285#4256926363,0,0,0.3430649
3501281334#3289002540,0,1,0.7394933
5037293131#97014870931,1,1,0.8336734
4535930871#3968945784,0,0,0.36028862
4272887201#4272885125,0,1,0.7776155
4808134153#2069774757,0,0,0.3431367
4657354311#4933360994,0,0,0.28374115
1497880313#1438326380,0,0,0.37967286
4699510653#107725292534,0,1,0.7752887
4385184631#49857216438,0,0,0.3163989
3495408683#189546061243,0,0,0.29343742
8431814058#1557919756,0,1,0.62509143
4572374020#4730645460,1,0,0.376891
3287805133#4065797638,0,1,0.53784996
4636381625#3046729281,0,0,0.28618872
4346970606#4742698844,0,0,0.28618872
5067776785#3108657350,0,1,0.5903501
2111818909#1770010645,0,1,0.55714285
4223043910#174006932062,0,0,0.33284524
4065795443#3289002540,0,1,0.53784996
4321048267#2055377631,0,0,0.32991692
4259241183#4155510577,1,0,0.3708828
1541880573#4202041822,0,1,0.6219765
29607392514#3445564730,0,0,0.3163989
4715847880#32236834289,0,0,0.3163989
4657354285#4226659634,0,0,0.3163989
422592070627#1694379811,0,1,0.69131136
2268304430#146778888902,0,0,0.3348273
4900378668#1903466347,1,1,0.86971086
3628533316#207035576772,1,0,0.4559493
5031406959#4065795443,0,0,0.31164438
4840773591#4659194738,0,0,0.3430649
4662042966#2074019451,0,1,0.50823957
3896015808#4530026053,0,0,0.3163989
1456843034#3076859035,0,0,0.3163989
2068623358#2059052537,0,0,0.3163989
2199135578#1810185303,0,0,0.28618872
1712570939#1727736762,0,1,0.7501904
3557197892#2069774757,1,1,0.54821926
2075914534#3403917033,0,0,0.33368137
1778563602#1634282673,0,1,0.6426853
422592070627#4435686270,0,1,0.50555956
38202857246#1543155210,0,0,0.28170115
4416668620#3629624977,0,0,0.3163989
1543155210#1951195150,0,0,0.31164438
5167083430#3446029032,0,1,0.5305181
3042764047#4437827660,0,1,0.71479267
3764759336#3513178266,0,1,0.50410724
4155510577#3967431644,0,0,0.28170115
111568230982#2058132898,1,0,0.34033188
4417849752#1867286717,0,0,0.38972223
3461052410#1318260275,0,0,0.3163989
4223934140#1639390814,0,0,0.38359386
4285709211#4285709207,0,1,0.5877144
5060996735#4317041484,0,1,0.852214
1878732185#2060257095,0,0,0.29663974
4321048267#2056662276,1,1,0.55892134
1594535010#111110399548,0,0,0.31146872
1778563595#4232471781,0,0,0.3163989
1438441444#1398682725,0,0,0.48381945
3403917033#3926916973,0,1,0.6263965
5007075941#2112576214,0,0,0.28170115
3949154929#4391918874,1,0,0.3163989
3245545040#1541880573,0,1,0.5021358
2120155505#2115151765,0,1,0.60876656
1321409006#1813034413,0,1,0.5926306
4129122420#4196598949,0,0,0.4050089
1457252585#3972924699,0,1,0.80886483
2359435242#3052180518,0,1,0.70168275
4643898157#4285709211,0,0,0.28618872
2007934907#100995265790,1,1,0.8316521
2003710867#4551054156,0,0,0.3081145
3124123344#580549064505,0,0,0.3163989
14613461654#14613461939,0,0,0.3213447
4687116172#18467669365,0,0,0.41845757
5181571321#1951195150,0,0,0.3163989
303600075141#336556403061,0,0,0.47236675
314601953357#22859701254,0,0,0.3246611
3831256267#1816929342,0,0,0.39759043
4231111906#4636446230,0,0,0.3398007
4715847880#2003710867,0,0,0.48963574
1843271409#4285709211,0,0,0.28618872
4272887201#2064730522,0,1,0.5825851
309670736915#4712246454,0,0,0.3163989
97014870931#2055377631,0,1,0.78176314
2092610533#156277208014,0,0,0.3635862
3446029041#3683502845,1,1,0.83383006
2092610536#2092610533,0,1,0.78075564
1639832922#4623570105,0,0,0.29400137
4285709207#4285491833,0,0,0.34772164
4471122121#4465664542,0,1,0.51848114
1634282673#1778563597,0,1,0.6426853
1751247315#4915591396,0,0,0.3430649
4091921695#3926916973,0,0,0.28170115
4437827660#2056662276,0,0,0.3163989
376973981474#395685899087,0,1,0.9682684
4840773591#174007019522,0,0,0.3163989
4157496031#4451289887,0,0,0.28170115
3299599421#14613435427,0,0,0.3163989
1712080073#1711852573,0,0,0.41685605
1574873794#3445564730,0,0,0.3163989
2338916683#1438483240,0,0,0.3246611
309312101477#4003298247,0,0,0.28618872
4346970606#156277208014,0,0,0.48955682
2068623358#1710094724,0,1,0.7611844
86283717806#1694379811,0,0,0.3246611
2059124992#4385184631,0,0,0.41594955
5031406959#2114975127,0,1,0.6619425
4285491833#2061309144,0,0,0.28618872
2275666316#3474685536,0,0,0.3163989
1537709308#1537709317,0,1,0.6792118
4451124306#86626661064,0,0,0.3430649
1665894324#1921223120,0,1,0.61311364
4393085087#4680204120,0,0,0.38123348
3949154897#1650171814,0,0,0.45533246
54158093151#4748650954,0,0,0.45269644
3050045988#18468690620,0,0,0.31164438
4210985419#3411721643,0,0,0.3163989
4206812485#3642422898,0,0,0.3756511
2117967935#4623570105,0,0,0.3246611
2275666316#174007019522,0,0,0.3163989
4215038721#4699510653,0,0,0.29343742
2112576214#4479096588,0,1,0.6716716
1740857110#4451288784,0,0,0.32406542
4346970606#4797396841,0,0,0.34191933
1634282673#1633806208,0,0,0.3163989
1321409006#1816428069,0,1,0.74555224
4479070818#4748650954,0,1,0.5734599
4538003565#4589929428,0,0,0.28170115
1472057117#3287805133,0,0,0.30603176
3404019551#2247165276,0,1,0.6388415
4620685919#3806980943,0,0,0.47578937
3881831374#6015919609,0,0,0.3430649
1656969942#3061887519,0,0,0.48101655
4099641396#4298588573,0,0,0.29906654
4972894326#14613464513,0,0,0.37550825
3439202323#1780678934,0,1,0.6181174
1430988070#1875282048,0,0,0.3933575
1778563602#1727736762,1,1,0.73212016
157726428514#189546061243,0,1,0.76450425
422592070627#3633572726,0,1,0.5412067
1751364886#4623949169,0,1,0.8000933
86626661064#5018389488,0,0,0.4553906
1701333847#1374772535,1,1,0.77147436
3054671141#4022447951,0,1,0.5412067
1650171814#5208946130,0,0,0.3163989
1533602348#4726704241,0,0,0.33650976
4643943359#4944579314,0,0,0.42515352
2111351705#2111350136,0,1,0.6518236
4658956014#4536450435,0,0,0.3163989
2053826326#422592070627,0,1,0.55138475
174006932062#121528725386,0,0,0.3793827
2150036453#1816929342,0,1,0.5244973
5104418469#3403897392,0,1,0.5655836
3727491058#1811606488,0,1,0.54076946
4417849752#4416668620,1,1,0.5813121
1326086493#5215138753,0,1,0.74750805
4214739605#3609077013,0,0,0.43901283
2070908197#376973981474,0,0,0.34985536
2068623358#4631852445,0,0,0.3430649
2055377631#4289077889,0,1,0.77522135
3934602500#1430988070,0,0,0.39863664
4726704241#4643011415,0,0,0.33650976
5173394727#4973150488,0,0,0.29343742
4405676807#4219781521,0,0,0.35832924
3633572726#3550931655,0,0,0.3163989
4538332005#1316058339,0,0,0.28170115
4808134153#1415647813,0,1,0.5621144
5087832312#1696438060,0,1,0.8193834
1882929309#1316058339,0,0,0.3163989
4206267336#1419344414,0,0,0.3163989
1416528046#2175801910,1,0,0.3163989
4077473357#4877427884,0,0,0.3163989
2058563113#1520168707,0,0,0.3163989
2066624968#4631852445,0,0,0.28618872
2060355842#421393369392,1,1,0.58483243
4451089335#1743052872,0,0,0.31164438
4570764341#4722721497,0,1,0.5412067
3513178266#4202041822,0,0,0.27643287
2057811649#1710094724,0,1,0.7269228
2111350136#564144132292,0,0,0.3163989
3477269989#3474685537,0,1,0.8156286
2175801910#2027838359,0,0,0.28618872
314601953357#1770010645,0,0,0.28308633
4959321228#1497880313,0,0,0.19963628
4584646241#4391918874,0,0,0.3246611
1374772535#4657354311,0,0,0.3552994
3791139342#3967431644,0,0,0.28170115
4417818851#2055255869,0,0,0.3163989
2168053392#4589678847,0,0,0.38179028
41375214069#2062845102,0,0,0.31164438
1712080073#1711687490,0,0,0.37650555
21269204096#4205538788,0,1,0.6564945
4781194041#4841409785,1,1,0.56185794
4898730640#4828654874,1,1,0.6849382
4899954714#3806980943,0,0,0.31164438
364679238122#1701333916,0,0,0.3430649
2148153592#2059400154,0,1,0.6723271
3056067914#2336490445,0,0,0.3163989
14613461654#14613466961,0,0,0.3213447
2057811649#237523614768,0,0,0.4278952
2057051388#3954668240,0,1,0.6006006
4589595738#2113760999,0,1,0.79012614
4285491833#4285709211,0,0,0.34772164
48926966870#2054753273,0,0,0.2741219
4761512241#2254264382,1,1,0.5217398
3628839717#4335156801,0,0,0.3246611
2068623358#4680203965,0,1,0.58935183
3054671141#3517506225,0,0,0.3246611
4495044650#4735503306,0,0,0.3450258
3764759336#2115880476,0,1,0.84561867
1684789889#4715847880,0,1,0.6365865
4662042966#4663785560,0,0,0.26064104
4680204120#79993360240,0,0,0.29663974
1374772550#1701333915,0,1,0.708035
3044853716#2055886100,0,0,0.46913707
1951195150#4808134153,0,0,0.31164438
4635981164#3107598853,0,0,0.3163989
138962685339#276611684552,1,1,0.7371885
4643011415#1533602348,0,0,0.41996107
4256926363#4933360994,0,0,0.3516653
2115880476#4034038494,0,0,0.49254408
4215058789#4215038721,0,0,0.3430649
3628839722#3628839717,0,1,0.8353114
1646275700#1816430010,0,0,0.4419776
124021630369#3683502845,0,0,0.3163989
4479095804#4479096850,0,0,0.49777448
4699510653#107725290582,0,1,0.7752887
3517506225#1914403252,1,1,0.81152886
2183963548#2026258519,0,1,0.66901374
1537709317#2338916683,1,1,0.5335036
4755359264#314601953357,0,0,0.3910135
3107598853#1438441444,0,0,0.4893334
4439737367#4435913614,0,0,0.3670264
3550979323#3259289288,0,1,0.69156647
2176735919#2056078364,0,1,0.79057485
4439426144#4256622048,0,0,0.3246611
4065795443#4439737367,0,0,0.32406542
2066509477#5037293131,0,0,0.29205534
1500022510#5087832312,0,1,0.8193834
4317041484#4327866563,0,0,0.37553453
4040016243#2057145715,0,0,0.3163989
1867286717#4781194041,0,0,0.47332647
2163049577#2114049002,0,0,0.36834267
237523614768#5128222238,0,0,0.28618872
4435528162#3836676657,0,0,0.26419
364679238122#4658620132,0,0,0.33614126
3061887519#5003601219,0,0,0.48517317
1326086493#4893633475,0,1,0.6381444
2066535766#487126887411,0,1,0.55310464
3359180052#3594649033,1,1,0.5859701
41713266437#54161674630,0,1,0.54518485
2183968048#2183963548,0,1,0.6481114
4140165052#4426740219,0,0,0.3318917
2111872187#2067179166,0,0,0.3430649
4653616782#2054657150,0,0,0.3163989
3889395495#4893633475,0,0,0.3163989
2067571192#5087832312,0,0,0.3163989
1543155210#1878732185,0,1,0.53078467
4680095395#1727736762,0,0,0.28170115
1778563597#156277207697,0,0,0.3163989
3794247232#111568230982,0,0,0.33186683
2296451977#2296574953,0,0,0.40089792
3032709817#1627738213,0,0,0.3163989
336556403061#1728174555,0,1,0.5710004
4323500487#4479070818,0,1,0.6929449
4851901157#4285709207,0,0,0.28618872
4219781521#564144132292,0,0,0.33569115
3043492443#4354044382,0,0,0.31164438
3490539439#4015322905,0,0,0.31164438
4393085087#3881831374,1,1,0.59612095
2075416140#3044853716,0,0,0.3163989
4479096588#4289077889,0,1,0.57901555
4209814745#3920807098,0,1,0.54202753
4495500756#18465816919,0,0,0.3163989
1437868238#4589673799,0,0,0.39843366
4165151066#3683502845,0,0,0.36188415
5154681248#157726428514,0,0,0.3163989
2074019451#3968945784,0,0,0.28170115
3108657350#1784900254,0,0,0.31164438
376973981474#4157496031,0,0,0.3127968
1751364880#4619195159,0,0,0.3163989
4157551094#4272137501,0,1,0.55310464
4898626808#3124123344,0,0,0.3163989
97014870931#3637042235,0,0,0.35009944
2056662276#97014870931,0,1,0.76461995
4479095804#4261185678,0,1,0.663801
53263275323#1394397775,0,0,0.31164438
2060355842#22859701254,0,0,0.3246611
1671393307#3056067914,0,0,0.28618872
4071233134#3446029032,0,0,0.46589255
4915591396#2727127831,0,0,0.3163989
7161172172#5214033793,0,0,0.28170115
564144132292#111568230982,0,0,0.3163989
146011937628#1921223120,0,0,0.3331189
3259289288#5123189260,0,1,0.604076
2359348328#4750249486,0,0,0.33833262
1430988070#2116342008,1,1,0.8947914
3446029040#2329543699,0,1,0.8576069
3896015808#4668248026,0,0,0.3163989
2066509477#4657354311,0,0,0.3552994
3259289288#4435913614,0,0,0.24582338
1374772535#156277207697,0,0,0.44175088
2180579787#2183428945,0,1,0.6481114
3954668240#1847712017,0,1,0.65395963
4538332005#54158093151,0,0,0.28618872
4450602322#2114341514,0,1,0.55310464
3555205657#3501281334,0,1,0.62825054
1727736762#4397595587,0,0,0.28170115
1780678934#4140165052,0,0,0.2940977
3967431644#2062782802,0,0,0.43289798
2455800880#14613465315,0,0,0.47247893
2056078364#3050152494,0,1,0.8287611
2114975127#4179651570,0,0,0.29738522
4179651570#276611684552,0,0,0.2962141
4628467232#1415647813,0,0,0.48285028
14613464513#14613461654,0,0,0.3213447
2059400154#4004772536,0,0,0.3163989
2059052537#3056067914,0,1,0.5070503
4408616491#5090085713,0,0,0.3163989
2068602973#2066624973,0,0,0.31164438
54161674630#5095503840,0,1,0.5207525
4929499262#3032709817,0,1,0.7193468
2339749085#14613465315,0,0,0.3163989
2059052537#1818739935,0,0,0.46602783
38406123057#2297005450,0,1,0.6472936
4291077418#45531943201,0,1,0.55345654
4417818851#2339749085,0,0,0.31164438
3236601708#2092610533,0,1,0.67518187
2003336437#1647227082,0,1,0.58166695
4742698844#87720200914,0,0,0.36188415
4260680249#4165151066,0,0,0.3163989
1921223120#5059261580,0,0,0.22638778
4454965094#5163452200,0,0,0.30367664
5090005101#4393085087,0,1,0.5803979
4129122420#1438441444,0,0,0.43197274
2060185514#1711687490,0,0,0.304971
5163452200#29607392514,0,1,0.6249392
2055255869#4209814745,0,0,0.3163989
2092938385#4384414279,0,1,0.5478965
1816428069#1816427364,0,1,0.76638865
2168053392#4589595738,0,0,0.3593214
7161172172#5018368651,0,1,0.917532
2007847537#4715847880,0,0,0.3163989
3501285885#1653994308,0,0,0.49372953
156274514359#3214249595,0,0,0.28618872
2338131041#1537709311,0,1,0.5690096
1712080073#3052165975,0,0,0.22638778
1816929342#1817644740,1,1,0.6949968
3772512066#4735503306,0,0,0.40990555
4746144353#4972894326,0,0,0.29343742
45531943201#41713266437,0,0,0.39540687
4210985419#4893633475,0,0,0.36554104
1784900254#2069774757,0,0,0.31143773
4657354294#3404019551,0,0,0.3430649
53263275323#4653616782,0,0,0.4035043
3835278364#2007934907,0,0,0.38404468
4196521320#4641374150,0,0,0.3541859
23230310067#5169557343,1,1,0.6697916
4204386191#3849817492,1,1,0.8844024
1816428069#1840606003,0,0,0.47310874
2135316663#5104418469,0,0,0.28170115
2056478070#1639219119,0,0,0.30603176
2066535766#1416827061,0,0,0.3163989
4941134416#4218561827,0,1,0.75989455
3882201915#3949154929,0,1,0.5091824
4022447951#3754155310,0,1,0.5412067
4209814745#1537709304,0,0,0.3163989
201663692217#406088738482,0,0,0.28618872
3461052410#5027483278,0,1,0.5699154
4272137501#4214739605,0,1,0.51085836
1778563595#1537709311,0,1,0.6381444
3644272514#3446029040,0,1,0.6053915
19705527158#107725292534,0,0,0.3163989
70183897754#4536450435,0,1,0.79012614
53263229623#3860948251,0,0,0.31164438
2359348328#2067179166,1,1,0.8775293
4726704241#3594649033,0,0,0.33650976
4972894677#2455842713,0,0,0.3307612
4256926363#4542386587,0,0,0.3163989
2059124992#5210078086,0,0,0.3430649
3968945784#4687116172,0,1,0.50280213
7161173338#1696208496,0,0,0.28170115
102514982310#121528725386,0,1,0.6381521
1712570793#3438816692,0,0,0.3163989
219547393842#5174571094,0,0,0.28618872
8431814058#1867286717,0,0,0.3163989
1878732185#1394397775,0,0,0.31629103
1728174549#4132281843,0,0,0.35335475
1637980981#3551393130,0,0,0.28618872
2092610536#4071233134,0,0,0.27749348
4763332016#2067571192,0,0,0.3163989
2063588766#1316556785,0,0,0.4129585
3648904906#4317041484,0,1,0.8016084
1665894324#1765891797,0,0,0.34282297
3555205657#3287805133,0,1,0.7394933
2058316912#4843831604,0,0,0.33306023
4057032761#4451124293,0,1,0.66017544
1627587582#4259429802,0,0,0.28618872
4840773591#3727491058,0,0,0.3430649
4619195159#1520168707,0,0,0.33284512
1780678934#1782357780,1,1,0.65432596
3580539229#3249354040,0,1,0.7399934
1386747994#2062045929,0,0,0.31164438
5167083430#5169253299,0,1,0.55938244
5007075941#3477269989,0,0,0.42697105
4451289887#2551494872,0,1,0.7037985
4705583754#4489521100,0,1,0.5412067
5169557343#4542039020,0,1,0.77355564
1594535010#2026069710,0,0,0.4660635
373850283306#373850284448,1,1,0.60902643
4792436579#2168053481,0,0,0.3163989
3926916973#1721524699,0,1,0.74230325
3114734058#2159739481,0,0,0.28170115
2116342008#3052180518,0,1,0.8542763
4231111906#97115452949,0,0,0.3163989
109165560395#189546061243,0,0,0.29343742
4993036319#580549064505,0,0,0.29400137
1438326380#4289086328,0,1,0.7157723
8431814058#2114341514,0,1,0.53779507
4003298247#1784900254,0,0,0.3163989
4285709211#4316999113,0,0,0.3163989
4623934568#183335907108,0,0,0.29343742
2007934907#97014870931,0,1,0.8193834
1818739935#2338916683,0,0,0.39119792
3860948251#3299599421,0,0,0.45269594
1415554755#3691000538,0,0,0.28618872
3487828521#4448830722,0,0,0.32242596
38202856033#4663785560,0,0,0.27643287
2056662276#2055377631,0,0,0.36748722
1951195150#107725292534,0,0,0.3163989
2070627808#2092610536,0,1,0.64101666
1398682725#3435281641,0,0,0.38031423
4479095804#4699510653,0,1,0.663801
3419405027#2026258520,0,0,0.3163989
1313607746#4972894326,0,0,0.31164438
4411426624#3304467506,0,0,0.3163989
5027483278#2111350136,0,0,0.34368825
3403917033#406088738482,0,0,0.31146872
4658956014#2054817755,0,0,0.28170115
1497939109#4735432768,0,0,0.3430649
4620294540#3438816692,0,0,0.4161877
2235828707#2062075980,1,1,0.5851251
2054733437#1878732185,0,0,0.28170115
1962074579#4140165052,0,0,0.4932529
4720389596#4289077889,0,0,0.31164438
4623949166#4004772536,0,1,0.5527906
4716933437#4897048724,0,0,0.40246034
564144132292#2062075977,0,0,0.31127492
4933360994#3487828521,0,0,0.33734667
4915591396#5208946130,1,1,0.6746766
1816428069#1813034413,0,1,0.7672051
2119476678#2119398744,0,0,0.4533847
4274235353#1752749942,0,0,0.28618872
5123189265#7161172172,1,1,0.8195572
1709057480#4620294540,0,0,0.34085616
14613461654#4201830454,0,0,0.2988749
3451234547#3513178266,0,1,0.83081377
4145496082#4077473357,0,0,0.28617793
2114049002#3848611844,0,0,0.41442263
4973150488#14613466961,0,0,0.37550825
2117967935#3794247232,0,1,0.79012614
29607392514#2297005450,0,1,0.6377224
3054434630#2062766801,0,1,0.83579475
4620261674#4195960848,0,0,0.3163989
2120851333#1311812490,1,1,0.6255068
1701333915#1701333847,0,1,0.72868204
29608029868#29607392514,0,1,0.6249392
1438326380#1497939109,1,1,0.82016504
4414530598#5060996735,0,0,0.3163989
2026258521#2183428945,1,1,0.5412067
5182742886#4929499262,0,0,0.37278992
46983614517#4643718292,0,0,0.3163989
3517506225#4354044382,0,0,0.3163989
2118416856#4339070553,0,0,0.28170115
4437827660#1843271409,1,1,0.5166854
4259429802#4973150488,0,0,0.3049495
4792436579#4750249486,1,0,0.44849762
1882929309#3550931655,0,0,0.3163989
4538332005#1696208496,0,0,0.28170115
1727736762#1712573177,0,1,0.7501904
4877427884#4454965094,0,1,0.8444637
5214033793#4699280965,0,1,0.5750133
2183963548#2026258521,0,1,0.5412067
3633572726#307718000196,0,1,0.71791697
1672066227#21269204096,0,0,0.33453926
3882201915#4584646241,0,0,0.48594224
4157496031#4197138413,0,0,0.48594224
4157551094#2066624968,0,1,0.55310464
2111041560#1497880313,0,1,0.5794989
3495408683#4897048724,1,1,0.6110846
4003298247#4417849752,0,0,0.46567902
102514982310#2114716134,0,0,0.3163989
3798986721#48926966870,0,0,0.28170115
4898730640#3289002505,0,0,0.32406542
4797396841#113196401893,0,0,0.36867842
2054657150#2054657143,0,1,0.52118605
1728174555#2067377960,0,0,0.34438148
4416668620#4841409785,0,1,0.51384467
5165108496#5197586202,0,1,0.54814535
4742698844#4653616782,0,0,0.28618872
1694379811#2298730254,0,0,0.45360118
4015422065#5018023921,0,0,0.27544126
87820911338#2168053392,0,0,0.28618872
29608029868#29299331674,0,1,0.5663647
1743052872#2056078364,0,1,0.5176674
2176735919#4470296934,0,1,0.55396086
4750249486#3999176481,0,1,0.642513
4628867825#1570945860,0,0,0.3163989
4720389596#4223043910,0,0,0.43469894
2058222393#2270062912,0,0,0.3163989
4027742647#2117967935,0,0,0.3163989
373850284448#2114975127,0,0,0.31164438
2061309144#1878732185,0,0,0.40061125
4642512906#4933360994,0,0,0.30283546
49857216438#4893633475,0,0,0.29663974
110232280082#4437827660,0,0,0.29343742
10530767652#156277208014,0,0,0.32797697
4279029102#2235828707,0,0,0.31164438
38448881724#1696095096,0,0,0.3163989
1528865186#4536041187,0,0,0.3163989
1951195150#4040016243,0,0,0.3708828
5318769457#4157280271,0,0,0.29663974
3988152389#3999176481,1,1,0.5239529
4165585148#2092938385,0,1,0.6968543
1594535010#107725290582,0,0,0.32242596
4071233134#3446029041,0,0,0.46589255
1765891797#4130010417,0,1,0.5190278
97115452949#1633806208,1,1,0.675284
1416528046#1438441444,0,1,0.79012614
3770456617#1415554755,0,0,0.3163989
4317041484#3648904752,0,1,0.82377046
53263275323#50602309472,0,0,0.37759873
1953270965#2113288221,0,0,0.3419795
1438326380#1694379811,0,1,0.82016504
1905948078#1565925308,0,1,0.55904216
4140165052#4450888165,0,0,0.38202378
1743052872#2111041560,0,1,0.5176674
21269204096#173652977366,0,0,0.32242596
4673557611#4735503306,0,0,0.38096055
4397595587#4841409785,0,0,0.47332647
5003601219#146011937628,1,1,0.70756155
4913742546#1570945860,0,0,0.3163989
18468580547#5167083430,0,0,0.4293914
580549064505#1696208496,0,0,0.28170115
2115880476#3551393130,0,0,0.36554104
3626237468#4099641396,0,0,0.32768992
2120851333#1477293192,0,1,0.61359024
1711687490#4091921695,0,0,0.3456915
4247271139#4726704241,0,0,0.3163989
4232471781#4657354285,1,0,0.3163989
2092174215#1637980981,1,1,0.5525268
87820905399#3490539439,0,0,0.38772252
4316999082#3949154897,0,0,0.3163989
4825375981#4180609537,1,1,0.87701243
3626237468#1953270965,0,1,0.88325894
2343156405#2159739481,0,1,0.6258043
5087832312#1415647813,0,1,0.8193834
146011937628#1654102057,0,0,0.3331189
2135316663#2159452221,0,1,0.5756113
4157551094#291173146171,0,1,0.5300246
4840773591#4579172309,0,0,0.28618872
2060253226#3046729281,1,1,0.83096725
4514269980#4893633475,0,0,0.291467
1635692869#4851901157,0,1,0.71853656
4581502608#4538003565,0,0,0.3163989
3359180052#4589929428,0,0,0.30629474
2235828707#1401982678,0,1,0.6175438
4631852445#2114049002,0,0,0.31146872
2058132898#3794247232,0,0,0.29620782
1640340946#2061022206,0,1,0.59835887
2056128836#4260680249,0,0,0.28170115
4730645460#4636446230,0,0,0.28618872
156893097471#174006932062,0,0,0.3163989
1867262556#7026230674,0,0,0.3163989
4439737367#34888001864,0,0,0.28170115
2071751695#18468687381,1,1,0.52635473
2159452221#2055886100,0,1,0.84235996
91686025987#2604119334,0,1,0.79812
4471122121#4653616782,1,0,0.3163989
3404019551#4658620132,0,0,0.3163989
2336490445#2120472151,0,0,0.3163989
4658620132#309670736915,0,0,0.3163989
3445564730#2135316663,0,0,0.3163989
1671393307#4022447951,0,1,0.5412067
4479070818#3249354040,0,1,0.5412067
4643898157#2135316663,0,0,0.28170115
3967431643#4495500756,0,0,0.28618872
4451289887#3446029040,0,1,0.6785683
4893633475#2112794415,0,0,0.3700415
2079581946#4454991968,0,0,0.26855475
4843831604#4851901157,0,0,0.32291514
1477156406#2159739481,1,1,0.7909971
2057145715#2338916683,0,0,0.28170115
38406123057#5163452200,0,1,0.5906723
3439202323#1438326380,0,0,0.3331189
47752312088#4755359264,0,0,0.46152788
18469192585#3411721643,0,0,0.36534107
3282474651#2270062912,0,1,0.6355399
3052180518#1453527936,1,1,0.84033763
4201830454#14613464513,0,0,0.27117017
3513178266#1751247315,0,0,0.28170115
5197586202#19705527158,0,0,0.4947146
3628839717#3628839716,0,1,0.8353114
2067377960#1701333847,0,0,0.3738668
4200577198#2199135578,0,0,0.28618872
4330455313#4353960088,0,0,0.35880178
3249354040#3245545040,0,1,0.7158391
292830032329#70183897754,0,1,0.79012614
1497880313#4414530598,0,0,0.3163989
4065795443#3289002505,0,1,0.53784996
4900378668#1472057117,0,0,0.31127492
1813034413#406088738482,0,0,0.28170115
4015422065#1640340946,0,0,0.28618872
6015919609#1639219119,0,0,0.37267578
3648904752#2270062912,0,1,0.7223646
2060185518#1528865186,0,0,0.3834187
3628839722#3451234547,0,1,0.7485434
2092610533#4926426630,0,0,0.36376446
110232280082#54158093151,0,0,0.31146872
2061448091#111568230982,0,0,0.3246611
2270062912#4439426144,0,0,0.3163989
4534359957#4077473357,0,0,0.44941038
2183968048#2181531828,0,1,0.7562661
1882929309#3809186919,1,1,0.8336734
4451288784#146011948003,0,0,0.3163989
1951195150#4658620132,0,0,0.31164438
4205424867#3075628047,0,1,0.5369418
2056078364#1382214880,1,1,0.6501929
3347114660#4145588659,0,0,0.48594224
3903241588#4536041187,0,1,0.50823957
2120851333#4619195159,0,0,0.3163989
4589820532#3477269989,0,1,0.6818092
4579172309#4658620132,0,0,0.4773993
2551494872#1921223120,0,0,0.43404877
54161674630#29299331674,0,0,0.3048868
5128222238#5183692300,0,1,0.86824524
2268287413#2359348328,0,1,0.7548044
4003298247#5163452200,0,0,0.28618872
2058316912#4700047151,0,0,0.3163989
2117967935#18465851371,0,0,0.3163989
1472057117#303600075141,0,0,0.33180594
50602309472#11087571368,0,0,0.41151807
3934602500#3052180518,0,0,0.48823923
4439737347#3044853716,0,0,0.40336245
4898730640#406088738482,0,0,0.32406542
5037293131#4015322905,0,0,0.31164438
1438441444#4206812485,0,0,0.2703256
2069774757#4735503306,0,0,0.26053476
1537709308#1537709311,0,1,0.6792118
1541880573#4514269980,0,1,0.68529564
7161172305#7161173338,0,1,0.79619086
2119476678#4339070553,0,0,0.3163989
1639219119#2296451977,0,0,0.38343602
5169257472#3709672083,0,0,0.3163989
4057032761#3633572726,0,0,0.3163989
4944579314#1656969942,0,0,0.28170115
4223004786#5208946130,0,0,0.48962653
4570764341#3214249595,0,0,0.48600513
4289077889#1701333915,0,0,0.31164438
4411426624#4205424867,0,0,0.37946618
4581502608#4680204120,0,0,0.3163989
3513178266#3628839717,0,1,0.7485434
3245545040#3629624977,0,0,0.38633725
5182742886#5027483278,0,0,0.3163989
3107598853#4206812485,1,0,0.4893334
5095503840#45531943201,0,1,0.6298248
4057032761#4215027256,0,0,0.3163989
4589820532#1778563597,0,1,0.9294369
2063706226#2068602973,0,0,0.37273976
2059483876#1543155210,0,0,0.40061125
3630377420#4623570105,0,0,0.28618872
4672808661#106964376935,0,0,0.32291514
1665894324#2551494872,0,1,0.59934264
2068623358#1570945860,0,1,0.6514902
2062845102#4218561827,0,0,0.29663974
2058222393#4165585148,0,1,0.5979024
4657354311#4316999082,0,0,0.27749348
49857216438#5014897285,0,1,0.5338357
4572380856#2079581946,0,0,0.23565386
3214249595#2066624973,0,0,0.48600513
1438441444#4479424072,0,1,0.8562274
4205424867#2059052537,1,1,0.5125661
2061448087#1537709304,1,1,0.57593334
4219781521#4200577198,0,0,0.37956712
1656969942#5173394727,0,1,0.71074563
3487828521#3712801411,0,0,0.30871868
2026258519#3044025040,0,0,0.27309006
1453532038#2118416856,0,0,0.28170115
1696438060#1709057480,0,0,0.44060957
4034038494#3445564730,0,0,0.3331189
4479070818#4572636295,0,1,0.768907
3835278364#1633806208,0,0,0.43665105
23230310067#4542039020,0,1,0.77355564
1816430010#2007329552,0,1,0.5669278
2061309144#8431814058,0,0,0.28618872
4272843119#3836576451,0,0,0.28618872
1962074579#2056128836,0,1,0.6635863
4259429802#4316999113,0,0,0.3163989
4840773591#2069985286,0,0,0.3163989
4620294540#4200562083,0,0,0.28170115
49857216438#3359180052,0,0,0.29663974
5018389488#5208946130,0,0,0.48962653
2079572106#1416827061,0,0,0.3430649
3831256267#2054753273,1,1,0.61425745
4161797606#303600075141,0,0,0.47236675
3525845999#1816428069,0,0,0.28170115
1565912494#1528865186,0,0,0.3834187
2062766801#3403897392,0,1,0.6499858
174006932062#150594502346,0,0,0.3163989
4401870234#3628533316,0,1,0.6381444
3630377420#4900256072,0,0,0.28170115
4437827660#4439737347,0,1,0.5054023
1684789889#3630377420,0,1,0.73206353
1867262556#1867286717,0,1,0.5883075
2054781193#4439737347,0,0,0.28170115
4354044382#18468580547,0,0,0.3163989
3903296442#2119398744,0,1,0.5911227
4667944802#4668248026,0,0,0.4655372
97014870931#4223934140,0,0,0.3163989
4226659635#4910561821,0,0,0.3163989
1875282048#4658956014,1,1,0.6911011
3403917033#3403897392,0,0,0.3706938
307718000196#2270062912,0,0,0.48063505
3401731422#4628482537,0,0,0.37285417
4219781521#4015422065,0,0,0.29400137
4530026053#4157496031,0,0,0.29663974
1813034413#1319944364,0,1,0.7117881
3642422898#4196598949,0,0,0.47291633
4452060617#4451089335,1,0,0.46290803
2064730522#4272885125,0,1,0.65575147
113196401893#1637581644,0,0,0.39868477
4943160331#2176735919,0,0,0.3163989
4323500487#4748650954,0,1,0.5734599
50602314209#2117948923,0,0,0.27508843
2055255869#2027890207,1,1,0.665243
3926867260#4202096119,0,1,0.5021358
4201830454#292830032329,1,1,0.89087003
2169220658#2114975127,1,1,0.83519137
2071751695#2078774568,0,0,0.34806594
3419405027#3954668240,0,1,0.7163112
3557197892#2027929598,0,0,0.48512748
5174571094#4452550298,0,0,0.28618872
29607392514#4642512906,0,0,0.4599576
3269719212#50602309472,0,0,0.3301892
5096293410#5104418469,1,1,0.72786635
2062845102#4680203965,0,0,0.42397028
4534359957#4435913614,1,1,0.6231365
3929215225#3882026745,1,0,0.3163989
4435686270#4065721591,0,1,0.76534814
4450888165#4260680249,0,1,0.5118865
4750249486#4780994423,0,0,0.4844121
107725296889#107725290582,0,1,0.86328024
1565925308#2060257095,0,0,0.45398325
4867542841#1751247315,0,0,0.3722156
2114716134#2111349786,0,1,0.75741315
212771874474#1565913509,0,0,0.29663974
1743052872#4130010417,0,0,0.28170115
4536041187#4658956014,0,0,0.46123642
2003336437#2057342439,0,0,0.3163989
3054434630#3926916973,0,1,0.913267
3501281334#4730645460,0,0,0.31146872
2452901483#2061022206,0,1,0.5754735
4595088087#156277207697,0,1,0.62745357
2604119334#564144132292,0,1,0.67304015
14613466961#4657354311,0,0,0.36376446
1565912494#1438483240,0,0,0.31164438
3999176481#4452060617,0,0,0.47783524
3881831374#1565925308,0,0,0.3163989
4623949169#1751364880,0,0,0.47607467
1639901072#2117967935,1,1,0.79012614
4057032761#3848611844,0,0,0.37599128
4132281843#1728174555,0,1,0.5710004
4972894677#3236601708,0,0,0.3445082
2075416140#2117967935,0,0,0.3163989
2135054445#4572636295,0,0,0.29663974
2026258519#2026258521,0,0,0.4664288
4426740219#4643011415,0,0,0.3163989
2112576214#1671393307,0,0,0.28618872
4451089335#4130010417,0,1,0.5676026
14613465315#14613461939,0,0,0.3176355
1627738213#2068623358,0,0,0.29663974
4843831604#4672808661,0,0,0.32291514
3637042235#1318260275,0,0,0.3708828
4439737367#3042764047,0,1,0.71479267
3882026745#4536041187,0,1,0.5910667
3727491058#2452901483,0,0,0.4484632
4536450435#1635692869,0,1,0.79012614
4435528162#4542321633,0,0,0.26419
2063706226#18468188878,0,1,0.50381404
10530767652#2092610536,0,0,0.3430649
3487828521#2069985286,0,0,0.29663974
2112576214#4451342506,0,1,0.77172613
6015919609#18469192585,0,0,0.31793657
7161173338#5123189260,1,1,0.72789747
5018023921#2183968048,0,0,0.3163989
3044853716#2066624973,0,1,0.73634017
2058316912#4672808661,1,1,0.6883997
4232666143#4256926363,1,0,0.3163989
2120472151#2275666316,0,1,0.5412067
4900256072#4572636295,0,0,0.46406615
1782357780#4091921695,0,0,0.4644196
156276677247#1640340946,0,0,0.4180641
2070908197#4572374020,0,0,0.3246611
1502384801#4535930871,0,0,0.2297314
1770010645#5067776785,0,1,0.5604912
1778563602#1416301524,0,0,0.3163989
1701470611#3836676657,0,0,0.3298266
22859701254#4641374150,0,0,0.3163989
3580539229#86283717806,0,0,0.3246611
1696095096#2065354050,0,0,0.3163989
5169257472#3026064813,0,0,0.3163989
4323500487#1477293192,0,0,0.3163989
8431814058#4680204120,0,0,0.3163989
1775497794#4196030610,0,1,0.6067029
3044025040#4034038494,0,0,0.3163989
2067571192#2069139175,0,1,0.56958157
5067776785#4511530729,0,1,0.555228
1398443073#18468188878,0,1,0.7486238
2114716134#2165015487,0,0,0.35056716
2118416856#2068436073,0,0,0.49487707
8431809688#2235828707,0,1,0.50196826
3794247232#2114975127,0,0,0.28170115
150594502346#3628839722,0,0,0.3246611
4900378668#10530767652,0,1,0.7203125
4454991968#4202096119,0,0,0.35858443
3359180524#79993360240,0,0,0.2897354
4339070553#4015322905,0,0,0.31164438
4157381557#2055448044,1,1,0.53644216
3477269989#3896058143,0,1,0.7347564
14613466961#3764759336,0,0,0.3163989
6015919609#2056478070,1,0,0.30603176
4206269897#4898626808,1,1,0.82669497
4157280271#1694379811,0,0,0.26103964
5173394727#1867286717,0,0,0.3163989
2079572106#2117967935,0,0,0.3163989
2119476678#2111349786,1,1,0.8901667
1712570939#1634282673,0,0,0.45603675
7026230674#14613461654,0,0,0.3163989
79993360240#2338131041,0,0,0.31164438
18465851371#2114341514,0,0,0.11818656
4952978442#2169220658,0,0,0.41386506
3525845999#4439737347,0,0,0.48905888
2977755545#1672066227,0,0,0.28527185
3046471496#2078835030,0,0,0.3163989
3026064813#173652977366,0,0,0.3163989
3642422898#3290843987,0,0,0.47119287
97014870931#100995265790,0,0,0.38235524
4643938191#2297005450,1,1,0.71552956
2268304430#4643938191,0,0,0.3163989
2058132898#2727127831,0,0,0.33186683
2064727359#421393369392,0,0,0.2765824
4538003565#5031406959,0,0,0.28170115
3299598934#3594649033,0,1,0.52498597
110232280082#4811798618,0,0,0.3163989
50016874555#4673557611,0,1,0.5412067
4479096588#2168053481,0,0,0.28618872
4755359264#3806980943,0,0,0.3163989
4657354285#1711852573,0,0,0.28170115
2060257095#1914706723,0,0,0.3163989
2061022206#1811606488,0,1,0.61219543
4840773591#4551054156,0,0,0.3196624
14613464473#156277514294,0,1,0.8442831
3032709817#3299598934,0,0,0.3163989
124021630369#2111872187,0,0,0.3163989
2064229512#2120472151,1,1,0.6006536
14613469834#4551054156,0,0,0.26788247
4215058789#1533602348,0,0,0.3163989
4226659634#4232471781,0,0,0.3398007
3446029040#1533602348,0,0,0.4487438
4755359264#4735503306,0,0,0.3163989
4495044650#50016874555,0,0,0.3163989
4272885125#3648904752,0,1,0.7394152
3968945784#2068436073,0,0,0.31164438
146011937628#2551494872,0,0,0.3163989
4259241183#3050045988,0,0,0.3708828
1741741476#4435913614,0,0,0.29663974
2074019451#4205538788,0,1,0.5412067
2078835030#4687116172,0,0,0.33779535
4746512285#2058316912,0,0,0.28618872
2092610533#4471122121,0,1,0.565302
5027483278#41713266437,0,0,0.4145949
1415647813#1718471304,0,0,0.48548338
4435686270#3501285885,0,1,0.56522405
2068602973#4330455313,0,0,0.27484906
4150903563#4718263231,0,1,0.6134082
4411426624#146777938215,0,0,0.29343742
18468580547#18466210670,0,0,0.3986526
4828654874#2247165276,0,0,0.28170115
2455800880#4259241183,0,0,0.3163989
4680204120#2359435242,0,0,0.29663974
3770456617#1419344414,0,0,0.3163989
2066535766#4623570105,0,0,0.3163989
4499147142#18466202308,0,1,0.77048665
4489521100#2069985286,0,0,0.29663974
3934602500#376973981474,0,0,0.3163989
3551872495#4155510577,0,0,0.3163989
4444196403#4147080749,0,1,0.66326874
2111350136#4414530598,0,0,0.3163989
4667944802#4641374150,1,1,0.61589986
3404019592#4147080749,0,0,0.3163989
2092610519#3809186919,0,0,0.25299832
4620261674#3076859035,0,0,0.3163989
4471122121#4439737347,0,0,0.31164438
3056067914#1307874587,0,0,0.40741718
1321409006#5128222238,0,1,0.59975713
4195993580#1453532038,0,0,0.33284524
4623949166#4619195159,0,0,0.3163989
86283717806#69710193399,1,0,0.3505985
309312102749#3485676898,0,0,0.41846812
183335907108#2054817755,0,0,0.28170115
1520168707#18466210670,0,1,0.5412067
2060257095#2059483876,0,0,0.29663974
4662042966#4641374150,0,0,0.28086933
2068602973#2071751695,0,0,0.33573952
156277208014#156277193948,0,1,0.571965
4643011415#3055576029,0,0,0.38409144
3934602500#2068436073,1,1,0.72225255
2064955879#2117967935,0,0,0.3246611
303600075141#4991881551,1,1,0.70974135
41713266437#2069139175,0,0,0.3163989
4397595587#4417818851,1,0,0.47618586
60367707728#4417818851,0,0,0.31164438
2027929598#4579172309,0,1,0.7385547
1637980981#4034038494,0,1,0.61302936
4219781521#4991881534,1,1,0.6688675
1307874587#117154450703,0,0,0.3430649
4828654874#4867542841,0,0,0.3430649
3831256267#4943818903,0,0,0.34205437
1816428069#4195960848,0,0,0.30734333
2078774568#4330455313,0,0,0.27484906
3949154929#3967431643,0,0,0.31581017
4549189933#3044025040,1,1,0.5800993
8431814058#2065201243,0,0,0.49326298
2296574953#4687116172,0,0,0.4803357
1374772535#1374772550,0,1,0.6401162
4926426630#4452550298,0,0,0.34268576
4397595587#5214033793,0,0,0.28170115
1778563602#1778563595,0,1,0.9494747
3612961288#4448830722,0,1,0.6021467
2079572106#4623570105,0,0,0.36424598
1541880573#4155510577,0,0,0.28170115
3290843987#3107598853,0,0,0.4194992
4991881534#4991881551,0,1,0.6736543
4700047151#4247271139,0,0,0.3163989
4899954714#4699280965,1,1,0.5750133
156274514359#4385069368,0,0,0.33779535
4247271139#4015322905,0,0,0.3163989
4285709207#4316999113,0,0,0.3163989
421393369392#564144132292,0,0,0.31164438
4657354285#435372126625,0,0,0.3552994
4157381557#4913742546,0,1,0.69146883
174006932062#1694379811,0,0,0.36188415
1639390814#1639832922,0,1,0.6510841
1951195150#4643718292,0,0,0.31164438
173652977366#156893097471,0,0,0.29663974
4499147142#4828387554,0,0,0.3703797
4206224036#4705583754,0,0,0.3530885
1727736762#4209814745,0,0,0.3163989
49857216438#3712801411,0,0,0.34252957
1639901072#4623570105,0,0,0.3163989
1770010645#4898730640,0,1,0.57455194
4426740219#4385421396,1,0,0.48389846
1457252585#1711687490,0,1,0.90083325
2297005450#4636446230,0,0,0.46546695
3648904906#4755359264,0,0,0.27571112
2180579787#3954668240,0,0,0.3163989
2007934907#1633806208,0,1,0.6696654
2054733437#2060257095,0,0,0.29663974
3304467506#4129122420,0,0,0.39729255
2054657143#4900256072,0,1,0.6208433
4643718292#18469192585,0,0,0.35138378
14613461939#2455800880,0,0,0.47247893
3920807098#3635733776,0,0,0.39863664
1688824936#343200247912,0,0,0.3163989
18468695966#4643898157,0,1,0.7848845
14613460476#138962728028,0,1,0.5991267
4499147142#4718263231,0,0,0.3163989
1671393307#1456843034,1,0,0.3163989
1639832922#3403897392,0,1,0.6319959
3806980943#1712570793,0,0,0.36554104
3967431644#1565912494,0,0,0.3193306
4077473357#5181571321,0,0,0.33284524
97115452949#4321048267,0,1,0.58290416
4941134416#5109193415,1,1,0.5335151
23230310067#5210078086,0,0,0.4808721
2119398744#3236601708,0,0,0.3163989
1537709317#4195960848,0,0,0.28618872
19705527158#4952978442,1,1,0.5879874
4272885125#1548108669,0,0,0.29343742
4393085087#2070627808,0,0,0.29663974
2117948923#4944579314,0,0,0.3138031
156277207697#2452901483,0,0,0.3635862
3651289412#5210078086,0,1,0.55151504
4065721591#1653994308,1,1,0.82953477
1438483240#1398682725,0,0,0.31164438
4589595738#4628867825,0,0,0.33284512
2183428945#5121642074,0,1,0.5412067
2062770841#4206269897,0,0,0.3163989
4511530729#3108657350,0,1,0.6061921
1374772535#2133358535,0,0,0.376666
4385184631#4944579314,0,0,0.28618872
2057342439#3798986721,1,0,0.35564762
2078835030#4657354294,0,0,0.28374115
1727736762#4099641396,0,0,0.3619643
422592070627#4589830735,0,1,0.51142293
2113093450#1416301524,0,0,0.30733785
3926867260#3831256267,0,1,0.825228
14613466961#14613464513,0,0,0.3213447
1784900254#4274235353,1,0,0.33674183
3594649033#1718471304,0,0,0.3163989
4991881551#4132281843,0,0,0.4818311
2343156405#1637581644,0,0,0.21318229
2055377631#100995265790,0,0,0.358714
2135316663#2159739481,0,1,0.5118865
2180579787#2181531828,0,1,0.6481114
5095503840#4959321228,0,1,0.62955135
2455842713#3791139342,0,0,0.26053476
2336490445#2059124992,1,1,0.55443805
1654102057#4551054156,0,0,0.28170115
2254264382#2016866277,0,1,0.5412067
4339070553#14613435427,0,0,0.3163989
11087571368#87720200914,1,1,0.5123379
3517506225#97115452949,0,0,0.3246611
2455800880#2060185518,0,0,0.3193306
2057051388#4972894677,0,0,0.29343742
4705583754#1816428069,0,0,0.3163989
201663692217#1650171814,0,1,0.5795569
4746512285#2254264382,0,1,0.79815257
3727491058#2061022206,0,0,0.48518774
1817644740#3411721643,0,0,0.3246611
3446029032#3446029040,0,1,0.6319445
3772512066#4620685919,0,1,0.665036
5037293131#2056662276,0,1,0.7368431
34888001864#2027890207,0,0,0.3163989
4898730640#1994805938,0,0,0.3163989
4991881551#4161797606,0,0,0.4818311
2027890207#4327866563,0,1,0.665243
4763332016#4542039020,0,1,0.5825901
1782357780#4450888165,0,0,0.49434462
2074019451#2063839578,1,1,0.5373342
3044025040#14613456118,0,0,0.3760411
38448881724#22859701254,0,0,0.3163989
309670736915#14613456118,1,1,0.73981935
5169257472#5169257623,0,1,0.55938244
2069139175#5109193415,0,0,0.35795486
3438816692#3644272514,0,0,0.3430649
4065795443#2092610536,0,0,0.36376446
178258449477#1770010645,0,1,0.51887304
5109193415#2067571192,0,0,0.38638288
3628839716#3474685536,1,1,0.7726938
2060185514#1592254485,0,0,0.48123524
2183968048#2026258519,1,1,0.7729942
1312695289#1816428069,0,0,0.28170115
1671393307#75959618233,0,0,0.3398007
3896015808#1684789889,1,1,0.7523776
2111350136#4511530729,0,0,0.3163989
4549189933#3926867260,0,0,0.3163989
4479070818#1770010645,0,0,0.27309006
1537709317#1453527936,0,0,0.28618872
4898730640#4335156801,0,0,0.31164438
3470148182#4155510577,0,0,0.3674917
212394033260#167570408533,0,1,0.51530284
1639219119#4643943359,0,1,0.59628576
4465664542#2298730254,0,0,0.3163989
2060185518#2154491220,0,0,0.28170115
4623949166#4687116172,0,1,0.5521737
3485676898#1778563595,0,0,0.40244567
3555205657#1438441444,0,0,0.31751862
4327866563#4534359957,0,1,0.6267366
5210078086#4746512285,0,1,0.5245874
4820163687#4323500487,0,1,0.5734599
19705527158#2169220658,0,0,0.40218654
3403897392#2063839578,0,0,0.31164438
146778888902#219547393842,1,1,0.60987353
4589595738#3637042235,0,1,0.7536297
2074019451#2135054445,0,0,0.31164438
3967431644#2057342439,0,0,0.3163989
1696095096#1653994308,0,0,0.4207638
4161797606#1728174555,1,1,0.6552413
2067377960#1701333915,0,0,0.3738668
2054657143#2452901483,0,1,0.8410624
146778888902#4457149562,0,1,0.503671
2118416856#2359348328,0,1,0.6954811
4572374020#2056078364,0,0,0.3246611
1711852573#4495500756,0,0,0.28618872
70183897754#1741741476,0,0,0.3163989
2114975127#5197586202,0,0,0.468558
2064414260#2003336437,1,1,0.8933697
3626237468#4495044650,0,0,0.445058
4589595738#3809186919,0,0,0.3163989
4210986952#1477293192,0,0,0.28618872
2120851333#2064414260,0,1,0.6571436
2078774568#2059483876,0,0,0.31164438
2235828707#1415647813,0,1,0.5229674
4272887201#5174571094,0,0,0.3163989
3474685536#3551393130,0,1,0.8177674
1438441444#3290843987,0,0,0.35808387
435372126625#1639832922,0,0,0.32406542
4926426630#4465664542,1,0,0.37125844
3290843987#4206812485,0,0,0.37103575
4004772536#2120472151,0,0,0.37380463
156893097471#5167083430,0,0,0.29663974
2114049002#2113760999,0,0,0.44964233
4840773591#4595088087,0,0,0.34768522
4321048267#3043492443,0,0,0.27755654
4439426144#8431809688,0,0,0.3163989
3501281334#4065797638,0,1,0.7963479
3920807098#4205538788,0,0,0.3157187
2183428945#2183963548,0,1,0.7455582
3882201915#4536041187,0,1,0.5412067
4781194041#4417849752,0,0,0.38972223
4489521100#4523728345,0,0,0.41793096
4720389596#4202096119,0,0,0.31164438
4232666143#4226659635,0,0,0.3398007
2074019451#3903241588,0,1,0.50823957
4479095804#2112576214,0,1,0.6716716
3289002540#4065797638,0,1,0.53784996
207035576772#4195993580,0,1,0.6381444
1570945860#2057811649,1,1,0.87787265
156277207697#4323500485,0,0,0.3163989
3259289288#4495500756,0,0,0.3163989
3446029040#3446029041,0,1,0.7536099
4549189933#3403917033,0,0,0.29400137
1639699607#1639901072,0,0,0.29663974
4642854804#4628867825,1,1,0.6607394
2007329552#5123189265,0,1,0.5412067
4479095804#1316556785,0,0,0.31164438
1537709304#422592070627,0,0,0.28618872
4657354285#4256622048,0,0,0.3430649
4470296934#2111818909,0,1,0.5412067
4820163687#4589929428,0,1,0.55469805
3903241588#3949154897,1,1,0.6209763
4057032761#4451124306,0,1,0.66017544
2003336437#1427286361,0,1,0.71808404
4385184631#2336490445,0,0,0.3163989
4209814745#3929215225,0,0,0.3163989
4442900590#3446029040,1,1,0.8598246
4680203965#1438483240,0,1,0.8047053
4471122121#2060185514,0,0,0.30125576
4943160331#3076859035,0,0,0.3163989
1634282673#1778563595,0,1,0.6426853
5169253299#5181571321,0,0,0.3163989
4479096850#3712801411,0,0,0.30404046
156274514359#14613469834,0,1,0.5572603
303600075141#18468580547,0,0,0.3430649
1728174549#303600075141,0,0,0.34438148
2092610533#2092610519,0,1,0.71247643
487126887411#4157551094,0,1,0.55310464
4129122420#3642422898,0,0,0.47182518
1813034413#4628467232,0,1,0.5628466
146011937628#146011948003,0,1,0.70756155
4435528162#2135054445,0,0,0.31164438
18467669365#1920503864,0,0,0.3430938
4623947495#309312101477,0,1,0.74787706
4065797638#1903466347,0,1,0.55394197
4489521100#1694379811,0,1,0.5591435
1694379812#2016866277,0,1,0.5910667
3446029041#3644272514,0,1,0.6053915
2199135578#4179651570,0,1,0.7202091
1962074579#2066624968,0,1,0.55310464
2116342008#2061673563,0,1,0.89132535
14613465315#14613466961,0,0,0.3176355
4572380856#111568230982,0,0,0.34033188
5031406959#2058316912,0,0,0.28618872
3485676898#1816427364,0,1,0.54424155
4972894326#2455842713,0,0,0.38034078
5154681248#3495408683,0,0,0.37486845
4099641396#4718263231,1,1,0.6050989
3439202323#91686025987,0,0,0.3163989
1457252585#1312695289,0,0,0.3046159
3903241588#2064229512,0,1,0.5412067
1770010645#4604457043,0,1,0.8922849
3637042235#1951195150,0,0,0.39722446
2169220658#5031406959,0,1,0.58542997
156893097471#4811798618,0,0,0.3163989
4673557611#6871473475,0,0,0.3163989
3988152389#4456625974,0,1,0.607203
14613460476#14613464473,0,1,0.72875106
1816430010#1453532038,0,0,0.3129354
1639390814#2062766801,0,1,0.5436626
4536450435#4155408706,0,1,0.52146286
4206242446#4705583754,0,1,0.7001792
4196598949#4354044382,0,0,0.3728988
1782357780#4140165052,0,0,0.25977728
4657354294#3287805133,0,0,0.29343742
2064955879#1751364886,0,1,0.78176314
2054817755#2298730254,1,1,0.57247585
38448881724#38202857246,1,1,0.6785549
3551393318#3474685537,0,1,0.8177674
2066246683#4589820532,0,0,0.48531535
4304261357#4495044650,0,0,0.36554104
1419344414#1502384801,0,0,0.3163989
4132281843#336556403061,1,1,0.8216959
2078774568#18468687381,0,0,0.4833938
1727736762#18467669365,0,0,0.30367664
1810185303#4972894677,0,0,0.28170115
4451089335#4750249486,0,1,0.688054
2057685237#5215138753,0,1,0.5993703
1497939109#3642422898,0,0,0.3002012
1751364886#145960681701,0,1,0.6129757
3551393318#2070627808,0,0,0.24964152
2092938385#4384403228,0,1,0.5853877
4746512285#5174571094,0,1,0.6020747
5041670056#2296451977,0,0,0.3246611
4742698844#11087571368,0,1,0.51855654
1875282048#4015322905,0,1,0.5357215
3403917033#3054434630,0,0,0.49536353
4843831604#4797396841,0,0,0.32291514
3359180052#4726704241,0,0,0.33650976
4589673799#4593095274,0,1,0.9055993
87720200914#53263275323,0,0,0.36188415
4289086328#4542321633,0,0,0.26419
4200562083#4099641396,0,0,0.28170115
1634282673#2069139175,0,0,0.36554104
4426740219#1541880573,0,0,0.36954913
4523728345#1816428069,0,1,0.5679463
2003336437#4215027256,0,0,0.3163989
3446029032#4442900590,0,1,0.6658062
1953270965#3712801411,0,1,0.56053805
4457149562#1594535012,0,0,0.37225235
2176735919#3050152494,0,1,0.7915189
14613461654#2455842713,0,0,0.4437193
2062075980#2062075977,0,0,0.32737103
4416668620#4223043910,0,1,0.5214998
1316058339#4643011415,0,0,0.28618872
18469192585#2003336437,0,0,0.28170115
4321048267#1565912494,0,0,0.28170115
4316999082#4285709207,0,1,0.55310464
1319944364#4353960088,0,0,0.3163989
2054781193#3043492443,0,0,0.31164438
1537709311#2061448087,0,1,0.57593334
18465851371#4635981164,0,0,0.2953379
4451089335#3999176481,0,0,0.45848697
1565913509#3046729281,0,0,0.2947734
5169253299#3603201749,0,0,0.3163989
2452901483#406088738482,0,0,0.3430649
2604119334#1656969942,0,1,0.66031
4499147142#4204386191,0,1,0.75910944
4483987744#1727736762,0,0,0.3163989
50016874555#2026258516,0,1,0.5666623
3880409698#5154681248,0,0,0.3163989
4323500487#3517506225,0,0,0.3163989
1639219119#1696438060,0,0,0.27440912
4620261674#4444196403,0,0,0.3163989
102514982310#4811798618,0,1,0.6381521
4659194738#4572374020,0,0,0.44608715
4542386587#4538332005,1,1,0.5461627
38406123057#29608029868,0,1,0.5906723
3988152389#4828654874,0,1,0.5730114
2060355842#5154681248,0,0,0.48541254
4247271139#5059261580,0,1,0.7454171
4231111906#4581502608,0,0,0.3163989
3401731422#1565912494,0,0,0.28618872
4867542841#3881831374,0,0,0.3430649
2120155505#3446029041,0,0,0.31164438
4943818903#38202857246,0,0,0.38096055
2064414260#1311812490,0,0,0.44308317
1520168707#2112794415,0,0,0.3163989
156274514359#2296493468,0,1,0.6307272
2314360284#3124123344,0,0,0.3163989
4499147142#3032709817,0,1,0.58919454
1905948078#2061309144,0,0,0.37838855
1778563602#4346970606,0,0,0.43811825
4247271139#4913742546,0,1,0.58193773
5169257472#18465721026,0,1,0.5687111
4209814745#2338131041,0,0,0.3163989
4735432768#4584646241,0,1,0.60902643
307718000196#2092610533,0,1,0.77740526
2062766088#2113760999,1,1,0.85910845
3050152494#4348295931,0,0,0.40912294
2111041560#2133358535,0,1,0.66433877
5090005101#4620261674,0,0,0.3163989
4656986610#4589678847,0,0,0.38179028
4024663252#3474685536,0,0,0.28618872
47752312088#38202856033,1,1,0.6043819
1382214880#2016866277,0,1,0.5910667
121528725386#3594649033,0,0,0.3163989
3474372520#4620261674,0,0,0.45101914
3882026745#2058148983,0,1,0.5412067
2026258516#3451234547,0,0,0.3193306
5027483278#54161674630,1,1,0.74058574
87820905399#183335907108,0,0,0.33486682
1765891797#4623949169,0,0,0.41742462
14613588147#2062770841,0,0,0.3653344
2066624973#2066624968,0,0,0.19445804
4452060617#3612961288,0,1,0.59107894
2075914534#1712080073,0,0,0.3953112
4321048267#207035576772,0,0,0.28170115
23230310067#2359474749,0,0,0.3163989
4730645460#1639219119,0,0,0.31146872
1727736762#1778563597,0,1,0.73212016
3999176481#343200247912,0,1,0.8024301
2066624973#2159452221,0,0,0.4710738
1634282673#1712573177,1,0,0.4721238
1741741476#2057811649,0,0,0.4582832
4071233134#3913410158,0,0,0.3163989
2059124992#4523728345,0,0,0.2962141
4223043910#4877427884,0,0,0.43469894
41713266437#4712246454,0,0,0.3163989
3299599421#3124123344,0,0,0.46882474
309312102749#4623934568,0,0,0.44705167
4391918874#1875282048,0,0,0.3163989
3446029032#3446029041,0,1,0.6070722
5182742886#4176217131,0,1,0.58919454
2057986140#107725296889,0,0,0.3163989
4998365450#2111818909,0,1,0.57180345
4633378534#4323500485,0,1,0.6233758
1712573177#3806980943,0,0,0.36554104
14613461654#4730645460,0,0,0.3430649
4065795443#4065797638,0,1,0.55394197
4581502608#4149299298,1,0,0.3163989
2065201243#18467925256,1,0,0.11818656
2111351705#2119476678,0,1,0.8293406
2016866277#2056078364,0,1,0.5910667
4910561821#4913742546,0,1,0.5859793
3903241588#3513178266,0,0,0.3280403
1633806208#97014870931,0,1,0.8336734
4991881551#4451342506,0,0,0.29259953
3629624977#3913410158,0,0,0.3530885
3913410158#4180609537,0,0,0.3163989
2727127831#111568230982,0,0,0.33186683
18468690620#5167083430,0,1,0.7269591
4589673799#1312695289,0,0,0.43762532
8431814058#2235828707,0,1,0.50196826
87820911338#3490539439,1,1,0.5680546
4715847880#3691000538,0,1,0.570857
3445564730#4680095395,0,0,0.3163989
4226659635#4256622048,1,0,0.3163989
4157551094#4179651570,0,1,0.55310464
2060257095#2061309144,1,0,0.29663974
2063588766#5059261580,0,0,0.470056
10530767652#2339749085,0,0,0.31164438
4735432768#3913410158,0,0,0.3530885
45531943201#4959321228,1,1,0.80087644
2070791273#156274514359,0,0,0.3163989
2064955879#4147080749,0,0,0.3163989
1718471304#3551872495,0,0,0.3430649
46983614517#55721888445,0,0,0.3163989
3404019592#2054781193,1,1,0.7163112
3809186919#2066246683,0,0,0.41396987
1319944364#1321409006,0,0,0.43774614
4538419241#4538003565,1,0,0.44204777
1953270965#2119476678,0,0,0.49795726
2150036453#3411721643,1,0,0.37451357
2296493468#4155408706,0,0,0.28170115
5018023921#45531943201,0,0,0.43164003
107725290582#4261185678,0,1,0.7752887
2064955879#3299599421,0,0,0.3163989
4636446230#2066624973,0,0,0.28170115
3913410158#4206224036,0,0,0.3247774
4470296934#3809186919,0,0,0.3163989
2254264382#1500022510,0,1,0.5730114
1701333915#1398443073,0,1,0.72868204
343200247912#435372126625,1,0,0.40406016
3903241588#4155510577,0,0,0.28170115
47752312088#3806980943,0,0,0.24964152
1319944364#3896058143,0,1,0.60902643
1592254485#1528865186,1,0,0.4358375
4304261357#5090005101,0,0,0.33292395
1778563595#1712570793,0,1,0.9888049
2078774568#18468188878,0,1,0.50381404
4285491833#4259429802,0,0,0.2798617
3791139342#4223004786,1,1,0.59195983
1709057480#4808134153,0,0,0.41466326
336556403061#4538419241,0,0,0.30603176
3691000538#2003710867,0,0,0.3308802
3896015808#3691000538,0,1,0.53462285
1416528046#1415554755,0,1,0.8256971
3770456617#4354044382,0,0,0.3163989
5104418469#5018368651,0,1,0.7720644
3628839722#4680203965,0,0,0.3246611
156277193948#4439426144,0,1,0.7839798
1639699607#4623570105,0,0,0.3163989
3404019551#364679238122,0,0,0.3430649
156276677247#14613460476,0,1,0.67818856
3401731422#4426740219,0,0,0.45101914
4435528162#2055377631,0,0,0.3163989
4581502608#1316556785,0,0,0.3163989
2183428945#1867286717,0,0,0.3163989
3400442486#3926867260,0,1,0.8913495
3401731422#5109193415,0,0,0.37285417
4196521320#4435686270,0,1,0.55298346
3550931655#1634282673,0,0,0.28170115
3061887519#49857216438,0,0,0.36435264
2057051387#3903296442,0,0,0.31164438
7161173338#4542039020,0,1,0.7666035
2175801910#1816430010,0,0,0.28618872
4202041822#2150036453,0,0,0.46125823
4680203965#1570945860,1,1,0.7798139
5165108496#2053826326,0,0,0.3163989
3881831374#3054434630,0,0,0.3430649
2281691154#4145588659,0,0,0.47798946
1816428069#110232280082,0,0,0.28170115
303600075141#4200577198,0,0,0.34438148
5185236541#5169253299,0,1,0.5687111
4176217131#3849817492,0,0,0.43077007
4620685919#38202856033,0,0,0.3202233
3612961288#276611684552,0,0,0.3163989
2058148983#4226659635,0,0,0.3163989
2026069710#4202096119,0,0,0.28170115
1994805938#2235828707,0,0,0.3163989
4204386191#4828387554,0,1,0.5916905
2199135578#2281691154,0,1,0.6103594
1430988070#1640340946,0,0,0.3163989
4391919171#86283717806,0,0,0.3246611
4716933437#4628482537,1,1,0.6715728
2064955879#2066535766,0,0,0.3163989
3487828521#2114049002,0,0,0.32406542
4206269897#4339070553,0,0,0.3163989
4215058789#2026069710,0,0,0.481709
4218561827#4339070553,0,1,0.6881594
125323389433#201663692217,0,1,0.7573051
5215138753#1653994308,0,0,0.3163989
2118416856#5018389488,0,1,0.676023
1775497794#1672066227,1,0,0.46621037
4451289887#4071233134,0,0,0.33436382
3967431643#3967431644,0,0,0.39761797
2075416140#14613469834,0,0,0.29259953
3848611844#2113760999,0,1,0.53351396
1878732185#1905948078,0,0,0.37838855
2113288221#2111349786,0,1,0.6518236
1921223120#1765891797,0,0,0.32404068
5123189260#7026230674,0,1,0.6508132
1574873794#4653616782,0,0,0.28618872
4354044382#2027838359,0,0,0.30867898
4470296934#1920503864,0,1,0.5412067
14613464513#14613465315,0,0,0.3176355
2063839578#4570764341,0,0,0.47551832
4479424072#3642422898,1,1,0.85461026
4004772536#1477293192,0,0,0.37380463
5123189265#4755359264,0,0,0.29663974
2111351705#4643938191,0,1,0.595731
4197138413#2122362220,0,1,0.7481404
4426740219#4673557611,0,0,0.36554104
4065797638#4147080749,0,0,0.3163989
2055886100#3259289288,0,0,0.27749348
2118416856#2359435242,0,1,0.54346836
2150036453#3474685537,0,0,0.23706989
1321409006#19705527158,0,0,0.3163989
3896058143#3764759336,0,1,0.7980426
1694379811#4289086328,0,1,0.77522135
1520168707#4656986610,0,1,0.61149865
5007075941#4959321228,0,1,0.8782085
1477156406#2124411604,0,1,0.57242393
18469192585#4636381625,0,0,0.43118644
1633806208#4321048267,0,1,0.5508517
2119398744#2113288221,0,1,0.6311681
2058278464#4408616491,0,1,0.7469308
1840606003#3227376447,0,1,0.7277892
1557919756#4549189933,0,0,0.29400137
3882026745#5090085713,0,0,0.3786168
4570764341#3214249597,0,0,0.48600513
3644272514#4071233134,0,0,0.4858994
3227376447#2059400154,0,0,0.3163989
3628839722#5123189265,0,1,0.5679171
1639390814#4825375981,0,0,0.3163989
2111872187#4699510653,0,0,0.36376446
5014897285#5104418469,0,0,0.3163989
4897048724#5208946130,0,0,0.3430649
2056128836#4140165052,0,1,0.5723033
2297005450#4202096119,0,0,0.28170115
2111350136#4893633475,0,0,0.3163989
5059261580#4910561821,1,1,0.6916727
4735432768#3629624977,0,1,0.7441324
3648904752#4272887201,0,1,0.5825851
14613465315#2455842713,0,0,0.41044807
91686025987#4933360994,0,0,0.340429
4435528162#4435913614,0,0,0.20412014
3967431644#4687116172,0,1,0.5463735
4735432768#3580539229,0,1,0.7441324
2329543699#4593095274,0,0,0.30033714
207035576772#1665894324,0,0,0.28170115
2058222393#4195960848,0,0,0.3163989
4215058789#4323500487,0,0,0.48845562
4716933437#2452901483,0,1,0.631822
5123189265#5123189260,0,1,0.7262727
4843831604#1635692869,0,0,0.33306023
3487828521#2007847537,0,0,0.3445082
3669306485#5060996735,1,1,0.852214
2065201243#1374772535,0,0,0.32242596
1398443073#202363939789,0,1,0.7841004
2159739481#4201830454,0,0,0.29400137
3513178266#3551393130,1,1,0.94439614
2066246683#1438441444,0,1,0.52628565
3403897392#2329543699,0,0,0.3163989
4641374150#4933360994,0,0,0.24816325
3054434630#309670736915,0,0,0.3163989
2075914534#4811798618,0,0,0.3246611
10530767652#14613460476,0,0,0.31146872
4215058789#4323500485,0,0,0.48845562
1656969942#2054817755,0,0,0.22638778
3831256267#1813034413,0,0,0.30580172
4653616782#50602309472,0,0,0.28618872
2027838359#1415554755,1,1,0.5556133
183335907108#4825375981,0,1,0.77522135
1565912494#2060253226,0,0,0.27723244
4219781521#1701470611,0,0,0.3242201
4330455313#1665894324,0,0,0.33590502
1712570939#3806980943,0,0,0.36554104
4673557611#4943818903,0,0,0.4087211
4272137501#2054733437,0,0,0.28618872
102514982310#197910587768,0,0,0.3163989
4451124306#4451124293,0,1,0.63488907
4699510653#4451342506,1,1,0.75551593
2067179166#4672808661,0,1,0.79012614
4715847880#3896015808,0,1,0.6653784
3050152494#2111041560,1,1,0.74281436
4435913614#3836676657,0,0,0.19443266
3107598853#4196598949,0,0,0.4893334
1878732185#2059483876,0,0,0.41505465
1775497794#2067179166,0,0,0.3430649
1312695289#4570764341,0,1,0.72789836
3026064813#117277915830,0,0,0.3163989
4003298247#4495500756,0,0,0.28618872
2059400154#3848611844,0,1,0.5799497
3501285885#4196521320,0,1,0.65586716
4998365450#4223043910,0,0,0.3163989
4057032761#4215038721,0,0,0.36376446
4289086328#3836676657,0,1,0.6193659
2359348328#146778888902,0,0,0.38839543
1775497794#2026258520,0,1,0.52487606
2057051387#4972894677,0,0,0.29343742
4034038494#1816430010,0,1,0.7152045
1520168707#125323389433,0,0,0.3163989
2071751695#54158093151,0,0,0.24460557
2118416856#1453527936,0,1,0.7693171
3269719212#29608029868,0,1,0.573384
3626237468#4943818903,0,0,0.38096055
5095503840#41713266437,1,1,0.51179177
4155408706#3042764047,0,1,0.522195
1537709317#1537709304,0,1,0.6792118
4623934568#5060996735,0,0,0.3163989
4595088087#2604119334,0,1,0.5456864
4202041822#4893633475,0,1,0.52568936
49857216438#212771874474,0,0,0.30796686
3770456617#1696208496,0,0,0.43595713
2111041560#2176735919,0,1,0.7719696
1637980981#1816430010,0,1,0.56551665
2070627808#4643718292,0,0,0.30603176
4304261357#4218561827,0,1,0.52323484
4201830454#2007329552,0,0,0.38579133
47752312088#38202857246,0,1,0.6043819
4247271139#2063588766,0,1,0.60318494
5169557343#5210078086,0,1,0.5321799
1882929309#2092610519,1,1,0.8193834
5087832312#4223004786,0,0,0.3163989
4065797638#1639832922,0,0,0.4478473
5018368651#7026230674,1,1,0.89588493
4435913614#4898626808,0,0,0.22638778
2057145715#2060185518,1,1,0.54551953
3967431643#1740857110,0,0,0.32406542
3551393130#3474685537,0,1,0.8177674
2135316663#4653616782,0,1,0.6443421
2068623358#1592254485,0,0,0.29663974
378133536273#69710193399,0,0,0.3163989
4658620132#2027929598,0,0,0.47189552
4572380856#4204386191,0,0,0.3163989
4205538788#2075240892,1,1,0.7841289
4841409785#4417849752,0,1,0.51384467
4898626808#2727127831,0,0,0.33186683
117154450703#109165560395,0,0,0.29343742
4099641396#5018023921,0,0,0.28170115
4471122121#60367707728,0,0,0.49162737
1472057117#4161797606,0,0,0.34724963
69710193399#4635981164,0,0,0.3163989
2003710867#1646206864,0,0,0.3163989
3108657350#2359435242,0,0,0.29663974
3849817492#110232280082,0,0,0.28170115
4551054156#156274514359,0,0,0.4214299
2113093450#4643943359,0,1,0.7305558
38406123057#1882929309,0,0,0.3246611
1438441444#3435281641,0,1,0.83112544
2062782802#2057986140,0,0,0.31164438
1914403252#4572636295,0,0,0.3163989
276611684552#4619195159,0,0,0.3163989
156277514294#4226659635,0,0,0.3163989
2059124992#1818739935,0,0,0.48478103
4589678847#1520168707,0,0,0.38179028
4642512906#4748650954,0,0,0.30038807
1639832922#1437868238,0,0,0.34812224
87820911338#18468687381,0,1,0.67792064
3359180524#3359180052,0,1,0.57940906
4825375981#5165108496,0,0,0.3163989
1920503864#1951195150,0,0,0.31164438
4781194041#2057342439,0,0,0.3163989
4201830454#1416528046,0,1,0.7925467
4620685919#38202857246,0,0,0.3202233
4354044382#1415554755,0,0,0.332061
4761512241#4763332016,0,1,0.6279304
4973150488#2455842713,0,0,0.3307612
4214739605#4643938191,0,0,0.28170115
4514269980#3628533316,0,0,0.28170115
4384403228#4165585148,0,1,0.6044373
3474685536#3474685537,0,1,0.8189155
4071233134#3683502845,0,0,0.4777537
4535930871#4687116172,0,0,0.3782181
3052180518#4499147142,0,0,0.3163989
2062782802#3044025040,0,1,0.5615553
1313607746#1921223120,0,0,0.21895213
4155510577#156893097471,0,0,0.3163989
5095503840#5208946130,0,0,0.3163989
3361906432#2150036453,0,0,0.3163989
4933360994#4657354294,0,0,0.28374115
3214249597#4155510577,0,0,0.28618872
580549064505#376973981474,0,0,0.46662495
5123189260#5018368651,0,1,0.72137517
157726428514#4644140313,0,0,0.3163989
4417818851#1867262556,0,1,0.59266794
4643943359#6015919609,0,0,0.40089792
3075628047#14613588147,0,0,0.3163989
111110399548#167570408533,0,1,0.514018
4720389596#100995265790,0,0,0.3163989
4205538788#4195993580,0,1,0.5180477
1780678934#4426740219,0,0,0.44700336
4442900590#3114734058,0,1,0.6409574
5014897285#212771874474,0,0,0.3272214
3487828521#1347237190,0,0,0.3516653
1712573177#1778563597,0,1,0.97059155
1311812490#3485676898,0,0,0.3163989
4699510653#2064955879,0,1,0.77522135
4348295931#4285709211,0,0,0.36554104
1710094724#1570945860,0,0,0.3125706
18465816919#18466210670,0,1,0.7558265
4196030610#91686025987,0,0,0.3430649
183335907108#4327866563,1,1,0.81424236
4354044382#4570764341,0,0,0.28170115
4755359264#4620685919,0,0,0.3163989
3926916973#2062766088,0,1,0.63484555
1382214880#3439202323,0,1,0.5008678
2092938385#5215138753,0,1,0.5326989
4572380856#4746144353,0,0,0.3046159
1656969942#5121642074,0,0,0.31164438
4680204120#54161674630,0,0,0.3163989
5027483278#4015422065,0,0,0.2980891
1712570939#75959618233,0,0,0.3246611
2027929598#4027742647,0,0,0.48512748
1520168707#14613456118,0,1,0.5412067
1416301524#3525845999,0,0,0.3556076
1565912494#3046729281,0,0,0.2947734
4327866563#4900378668,0,0,0.46820784
3968945784#4623949166,1,1,0.7222273
4261185678#1671393307,0,0,0.4424131
2075240892#3477269989,0,1,0.5269341
167570408533#189546061243,0,1,0.7103667
1752749942#4157381557,0,1,0.68106496
3076859035#187508564338,0,0,0.3163989
4354044382#2175801910,0,0,0.28618872
4317041484#2064730522,0,1,0.8391552
1477293192#2027838359,0,0,0.28618872
4579172309#4454991968,1,1,0.6823952
4065721591#4613276653,0,1,0.6220713
4435528162#4226659635,0,0,0.3163989
3446029032#2124411604,0,0,0.44359365
4926426630#3056067914,0,0,0.29343742
4581502608#1457252585,0,0,0.3163989
4339070553#4015422065,0,0,0.28170115
2359348328#146777938215,0,1,0.7830658
4034038494#4219781521,0,0,0.3163989
106964376935#2298730254,0,0,0.29205534
3644272514#4165151066,0,0,0.36188415
1752749942#4726704241,0,0,0.3163989
4226659634#4259241183,0,0,0.3163989
4549189933#3054434630,0,0,0.29400137
3648904906#4195993580,0,0,0.29663974
121528725386#2062770841,0,0,0.31164438
1541880573#2150036453,0,1,0.5201492
3988152389#2119476678,0,0,0.3163989
4206267336#4260680249,0,0,0.3163989
4941134416#4604457043,0,0,0.49112865
124021630369#3046471496,0,0,0.3163989
1903466347#207035576772,0,0,0.3246611
1818739935#18466202308,0,0,0.48035794
2061673563#1430988070,0,1,0.89009863
307718000196#14613464473,0,1,0.8931214
4196521320#4613276653,0,1,0.77856326
1688824936#2069774757,0,0,0.3163989
1427286361#1688824936,0,1,0.5412067
4202041822#3626237468,0,0,0.2953571
4642512906#5163452200,0,0,0.46781418
5090085713#4523728345,0,0,0.31064144
18467925256#2183963548,0,0,0.3163989
3043492443#4993036319,0,1,0.55817896
4145588659#1994805938,0,1,0.5412067
14613460476#4748650954,0,0,0.28618872
1398682725#5095503840,0,0,0.3163989
14613461654#146011937628,0,0,0.3163989
3628533316#4195993580,0,1,0.6381444
1914403252#3289002540,0,0,0.31164438
5185236541#4197138413,0,0,0.3163989
178258449477#4998365450,0,1,0.51887304
2079581946#4746144353,0,1,0.51720804
4448830722#4451089335,0,1,0.683691
4589830735#4411426624,1,1,0.6664409
3926867260#4530026053,0,1,0.7469308
3967431643#3299598934,0,0,0.3163989
2059052537#4385184631,0,0,0.29420796
4176217131#1903466347,0,0,0.3163989
2026069710#87820905399,1,0,0.39611664
4454991968#4534359957,0,0,0.27309006
3050045988#4247271139,0,0,0.28618872
4657354311#4657354294,0,0,0.2857703
1316556785#4132281843,0,0,0.31164438
3691000538#2007934907,0,0,0.28618872
1701333916#1398443073,0,1,0.5988073
4631852445#2065354050,0,0,0.3163989
4206267336#3629624977,1,0,0.3530885
4735432768#3431879179,0,1,0.5095901
5208946130#580549064505,0,0,0.3430649
1497939109#157726428514,0,0,0.3163989
2026258516#2183968048,0,1,0.5412067
4202096119#3794247232,0,0,0.29620782
4943160331#3968945784,0,0,0.3430649
4479095804#107725296889,0,1,0.64736587
3287805133#4657354285,0,0,0.29343742
1477156406#1438326380,0,0,0.31931445
212394033260#111110399548,0,1,0.56592095
29299331674#5163452200,0,1,0.6224508
23230310067#4763332016,0,1,0.68146425
1574873794#4613276653,0,1,0.7035334
4828654874#178258449477,0,1,0.56592095
2062867476#111568230982,0,0,0.3163989
2067377960#1477156406,0,0,0.3163989
54161674630#5018023921,0,0,0.48487002
1565913509#3889395495,0,0,0.37206683
2063588766#4913742546,1,1,0.6704651
5215138753#4165585148,0,1,0.6586404
373850284448#1951195150,0,0,0.31164438
3831256267#5123189260,0,0,0.4269848
1847712017#2062045929,0,0,0.3163989
3245545040#4206267336,0,1,0.5760748
4589820532#2058316912,0,1,0.7205127
2977755545#4720389596,0,0,0.31164438
4643718292#4643943359,0,0,0.40089792
2070627808#3727491058,0,0,0.32242596
113196401893#2054753273,0,1,0.5038961
5208946130#4867542841,0,1,0.5477752
3445564730#2314360284,0,1,0.79012614
4289086328#4435528162,0,0,0.35492778
45531943201#54161674630,0,1,0.5236759
4536041187#4584646241,1,1,0.66794497
4642854804#2168053481,0,0,0.32817605
1401982678#2062075980,0,1,0.62104577
1718471304#3967431643,0,0,0.39779645
4145588659#4157551094,0,0,0.29663974
4841409785#4223043910,0,1,0.51384467
4022447951#2068436073,0,1,0.5180477
3612961288#4451089335,0,0,0.48931986
3054671141#3349756713,1,1,0.6917164
1416301524#4176217131,0,1,0.5684667
3404019592#2247165276,0,1,0.7163112
4260680249#2122362220,0,0,0.3280403
1627738213#4542039020,0,0,0.3163989
4581502608#1951195150,0,0,0.3163989
87720200914#53263229623,0,0,0.39110276
3882201915#4658956014,0,1,0.6426879
4411426624#3683502845,0,1,0.5669939
4643898157#18468687381,0,1,0.8541197
2338131041#2338916683,0,1,0.6244754
87720200914#4653616782,0,0,0.3163989
4898730640#1453527936,0,0,0.31164438
3683502845#3446029040,0,1,0.83383006
4414530598#1696208496,0,0,0.3163989
4653616782#53263229623,0,0,0.4035043
4451089335#4456625974,0,1,0.64059824
4004772536#3050045988,0,0,0.3163989
5174571094#4411426624,0,1,0.5091516
4631852445#4722721497,1,1,0.85460496
4391918874#3949154897,0,0,0.3163989
4150903563#2066535766,0,0,0.3163989
4180609537#183335907108,0,1,0.7295629
2159739481#3461052410,0,1,0.62073207
4448830722#4456625974,1,1,0.94885933
1646144729#4157551094,0,1,0.55310464
4840773591#156277193948,1,1,0.5924026
3474685536#1319944364,0,0,0.46153328
3435281641#3304467506,0,0,0.39729255
4165585148#3551393130,0,1,0.6381444
4643943359#87820911338,0,1,0.69263166
5163452200#3076859035,0,0,0.31164438
5128222238#4195993580,0,1,0.6552835
1765891797#3691000538,0,0,0.42644143
2057051387#3404019592,0,1,0.53107214
145960681701#3831256267,0,1,0.5749792
2296451977#4589830735,0,0,0.29873335
18467669365#2067179166,0,0,0.3430649
4530026053#2270062912,0,0,0.36376446
4196030610#4206269897,0,0,0.48594224
2455842713#4405676807,0,0,0.31146872
4593095274#3214249597,0,1,0.61915976
14613465315#14613461654,0,0,0.3176355
3249354040#3629624977,1,1,0.7399934
2057811649#1438483240,1,1,0.7986742
3044853716#53263229623,0,0,0.31164438
3108657350#2003336437,0,0,0.31164438
4321048267#2055255869,0,0,0.3163989
46983614517#4589830735,0,0,0.3163989
3551393318#3474685536,0,1,0.8177674
2062845102#97115452949,0,1,0.748203
4483987744#1765891797,0,0,0.3163989
219547393842#2112794415,0,0,0.4632697
4720389596#4877427884,1,0,0.43469894
4439737347#4200562083,0,0,0.49663547
2026258524#2183428945,0,1,0.5412067
309312102749#3967431643,0,1,0.7407343
3920807098#4405676807,0,1,0.7085285
1654102057#1665894324,1,1,0.8380716
4450602322#3557197892,0,0,0.48512748
4401870234#4195993580,0,0,0.4504353
23230310067#3626237468,0,0,0.3163989
2180579787#2026258524,1,1,0.74506116
5154681248#111568230982,0,0,0.3163989
1574873794#1453527936,0,0,0.28170115
1326086493#4165585148,0,1,0.76627266
4210986952#3612961288,0,0,0.3430649
3551872495#4261185678,0,0,0.3430649
4176217131#18466202308,0,0,0.4971904
4542039020#1639832922,0,0,0.3163989
4900378668#3487828521,0,1,0.7214285
4316999113#4316999082,0,0,0.2480122
4763332016#3626237468,0,0,0.3163989
1537709317#2061448087,0,1,0.57593334
3836576451#4542321633,0,0,0.24329065
10530767652#421393369392,0,0,0.33950502
3628839716#2092610533,0,0,0.3163989
4867542841#173652977366,0,0,0.3430649
4157280271#1694379812,0,0,0.48948237
1574873794#395685899087,0,0,0.43751326
38202857246#2055448044,0,0,0.3163989
4015322905#1565925308,0,0,0.31164438
3580539229#3629624977,0,1,0.73786056
2154491220#4642854804,0,0,0.28618872
3831256267#1696208496,0,0,0.3282597
4384403228#4330455313,0,0,0.42453104
3400442486#3435281641,0,1,0.8331116
107725290582#50016874555,0,0,0.3246611
2298730254#50016874555,0,1,0.5357215
4943818903#2058563113,0,0,0.3163989
2054733437#2059483876,1,0,0.28170115
3363370353#3404019592,0,1,0.53107214
167570408533#173652977366,0,0,0.22567493
1528865186#2296574953,0,0,0.3163989
1477293192#2064414260,0,1,0.5929945
146011937628#212394033260,0,0,0.3163989
3052944481#5210078086,0,0,0.3163989
4944579314#6015919609,0,0,0.42515352
2116342008#1711852573,0,0,0.40050447
4589673799#1727736762,0,0,0.28170115
2079572106#4635981164,1,1,0.7752887
4572636295#145960681701,0,0,0.3163989
18468695966#2063706226,1,1,0.50381404
4535930871#4623949169,1,1,0.9225285
2061448091#1537709304,0,1,0.57593334
2074019451#4335156801,0,0,0.46123642
4755359264#38202857246,0,1,0.6381521
2118416856#114453608394,0,0,0.28170115
6871473475#2114341514,0,0,0.2239177
4755359264#4673557611,0,0,0.3163989
54161674630#4959321228,0,1,0.5207525
3485676898#1639390814,0,0,0.4331391
4514269980#3061887519,0,0,0.28170115
2114341514#4536450435,0,0,0.29663974
4157280271#1811606488,0,0,0.3513817
2064414260#3903241588,0,1,0.50823957
5027483278#4959321228,0,0,0.37639156
2026258516#2026258521,0,0,0.4664288
4195993580#4584646241,0,0,0.48594224
2062845102#4261185678,0,0,0.31164438
4444196403#2092938385,0,1,0.67111814
1921223120#146011948003,0,0,0.3331189
187508564338#45531943201,0,0,0.34704098
1721524699#4149299298,0,0,0.33614126
4489521100#2120851333,0,0,0.499418
4291077418#3289002505,0,1,0.58317333
3835278364#5037293131,0,0,0.39347765
1810185303#1650171814,0,1,0.5676665
1477293192#1627587582,0,0,0.40486333
4206242446#4197138413,0,1,0.60822845
2169220658#373850284448,0,0,0.31164438
2092610536#3236601708,0,1,0.67518187
3214249597#3214249595,0,1,0.5345459
1557919756#2075240892,0,0,0.3163989
18468580547#18465721026,0,0,0.3986526
34888001864#3431879179,0,0,0.34411883
3361906432#29299331674,0,0,0.3163989
4161797606#1728174549,0,0,0.40376496
2026258516#2026258524,0,0,0.4664288
4495500756#2336490445,0,0,0.3163989
4130010417#4972894677,0,0,0.28170115
2066535766#1646144729,0,1,0.55310464
4226659634#4232666143,0,0,0.3398007
18468690620#5169557343,0,1,0.5861297
2281691154#4663785560,0,0,0.28170115
2054781193#1847712017,0,0,0.4234964
3630377420#1627587582,0,0,0.36071035
3529095384#1701333847,0,0,0.3163989
