pair_id,true_label,pred_label,confidence
29607392514#5163452200,0,0,0.49579749414204
2061441544#4514271066,0,0,0.4900534142050094
1401982309#4945702240,0,0,0.486650617171531
2060192911#2060192915,0,0,0.48831083508524337
2016866277#2056078364,0,0,0.4945786140695004
4450888165#1423044582,0,0,0.4895113560587985
109765155485#111110399548,0,0,0.4921142884755719
4624086112#3395466908,0,0,0.48841439831185846
3929215225#1659519065,0,0,0.4900534142050094
2115678997#4435566465,0,0,0.49319325684743054
1431887069#2054699471,0,1,0.5037283141432225
4735432768#2057573219,0,0,0.49897894496174744
4998365450#3108657350,0,0,0.49135477962818674
2183968048#1456843034,0,0,0.4900534142050094
4526688599#4035397646,0,0,0.49435450967019307
2055946129#5194366020,0,0,0.4928785459597602
2162682667#4658956014,0,1,0.5116660235913072
3046447657#4219594137,0,0,0.49303141036827036
2640338192#2063888292,0,0,0.4880307964827901
4057038032#5010064143,0,0,0.4895964443495995
5210263415#5210259386,0,0,0.4928396189736318
4735432768#2057552209,0,1,0.509605755339493
227607176751#4548461997,0,0,0.49121044963643207
114693583065#2061309885,0,0,0.4900534142050094
2283920901#4514271066,0,0,0.4864374390267969
1425598204#4077027238,0,1,0.5007800581883219
1659951159#1780636692,0,0,0.4923555279131535
1401982309#4698569942,0,0,0.4900534142050094
3285703159#3072525687,0,0,0.4900534142050094
3474743878#3816455026,0,0,0.4900534142050094
138960910846#1656969937,0,0,0.4891954813852528
391306865273#4256622048,0,0,0.49512630703775984
1639325148#5199216301,0,0,0.4895964443495995
3053472155#2137028345,1,1,0.5346300584836667
1316070394#1319944364,0,0,0.49162142988928004
392281366488#4283786658,1,1,0.5010110767342195
1537709306#3591598898,0,0,0.4890748943317496
2163161399#2055581605,0,0,0.4896524512406627
2640338192#2150886701,0,0,0.4900534142050094
4206177048#4946289727,0,0,0.4973770586863809
4436356008#4159034451,0,0,0.4883755005779487
4947650145#4261128456,0,0,0.4895964443495995
2071864814#2070691342,0,0,0.4900534142050094
124657516337#44498925795,0,0,0.4930166130486436
90189177932#69609155599,0,1,0.5002380988288256
4425561518#3770456617,0,0,0.49518307883920043
1487584016#3054084564,0,0,0.49252520335148114
4636508851#4232728984,0,0,0.4915569504223136
4176537188#4356117363,0,0,0.4883755005779487
4532035181#364662576302,0,0,0.4938409926460999
1417009342#1354017991,0,1,0.5288848374934312
3816455026#4108649868,0,1,0.5038561835018802
4199527734#37959222365,0,0,0.4900534142050094
4165151066#4470296934,1,0,0.4945786140695004
5210259474#5210260401,0,0,0.48987655563997
314601336135#4448697469,0,0,0.4988294449745417
3972742243#3903280573,0,0,0.4894195857845601
152713369272#2455894769,1,0,0.49397298638715076
3319075608#4538332005,0,0,0.4894195857845601
4720990746#4720990747,0,0,0.48771563948821794
1634250118#2117971399,0,0,0.49191223289685204
2119478248#2114716134,1,0,0.4996834530259024
3230219871#5121642074,0,0,0.4893550056221202
4425561518#4425561412,0,0,0.4955659177624236
4742698844#2058531412,0,0,0.4895964443495995
1637980981#2118643101,0,0,0.4945786140695004
4529171819#4698569942,0,0,0.4900534142050094
3446029032#3742463975,0,0,0.49223686803415456
4790633062#2297005450,0,0,0.48915755398115635
2059124838#3806980943,0,0,0.4889591081636792
4024663252#4454799835,0,0,0.4947988225074313
1456843034#1590408241,1,0,0.49512317779173154
4479070818#4705427870,0,0,0.4895318641871596
1347237190#2296451977,0,0,0.4900534142050094
3927439605#4188977524,0,1,0.5096121603019406
69055008791#90189177932,0,1,0.5002380988288256
2063888292#2063878463,0,0,0.4872201221396496
4256981120#4232666143,0,0,0.4900534142050094
4465664542#4188896319,0,0,0.48023532272472336
1410164195#69282286107,0,0,0.4893077597878523
3870637640#1634282666,0,0,0.4927127597792736
1778986389#2120518542,1,0,0.4943034279060535
1661790023#2055601072,0,0,0.4890748943317496
3578109143#3761153782,0,0,0.4835425280183834
1558033119#3972742243,0,0,0.48893594832970827
2162682667#1762522969,1,1,0.5115285349549363
1537709308#4111311078,0,0,0.4890748943317496
4451089335#4448830722,0,0,0.49089334470392115
1354017991#2118965491,1,1,0.525753528308164
4506633524#1592367367,0,0,0.49543237072916624
2114438559#2136847331,0,0,0.4937901997499764
4261128456#4261128452,0,0,0.48885666781673015
1656969942#2026258519,0,0,0.49034027405381403
4356117363#3017056355,0,0,0.4931267602406577
2068611560#3591598898,0,0,0.481118581667535
138961977066#156277076551,0,1,0.5007318197205319
4206201723#3648903741,0,0,0.4878918631230969
4774992939#90189177932,0,0,0.4900534142050094
4623017083#1639394625,0,0,0.4894195857845601
4636382579#4636508851,0,1,0.5181932013847212
5169257472#5169252712,0,0,0.4985372229940283
7161173338#5123189265,0,0,0.49610368196791965
3053472155#3081986781,0,1,0.5026796326222577
2060836540#3926963318,0,0,0.4900534142050094
156276503685#2061441544,0,0,0.4900534142050094
4272887201#4272885125,0,0,0.4964030570665123
4691126574#4448697469,1,1,0.5054057811479822
4774992939#2165145983,0,0,0.4891128068947477
3402256673#4680095395,0,0,0.4954791575344376
1434305170#1320992608,0,0,0.49473204686394134
2058531412#138960910846,0,0,0.4894195857845601
1535646713#1637980981,1,1,0.5000770967511253
370314330573#492316061640,0,0,0.49515940308673734
3913419748#3580539229,1,0,0.49983580448898507
2359474749#3016942950,1,0,0.4878918631230969
4589775642#3836992879,1,0,0.49585536947174036
2183428945#2181531828,0,1,0.5148339465758599
2057120532#2057186115,0,0,0.48663867077302747
5210263415#4070427569,0,0,0.4900534142050094
4636143697#4945702240,0,0,0.49020153117138093
3249354040#2359474749,0,0,0.4900534142050094
4327866563#6633392282,0,1,0.5041245857953827
2180579787#2119388082,0,1,0.5047545140500563
2118643101#18466210670,0,0,0.4945786140695004
4774992939#4451342506,0,0,0.4895964443495995
1417009342#4529171819,0,0,0.48819029391255114
1416827061#1431851220,0,0,0.4921557266373941
2070627808#1778563595,0,0,0.4900534142050094
1780636702#1716261756,0,0,0.49676871182775223
146778888902#2359348328,0,0,0.4893929181851182
1403216308#309312101477,0,0,0.48841439831185846
212394033260#167570408533,0,0,0.49135477962818674
1667001955#2059124992,1,0,0.4925142057410875
4623972834#4196030610,0,0,0.4969294482068474
3934681694#4860360403,0,1,0.5061612693299571
14613461654#2455842713,0,0,0.49725283556498634
1830525975#1818675501,0,0,0.49460414132873537
3060607943#1556785910,0,0,0.49398736067959276
4256906448#107725296889,0,0,0.4900534142050094
1965402836#1733350200,0,0,0.4896524512406627
3591598900#1805614122,0,0,0.48926059337103434
4226659635#3881629589,0,0,0.4900534142050094
53263231637#53263277044,0,0,0.4895200393019427
4212827921#4057038032,0,0,0.4900534142050094
2640338192#4219594127,0,0,0.4900534142050094
2057186102#3926967278,1,0,0.48906241040056286
302839388028#4524153991,0,0,0.4898293098057021
4455655369#4451089335,0,0,0.49102186428300953
3644272514#3683502845,0,1,0.5035563749894032
4034038494#1372557160,0,0,0.4892691381088535
4272137501#1347237190,0,0,0.4900534142050094
2061673563#1430988070,0,0,0.494539486203133
4420971756#29299658960,0,0,0.48889803576671026
121528725386#3601857963,0,0,0.48889803576671026
4553673830#4768693982,0,0,0.4903684441152222
2057186102#2055946129,0,0,0.4888507899324423
4808240601#4720990747,0,0,0.49158172434706776
2292556895#4526688596,0,0,0.4900534142050094
202581283129#2296537627,0,0,0.49400337117687115
3551952830#1537709308,0,0,0.4900534142050094
2128656141#1885490974,1,1,0.500025333651382
2060192915#2027457810,0,0,0.4888507899324423
3766757689#4673557611,1,1,0.509298901080944
4532014296#4526688599,0,0,0.4927144053988386
4755359264#3766757689,0,0,0.4900534142050094
237523614768#18468082722,0,0,0.4929950432514831
5210259474#2067179166,0,0,0.4900534142050094
3648903741#3081986781,0,0,0.4898293098057021
1500161456#5076405390,0,0,0.49398736067959276
5078702464#208339001895,0,0,0.4900534142050094
4129173722#4435666805,0,0,0.4898293098057021
3836576451#11087571368,0,0,0.48235684824679304
4226781300#14613455236,0,0,0.4900534142050094
3285703159#178615973311,0,0,0.4900534142050094
4454799835#1639901072,0,0,0.48714947336840014
4157551094#4179651570,0,0,0.49088896985819075
81553005637#5031079827,0,0,0.494539486203133
114693583065#5194366020,0,0,0.4900534142050094
4530026055#4272885125,0,0,0.4898293098057021
4623934568#309312102749,0,0,0.49111398462270855
2059397275#3077307902,0,0,0.49189025818848714
3712801411#3046447657,0,0,0.48819864201290936
2183428945#4435586554,0,0,0.4900534142050094
1434312727#1479236028,1,0,0.49335346985683054
2088554701#2739075334,1,0,0.4918673905515629
53263277044#53263229623,0,0,0.4944794029671624
4524153991#2062285767,0,0,0.47868713831367155
4111311078#3931049291,0,0,0.4861694004793756
314601336135#14613464513,0,0,0.48956977675015756
5169252503#4624086112,0,0,0.4900534142050094
3017056355#4317041484,0,0,0.4900534142050094
1932250238#2088439298,0,0,0.49654274615715416
1429413488#2057685237,0,0,0.4926071443280335
2111038059#3023688258,0,0,0.49149895593445764
2057146445#2112891471,0,1,0.503485707778662
203654552716#3986575237,0,1,0.5004838197190207
156277076551#18466210670,0,1,0.5042510068723624
5210263415#5352675624,0,0,0.48987655563997
3245545040#3580539229,0,1,0.5069899926415028
4090681438#1307874587,0,0,0.49267181298544505
2671772709#4254790911,0,0,0.4901852364229552
173652977366#167570408533,0,0,0.4845575353972146
3986575237#3287633018,0,0,0.49027127649539687
3995923367#3052165975,0,0,0.48979557955744757
4285709207#2007329552,0,0,0.48934567235085025
4065724850#1401982309,0,0,0.48909227954381407
2058531416#2057082463,0,0,0.4894195857845601
4357742929#4878082767,0,0,0.4900534142050094
4973150488#2455842712,0,1,0.5076422869074037
1727736762#1727736761,0,1,0.5047333923004215
4327866563#2058563113,0,0,0.48981269420703866
1429413488#2056156370,0,1,0.5006367190304508
4529171819#4877560558,0,1,0.5054215777296119
5163452200#12910266318,0,0,0.48889803576671026
492316061640#436617713935,0,0,0.4900534142050094
2055601072#2058663034,0,0,0.4900534142050094
4385184737#88520940864,0,0,0.489661393823642
2061352093#2063572073,0,0,0.49470160604414765
1639325148#1483087858,1,0,0.4895964443495995
3683502845#3446029032,0,0,0.49223686803415456
2296451977#4643809596,0,0,0.49242756814189886
4020730390#4155642921,0,1,0.5016525964790961
2027457633#2027457810,0,0,0.48232663372149054
4777051438#2051253311,0,0,0.48836715247759044
1565925308#1778986389,0,0,0.49518431942825186
3591598898#3903280573,0,0,0.4824351841381847
2115880476#4435792377,1,0,0.4997590754564704
1667001955#4386494215,0,0,0.48913596672871856
4529171819#4529171947,0,1,0.5013230565023813
4642512906#2112250533,0,0,0.4895318641871596
47752312088#52346437064,0,0,0.4913609477169098
3836992879#1537709306,0,0,0.48859125687689775
1818675501#1659519065,0,0,0.49354132097445713
3591598898#1833697097,0,0,0.4820971015407947
1830525975#4716857454,0,0,0.48956977675015756
2027839123#4241366976,0,0,0.4949589744398931
3978215502#4506633524,0,0,0.4900534142050094
3052760872#5210259386,0,0,0.4900534142050094
3926963318#4185429549,1,0,0.49142927730424335
117277915830#4897862520,0,0,0.49469311667305205
2359572372#3903289669,1,0,0.4916061358692827
1701593387#3641396498,0,0,0.4929007004424398
4530026053#4542321633,1,0,0.4907997539705341
4256725997#4657354263,0,0,0.4900534142050094
1639275755#2640338192,0,0,0.4883755005779487
29607898384#4591638149,0,0,0.4945786140695004
1902954948#81902710995,0,0,0.49344583864960134
4052058734#3816455026,0,1,0.5038561835018802
2296451977#5210263415,0,0,0.48987655563997
2111818909#4511530729,0,0,0.4899752967905803
2359474749#2268287413,0,0,0.4878918631230969
4662517140#25405387739,0,0,0.4893077597878523
117154450703#1592253963,0,0,0.4891134793365323
4624086112#2359572372,0,0,0.4900534142050094
4386494215#4385184631,0,0,0.49128379411812956
4157551094#2118643101,0,0,0.4900534142050094
4346970606#4034038494,1,1,0.5070708040875703
4720990749#4720990746,0,0,0.48839296878874267
2113712804#4448697469,0,0,0.48859125687689775
1778563597#1638853392,0,0,0.49925708211154357
3972742243#3601857963,0,0,0.4872201221396496
7161172305#7026230674,0,0,0.4915784821034287
1905948078#2059483876,0,0,0.4943034279060535
4720990748#4720990746,0,0,0.4848956005282393
5194582482#1590527066,0,0,0.49346531546644634
1708981181#4071233134,0,0,0.4954286728394085
81902710995#60367620373,0,0,0.49504276833036465
4242849949#1430988070,0,1,0.5020366521250538
1711846546#1394299795,0,0,0.48939880641039857
1372557160#1780636702,0,0,0.4891128068947477
4470296934#4212827921,0,0,0.4945786140695004
1920503864#4529171819,0,0,0.48841439831185846
314601953357#2060189370,0,0,0.4886266706920366
2063878463#3446029032,0,0,0.48819864201290936
2058494409#7026230674,0,0,0.4895964443495995
4242891248#14613461654,0,0,0.4900534142050094
4455408499#3120043199,0,1,0.505111699524391
1696577548#1659951159,0,0,0.48844981212699723
1965402836#4776817109,0,0,0.49344583864960134
1479236023#1479236024,0,0,0.49335346985683054
2054733437#1914706723,0,0,0.4920296470975791
4530026053#4165151066,0,0,0.4892691381088535
2117931367#2057858826,0,0,0.49413923401543175
2062633327#1888052788,0,0,0.4900534142050094
2058278464#3706865825,1,0,0.4900534142050094
2071864814#4435666805,0,0,0.4925340982894759
2113093450#4623017083,0,0,0.4952719719911056
2065023444#2073668282,0,0,0.49360432820485933
2661092323#4448830722,0,0,0.4900534142050094
4348295931#2122362220,0,0,0.48994398175162557
4824054256#41375214069,0,0,0.4900534142050094
3903280586#69282286107,0,0,0.4900534142050094
1592367367#1453532038,0,0,0.4916061358692827
14613465315#14613466961,0,0,0.4930532366726825
1667001955#2128656141,0,0,0.4919639046169234
156117434515#2057082379,0,1,0.5052245941658322
25244788647#3836676657,0,0,0.49339084248796206
4181867888#4716857454,0,0,0.4900534142050094
2740883313#4808238795,0,0,0.48819029391255114
3836576451#4469027502,0,0,0.48129544023257437
4242696539#4242891248,0,1,0.5241788272693235
2056478070#1712570793,0,0,0.4900534142050094
4215038721#4451124293,0,0,0.4926149720954397
4451288784#3606108939,0,0,0.48882362713770383
4256622048#4256981120,0,0,0.4900534142050094
14613464513#379478718058,0,0,0.4900534142050094
1430989592#1430988070,0,1,0.5261233770564362
2183968048#2183428945,0,1,0.5096804025283863
4742698844#11087571368,0,0,0.4950007865844103
4897454823#4451342506,1,0,0.4966413926140252
4077473357#4534359957,0,0,0.48197470651730384
4897454517#4261185678,0,0,0.4977350637146925
5194366020#2059124838,0,0,0.4947641689854329
1701470611#156116289986,0,0,0.4894195857845601
5199216301#3934681694,0,0,0.48085843582604165
227607176751#1319944364,0,0,0.4900534142050094
4548461997#4076081471,0,0,0.4900534142050094
2298730254#4538335537,0,0,0.4922165467775923
1778563595#1727736761,0,0,0.49925708211154357
1431887069#314601336135,0,0,0.489746812561685
4823801269#4323500487,0,1,0.5005458843295483
4346970606#307410722133,0,0,0.48888870249544036
3487828519#3501315747,0,0,0.4975719275926486
4774992939#4636522140,0,0,0.4945603053103385
1920503864#3927439605,0,0,0.48841439831185846
146011937628#146011948003,0,0,0.4958051732298118
156277076551#18465721026,0,1,0.5022337968976778
76198377822#4043193319,0,1,0.505367587227692
2114390938#4444948728,0,0,0.4864461810408806
4589830735#4532014296,0,0,0.49007579756953407
18466354888#1483087859,1,0,0.48127819428203295
90189177932#69055007639,0,1,0.5002380988288256
4633378534#156273955489,0,0,0.48867393136740295
4465664542#4454799835,1,0,0.48518042309952863
4442900590#4077473357,0,0,0.49570760329348956
4860360403#302839388028,0,0,0.49087404976794086
1667001955#303433622485,0,0,0.4893077597878523
3290768654#2947790103,0,0,0.4900534142050094
1859920904#2067179166,0,0,0.4900534142050094
4219594137#4206201723,1,0,0.49339084248796206
2058531412#4589775642,0,0,0.4894195857845601
1483087858#4469027502,0,0,0.47563500441834156
1659519065#156276601478,0,0,0.48235684824679304
1394416929#1556785910,0,0,0.49398736067959276
4285709207#4260680249,0,0,0.4892415440494092
2159160651#3043036534,0,0,0.49191223289685204
1877399023#4435792377,0,0,0.4900534142050094
1646205905#2113439579,1,1,0.5345930081408143
1431930648#2112891471,0,1,0.5041847888033358
2359113449#3120043199,0,0,0.4996380275268653
2070627808#1434305170,0,0,0.48867393136740295
4945702240#2073669601,0,0,0.4950874964123811
2059124838#2057898501,0,1,0.5109246760869994
10553947604#2051966916,0,0,0.4900534142050094
3988152389#167570408533,0,0,0.4900534142050094
1639253622#3072525687,0,0,0.4883755005779487
3083904084#2292556895,0,0,0.49323120910932533
1434312727#4584646241,0,0,0.4900534142050094
430837878381#1425598204,0,0,0.4929005085729908
156273955489#4623934568,0,0,0.49589631051632954
4878579203#106190147770,0,0,0.4900534142050094
3972742243#4623972652,0,0,0.4893077597878523
3601857963#3591598900,0,0,0.47736223947729245
2061244620#1592253963,0,0,0.4896466881848561
2113712804#4636041770,0,1,0.5130698469818668
2057112219#3075628047,0,0,0.4900534142050094
5062861485#3973253490,0,0,0.4900534142050094
1912538880#4272843119,0,0,0.4942967914994027
2115880476#4386494215,0,0,0.4900534142050094
3474685542#3474743878,0,0,0.4893205919851361
1483087859#1639325148,1,0,0.4895964443495995
7161173338#4776817109,0,0,0.49162414352390066
227607176751#3050152494,0,0,0.4900534142050094
3946838650#4020730390,0,0,0.4822739601058341
173652977366#492316061640,0,0,0.4900534142050094
4450784429#4509158303,0,1,0.513206448581997
3946838650#4168332323,0,0,0.4823450469948039
1914706723#4241366976,0,0,0.4898293098057021
3395466908#2051253311,1,0,0.4970724550649841
190330815066#4356117363,0,0,0.4883755005779487
2112250533#1816512025,0,0,0.49179007459295493
6633440508#3806980943,0,0,0.48889803576671026
18466601978#156117434515,0,0,0.4971154009978261
4031814900#4261128452,0,0,0.4895964443495995
1600123318#3926963318,0,0,0.4900534142050094
4451342530#2115678997,0,0,0.4895964443495995
4878082767#4242891248,0,0,0.497785795218144
4232666143#29607392514,0,0,0.4900534142050094
4451124293#3319075608,0,0,0.4913470585444319
90189177809#88520940864,1,1,0.5002380988288256
2050840604#3809186919,1,0,0.492062562645131
3610178183#4215038721,0,0,0.4900534142050094
3023688258#1727736762,0,0,0.49149895593445764
2068602973#2296537627,0,0,0.49807710198057076
4323500487#2114390938,0,0,0.4893550056221202
4823801269#4590516328,0,1,0.5135442944988732
2283920901#4401898255,0,0,0.4883755005779487
4643809596#5194366020,0,0,0.48971453424837535
3806980943#4274235353,0,0,0.4953248856145339
5210259474#5210259386,0,0,0.48987655563997
1565925307#1905948078,1,0,0.4965927927869882
135028851546#4444948728,0,0,0.4900534142050094
2175800284#4241366976,0,0,0.49518307883920043
5185595733#10553947604,0,0,0.4895964443495995
2063873633#4538335537,0,0,0.4924406511768996
1425289196#4643943359,0,0,0.48867391652630454
2068611560#2070627808,0,0,0.4765501358354851
1646205905#2057211704,0,0,0.4925067329063789
3629624977#2057573219,0,0,0.49897894496174744
1318626251#2060836540,0,0,0.48904822673230774
76198377822#4808238795,0,0,0.48888870249544036
2054699471#2057146445,0,1,0.5030292331185486
2058563113#4532035181,0,0,0.48836715247759044
117755505510#1600123318,0,0,0.4900534142050094
2070686849#1712137054,0,0,0.49229626973750223
1712570793#1638853392,0,0,0.4910767200374593
4705427870#2281691154,0,0,0.4888507899324423
3628839717#3628839716,0,0,0.49554420173115976
1875282048#4658956014,1,1,0.5049078610470734
4529171819#2060836540,1,1,0.5109438344318504
1659951159#1659519065,0,0,0.48844981212699723
90189177932#69607735174,0,1,0.5002380988288256
3451234547#3628839716,0,0,0.4908998614724199
3926963318#3652959253,0,0,0.48819864201290936
2056078364#1432014682,0,0,0.4896524512406627
69609155599#69607735174,0,1,0.5048188362077177
3986575237#4205424867,0,0,0.4891128068947477
373850284448#3602134198,0,0,0.49344583864960134
2057082463#4420971756,0,0,0.48841439831185846
3929215225#2054733437,0,0,0.4900534142050094
5067776785#4992689820,0,0,0.48377003966667814
3441097472#203654552716,0,0,0.48956977675015756
4897862520#1558033119,0,0,0.4900534142050094
110232280082#178615973311,1,0,0.4900534142050094
3053472155#4665681736,0,1,0.5038822568948247
2088554701#5010064143,0,0,0.4972900033956848
2119398744#2065023449,0,0,0.4900534142050094
4241366976#1416528046,0,0,0.49518307883920043
9062983415#44498925795,1,1,0.5010661005995418
1639412951#3487828519,0,0,0.48987655563997
18467669365#5354187271,0,0,0.48497125995628176
1483087858#1639324466,1,0,0.4895964443495995
2058278464#314601336135,0,0,0.48836715247759044
3415143762#5060996735,1,0,0.49452089589871
1696577548#1780636692,1,0,0.4893555515006027
4823801269#4572636292,0,1,0.5031409857487965
2111818909#5067776785,0,0,0.4907209512077374
60367620373#11087571368,0,0,0.4862480188599305
3474743878#4277564473,0,0,0.4900534142050094
4768693982#121528725386,0,0,0.48965195604536615
4452060617#1614597826,0,0,0.48841439831185846
4810275464#4623934568,0,0,0.48979405839595297
208339001895#109765155485,0,0,0.4900534142050094
3591598900#3903280567,0,0,0.4824351841381847
3896058143#2117971015,0,0,0.4900534142050094
46983614517#4316999113,0,0,0.4900534142050094
2338131041#2339749085,0,0,0.4951025988708797
7161172305#5123189260,0,0,0.49203545195883863
4572636292#4589929428,0,0,0.4989405350034202
3761484186#2057352941,0,1,0.5053403622939939
3418808231#2283920901,0,0,0.4883755005779487
5076405390#3083904084,0,0,0.4900534142050094
4998365450#2111818909,0,0,0.49135477962818674
1347237190#2296574953,0,0,0.4900534142050094
4792436579#4036848581,0,0,0.48956977675015756
4635981164#2296451977,0,0,0.48951444230087904
18466210670#18466354888,0,0,0.47937399171760603
2076366005#5123189265,0,0,0.4900534142050094
4261128456#564144132292,0,0,0.4895964443495995
3474685542#3578109143,0,0,0.4906197501820493
2063873633#492316061640,0,0,0.4888713681672684
4705427870#4285617569,0,0,0.4900534142050094
156117434515#76198377822,1,1,0.5020945949159161
4808180492#1639394625,0,0,0.490449185572246
2027839123#4425561412,0,0,0.497908373909118
2061673701#5031079827,0,0,0.494539486203133
3903280567#3903280573,0,0,0.4924699700598127
2007329552#126501897635,0,0,0.49344583864960134
7026230674#1834023606,0,0,0.4900534142050094
391306865273#2114279054,0,0,0.48841439831185846
3993296567#3072524524,0,0,0.4890528298784734
146011948003#232579778763,0,0,0.4914897604675491
2056727309#4202053398,0,0,0.49644049858913697
4943818903#3993041966,0,0,0.4895318641871596
4005134611#2119398744,0,0,0.48595917203236544
2051966916#2058663075,0,0,0.4936770004581467
2058663034#2055581605,0,0,0.4900534142050094
3860775024#2056156370,0,1,0.5007800581883219
3993041966#4414530598,0,0,0.4893077597878523
1906908670#2077171978,1,0,0.49620118751411324
2057146445#1592253963,1,1,0.503485707778662
1590547354#1665894324,1,0,0.49383154133023943
3050152494#4241366976,0,0,0.48310250266395016
2068602973#2075393157,0,0,0.480058464159684
2057986140#4705427870,0,0,0.4888507899324423
4944579314#5194582482,0,0,0.4890748943317496
2055626030#2055626033,0,1,0.5014422737419059
3995923367#5134159053,0,0,0.4900534142050094
4385184737#2340035845,0,0,0.49149895593445764
1446739157#3054084564,0,0,0.4969050482209114
3972766136#2281691154,0,0,0.4888507899324423
3915411982#3056884476,0,0,0.48667361616905347
407966480507#10553947604,0,0,0.4895964443495995
109765155485#117755505510,0,0,0.4900534142050094
2055946248#2066535766,0,0,0.4900534142050094
4327866563#18466601978,0,0,0.49688302910021354
1847716478#173652977366,0,0,0.4900534142050094
3319075608#4215027256,0,0,0.4926149720954397
4705583754#3249354040,1,1,0.5044522112920196
2120518542#3706865825,0,0,0.4900534142050094
1640284457#2011670508,0,1,0.5018281398107138
1316070394#2740883313,0,0,0.49263619399539865
14613460476#2055298458,0,0,0.4900534142050094
1318626251#1710182160,0,0,0.48987655563997
4274235353#3766757689,0,0,0.4953248856145339
4720990747#2057202352,0,0,0.4934617285410861
2671772709#3045580653,0,0,0.4898293098057021
4584646241#370314330573,0,0,0.4883755005779487
114401992972#4673557611,0,0,0.4945786140695004
2111818909#4992689820,0,0,0.4901994011898876
2078213282#3633495980,0,0,0.4945786140695004
2057685237#1660889815,1,0,0.49841341208508366
4774992939#135028851546,0,0,0.49394843099012375
4285617569#4206304466,1,0,0.49169869483046014
3986575237#2183428945,0,0,0.4900534142050094
3972766136#4205424867,0,0,0.4895964443495995
2138881484#4636041774,0,1,0.5106782787173779
3077743360#81553005637,0,0,0.48987655563997
1759198091#2060189370,0,0,0.4951663103809675
2115678997#4259293142,0,0,0.49078898957300027
3926741754#3729925561,0,0,0.4841807733474204
436617713935#455581610977,0,0,0.497748786157688
81553005637#14613476507,0,0,0.4896524512406627
4285709207#4286394339,0,0,0.48286500923418657
69054998391#69055007639,0,0,0.4992595663132178
2059483876#3485676898,0,0,0.48889803576671026
2061673563#3487828531,0,0,0.4900534142050094
4623788579#3601857963,0,0,0.48987655563997
3915411982#4254790911,0,0,0.48519995930422266
2016866279#4297145562,0,0,0.4945786140695004
3551952830#4286394339,0,0,0.4900534142050094
3591598893#3903280567,0,0,0.4824351841381847
4448830722#4455655369,1,0,0.4945169309570585
1805614122#3046471496,0,0,0.492157521080766
2061244620#2112891471,0,0,0.4896466881848561
1667032705#1778796425,0,0,0.49823684931486734
25244788647#364662567901,0,0,0.48956977675015756
2059483876#1565925307,0,0,0.4937818778882036
2026258519#2119388082,0,1,0.5047545140500563
4943818903#14190297481,0,0,0.4895318641871596
4589929428#4447023801,0,1,0.5028170520934436
4636382579#2297005450,0,0,0.48933441254619575
29299658960#249652232743,0,0,0.4936325701712488
4838534990#392281366488,0,0,0.48956977675015756
4768693982#110232280082,0,0,0.48748152423340835
249652232743#303433622485,1,1,0.5035674898297995
2088554701#232579778763,0,0,0.4910327906121391
1902954948#4952427189,0,0,0.4900534142050094
2117967935#1416827061,0,0,0.4900534142050094
2060062994#4883922403,0,0,0.49583991482282014
4241366976#4176537188,0,0,0.4883755005779487
4185429549#4755359264,0,0,0.4900534142050094
2297005450#5163452200,0,1,0.5004718595065027
4450784429#4391918874,0,0,0.4951449230524693
1859920904#1743052872,0,0,0.4900534142050094
1780636692#1479236023,0,0,0.49335346985683054
5163452200#4944512773,0,0,0.48373350265627174
4202053398#1417015453,1,1,0.525467534799558
3445564730#3043036534,0,0,0.4927965554224091
18466601978#2661092323,1,0,0.49598202711245976
3913419748#2136847331,0,0,0.4900534142050094
2061309885#2056513884,1,0,0.4962105750053984
4205424867#3075628047,0,0,0.48956977675015756
4526688596#2268304430,0,0,0.4883755005779487
4065797638#4065797640,0,0,0.4935034098768433
2057858826#2057112219,0,0,0.4900534142050094
29299658960#5163452200,0,1,0.503233240637881
2059125338#1316070394,0,0,0.4883516906325626
3993296567#2523741989,0,0,0.4883755005779487
2359348328#3016942950,0,0,0.4878918631230969
2268304430#3706927247,1,0,0.4900534142050094
167570408533#4031814900,0,0,0.4900534142050094
1565925307#4165151066,0,0,0.4892691381088535
1492507866#455581610977,0,0,0.4895964443495995
5010064143#7026230674,0,0,0.4895964443495995
4260680249#4165151066,0,0,0.4887855006540016
2051253311#1592367367,0,0,0.4900534142050094
1417009342#2113439579,0,1,0.5301277132361397
107725296889#4451342522,0,0,0.48950017122925565
46983614517#1510345157,1,0,0.4900534142050094
3993041966#1430989592,0,0,0.4894195857845601
4792436579#3988152389,0,0,0.48956977675015756
2063572073#2062633327,1,0,0.4900534142050094
3415143762#124657516337,0,0,0.48791853072253877
1758869231#2074388205,0,1,0.5021511919254764
4808180492#4261128456,0,0,0.49014115420142024
3108657350#4947650145,0,0,0.4893550056221202
5209073343#114693583065,0,0,0.49135477962818674
4150903702#3289002505,0,0,0.4943859527449732
2057898501#3023688258,0,0,0.4900534142050094
2058531416#4261128456,0,0,0.4895964443495995
1430988070#2359113449,1,0,0.49447569133032315
1712570793#436617713935,0,0,0.497748786157688
4944579314#2123106282,0,0,0.48987655563997
4242849949#3052760872,0,0,0.4975619476451255
4623972652#1640284457,0,0,0.49137977081236733
2058531416#2058531412,0,0,0.4867381963314934
2056156370#2165015488,0,0,0.4900534142050094
3913419748#4705583754,0,0,0.49983580448898507
2058531416#4254790911,1,0,0.48737202475194275
2016866277#2016866279,0,0,0.4945786140695004
117755505510#1746603523,0,0,0.4900534142050094
1456843034#3055561351,0,0,0.4900534142050094
1655427579#2065699619,0,0,0.4893929181851182
4346970606#4070427569,0,0,0.4945786140695004
3652959254#3973253490,0,0,0.4916061358692827
4705427870#1565925308,0,0,0.4908881975193431
2070691342#4435666805,0,0,0.49317499919067065
5022594784#3742463975,0,0,0.4900534142050094
2073669601#4804117479,0,0,0.4900534142050094
1565925307#1778986389,0,0,0.49518431942825186
1920503864#2122362220,1,0,0.49052213461989047
2057146445#1639901072,0,0,0.4900534142050094
4451288784#3809186919,0,0,0.48987655563997
3474685537#3081749686,0,0,0.4900534142050094
1316070394#167570408533,0,0,0.4900534142050094
4442900590#3445905086,0,0,0.49949265535944426
4506633524#2070025653,0,0,0.4895964443495995
1492507866#1638853392,0,0,0.4906197501820493
1403216308#1684806079,0,0,0.48748123537446214
3761484186#3077307902,0,0,0.4898293098057021
3072525687#1415554755,0,0,0.4900534142050094
4808240616#60367620373,0,0,0.48939041943725897
2055626034#1759198091,0,0,0.49823684931486734
2055581605#3055561351,1,1,0.5017523314618737
2056478070#3641396498,0,0,0.4822739601058341
1640284457#4206177048,0,0,0.4904475116024638
2296537627#18467725403,1,1,0.5053622480114945
1944864795#4065797638,0,0,0.48956977675015756
1665894324#1429413488,0,0,0.489480658181529
4226659634#4226659635,0,0,0.4900534142050094
2056078364#1743052872,0,0,0.4945001485401
3032272329#4436356008,0,0,0.4936355080113794
1639325148#1932250238,0,0,0.4925595076832613
114693583065#3235756553,0,0,0.4923394675901695
54158054598#2054699471,0,0,0.4900534142050094
2054733437#1708981181,0,0,0.4900534142050094
4808238795#1634250118,0,0,0.48859125687689775
4592596123#2114279054,0,0,0.4945786140695004
3249354040#3913419748,0,0,0.49897894496174744
3269719212#3081749686,0,0,0.4900534142050094
90189177809#87008148161,0,1,0.5002380988288256
2055946129#2059124838,1,0,0.4968621371667821
4636446230#4420971756,1,0,0.48889803576671026
4606793746#4511530729,1,0,0.49135477962818674
4165283827#4206201723,0,0,0.4900534142050094
4553673830#11087571368,1,0,0.4908115382230168
237523614768#4584646241,0,0,0.4945786140695004
4589775642#3913554478,0,0,0.4943673115535763
5062861485#4385069368,0,0,0.48987655563997
2051253311#2115880476,0,0,0.4900534142050094
7161172305#41375214069,1,0,0.4986164366496553
18466522141#152713369272,0,0,0.494382563230129
109165560395#111110399548,0,0,0.49526126543946136
3496048657#3287633018,1,0,0.4917302559397788
3474685537#3578109143,0,0,0.4906197501820493
3287136303#3120043199,0,0,0.4900534142050094
167570408533#2027457805,0,0,0.4864374390267969
11087571368#53263277044,0,0,0.4942301349662618
2088439298#1634282666,0,0,0.4910767200374593
4272885125#2057573219,0,0,0.4976212367557376
219547393842#4031814900,0,0,0.48836715247759044
1558033119#2298730254,1,0,0.49343954714999066
4705427870#4455408499,0,0,0.49010040689414963
4623972652#14613461654,0,0,0.4900534142050094
156116289986#2340035845,0,0,0.4900534142050094
2068654074#29298304831,0,0,0.4931086572377146
3993041966#4451089335,0,0,0.49399989896483193
4804117479#4168332323,0,0,0.4901245010939792
4530026053#4530026055,0,0,0.4755405151152899
4226659634#4256906448,1,0,0.4900534142050094
4354044382#4425561518,0,1,0.5089471301231586
3926967278#14613460476,0,0,0.48485330348975403
1667288610#4415227218,0,0,0.48841439831185846
4705427870#3926741754,0,0,0.48999807975573084
1303518148#2066246683,0,0,0.48220270510026525
2060042758#4077027238,0,0,0.49131678005905555
2059125338#4878579203,0,0,0.4900534142050094
5169257472#124657516337,0,0,0.4900534142050094
2058531416#4256622048,0,0,0.4900534142050094
2059125338#4526652844,0,0,0.48981269420703866
18468580547#18466210670,0,0,0.4867339478025434
4878261986#4998365450,0,0,0.4900534142050094
4226659635#4232471781,0,0,0.4900534142050094
1492507866#2070686849,0,0,0.4883755005779487
1929467433#5209073343,0,0,0.49634766900352095
1882929309#2066246683,0,0,0.48706712403343744
2060836540#4327866563,0,1,0.5163948946231771
1762522969#3949154929,0,1,0.5115285349549363
212771874474#4260680249,0,0,0.4900534142050094
1877399023#109165560395,0,0,0.4900534142050094
4479070818#4323500487,0,1,0.5104459412603632
4129059855#110232280082,0,0,0.48987655563997
4698569942#4297145562,0,0,0.4900534142050094
4532014296#3836676657,1,0,0.4939872656298676
3032272331#3032272329,0,0,0.4954196729939819
6013639039#2067179166,0,0,0.48956977675015756
4077027238#4036848581,0,1,0.500258508170472
1812202957#1701593387,0,0,0.4957892173042389
2071751695#156116289986,0,0,0.49039560850309255
135028851546#3621799271,0,0,0.4892691381088535
1483087859#4590233117,0,0,0.47617971427016237
52346437064#4943818903,0,0,0.4895318641871596
4451342522#4451342506,0,0,0.4927421485665507
2117971015#3474685542,0,0,0.4934224627576965
1727736761#1778563597,0,0,0.49925708211154357
364662576302#370314330573,0,0,0.49515940308673734
2060189370#1759198080,0,0,0.4934800486535485
4219594137#4165283827,0,0,0.4898293098057021
3580539229#3249354040,0,1,0.5044522112920196
2115678997#52346437064,0,0,0.4901186519681356
237523614768#4680095395,1,0,0.49163816343227673
1394299795#2088439298,0,0,0.4899357442741967
2111346464#4716857454,0,0,0.48956977675015756
3230219871#2662986035,0,0,0.48977397535642353
3942084480#1726591551,0,0,0.48987655563997
2058663034#2058663075,0,0,0.4921557266373941
4479096850#4897454488,0,0,0.4977350637146925
1565925308#2297005450,0,0,0.48889803576671026
14613460476#4471122121,0,0,0.4806947246873206
2165015488#2119398744,0,0,0.4900534142050094
2114390938#4952427189,0,0,0.497748786157688
2117967935#1432014682,0,0,0.4900534142050094
4065724850#1639412951,1,0,0.48909227954381407
18466210670#18465721026,0,0,0.4947290807062623
315728832242#2111350136,0,0,0.4900534142050094
3715785447#1660889815,0,0,0.4900534142050094
4226781300#415654814203,0,0,0.4900534142050094
4590516328#4589929428,0,1,0.5223507507152326
4414530598#2027839123,0,1,0.5005098783267397
3245545040#3629624977,0,1,0.506506355186651
492316061640#415654832276,0,0,0.4900534142050094
4323500487#4572636292,0,0,0.49660921291756205
3836576451#4526688598,1,0,0.4840327663204137
2296537627#4636143697,0,0,0.4889591081636792
4636041770#4636508851,0,1,0.5228976899461801
2112891471#2057202352,0,0,0.49081892548396505
117154450703#189546061243,0,0,0.4898666738531702
114693583065#3045566056,0,0,0.488723492411957
4206177048#3050152494,0,0,0.49118223440846054
1659519065#1320992607,0,0,0.4943114025476969
2159160651#3461052410,0,0,0.4900534142050094
2061244620#2057146445,0,0,0.494641694101569
11087571368#50602309472,0,0,0.48273377930087835
1655427579#14613461939,0,0,0.48956977675015756
1727736762#1634282666,0,0,0.497110654789763
18468695966#202581283129,0,0,0.48928560502319973
69054998391#1834023606,0,0,0.48987655563997
2114438559#1640284457,0,0,0.48822981698809476
4862024152#4316370583,1,1,0.5037473589220283
3986575237#156276503685,0,0,0.48972506083753586
4952427189#4444948728,0,0,0.4900534142050094
245814065042#379478718058,0,0,0.49512462572661703
4757328062#370314330573,0,0,0.49359006637729
3926963318#3973253490,0,0,0.4916061358692827
152713369272#2455800880,0,0,0.48982122119069144
25244788647#3395466908,0,0,0.48956977675015756
54158062043#54158063899,0,0,0.49500011874286026
107725296889#4479096850,1,0,0.4958359805359623
2165145983#1326198016,0,0,0.49117475588060044
81902710995#3441097472,0,0,0.4900534142050094
5185595733#4155642921,0,0,0.4900534142050094
3926967278#3474685537,0,0,0.48088787186234927
5067776785#4828653957,1,0,0.4907209512077374
5210260401#3289002505,0,0,0.48987655563997
415654814203#436617713935,1,0,0.497748786157688
1932250238#1590408241,0,0,0.49337957579601294
1778563595#2057986140,0,0,0.497748786157688
2268287413#146777938215,1,0,0.4893929181851182
7161173338#7161172305,0,0,0.4823237103737379
3806980943#4215038721,0,0,0.48867393136740295
4451089335#4165922067,0,0,0.4885040201570371
2092610536#1736318365,0,0,0.49084666948077127
4454799835#4451124306,0,0,0.48518042309952863
146778888902#1914706723,0,0,0.4901715041037853
307410722133#203654552716,1,1,0.500367762186107
3240377870#4777051438,0,1,0.5061612693299571
2056727309#3683502845,0,0,0.4907518518029814
3949154929#2162682667,0,1,0.5128798168585766
3612961288#4636522140,0,0,0.48956977675015756
2281691154#4272137501,0,0,0.4888507899324423
3269719212#2092610533,0,0,0.4905917395713925
1847716478#54158093151,1,1,0.5155666154070737
3050152494#4506633524,0,0,0.48889803576671026
3525475722#14613461654,0,0,0.4936368603867738
1417015453#1646205905,0,1,0.5159651736283177
4129059855#4452060617,0,0,0.49762348521796923
4442444769#212771874474,0,0,0.4900534142050094
4945702240#3580539229,0,0,0.4909102737322471
4509158303#4391919171,0,1,0.508681248717506
18467669365#5206198663,0,0,0.48841439831185846
2060192911#407966480507,0,0,0.4895964443495995
2111038059#2059125338,0,0,0.49003679860634597
4052058734#2092610533,0,0,0.49073074350553414
1446739157#190330815066,0,0,0.48841439831185846
3017056355#4357742929,0,0,0.4931267602406577
2061673563#4071233134,0,0,0.48965751674656843
14613476507#2057082463,0,1,0.5028980554296621
4447023801#4633378534,0,1,0.5042539235904049
4272843119#4317041484,0,1,0.5037098084198428
1552378116#3946838650,0,0,0.4901245010939792
1932250238#4532035181,0,0,0.48819029391255114
4471122121#50602309472,0,0,0.4879922505154765
4261128456#3016942950,0,0,0.4883755005779487
3934681694#14613588147,0,1,0.5082480866934562
2050840604#1736318365,0,0,0.4945786140695004
1423044582#4946289727,0,0,0.49928818329907587
3652959254#3806980943,0,0,0.48347035395073157
2065023459#1415554755,0,0,0.4900534142050094
3418808235#1834169653,0,0,0.4900534142050094
4161509156#4636446230,0,0,0.4900534142050094
2136847331#1423044582,0,0,0.49481688707055915
4548461997#4534359957,0,0,0.4900534142050094
2070691342#4219594137,0,0,0.49317499919067065
4436356008#4591638149,0,0,0.4945786140695004
1590527066#3060607943,0,0,0.49300884080633295
4705583754#2066977172,0,0,0.4900534142050094
1701470611#1479236024,0,0,0.48987655563997
1592253963#5352185903,0,0,0.4898190058717734
3395466908#4862024152,0,0,0.4894195857845601
14613588147#4792436579,0,0,0.4878918631230969
4242891248#4705427861,0,1,0.5111468984656952
1859920904#3578109143,0,0,0.4910767200374593
2119478248#4705427870,0,0,0.4840872632934276
1394299795#1634250118,1,0,0.49307447208899513
1906908670#2065023459,0,0,0.49360432820485933
1479236024#4643941609,0,0,0.48987655563997
3896058143#3862453322,0,0,0.4900534142050094
4226659634#1920503864,0,0,0.4900534142050094
4285709207#4165151066,0,0,0.48956977675015756
3836576451#4018083310,0,0,0.4908033886512802
4150903702#4065797638,0,0,0.49402035674852746
1712137054#2075628492,0,0,0.49277990719235404
1774582761#3633495980,0,0,0.4940949766146485
200569781240#1614597826,0,0,0.48904822673230774
5078702464#3712801411,0,0,0.4956126840995093
4542321633#5194582482,0,0,0.4890748943317496
4024663252#2067179166,0,0,0.48956977675015756
2122362220#4260680249,0,0,0.4865512162041278
2016866285#4470296934,0,0,0.4945786140695004
1723151709#1634250118,0,0,0.49161231476088346
4451342522#4261185678,0,0,0.49453908018164056
29607898384#2070627808,0,0,0.4893545104268236
109165560395#2219112205,0,0,0.4900534142050094
4673557611#4755359264,0,0,0.4900534142050094
183335907108#4327866563,1,1,0.5129636190185639
4944512773#29298304831,0,0,0.48649488378765
2055581605#117755505510,0,0,0.4900534142050094
2359572372#2119398744,0,0,0.4956979619301899
4720990746#1558033119,0,0,0.48893594832970827
4226659635#5123189260,0,0,0.4900534142050094
3926963318#1549897545,0,0,0.4883755005779487
3715877024#2111350136,0,0,0.4900534142050094
1812202957#88520940864,0,0,0.48783183530183505
2181531828#2026258520,1,1,0.5093688443646626
364662567901#455581610977,1,0,0.4951589078914408
1425598204#4897454517,0,0,0.48893594832970827
7026230674#5123189260,0,0,0.4948827381962689
1759198080#90189178714,0,0,0.4900534142050094
3289002505#1780636702,0,0,0.4894195857845601
2058663034#4323500487,0,0,0.4900534142050094
1483087858#4590185312,1,0,0.47563500441834156
2119493181#3050152494,1,0,0.4850663996541221
364662567901#364662576302,0,0,0.49950223744434347
4470296934#2016866277,0,0,0.4945786140695004
4316999082#10553947604,0,0,0.4900534142050094
2138881484#4415227218,0,0,0.48859125687689775
5123189260#4776817109,0,0,0.4969905009263576
4624086112#4070427569,0,1,0.5026144525461084
1639275755#4232666143,0,0,0.4916061358692827
2111350136#14613588147,0,0,0.4900534142050094
4205424867#2070691342,0,0,0.4900534142050094
4642512906#1416827061,0,0,0.4878539505600989
69055007639#69607735174,0,0,0.4992595663132178
1778563595#2027839123,0,0,0.49073074350553414
1372557160#5185244731,0,0,0.4900534142050094
4720990746#156276503685,0,0,0.48535311626213185
2113093450#4944579314,0,0,0.49501245377665953
90189177932#88520940864,1,1,0.5002380988288256
2063706226#4643941609,0,0,0.49639918835351005
2059397275#4242849949,0,0,0.48987655563997
18468082722#302839388028,0,0,0.48541778374883776
2113439579#2118965491,0,1,0.5322300256685243
4878082767#4242696539,0,0,0.496807352386527
3415143762#4272887201,0,1,0.5019624404526359
3418808231#3418808235,0,0,0.488079376101027
4643941609#2068602973,1,0,0.49639918835351005
2051253311#2073668282,0,0,0.4929059196219701
364662576302#1537709306,0,0,0.48859125687689775
4256981120#4256725997,0,0,0.4900534142050094
1634250118#4691126574,0,0,0.48859125687689775
3020557801#4883922403,0,0,0.48859125687689775
2113712804#2138881484,0,1,0.5094946357071688
4465664542#4451124306,0,0,0.4812643369893015
4636508851#4589775642,0,0,0.4922398887923714
3415143762#1912538880,0,0,0.4942967914994027
2057352941#4643943359,0,0,0.48987655563997
4297145562#4111311078,0,0,0.4900534142050094
5194366020#2055946248,0,0,0.4927758241715564
2051966916#2060290691,0,0,0.4900534142050094
2180579787#2183428945,0,1,0.5096804025283863
2054699471#2061244620,1,0,0.49475267706658405
2176434538#3896058143,0,0,0.4971703266618874
4952427189#3621799271,0,0,0.4900534142050094
1716261756#1834023606,0,0,0.48987655563997
4526688599#4530026055,1,0,0.47458021936237826
302839388028#18466522141,0,0,0.4895318641871596
3903289669#2165015466,0,0,0.4900534142050094
4317041484#3648904752,0,0,0.4875691827439382
4188896319#1906908670,0,0,0.4900534142050094
2062285767#81553005637,0,0,0.4898293098057021
2283920901#4705427870,0,0,0.4892903379015717
1558033119#69607735174,0,0,0.4894195857845601
2113439579#2114048932,0,1,0.5301277132361397
2098280462#2176434538,0,0,0.4952559433700251
3075634363#2063572073,0,0,0.4893550056221202
5199216295#5352185903,1,0,0.4807596726753866
3862453322#1805614122,0,0,0.4898941788044216
1667032705#2060189370,0,0,0.4934800486535485
4742698844#53263229623,1,0,0.49416292232078446
4272887201#1912538880,0,0,0.49452089589871
1659951159#1818675501,0,0,0.48971192594798224
3496048657#91686025987,0,0,0.4895318641871596
2098280462#373850283306,0,0,0.49344583864960134
3451234547#3578109143,1,0,0.49044289161700994
2080829137#126501897635,1,0,0.497274581733375
2067179166#4643943359,0,0,0.48956977675015756
2671772709#2058531412,0,0,0.4867381963314934
146778888902#3016942950,0,0,0.48956977675015756
4090681438#4454799835,0,0,0.4924613690163083
109765155485#110232280082,0,0,0.4863758705088579
4272887201#3729925561,1,1,0.5000802792848337
2058278464#1708981181,0,0,0.4883755005779487
3551952830#2058258958,1,0,0.4900534142050094
4526688596#4530026053,0,0,0.4755405151152899
4584646241#4450784429,1,1,0.5016791431881635
2092610536#2092610533,0,0,0.4934160350550467
2057211704#2057120547,0,0,0.4902776958508048
2088439298#117277915830,0,0,0.4883755005779487
1592253963#2061309885,0,1,0.5037283141432225
2065699619#373850284448,0,0,0.4986372904842083
4636041774#2113712804,0,1,0.5130698469818668
2075628492#2073668282,0,0,0.47506015749906666
117154450703#114453608394,0,0,0.48870664379032397
3081986781#3045580653,1,1,0.5115223710986853
2112250533#1696577548,0,0,0.489575365067235
4538332005#2175800284,0,0,0.4895964443495995
1434312727#1434305170,0,0,0.4967333066708373
4451089335#3988152389,0,0,0.4892691381088535
3441097472#3245545040,0,0,0.48956977675015756
1403216308#2054736144,0,0,0.49126704694617884
1456843034#4188977524,0,0,0.4900534142050094
2120525705#4442444769,0,0,0.4900534142050094
4665681736#3081986781,0,1,0.5084074567593158
3809186919#3269719212,0,0,0.4820885689962595
3451234547#2026258519,0,0,0.4903427712085413
1847716478#3240377870,0,1,0.5061612693299571
2150886701#2063706226,0,0,0.48244200664405895
3578109143#4624086112,0,0,0.4896700744051143
3648904752#4272887201,0,1,0.5019624404526359
3648904752#3415143762,0,0,0.4922434366700918
3903280586#3602134198,0,0,0.4826120427032241
2055946248#2026258520,0,0,0.48941708862983285
3942084480#3995923367,0,0,0.4900868250203719
4635981164#2117967935,0,0,0.4900534142050094
2113288221#14613465315,0,0,0.4900534142050094
69055007639#4878082767,0,0,0.4894195857845601
18466354888#1492507866,0,0,0.48791853072253877
2175800284#4414530598,0,0,0.4997312924080726
4454799835#4070427569,0,0,0.48310250266395016
1888052788#2079578434,0,0,0.49073074350553414
4897454517#107725296889,0,0,0.4949960500370505
2065023444#4623972652,0,0,0.49360432820485933
18467725403#202581283129,0,0,0.48928560502319973
109165560395#1639412951,0,0,0.4894195857845601
5199216300#4897862520,0,0,0.4900534142050094
18468082722#156274815378,0,0,0.47563500441834156
3926967278#2057120547,0,0,0.48813919141252604
1920503864#4286394339,0,0,0.48795884537057793
90189178714#90189177809,0,1,0.5002380988288256
4272885125#3632560565,0,0,0.4891954813852528
4205438611#4810275464,1,0,0.4910153184796058
5123189260#7161173338,1,0,0.4965606518233296
4511530729#4705427861,0,0,0.48172301982634375
5022594784#1877399023,1,0,0.4896868351306415
4386494215#3903280581,0,0,0.4895964443495995
2296537627#18468687381,0,1,0.5086262049374127
2162682667#2292556895,0,0,0.4890748943317496
4283786658#1905948078,0,0,0.4900534142050094
3632560565#3441097472,1,0,0.4992558218142976
5199216301#5210259474,1,0,0.48987655563997
2063878463#2111346464,1,0,0.4918717440217961
2066977172#4768693982,0,0,0.4900534142050094
4435586554#4316999113,0,0,0.48718504462457707
2054734592#1410164195,0,0,0.4925316534078103
2092610533#1487584016,0,0,0.49435450967019307
1727736762#5134159053,0,0,0.4894377041443082
4898730640#5067776785,0,0,0.4911779210631473
2061673563#4680095395,0,0,0.4895964443495995
492316061640#4532035181,0,0,0.49668172698132224
121528725386#1929467433,0,0,0.4900534142050094
2068602973#2071751695,0,0,0.48465404794920586
4878579203#379478718058,0,0,0.4900534142050094
18468687381#4447023767,0,0,0.4941012037774631
2063572073#4261128456,0,0,0.48791853072253877
4768693982#197910587768,0,0,0.4900534142050094
3949154929#4658956014,0,1,0.512945042278829
4024663252#4215038721,0,0,0.4922381795758076
4274088675#2671772709,0,0,0.4901852364229552
2070686849#2077171978,0,0,0.47348100826914824
3972766136#4157551094,0,0,0.49088896985819075
2114716134#1394299795,0,0,0.4900534142050094
3513178266#2050429337,0,0,0.4900534142050094
3363359849#3232083339,0,0,0.4895043207813998
2059125338#2057898501,0,0,0.49243592150807386
4642512906#2297005450,0,0,0.4921639938594406
1875282048#5210259474,0,0,0.48987655563997
1416827061#25244788647,0,0,0.4900534142050094
2739075334#109165560395,0,0,0.49370326704369205
564144132292#4261128452,0,0,0.4895964443495995
3363374184#76198377822,0,1,0.5074466093237007
2119398744#3978215502,0,0,0.4900534142050094
4755359264#4757328062,1,0,0.49359006637729
4285709207#3903289669,0,0,0.4898293098057021
174006932062#109165560395,0,0,0.4898293098057021
4623788579#4274235353,0,0,0.48987655563997
3927439605#4838534990,0,0,0.48956977675015756
1912538880#5060996735,0,0,0.49452089589871
3120043199#2118416856,0,0,0.4953502276374956
1888052788#4452060617,0,0,0.4883755005779487
4242849949#2115678997,0,0,0.4994453241532159
3915411982#2065023444,0,0,0.4900534142050094
2016866285#2016866277,0,0,0.4945786140695004
2057186168#3648904752,0,0,0.4898293098057021
2057120532#2057211704,0,0,0.4902776958508048
5199216301#5210263415,0,0,0.48987655563997
4242891248#4878261986,0,1,0.5041304064716035
4020730390#1932250238,0,0,0.4952870950376949
4455408499#4992689820,0,0,0.4894195857845601
2057275313#1318626251,0,0,0.49322021147660594
370314330573#455581610977,0,0,0.4943751269905814
1446739157#5194582482,0,0,0.4958090147370202
4072366761#4256622048,0,0,0.4900534142050094
18466354888#4469027502,0,0,0.47617971427016237
117873856741#124657516337,1,0,0.497095730195695
5022594784#3903280581,0,0,0.4900534142050094
2057120547#2057186102,0,0,0.486914901589843
1320992607#1434305170,1,0,0.49450794246463403
2118416856#5031079827,0,0,0.494539486203133
4150903702#4188977524,0,1,0.5059438099951268
4636522140#3913554478,0,0,0.48841439831185846
3913554478#69055007639,0,0,0.4894195857845601
4590233117#1483087858,0,0,0.47563500441834156
2016866279#2119493181,0,0,0.4945786140695004
18468580547#5169253299,0,0,0.49648556667317917
4720990747#4808180492,0,0,0.49158172434706776
2268304430#2359348328,0,0,0.4878918631230969
2055626034#2055626031,0,0,0.4977152992970175
1415554755#1416528046,0,0,0.49027579473058663
2065023453#2065023449,0,0,0.49360432820485933
4077027238#2063057962,0,0,0.49131678005905555
1535646713#2007329552,0,0,0.4949985603138747
4623017083#2068611560,0,0,0.48761240576253206
3766757689#4774992939,0,0,0.48950991008692507
2027457633#2113712804,0,1,0.5077982281367555
18468580547#5185244731,0,0,0.4984457663353718
1780636692#1830525975,0,0,0.492653255691235
3287136303#2181531828,0,1,0.5002293141855653
2055946129#3445564730,0,0,0.4893077597878523
3053472155#5185595733,0,1,0.5022432410016737
1549897545#3072525687,1,0,0.4961625597098371
3986575237#3446029030,0,0,0.49105610452298376
197910587768#5121642074,1,0,0.4945786140695004
3648903741#4272885125,0,1,0.5019017061739036
4662517140#2114390938,0,1,0.5044030701573115
87008148161#18465721026,0,0,0.4910998830531569
314601336135#4450888165,0,0,0.49680817884742623
4108649868#3860775024,0,1,0.5007800581883219
4643943359#4623017083,0,0,0.49437910087255277
4790633062#4808238795,0,0,0.49197688214652424
4354044382#1415554755,0,0,0.4892972748573268
415654832276#436617713935,0,0,0.4900534142050094
18466601978#4825375981,0,0,0.49339084248796206
3652959254#3652959253,0,0,0.4824503969014787
1403216308#309312102749,0,0,0.48933758373583963
1944864795#4065797640,0,0,0.4900534142050094
1830214692#4385069368,0,0,0.48993863864768267
3729925561#1912538880,0,0,0.4942967914994027
1762522969#46983614517,0,0,0.4900534142050094
2947790103#190330815066,0,0,0.4933373681179345
4589830735#1639325148,0,0,0.4895964443495995
3706927247#3706865825,0,0,0.4900534142050094
29299658960#29607898384,0,1,0.5095041451101008
4590516328#4479070818,0,0,0.49849773148907195
2061441544#3632560565,0,0,0.4900534142050094
3934681694#6013639039,0,0,0.4837495401559593
4452228094#3881629589,0,0,0.4900534142050094
6013639039#18468580547,0,0,0.48229711993980506
4242849949#2118416856,0,1,0.5076726323954268
1479236025#1479236024,0,0,0.49335346985683054
1780636692#4090681438,0,0,0.48841439831185846
4776817109#7161172305,0,0,0.4880548605142694
3652959254#1592367367,0,0,0.4916061358692827
4530026055#4532014296,0,0,0.4927144053988386
2054736144#3988152389,0,0,0.4887855006540016
2177416829#1743052872,0,0,0.4900314601047749
2071793223#1833697097,0,0,0.48987655563997
4274088675#4254790911,0,0,0.48519995930422266
2063572073#1710182160,0,0,0.48987655563997
1479236025#1479236023,0,0,0.49335346985683054
2050581826#1614597826,0,0,0.4900534142050094
4071233134#4735432768,0,0,0.4900534142050094
1906908670#2056513884,0,0,0.4895964443495995
4108649868#3249354040,0,0,0.4900534142050094
25244788647#4636508851,0,0,0.4900534142050094
210012116583#2118643101,0,0,0.4900534142050094
3770456617#1415554755,0,0,0.49518307883920043
5210259474#2057146445,0,0,0.48987655563997
2055626031#1759198080,0,1,0.5020163947622012
1432014682#1416827061,0,0,0.49311521508583384
3230219871#1403216308,0,0,0.4920584450461948
2165145983#2055601072,1,0,0.4891128068947477
4777051438#3075628047,0,0,0.4935567249619776
1944864795#174006932062,0,0,0.4898293098057021
2077171978#4705427870,0,0,0.4820973151912485
2268304430#373850284448,0,0,0.4900534142050094
3363374184#14613465315,0,0,0.4864374390267969
4405823723#4202053398,0,0,0.4928152855837814
2062633327#1708981181,0,0,0.4900534142050094
2060192915#2054733437,0,0,0.4839849584764195
1875282048#4005134611,0,0,0.48310250266395016
2117967935#5199216300,0,0,0.4900534142050094
3761153782#3474685542,0,0,0.4906197501820493
4150903702#3927439605,0,1,0.5059438099951268
14613476507#4261128452,0,0,0.48621127850351764
4018083310#3836676657,0,0,0.4905768746415323
3836992879#245814065042,0,0,0.4891128068947477
3033446767#4018083310,0,0,0.4900534142050094
5354187271#5352185903,0,0,0.48372399421470486
406088738482#4590233117,0,0,0.4890748943317496
3245545040#3249354040,0,1,0.5018984837940429
4277564473#4454799835,0,0,0.4898293098057021
3052165975#4212827921,0,0,0.48956977675015756
2181531828#2026258519,0,1,0.5142947328429927
4401898255#3761484186,0,0,0.4900534142050094
1816427371#1723151709,0,0,0.49071540034363714
4254790911#4111311078,0,0,0.48737202475194275
9746294364#4188896319,0,0,0.48489127852123753
4450968363#69607735174,0,0,0.48889803576671026
4943818903#4757328062,0,0,0.4895318641871596
1592253963#1431887069,0,1,0.5028154868628159
5210263415#5210260401,0,0,0.4928396189736318
4129173722#3032272329,0,0,0.4898293098057021
5123189265#5094736780,0,0,0.4973178071671036
2055626033#1778796425,1,0,0.49823684931486734
5194582482#4897454517,0,0,0.48985596256404557
1535646713#2080829137,0,0,0.48469464443255006
370314330573#2063839578,0,0,0.4892691381088535
4259293142#4728076352,0,1,0.5038822568948247
1403928333#2056520022,1,0,0.4872875435287892
3451234547#3474685542,0,0,0.4906197501820493
3913410158#4735432768,0,0,0.49983580448898507
2740883313#1905948078,0,0,0.48871184393040096
2296451977#2068611560,0,0,0.481118581667535
4534359957#1655427579,1,0,0.4913141018274058
18468687381#18468695966,0,1,0.5039084387837413
2058531416#2671772709,0,0,0.4867381963314934
5010064143#1656969942,0,0,0.49196578412226905
1639253622#2073669601,0,0,0.4891352752933472
1656969937#1656969942,0,1,0.500303689254332
5206198663#5185595733,0,1,0.5022432410016737
2359113449#1830525969,0,0,0.48987655563997
2078213282#232579778763,0,0,0.4900534142050094
2671772709#2059109005,0,1,0.5043816264275862
3612961288#2065699619,0,0,0.48956977675015756
2054699471#2056513884,0,0,0.49432759914328067
25405387739#4952427189,0,0,0.4900534142050094
2063873633#4436356008,0,1,0.50100414619439
1805614122#1431851220,0,0,0.4894195857845601
1434312727#1320992607,0,0,0.49450794246463403
2062633327#4883922403,0,0,0.4900534142050094
4451124306#4451124293,0,0,0.4812643369893015
5169252503#4031814900,0,0,0.4900534142050094
2338916683#3551952830,0,0,0.4900534142050094
2359348328#2118416856,0,0,0.4893929181851182
2455894769#3287633018,0,0,0.48985348025041664
3644272514#3445905086,0,0,0.49109600179954926
4455408499#2118416856,0,0,0.4996330891419531
4451342506#4219594137,0,0,0.4895964443495995
2076366005#3240377870,0,0,0.4900534142050094
2661092323#4385184737,0,0,0.4903435774961584
4414530598#4425561518,0,1,0.5002528424259225
4202053398#1805614122,0,0,0.48859125687689775
4385184631#415654832276,0,0,0.4900534142050094
1430988070#4824054256,0,0,0.49512630703775984
3903280581#3601857963,0,0,0.4826120427032241
4165922067#4401898255,0,0,0.4845575353972146
3240377870#3870637640,0,0,0.4900534142050094
1479236027#1552378116,0,0,0.48987655563997
4391919171#2296574953,0,0,0.4899617984816536
189546061243#208339001895,0,0,0.4900534142050094
4590185312#1639324466,1,0,0.4925595076832613
2183963548#2183968048,0,1,0.5096804025283863
4538335537#4538332005,1,0,0.49258740526254097
4538335537#2117971015,0,0,0.48859125687689775
5169252503#1434312727,0,0,0.4900534142050094
4386494215#4442900590,0,0,0.4889591081636792
1905948078#5067776785,0,0,0.4894195857845601
3761153782#3474685537,0,0,0.4906197501820493
4720990747#4509158303,0,0,0.4900534142050094
2016866285#1743052872,0,0,0.48956977675015756
3602134198#3903280573,1,0,0.48600446714781603
2114048932#2056727309,1,0,0.49603953562479025
4065797640#3487828531,0,0,0.48987655563997
2066246683#2092610533,1,0,0.4922696531984531
1318626251#1600123318,0,0,0.4900534142050094
4804117485#4168332323,0,0,0.492062562645131
2058531412#2026069710,0,0,0.4894195857845601
3931049291#3846877365,0,0,0.48891186232941125
4165922067#3418808235,0,0,0.4845575353972146
3290768654#3363359849,0,0,0.48134484171775915
2060192911#1403216308,0,0,0.48774155396080976
1816427366#4209814745,0,0,0.4900534142050094
4524153991#2117967935,0,0,0.4900534142050094
4606793746#5067776785,0,0,0.49135477962818674
1510345157#4071233134,0,0,0.4881137596705543
3415143762#3729925561,0,1,0.5105109852730904
4034038494#1637980981,0,0,0.49590723133446635
2092610536#2070627808,0,0,0.4893077597878523
3474685542#3436663620,1,0,0.49444576859014633
5206198663#3081986781,0,1,0.5072048324867486
2114716134#2113288221,0,0,0.49788083107664455
5060996735#117154450703,0,0,0.4900534142050094
3108657350#4511530729,0,0,0.49065637104529747
2055626033#1759198091,0,0,0.49823684931486734
2947790103#564144132292,0,0,0.48937233995029217
3978215502#4524153991,0,0,0.4900534142050094
2281691154#2523741989,0,0,0.4954833298736442
4828653957#4705427870,0,0,0.4888507750913439
1661790023#1492507866,0,0,0.4895964443495995
4584646241#4511530729,0,0,0.4900534142050094
4897454823#4181867888,0,0,0.4900534142050094
2026258520#2183968048,0,1,0.5093688443646626
2050429337#4206201723,0,0,0.49085618466241515
4202053398#1646205905,0,1,0.5121107632567633
4623934568#309312101477,0,0,0.49111398462270855
4450968363#4385069368,1,0,0.4863672581047347
1816427371#1727736761,0,0,0.49142795572557724
6013639039#2296451977,0,0,0.49861503950065844
1759198080#1667032705,0,1,0.5014000913543922
4526688596#4526688599,0,0,0.47119965496179156
5010064143#146011948003,1,0,0.4958051732298118
1410164195#1905948078,0,0,0.4898293098057021
2292556895#436617713935,1,0,0.497748786157688
4215038721#4215058789,0,0,0.4926149720954397
2298730254#2058563113,0,0,0.48882412233300043
2057352941#3363359849,0,0,0.4900534142050094
4624086112#44498925795,0,1,0.5010661005995418
2114716134#4526688598,0,0,0.4900534142050094
18466354888#18468082722,0,0,0.47563500441834156
4828653957#1639253622,0,0,0.4892186263781253
1425598204#4052058734,0,0,0.49966259231302074
4643943359#2296451977,0,0,0.49632898611549836
2340035845#4209814745,0,0,0.4900534142050094
1326198015#2060290691,1,1,0.5023816022483111
2071751695#202581283129,0,0,0.4878918631230969
126501897635#37959222365,0,0,0.48987655563997
4206201723#2071864814,0,0,0.49085618466241515
4199527734#5078702464,1,0,0.4956126840995093
232579778763#1656969942,0,0,0.4908559320470998
1885490974#1372557160,0,0,0.4919639046169234
1326198015#1326198016,0,1,0.5113006643084443
1556785910#1320992608,0,0,0.4900534142050094
4943818903#2163161399,0,0,0.4900534142050094
5163452200#1425289196,0,0,0.48915755398115635
4202053398#2057573219,0,0,0.4900534142050094
1684806079#2060192911,0,0,0.48831083508524337
455581610977#364662576302,0,0,0.4951589078914408
2066535766#1431851220,0,0,0.4921557266373941
4636446230#2175800284,0,0,0.4890748943317496
564144132292#146778888902,0,0,0.4891688137858109
3487828531#1903466347,0,0,0.48987655563997
18468687381#2071751695,1,0,0.49639918835351005
4465664542#4090681438,0,0,0.48956977675015756
2057898501#2111038059,0,0,0.4905627292434121
3652959254#3926963318,0,0,0.48975136367718264
10175162517#2662986035,0,0,0.4900534142050094
3045566056#1549897545,0,0,0.49426334727012083
4425561412#4354044382,0,0,0.49049615417570136
5210263415#5352185903,0,0,0.48987655563997
4261128452#2111038059,0,0,0.4931272378992807
4215038721#111110399548,0,0,0.4895964443495995
4043193319#2118643101,0,0,0.4900534142050094
4589775642#3474743878,0,0,0.4895964443495995
4532035181#4590185312,0,0,0.4890748943317496
3881629589#2057112219,1,1,0.5032296255846891
114453608394#4526652844,0,0,0.4891134793365323
4757328062#5094736780,0,0,0.48673648468479774
1903466347#1944864795,0,0,0.49633410214349466
4538332005#4354044382,0,0,0.4894195857845601
81553005637#1430989592,0,1,0.505111699524391
1778563597#4479096850,0,0,0.4883755005779487
4357742929#4242891248,1,1,0.500559033153938
2081884594#1416827061,0,0,0.4895318641871596
14613461939#14613465315,0,0,0.49815895992923215
1479236027#1830525975,0,0,0.48987655563997
4323500487#4435566465,0,1,0.511590214459098
4726073967#4357742929,0,1,0.500559033153938
245814065042#4283786658,0,0,0.4900534142050094
2065023459#2070686849,0,0,0.49360432820485933
4259293142#2111350136,0,0,0.4900534142050094
1640284457#2136847331,0,0,0.49145152761335886
3602134198#60367620373,0,0,0.4852825462649924
3997209484#2359572372,0,0,0.4883755005779487
3363374184#4529171819,0,1,0.5040556321439947
4720990746#4790633062,1,0,0.49158172434706776
1565925308#2069985286,0,0,0.4900534142050094
138960910846#1639394625,1,0,0.4986155472233051
1888052788#2098280462,0,0,0.4952559433700251
4401898255#3418808231,0,0,0.488079376101027
4877560558#4327866563,0,1,0.5107534373443414
2165145983#1592367367,0,0,0.4900534142050094
4897454517#5031079827,0,0,0.4900534142050094
2175800284#1416528046,0,0,0.49518307883920043
3606108939#1510345157,0,0,0.49270326127252795
54158062043#4824054256,0,0,0.49149895593445764
1816427366#1727736762,1,0,0.49883608542262026
1665894324#1656969937,1,0,0.4932868314784187
11087571368#3290768654,0,0,0.48310250266395016
2120518542#2054733437,0,0,0.4920064872636082
2359474749#3120043199,0,0,0.4900534142050094
4592596123#4591638149,1,0,0.4945786140695004
2051253311#2062233925,0,0,0.48841439831185846
4327866563#53263231637,0,0,0.49506568505792564
4005134611#5022594784,0,0,0.4883755005779487
2055626034#2055626030,0,0,0.4977152992970175
4589830735#4411426624,1,1,0.5015155918456027
2057120532#54158063899,0,0,0.4883755005779487
2661092323#2973532517,0,0,0.4933811171022599
232579778763#4452228094,0,0,0.4894195857845601
114693583065#187508564338,0,0,0.4913928586021688
1711846546#2159160651,0,0,0.4900534142050094
14613461939#14613464513,0,0,0.4925695992178307
4145496082#4899954714,0,0,0.48987655563997
1830525969#1479236027,0,0,0.4914747419462224
3319075608#4024663252,0,0,0.4907518518029814
1307874587#2340035845,0,0,0.49149895593445764
5169252712#2066246683,0,0,0.49512332392132113
1510345157#3072564418,0,0,0.4900534142050094
4750249486#4129059855,0,0,0.49399989896483193
202581283129#18468687381,0,0,0.49254956194911786
1736318365#4272885125,0,0,0.4891954813852528
2338131041#2117931367,1,0,0.49409516154136546
4804117479#1552378116,0,0,0.4901245010939792
4283786658#391306865273,0,0,0.4900534142050094
2163161399#4181867888,0,0,0.4883755005779487
3436663620#3046471496,0,0,0.4900534142050094
2359474749#2268304430,0,0,0.4878918631230969
4838534990#1667288610,0,0,0.48956977675015756
3692826364#41375214069,0,0,0.49333553995910173
4052058734#1429413488,0,0,0.499400560509617
237523614768#2081884594,0,0,0.4890748943317496
5354187271#4636041774,0,0,0.48985197444437645
3083904084#392281366488,0,0,0.4886472637679611
109765155485#117154450703,0,0,0.48592764686914486
117277915830#110232280082,0,0,0.48811535265385764
2114279054#303433622485,0,0,0.49943232268604965
1965402836#4450784429,0,0,0.49344583864960134
1711846546#4020730390,0,0,0.4902187872177026
1701593387#3913410158,0,0,0.4900534142050094
3591598898#4145496082,0,0,0.48776483199147036
4202053398#4206304466,0,0,0.4900534142050094
2016866285#1661790023,0,0,0.4900534142050094
2176434538#4436356008,0,0,0.48934213103548285
3418808235#4828655959,0,0,0.4900534142050094
2117967935#302839388028,0,0,0.4900534142050094
88520940864#4548461997,0,0,0.4900534142050094
1431851220#4524153991,1,0,0.4919788680723547
3629624977#3249354040,0,1,0.5044522112920196
36551936093#3474743878,0,0,0.4883755005779487
1902954948#3995923367,0,0,0.4900534142050094
4526652844#2057898501,0,0,0.49197985747153944
2016866279#2016866285,0,0,0.4945786140695004
53263277044#4553673830,0,0,0.4942301349662618
4188977524#4509158303,0,0,0.4900534142050094
2671772709#3052169593,0,0,0.4887350037643719
4065797638#4188896319,0,0,0.48819864201290936
1708981181#1416528046,0,0,0.4900534142050094
4256906448#4643809596,0,0,0.4900534142050094
4755359264#52346437064,0,0,0.4923394675901695
4006530352#3972766136,0,0,0.4888287254791661
4633378534#4572636292,0,0,0.4979257078342744
1758869231#7026230674,0,0,0.489900568476368
2057112219#3445905086,0,0,0.4900534142050094
114693583065#4768693982,0,0,0.4888466572929176
1403216308#2060192915,0,0,0.4843238868734233
117755505510#4034038494,0,0,0.4982337762790937
2071793223#4261128456,0,0,0.4900534142050094
183335907108#2060836540,0,1,0.5091831601253504
2065699619#4716857454,0,0,0.48956977675015756
3715785447#4529171819,0,0,0.4886266706920366
4479070818#4823801269,0,1,0.5016879913670613
2073669601#4065724850,0,0,0.4892691381088535
37959222365#36551936093,1,0,0.48987655563997
314601953357#2080829137,0,0,0.48791853072253877
314601953357#3235756553,0,0,0.4923394675901695
4188896319#1903466347,0,0,0.48987655563997
2661092323#4810275464,0,0,0.4903435774961584
455581610977#2740883313,0,0,0.48926864291355693
1456843034#4405823723,0,0,0.4900534142050094
1830525969#1816512025,1,0,0.4922470444483648
4526688596#4035397646,0,0,0.4898293098057021
4636143697#2073669601,1,0,0.4891352752933472
1318626251#10175162517,0,0,0.4900534142050094
3633572726#1303518148,0,0,0.4945786140695004
18466601978#3715785447,0,0,0.4942297064931991
2057858826#200569781240,0,0,0.48904822673230774
415654814203#2292556895,1,0,0.497748786157688
4286394339#2058258958,0,0,0.48867393136740295
4572636292#1423044582,0,0,0.4839025774599613
1656969937#2057120547,0,0,0.49130058696328105
1830525975#3395466908,0,0,0.4888713681672684
4354044382#18465721026,0,0,0.48904822673230774
117154450703#5121642074,0,0,0.4869155000136746
6013639039#4348295931,0,0,0.4820971015407947
2061673701#2061673563,0,0,0.49408251634772304
6633440508#156276601478,0,0,0.4939781087990945
4548461997#379478718058,0,0,0.4900534142050094
4878261986#4705427870,0,1,0.5017236554347226
4897454823#4451342530,0,0,0.49453908018164056
1403928333#2079578434,0,0,0.4843238868734233
1830525969#1780636692,0,0,0.4931368931460869
4450784429#4658956014,0,1,0.5105379582437011
4455655369#4750249486,0,0,0.4965177430908044
18465721026#3032272329,0,0,0.4895318641871596
2165015488#2165015466,0,0,0.4900534142050094
1434312727#1320992608,0,0,0.49473204686394134
2072319821#1316070394,0,0,0.49263619399539865
4572636292#4272887201,0,0,0.4900534142050094
4450784429#1834023606,0,0,0.48987655563997
1638853392#4623017083,0,0,0.48944274561853107
2111349786#3903289669,0,0,0.4892691381088535
4553673830#60367620373,0,0,0.49147348532073337
2065023459#2065023444,0,0,0.49360432820485933
1316070394#4346970606,0,0,0.4889591081636792
3495408683#4272885125,0,0,0.496763303935981
1453532038#2063888292,0,0,0.4862928550344676
90189178714#69054998391,0,1,0.5002380988288256
2027457633#1903466347,0,0,0.4898293098057021
3913410158#4705583754,0,0,0.49983580448898507
2268287413#2123106282,0,0,0.48987655563997
4542321633#4018083310,0,0,0.48767236075057363
4526688599#4530026053,0,0,0.4755405151152899
5194582482#5076405390,0,0,0.49398736067959276
1403216308#2079578434,0,0,0.4897721176913536
492316061640#364662576302,0,0,0.49950223744434347
156116289986#2068602973,0,0,0.49039560850309255
2111349786#2165015488,1,0,0.4956126840995093
3319075608#4728076352,0,0,0.4900534142050094
4357742929#4945702240,0,0,0.4883755005779487
111110399548#4575249992,0,0,0.4895964443495995
2165015466#2119478248,0,0,0.4900534142050094
3761484186#303433622485,0,0,0.4893077597878523
3621799271#1401982309,0,0,0.48759122448179276
2050840604#3633572726,0,0,0.4945786140695004
3934681694#4188977524,0,0,0.49356513126377655
4720990746#4261185678,0,0,0.4889062867871106
4810275464#3706865825,0,0,0.4900534142050094
4590516328#4572636292,0,1,0.5014358937110936
6633440508#6633392282,0,0,0.48999807975573084
2114390938#3621799271,1,0,0.4864461810408806
4897454823#4643943359,0,0,0.48859125687689775
4509158303#3578109143,0,0,0.4900534142050094
1929467433#197910587768,0,0,0.4900534142050094
4878082767#4705427870,0,1,0.5014201946419148
4643943359#4944579314,0,0,0.49265168738230464
4897454510#4897454488,0,1,0.5124167346656804
210012116583#4129173722,0,0,0.49066155396310884
3927040910#2057186168,0,0,0.48418887374218866
1830525969#1716261756,0,0,0.4931368931460869
2455842713#2026069710,0,0,0.4934547762790238
1736318365#1882929309,0,0,0.48706712403343744
314601336135#2138881484,0,0,0.48951444230087904
4052058734#3860775024,0,1,0.5007800581883219
1416528046#4354044382,0,0,0.49095312403111135
4471122121#10553947604,0,0,0.49294545303125403
4354044382#4414530598,0,0,0.4946615288213506
1403216308#2143152116,0,0,0.4854407641430774
2114279054#4673557611,0,0,0.49405706405165056
2055626031#210012116583,0,0,0.4900534142050094
379478718058#392281366488,0,0,0.4900534142050094
1830214692#4691126574,0,0,0.4962136140977032
4072366761#4057038032,0,0,0.497233424599611
2183968048#4584646241,0,0,0.4945786140695004
2057202352#2061309885,0,0,0.4896466881848561
5199216300#5210260401,1,0,0.4928396189736318
4790633062#54158093151,0,0,0.4891128068947477
1429413488#4036848581,0,0,0.499400560509617
4348295931#1743052872,0,0,0.48987655563997
14613455236#4260680249,0,0,0.4900534142050094
4111311078#2671772709,0,0,0.49398517777386636
3046447657#3715869354,0,0,0.4900534142050094
3934681694#14613460476,0,0,0.49636003663320305
3606108939#114453608394,0,0,0.49000633077613115
4572636292#146011937628,0,0,0.4900534142050094
2054699471#2057202352,0,0,0.49081892548396505
3487828519#4636143697,0,0,0.48987655563997
1456843034#4538335537,0,0,0.4900534142050094
3628839717#3474685537,1,0,0.4910767200374593
1425289196#1320992607,0,0,0.4970059906142749
14613465315#14613461654,0,0,0.4911151751215307
3072525687#5078702464,0,0,0.4900534142050094
117755505510#2070025653,0,0,0.4883755005779487
3742463975#156276601478,0,0,0.48985246963967305
2057186168#2057120547,0,0,0.48663867077302747
14613588147#14613460476,0,1,0.5123343982317055
4804117479#4804117485,0,0,0.48886769291108334
1834023606#4196030610,0,0,0.4900534142050094
50602309472#4242891248,0,0,0.48893594832970827
2058663034#178615973311,0,0,0.4900534142050094
4448830722#4129059855,0,0,0.4936770004581467
3363374184#245814065042,0,0,0.49059937653784347
1655427579#3692826364,0,0,0.48893594832970827
3487828519#4065797638,1,0,0.48987655563997
436617713935#4221651134,0,0,0.4900534142050094
2054734592#3077307902,0,0,0.4896524512406627
2183963548#1778563595,0,0,0.4900534142050094
1830525975#1780636702,0,0,0.492653255691235
2058663034#7161172305,0,0,0.4900534142050094
2297005450#29607392514,0,0,0.49579749414204
4205438611#3995923367,0,0,0.4883755005779487
4442444769#2340035845,0,0,0.4900534142050094
2060189370#3075634363,1,0,0.49144310733651897
3017056355#2061673701,0,0,0.494539486203133
232579778763#146011937628,1,0,0.4914897604675491
2071864814#2050429337,0,0,0.49085618466241515
5210259474#4530026055,0,0,0.4900534142050094
4992689820#3415143762,0,0,0.48194712422565106
2137028345#4259293142,0,1,0.5074712472103237
1733350200#4077473357,0,0,0.48819029391255114
4232471781#4226659634,0,0,0.4900534142050094
4944512773#87008148161,0,0,0.48651238028549043
2057275313#2062633327,0,0,0.4900534142050094
2057275313#2057146445,0,0,0.48887087297197174
2054699471#2112891471,0,1,0.5100192413330389
4145496082#4448697469,0,0,0.48915755398115635
1656969942#121528725386,0,0,0.4886467685726645
4401898255#1349608070,0,0,0.4883755005779487
14613461939#4261128456,0,0,0.4898210423073969
2061352093#2060062994,1,0,0.49583991482282014
4883922403#2057858826,0,0,0.49322021147660594
1811511062#5010064143,0,0,0.48944274561853107
1727736762#4680095395,0,0,0.48889803576671026
4938690872#2057082379,0,0,0.4900534142050094
1816427366#1816427371,0,1,0.5150096386414852
4272137501#3993296567,0,0,0.4932442127857762
2061673701#1430988070,0,0,0.4943626276380936
203654552716#4108691753,0,0,0.48956977675015756
2120518542#5169257472,0,0,0.4900534142050094
4070427569#3290768654,0,0,0.4821733842758752
2065023449#2070686849,1,0,0.49360432820485933
2113288221#3633495980,0,0,0.4900534142050094
3287136303#2183963548,0,1,0.5002293141855653
373850283306#2455800880,0,0,0.48987655563997
4592596123#1308273301,0,0,0.4900534142050094
2061673563#4455408499,0,0,0.49061487632967826
2057202352#1592253963,0,0,0.4900346493878091
3712801411#1403216308,0,0,0.48987655563997
6633440508#54158054598,1,1,0.5011918749742708
69055008791#90189177809,0,1,0.5002380988288256
4254790911#4176537188,0,0,0.48713802085537444
5210259386#2455800880,0,0,0.48987655563997
2056478070#4643943359,0,0,0.481118581667535
2058663034#3285703159,1,0,0.4900534142050094
5076405390#4720990747,0,0,0.4900534142050094
138961977066#1537709317,0,0,0.4900534142050094
106190147770#4838534990,1,0,0.48956977675015756
3806980943#1533725661,0,0,0.48956977675015756
1696577548#1816512025,0,0,0.49354132097445713
1816512025#69609155599,0,0,0.4894195857845601
3446029032#3446029030,0,0,0.49467802781215
4451342506#4897454510,0,0,0.4966413926140252
3715240690#25244788647,0,0,0.49362966049058593
2066977172#2050581826,1,0,0.4900534142050094
126501897635#3913419748,0,0,0.4900534142050094
5163452200#29298304831,0,1,0.503233240637881
4274088675#2058531416,0,0,0.48737202475194275
2296537627#2063706226,0,0,0.49807710198057076
3287136303#2026258520,0,1,0.5002293141855653
4471122121#60367620373,0,0,0.4817486770704999
1308273301#4755359264,0,0,0.4900534142050094
3072564418#1550894049,0,0,0.4967247395787578
4442900590#2058531412,0,0,0.4894195857845601
3278113988#315728832242,0,0,0.4900534142050094
303433622485#4272843119,0,0,0.4898293098057021
1667032705#2055626034,1,0,0.4977152992970175
5123189265#41375214069,0,0,0.4915784821034287
1394416929#1500161456,1,0,0.49491376762806644
3926967278#3927040910,0,1,0.5010667899690555
3903280581#3903280573,0,0,0.4826120427032241
1762522969#4391918874,0,0,0.4900534142050094
1403216308#3870637640,0,0,0.4890917276123832
3445905086#3446029030,0,0,0.4935371615775448
1549897545#4272137501,0,0,0.4895318641871596
4642512906#2068654074,0,0,0.49142083819014265
3591598900#3972742243,1,0,0.48973359141989165
455581610977#4532035181,0,0,0.4947024332313274
4391919171#4450784429,0,1,0.5121337416718149
4024663252#4215027256,0,0,0.4926149720954397
4828653957#4111311078,0,0,0.48933441254619575
1394299795#4532035181,0,0,0.4900534142050094
3926741754#2114049002,1,0,0.4894195857845601
3120043199#2338131041,0,0,0.48987655563997
14613476507#2114716134,0,0,0.4900534142050094
4897454517#4897454488,0,1,0.502198204586934
3496048657#4572636292,0,0,0.4900534142050094
1533725661#4592596123,0,0,0.4929007004424398
1349608070#10553947604,0,0,0.4900534142050094
2123106282#3712801411,0,0,0.48987655563997
54158062043#2296574953,0,0,0.4920938854363942
3245545040#3913410158,1,1,0.500312492514514
3446029032#4451288784,0,0,0.4971712664276414
5022594784#2068654074,0,0,0.4883755005779487
3706927247#2056078364,0,0,0.4898293098057021
11087571368#2119478248,0,0,0.4836472125157709
29607898384#5163452200,0,1,0.503233240637881
4206201723#3072524524,0,0,0.4883755005779487
3995923367#3495408683,0,0,0.48953543163335644
2112891471#4623972834,0,0,0.48836715247759044
1727736762#1549897545,0,0,0.4895318641871596
2177416829#2016866277,1,0,0.4945786140695004
1888052788#4436356008,0,0,0.48934213103548285
4090681438#4385184737,0,0,0.489661393823642
3652959254#4506633524,0,0,0.49142927730424335
2114049002#14613466961,0,0,0.4900534142050094
1347237190#430837878381,0,0,0.4900534142050094
2016866279#2056078364,1,0,0.4945786140695004
3052760872#4232728984,0,0,0.495527086202535
3715877024#4031814900,0,0,0.49721078503484556
29298304831#91686025987,0,0,0.4916688076897547
1759198091#1667032705,0,0,0.49823684931486734
4261128452#3715877024,1,0,0.4921386660252425
4129059855#4451089335,0,0,0.49399989896483193
2115880476#3525475722,0,0,0.4900534142050094
2088554701#2122362220,0,0,0.48836715247759044
1556785910#3054084564,0,0,0.49398736067959276
2078213282#2113093450,0,0,0.4900534142050094
3445905086#3602134198,0,0,0.48007337413192874
1736318365#2066246683,0,0,0.48220270510026525
4405823723#3632560565,0,0,0.4892903379015717
1778986389#2058494409,0,0,0.4890748943317496
6633440508#1818675501,0,0,0.49751659314337005
2183963548#2177416829,0,0,0.4945786140695004
1759198080#2055626033,0,0,0.49703422504230027
2072319821#2117967935,0,0,0.4900534142050094
4636382579#4031814900,0,0,0.4917506641406569
4256906448#4256981120,0,0,0.4900534142050094
2455800880#2455842712,0,1,0.5146096912601045
1453532038#3903289669,0,0,0.4916061358692827
2058531416#4448697469,0,0,0.4894195857845601
4179651570#107725296889,0,0,0.49088896985819075
4542321633#3836676657,0,0,0.4905768746415323
1878732185#1905948078,0,0,0.4943034279060535
4944579314#6013639039,0,0,0.49265168738230464
14613464513#14613476507,0,0,0.4878918631230969
18468695966#2296537627,0,1,0.5053622480114945
3495408683#3913554478,0,0,0.48844981212699723
4590516328#4447023801,0,1,0.505312410801117
4450784429#3949154929,0,1,0.5149631616006664
4768693982#117755505510,0,0,0.4900534142050094
4006530352#2281691154,0,0,0.49698131571373666
4215058789#3487828531,0,0,0.4900534142050094
5169252712#5169253299,0,0,0.49648556667317917
5123189265#5194366020,0,0,0.4895964443495995
3445564730#4346970606,0,0,0.4907441060503919
3997209484#3287633018,0,0,0.48956977675015756
4606793746#212394033260,0,0,0.49135477962818674
3903280586#3903280581,0,0,0.4826120427032241
2056929980#4705583754,0,0,0.4900534142050094
3445564730#3232083339,0,0,0.49726881342856966
1318626251#2057858826,0,0,0.49322021147660594
1759198080#2055626034,0,0,0.4977152992970175
3836676657#4526688596,0,0,0.48330824959760826
11087571368#1423044582,0,0,0.48316509191213197
2027457805#2138881484,0,1,0.5088937399118221
6013639039#4385184737,0,0,0.4889591081636792
4077027238#4274088675,0,0,0.4900534142050094
2138881484#4274088675,0,0,0.4900534142050094
1434305170#1479236023,1,0,0.49335346985683054
5010035639#309312101477,0,0,0.4883755005779487
9746294364#2092610536,0,0,0.4878539505600989
4506633524#3846877365,0,0,0.4890748943317496
3742463975#4071233134,0,0,0.49948161062639024
4317041484#3648903741,0,1,0.5098816934627455
4065724850#4168332323,0,0,0.4900534142050094
4590516328#4451124306,0,0,0.4892691381088535
2027457633#1758869231,0,0,0.48897129034419556
12910266318#4673557611,0,0,0.4895318641871596
4526688598#4532014296,0,0,0.4927144053988386
4658956014#4509158303,0,1,0.513206448581997
1708981181#4415227218,0,0,0.4900534142050094
2059124992#4385184737,0,0,0.49021657962223314
4448697469#4168332323,0,0,0.492062562645131
1463883823#1614597826,1,1,0.5004789184058914
4323500487#4215058789,0,0,0.4900534142050094
1550894049#2114279054,0,0,0.4987019573943623
3043036534#2092610533,0,0,0.4883755005779487
4241366976#1415554755,1,0,0.49518307883920043
1816427366#1403928333,0,0,0.4912667629201396
4636508845#2056478070,0,0,0.4893072645925557
1417009342#4202053398,0,1,0.525467534799558
3881629589#4108691753,0,0,0.48956977675015756
3683502845#3446029030,0,0,0.49223686803415456
1805614122#3245545040,0,0,0.48980214701096364
3591598898#3591598900,0,0,0.4753217682459077
3644272514#3632560565,0,0,0.48819029391255114
4735432768#4703840109,0,1,0.5053090708192572
1667001955#4385184631,0,0,0.48859125687689775
1634250118#2088439298,0,0,0.49073201594230065
2117967935#1639901072,1,0,0.4900534142050094
4938690872#5010035639,1,0,0.4900534142050094
81902710995#3072564418,0,0,0.4883755005779487
1780636702#1830525969,0,0,0.4931368931460869
3836676657#3836576451,0,0,0.4937161722310717
2061673563#4529171819,0,0,0.4891128068947477
3934681694#1347237190,0,0,0.485375913421926
156277076551#1590527066,0,0,0.4895318641871596
4196030610#2071751695,0,0,0.4878918631230969
3903280573#4703840109,0,0,0.4945786140695004
4636508851#4636041774,0,1,0.5228976899461801
3043036534#1932250238,1,0,0.4896145627093476
4357742929#4878261986,0,1,0.500559033153938
3287136303#2119388082,0,1,0.5002293141855653
3846877365#5078702464,0,0,0.4890748943317496
1778796425#1912538880,0,0,0.4900534142050094
2057552209#3633495980,0,0,0.49982336505551744
5354187271#5210259474,0,0,0.48987655563997
4451342530#4261185678,0,0,0.49453908018164056
2069985286#60367620373,0,0,0.4900534142050094
114401992972#5169252503,0,0,0.4900534142050094
4768693982#117277915830,0,0,0.48811535265385764
4357742929#415654814203,0,0,0.4900534142050094
4878082767#167570408533,0,0,0.4900534142050094
1888052788#3032272329,1,0,0.4945786140695004
1320992607#1320992608,0,1,0.5012320356447687
3836992879#4018083310,0,0,0.48630316466906637
237523614768#1347237190,0,0,0.4909732577174794
18468580547#5169252503,0,1,0.5015770755206391
2062633327#1318626251,0,0,0.4900534142050094
3485676898#2007329552,0,0,0.4893929181851182
4165922067#2026069710,0,0,0.48987655563997
3816455026#1429413488,0,0,0.49877103791711863
4451124293#4454799835,0,0,0.48518042309952863
4860360403#4777051438,0,1,0.5061612693299571
3445564730#2947790103,0,0,0.49085261563815197
4242849949#3120043199,1,0,0.4973850890800861
4636143697#1639253622,0,0,0.49456519613237665
1667001955#1885490974,0,0,0.4919639046169234
2058278464#2117931367,0,0,0.49041878742115463
3761484186#1394299795,0,0,0.4900534142050094
3249354040#4703840109,1,1,0.5044522112920196
1453532038#1711846546,0,0,0.4877416721574994
18468687381#18467725403,0,1,0.5039084387837413
1778563595#1712570793,0,1,0.5067249315390016
36551936093#1320992608,0,0,0.49115896938872894
4425561518#4636446230,0,0,0.4894195857845601
4076081471#29607392514,0,0,0.4923949627367851
4435666805#4219594127,0,1,0.5039394625721993
3633495980#3249354040,0,0,0.4955266805352816
2056513884#2054736144,0,0,0.48593567214166156
3285703159#2060290691,0,0,0.4898391889554546
3075634363#1667032705,0,0,0.4939370185089585
4391918874#3949154929,0,0,0.49210507052585856
4636382579#4636041770,0,1,0.518870530685246
4643941609#4444948728,0,0,0.4883755005779487
3287136303#2183968048,0,1,0.5002293141855653
4755359264#3235756553,0,0,0.4923394675901695
3054084564#1500161456,0,0,0.4934386478670044
2118416856#1500161456,0,0,0.4888713681672684
3446029030#3742463975,0,0,0.49223686803415456
564144132292#1847716478,0,1,0.5095365970024623
1474190672#1711846546,0,0,0.4894195857845601
4286394339#2455800880,0,0,0.4901194730968511
2074388205#3949154929,0,0,0.4898293098057021
4592596123#50016874555,0,0,0.4945786140695004
18466601978#4180609537,0,0,0.4916238102922728
2054736144#2120525705,0,0,0.4949906769135971
18468695966#2068602973,0,0,0.49639918835351005
3487828519#1453527936,0,0,0.48987655563997
2050840604#1882929309,0,0,0.4900534142050094
5163452200#91686025987,0,0,0.4893550056221202
3418808235#4221651134,1,0,0.4994878431788322
2114438559#1423044582,0,0,0.4912360211361239
2058531416#4176537188,0,0,0.48737202475194275
1550894049#1774582761,0,0,0.4945786140695004
4043193319#4877560558,0,1,0.5000738290642013
406088738482#2057120532,0,0,0.48889803576671026
4036848581#4938690872,0,0,0.4900534142050094
109765155485#212394033260,0,0,0.4900534142050094
1316070394#117873856741,0,0,0.489982413996129
3363359849#1394299795,0,0,0.4883755005779487
2119388082#2026258520,0,1,0.5047545140500563
4401898255#3418808235,0,0,0.488079376101027
4643943359#4451089335,0,0,0.48987655563997
183335907108#76198377822,0,1,0.5109002982427516
138960910846#2057186168,0,0,0.4891954813852528
178615973311#3633572726,0,0,0.4930164775386712
2120525705#1510345157,0,0,0.48987655563997
2455842713#146011937628,0,0,0.4900534142050094
1656969937#232579778763,0,0,0.4908559320470998
4435792377#4165283827,0,0,0.4898293098057021
4285491833#4348295931,0,0,0.4828030223586027
3474685537#2113288221,0,0,0.4900534142050094
29299658960#29607392514,0,0,0.49849911560462845
4065724850#3973253490,0,0,0.4900534142050094
4946289727#2057112219,0,0,0.4920248865715237
2061309885#430837878381,0,0,0.4890917276123832
1558033119#14613455236,0,0,0.4900534142050094
3474743878#3628839717,0,0,0.4910767200374593
2177416829#2016866279,0,0,0.4945786140695004
2057275313#3942084480,0,0,0.48987655563997
2062285767#1431851220,1,0,0.4921557266373941
88520940864#3761484186,0,0,0.4893077597878523
3075634363#146011937628,0,0,0.4900534142050094
4808180492#4168332323,0,0,0.4900534142050094
455581610977#2063878463,0,0,0.4896196937876255
50602309472#81902710995,0,0,0.486030988296214
3993041966#4452060617,0,0,0.48997206168599466
2080829137#3485676898,0,0,0.4894195857845601
4636508845#4636041774,0,1,0.5212767368727554
5094736780#7026230674,1,0,0.494425768340859
4221651134#2283920901,0,0,0.48513297263697264
5078702464#2016866285,0,0,0.4900534142050094
2661092323#4998365450,0,0,0.4900534142050094
4810275464#2455800880,0,0,0.4912396001254012
54158063899#14613455236,0,0,0.49834923336344017
2523741989#4006530352,0,0,0.49267659604313246
1415554755#2026258520,0,0,0.49007758464972395
3633572726#2026069710,0,0,0.4900534142050094
4090681438#1667001955,0,0,0.48893018527390164
3108657350#5067776785,0,0,0.4911779210631473
4828655959#54158054598,0,0,0.4900534142050094
14613465315#2455842713,0,0,0.49725283556498634
4215027256#4354544112,0,0,0.4900534142050094
4455408499#3513178266,0,0,0.4894195857845601
3045580653#4584646241,0,0,0.4900534142050094
3446029030#3644272514,1,0,0.49223686803415456
4883922403#1710182160,0,0,0.48987655563997
18468695966#18467725403,0,1,0.5036843343844339
4425561518#3973253490,0,0,0.4900534142050094
4242849949#3287136303,0,0,0.4900534142050094
1778796425#1759198080,0,0,0.49823684931486734
4447023801#4285491833,0,0,0.48965751674656843
1660889815#4943818903,0,0,0.4900534142050094
4188896319#3487828519,0,0,0.49181777774359925
4808240601#1639394625,0,0,0.490449185572246
2058563113#18466601978,0,0,0.4905583486241958
309312102749#1347237190,0,0,0.49404036241682947
3806980943#14190297481,0,0,0.49316527316978115
2055946129#2059977717,0,0,0.4900534142050094
2119388077#3287136303,0,1,0.5002293141855653
2055581605#2060192911,0,0,0.48923696416371415
2296574953#2070627808,0,0,0.481118581667535
1316070394#4036848581,0,0,0.48841439831185846
2071864814#4206310186,0,0,0.49085618466241515
4514271066#4828655959,0,0,0.4941767575298713
1308273301#4034038494,0,0,0.4898293098057021
4705427870#2057685237,0,0,0.4900534142050094
314601953357#314601336135,0,1,0.519950694064236
4316999082#4804117485,0,0,0.4892691381088535
1932250238#4155642921,0,0,0.49569105035206545
2068654074#5163452200,1,0,0.4903472761063363
3230219871#2054736144,0,0,0.49240166480241626
2112891471#4944579314,0,0,0.48867393136740295
138961977066#18466210670,0,1,0.5015770755206391
1549897545#4206201723,0,0,0.4883755005779487
1638853392#25244788647,0,0,0.48956977675015756
1431851220#1639901072,0,0,0.493628332418491
4506633524#2059977717,0,0,0.4900534142050094
4590233117#4590185312,0,0,0.4745734788134707
2063706226#2071751695,0,0,0.48465404794920586
2026258519#2180579787,0,1,0.5096804025283863
4111311078#3946838650,0,0,0.4900534142050094
3269719212#2092610536,0,0,0.4905917395713925
3446029032#3445905086,0,0,0.4935371615775448
2026258519#2119388077,0,1,0.5047545140500563
2339749085#5210259386,0,0,0.48987655563997
2268287413#2175800284,0,0,0.4900534142050094
4071233134#3683502845,0,1,0.5013079469389683
4155642921#3418808231,0,0,0.4900534142050094
3706927247#2057858826,0,0,0.4898293098057021
4526688598#3836676657,0,0,0.4875893503777561
2062285767#2117967935,0,0,0.4900534142050094
3120043199#4623972652,0,0,0.494539486203133
2054736144#2740883313,0,0,0.4876301222157025
2061352093#1816427371,0,0,0.48819029391255114
41375214069#5123189260,0,0,0.49203545195883863
4532014296#4534359957,0,0,0.4864595175192434
2059109005#4111311078,0,0,0.49398517777386636
5169253299#2114390938,0,0,0.4900534142050094
4825375981#4242849949,0,0,0.4900534142050094
4720990748#1818675501,0,0,0.49190829132667935
4256981120#4231111906,1,0,0.4900534142050094
4665681736#4804117485,0,0,0.4900534142050094
2056513884#2057202352,0,0,0.4918216158019394
1834023606#1780636702,0,0,0.48987655563997
4256981120#1479236025,0,0,0.4900534142050094
2057186115#1780636692,0,0,0.48889803576671026
2057186168#1780636692,0,0,0.48889803576671026
2111350136#1319944364,0,0,0.4900534142050094
5121642074#2060192915,0,0,0.4893550056221202
3602134198#18466522141,0,0,0.4919323872939095
1425598204#1429413488,1,1,0.5002073021648415
5185529458#1778563597,0,0,0.4883755005779487
4572636292#4447023801,0,1,0.5089444492998877
156273955489#4111311078,0,0,0.49726215475968033
4435586554#4232728984,0,0,0.48936984279556484
2165145983#2056513884,0,0,0.48888870249544036
4823801269#54158093151,0,0,0.4895964443495995
3729925561#3648903741,0,1,0.5037963516815025
5199216301#1944864795,0,0,0.48836715247759044
1710182160#2071793223,0,0,0.48987655563997
25405387739#2114390938,0,0,0.4903474614226748
14613460476#2075393157,0,0,0.4759978664507462
3045580653#2078213282,0,1,0.5096751579855896
1537709317#1537709306,0,1,0.5072679574527529
4254790911#2059109005,0,0,0.48737202475194275
1638853392#2123106282,0,0,0.48987655563997
4590185312#18468082722,0,0,0.4783215215696783
1487584016#1500161456,0,0,0.4924406511768996
4952427189#135028851546,0,0,0.4900534142050094
3415143762#4317041484,0,0,0.498330353854887
4635981164#4623972652,0,0,0.4893077597878523
370314330573#1483087859,0,0,0.4883755005779487
3591598900#4209814745,0,0,0.4900534142050094
4411426624#4071233134,0,0,0.49241419772993206
1639325148#1888052790,0,0,0.4900534142050094
2065023459#4179651570,0,0,0.4900534142050094
4274088675#2057082463,0,0,0.4883755005779487
4129059855#3418808235,0,0,0.4900534142050094
2455842712#2455894769,0,0,0.49670987909699166
4447023767#4590516328,0,1,0.5071399627226588
4348295931#4285709207,0,0,0.48766868207942893
4470296934#1877399023,0,0,0.4929007004424398
2268287413#146778888902,0,0,0.4893929181851182
1403216308#3715240690,0,0,0.4900534142050094
4448830722#1627677359,0,0,0.4883755005779487
4242696539#2051966916,0,0,0.4900534142050094
3525475722#2455842712,0,1,0.5055866959351768
2165145983#4808180492,0,0,0.48888870249544036
2118416856#2061673563,1,0,0.49061487632967826
3081986781#2137028345,0,1,0.5086528977104553
2058494409#4451089335,0,0,0.4941767575298713
109165560395#1425289196,0,0,0.4891954813852528
3033446767#5067776785,0,0,0.49135477962818674
117873856741#1859920904,0,0,0.4910767200374593
2027457633#2027457805,0,0,0.4809573317809705
2057275313#2057858826,0,1,0.5015201429862732
4232728984#2061673563,0,0,0.49061487632967826
2076366005#2055298458,0,0,0.4900534142050094
2058663075#1661790023,0,0,0.4900534142050094
4420971756#4705427870,0,0,0.48859125687689775
4034038494#2115880476,0,0,0.4946677445196157
3612961288#1646205905,0,0,0.48956977675015756
5199216295#5210263415,0,0,0.48987655563997
4327866563#4623972652,0,0,0.4893077597878523
2118965491#2114048932,0,1,0.5323632665476223
4179651570#3072524524,0,0,0.4883755005779487
2165015466#2111349786,0,0,0.4900534142050094
5185244731#4862024152,0,0,0.4900534142050094
4455655369#3988152389,0,0,0.49203545195883863
2059109005#2058531412,1,0,0.4867381963314934
4444948728#3621799271,0,0,0.4824785597472029
5210259386#2338916683,0,0,0.48987655563997
3083904084#4838534990,0,0,0.48956977675015756
3077307902#3606108939,0,0,0.48934567235085025
4277564473#2292556895,0,0,0.4900534142050094
4790633062#4808180492,0,0,0.492521591998345
4452228094#4450888165,1,0,0.4985088089615454
3075628047#2057082379,0,0,0.48956977675015756
4232666143#4226659635,0,0,0.4900534142050094
4705427870#4356117363,0,1,0.500559033153938
14613455236#219547393842,0,0,0.4976212367557376
187508564338#2058531412,0,0,0.4900534142050094
2947790103#4435792377,0,0,0.48937233995029217
455581610977#3474743878,0,0,0.4895964443495995
3020557801#1308273301,1,0,0.48859125687689775
4261128456#3766757689,0,0,0.49014115420142024
4998365450#190330815066,0,0,0.49066155396310884
1965402836#2007329552,0,0,0.49322173425029403
2060192911#2054736144,1,0,0.4843238868734233
3060607943#1660889815,0,0,0.4900534142050094
1812202957#1811511062,1,0,0.48880366304298917
18466354888#156274815378,0,0,0.47617971427016237
3628839716#3474743878,1,0,0.4910767200374593
5199216295#5199216300,0,0,0.4774492200067106
1537709308#1537709306,0,1,0.5072679574527529
407966480507#2063057962,0,0,0.4900534142050094
1905948078#1354017991,0,0,0.4891128068947477
2298730254#4447023767,0,0,0.49469837631666763
4623017083#1885490974,0,0,0.4900534142050094
4205424867#4386494215,0,0,0.4891128068947477
3601857963#3591598893,0,0,0.4753217682459077
2339749085#364662576302,0,0,0.4895873758829262
2058531416#3915411982,1,0,0.48719516618690334
4159034451#1888052788,0,0,0.4890528298784734
1847716478#91686025987,0,0,0.49236721627264385
7161173338#3501315747,0,0,0.49077516470621335
2065023444#2075628492,1,0,0.49360432820485933
2175800284#4425561412,0,0,0.49979587257051256
4776817109#5123189265,0,0,0.49653353107094766
2057573219#3633495980,1,0,0.492157521080766
2054734592#69282286107,1,0,0.49978520961490114
2113093450#6013639039,0,0,0.495470729691258
2007329552#114401992972,0,0,0.49613133573377366
1590547354#1656969937,1,0,0.4930826432480482
1830214692#4804117479,0,0,0.492062562645131
4226659634#4232666143,0,0,0.4900534142050094
4180609537#1549897545,0,0,0.4878539505600989
2059109005#2058531416,0,0,0.4867381963314934
314601953357#1733350200,0,0,0.48836715247759044
4108649868#1505439079,0,0,0.4998015383150621
4354544112#4415227218,1,0,0.4923502577975271
1592367367#4272887201,0,0,0.4900534142050094
2114438559#4206177048,1,0,0.4939984256023137
69055007639#3461052410,0,0,0.4900534142050094
1906908670#2065023449,0,0,0.49360432820485933
3075634363#1778796425,0,0,0.4951663103809675
1483087858#2092610533,0,0,0.4883755005779487
4346970606#3606108939,0,0,0.48882362713770383
3045566056#4532014296,0,0,0.48841439831185846
4538375930#3652959253,1,0,0.48796180946394074
18466522141#2119388077,0,0,0.4900534142050094
1712570793#6633440508,0,0,0.497748786157688
2088554701#4465664542,0,0,0.48956977675015756
3846877365#3652959254,0,0,0.4905981240568302
4261128452#2057082463,0,0,0.4838721474803054
3612961288#4750249486,0,0,0.4973788076580702
3606108939#1537709317,0,0,0.48859125687689775
2061244620#2739075334,0,0,0.4893077597878523
4768693982#18467725403,0,0,0.4891954813852528
4742698844#2050840604,0,0,0.4920938854363942
1592367367#1600123318,0,0,0.4900534142050094
1710182160#4828653957,0,0,0.48987655563997
5194582482#3060607943,0,0,0.49300884080633295
1453532038#1492507866,1,0,0.4891265482916535
1394416929#1590408241,0,0,0.4895964443495995
4242696539#4878261986,0,1,0.5031519636399866
2111818909#4952427189,0,0,0.4900534142050094
5352675624#5352185903,0,0,0.48372399421470486
4590233117#156274815378,0,0,0.47617971427016237
1716261756#2128656141,0,0,0.4900534142050094
4108649868#2060042758,0,0,0.49108391460295286
4451342506#1833697097,0,0,0.4900534142050094
1905948078#1565925308,0,0,0.4968168971862955
3441097472#183335907108,0,0,0.4900534142050094
1778796425#4323500487,0,0,0.4900534142050094
11087571368#53263229623,0,0,0.4942301349662618
2068654074#370314330573,0,0,0.4883755005779487
364662567901#2092610536,0,0,0.4893077597878523
4354544112#5194582482,0,0,0.4895318641871596
4272843119#3648903741,0,0,0.4957612202990511
91686025987#29299658960,0,0,0.4893550056221202
2061352093#2057858826,0,0,0.48819029391255114
4538335537#4354044382,0,0,0.48841439831185846
4720990749#4808240616,0,0,0.49605318249341646
1759198080#3072525687,0,0,0.4900534142050094
2063057962#2055601072,0,0,0.4895318641871596
4451089335#2359348328,0,0,0.48438067683217517
81902710995#53263229623,0,0,0.4942301349662618
3033446767#4828653957,0,0,0.49135477962818674
3075634363#4705427870,0,0,0.4890836405474465
1549897545#121528725386,0,0,0.4918179175723197
4589929428#4447023767,1,1,0.5046446040149855
2115678997#4705427870,0,1,0.5015646250821982
4221651134#4825375981,0,0,0.48904822673230774
2058663075#2055601072,0,0,0.4900534142050094
3578109143#3513178266,0,0,0.49044289161700994
237523614768#4450968363,0,0,0.48935126066792767
1888052790#4436356008,0,0,0.4946772965306755
4259293142#2057082463,0,0,0.4900534142050094
4944512773#3016942950,0,0,0.4878918631230969
2073668282#2070686849,0,0,0.47396464572400004
7161173338#7026230674,0,0,0.49610368196791965
1483087859#406088738482,0,0,0.4890748943317496
4442900590#3644272514,0,1,0.5042450165827903
54158062043#3395466908,0,0,0.4900534142050094
2060192915#2143152116,1,0,0.4843238868734233
2268304430#2118416856,0,0,0.48956977675015756
1965402836#4386494215,0,0,0.48987655563997
1463883823#3761153782,0,0,0.4886472637679611
18465721026#5169257472,0,1,0.5015770755206391
29299658960#29298304831,0,1,0.5059348621004695
156277076551#3881629589,0,0,0.48956977675015756
2455842713#2455842712,0,1,0.5071638232362567
1903466347#9746294364,0,0,0.48987655563997
2059483876#1903466347,0,0,0.48987655563997
4691126574#1552378116,0,0,0.4923222581060652
14613461939#2455800880,0,1,0.501874921366684
167570408533#4297145562,0,0,0.4900534142050094
4256725997#1556785910,0,0,0.4900534142050094
2119388077#2119388082,0,1,0.5044098099548977
3986575237#4662517140,0,0,0.4895318641871596
2181531828#2180579787,0,1,0.5096804025283863
4212827921#1902954948,0,0,0.4979212114745321
3269719212#2066246683,0,0,0.4838852218734917
2027457810#2138881484,0,1,0.5088937399118221
146778888902#1693941156,0,0,0.4900534142050094
219547393842#3706865825,0,0,0.4900534142050094
4623972652#2281691154,0,0,0.4893077597878523
2118416856#1453527936,0,1,0.5022830482559588
1708981181#5078702464,0,0,0.4900534142050094
2074388205#3230219871,0,0,0.4898293098057021
4530026055#152713369272,0,0,0.48811535265385764
4425561412#4636143697,0,0,0.4895964443495995
2068611560#4944579314,0,0,0.48867393136740295
3606108939#1746603523,0,0,0.4893072645925557
1830214692#4804117485,0,0,0.492062562645131
3485676898#3052169593,0,0,0.4889591081636792
2057352941#2011670508,0,0,0.48987655563997
117755505510#197910587768,0,0,0.4900534142050094
53263277044#3445564730,0,0,0.4895318641871596
3641396498#2111349786,0,0,0.4943081943915033
1818675501#1816512025,0,0,0.4973565452246829
1319944364#3474685537,0,0,0.4910767200374593
2063572073#3496048657,0,0,0.4890748943317496
4883922403#4065724850,0,0,0.48987655563997
200569781240#4945702240,0,0,0.48956977675015756
6013639039#2296574953,0,0,0.49058710208289197
4471122121#53263231637,1,0,0.4928739599749925
3249354040#3913410158,0,0,0.49897894496174744
212771874474#1639325148,0,0,0.4900534142050094
2056478070#2068611560,0,0,0.4766819580534309
3072524524#3972766136,0,0,0.4890528298784734
1537709308#4209814745,1,0,0.4900534142050094
1712570793#1816427371,0,0,0.49902955958632306
2165145983#2297005450,0,0,0.4895964443495995
1833697097#1710182160,0,0,0.48987655563997
76198377822#4862024152,0,0,0.4895964443495995
4705427870#1902954948,0,0,0.48956977675015756
2359113449#4455408499,0,0,0.4996380275268653
1307874587#4386494215,1,0,0.4904937684617559
4590233117#2062285767,0,0,0.48023532272472336
4448830722#4792436579,0,0,0.4883755005779487
2054736144#2056520022,0,0,0.4916550081491318
3903289669#2063839578,0,0,0.48904503370954616
2057685237#4658956014,0,0,0.4905981240568302
4232728984#2061673701,0,0,0.4936815533833764
2057186102#1726591551,0,0,0.48987655563997
3077307902#3446029032,0,0,0.4933497962480012
4705427870#2054699471,0,0,0.4892903379015717
1372557160#4221651134,0,0,0.4978783169368129
3240377870#3903280567,0,0,0.4900534142050094
1592367367#3973253490,0,0,0.4916061358692827
1847716478#3474743878,0,0,0.4900534142050094
2027457810#202581283129,0,0,0.4981950484299597
3319075608#4215038721,0,0,0.4912354892578332
4777051438#14613588147,0,1,0.503338500851893
4435586554#2122362220,0,0,0.483304557203316
4259293142#5185595733,0,1,0.5038822568948247
2065023453#4705427870,0,0,0.4900534142050094
1888052790#4159034451,0,1,0.50768066439097
4385184737#4386494215,0,0,0.49165164540491096
1780636702#1780636692,0,0,0.49676871182775223
3033446767#4511530729,0,0,0.49135477962818674
1639901072#1416827061,0,0,0.4883755005779487
114401992972#50016874555,0,1,0.5012013247691133
1759198091#4591638149,0,0,0.49379433797334443
379478718058#3913419748,0,0,0.4900534142050094
3973253490#4506633524,1,0,0.4945691992029445
1778563597#1712570793,1,1,0.5067249315390016
4108649868#4052058734,1,1,0.5079776813062797
2165145983#4206304466,0,0,0.4923394675901695
1847716478#4777051438,0,1,0.5061612693299571
2073668282#2065023459,0,0,0.49360432820485933
1456843034#302839388028,0,0,0.4900534142050094
4470296934#146777938215,0,0,0.4900534142050094
189546061243#114453608394,0,0,0.4919839242883256
2054736144#3870637640,0,0,0.48841439831185846
11087571368#1661790023,0,0,0.48939041943725897
110232280082#3474743878,0,0,0.4895964443495995
1655427579#227607176751,0,0,0.4900534142050094
4665681736#5206198663,0,1,0.5084074567593158
1479236027#2057275313,0,0,0.48987655563997
4285709207#156273955489,0,0,0.48836715247759044
4755359264#14190297481,0,0,0.4923394675901695
4455655369#4129059855,0,0,0.49762348521796923
3230219871#2079578434,1,0,0.4942089096644559
4808238795#29299658960,0,0,0.48915755398115635
7026230674#3692826364,0,0,0.4915784821034287
5206198663#2661092323,0,0,0.48867393136740295
4716857454#4212827921,0,0,0.48956977675015756
1712570793#1727736762,0,0,0.49902955958632306
2165145983#2051966916,0,0,0.4900534142050094
1711846546#4673557611,0,0,0.4900534142050094
1667001955#4952427189,0,0,0.4900534142050094
1326198015#2051966916,0,0,0.4900534142050094
2162682667#4509158303,0,1,0.513206448581997
4165151066#3446029032,0,0,0.4945786140695004
1708981181#1727736762,0,0,0.4900534142050094
5169253299#5169252503,0,0,0.49648556667317917
4272137501#2058531416,0,0,0.4895964443495995
3860775024#4511530729,0,0,0.4900534142050094
3973253490#2455894769,0,0,0.4900534142050094
3290768654#117755505510,0,0,0.4883755005779487
2059125338#2055946129,0,0,0.4891713805438574
2058531412#3770456617,0,0,0.4900534142050094
4584646241#4391918874,0,0,0.4951449230524693
4529171947#2060836540,0,1,0.5007387643732141
107725296889#1902954948,0,0,0.4900534142050094
2065699619#2069985286,1,1,0.5018523151311802
2057082379#4241366976,0,0,0.4883755005779487
2027839123#2059124992,0,0,0.48841439831185846
4529171947#2065023459,0,0,0.4900534142050094
3232083339#1430989592,0,0,0.4900534142050094
2296537627#2071751695,0,0,0.49807710198057076
5209073343#4108691753,0,0,0.4900534142050094
2062233925#2056078364,0,0,0.48985913375368945
3903280573#3601857963,0,0,0.48600446714781603
2120518542#1878732185,0,0,0.4943034279060535
4199527734#4205424867,0,0,0.4900534142050094
5199216295#5210260401,0,0,0.48987655563997
4442444769#1639901072,0,0,0.4900534142050094
4356117363#4878261986,1,1,0.500559033153938
2057202352#2061244620,0,0,0.4896466881848561
2296574953#415654832276,0,0,0.4900534142050094
1929467433#1326198015,0,0,0.4900534142050094
3913419748#3913410158,0,0,0.49798346576560726
4452060617#4750249486,0,0,0.49602361319388844
47752312088#2027457810,0,0,0.48717287630538164
2081884594#2065023459,0,0,0.49360432820485933
4285617569#3525475722,0,0,0.4864374390267969
4636382579#121528725386,0,0,0.4900977854442259
4705427861#4242696539,0,1,0.51065209308893
1394299795#1723151709,0,0,0.49307447208899513
5010035639#3485676898,0,0,0.4900534142050094
3485676898#1634282666,0,0,0.4976553646415838
114693583065#4606793746,0,0,0.4858589008203919
3729925561#5060996735,0,0,0.49452089589871
4643941609#202581283129,0,0,0.48928560502319973
4973150488#2455894769,0,0,0.4952667300247679
2059397275#1701470611,0,0,0.4894195857845601
3050152494#2016866277,0,0,0.4945786140695004
3761153782#3862453322,0,0,0.4896972223587543
88520940864#1319944364,0,0,0.4900534142050094
4572636292#4447023767,0,0,0.4984300286743949
4471122121#1600123318,0,0,0.4900534142050094
4657354263#4256981120,0,0,0.4900534142050094
4878261986#5199216295,0,0,0.48889803576671026
4534359957#1416528046,0,0,0.49073074350553414
1429413488#3715240690,0,0,0.4900534142050094
53263231637#53263229623,0,0,0.4895200393019427
3235756553#4024663252,0,0,0.4900534142050094
3287136303#2026258519,0,1,0.5002293141855653
1479236027#1479236024,0,0,0.49403079915735526
1639253622#3551952830,0,0,0.4900534142050094
14613465315#9746294364,0,0,0.4864374390267969
2057146445#1431930648,0,1,0.5041630370791866
2117931367#2058258958,0,1,0.5001973182047148
3020557801#2947790103,0,0,0.4906197501820493
210012116583#4643809596,0,0,0.4895964443495995
2297005450#4636446230,0,0,0.49265168738230464
1590527066#69054998391,0,0,0.4890748943317496
1505439079#3816455026,0,0,0.49877103791711863
2111349786#2114716134,0,1,0.5021356112631384
3986575237#3870637640,0,0,0.48926858617742247
4206310186#4206201723,0,0,0.49085618466241515
314601953357#309312101477,0,1,0.5002239934160394
5123189260#4316370583,0,0,0.49379433797334443
5076405390#4897454517,0,0,0.4900534142050094
3120043199#1453527936,0,1,0.505111699524391
4031814900#5124643800,0,0,0.4900534142050094
4077473357#1912538880,0,0,0.4898293098057021
4385069368#4529171819,0,0,0.48819029391255114
2060192911#1403928333,0,0,0.4843238868734233
4034038494#3445564730,0,0,0.4912656560682418
3551952830#1537709317,0,0,0.4900534142050094
2050581826#69282286107,0,0,0.4900534142050094
4897454517#4897454823,0,0,0.4978765084645931
3487828531#3942084480,0,0,0.48987655563997
2112891471#2056513884,0,0,0.4906246450326451
4316999082#4286394339,0,0,0.486884405983273
4179651570#3993296567,0,0,0.49088896985819075
3706927247#146777938215,0,0,0.4898293098057021
3903289669#50016874555,0,0,0.4916061358692827
18468580547#1483087859,0,0,0.47959809611691334
3418808235#2283920901,0,0,0.4883755005779487
4327866563#4261128452,0,0,0.489364072451987
5210259474#4454799835,0,0,0.48987655563997
3860775024#3816455026,0,1,0.5032962377816096
2057858826#5124643800,0,0,0.4900534142050094
1639325148#4590233117,1,0,0.4895964443495995
3445905086#3052169593,0,0,0.4896524512406627
4256622048#2059124838,0,0,0.4900534142050094
2138881484#4448697469,0,0,0.48951444230087904
2359348328#2027457810,0,0,0.4883755005779487
3628839716#4526688598,0,0,0.4900534142050094
2973532517#1474190672,0,0,0.4900534142050094
1565925307#1565925308,0,0,0.4976977887084939
114693583065#210012116583,0,0,0.49066155396310884
2111349786#4435566465,0,0,0.4900534142050094
25405387739#1655427579,0,0,0.48921864121922376
3240377870#3926967278,0,0,0.48899188860013854
4226659635#1733350200,0,0,0.4900534142050094
1590527066#1394416929,0,0,0.49353039082418276
3942084480#3047031444,0,0,0.48987655563997
4804117485#4691126574,0,0,0.492062562645131
156117434515#3363374184,0,1,0.500266362163762
5210263415#4768693982,0,0,0.48987655563997
4168332323#4161509156,0,0,0.4823450469948039
4838534990#3806980943,0,0,0.48956977675015756
4526688596#3913554478,0,0,0.484404524136739
1759198091#1759198080,0,1,0.5019777730832023
1656969942#146011937628,0,0,0.4958051732298118
4636508851#4636508845,0,1,0.5212767368727554
1627677359#3591598893,0,0,0.48776483199147036
1533725661#4943818903,0,0,0.4900534142050094
156116289986#202581283129,1,1,0.5070662138832303
1483087858#18468082722,0,0,0.47563500441834156
4691126574#4804117479,0,0,0.492062562645131
1701593387#3461052410,0,0,0.4900534142050094
2059125338#4155642921,0,0,0.4900534142050094
4215027256#3056884476,0,0,0.4900534142050094
3249354040#4405823723,0,0,0.4900534142050094
2026258519#2055946248,0,0,0.48941708862983285
3033446767#3474685537,0,0,0.4883755005779487
2057186168#91686025987,0,0,0.4893550056221202
1778563595#1778563597,0,1,0.5168987626114391
3973253490#3926967278,0,0,0.4900534142050094
4165151066#1456843034,0,0,0.4900534142050094
2060192915#1684806079,0,0,0.48831083508524337
203654552716#3870637640,0,0,0.4917503167888075
2068436073#2118416856,0,1,0.5094163102204771
3046447657#4219594127,0,0,0.49153598329751974
1878732185#1914706723,0,0,0.489508668430674
5062861485#1830214692,0,0,0.48987655563997
4256981120#4824054256,0,0,0.4900534142050094
4529171947#4256725997,0,0,0.4900534142050094
4108649868#69055008791,0,0,0.4890748943317496
1743052872#2119493181,0,0,0.4945001485401
60367620373#50602309472,0,0,0.48635878973225666
4946289727#2011670508,0,0,0.4981639974440445
178615973311#4221651134,0,0,0.4913385639116105
2054734592#373850283306,0,0,0.48987655563997
1712570793#1727736761,0,0,0.4910767200374593
1550894049#1533725661,1,0,0.4929007004424398
4450888165#4157551094,0,0,0.49256688348525146
4316999113#2122362220,0,0,0.48718504462457707
29607392514#29607898384,0,0,0.49849911560462845
4538332005#2065023449,0,0,0.4900534142050094
2057112219#1816512025,0,0,0.4900534142050094
3896058143#4526652844,0,0,0.4900534142050094
4411426624#1639325148,0,0,0.4895964443495995
4946289727#2114438559,0,0,0.49478912473806574
2061673701#117755505510,0,0,0.4900534142050094
14613455236#4219594127,0,0,0.4900534142050094
4391919171#1875282048,0,1,0.5095503638053175
2073669601#4705427870,0,0,0.4820973151912485
90189178714#90189177932,0,1,0.5002380988288256
4018083310#4526688599,1,0,0.48427686540475684
4575249992#1778986389,0,0,0.4950034731280541
2060192915#2079578434,0,0,0.4843238868734233
3972766136#4161509156,0,0,0.4900534142050094
1565925307#2068436073,0,0,0.4891309012228129
4455655369#4636382579,0,0,0.4900534142050094
1778986389#2065023453,0,0,0.4900534142050094
117873856741#2165015488,0,0,0.4900534142050094
4526688599#4589775642,0,0,0.4927144053988386
117277915830#117755505510,1,1,0.500220827723604
9746294364#156117434515,0,0,0.4887508132517867
2292556895#2071864814,0,0,0.48956977675015756
1639325148#4469027502,0,0,0.4895964443495995
4436356008#2075628492,0,0,0.4883986604119197
3602134198#3591598898,0,0,0.4710162716254987
1639394625#4590516328,0,0,0.4894195857845601
2117971015#2947790103,0,0,0.4895964443495995
2115678997#4018083310,0,0,0.48888870249544036
1639324466#212771874474,0,0,0.4900534142050094
1638853392#1816427371,1,0,0.489982413996129
3644272514#4071233134,0,1,0.5013079469389683
2117931367#1778563595,0,0,0.49162141169372187
2070025653#1640284457,0,0,0.4909694656063997
109165560395#109765155485,1,0,0.48743427839914033
4316370583#2081884594,0,0,0.4890748943317496
4188896319#3927439605,0,0,0.4975719275926486
4145496082#314601336135,0,0,0.48911030814688844
5210263415#5199216300,0,0,0.4928396189736318
3926741754#3487828519,0,0,0.48987655563997
1712137054#2065023453,0,0,0.49360432820485933
3232083339#4226659635,0,0,0.4900534142050094
1550894049#3903280567,0,0,0.4945786140695004
4945702240#4065724850,0,0,0.4892691381088535
1878732185#2059483876,0,0,0.4937818778882036
2119478248#2119398744,0,0,0.4898563440998726
2059397275#18468082722,0,0,0.49405656885635396
109765155485#114453608394,0,0,0.48389535326587874
4346970606#4020730390,0,1,0.5030230700930105
4256906448#4657354263,0,0,0.4900534142050094
1552378116#4168332323,1,0,0.4901245010939792
54158062043#14613455236,0,0,0.4989163983254415
4808240601#4720990746,0,0,0.49158172434706776
14613464513#3927040910,0,0,0.4878918631230969
1716261756#1659951159,0,0,0.4923555279131535
4256622048#4226659635,1,0,0.4900534142050094
4155642921#307410722133,0,0,0.4900534142050094
2070627808#4643943359,1,0,0.481118581667535
3806980943#2051253311,0,0,0.48819029391255114
4226659634#4090681438,0,0,0.4900534142050094
3903289669#3120043199,0,0,0.4900534142050094
1759198091#36551936093,0,0,0.4900534142050094
1888052790#3641396498,0,0,0.4971554806289336
4442444769#14613461654,0,0,0.4900534142050094
4447023767#4447023801,0,1,0.5143624405165206
1878732185#1565925307,0,0,0.4987077663665336
3418808231#4215027256,0,0,0.4900534142050094
2117967935#4897862520,0,0,0.49469311667305205
4590516328#4633378534,1,1,0.506618412704809
2296574953#2296451977,0,0,0.49632898611549836
406088738482#436617713935,0,0,0.497748786157688
3632560565#4534359957,0,0,0.49703295568851824
2055298458#2057186115,1,0,0.49248692761235596
4272887201#5060996735,0,0,0.49452089589871
4414530598#2057898501,0,0,0.4893077597878523
3601857963#3903280567,1,0,0.48600446714781603
2070627808#1906908670,0,0,0.4895964443495995
1550894049#3072525687,0,0,0.4967247395787578
4532014296#1463883823,0,0,0.4886472637679611
4878261986#4705427861,0,1,0.5015467968696832
4716857454#1667032705,0,0,0.48956977675015756
4209814745#2338916683,0,0,0.4900534142050094
212394033260#3033446767,0,0,0.49135477962818674
3050152494#2177416829,0,0,0.48414321423014095
3075634363#1759198091,0,0,0.4951663103809675
3629624977#4703840109,1,1,0.5053090708192572
2088439298#3249354040,0,0,0.4900534142050094
4256725997#1660889815,0,0,0.4900534142050094
4642512906#5163452200,0,0,0.4921639938594406
3525475722#2455842713,0,1,0.5055866959351768
1727736761#5134159053,0,0,0.4894377041443082
1316070394#3474685542,0,0,0.4906197501820493
90189177932#90189177809,0,1,0.5002380988288256
2057186115#2057120547,0,0,0.486914901589843
2159160651#1932250238,0,0,0.48956977675015756
2055946129#391306865273,0,0,0.4891713805438574
1510345157#2075393157,0,0,0.48889803576671026
3633495980#3245545040,0,0,0.4924893155824531
4285491833#1920503864,0,0,0.48712971017529855
1906908670#249652232743,0,0,0.490696840565274
25405387739#4444948728,0,0,0.4900534142050094
4415227218#5076405390,0,0,0.49443915135782157
2662986035#4274235353,1,1,0.5000816815228329
3245545040#4179651570,0,0,0.4900534142050094
2058531412#4274088675,0,0,0.48737202475194275
1716261756#1830525975,0,0,0.492653255691235
1712137054#2073668282,0,0,0.49277990719235404
87008148161#2055626034,0,0,0.4895318641871596
1417015453#315728832242,0,0,0.48987655563997
3032272329#1565925307,0,0,0.487889655271247
4526688596#4526688598,0,0,0.4727676524505039
4943818903#12910266318,0,0,0.4895318641871596
1590547354#2088554701,0,0,0.49301879792297415
2739075334#1656969937,0,0,0.4947701024671944
4479070818#2165015466,0,0,0.4900534142050094
4035397646#4530026055,0,0,0.49435450967019307
3836676657#1665894324,0,0,0.4821618953536884
4633378534#4589929428,0,1,0.5016095847168935
3628839717#3436663620,1,0,0.49554420173115976
3415143762#1746603523,0,0,0.48967662168537734
370314330573#3287633018,0,0,0.4900534142050094
110232280082#117755505510,0,0,0.4900534142050094
111110399548#2947790103,0,0,0.4895964443495995
4592596123#2057211704,0,0,0.4960241557989486
2057552209#3245545040,0,1,0.5248222642737164
3715785447#4031814900,1,0,0.4937602828928575
152713369272#2455842713,0,0,0.48982122119069144
4385184737#4205424867,1,0,0.4891128068947477
4973150488#1533725661,0,0,0.4878918631230969
2114049002#3487828531,0,0,0.48987655563997
9062983415#4435792377,0,0,0.4974831278351205
3075628047#2340035845,0,0,0.4900534142050094
232579778763#2739075334,0,0,0.4898976060384871
14613476507#4261128456,0,0,0.48621127850351764
2063706226#18468695966,1,0,0.49639918835351005
3742463975#3445905086,0,0,0.49109600179954926
1479236028#1552378116,0,0,0.48987655563997
3652959254#1600123318,0,0,0.4900534142050094
3715785447#3715877024,0,0,0.49721078503484556
4405823723#1431851220,0,0,0.4895964443495995
2128656141#2063888292,0,0,0.4900534142050094
4716857454#25405387739,0,0,0.4900534142050094
391306865273#54158063899,0,0,0.4900534142050094
4943818903#4673557611,0,1,0.5031523803893766
2055601072#4575249992,0,0,0.48859125687689775
54158063899#54158054598,0,0,0.49612750109016107
1474190672#3047031444,0,0,0.49198066251572664
4720990748#2661092323,0,0,0.48867393136740295
4206177048#2011670508,0,0,0.4956763392293745
2112250533#2296537627,0,0,0.48889803576671026
1812202957#2117967935,0,0,0.4900534142050094
3551952830#3319075608,0,0,0.4900534142050094
2068602973#2063706226,0,0,0.4855952011379502
3445905086#4435586554,0,0,0.4962072587580756
2070686849#2075628492,0,0,0.47396464572400004
4643809596#4606793746,0,0,0.4900534142050094
4316999082#2057573219,0,0,0.4900534142050094
4435586554#4316999082,1,0,0.4896985139048191
1354017991#1646205905,0,1,0.5121107632567633
309312102749#2055626033,0,0,0.4888507899324423
1733350200#4405823723,1,0,0.4924479731678453
3016942950#3441097472,0,0,0.48956977675015756
4526688598#4530026055,0,0,0.47119965496179156
2051253311#4435792377,0,0,0.48819029391255114
29607392514#69054998391,0,0,0.48889803576671026
3606108939#1474190672,1,0,0.495071032885826
3053472155#4728076352,0,1,0.5038822568948247
1456843034#2060062994,0,0,0.4900534142050094
4590233117#18468082722,0,0,0.4745734788134707
3240377870#1533725661,0,0,0.4900534142050094
4514271066#232579778763,0,0,0.48811535265385764
2062633327#4018083310,0,0,0.4900534142050094
3487828519#2114049002,0,0,0.48987655563997
3445564730#1639275755,0,0,0.4878539505600989
4777051438#1592253963,0,0,0.48836715247759044
3729925561#3017056355,0,0,0.4900534142050094
4720990748#4808240616,0,0,0.49653681994826826
4274235353#3946838650,0,0,0.4900534142050094
1634282666#54158062043,0,0,0.4900534142050094
187508564338#4159034451,0,1,0.5062190589942894
3903280581#3903280567,0,0,0.4826120427032241
2114716134#3641396498,0,0,0.4943081943915033
3993041966#4129059855,0,0,0.49399989896483193
4524153991#4635981164,1,0,0.49444946636405923
1354017991#4450968363,0,0,0.4890748943317496
5194582482#1500161456,0,0,0.4939222853218563
5124643800#4897454510,0,0,0.4900534142050094
18468082722#2080829137,0,0,0.48624161428495616
4346970606#1492507866,0,0,0.49114916601387276
1944864795#4129173722,0,0,0.4898293098057021
200569781240#5124643800,1,0,0.49435009872524527
1727736761#1816427366,0,0,0.49142795572557724
2055946129#4526652844,0,0,0.49038552357539605
3692826364#4242849949,0,0,0.48987655563997
4256622048#4256906448,0,0,0.4900534142050094
4155642921#3461052410,0,0,0.4901283341744185
2062233925#4705427870,0,0,0.48977396051532507
4161509156#3946838650,0,0,0.4823450469948039
6633440508#3395466908,0,0,0.48982122119069144
18468580547#156277076551,0,0,0.48347765002715787
1416528046#4425561412,1,0,0.49095312403111135
2062233925#2060042758,1,1,0.5012165951527965
1834169653#4401898255,0,0,0.4900534142050094
2057352941#4572636292,0,0,0.4900534142050094
1762522969#4450784429,0,1,0.513206448581997
4897454488#4451342506,0,0,0.49453908018164056
4272843119#69609155599,0,0,0.4894195857845601
2183963548#2180579787,0,1,0.5096804025283863
2640338192#3232083339,0,0,0.4890528298784734
1638853392#1727736761,0,0,0.49816277607021336
2114438559#4452060617,0,0,0.49015728088422933
4286394339#3496048657,0,0,0.4888507899324423
4636446230#4642512906,0,0,0.49466585677637276
10175162517#1903466347,0,0,0.4900534142050094
3715869354#173652977366,0,0,0.4900534142050094
1859920904#2947790103,0,0,0.4843618540002397
4405823723#1432014682,0,0,0.4898293098057021
1906908670#2065023444,0,0,0.49360432820485933
12910266318#3806980943,0,0,0.48867393136740295
2111346464#3083904084,0,0,0.48893594832970827
3054084564#1394416929,0,0,0.49353039082418276
4447023801#2298730254,0,0,0.492387186940274
4877560558#3363374184,0,1,0.5021528511602099
2088439298#4020730390,0,0,0.4910767200374593
4897454517#4145496082,0,0,0.48945499959969885
4072366761#2057082463,0,0,0.48889803576671026
4391918874#3240377870,0,0,0.4900534142050094
4705427870#4810275464,0,0,0.48951444230087904
2059125338#4065724850,0,0,0.4892691381088535
1403216308#2176434538,0,0,0.49073074350553414
202581283129#1425598204,0,0,0.48965751674656843
1307874587#4346970606,0,0,0.486366837279241
3652959253#4506633524,0,0,0.48987655563997
1431930648#1592253963,0,1,0.5028154868628159
5169257472#4215038721,0,0,0.4900534142050094
3269719212#1882929309,0,0,0.48706712403343744
1805614122#1394299795,0,0,0.48905410231523994
6633440508#2455894769,0,0,0.48889803576671026
138961977066#5169253299,0,0,0.49648556667317917
4425561518#1415554755,0,0,0.49488858846189887
2061673563#2115678997,0,0,0.49359887889287124
1912538880#4317041484,0,1,0.500473987280613
4272137501#4179651570,0,0,0.4915883636119917
309312102749#4590185312,0,0,0.49466536158107616
5169252712#4354544112,0,0,0.4900534142050094
2176434538#370314330573,0,0,0.4880307964827901
4386494215#4897454517,0,0,0.48893594832970827
81902710995#5163452200,0,0,0.48839308486961897
4451342506#4897454517,0,0,0.49453908018164056
4509158303#1372557160,0,0,0.4900534142050094
4862024152#2027457633,0,0,0.4906260441372853
2056156370#1425598204,0,0,0.49983945087806014
3715877024#18466601978,0,0,0.4951703138034608
5209073343#5124643800,0,0,0.4900534142050094
3496048657#1549897545,0,0,0.4895318641871596
373850284448#1885490974,0,0,0.4900534142050094
5210259386#5199216300,0,0,0.4928396189736318
210012116583#2296451977,0,0,0.4918824977347596
1659519065#2056929980,0,0,0.4900888280201482
4768693982#173652977366,0,0,0.4922302605735176
4792436579#4750249486,1,1,0.5068249663704284
1833697097#117755505510,0,0,0.4900534142050094
4036848581#3860775024,0,1,0.5007800581883219
3474743878#3474685537,0,0,0.48837943879639184
69055008791#2062233925,0,0,0.48889803576671026
3033446767#4606793746,0,0,0.48794415264062496
2074388205#4720990749,0,0,0.4898293098057021
1830214692#3402256673,0,1,0.501095225296235
4401898255#4165283827,0,0,0.4900534142050094
4297145562#4065724850,0,0,0.4925712583309819
2114390938#135028851546,0,0,0.4906236922394903
2455800880#1500161456,0,0,0.4893278428273817
4792436579#1627677359,0,0,0.4878918631230969
4199527734#3926963318,0,0,0.4883755005779487
4703840109#4705583754,0,1,0.5053090708192572
2065023449#4241366976,0,0,0.4900534142050094
3494236195#2080829137,0,0,0.4934870064467944
4185429549#4348295931,0,0,0.48987655563997
4157551094#3993296567,0,0,0.4905442657630321
1432014682#3692826364,0,0,0.48987655563997
1774582761#1932250238,0,0,0.48819029391255114
3285703159#1326198016,0,0,0.4888507899324423
1816427366#1778563595,0,0,0.4986848554911644
2058663075#2060290691,0,0,0.4900534142050094
4057038032#1746603523,0,0,0.4895964443495995
2067179166#146777938215,0,0,0.48956977675015756
4526652844#5194366020,0,0,0.49100644584502207
4297145562#1639253622,1,0,0.4945786140695004
2338916683#2340035845,0,0,0.4900534142050094
5031079827#4726073967,1,0,0.494539486203133
4274088675#2059109005,0,0,0.48737202475194275
2050840604#2092610533,0,0,0.4945786140695004
2177416829#3972742243,0,0,0.4883535464777142
4165283827#4206310186,1,0,0.4900534142050094
2016866277#2119493181,0,0,0.4945786140695004
3046471496#4973150488,0,0,0.4900534142050094
1965402836#1877399023,0,0,0.4945786140695004
1308273301#4538375930,0,0,0.48999807975573084
1639325148#1639324466,0,0,0.4925595076832613
2063873633#1639275755,0,0,0.4888713681672684
2063839578#1906908670,0,0,0.4895964443495995
3240377870#3551952830,0,0,0.4900534142050094
4447023801#4196030610,0,1,0.5028015049725592
219547393842#3706927247,0,0,0.4898293098057021
4327866563#2056929980,0,0,0.4898293098057021
3903280586#3591598898,1,0,0.4826120427032241
1537709317#2058258958,0,0,0.49358267999018884
1590408241#2359572372,0,0,0.4900534142050094
2163161399#6633392282,0,0,0.4898293098057021
3712801411#3249354040,0,0,0.4900534142050094
2073669601#1401982309,0,0,0.4871307468609119
2016866279#3602134198,0,0,0.4945786140695004
183335907108#4635981164,0,0,0.4888507899324423
1432014682#4524153991,0,0,0.4917547636730474
2061673701#3077743360,0,0,0.48987655563997
3644272514#3742463975,0,1,0.5024559787737287
2111038059#2059124838,0,0,0.48709629523253056
4790633062#4808240616,0,0,0.49197688214652424
1483087858#1483087859,0,0,0.47563500441834156
4435792377#1859920904,0,0,0.4900534142050094
2070686849#4212827921,0,0,0.48956977675015756
117154450703#4898730640,0,0,0.4893755364747111
2051966916#1693941156,0,0,0.4936770004581467
2296451977#1349608070,0,0,0.4918558301353177
1888052790#2176434538,0,0,0.4900194603360076
3032272331#18465721026,0,0,0.4895318641871596
4242849949#146777938215,0,0,0.48987655563997
37959222365#3053472155,0,0,0.48987655563997
2054699471#1431930648,0,1,0.5037283141432225
3641396498#2114048932,0,0,0.4883755005779487
1590527066#3054084564,0,0,0.49346531546644634
3494236195#4285491833,0,0,0.4888353280874144
18465721026#18468580547,0,0,0.48660895921242514
1430989592#3052760872,0,0,0.4985495476445276
4553673830#81902710995,0,0,0.4902165654966158
69055007639#2143152116,0,0,0.4894195857845601
5169252712#138961977066,0,0,0.4985372229940283
1483087859#1639324466,1,0,0.4895964443495995
4575249992#2055581605,0,0,0.49370108679130714
53263229623#5199216300,0,0,0.48941607801908915
1932250238#1394299795,0,0,0.4935796828234924
1888052790#3032272331,1,0,0.4922629049291244
2119478248#2111349786,0,0,0.4996834530259024
3513178266#4206310186,0,0,0.4900534142050094
5199216295#5199216301,0,0,0.48058382869145333
4750249486#392281366488,0,0,0.4893929181851182
2057685237#2055626030,0,0,0.4900534142050094
117755505510#14613455236,0,0,0.4854866537852896
4623017083#1726591551,0,0,0.48987655563997
2061673701#3846877365,0,0,0.48937233995029217
3016942950#4623934568,0,0,0.48956977675015756
4623972834#3494236195,0,0,0.48961960418357037
3047031444#4241366976,0,0,0.4900534142050094
4242696539#4357742929,0,1,0.500559033153938
3418808235#4514271066,0,0,0.4883755005779487
4532035181#364662567901,0,0,0.4938409926460999
1634250118#2159160651,0,0,0.49191223289685204
2065023444#5123189265,0,0,0.4900534142050094
1431930648#1431887069,0,1,0.5034928161633405
4526688598#4530026053,0,0,0.4755405151152899
1505439079#2056156370,1,1,0.5006367190304508
4425561518#2057186115,0,0,0.4903427712085413
4705427870#2114049002,0,0,0.4895964443495995
3927439605#3487828531,0,0,0.4975719275926486
2175800284#2027839123,0,0,0.4992743225526627
1830525969#1834023606,0,0,0.48987655563997
156116289986#249652232743,0,0,0.4827064993358978
1479236028#1479236024,0,0,0.49403079915735526
1667288610#2059397275,0,0,0.4979154820101021
4450784429#2162682667,0,1,0.5122279287087372
4705427870#2070686849,0,0,0.4820973151912485
4232728984#4526688596,0,0,0.4898293098057021
69607735174#88520940864,0,0,0.49908272039052654
4572636292#4479070818,0,0,0.49862094350181096
6013639039#2055298458,0,0,0.4919616496186954
4232666143#4231111906,0,0,0.4900534142050094
4636041770#4636508845,0,1,0.5212767368727554
2177416829#2119493181,0,0,0.4968625617256648
3485676898#1727736762,0,0,0.497110654789763
2054736144#2112891471,0,0,0.4908487494319524
3870637640#4633378534,0,0,0.48935126066792767
3081986781#4728076352,0,1,0.5038822568948247
2057858826#1614597826,0,0,0.48841439831185846
3860775024#1429413488,0,1,0.5007800581883219
4188977524#3487828519,0,0,0.4975719275926486
3072564418#3903280567,0,0,0.4900534142050094
4451288784#50016874555,0,0,0.48987655563997
4444948728#4584646241,0,0,0.4883755005779487
4451288784#4442900590,0,1,0.5045748091233675
3054084564#3060607943,1,0,0.49300884080633295
4077027238#3816455026,0,0,0.49877103791711863
3629624977#3580539229,0,1,0.5114576484401846
37959222365#4327866563,0,0,0.4900534142050094
2069985286#2296574953,0,0,0.4900534142050094
2056478070#2296451977,0,0,0.481118581667535
2455894769#3610178183,0,0,0.4900534142050094
4636041774#3120043199,0,0,0.4900534142050094
2016866285#2150886701,0,0,0.48956977675015756
4219594137#4206310186,0,0,0.48956977675015756
6633392282#2219112205,0,0,0.4900534142050094
1640284457#4209814745,0,0,0.4900534142050094
1656969937#146011937628,0,0,0.4914897604675491
4165922067#2283920901,0,0,0.4911714426566815
2068654074#2297005450,1,0,0.4903472761063363
4232471781#2027457810,0,0,0.4900534142050094
4469027502#18468082722,1,0,0.4790155688189283
18466210670#4680095395,0,0,0.4958421080924649
3942084480#3052165975,0,0,0.48987655563997
18466354888#4590233117,0,0,0.47617971427016237
415654814203#492316061640,0,0,0.4900534142050094
3418808235#2111818909,0,0,0.4935752549088218
69055007639#3487828519,0,0,0.48987655563997
1347237190#4899954714,0,0,0.4900534142050094
2071793223#2058563113,0,0,0.4900534142050094
5199216301#50016874555,0,0,0.48987655563997
5352675624#5210259386,1,0,0.48987655563997
2065023453#2065023444,0,0,0.49360432820485933
50602309472#2016866277,0,0,0.4900534142050094
3602134198#3591598900,0,0,0.47736223947729245
4435586554#4285709207,0,0,0.4848948410595768
2077171978#2051253311,0,0,0.4924222821671183
4938690872#4534359957,0,0,0.4900534142050094
4643809596#2296574953,0,0,0.49343025845987326
2026258520#2026258519,0,1,0.5054321249271847
2740883313#4442444769,0,0,0.4900534142050094
1403928333#1684806079,0,0,0.49237361276589353
5210259474#5199216300,0,0,0.48987655563997
3016942950#4031814900,0,0,0.48956977675015756
1453527936#3474743878,0,0,0.48088787186234927
3993041966#4825375981,0,0,0.48882412233300043
4479070818#373850283306,0,0,0.49344583864960134
1638853392#2057552209,0,0,0.4894195857845601
1944864795#3761153782,0,0,0.48836715247759044
2118965491#1417009342,0,1,0.5380775206513652
5206198663#3053472155,0,1,0.5045608630827129
4036848581#4108691753,0,0,0.48956977675015756
2119398744#2111350136,1,1,0.5000430031540147
2088554701#146011948003,0,0,0.4958051732298118
4946289727#1640284457,0,0,0.49070308463424117
3648903741#4226659635,0,0,0.4900534142050094
4057038032#4157551094,0,0,0.4900534142050094
1708981181#18466601978,0,0,0.4883755005779487
1914706723#1736318365,0,0,0.48819029391255114
183335907108#18466601978,0,0,0.4877597216018107
2056478070#2070627808,0,0,0.481641644682945
4206177048#1830214692,0,0,0.4900534142050094
2065023459#2065023449,0,0,0.49360432820485933
146011937628#2088554701,0,0,0.4958051732298118
4447023801#3729925561,0,0,0.48965751674656843
4553673830#1716261756,0,0,0.49219573995734256
2074388205#5010064143,0,0,0.4898293098057021
4643941609#2296537627,0,1,0.5053622480114945
1667001955#4728076352,0,0,0.4900534142050094
18468695966#5199216295,0,0,0.4887350037643719
12910266318#114401992972,0,0,0.4900534142050094
4043193319#2973532517,0,0,0.4933811171022599
2973532517#114693583065,0,0,0.4883755005779487
3278113988#69607735174,0,0,0.4948110101489408
2114390938#1834023606,0,0,0.48987655563997
2060192911#2128656141,0,0,0.4900534142050094
4165283827#4435666805,1,0,0.4898293098057021
4155642921#1429413488,0,0,0.4900534142050094
2138881484#2027457633,0,1,0.5077982281367555
5210263415#5354187271,1,0,0.4928396189736318
430837878381#18466601978,0,0,0.489480658181529
4590233117#4385069368,0,0,0.4890748943317496
1639253622#4452228094,0,0,0.49298886879419146
4232728984#1453527936,0,1,0.5176812893762234
4451288784#2058531412,0,0,0.4894195857845601
2081884594#4824054256,1,1,0.5177595209088117
1888052790#2098280462,0,0,0.4950318389707178
4442900590#3446029032,0,1,0.5006335215940495
5010064143#1590547354,0,0,0.49343407094362307
1665894324#3290768654,0,0,0.48310250266395016
117154450703#3230219871,0,0,0.4895971167913842
4108649868#2063057962,0,0,0.49154088445836286
1429413488#4077027238,0,0,0.4998730726844354
1627677359#4391919171,0,0,0.49009291212431727
1759198080#2055626030,1,1,0.5014562230653525
1834023606#1780636692,0,0,0.48987655563997
3033446767#4898730640,0,0,0.4894167180770349
4108691753#2150886701,0,0,0.48956977675015756
3395466908#135028851546,0,0,0.48990072608468466
29607392514#3927439605,0,0,0.48889803576671026
4232471781#4018083310,0,0,0.4900534142050094
3715869354#4261128456,0,0,0.4900534142050094
4209814745#1537709317,0,0,0.4900534142050094
2062285767#1432014682,0,0,0.4919316222380868
1805614122#1723151709,0,0,0.489269858614189
14613588147#2113712804,0,0,0.4891128068947477
178615973311#4241366976,0,0,0.4883755005779487
2119388082#2137028345,0,0,0.4945786140695004
4420971756#2118965491,0,0,0.48841439831185846
3591598898#3601857963,0,0,0.4753217682459077
2117971399#3043036534,0,0,0.49191223289685204
4348295931#2056078364,0,0,0.4778447878870275
1479236025#1479236027,0,0,0.49335346985683054
3629624977#4254790911,0,0,0.4900534142050094
4703840109#3580539229,0,1,0.5053090708192572
3972742243#3602134198,0,0,0.4872201221396496
1778986389#1638853392,0,0,0.48889803576671026
1500161456#4219594137,0,0,0.4888713681672684
2058531412#18467725403,0,0,0.4894195857845601
4726073967#81553005637,0,0,0.4983726890794882
4065797638#3289002505,0,0,0.49518132350390404
1665894324#87008148161,0,0,0.48893594832970827
3993296567#4006530352,0,0,0.4890528298784734
4548461997#2027839123,0,0,0.4900534142050094
4071233134#4176537188,0,0,0.4892691381088535
2058663034#4221651134,0,0,0.4900534142050094
1656969942#138960910846,0,0,0.4891954813852528
4589775642#4530026053,0,0,0.4948622825396808
29299658960#4447023767,0,0,0.4894195857845601
135028851546#2165015488,0,0,0.4900534142050094
4108649868#4036848581,0,1,0.5084341559663932
3047031444#3108657350,0,0,0.48987655563997
4254790911#44498925795,0,0,0.4883755005779487
3081749686#3052165975,1,0,0.49935778561220495
156116289986#156273955489,0,0,0.48342249221045736
2057082463#4825375981,0,0,0.49923798672816977
1417009342#2056727309,0,0,0.49603953562479025
4589775642#4589830735,0,0,0.4906205074213548
4705427870#5185529458,0,0,0.4900334935708696
4824054256#5185529458,0,0,0.4900534142050094
9062983415#2113712804,0,0,0.48859125687689775
44498925795#2162682667,0,0,0.4883755005779487
2128656141#2056520022,0,0,0.4900534142050094
90189178714#4792436579,0,0,0.4900534142050094
109165560395#5210259474,0,0,0.48987655563997
1431887069#2057202352,1,0,0.4896466881848561
3287136303#2268304430,0,0,0.4883755005779487
4589830735#4043193319,0,0,0.488994521978818
1500161456#1453532038,0,0,0.4893550056221202
4643943359#2113093450,0,0,0.495470729691258
4538375930#3926963318,0,0,0.4900534142050094
4272843119#4411426624,0,0,0.4894195857845601
2339749085#2061244620,0,0,0.4893077597878523
4076081471#3287136303,0,0,0.4900534142050094
2056478070#6013639039,1,0,0.4812504038854808
1565925308#1410164195,1,0,0.4909774059166077
50016874555#126501897635,0,0,0.4985158276849409
2119478248#1415554755,0,0,0.4900534142050094
3289002505#3927439605,0,0,0.4943859527449732
3929215225#1492507866,0,0,0.4900534142050094
2051966916#1661790023,0,0,0.4900534142050094
5062861485#4065797638,0,0,0.48987655563997
1659519065#1696577548,0,0,0.4887211714085222
4862024152#1965402836,0,0,0.49344583864960134
4623972834#4792436579,0,0,0.49339084248796206
4057038032#5169252503,0,0,0.4900534142050094
69609155599#69055008791,0,0,0.4992595663132178
1818675501#1696577548,0,0,0.49354132097445713
4391918874#1875282048,0,0,0.49210507052585856
4212827921#3770456617,0,0,0.4900534142050094
2339749085#2219112205,0,0,0.4900534142050094
4589929428#2065023453,0,0,0.4900534142050094
314601336135#3072524524,0,0,0.4900534142050094
379478718058#4838534990,0,0,0.4900534142050094
18466354888#4590185312,0,0,0.47563500441834156
1431851220#1446739157,0,0,0.4894195857845601
2058278464#2057211704,0,0,0.4911601461519826
3612961288#4455655369,0,0,0.49780034378300864
4877560558#4226781300,0,1,0.504297070871474
4285617569#3995923367,0,0,0.4864374390267969
1693941156#1746603523,1,1,0.5084018427910366
1537709306#3551952830,0,0,0.4900534142050094
2055298458#3926967278,0,0,0.4919616644597938
2088439298#2117971399,1,0,0.4900534142050094
2057120547#2057120532,0,0,0.48663867077302747
4272843119#1453527936,0,0,0.4894195857845601
564144132292#4232471781,0,0,0.4900534142050094
4862024152#2075393157,0,0,0.48842210837447153
3474743878#3601857963,0,0,0.48088787186234927
1417015453#2118965491,0,1,0.5292271503104399
4998365450#4898730640,0,0,0.49135477962818674
4316999113#4285491833,0,0,0.4864007685284211
2078213282#3053472155,0,1,0.5070300970819992
4542321633#3836576451,0,0,0.4955146099244115
415654832276#455581610977,0,0,0.4892691381088535
4202053398#3245545040,0,0,0.4905178432159388
2079578434#3915411982,0,0,0.4813514471236376
5076405390#3054084564,0,0,0.49398736067959276
1684806079#2054733437,0,0,0.48417865032209234
3913410158#4414530598,0,0,0.4900534142050094
1830525969#1818675501,0,0,0.49508777878358723
14613461654#2077171978,0,0,0.4864374390267969
1505439079#14190297481,0,0,0.48819029391255114
4150903702#4202053398,0,0,0.48859125687689775
5094736780#7161173338,0,0,0.49162414352390066
2063878463#4938690872,0,0,0.4900534142050094
4623934568#4590233117,0,0,0.489531368991863
109765155485#1944864795,0,0,0.4908849966035629
2011670508#1423044582,1,0,0.49908107081592645
2296537627#4090681438,0,0,0.48841439831185846
5169253299#5169257472,0,0,0.49648556667317917
1716261756#2055581605,0,0,0.48841439831185846
3628839716#3513178266,0,0,0.4908998614724199
1701593387#2062285767,0,0,0.48239536944675543
4129059855#4792436579,0,0,0.4941767575298713
3652959253#76198377822,0,0,0.4883755005779487
2078213282#3020557801,0,0,0.4900534142050094
4242696539#2113288221,0,0,0.4900534142050094
2069985286#373850283306,0,0,0.4900534142050094
2067179166#4575249992,0,0,0.48956977675015756
3047031444#3046471496,1,0,0.49416827225830384
2071793223#4450968363,0,0,0.48987655563997
2071864814#4943818903,0,0,0.4900534142050094
4532014296#4526688596,0,0,0.4927144053988386
3836576451#3836992879,0,0,0.48630316466906637
117277915830#114453608394,0,0,0.48763171519900583
1640284457#1423044582,0,0,0.490999661431891
4728076352#5206198663,0,1,0.5038822568948247
3712801411#3278113988,1,0,0.492285576669284
4436356008#2114716134,0,0,0.4956126840995093
1347237190#46983614517,0,0,0.4900534142050094
2359572372#2165015466,0,0,0.4900534142050094
5352675624#190330815066,0,0,0.48841439831185846
4877560558#4529171947,0,0,0.4952165076709757
1549897545#37959222365,0,0,0.4900534142050094
2060290691#5169257472,0,0,0.4900534142050094
2114716134#3903289669,0,0,0.4900534142050094
3601857963#4259293142,0,0,0.4945786140695004
1723151709#4451342530,0,0,0.4895964443495995
1661790023#1326198016,1,0,0.4963219582765664
4992689820#4511530729,0,0,0.4832484896488283
4451342506#4261185678,0,0,0.49453908018164056
2061309885#1431887069,0,1,0.5067835273044491
2027457805#2113712804,0,1,0.5088937399118221
4735432768#3913419748,0,0,0.49983580448898507
3628839716#3436663620,0,0,0.4953673431661204
564144132292#2058494409,0,0,0.48859125687689775
146011948003#1656969942,0,0,0.4958051732298118
36551936093#4199527734,0,0,0.4883755005779487
1537709317#2338916683,1,0,0.49559343116772664
121528725386#3591598893,0,0,0.48889803576671026
156117434515#1550894049,0,0,0.4900534142050094
2057186102#2057186115,0,0,0.4882162670130203
3055561351#2662986035,0,0,0.48951444230087904
3633572726#2092610533,0,0,0.4945786140695004
3494236195#3870637640,0,0,0.48944274561853107
2111350136#2111349786,0,0,0.4970965549804886
4226781300#4529171947,0,0,0.4940920008128377
3551952830#4209814745,0,0,0.49135477962818674
4024663252#4451124306,1,0,0.49213133464058784
18466522141#4261185678,0,0,0.4895318641871596
2057082463#3995923367,0,0,0.4883755005779487
1634250118#4455408499,0,0,0.4891128068947477
4538335537#2165145983,0,0,0.48888870249544036
2063839578#2150886701,0,0,0.48841439831185846
4219594137#4219594127,0,1,0.5005014064767738
90189178714#3633572726,0,0,0.4900534142050094
2098280462#5206198663,0,0,0.49250273259148036
4283786658#106190147770,0,0,0.4900534142050094
50016874555#4591638149,0,0,0.4945786140695004
4232728984#2115678997,0,1,0.5023601568820396
2081884594#2137028345,0,0,0.4895964443495995
4828655959#3418808231,0,0,0.49256688348525146
2057202352#2054736144,0,0,0.49025875378711636
364662567901#1746603523,0,0,0.4891304060275163
3487828519#4150903702,0,0,0.4975719275926486
5199216300#5199216301,0,0,0.4841329136306931
1556785910#4591638149,0,0,0.4900534142050094
1693941156#2296537627,0,0,0.4890748943317496
4636041774#4636382579,0,1,0.518870530685246
1736318365#4286394339,0,0,0.48867393136740295
4943818903#3806980943,1,1,0.504773701216453
1326198015#2055601072,0,0,0.48859125687689775
4705427870#1565925307,0,0,0.4906640931200358
5209073343#3715240690,0,0,0.49362966049058593
3986575237#4072366761,1,0,0.49701120401572363
2055626031#2055626033,0,1,0.5026419278496284
1425289196#4720990749,0,0,0.48844981212699723
1318626251#2063572073,0,0,0.49682796992084893
1659519065#1780636702,1,0,0.4893555515006027
4129173722#1762522969,0,1,0.5070033350904454
4346970606#1816427366,0,0,0.49334933407897813
117873856741#4624086112,0,0,0.49924186586924507
88520940864#87008148161,0,1,0.5037417330141354
3446029032#2063572073,0,0,0.48819864201290936
2071793223#1733350200,0,0,0.48987655563997
4181867888#109765155485,0,0,0.4900534142050094
4657354263#4256622048,0,0,0.4900534142050094
3995923367#3050152494,0,0,0.4900534142050094
4944579314#5194366020,0,0,0.4891954813852528
2060290691#1661790023,0,0,0.48915755398115635
190330815066#210012116583,1,0,0.4890756039163843
2054734592#2120518542,0,0,0.49249012471846
2115662086#4232471781,0,0,0.4900534142050094
3610178183#2060042758,0,0,0.4900534142050094
4542321633#3836992879,0,0,0.4897654198354744
2122362220#4286394339,0,0,0.4826881506691473
2119493181#1701593387,0,0,0.4931428116117037
2057211704#2056727309,0,0,0.4929734436702467
6633392282#3083904084,0,0,0.4888507899324423
4877560558#2117971399,0,0,0.48956977675015756
4232666143#4657354263,1,0,0.4900534142050094
4242849949#4232728984,0,0,0.4974842126237548
4436356008#2059397275,0,0,0.49369658040834835
2061352093#4274088675,0,0,0.4900534142050094
3915411982#4185429549,0,0,0.4901971610924835
4973150488#14613466961,0,0,0.4955749219379256
187508564338#2111346464,0,0,0.4954286728394085
4623972652#2011670508,0,0,0.49493068481221725
146778888902#2117931367,0,0,0.4896524512406627
3903280581#3591598893,1,0,0.4826120427032241
2059125338#2059977717,0,0,0.49149895593445764
1912538880#1780636692,0,0,0.4900534142050094
4436356008#2098280462,0,0,0.4936355080113794
1590408241#1778796425,0,0,0.4900534142050094
1659519065#4720990748,0,0,0.48351594044414475
4897454823#107725296889,0,0,0.4949960500370505
1710182160#2062633327,0,0,0.4900534142050094
2119478248#2057986140,0,0,0.4905981240568302
4810275464#2057120547,0,0,0.4902776958508048
5206198663#4259293142,0,1,0.511788093030897
1816427371#3363359849,0,0,0.4883755005779487
1627677359#2055298458,0,0,0.4911739181023798
3972766136#3993296567,0,0,0.49156629915871547
1778563597#2027839123,0,0,0.4900534142050094
1431851220#2060836540,0,0,0.4900534142050094
307410722133#3816455026,0,0,0.4900534142050094
4199527734#3052760872,0,0,0.4883755005779487
4572636292#4435566465,1,1,0.5067427875276131
4385184737#1537709306,0,0,0.48859125687689775
430837878381#2060042758,0,0,0.48889803576671026
4768693982#2062285767,0,0,0.4878912482545503
2057352941#1778986389,0,0,0.48987655563997
4165283827#4219594127,0,0,0.4898293098057021
81902710995#4636382579,0,0,0.4912842251532281
2111350136#2114716134,0,0,0.49788083107664455
1736318365#3809186919,0,0,0.4849522039172463
4750249486#4810275464,0,0,0.48893594832970827
1319944364#1533725661,0,0,0.4945786140695004
1830214692#3628839717,0,0,0.4900534142050094
1590408241#3706865825,0,0,0.4900534142050094
152713369272#3610178183,0,0,0.4900534142050094
2056156370#1303518148,0,0,0.4891128068947477
3240377870#2058258958,0,0,0.4900534142050094
3045580653#1463883823,0,0,0.49191456162593516
2011670508#2070025653,0,0,0.4937707678064992
4071233134#4451288784,1,0,0.4996823652007077
3287136303#5010035639,0,0,0.4890528298784734
2050581826#50016874555,0,0,0.4900534142050094
3806980943#3766757689,0,1,0.5101482674466916
1710182160#14613588147,0,0,0.4900534142050094
2113712804#2027457810,0,1,0.5088937399118221
2065023444#2065023449,0,0,0.49360432820485933
14613464513#4129173722,0,0,0.4883755005779487
1479236025#1320992608,0,0,0.49335346985683054
174006932062#2077171978,0,0,0.4900534142050094
210012116583#156116289986,0,0,0.4895964443495995
2063706226#2296451977,0,0,0.48244200664405895
3836676657#3836992879,0,0,0.4948889053758657
121528725386#1533725661,0,0,0.48956977675015756
156117434515#183335907108,0,1,0.5027585489599277
4897454488#2055601072,0,0,0.48859125687689775
4451342530#4897454488,0,0,0.49453908018164056
2056727309#1646205905,0,0,0.4915666207914137
4006530352#4018083310,0,0,0.4874035981291338
4479070818#2113712804,0,0,0.4895318641871596
1743052872#3050152494,0,0,0.48841439831185846
4808240601#4035397646,0,0,0.49029260634493577
4065797638#3501315747,0,0,0.49402035674852746
69055007639#69055008791,0,0,0.4992595663132178
5194582482#1556785910,0,0,0.49398736067959276
4077473357#3446029030,0,0,0.4880433082286864
2051966916#1326198016,0,0,0.4900534142050094
4451089335#3612961288,0,0,0.4941767575298713
2150886701#2063888292,1,0,0.4948799012238551
3641396498#4436356008,0,0,0.4978598517567095
3501315747#4150903702,0,1,0.5059438099951268
4242849949#2118965491,0,0,0.48987655563997
9746294364#3487828531,0,0,0.48850725369945
4509158303#3949154929,0,1,0.513206448581997
4825375981#4897862520,0,0,0.49469311667305205
4665681736#4728076352,1,1,0.5038822568948247
1805614122#1303518148,0,0,0.48887087297197174
2056078364#2016866285,0,0,0.4940949766146485
4643943359#5352185903,0,0,0.48117965406450397
54158063899#81902710995,0,0,0.4883755005779487
4897454488#4898730640,0,0,0.4896145238365663
2119398744#2165015466,0,0,0.4900534142050094
2057898501#2055946248,1,1,0.5108542149944092
3862453322#3072525687,0,0,0.4900534142050094
4215058789#3319075608,0,0,0.49183069599928375
2027839123#4354044382,0,0,0.48931410813796034
7161172305#5094736780,0,0,0.4880548605142694
3240377870#4479096850,0,0,0.4900534142050094
3046447657#4435666805,0,0,0.4947736927552431
4231111906#4226659635,0,0,0.4900534142050094
3648903741#3415143762,0,0,0.49966665773302227
2066535766#3629624977,0,0,0.4900534142050094
4159034451#3995923367,0,0,0.4883755005779487
4241366976#4354044382,0,0,0.49518307883920043
4455655369#1758869231,0,0,0.49430402309160043
5352675624#3120043199,0,0,0.48987655563997
37959222365#1638853392,0,0,0.48987655563997
2056520022#2057202352,0,0,0.49025875378711636
2071751695#3402256673,0,0,0.49039560850309255
3474685542#3513178266,0,0,0.4906197501820493
4436356008#4316370583,0,0,0.4948946601257203
2057082379#4877560558,1,1,0.5147165344066119
3436663620#3513178266,0,0,0.4913660770409911
4285491833#1906908670,0,0,0.4895964443495995
1479236028#1479236025,0,0,0.49335346985683054
2063878463#1316070394,0,0,0.48889803576671026
5210260401#5352185903,0,0,0.48987655563997
2056078364#2177416829,0,0,0.4968625617256648
212394033260#208339001895,0,0,0.4900534142050094
174006932062#3591598893,0,0,0.4900534142050094
2671772709#4272885125,0,0,0.4891954813852528
2057211704#18466210670,0,0,0.49614231587188357
2219112205#3017056355,1,0,0.4900534142050094
173652977366#197910587768,0,0,0.4900534142050094
3043036534#1723151709,0,0,0.4919570188560421
114453608394#4768693982,0,0,0.4844475395655796
4391919171#3816455026,0,0,0.4900534142050094
1726591551#138960910846,0,0,0.48987655563997
3077307902#2640338192,0,0,0.4883755005779487
1533725661#1349608070,0,0,0.48919322854627423
2057275313#2071793223,0,0,0.48987655563997
4259293142#2078213282,1,1,0.511788093030897
4657354263#4862024152,0,0,0.4921142884755719
4215058789#4808240616,0,0,0.4900534142050094
4606793746#4828653957,0,0,0.49135477962818674
3972766136#1453527936,0,0,0.48739698070468895
4589830735#3077743360,0,0,0.48987655563997
2027457805#2027457810,0,0,0.4885213713135125
4860360403#1778796425,0,0,0.4900534142050094
1434305170#4538332005,0,0,0.4894195857845601
4285617569#1474190672,0,0,0.48811535265385764
1416528046#3988152389,0,0,0.4900534142050094
4129059855#3612961288,1,1,0.5003138130632506
12910266318#52346437064,1,0,0.49118408915187034
2062285767#4635981164,1,0,0.4919316222380868
2057082463#4720990749,0,0,0.48841439831185846
1474190672#3046471496,0,0,0.492157521080766
2075393157#4436356008,0,0,0.49246689042100067
2057186115#2057186168,0,0,0.48663867077302747
2114716134#2165015488,0,0,0.4956126840995093
4691126574#4168332323,0,0,0.492062562645131
3474685542#1592367367,0,0,0.4900534142050094
4643941609#18467725403,0,1,0.5036843343844339
2114279054#3496048657,0,0,0.48859125687689775
3648904752#3729925561,0,0,0.4993725374306745
1434312727#1425289196,0,0,0.4967333066708373
1479236023#1479236028,0,0,0.49335346985683054
4272887201#4317041484,0,1,0.5019624404526359
1637980981#2114716134,0,0,0.4900534142050094
76198377822#4877560558,0,1,0.5224364557100948
2059977717#2111038059,0,0,0.49149895593445764
1600123318#5352675624,0,0,0.4900534142050094
2059124838#3023688258,0,0,0.4900534142050094
4199527734#1805614122,0,0,0.4883755005779487
1354017991#2060836540,0,0,0.49093038790011
1712137054#245814065042,0,0,0.4891128068947477
4165922067#4215058789,0,0,0.4900534142050094
4898730640#4511530729,0,0,0.49065637104529747
2079578434#2143152116,0,0,0.48500121617394804
2079578434#2060192911,0,0,0.4843238868734233
1758869231#7161173338,0,0,0.4938067666264555
1727736761#3495408683,0,0,0.4927127597792736
1425598204#1505439079,0,0,0.49966259231302074
2072319821#2740883313,1,0,0.4919778724287584
4828655959#4401898255,0,0,0.4900534142050094
4451342530#107725296889,0,0,0.48950017122925565
3602134198#3591598893,0,0,0.4753217682459077
2268304430#3016942950,0,0,0.4878918631230969
114693583065#121528725386,0,0,0.4923394675901695
3591598893#124657516337,0,0,0.48791853072253877
2075393157#4643809596,1,0,0.4981541895743945
4327866563#156117434515,0,1,0.5081492690438371
2027457810#4636508845,0,1,0.5091313383517131
1614597826#2066977172,0,0,0.4900534142050094
249652232743#2111346464,0,0,0.48893594832970827
3715785447#3715869354,0,0,0.49721078503484556
4272843119#4526688598,0,0,0.4898293098057021
3633495980#2063839578,0,0,0.4940949766146485
4705427861#4705427870,0,1,0.5042149608649629
430837878381#4538375930,0,0,0.48933441254619575
4181867888#3929215225,0,0,0.4900534142050094
3931049291#4254790911,0,0,0.4901852364229552
1403216308#3363374184,0,0,0.4888713681672684
1533725661#2059397275,0,0,0.4953963420378259
3715877024#3715869354,0,0,0.49929603685507856
1565925308#1878732185,0,0,0.4987077663665336
146778888902#146777938215,0,0,0.4901715041037853
2063057962#2060042758,0,0,0.49131678005905555
2026069710#3289002505,0,0,0.4894195857845601
3946838650#4448697469,0,0,0.492062562645131
4450968363#2112250533,0,0,0.489575365067235
2058531412#1416827061,0,0,0.4900534142050094
3715869354#4031814900,0,0,0.49721078503484556
3972766136#2523741989,0,0,0.4881513961786414
2268287413#2359348328,0,0,0.4877150045580575
1659951159#4720990748,0,0,0.4903131096659436
4623934568#4205438611,0,0,0.49428140459595254
2063572073#2071793223,0,0,0.48987655563997
3451234547#3628839717,0,0,0.4910767200374593
3053472155#1667288610,0,0,0.48841439831185846
4272885125#1912538880,0,0,0.4942967914994027
1660889815#3445905086,0,0,0.4900534142050094
1726591551#2120525705,1,0,0.4949906769135971
2296574953#3395466908,0,0,0.49034027405381403
3043036534#3461052410,0,0,0.4910767200374593
1812202957#4272843119,0,0,0.4894195857845601
2060189370#4534359957,0,0,0.48841439831185846
4231111906#4657354263,0,0,0.4900534142050094
3602134198#3601857963,0,0,0.4859125792553192
2055626031#1929467433,0,0,0.4900534142050094
2115662086#2068436073,1,1,0.5001299040943911
1432014682#2066535766,1,0,0.49466919591763614
4589929428#2165015488,0,0,0.4900534142050094
4511530729#2143152116,0,0,0.48867393136740295
52346437064#18465721026,0,0,0.48904822673230774
2162682667#5067776785,0,0,0.4895964443495995
3287633018#203654552716,0,0,0.49218823640593246
3578109143#203654552716,0,0,0.4886467685726645
4391918874#4391919171,0,0,0.4951449230524693
3973253490#1372557160,0,0,0.4930164775386712
4221651134#90189177809,0,0,0.4900534142050094
2340035845#4205424867,0,0,0.4900534142050094
4179651570#2281691154,0,1,0.5074934002858271
4742698844#1354017991,0,0,0.48859125687689775
2057082463#2057082379,0,1,0.5003341691856071
4297145562#4945702240,0,0,0.4900534142050094
2165015466#2114716134,0,0,0.4900534142050094
1423044582#2070025653,0,0,0.49515113112655973
200569781240#3633495980,0,0,0.4938664612703934
4720990749#156276503685,0,0,0.48982457440848054
415654814203#415654832276,0,0,0.4900534142050094
2055601072#2060290691,0,0,0.48859125687689775
1590527066#18467669365,0,0,0.4890748943317496
5169257472#5169252503,0,1,0.5015770755206391
4808180492#4808240601,0,0,0.49197688214652424
4943818903#114401992972,0,0,0.4900534142050094
2074388205#2056929980,1,0,0.49104644288543414
5169252712#5169252503,0,0,0.4985372229940283
156276601478#2016866285,0,0,0.4900534142050094
2120518542#1410164195,0,0,0.4900534142050094
2181531828#2183968048,0,1,0.5142947328429927
2057112219#1614597826,0,0,0.4900534142050094
3474685537#3513178266,0,0,0.4906197501820493
4256906448#178615973311,0,0,0.4900534142050094
4636508851#2027457810,0,1,0.5091313383517131
1634282666#1778563595,0,0,0.49925708211154357
2050840604#2066246683,0,0,0.4945786140695004
2063873633#2057186168,0,0,0.4893550056221202
1590527066#1556785910,0,0,0.49398736067959276
2113288221#2165015488,0,0,0.4900534142050094
2122362220#4285709207,0,0,0.48238137177933477
3474685542#5123189265,0,0,0.48791853072253877
2359348328#2067179166,1,0,0.48956977675015756
2057186102#2057120532,0,0,0.48663867077302747
4219594127#2050429337,1,0,0.48956977675015756
4526688598#415654832276,0,0,0.4892691381088535
4261128456#4031814900,0,0,0.4895964443495995
4199527734#3929215225,0,0,0.4900534142050094
3525475722#14613461939,0,1,0.5001970077396234
4451124306#4215027256,0,0,0.4926149720954397
3715877024#1456843034,0,0,0.4900534142050094
4435666805#4206310186,1,0,0.4925340982894759
3621799271#4774992939,0,0,0.4900534142050094
2061673563#4726073967,0,0,0.494539486203133
1347237190#1701470611,0,0,0.4883755005779487
2115678997#1430989592,0,1,0.5030678987361986
1736318365#3621799271,0,0,0.4900534142050094
3055561351#1903466347,0,0,0.48987655563997
2055946248#2111038059,0,0,0.48709629523253056
3846877365#3715869354,0,0,0.4900534142050094
2640338192#3290768654,0,0,0.4887081257833148
4451124293#4465664542,0,0,0.4812643369893015
3692826364#1431851220,0,0,0.4894195857845601
4742698844#3993296567,0,0,0.4900534142050094
1646205905#1417009342,0,1,0.5159651736283177
3072564418#1549897545,0,0,0.49746392513301435
3809186919#5209073343,0,0,0.4900534142050094
2117971015#4145496082,0,0,0.4890748943317496
4705427870#190330815066,0,0,0.4888507750913439
4165151066#3023688258,0,0,0.4900534142050094
3648904752#4272885125,0,0,0.49929455084921914
1308273301#5078702464,0,0,0.4890748943317496
2061352093#3610178183,0,0,0.4900534142050094
3629624977#3913419748,0,0,0.49983580448898507
2060189370#2060836540,0,0,0.48882412233300043
2068611560#2296574953,1,0,0.47843719221446823
87008148161#90189178714,0,1,0.5002380988288256
138961977066#18465721026,0,1,0.5015770755206391
4327866563#4043193319,0,1,0.5103379621815237
4878579203#3083904084,0,0,0.4900534142050094
178615973311#4448830722,0,0,0.4883755005779487
2117971015#2150886701,0,0,0.48859125687689775
1326198015#3285703159,0,0,0.4888507899324423
4643943359#6013639039,0,0,0.49326849153595864
2026258519#3896058143,0,0,0.4922420328430474
3451234547#3513178266,0,1,0.5157016325183473
4231111906#46983614517,0,0,0.4900534142050094
4161509156#4691126574,0,0,0.492062562645131
1701593387#1432014682,0,0,0.4898293098057021
3487828519#3487828531,0,0,0.4977706231408409
2296537627#18467669365,0,0,0.4889591081636792
2058258958#1537709306,0,0,0.49358267999018884
2296451977#5210259386,0,0,0.48987655563997
2296451977#4065797640,0,0,0.48987655563997
5185529458#4529171947,0,0,0.49431360646428585
4188977524#3501315747,0,1,0.5045423967152185
3931049291#3056884476,0,0,0.48713983173762476
1492507866#3602134198,0,0,0.48791853072253877
2114390938#1639275755,0,0,0.4889591081636792
3052169593#3052760872,0,0,0.4985495476445276
2056727309#18466522141,0,0,0.48352901911188156
1778563597#1634282666,0,0,0.49925708211154357
3240377870#4452228094,0,0,0.4900534142050094
4057038032#3997209484,0,0,0.4900534142050094
1416827061#2080829137,0,0,0.4883755005779487
69055007639#69609155599,0,0,0.4992595663132178
4451342530#2070691342,0,0,0.4900534142050094
3525475722#2455800880,0,1,0.5152591796114463
10175162517#9746294364,1,0,0.4900534142050094
1417009342#1417015453,0,1,0.533312361156343
4209814745#1537709306,0,0,0.4900534142050094
2057552209#3580539229,0,1,0.5104005796667171
3055561351#156117434515,0,0,0.48951444230087904
4575249992#4757328062,0,0,0.48859125687689775
5169257472#138961977066,0,1,0.5015770755206391
4808238795#2058663034,0,0,0.4921557266373941
3578109143#2072319821,0,0,0.4896700744051143
3054084564#53263231637,0,0,0.48904822673230774
4411426624#3683502845,0,0,0.4899388164069673
106190147770#47752312088,0,0,0.4895964443495995
4231111906#4232471781,0,0,0.4900534142050094
455581610977#492316061640,0,0,0.49608209331542197
87008148161#90189177932,0,1,0.5002380988288256
2055626031#1659951159,0,0,0.4893077597878523
117873856741#3120043199,0,0,0.48987655563997
4415227218#2056156370,0,0,0.48888870249544036
2138881484#5121642074,0,0,0.4895318641871596
4947650145#3043036534,0,0,0.48859125687689775
5210259386#2283920901,0,0,0.48987655563997
4226659634#4231111906,0,0,0.4900534142050094
4188896319#4065797640,0,0,0.48819864201290936
2150886701#2079578434,0,0,0.48194712422565106
1552378116#4804117485,0,0,0.492062562645131
114453608394#1882929309,0,0,0.4900534142050094
14190297481#52346437064,0,0,0.4907004516970185
1727736762#1778563597,0,0,0.49902955958632306
4436356008#4623788579,0,0,0.4900534142050094
4705427861#4357742929,0,1,0.500559033153938
4716857454#3926967278,0,0,0.4900534142050094
29299658960#2068654074,0,0,0.4931086572377146
1774582761#379478718058,0,0,0.4900534142050094
2074388205#2072319821,0,0,0.4898293098057021
174006932062#2063839578,0,0,0.4898293098057021
3050152494#1558033119,0,0,0.48835338531968486
2523741989#4272137501,0,0,0.4898293098057021
1446739157#1590527066,0,0,0.49278473640702564
2077171978#4878261986,0,0,0.4893550056221202
2077171978#1712137054,0,0,0.49229626973750223
4878082767#4878261986,0,1,0.5219305111471454
138961977066#5169252503,0,1,0.5015770755206391
174006932062#3929215225,0,0,0.4900534142050094
2671772709#4691126574,0,0,0.48844981212699723
1535646713#4414530598,0,0,0.4900534142050094
4506633524#2056078364,0,0,0.4894195857845601
4526688596#4530026055,0,0,0.47119965496179156
3033446767#2111818909,0,0,0.49293855878084736
3591598900#3591598893,0,0,0.4753217682459077
1834169653#227607176751,0,0,0.4958950320353267
4215038721#4215027256,1,0,0.4926149720954397
4435586554#4348295931,0,0,0.489753933899662
4357742929#2016866285,0,0,0.4900534142050094
4316999082#4316999113,0,0,0.48827476506506073
2176434538#1878732185,0,0,0.4900534142050094
2159160651#2117971399,0,0,0.49191223289685204
1592253963#1696577548,0,0,0.48819029391255114
232579778763#4973150488,0,0,0.4824686742435009
1550894049#4205438611,0,0,0.4883755005779487
1453527936#2115678997,1,1,0.5038034741041895
2065023459#2065023453,0,0,0.49360432820485933
47752312088#4755359264,0,0,0.49066155396310884
3418808231#1834169653,1,0,0.4900534142050094
2119388077#2183428945,0,1,0.5047545140500563
3461052410#3445564730,0,1,0.5008250407656817
4526688598#4035397646,0,0,0.4898293098057021
4261128452#2057082379,0,0,0.4838721474803054
4181867888#3606108939,0,0,0.49073074350553414
4157551094#1711846546,0,0,0.4883755005779487
4750249486#2069985286,0,0,0.4900534142050094
4448697469#4261128452,0,0,0.4895964443495995
4043193319#114453608394,0,0,0.488994521978818
4447023801#3997209484,0,0,0.48956977675015756
4232728984#2068436073,0,0,0.49891069127154836
4705427870#4828655959,0,0,0.4888507750913439
1667001955#3363359849,0,0,0.49118223440846054
2059109005#3446029032,0,0,0.4906551415586371
138960910846#4205424867,0,0,0.4895964443495995
4897454823#4479096850,0,0,0.4978765084645931
2455800880#2455842713,0,1,0.5088449203868257
1417015453#109165560395,0,0,0.4894195857845601
2114279054#2058494409,0,0,0.4973289305163659
1778986389#1878732185,0,0,0.4962478600965975
1318626251#373850283306,0,0,0.48987655563997
5185244731#152713369272,0,0,0.4900534142050094
4643941609#18468695966,0,1,0.5036843343844339
3494236195#1634282666,0,0,0.48944274561853107
2060290691#2058663034,0,0,0.4900534142050094
4509158303#4391918874,0,0,0.4900534142050094
14190297481#47752312088,1,0,0.49268956498187577
1712137054#4231111906,0,0,0.4900534142050094
2050840604#407966480507,0,0,0.4900534142050094
1885490974#3816455026,0,0,0.4943688269672721
370314330573#4878579203,0,0,0.4900534142050094
3903280586#3903280573,0,0,0.4826120427032241
2070686849#1667288610,0,0,0.49270915737137727
4673557611#14190297481,0,0,0.4895318641871596
5206198663#2078213282,0,1,0.5180277810833828
370314330573#1483087858,0,0,0.4883755005779487
2057573219#3461052410,0,0,0.4900534142050094
2056520022#1431887069,0,0,0.48967651213284347
3766757689#2159160651,0,0,0.48956977675015756
4824054256#4090681438,0,0,0.4900534142050094
1590408241#4283786658,0,0,0.4900534142050094
4808238795#4720990747,0,0,0.49158172434706776
4636382579#1410164195,0,0,0.49148268740493556
4538375930#3846877365,0,0,0.4890748943317496
138961977066#210012116583,0,0,0.4923394675901695
2060192911#2054733437,0,0,0.4839849584764195
146778888902#219547393842,1,0,0.4932735532588242
114401992972#2119388077,0,0,0.49613133573377366
1347237190#4623934568,0,0,0.4900534142050094
126501897635#1639325148,0,0,0.4895964443495995
2117967935#2066535766,0,0,0.4900534142050094
1723151709#4952427189,0,0,0.4900534142050094
4506633524#1600123318,0,0,0.4900534142050094
4386494215#4090681438,0,0,0.489661393823642
2057858826#2050581826,0,0,0.4900534142050094
106190147770#3495408683,0,0,0.4891128068947477
5169252503#18466210670,0,1,0.5015770755206391
4776817109#5094736780,0,1,0.5111971458750422
2065023459#4662517140,0,0,0.4900534142050094
183335907108#4180609537,0,0,0.49125880216106516
3485676898#1655427579,0,0,0.4889591081636792
3052169593#2115662086,0,1,0.5015753064017997
3289002505#4065797640,0,0,0.49961031888949425
4824054256#4705427870,0,0,0.4900534142050094
4878082767#4526688596,0,0,0.4900534142050094
3896058143#4777051438,0,0,0.4900534142050094
1479236024#1320992607,1,0,0.49335346985683054
1656969942#2739075334,0,0,0.49237509491007114
200569781240#18467669365,0,0,0.48904822673230774
29607898384#2068654074,0,0,0.4931086572377146
4206304466#1684806079,0,0,0.4900534142050094
227607176751#1423044582,0,0,0.49088896985819075
2455842712#4283786658,0,0,0.4900534142050094
6633440508#1627677359,0,0,0.48889803576671026
1667032705#237523614768,0,0,0.48904448177811516
3487828531#4150903702,0,0,0.4975719275926486
4526688598#1639325148,0,0,0.4900534142050094
406088738482#1483087858,0,0,0.4890748943317496
4274088675#4176537188,0,0,0.48713802085537444
114693583065#1811511062,0,0,0.4900534142050094
9062983415#1592367367,0,0,0.49610680265961643
117154450703#3077743360,0,0,0.4879384940888183
2297005450#564144132292,0,0,0.48889803576671026
3436663620#3451234547,0,0,0.4913660770409911
4442900590#3742463975,1,1,0.5031446203671157
4636041770#54158093151,0,0,0.4895964443495995
3053472155#3240377870,0,0,0.4900534142050094
3862453322#2063888292,0,0,0.48841439831185846
4636522140#4532035181,0,0,0.48841439831185846
81553005637#2061673563,0,0,0.494539486203133
3072564418#3903280581,0,0,0.4900534142050094
114401992972#14190297481,0,0,0.4916061358692827
1403928333#2060192915,0,0,0.4843238868734233
3632560565#1431851220,0,0,0.4894195857845601
1372557160#114693583065,0,0,0.49135477962818674
4176537188#146011948003,0,0,0.4900534142050094
4435586554#4285491833,0,0,0.4908760889737727
249652232743#156273955489,0,0,0.4824823949365905
3446029032#4077473357,0,0,0.4880433082286864
4636522140#4444948728,0,0,0.49851396765698963
1774582761#5060996735,0,0,0.4900534142050094
2061441544#2283920901,0,0,0.4900534142050094
4452228094#3485676898,0,0,0.4894195857845601
1905948078#3580539229,0,0,0.4900534142050094
4006530352#2118643101,0,0,0.4945786140695004
3644272514#90189177809,0,0,0.4900534142050094
3633495980#3629624977,0,0,0.49504304308042973
54158093151#3934681694,0,0,0.49700489258418046
4465664542#2455842712,0,0,0.48956977675015756
4202053398#4145496082,0,0,0.4890748943317496
4036848581#4052058734,0,1,0.5004478573309896
1639394625#5163452200,0,0,0.4907047354911612
2057858826#2071793223,1,0,0.48987655563997
1712570793#47752312088,0,0,0.4900534142050094
1708981181#4005134611,0,0,0.492989830892555
4036848581#1425598204,0,0,0.49966259231302074
2056520022#3230219871,0,0,0.4872875435287892
309312101477#156273955489,0,1,0.5002419599297149
2057120547#2076366005,0,0,0.4900534142050094
11087571368#4471122121,0,0,0.48096440097434395
2027457633#4636382579,0,1,0.5080358265766465
2065023453#1906908670,0,0,0.49360432820485933
107725296889#4897454488,0,0,0.4949960500370505
47752312088#3461052410,0,0,0.4900534142050094
4202053398#4897454510,0,0,0.48859125687689775
4391919171#4584646241,0,0,0.4951449230524693
2359348328#2123106282,0,0,0.48987655563997
4808240601#4808238795,0,0,0.49197688214652424
156117434515#2060836540,0,1,0.5061898245645409
4514271066#4401898255,0,0,0.4996523766691201
3683502845#3445905086,1,0,0.4867551416460508
4196030610#152713369272,0,0,0.492062562645131
4065724850#4698569942,0,0,0.4900534142050094
4636446230#5163452200,0,0,0.49265168738230464
2066246683#3809186919,0,0,0.48689026546839803
2115662086#307410722133,0,0,0.48888870249544036
4878579203#4623972834,0,0,0.4900534142050094
4356117363#2219112205,0,0,0.49513611072013186
5210263415#29607898384,0,0,0.48987655563997
4317041484#1811511062,0,0,0.4955275171602307
4065797640#4150903702,1,0,0.4945039942033793
2057986140#2063057962,1,1,0.5042152974128463
2057685237#3973253490,0,0,0.4900534142050094
3083904084#379478718058,0,0,0.4900534142050094
2068611560#6013639039,0,0,0.4812504038854808
1758869231#4636143697,0,0,0.48820437996059973
2359572372#3978215502,0,0,0.4900534142050094
1818675501#2112250533,0,0,0.49179007459295493
4346970606#2072319821,0,0,0.48919147842448524
4226781300#14613476507,0,1,0.504754040726884
5123189260#3926741754,0,0,0.4900534142050094
370314330573#4469027502,0,0,0.4883755005779487
3487828519#3942084480,0,0,0.4879384940888183
4947650145#156274815378,0,0,0.489531368991863
4180609537#3016942950,0,0,0.4878918631230969
2947790103#2115880476,0,0,0.4900534142050094
2070025653#4946289727,0,0,0.4937222867255033
4790633062#4808240601,0,0,0.49197688214652424
197910587768#117277915830,0,0,0.4900534142050094
4899954714#4509158303,0,0,0.4900534142050094
2057858826#2060062994,0,0,0.48893594832970827
2117967935#4232666143,0,0,0.4900534142050094
2112250533#109165560395,0,0,0.4894195857845601
14613461939#2120525705,0,0,0.4900534142050094
4511530729#5067776785,0,0,0.48377003966667814
5078702464#3290768654,0,0,0.4900534142050094
2068436073#2115678997,0,1,0.5094690656764704
37959222365#1434312727,0,0,0.48987655563997
4623788579#4623017083,0,0,0.48987655563997
2057202352#1431930648,0,0,0.4896466881848561
3949154929#54158054598,0,0,0.4900534142050094
14613466961#124657516337,0,0,0.4883755005779487
5210260401#5210259386,0,0,0.4928396189736318
2063873633#4391918874,0,0,0.4900534142050094
2061673701#4415227218,0,0,0.4891954813852528
4206177048#3606108939,0,0,0.4900534142050094
4635981164#1746603523,0,0,0.4888507899324423
4435666805#3913554478,0,0,0.49050451724419875
7161173338#173652977366,0,0,0.49149895593445764
1347237190#2117971399,0,0,0.4900534142050094
1416827061#1639324466,0,0,0.4900534142050094
1638853392#1634282666,0,0,0.4973257401143974
3896058143#2112250533,0,0,0.4900534142050094
4043193319#6633392282,1,1,0.5008760477921854
4469027502#1483087859,0,0,0.47617971427016237
3715240690#4090681438,0,0,0.4900534142050094
4065797640#4828655959,0,0,0.48987655563997
3806980943#2027457810,0,0,0.48354010001827047
10175162517#54158062043,0,0,0.4900534142050094
4810275464#3240377870,0,0,0.4900534142050094
3487828531#4553673830,0,0,0.48987655563997
2180579787#2183968048,0,1,0.5096804025283863
4161509156#4947650145,0,0,0.4900534142050094
4226659635#1510345157,0,0,0.4900534142050094
5123189265#7161172305,0,0,0.4915784821034287
1816427366#1712570793,0,0,0.49902955958632306
3046471496#4810275464,0,0,0.4900534142050094
4031814900#4327866563,0,0,0.49540992781799753
4005134611#1877399023,0,0,0.4883755005779487
4219594137#4952427189,0,0,0.4900534142050094
4825375981#2359113449,0,0,0.4900534142050094
2219112205#4878082767,0,0,0.4900534142050094
106190147770#245814065042,0,0,0.4891128068947477
1656969937#1830214692,0,0,0.49119159063925194
29298304831#29607898384,0,1,0.5059348621004695
4506633524#3926963318,0,0,0.49142927730424335
4274088675#4219594137,0,0,0.4900534142050094
2027457633#1805614122,0,0,0.48717287630538164
4526688599#4526688598,0,0,0.47119965496179156
88520940864#69055007639,0,0,0.49960427040837635
4356117363#4878082767,0,0,0.4900534142050094
4750249486#4451089335,0,0,0.4965177430908044
1716261756#1780636692,0,1,0.5007098414290473
2297005450#1505439079,0,0,0.48915755398115635
3055561351#2111038059,0,0,0.49049965013209146
4206177048#1423044582,0,0,0.49850587888983194
4998365450#4606793746,0,0,0.4896768660011261
4076081471#5134159053,0,0,0.4891134793365323
314601953357#1659951159,0,0,0.4890831453521499
4415227218#4316370583,0,0,0.4951609018590255
1830525975#1834023606,0,0,0.48987655563997
2070691342#4947650145,0,0,0.4900534142050094
3072525687#2056156370,0,0,0.4900534142050094
4662517140#1639275755,0,0,0.4878539505600989
2066535766#2136847331,0,0,0.49256688348525146
4256725997#4256906448,0,0,0.4900534142050094
3881629589#146011948003,0,0,0.4900534142050094
1479236023#1479236027,0,0,0.49335346985683054
2163161399#3235756553,1,0,0.4900534142050094
156117434515#2340035845,0,0,0.4900534142050094
2359113449#2058494409,0,0,0.4900534142050094
4792436579#4034038494,0,0,0.4900534142050094
1727736761#1708981181,0,0,0.4900534142050094
14613466961#14613461654,0,0,0.4930532366726825
2092610533#2117971399,0,0,0.4900534142050094
4878579203#3997209484,0,0,0.4900534142050094
3816455026#4036848581,0,1,0.5038561835018802
3045566056#2076366005,0,0,0.4900534142050094
4838534990#1701593387,0,0,0.4900534142050094
4808180492#1646205905,0,0,0.48841439831185846
3501315747#3487828531,0,0,0.4975719275926486
4808180492#2111038059,0,0,0.48841439831185846
1552378116#2057186102,0,0,0.48837567782443686
4212827921#53263231637,0,0,0.48956977675015756
1403216308#4877560558,0,0,0.48893594832970827
4624086112#69055008791,0,0,0.48889803576671026
1693941156#1834023606,0,0,0.4900534142050094
3946838650#4804117479,0,0,0.4901245010939792
4346970606#3761153782,0,0,0.48819029391255114
76198377822#5210260401,0,0,0.4900534142050094
1759198080#2054736144,0,0,0.4878069807807418
2059977717#2058663075,0,0,0.4900534142050094
2067179166#3232083339,0,0,0.4900534142050094
14613461654#14613461939,0,0,0.4930532366726825
4526688599#303433622485,0,0,0.49435450967019307
1417015453#2114048932,0,1,0.533312361156343
2061244620#1431930648,0,0,0.4896466881848561
156117434515#2055581605,0,0,0.4892903379015717
2063878463#4090681438,0,0,0.48889803576671026
4070427569#3761153782,0,0,0.49134002997086684
1639412951#1639275755,0,0,0.49301247446810337
4202053398#1354017991,0,1,0.515884597065466
2057211704#1417009342,0,1,0.5054964515627804
2055946129#1656969937,0,0,0.4873085676127087
4755359264#12910266318,0,0,0.4923394675901695
4526688599#4973150488,0,0,0.4821733842758752
2051253311#2057986140,0,0,0.48867393136740295
1403216308#2056520022,0,0,0.49126704694617884
4385184631#2059124992,0,0,0.48991160450531884
2947790103#3946838650,0,0,0.4900534142050094
3770456617#4354044382,0,0,0.49518307883920043
4808238795#4808180492,0,0,0.49197688214652424
4256725997#4790633062,0,0,0.4900534142050094
2079578434#1684806079,0,0,0.48500121617394804
1830525969#1830525975,0,0,0.49897996961258506
4878579203#315728832242,1,0,0.4900534142050094
1307874587#4385184737,0,0,0.4904937684617559
10175162517#3289002505,0,0,0.4900534142050094
2060062994#2063572073,0,0,0.49522315606199746
156276503685#2065699619,0,0,0.4893929181851182
4643943359#4643809596,0,0,0.49343025845987326
1816512025#1659519065,0,0,0.49354132097445713
2055626031#2055626030,0,1,0.5022404991615085
3903280567#5022594784,0,0,0.4945786140695004
3485676898#3770456617,0,0,0.4900534142050094
3995923367#3881629589,0,0,0.4920248865715237
4346970606#1549897545,0,0,0.4895318641871596
178615973311#173652977366,0,0,0.4845575353972146
14613466961#14613461939,0,0,0.4930532366726825
4824054256#135028851546,0,0,0.4900534142050094
4454799835#3319075608,0,0,0.4907518518029814
4973150488#2455800880,0,1,0.5018775160341249
4465664542#4316370583,0,0,0.48183458911294236
3913554478#3485676898,0,0,0.48841439831185846
50016874555#1535646713,0,0,0.4949985603138747
4242696539#4705427870,0,1,0.5108289516539695
492316061640#3020557801,0,0,0.48859125687689775
2268287413#2268304430,0,0,0.4878918631230969
4455408499#2061673701,0,0,0.49692811922467617
3045566056#2359348328,0,0,0.4877150045580575
3628839717#3513178266,0,0,0.4910767200374593
2092610536#2050840604,0,0,0.4945786140695004
106190147770#29298304831,0,0,0.4895964443495995
4636508851#2118416856,0,0,0.4888507899324423
1308273301#111110399548,0,0,0.4895964443495995
2119478248#2359572372,0,0,0.4898563440998726
3993041966#3988152389,1,0,0.49467669884272125
4455408499#81553005637,1,1,0.505111699524391
4205424867#81553005637,0,0,0.4900534142050094
1639412951#4636143697,0,0,0.4939356598920846
4005134611#210012116583,0,0,0.49066155396310884
4992689820#3108657350,0,0,0.49065637104529747
4297145562#1401982309,0,0,0.4900534142050094
4448830722#4636508845,0,0,0.4920938854363942
5010035639#174006932062,0,0,0.4900534142050094
1759198091#2055626031,1,1,0.5042075909088065
4673557611#4716857454,0,0,0.4900534142050094
2088439298#1711846546,0,0,0.48939880641039857
407966480507#430837878381,1,0,0.4970299762470223
392281366488#315728832242,0,0,0.48611576887138175
3946838650#2073668282,0,0,0.4811644411127984
1816512025#4526688599,0,0,0.4881513961786414
3648903741#1912538880,0,1,0.500473987280613
2070691342#4219594127,0,0,0.49317499919067065
2061352093#2071793223,0,0,0.48987655563997
81553005637#1500161456,0,0,0.48987655563997
69609155599#69054998391,0,0,0.4992595663132178
3761153782#3513178266,1,0,0.49813826356968854
2268304430#50016874555,0,0,0.4900534142050094
60367620373#53263277044,0,0,0.4950144110624177
3052760872#1500161456,0,0,0.4900534142050094
1431851220#1432014682,0,0,0.49555378628583635
4277564473#4215027256,0,0,0.4900534142050094
3926963318#2065023444,0,0,0.4900534142050094
4129059855#3075634363,0,0,0.48987655563997
2114438559#2070025653,0,0,0.488867153174015
2338916683#2339749085,0,0,0.4951025988708797
1639325148#4165922067,0,0,0.4900534142050094
364662567901#2339749085,0,0,0.4895873758829262
111110399548#212394033260,0,0,0.49135477962818674
2057120532#2057186168,0,0,0.48663867077302747
4726073967#2118416856,0,1,0.5089575947077869
3050152494#2056078364,0,0,0.4850663996541221
4447023767#4633378534,0,1,0.5093452829439141
53263277044#4952427189,0,0,0.4900534142050094
2060290691#4450968363,0,0,0.48889803576671026
4455655369#4452060617,0,0,0.4979276093447378
3621799271#25405387739,0,0,0.4900534142050094
1432014682#5185529458,0,0,0.4898293098057021
3017056355#3108657350,0,0,0.4900534142050094
1859920904#2740883313,0,0,0.4902924439413033
4150903702#4188896319,0,0,0.4975719275926486
1320992607#2117971015,0,0,0.48859125687689775
3706927247#146778888902,0,0,0.4898293098057021
4529171819#3715869354,0,0,0.4900534142050094
4188977524#4188896319,1,0,0.4975719275926486
3060607943#1394416929,0,0,0.4986856823479006
4323500487#1667001955,0,0,0.4895318641871596
5352675624#5199216300,0,0,0.4807596726753866
189546061243#5210259474,0,0,0.48987655563997
1432014682#3045580653,0,0,0.4898293098057021
2050429337#4206310186,0,0,0.49085618466241515
1878732185#4534359957,0,0,0.4875799326873824
3551952830#4354544112,0,0,0.4900534142050094
4447023801#4323500487,0,1,0.5100601081560987
4448697469#4804117485,0,0,0.492062562645131
4070427569#4435792377,0,0,0.4940159249384131
3081749686#3245545040,0,0,0.4965109585696472
2058531412#4254790911,1,0,0.48737202475194275
4804117485#3402256673,0,0,0.492062562645131
4385184737#4356117363,0,0,0.4900534142050094
2057211704#2057186115,0,0,0.4902776958508048
4348295931#1637980981,0,0,0.4874918235143895
4065797640#3487828519,0,0,0.48987655563997
1778563595#5010035639,0,0,0.4887081257833148
5094736780#5123189260,0,0,0.49777477702251355
3610178183#4973150488,0,0,0.4900534142050094
2016866285#2119493181,0,0,0.4940949766146485
4514271066#5194366020,0,0,0.4900534142050094
69282286107#1805614122,0,0,0.4895873758829262
156116289986#18468695966,0,0,0.4889591081636792
1429413488#3054084564,0,0,0.4888507750913439
4451089335#4452060617,1,0,0.4923219853377712
3032272331#4436356008,0,1,0.5003810370558498
2113288221#2165015466,1,0,0.4900534142050094
2122362220#200569781240,0,0,0.48904822673230774
4506633524#4185429549,0,0,0.4909723074488334
4636041770#2062233925,0,0,0.49001174184672047
2071793223#25244788647,0,0,0.4900534142050094
2740883313#1492507866,0,0,0.4906197501820493
3692826364#1758869231,1,0,0.4960441938626958
1425289196#1320992608,0,0,0.4972300950135822
2059483876#2054733437,1,0,0.4919685747006102
2183963548#2181531828,0,1,0.5148339465758599
4414530598#4241366976,0,0,0.4978510132661377
2455800880#3591598900,0,0,0.48889803576671026
1762522969#4316999082,0,0,0.4883755005779487
4898730640#4992689820,1,0,0.49065637104529747
3285703159#2051966916,0,0,0.4900534142050094
18467725403#2063706226,0,0,0.49639918835351005
1859920904#4157551094,0,0,0.4900534142050094
1708981181#1877399023,0,0,0.4883755005779487
3474743878#2150886701,0,0,0.4826455328085402
309312101477#309312102749,0,1,0.5019945330511392
1537709317#1537709308,0,1,0.5072679574527529
69607735174#69055008791,0,0,0.4992827261471887
4076081471#4035397646,0,0,0.49499698567781125
2165015488#2359572372,0,0,0.4900534142050094
1483087858#18466354888,0,0,0.47563500441834156
1639412951#1639253622,0,0,0.49301247446810337
1403216308#2066535766,0,0,0.4900534142050094
18466601978#4735432768,0,0,0.4900534142050094
3446029030#4442900590,0,1,0.5006335215940495
2057146445#2071793223,0,0,0.48987655563997
2054699471#4524153991,0,0,0.4896524512406627
2061441544#4221651134,0,0,0.4900534142050094
2057120547#1627677359,1,0,0.48881977047194675
1701470611#2112250533,1,0,0.4894195857845601
4161509156#4804117485,1,0,0.48886769291108334
3363374184#4226781300,0,1,0.5098709403253353
4285491833#4285709207,0,0,0.48238137177933477
4354044382#3083904084,0,0,0.48841439831185846
1711846546#1932250238,0,0,0.4902187872177026
2057211704#3706865825,0,0,0.4900534142050094
2070627808#2296451977,0,0,0.481118581667535
2068654074#3931049291,0,0,0.4888713681672684
1410164195#1914706723,0,0,0.49031045010582663
173652977366#117755505510,0,0,0.4845575353972146
2119478248#3903289669,0,0,0.4900534142050094
1639901072#5209073343,0,0,0.4914734931845083
4316999113#4348295931,1,0,0.49183238628268555
4897454823#4897454510,1,0,0.49997882089697776
1965402836#2075393157,0,0,0.49344583864960134
2065023444#2077171978,0,0,0.49360432820485933
1430988070#2115678997,0,1,0.5035248685916086
4624086112#124657516337,0,0,0.494582260915453
4165922067#2061441544,0,0,0.4900534142050094
2063873633#2061673701,0,0,0.48987655563997
2062633327#4129173722,0,0,0.4900534142050094
3978215502#3927439605,0,0,0.4900534142050094
3931049291#3915411982,0,0,0.4942881270481639
4024663252#1637980981,0,0,0.48819029391255114
2057552209#3629624977,0,1,0.5104005796667171
3056884476#183335907108,0,0,0.48990072608468466
1711846546#4155642921,0,0,0.4886919879118788
2092610533#2177416829,0,0,0.4929007004424398
2055626034#2055626033,0,0,0.4977152992970175
197910587768#2183968048,0,0,0.4945786140695004
1308273301#4506633524,0,0,0.4890748943317496
2113712804#2065023444,0,0,0.4900534142050094
81553005637#2061673701,0,0,0.4971609846807788
3995923367#9746294364,0,0,0.4864374390267969
208339001895#200569781240,0,0,0.4900534142050094
2281691154#2455842713,0,0,0.48967662168537734
1432014682#1639901072,0,0,0.493628332418491
54158054598#14613455236,0,1,0.503981774091488
309312102749#156273955489,0,0,0.49547011938356134
4716857454#4532014296,0,0,0.4887855006540016
2111350136#1637980981,0,0,0.4900534142050094
3712801411#2050581826,0,0,0.4900534142050094
3474743878#1319944364,0,0,0.4910767200374593
2119493181#2062233925,0,0,0.48985913375368945
2268287413#5199216300,0,0,0.4893929181851182
4108691753#3494236195,0,0,0.49484977745817993
4878579203#4283786658,0,0,0.4900534142050094
3913554478#4526688598,0,0,0.484404524136739
3052169593#2061673563,0,0,0.491159586181499
1430989592#2118416856,0,1,0.5011165908891095
4506633524#2111349786,0,0,0.4900534142050094
2075628492#4883922403,0,0,0.4876770919950595
14613461939#2455842712,0,0,0.4967691981101345
5076405390#2114716134,0,0,0.4900534142050094
2119493181#4348295931,0,0,0.4778447878870275
3418808231#3402256673,0,0,0.4900534142050094
4261185678#4354044382,0,0,0.48887087297197174
69282286107#2055601072,0,0,0.4895318641871596
4691126574#3402256673,0,0,0.4956920640798534
4436356008#4862024152,0,0,0.49412164421409044
232579778763#5010064143,0,0,0.4934097903390422
111110399548#167570408533,0,0,0.4858589008203919
4036848581#5352185903,0,0,0.48887087297197174
69282286107#2120518542,0,0,0.48987655563997
2061441544#3418808231,0,0,0.4900534142050094
3032272329#2098280462,0,0,0.49250273259148036
2057186102#54158063899,0,0,0.4883755005779487
4636382579#3072525687,0,0,0.491148925980076
1965402836#2523741989,0,0,0.49435450967019307
2159160651#2092610533,0,0,0.4900534142050094
4036848581#2056156370,0,1,0.5047966652509465
4947650145#4575249992,1,0,0.49431254841234507
4606793746#4898730640,0,0,0.49135477962818674
4256725997#4256622048,0,0,0.4900534142050094
436617713935#364662576302,0,0,0.4900534142050094
4636041774#4636041770,0,1,0.5185922143011032
4590185312#156274815378,0,0,0.47563500441834156
2183963548#2183428945,0,1,0.5148339465758599
1914706723#3230219871,0,0,0.48867393136740295
4943818903#3766757689,0,1,0.504773701216453
4808238795#4808240616,0,0,0.49197688214652424
1349608070#3235756553,0,0,0.4923394675901695
2057146445#2057202352,0,0,0.48987079258416344
3052165975#2059124992,0,0,0.4889591081636792
156274815378#1639324466,0,0,0.4895964443495995
4716857454#4455655369,0,0,0.4900534142050094
3052760872#4636143697,0,0,0.4883755005779487
2119388082#106190147770,0,0,0.4900534142050094
4705427870#44498925795,0,0,0.4900534142050094
2359113449#3016942950,0,0,0.4883755005779487
3487828519#3927439605,0,0,0.4975719275926486
4452228094#1640284457,0,0,0.4894195857845601
2057352941#5352185903,0,0,0.48987655563997
81902710995#53263277044,0,0,0.4942301349662618
407966480507#146777938215,0,0,0.4943691445923634
3683502845#3742463975,0,1,0.5024559787737287
1614597826#18466601978,0,0,0.49192889022895164
2117931367#3032272329,0,0,0.49060197578571274
1639275755#4698569942,1,0,0.4900534142050094
3949154929#2057146445,0,0,0.48887087297197174
2455842712#1932250238,0,0,0.4896494588906388
1614597826#1319944364,0,0,0.4905981240568302
1492507866#4076081471,0,0,0.4895964443495995
307410722133#3997209484,0,0,0.489721427756254
2117971399#1723151709,0,0,0.49191223289685204
2175800284#4425561518,1,0,0.49979587257051256
3249354040#2057552209,0,1,0.5044522112920196
1805614122#3047031444,0,0,0.49198066251572664
2065699619#1637980981,0,0,0.4893929181851182
3591598900#1479236028,0,0,0.48987655563997
3485676898#1778563595,0,0,0.4910767200374593
54158062043#54158054598,0,1,0.5041649839207426
1556785910#1487584016,0,0,0.49398736067959276
1319944364#4898730640,0,0,0.4900534142050094
2118643101#2281691154,0,0,0.4945786140695004
2219112205#1537709306,0,0,0.4900534142050094
109765155485#2011670508,0,0,0.49416959918599396
2068602973#18468687381,0,0,0.49639918835351005
4532035181#370314330573,0,0,0.49515940308673734
1716261756#1479236025,0,0,0.49335346985683054
1614597826#2027839123,0,0,0.48941708862983285
1394416929#1660889815,0,0,0.4900534142050094
2057120532#2076366005,1,0,0.4900534142050094
315728832242#3083904084,0,0,0.48987655563997
5124643800#1727736761,0,0,0.4900534142050094
4810275464#4285617569,0,0,0.48811535265385764
4448830722#3993041966,0,0,0.4900534142050094
4385184631#4090681438,1,0,0.4977111204140981
4973150488#3525475722,0,1,0.5055078986202297
4206177048#2070025653,0,0,0.49382614468653097
4031814900#4529171947,0,0,0.48882362713770383
4643809596#1347237190,0,0,0.48899188860013854
5194366020#3946838650,0,0,0.4900534142050094
2057186168#5163452200,0,0,0.4876765967997629
4538375930#4506633524,0,0,0.4903371028641701
1474190672#4232728984,0,0,0.48841439831185846
2058258958#4215058789,0,0,0.4900534142050094
4451342522#4451342530,0,0,0.4867088036215387
1639412951#3513178266,0,0,0.4903427712085413
2055298458#3927040910,0,0,0.4916548855699813
2098280462#1423044582,0,0,0.48867393136740295
2119478248#2165015488,0,0,0.4956126840995093
3319075608#2113439579,0,0,0.48819029391255114
1727736761#1634282666,0,1,0.505835726715668
4450784429#3032272331,0,0,0.4927268369907877
114693583065#114453608394,1,0,0.4934488659989974
4226781300#2359348328,0,0,0.48956977675015756
2150886701#3290768654,0,0,0.48310250266395016
2183968048#2026258519,1,1,0.5142947328429927
4448830722#4636522140,0,0,0.4900534142050094
2119388077#1727736762,0,0,0.4900534142050094
2113288221#2111349786,0,0,0.49788083107664455
4808240601#76198377822,0,0,0.48888870249544036
1453532038#2056520022,0,0,0.48982122119069144
2165015488#3903289669,0,0,0.4900534142050094
2062233925#2063057962,0,0,0.49154088445836286
3108657350#2111350136,0,0,0.4900534142050094
4532014296#3474743878,0,0,0.4895964443495995
3927040910#2076366005,0,0,0.4900534142050094
4824054256#1736318365,0,0,0.4900534142050094
2359474749#2359348328,0,0,0.4840738979423627
3023688258#5194366020,1,0,0.4900534142050094
1349608070#1416827061,0,0,0.4883755005779487
4020730390#4034038494,0,1,0.500405186247339
5210259474#2118416856,0,0,0.48987655563997
1487584016#5194582482,0,0,0.49300884080633295
10553947604#5134159053,0,0,0.4935117890082939
2183968048#1708981181,0,0,0.4946677445196157
2080829137#1965402836,0,0,0.49344583864960134
2063873633#4435586554,0,0,0.48904822673230774
10175162517#4698569942,0,0,0.4900534142050094
2057858826#2063572073,0,0,0.49370384893145774
364662567901#492316061640,0,0,0.49950223744434347
14613464513#14613466961,0,0,0.4930532366726825
3060607943#3913554478,0,0,0.4890748943317496
3046471496#91686025987,0,0,0.4900534142050094
2055626033#3446029030,0,0,0.4898293098057021
4242891248#4031814900,0,0,0.4891128068947477
2177416829#1762522969,0,0,0.4929007004424398
3761484186#2114438559,0,0,0.4895318641871596
1639324466#3644272514,0,0,0.4895964443495995
4435566465#4479070818,0,1,0.5090767451788559
4242849949#2061673563,0,0,0.494539486203133
1905948078#2120518542,0,0,0.49474297587518284
3287136303#2180579787,0,1,0.5057885840800652
1888052788#1888052790,0,0,0.49667713271916564
2159160651#1723151709,0,0,0.49191223289685204
4944512773#4206304466,0,0,0.4883755005779487
4943818903#4755359264,0,0,0.4900534142050094
4226659634#4256725997,0,0,0.4900534142050094
109765155485#189546061243,0,0,0.486635388723304
2114716134#2059124992,0,0,0.4900534142050094
4450888165#2455894769,0,0,0.4894195857845601
4584646241#2292556895,0,0,0.4900534142050094
18466522141#54158062043,1,1,0.5060829993928632
2092610533#4808240601,0,0,0.4898293098057021
2092610533#2061352093,0,0,0.4898293098057021
2076366005#2060062994,0,0,0.4900534142050094
2661092323#5185529458,0,0,0.49655256032455597
3072525687#1758869231,0,0,0.4924988439028106
50016874555#2298730254,0,0,0.49344583864960134
1667288610#4219594127,0,0,0.48841439831185846
4176537188#2058531412,0,0,0.48737202475194275
4897454510#4897454517,0,1,0.502198204586934
3269719212#1736318365,1,0,0.4891820213913284
90189177932#4465664542,0,0,0.4900534142050094
4444948728#2120518542,0,0,0.4900534142050094
4509158303#4532035181,0,0,0.4900534142050094
69607735174#69054998391,0,0,0.4992827261471887
232579778763#3606108939,0,0,0.4895964443495995
212394033260#2059124838,0,0,0.4900534142050094
187508564338#3023688258,0,0,0.4900534142050094
2455842712#14613464513,0,0,0.4967691981101345
4726073967#5210263415,0,0,0.48987655563997
2055946248#2059125338,0,0,0.49243592150807386
25244788647#1929467433,0,0,0.49362966049058593
4808180492#156276503685,0,0,0.49605318249341646
4057038032#3870637640,1,0,0.498441707788646
3706927247#2359474749,0,0,0.4900534142050094
1537709317#4776817109,0,0,0.4914832957031425
4952427189#1416827061,0,0,0.4900534142050094
4757328062#4673557611,0,0,0.4895318641871596
4451342522#3446029030,0,0,0.4883755005779487
4642512906#4944512773,0,0,0.49142083819014265
4354044382#2175800284,0,0,0.4942045589659406
2058663075#3285703159,0,0,0.4900534142050094
3648904752#3648903741,0,0,0.48541079075932037
3445905086#4451288784,0,0,0.4960304001930362
4584646241#4532035181,0,0,0.4900534142050094
3632560565#1432014682,0,0,0.4896524512406627
5121642074#114693583065,0,0,0.48811535265385764
1590547354#3915411982,0,0,0.489899715473941
88520940864#90189178714,1,1,0.5002380988288256
3081749686#1430989592,0,1,0.5016512957658902
1736318365#4454799835,0,0,0.48819029391255114
1656969942#3706927247,0,0,0.4898293098057021
1326198015#2056929980,0,0,0.49037401965752286
2058563113#2973532517,1,1,0.5079067276092526
208339001895#109165560395,0,0,0.4900534142050094
1318626251#2061352093,0,0,0.49088917055727904
2063706226#1693941156,0,0,0.49099456739375374
2071864814#3046447657,1,0,0.49085618466241515
3072525687#3072564418,0,1,0.5001063047389844
2113288221#2119398744,0,0,0.4954286728394085
208339001895#4232471781,0,0,0.4900534142050094
69055007639#2027839123,0,0,0.4894195857845601
4529171819#5185529458,0,1,0.5045186765229221
138961977066#2114438559,0,0,0.4900534142050094
1425289196#1479236027,1,0,0.49335346985683054
29299658960#4165283827,0,0,0.4900534142050094
564144132292#4448697469,0,0,0.48933758373583963
3641396498#2219112205,0,0,0.4900534142050094
3363374184#5185529458,0,1,0.5081551141352767
2057898501#4534359957,0,0,0.48913596672871856
1474190672#4720990748,0,0,0.489575365067235
1308273301#1354017991,0,0,0.48859125687689775
2165015466#2111350136,0,0,0.4900534142050094
4072366761#4415227218,0,0,0.4914923249777705
4346970606#4705427870,0,0,0.48836715247759044
2118965491#2056727309,0,0,0.49603953562479025
1920503864#4226659635,0,0,0.4900534142050094
4823801269#3108657350,0,0,0.4893550056221202
4548461997#3809186919,0,0,0.4900534142050094
14613461654#2075393157,0,0,0.4864374390267969
1417009342#2114048932,0,1,0.5364484773935254
2050581826#2057685237,0,0,0.4900534142050094
29607392514#29298304831,0,0,0.49849911560462845
2077171978#2065023453,0,0,0.49360432820485933
4623934568#1659519065,0,0,0.489479411914683
1463883823#60367620373,0,0,0.4927001842324442
1434305170#1425289196,0,0,0.4967333066708373
2026069710#4206304466,0,0,0.4900534142050094
4451124293#4277564473,1,0,0.4900534142050094
4316999082#4285709207,0,0,0.4896985139048191
4828655959#1834169653,0,1,0.5004550143419737
156117434515#4261128452,0,0,0.4895964443495995
1774582761#3601857963,0,0,0.4945077900077263
1431930648#1762522969,0,0,0.4900534142050094
2119388077#2183963548,0,1,0.5063072357143296
3081749686#3052760872,0,0,0.4985495476445276
4691126574#1592253963,0,0,0.4970035892470473
2113439579#1417015453,0,1,0.5269915969989573
2061673701#4726073967,0,0,0.4973850890800861
3032272331#2098280462,0,0,0.49250273259148036
4514271066#1834169653,0,0,0.4941767575298713
3023688258#4526652844,0,0,0.49149895593445764
5352675624#5354187271,0,0,0.48372399421470486
2523741989#2128656141,0,0,0.4900534142050094
4665681736#4259293142,0,1,0.5084074567593158
1712137054#1326198016,0,0,0.4913305351632753
2057858826#2062633327,0,0,0.4900534142050094
1659951159#1667001955,0,0,0.48896559908904047
2973532517#1479236023,0,0,0.4935303284218699
14613460476#54158093151,0,1,0.5092251195960891
4808240616#4808180492,0,0,0.49197688214652424
2119388082#1727736762,0,0,0.4900534142050094
69054998391#69055008791,0,0,0.4992827261471887
69054998391#4623017083,0,0,0.48944274561853107
3487828531#4188896319,0,0,0.4962026256521285
1818675501#2165015488,0,0,0.4900534142050094
5206198663#2137028345,0,1,0.505630234740969
3927439605#3501315747,0,1,0.5045423967152185
4589929428#4823801269,0,1,0.5098300282397498
53263277044#50602309472,1,0,0.49094127773915447
2076366005#3926967278,0,0,0.4900534142050094
53263231637#50602309472,0,0,0.4878929032065971
3474685542#3474685537,0,0,0.48837943879639184
4354544112#307410722133,0,0,0.492871807815377
3055561351#3487828519,0,0,0.48987655563997
4161509156#4804117479,1,0,0.48692963135993156
4357742929#4356117363,0,1,0.5036323791895864
5123189265#5123189260,0,0,0.49547580140001396
18468695966#4623788579,0,0,0.48987655563997
1639275755#4259293142,0,0,0.4900534142050094
4590185312#4469027502,0,0,0.4790155688189283
307410722133#3978215502,0,0,0.49208753171922104
2059125338#3023688258,0,0,0.49149895593445764
5076405390#4316370583,0,0,0.49443915135782157
3240377870#14613460476,0,1,0.5061612693299571
3363359849#314601953357,0,0,0.4883755005779487
3942084480#5062861485,1,0,0.4897121214530156
3525475722#14613465315,0,0,0.4987425836433234
156276601478#18466522141,0,0,0.4875610086045609
3232083339#3986575237,0,0,0.49073074350553414
14613461654#14613464513,0,0,0.4930532366726825
117277915830#173652977366,0,0,0.4855114370578503
4327866563#1320992608,0,0,0.48859125687689775
3290768654#219547393842,0,0,0.4900534142050094
227607176751#4077027238,0,0,0.4900534142050094
1830525975#1816512025,0,0,0.491763406993513
4179651570#1394416929,0,0,0.4895964443495995
1905948078#1726591551,0,0,0.4893929181851182
2055626033#3075634363,0,0,0.49442065596381035
4705583754#4735432768,0,1,0.5053090708192572
3809186919#1882929309,1,0,0.48706712403343744
370314330573#4385184631,0,0,0.4900534142050094
4658956014#4897454510,0,0,0.4919120672934053
4720990749#4720990747,0,0,0.48771563948821794
4070427569#9062983415,0,1,0.5087614725522204
174006932062#121528725386,0,0,0.4898293098057021
5134159053#2065023444,0,0,0.4900534142050094
4317041484#4272885125,1,1,0.5037838673417059
1667288610#2070025653,0,0,0.4909694656063997
2165145983#2057120532,0,0,0.48937233995029217
1965402836#4470296934,0,0,0.4945786140695004
1847716478#302839388028,0,0,0.49087404976794086
208339001895#1639394625,0,0,0.4900534142050094
1403928333#2143152116,0,0,0.4903331415345088
3072524524#3060607943,0,0,0.4900534142050094
5022594784#178615973311,0,0,0.4883755005779487
4636143697#1550894049,0,0,0.4883755005779487
4728076352#3915411982,0,0,0.4900534142050094
87008148161#69607735174,0,0,0.49908272039052654
4232471781#4657354263,0,0,0.4900534142050094
174006932062#4065797638,0,0,0.4900534142050094
1830214692#7161173338,0,0,0.4947383950381118
1833697097#1834023606,1,0,0.49171255597835395
2051966916#2058663034,0,0,0.4900534142050094
3903280573#1453532038,0,0,0.4894195857845601
156276601478#10553947604,0,0,0.4900534142050094
232579778763#1590547354,0,0,0.4914006418989206
18468580547#138961977066,0,1,0.5015770755206391
4454799835#4215038721,0,0,0.49661074789223236
2075628492#2077171978,0,0,0.47506015749906666
3436663620#3474743878,0,0,0.4906197501820493
5210263415#5210259474,0,0,0.48987655563997
4448830722#1912538880,0,0,0.4900534142050094
1727736762#3077307902,0,0,0.4908384599145664
4642512906#29607898384,0,0,0.4947862621181849
2181531828#4411426624,0,0,0.4945786140695004
3683502845#1303518148,0,0,0.48841439831185846
2055581605#1431930648,0,0,0.48945240773353615
2071793223#4899954714,0,0,0.48987655563997
4808240616#4808240601,0,0,0.49197688214652424
2338131041#2338916683,0,0,0.4951025988708797
4742698844#60367620373,0,0,0.4920377232507485
4938690872#1723151709,0,0,0.4900534142050094
4636508845#4232728984,0,0,0.4915569504223136
4623972834#1552378116,0,0,0.49111945658701006
3319075608#4277564473,0,0,0.4898293098057021
1483087859#1811511062,0,0,0.48961960418357037
4899954714#4226781300,0,0,0.4900534142050094
2112250533#5134159053,0,0,0.49179007459295493
2114716134#3278113988,0,0,0.4943081943915033
50016874555#2056727309,0,0,0.48987655563997
2117971015#2057898501,0,0,0.48859125687689775
3715785447#1640284457,0,0,0.48836715247759044
3903280586#3903280567,0,0,0.4826120427032241
2063572073#2057275313,0,0,0.49370384893145774
156117434515#4256981120,0,0,0.4900534142050094
4526688598#4808240601,0,0,0.4898293098057021
1474190672#5199216295,0,0,0.48841439831185846
4716857454#4952427189,0,0,0.4900534142050094
4635981164#2074388205,0,0,0.4898293098057021
4165283827#2070691342,0,0,0.4900534142050094
5169253299#4285491833,0,0,0.4900534142050094
2057573219#4286394339,0,0,0.4900534142050094
2059977717#2055946248,0,0,0.4900534142050094
2055946129#3045580653,0,0,0.4898293098057021
3770456617#1416827061,0,0,0.4925712583309819
2027839123#1535646713,0,0,0.49115896938872894
5169253299#4726073967,0,0,0.4900534142050094
212771874474#4181867888,0,0,0.4890528298784734
2072319821#2058663075,0,0,0.4900534142050094
3108657350#1349608070,0,0,0.49135477962818674
1637980981#69055007639,0,0,0.4894195857845601
3495408683#1552378116,0,0,0.4842021321556912
3926963318#1592367367,0,0,0.4916061358692827
3715877024#2060290691,0,0,0.4900534142050094
3972742243#3591598893,0,0,0.4872201221396496
4327866563#2113093450,0,0,0.49195471358922704
2136847331#4946289727,1,0,0.4940684440914414
3628839716#3474685537,0,0,0.4910767200374593
4470296934#3050152494,0,0,0.4945786140695004
3402256673#200569781240,0,0,0.48904822673230774
3761153782#3451234547,0,0,0.49044289161700994
2119398744#5210259386,0,0,0.4900534142050094
2111349786#3278113988,0,0,0.4943081943915033
50016874555#36551936093,0,0,0.48987655563997
4411426624#4205424867,0,0,0.4891128068947477
114693583065#167570408533,0,0,0.4879613676063872
1303518148#1882929309,0,0,0.48706712403343744
53263277044#4506633524,0,0,0.4893550056221202
2072319821#2057858826,0,0,0.4886467685726645
4316999113#1431887069,0,0,0.48956977675015756
2071751695#4705427870,0,0,0.4817903226509823
1394416929#5194582482,0,0,0.49353039082418276
4897454510#4451342522,1,0,0.4966413926140252
4209814745#2338131041,0,0,0.4900534142050094
1533725661#2163161399,0,0,0.4883755005779487
87008148161#69609155599,0,0,0.49960427040837635
2057858826#1710182160,0,0,0.48987655563997
4261128456#14613465315,0,0,0.4898210423073969
2111038059#4526652844,1,0,0.4885418369619788
3445905086#4077473357,0,0,0.4869024419940812
4471122121#53263277044,0,0,0.49094127773915447
53263231637#60367620373,0,0,0.496363506926566
124657516337#1778563597,0,0,0.4972344643893243
2113093450#3495408683,0,0,0.49478833453625376
2065699619#373850283306,0,0,0.4986372904842083
4860360403#3240377870,0,1,0.5061612693299571
4529171947#6633392282,0,0,0.49431360646428585
4232666143#4232471781,0,0,0.4900534142050094
1736318365#1303518148,0,0,0.48220270510026525
2066535766#2111346464,0,0,0.4900534142050094
2057082463#156117434515,0,1,0.5053109928847781
18467669365#4232728984,1,1,0.5140959038000088
4526688596#1655427579,0,0,0.4797516655402659
4952427189#2061441544,0,0,0.4900534142050094
4452228094#4354044382,0,0,0.4894195857845601
4346970606#4155642921,0,1,0.5006292906466463
2112891471#2739075334,0,0,0.4886467685726645
4232471781#4256725997,1,0,0.4900534142050094
4589830735#3075628047,0,0,0.48956977675015756
4323500487#4633378534,0,1,0.5049769360175305
4538335537#1875282048,0,0,0.49224319953593587
415654832276#4357742929,0,0,0.4900534142050094
1665894324#1656969942,1,0,0.4932868314784187
2119493181#2056078364,0,0,0.4972846471490844
2073668282#2077171978,0,0,0.47506015749906666
4589830735#36551936093,0,0,0.48987655563997
4065797640#5062861485,0,0,0.48987655563997
212771874474#187508564338,0,0,0.49587611976245005
87008148161#69055007639,0,0,0.49960427040837635
4260680249#4286394339,0,0,0.48625057756282364
29607898384#2297005450,0,1,0.503233240637881
4479096850#4897454517,1,0,0.4977350637146925
3973253490#2119388077,0,0,0.4916061358692827
2111350136#2113288221,0,0,0.49788083107664455
4992689820#4606793746,0,0,0.49135477962818674
4703840109#3913419748,0,0,0.49983580448898507
2339749085#1537709306,0,0,0.4940396498455988
203654552716#1403216308,0,0,0.48933758373583963
4526688598#2296537627,0,0,0.4898293098057021
5194582482#2128656141,0,0,0.4900534142050094
1463883823#4259293142,0,0,0.4945786140695004
364662576302#415654814203,0,0,0.4900534142050094
4179651570#3972766136,0,0,0.48991044998493094
9746294364#2092610533,0,0,0.4883755005779487
4435666805#4219594137,0,1,0.5044953693974874
4662517140#4952427189,1,0,0.497748786157688
4070427569#117873856741,0,0,0.48714707065205176
2066246683#4643941609,0,0,0.48998870795136507
4205438611#4327866563,0,0,0.4893374048525451
1778796425#2055626031,0,0,0.49823684931486734
4804117479#69055007639,0,0,0.4900534142050094
3485676898#1778563597,0,0,0.4910767200374593
2640338192#1932250238,0,0,0.4930164775386712
4643941609#18468687381,0,1,0.5039084387837413
4943818903#3926741754,0,0,0.4895318641871596
1639412951#2073669601,1,0,0.48758255362907393
4157551094#1463883823,0,0,0.4900534142050094
5123189260#364662576302,0,0,0.4900534142050094
4703840109#1537709306,0,0,0.4900534142050094
2123106282#430837878381,0,0,0.48987655563997
2058278464#1347237190,0,0,0.490424387238617
4346970606#2740883313,0,0,0.48919147842448524
2057275313#1710182160,1,0,0.48987655563997
4590233117#114401992972,0,0,0.4883755005779487
1479236028#1479236027,0,0,0.49403079915735526
2176434538#1888052788,0,0,0.4900194603360076
1479236027#46983614517,0,0,0.4935303284218699
1759198091#1778796425,0,0,0.49823684931486734
18467725403#1479236025,0,0,0.48987655563997
4180609537#4825375981,1,1,0.5075758946397831
4206201723#4435666805,0,0,0.49635516402728025
455581610977#1479236024,0,0,0.4900534142050094
1550894049#2058494409,0,0,0.4941767575298713
2056156370#4077027238,0,1,0.5003946227022853
4828655959#4165922067,0,0,0.49399989896483193
4589775642#4532014296,0,0,0.4949748916948438
4286394339#1549897545,0,0,0.4895318641871596
4703840109#3913410158,0,0,0.49983580448898507
3926963318#3846877365,0,0,0.4900534142050094
4529171819#4450968363,0,0,0.48867393136740295
1410164195#2114049002,0,0,0.4900534142050094
4451342522#4774992939,0,0,0.4895964443495995
81902710995#11087571368,0,0,0.48784847488935507
2092610536#1882929309,1,0,0.48706712403343744
1656969937#5010064143,0,0,0.48889736687179
4111311078#4176537188,1,0,0.48737202475194275
114693583065#138961977066,0,0,0.495640310873072
3903280581#3972742243,0,0,0.4895964443495995
2080829137#4623788579,0,0,0.48987655563997
2119388077#2007329552,0,0,0.4957866316386151
307410722133#3927439605,0,0,0.48888870249544036
5123189265#407966480507,0,0,0.48881216825344354
156276601478#14613455236,0,0,0.49434733870572084
4716857454#2079578434,0,0,0.4900534142050094
54158093151#14613588147,0,1,0.5118507607768535
1431851220#1701593387,0,0,0.4895964443495995
1349608070#121528725386,0,0,0.4918558301353177
3712801411#4436356008,0,0,0.4933659619779827
2066535766#138960910846,0,0,0.4900534142050094
2059124838#3269719212,0,0,0.4894195857845601
1878732185#2050840604,0,0,0.4900534142050094
4542321633#4589775642,0,0,0.49800884164940357
373850283306#373850284448,1,1,0.5043088859262244
12910266318#14190297481,0,0,0.49095998475256303
60367620373#2066246683,0,0,0.49490075399712735
5060996735#4623934568,0,0,0.4900534142050094
4385184631#4385184737,0,0,0.49815613278203025
1307874587#4385184631,0,0,0.49152336824944176
2026258520#4938690872,0,0,0.4900534142050094
2057211704#4202053398,0,0,0.49718157117187983
3903280567#3602134198,0,0,0.48600446714781603
1759198080#3075634363,0,0,0.4939370185089585
2455800880#2296451977,0,0,0.4895971019502857
46983614517#29299658960,0,0,0.4900534142050094
25405387739#18468687381,0,0,0.48944274561853107
2117967935#1431851220,0,0,0.4900534142050094
2066977172#3436663620,0,0,0.4900534142050094
2027457805#4636508845,0,1,0.5091313383517131
2066246683#2114049002,0,0,0.4894195857845601
5185529458#183335907108,0,1,0.5122204469150357
4272137501#2098280462,0,0,0.489528119232967
2055946248#2123106282,0,0,0.48987655563997
3770456617#2027839123,0,0,0.49518307883920043
4436356008#4471122121,0,0,0.490174607592695
4658956014#2122362220,0,0,0.49055754843502924
5094736780#1758869231,0,1,0.50326845839633
4274235353#1308273301,0,0,0.4915386683729548
4698569942#1830525969,0,0,0.4900534142050094
4878579203#4838534990,0,0,0.4900534142050094
373850283306#2119388082,0,0,0.4945786140695004
46983614517#4860360403,0,0,0.4900534142050094
4451342530#4451342506,0,0,0.48616409376971786
4215027256#4454799835,0,0,0.4926149720954397
2055298458#3072564418,0,0,0.4936408330133468
4897454488#4897454823,0,0,0.4978765084645931
4636143697#1639275755,0,0,0.49456519613237665
4206304466#1326198016,0,0,0.4923394675901695
4862024152#2183428945,0,0,0.4988752985897362
4790633062#2119478248,0,0,0.4905981240568302
2061441544#4828655959,0,0,0.4900534142050094
3972742243#3648904752,0,0,0.48934567235085025
3451234547#2181531828,0,0,0.4900534142050094
3995923367#3632560565,0,0,0.4900534142050094
2662986035#1429413488,0,0,0.49109725628581297
4992689820#2180579787,0,0,0.4900534142050094
4530026053#2072319821,0,0,0.48904503370954616
5094736780#3715869354,0,0,0.4921386660252425
2523741989#1758869231,0,0,0.49421711840826604
5076405390#4386494215,0,0,0.4900534142050094
4623017083#138960910846,0,0,0.4891954813852528
1320992607#4705583754,0,0,0.4900534142050094
1684806079#14190297481,0,0,0.48819029391255114
3032272331#1859920904,0,0,0.4892691381088535
138961977066#5185244731,0,0,0.4984457663353718
4451124293#4755359264,0,0,0.4883755005779487
1505439079#4077027238,0,0,0.4998730726844354
4720990747#156276503685,0,0,0.4846757869616071
14613464513#14613465315,0,0,0.4930532366726825
2340035845#4385184631,0,0,0.49149895593445764
3591598893#3591598898,0,0,0.47753343839955226
4584646241#2115662086,0,0,0.4900534142050094
5194582482#3054084564,0,0,0.4952126397240781
146011937628#5010064143,0,0,0.4958051732298118
3045566056#3072564418,0,0,0.4947848972879707
3075628047#18466601978,0,0,0.48956977675015756
54158054598#1550894049,0,0,0.4900534142050094
4451342530#4226659635,0,0,0.4900534142050094
3706865825#3072564418,0,0,0.4900534142050094
1646205905#2973532517,0,0,0.4922575702187835
3108657350#4180609537,0,0,0.489899715473941
1401982309#4206201723,0,0,0.4878918631230969
