pair_id,label,probability,prediction
2016174783#97115452949,0,0.49556204418524424,0
3831306916#18465755385,0,0.49514312269453614,0
4413493983#5050453220,0,0.4949715874132819,0
1711900697#3956668079,0,0.4975576060189875,0
4142357884#3731893848,0,0.49514312269453614,0
4662116837#4572965795,0,0.49514312269453614,0
2723629064#54161621292,0,0.49514312269453614,0
106428061780#18466202308,1,0.49738088069401515,0
1427123096#4196598949,0,0.49514312269453614,0
2070915408#4037072294,0,0.4949715874132819,0
2168024759#4196027218,0,0.5081702236786138,1
2055437333#2180548061,0,0.49776200478266763,0
52466288934#5175525100,0,0.49514312269453614,0
4541783818#1646206864,0,0.4949715874132819,0
2063941816#5183122889,1,0.4974917880685936,0
161012326997#176559958604,0,0.49757118385426174,0
1485299019#3876493191,0,0.49514312269453614,0
176559958604#393149434328,0,0.49757118385426174,0
4465948199#1751365895,0,0.49631397757520446,0
485901844230#444631792208,1,0.4953382943509281,0
2063941816#3236199283,0,0.4949715874132819,0
3861213317#5154388777,0,0.4949715874132819,0
4144101559#1384521138,0,0.49727970786000275,0
156395460805#422592070627,0,0.49514312269453614,0
2009659663#3806625615,0,0.49514312269453614,0
14613459908#3330388304,0,0.49514312269453614,0
4157495788#4592047596,0,0.49514312269453614,0
4191138952#4595274213,0,0.5025939557003567,1
3920807098#4214739605,0,0.49514312269453614,0
4551054156#5175525100,0,0.49623412925159455,0
2024265127#4282239841,0,0.49514312269453614,0
2119398048#3845908374,0,0.49514312269453614,0
460209096026#3863546507,0,0.49514312269453614,0
4529633660#197780911762,0,0.49514312269453614,0
4605074002#4614462519,0,0.49514312269453614,0
1372606932#4420971485,0,0.4949715874132819,0
156277200942#4595087666,1,0.5075608814679247,1
412749747421#4218576924,0,0.4949715874132819,0
4687137331#11970072568,0,0.497305629785533,0
4091678030#4145921553,0,0.49514312269453614,0
3471203285#3475310737,0,0.49514312269453614,0
4165910360#3074346052,0,0.49776200478266763,0
2727127831#32262401468,0,0.49514312269453614,0
69069111469#390564862652,0,0.4949715874132819,0
1415647813#4649435459,0,0.49514312269453614,0
1641739489#3545638010,0,0.49514312269453614,0
2061528577#3046506090,0,0.4949715874132819,0
3576237842#2058575359,0,0.49514312269453614,0
3252574422#1639157122,0,0.49514312269453614,0
1946464415#4572426635,0,0.49514312269453614,0
87216201397#3831256267,0,0.49514312269453614,0
3076813357#3077676449,0,0.4961365239654741,0
5165641659#2055878958,0,0.49514312269453614,0
2343156405#3532144993,1,0.4966856068636243,0
4426984278#3911832277,1,0.49514312269453614,0
318037396491#3446005398,0,0.5097140101594125,1
1665910528#4970033197,0,0.49514312269453614,0
1702827843#4205391929,0,0.49514312269453614,0
2270062912#5080010232,0,0.4949715874132819,0
1504338841#3630377420,0,0.4949715874132819,0
4259834054#4301048457,0,0.4969753006995415,0
3046506090#4410510890,0,0.4949715874132819,0
4420971543#1372606932,0,0.4949715874132819,0
1639247978#3046086497,0,0.49316503063310557,0
11970072568#1434294268,0,0.49514312269453614,0
4919205804#4968145391,0,0.49514312269453614,0
2340086397#4636583527,0,0.49514312269453614,0
3419433581#4495321261,0,0.4949715874132819,0
42156242181#4935501979,1,0.49981164355246877,0
3630377420#3630377995,0,0.509335477552425,1
3043046316#1608452100,0,0.4949715874132819,0
54161619771#4808142872,0,0.49514312269453614,0
2146475582#4701577010,0,0.49514312269453614,0
3709270070#3945392968,0,0.49514312269453614,0
2056146720#1711900697,0,0.4930951060471815,0
4657355965#1489629640,0,0.4949715874132819,0
444631849230#444631792208,0,0.4953382943509281,0
4855224068#3424502550,0,0.49514312269453614,0
4904481611#3920807098,0,0.49514312269453614,0
2195335976#1372181647,0,0.49759046950141345,0
1681387366#2054967573,0,0.49514312269453614,0
2311760701#4439261964,0,0.4964553250369623,0
3049961545#2756903470,0,0.4949715874132819,0
2756903470#3279454241,0,0.49514312269453614,0
5029004785#2332755780,0,0.49514312269453614,0
3559141873#3060181630,0,0.49514312269453614,0
3945392968#3990733484,0,0.49514312269453614,0
3934516600#4595274213,0,0.4996368486165774,0
1752646423#3564326181,0,0.49514312269453614,0
3474466257#4140186799,0,0.49514312269453614,0
3048645827#2152065366,0,0.4933465377039219,0
2068446331#58909543123,0,0.4949715874132819,0
3608869908#4611838827,0,0.4971405193085024,0
2055375491#2168049650,0,0.49928314974648624,0
106428061780#4204386191,0,0.49738088069401515,0
4687908846#110021560113,0,0.497305629785533,0
4551054156#4955620505,0,0.49611005007351267,0
3403976708#3860598463,0,0.5081702236786138,1
11970072568#52270761597,1,0.497305629785533,0
32262401468#167670882866,0,0.49514312269453614,0
2114975127#361264235472,0,0.4963676567892052,0
1727840041#1929021158,0,0.49514312269453614,0
4142231832#36777289481,0,0.49539050890399006,0
4155663854#3899203698,0,0.4954179389781729,0
4662032123#3749873906,0,0.503190915217083,1
3551736332#2064229512,0,0.49514312269453614,0
4475471841#14275135237,0,0.49514312269453614,0
4373986045#4635484607,0,0.502487256811326,1
4699490400#4447157300,0,0.5039934862158172,1
1841861991#1775476124,0,0.4949715874132819,0
4338459775#4529633660,0,0.49514312269453614,0
2058703491#1415647813,0,0.49514312269453614,0
4413493983#4662116837,1,0.500177736362706,1
5264068958#4529336313,0,0.4971806972558003,0
4687908846#1401982699,0,0.4949715874132819,0
3878463637#25123048102,0,0.5044050482535323,1
1739907335#2057137359,0,0.49756173292994527,0
5018444082#3256705889,0,0.49514312269453614,0
4681884668#2055437333,0,0.49514312269453614,0
3532144993#3806625615,0,0.49514312269453614,0
1778967707#4874906617,0,0.49514312269453614,0
4848821942#1639155385,0,0.4949715874132819,0
3916588372#1760643058,0,0.4949715874132819,0
4077568242#3709787539,0,0.49514312269453614,0
4593095273#4593095271,0,0.5072609689118336,1
4855224068#3458373106,0,0.49514312269453614,0
4809373098#4958426955,0,0.49514312269453614,0
2119633636#3404246290,0,0.49514312269453614,0
3945392968#4673436487,0,0.49514312269453614,0
4683128574#493119725481,0,0.49514312269453614,0
3045310388#3474466257,0,0.49514312269453614,0
4662116837#3055420907,0,0.49514312269453614,0
4354201228#87820911338,0,0.4949715874132819,0
4593095273#469266459718,0,0.49514312269453614,0
49577430316#175758471828,0,0.4949715874132819,0
4176264466#4475404893,0,0.49717782503183744,0
4959796164#1929021158,0,0.49514312269453614,0
4958426955#4801743381,0,0.49514312269453614,0
249039268558#3747074740,0,0.4949715874132819,0
3236199283#3458373106,0,0.496404935734069,0
212932071327#212932071631,0,0.516667423519736,1
19528299331#1472057121,0,0.4967003990994177,0
3553807367#3394520011,1,0.5177857659060379,1
1639330963#3792586113,0,0.4953382943509281,0
5214033799#498980611251,0,0.4992885083014232,0
5214033799#3055420907,0,0.49514312269453614,0
3054434630#1416629632,0,0.4985829480666193,0
1416247746#4614462519,0,0.49514312269453614,0
263142720576#372481782919,1,0.5225318868921598,1
1427491136#3842666513,0,0.5114780871736034,1
1840879535#2119443297,0,0.49645004643066265,0
3244737739#3946781548,0,0.49514312269453614,0
2120323997#4514032938,0,0.49890475159759534,0
2058564331#2118674361,1,0.5023579793305323,1
2055878958#393149434328,0,0.49514312269453614,0
4144101559#4742629929,0,0.49514312269453614,0
2056507060#4426984278,0,0.49514312269453614,0
135661412204#4590537395,0,0.5000111156065793,1
469266459718#4899151313,0,0.500051217525457,1
4661758768#343200247912,0,0.49514312269453614,0
2068742136#3613461228,0,0.4949715874132819,0
4393085087#4971996310,0,0.49514312269453614,0
2177411281#2059020105,0,0.49514312269453614,0
5029004785#5078771664,0,0.4961365239654741,0
4439261965#2311760701,0,0.4964553250369623,0
2066523987#2059400382,0,0.49514312269453614,0
5145421612#2280334878,0,0.49514312269453614,0
19216062361#1406235976,0,0.49514312269453614,0
2054734151#4971703188,0,0.4949715874132819,0
2059208034#153095594519,0,0.4996810055484048,0
2075941248#3256705889,0,0.4983928569886914,0
1427491136#33816431380,0,0.49514312269453614,0
2009659663#2067590020,0,0.49514312269453614,0
75959618233#36777289481,1,0.5052744047947764,1
3279454241#3709270070,0,0.4994092079983602,0
3458373106#3076813357,0,0.49514312269453614,0
46446169240#14613456118,0,0.49514312269453614,0
469266459718#372481782919,0,0.5026576713341186,1
1751364887#5264068958,0,0.49514312269453614,0
4593095273#4385543508,0,0.49708165053290215,0
5956875678#1369517864,0,0.49514312269453614,0
3517506238#3272204798,1,0.49999274839149144,0
1802184127#3236199283,0,0.49623340045281483,0
2058564331#3361906432,0,0.49514312269453614,0
3419405027#3363370392,0,0.49636521329256694,0
2114196661#3548460152,0,0.49514312269453614,0
4730881018#49988216795,0,0.4949715874132819,0
207574173015#4687137331,0,0.49514312269453614,0
2180548061#3074346052,0,0.49776200478266763,0
2055633495#393149434328,0,0.49514312269453614,0
444631792208#1787836721,0,0.49514312269453614,0
4697654812#49988216795,0,0.49514312269453614,0
4991881534#1472057110,1,0.49514312269453614,0
4196027218#3403976708,0,0.5081702236786138,1
4353218398#4662032123,1,0.5137621907496848,1
3043046316#1504338841,0,0.4949715874132819,0
4205712058#2073958683,0,0.4998751043229245,0
1372181647#4527413574,0,0.49759046950141345,0
4968145391#2117980081,0,0.49514312269453614,0
3509208588#186973639403,0,0.49514312269453614,0
1504287585#4256816954,0,0.4949715874132819,0
2071779729#52270761597,0,0.49514312269453614,0
1417066102#3361906432,0,0.49514312269453614,0
4900256072#2063589630,1,0.4959385147922585,0
2070908678#4256816954,0,0.4949715874132819,0
4106504104#2054815625,0,0.49514312269453614,0
19216062361#2056662276,0,0.49662158171191684,0
3861078888#1712135288,0,0.49514312269453614,0
169319828385#4867525539,0,0.49514312269453614,0
3764168689#3395420110,0,0.4949715874132819,0
4082166838#2118674361,0,0.4960393811345692,0
4808687386#5210078086,0,0.4980848956736806,0
2065276113#3419433581,0,0.4949715874132819,0
422592070627#4590537395,0,0.4949715874132819,0
1815809122#2055582885,1,0.49623412925159455,0
4448156610#2007944924,0,0.4953382943509281,0
2028313311#3709420925,0,0.49514312269453614,0
4595087666#159199657944,0,0.49738074807622346,0
1415628286#4649435459,0,0.49514312269453614,0
5066791121#54163685093,0,0.500073593715205,1
3878463637#1406235976,0,0.49705212810207544,0
42516442180#102554223320,0,0.49514312269453614,0
3249862225#3249295279,0,0.49816653921249243,0
4572426635#18465755385,0,0.49514312269453614,0
1759667553#4144101559,0,0.49710817257874856,0
3797709918#4570911542,0,0.4949715874132819,0
343200247912#156277200942,0,0.49514312269453614,0
1666737679#86599436514,0,0.49514312269453614,0
4786537439#49988216795,0,0.49514312269453614,0
3213623350#2064651676,0,0.49722366338332963,0
4635484607#4146072324,0,0.4949715874132819,0
3583250290#4720475237,0,0.49514312269453614,0
2055582885#2054967573,0,0.49514312269453614,0
2174689695#4076081612,0,0.4949715874132819,0
3361906432#5054957764,0,0.49514312269453614,0
4024788228#2009659663,0,0.49881561302418254,0
4715892100#4196397569,0,0.49514312269453614,0
1541828296#4955035552,0,0.4949715874132819,0
2727127831#1541828296,0,0.5016515875109858,1
4473639064#1452953298,0,0.49928314974648624,0
212932071631#4933601180,0,0.49514312269453614,0
64521537843#1504287585,0,0.49645004643066265,0
3891956878#4218576924,1,0.4949715874132819,0
4572965795#2343156405,0,0.49514312269453614,0
3030484462#4808142872,0,0.49514312269453614,0
1409996381#4593095271,0,0.49514312269453614,0
2114975127#2058557454,1,0.4963676567892052,0
3053961277#1416629632,0,0.49514312269453614,0
2116329768#4726895334,0,0.49514312269453614,0
4529336313#3081987257,0,0.49514312269453614,0
2055968018#3045573162,0,0.4940870642530001,0
280340628271#4256816954,0,0.49514312269453614,0
3271713292#5185554343,0,0.4949715874132819,0
1427491136#4038687308,0,0.49685388492714905,0
4904481611#2723629064,0,0.49514312269453614,0
4933845886#5214033799,0,0.49710602251771013,0
4683128792#4999205013,0,0.49514312269453614,0
3709270070#1312624571,0,0.5007121303194392,1
211516820389#485901844230,0,0.4949715874132819,0
3553807367#3260153956,0,0.49514312269453614,0
5142907913#54163685093,0,0.49765911039075356,0
1502419182#3559141874,0,0.4966856068636243,0
4590321636#64521537843,0,0.4949715874132819,0
4076081612#3946781548,0,0.49514312269453614,0
335140370164#335140369784,0,0.5036276912331507,1
1695721912#1372181647,0,0.4949715874132819,0
18466071844#335140370164,0,0.4949715874132819,0
2247165276#3260153956,0,0.4949715874132819,0
1388947018#4129126365,0,0.49514312269453614,0
3799008310#3507037384,0,0.49380512372121976,0
4346498056#4893421020,0,0.49514312269453614,0
1665941990#18469239595,0,0.4961365239654741,0
4205712058#113560958124,0,0.49514312269453614,0
87216201397#1919936224,0,0.49514312269453614,0
2177411281#4835619445,0,0.486171104124473,0
5306873645#4450676959,0,0.49514312269453614,0
4697654812#3608869908,0,0.49514312269453614,0
3532144993#3559141874,0,0.4966856068636243,0
54353744279#412749747421,0,0.49514312269453614,0
4730881018#8431808974,0,0.49514312269453614,0
5109735650#1950837411,0,0.49514312269453614,0
4572426635#5142907913,0,0.5039170269458144,1
161900063353#80108597514,0,0.49514312269453614,0
2064651676#3084169617,0,0.49514312269453614,0
4825418852#81508598767,0,0.4958442094781773,0
1369517864#1995007743,0,0.4949715874132819,0
2063718969#2068463319,0,0.49514312269453614,0
5043019547#1760226057,0,0.49514312269453614,0
4077609999#3777224242,0,0.4949715874132819,0
4945184061#4674188079,0,0.49539050890399006,0
4919205804#3878815869,0,0.49514312269453614,0
2343156405#106428061780,0,0.49514312269453614,0
4345919767#1681387366,0,0.49514312269453614,0
412056582497#3300207940,0,0.49514312269453614,0
3927343389#3458373106,0,0.49514312269453614,0
4848821942#4704351814,0,0.49514312269453614,0
3709420925#1929021158,0,0.49514312269453614,0
4991881534#3964333871,0,0.4925916963827575,0
4037072294#3938344378,0,0.49514312269453614,0
4256816954#2054734151,0,0.4949715874132819,0
14613463282#4570911542,0,0.49514312269453614,0
3047893935#2120091370,1,0.49514312269453614,0
550633511658#3799008310,0,0.49514312269453614,0
1457325177#4272787218,0,0.49514312269453614,0
3891956878#3392381011,0,0.4949715874132819,0
3406488822#4514032938,0,0.49514312269453614,0
5081037246#2119478072,0,0.49514312269453614,0
4590321636#102363039688,0,0.49514312269453614,0
2007944924#4874906617,0,0.4965730945517091,0
4683128792#4541783818,0,0.49514312269453614,0
113560958124#117756682724,0,0.49995181042604175,0
1497880313#422593008553,0,0.4949715874132819,0
4575208945#1628142291,0,0.4977671937103271,0
156118033327#3697829010,0,0.49514312269453614,0
4878268441#4206039345,0,0.49650522744302583,0
4572489122#3455616150,0,0.4949715874132819,0
5142907913#5080010232,0,0.49748757510949937,0
4335139014#2063941816,0,0.49514312269453614,0
1557919756#1401982372,0,0.4949715874132819,0
5078771664#4883413805,0,0.4949715874132819,0
54163685093#3532144993,0,0.49514312269453614,0
11970072568#110021560113,0,0.497305629785533,0
135661412204#1457325177,0,0.4953382943509281,0
3093321300#155972603815,0,0.49514312269453614,0
3271713292#33816431380,0,0.49514312269453614,0
4931022240#4140024129,0,0.49514312269453614,0
120510885920#2071779729,0,0.500569922773388,1
1417066102#3424502550,1,0.49898937562578,0
3054581913#5045583576,0,0.49514312269453614,0
5145421612#4970033197,1,0.5050326205549343,1
18465755385#18466071844,0,0.4949715874132819,0
5046725254#4918821582,1,0.5002345918827787,1
2068446331#2111230146,0,0.4949715874132819,0
3300207940#1369517864,0,0.49747434907094495,0
4904481611#4958426955,0,0.49514312269453614,0
1416629632#2065681864,0,0.49722366338332963,0
4619555960#444631849230,0,0.4949715874132819,0
4572965795#2064229512,0,0.5000079773058755,1
4401274222#1372181647,0,0.4949715874132819,0
3831256267#4339070553,0,0.4949715874132819,0
4037072294#4649435459,0,0.49514312269453614,0
197780911762#230316955194,1,0.5254117236730547,1
1666737679#2009659663,1,0.5031675400707292,1
4157461682#4592047596,0,0.49514312269453614,0
4662032123#4271210979,0,0.503190915217083,1
156277193948#1646206854,0,0.49514312269453614,0
2007934907#1633806208,0,0.4995523567752658,0
156277208014#361450260462,0,0.49550982963218226,0
2059772017#4912578167,0,0.49514312269453614,0
4968145391#1702827843,0,0.49514312269453614,0
87216201397#422593008553,0,0.49514312269453614,0
3861213317#1950837411,0,0.49514312269453614,0
4808134107#4144101559,0,0.4949715874132819,0
1628142292#4437686963,1,0.49305330610371945,0
2075416377#3956668079,0,0.5000570338337452,1
2127292827#4077568242,0,0.49514312269453614,0
4475404893#4107459058,0,0.49514312269453614,0
4082166838#16522754571,0,0.49514312269453614,0
3303709815#3046506090,0,0.4971806972558003,0
3558421108#2058823150,0,0.49514312269453614,0
4272787218#96073549554,0,0.4975576060189875,0
2056507060#2120091370,0,0.49514312269453614,0
2058564331#2024265127,0,0.49514312269453614,0
4200744172#1973212681,1,0.5062777092262024,1
1760526319#1835570826,0,0.49514312269453614,0
4683128792#2280334878,0,0.49514312269453614,0
4786537439#4918821582,0,0.49514312269453614,0
372481782919#4904481611,0,0.49514312269453614,0
2723629064#5046656102,0,0.49514312269453614,0
4261169259#4808134107,0,0.4949715874132819,0
5142907913#5109735650,1,0.49765911039075356,0
4282239841#2280334878,0,0.49514312269453614,0
176077750624#169319828385,1,0.50457974266867,1
1369517864#4387127297,0,0.49686054214037706,0
1406235988#1666737679,0,0.49514312269453614,0
4628982425#3863546507,0,0.4949715874132819,0
5123172296#47066263949,1,0.5042890171076275,1
460209096026#14894146968,1,0.5031328726597213,1
19528299331#3474466257,0,0.49514312269453614,0
1427491136#4373986045,0,0.5041486605715818,1
1665941990#4457940843,0,0.49623403450220155,0
1628142292#1628142291,0,0.48980156682529974,0
3938344378#194338163529,0,0.49514312269453614,0
4387192350#3046506090,0,0.49514312269453614,0
2055885530#25271558033,0,0.49514312269453614,0
2054841626#1681387366,0,0.4975450895951636,0
156277193948#4661968358,0,0.49514312269453614,0
3863546507#4348212443,0,0.4949715874132819,0
153095594519#113940347013,0,0.49514312269453614,0
4662032123#4264556978,0,0.49514312269453614,0
4624526050#1665910528,0,0.4961957063928849,0
3842666513#3997203055,0,0.5009274293343179,1
4730651453#1504287585,0,0.49961575535459185,0
1500005536#18465755385,1,0.5030699645603031,1
186808739086#3938344378,0,0.49514312269453614,0
4361945080#4333918634,0,0.49514312269453614,0
422593008553#1472057121,0,0.5017502037469669,1
1964085071#1681387366,0,0.49514312269453614,0
4975664600#1415647813,0,0.49514312269453614,0
1437065018#1502419182,0,0.49514312269453614,0
3792586113#161900063353,0,0.49514312269453614,0
2115584027#230316955194,0,0.49514312269453614,0
2057336614#3279454241,0,0.49835662430001143,0
1369517864#4161954899,0,0.4968238222531868,0
4661968358#4361945080,0,0.49514312269453614,0
2010699610#4070758202,1,0.5102706253086104,1
335140370164#3784845932,0,0.4949715874132819,0
14613463282#5214033799,0,0.49514312269453614,0
175758471828#318037396491,0,0.4949715874132819,0
1639157122#2071882570,0,0.49514312269453614,0
335237884835#335230005323,0,0.49941504108991625,0
117756682724#5050718427,0,0.49514312269453614,0
86599436514#4657355965,0,0.4949715874132819,0
2039992958#1727840041,0,0.4969007691524323,0
3984762861#156277203161,0,0.49514312269453614,0
3471203285#155972603815,0,0.4958442094781773,0
2055878959#3475310737,0,0.49514312269453614,0
4673917112#3048645827,0,0.49514312269453614,0
2056848620#3831306920,0,0.49514312269453614,0
2168043833#4206039345,0,0.49514312269453614,0
1854625863#4501513393,0,0.49928380596024236,0
4393085087#4864092534,0,0.49514312269453614,0
52270761597#4289304207,1,0.497305629785533,0
498398470747#2016174783,0,0.49514312269453614,0
2075941248#4142231832,0,0.4974917880685936,0
4506526795#1608452100,0,0.4949715874132819,0
4196397569#4191138952,0,0.4996368486165774,0
1388947018#2058564331,0,0.4949715874132819,0
4091678030#4495321261,0,0.4986643334454372,0
4465948199#3709270070,1,0.49631397757520446,0
4661758768#1384521138,0,0.49493685317199976,0
3831306920#3979682744,0,0.49514312269453614,0
3576237842#2080654117,0,0.4984036658303561,0
1633176166#49988216795,0,0.4979377963819989,0
4635983959#550633511658,1,0.5157299165196018,1
1787836721#3046506090,0,0.49514312269453614,0
2069903036#1541571286,1,0.5073933135602358,1
1840879535#5185554343,0,0.4949715874132819,0
2069903036#4936308864,0,0.49514312269453614,0
4514393136#5264068958,1,0.4971806972558003,0
3509208588#4809373098,0,0.4933017785297739,0
4941134416#4218561827,0,0.49514312269453614,0
1382163772#4206295454,0,0.49514312269453614,0
3403976708#3403976710,0,0.5013787923131953,1
3784845932#4737466020,0,0.49514312269453614,0
4999205061#3768335626,0,0.49514312269453614,0
97115452949#96073549554,0,0.4969753006995415,0
87216201397#156395460805,0,0.49514312269453614,0
4205391929#2070915408,0,0.49514312269453614,0
2054980574#5186378802,0,0.49514312269453614,0
249039268558#212932071631,0,0.4949715874132819,0
4329191389#25271558033,0,0.4949715874132819,0
1666737679#1955038585,0,0.49514312269453614,0
3303709815#2727127831,0,0.49514312269453614,0
1787836721#3230632753,0,0.49514312269453614,0
3507037384#4144101559,0,0.4949715874132819,0
2056662276#3507037385,0,0.49514312269453614,0
2178100450#4506526795,0,0.49514312269453614,0
312476159692#1646144729,0,0.4949715874132819,0
4611838827#4595274213,1,0.5025939557003567,1
4786537439#2069945983,0,0.49514312269453614,0
4945184061#5059261580,0,0.5000769874479627,1
4541783818#4027339431,0,0.49514312269453614,0
4877427884#4720390456,1,0.5080146018590352,1
4495321261#4206157559,0,0.4949715874132819,0
207574173015#102799582996,0,0.501144663273642,1
36777289481#3303709815,0,0.49514312269453614,0
2111840166#2119633636,0,0.5017490441847035,1
2152065366#4041026262,0,0.49514312269453614,0
3583250290#3930922591,0,0.4949715874132819,0
4004759307#4413493983,0,0.49514312269453614,0
3861213317#4997949303,0,0.500188405244261,1
4809373098#412749747421,0,0.49514312269453614,0
3630377420#1765891797,0,0.500120428834907,1
42516442180#3060181630,0,0.49514312269453614,0
2040285671#3419657611,0,0.4949715874132819,0
169319828385#3395420110,0,0.49514312269453614,0
4329191389#1760526319,0,0.4949715874132819,0
4593095273#4529633660,0,0.4949715874132819,0
4709177500#2116329768,0,0.49514312269453614,0
4628617130#3471203285,0,0.49514312269453614,0
4538068355#1434294268,0,0.49514312269453614,0
4635484607#3046838574,0,0.5009945681928553,1
4498422001#4808142872,1,0.49514312269453614,0
4387127297#4439261965,0,0.4964553250369623,0
3213623350#3891956878,0,0.49514312269453614,0
4333918634#4622896603,1,0.4989234748431609,0
5174571094#3791242869,0,0.49514312269453614,0
3419433581#2069903036,0,0.49910391667801307,0
3997203055#5186378802,0,0.49514312269453614,0
3792586113#3474466257,0,0.49514312269453614,0
2057143127#1504338841,0,0.4949715874132819,0
3043046316#335237884835,0,0.4949715874132819,0
4450676959#1946464415,0,0.49924884547168913,0
2117980081#4041026262,0,0.49514312269453614,0
4475404893#1541571286,0,0.4949715874132819,0
3731893848#3997203055,0,0.49685388492714905,0
163680336826#4801743381,0,0.49514312269453614,0
1384521138#5054957764,0,0.49514312269453614,0
3244737739#5210078086,0,0.49514312269453614,0
3046506090#25123048102,0,0.4949715874132819,0
1401982678#8431808974,0,0.49514312269453614,0
4579834609#5041514024,0,0.4964571153155407,0
3047893935#2054734151,0,0.4949715874132819,0
3047029968#1537439376,0,0.49514312269453614,0
1437065018#97245307190,0,0.49514312269453614,0
156277207697#133295687376,0,0.49550982963218226,0
422593008639#1472057121,1,0.5017502037469669,1
5043019547#4354163603,0,0.49514312269453614,0
4824169782#4955035552,1,0.5084756028980341,1
4683128574#4935501979,0,0.4933017785297739,0
2343156405#2055582885,0,0.4949715874132819,0
1709016493#4912578167,0,0.49514312269453614,0
4894929911#2115584027,0,0.4991445979874166,0
1452953298#4274231792,0,0.49928314974648624,0
3046506090#4894929911,0,0.49514312269453614,0
422592070627#3916588372,0,0.4949715874132819,0
4968145391#4259615689,1,0.49514312269453614,0
2059400848#2059400301,0,0.49514312269453614,0
3826206182#3260153956,0,0.49514312269453614,0
4373986045#3709787539,0,0.4966856068636243,0
4699490400#1666737679,0,0.49514312269453614,0
211516820389#4760784728,0,0.49514312269453614,0
4590618046#106428061780,0,0.49738088069401515,0
1633806208#3831306916,0,0.49514312269453614,0
1437868238#2070908678,0,0.49514312269453614,0
1401982699#8431808974,0,0.49514312269453614,0
1815809122#1950837411,0,0.49514312269453614,0
110021560113#4719266318,1,0.49514312269453614,0
3048645827#3044853716,0,0.4958442094781773,0
4883413805#3272204798,0,0.5034325195767587,1
2174689695#156118033327,0,0.4949715874132819,0
5214033799#2058557454,0,0.5015536304864989,1
1437065018#2343156405,0,0.49514312269453614,0
4236870644#4196598949,1,0.5021029618187268,1
263142720576#285571185833,0,0.500051217525457,1
3849754958#4010669700,0,0.49514312269453614,0
1822360916#3309343440,1,0.5102415433979438,1
4236870644#4622896603,0,0.4949715874132819,0
3860598463#2168024759,0,0.5081702236786138,1
4145921553#4004759307,0,0.49514312269453614,0
3709270070#3629270939,0,0.4949715874132819,0
1406235976#492315626953,0,0.4949715874132819,0
1312624571#2057336614,0,0.49835662430001143,0
2168049650#4605074002,0,0.49514312269453614,0
5155009789#11970072568,0,0.49514312269453614,0
102799582996#20182514319,0,0.5025765113103406,1
4959519221#3862442483,0,0.49514312269453614,0
29751233083#3861213317,0,0.4949715874132819,0
156395460805#4590537395,1,0.5027239489935299,1
3878597352#148550112621,0,0.49514312269453614,0
87820911338#4527413574,0,0.4949715874132819,0
4495321261#4464294458,0,0.49514312269453614,0
4572965795#396800321613,0,0.49514312269453614,0
4242848533#4780916943,0,0.49017487953661665,0
1504338841#2054734151,0,0.4949715874132819,0
197780911762#3861213317,0,0.49514312269453614,0
3878597352#4439637603,0,0.49514312269453614,0
335230005323#4796107666,1,0.49941504108991625,0
5174571094#41965445982,0,0.49514312269453614,0
4145921553#4464294458,0,0.49514312269453614,0
2068742136#5074793221,0,0.4949715874132819,0
54161621292#2120323979,0,0.49514312269453614,0
4348212443#4955620505,0,0.49514312269453614,0
1752646423#1410206420,0,0.49514312269453614,0
4933601180#18956333945,0,0.49514312269453614,0
440348329591#451199299348,1,0.4965480610447387,0
4595087666#3419657611,0,0.4949715874132819,0
1415647813#4619555960,0,0.49514312269453614,0
4129126365#2057514370,0,0.49514312269453614,0
4673436487#5109735650,0,0.49514312269453614,0
2340086397#2055885530,0,0.49514312269453614,0
173088843215#48901612818,0,0.49514312269453614,0
2058407169#3263070381,0,0.49514312269453614,0
4919205804#4091678030,0,0.49514312269453614,0
3545638010#4721008558,0,0.49514312269453614,0
5306873645#4571112607,0,0.496404935734069,0
1760526319#335230005323,0,0.49514312269453614,0
4348212443#2010699610,0,0.49550982963218226,0
4726895334#5155009789,0,0.4949715874132819,0
2455879046#2118343114,0,0.4960241711116308,0
4590486236#372481794868,0,0.49532681734605694,0
4683128792#4999205061,0,0.49514312269453614,0
5215122180#4628982425,0,0.4949715874132819,0
3419400892#2054781181,0,0.49514312269453614,0
3068485945#4514032938,0,0.4949715874132819,0
3831256267#2058564331,0,0.4963043937259098,0
3899227251#1923282767,0,0.5052845174695616,1
2075416377#4457940843,0,0.49514312269453614,0
66983983936#1452953298,0,0.49514312269453614,0
3060181630#1537439376,0,0.500172605154785,1
9043448493#1517666904,0,0.49514312269453614,0
451199299348#5154187347,0,0.4967195963259929,0
4900256072#2112634689,0,0.4949715874132819,0
3938344378#4959519221,0,0.49514312269453614,0
4661968358#1681387366,1,0.5009081645594717,1
3738716466#3955161274,0,0.49915711778833133,0
2059020105#4301048457,0,0.4969753006995415,0
2064229512#4329191389,0,0.49514312269453614,0
4330455313#4959796164,0,0.4949715874132819,0
1637139251#4999205013,0,0.49514312269453614,0
3931035425#1504287585,0,0.49614047877441203,0
4737466020#2120091370,0,0.49514312269453614,0
1639157122#1639155385,0,0.49039330232385014,0
301920897506#4041026262,0,0.49514312269453614,0
4808687386#3559141873,0,0.49514312269453614,0
1504338841#3047893935,0,0.4949715874132819,0
41965445982#3768335626,0,0.49514312269453614,0
3928874644#4155663854,0,0.4994250456020422,0
1573183009#3271713292,0,0.4949715874132819,0
5061207560#1451127433,0,0.4949715874132819,0
4413493983#1427123096,0,0.49514312269453614,0
4475471841#1628142291,0,0.49514312269453614,0
3257238638#3072564493,0,0.48634263940572714,0
5169209205#4699490400,0,0.5060916590663086,1
3728656154#3256705889,0,0.4983928569886914,0
81226585052#5059493292,0,0.49514312269453614,0
148550112621#393149434328,0,0.49728901856132873,0
97115452949#87216201397,0,0.49514312269453614,0
1372606932#4529633660,0,0.4949715874132819,0
2058129030#3395420110,0,0.4949715874132819,0
4037072294#1793751058,0,0.4949715874132819,0
4301048457#1775476124,0,0.49514312269453614,0
1416247746#2068446331,0,0.49514312269453614,0
5029004785#1633176166,0,0.4949715874132819,0
4333918634#4755317093,0,0.49514312269453614,0
1504287585#3033453452,0,0.49961575535459185,0
3931035425#5041514024,1,0.49611005007351267,0
3033453452#1512751759,0,0.4969281834817732,0
3559141878#4657355965,0,0.49514312269453614,0
4447157300#1760567279,0,0.4969753006995415,0
3446005398#20182514319,0,0.5081416143373787,1
5145421612#4195993580,0,0.49514312269453614,0
4041026262#156277208014,0,0.49514312269453614,0
3471203285#1849136332,0,0.49514312269453614,0
1427491136#4273126171,0,0.49938494516522974,0
3990733484#4614462519,0,0.49514312269453614,0
5059493292#2168049650,0,0.49514312269453614,0
173088843215#14894146968,0,0.49514312269453614,0
3964333871#173088843215,0,0.49514312269453614,0
3482236688#4624523720,0,0.49514312269453614,0
212932071631#156118033327,0,0.4949715874132819,0
4106504104#4129126365,1,0.5052129390513163,1
4628982425#4285890804,1,0.5007872465368558,1
4384418878#4271210979,0,0.4958442094781773,0
4301048457#3792586113,0,0.49514312269453614,0
3891995505#2056703740,0,0.4949715874132819,0
2127292827#2058407169,1,0.49514312269453614,0
2676652265#3861078888,0,0.49181421188917823,0
2176856626#4346498056,0,0.4949715874132819,0
3093321300#4070746594,0,0.49514312269453614,0
3263070381#4824169782,0,0.4983928569886914,0
1681387366#422593008553,0,0.4949715874132819,0
8431808974#5050453220,0,0.49514312269453614,0
2116329768#1848110456,1,0.49514312269453614,0
3081987257#4298712891,0,0.5013301655176313,1
291245346593#176559958604,0,0.49514312269453614,0
4628982425#3553807367,0,0.49514312269453614,0
4590486236#4658297683,0,0.4964571153155407,0
2057143127#1608452100,0,0.49907731019043494,0
2057644498#2159452221,0,0.49514312269453614,0
4595087666#1372181647,0,0.4949715874132819,0
341874290933#4387127297,0,0.49514312269453614,0
4848821942#3507037385,0,0.4949715874132819,0
1379816908#2058968766,1,0.504361521226797,1
1639149393#4683128693,0,0.49514312269453614,0
422593008639#175758471828,0,0.4949715874132819,0
4893421020#4975664600,1,0.5066744309747465,1
86599436514#4285890804,0,0.49514312269453614,0
148550112621#2056507060,0,0.49514312269453614,0
3532144969#1472057110,0,0.49514312269453614,0
14613459908#4437686963,0,0.49514312269453614,0
4572426635#5109735650,0,0.49765911039075356,0
4704351814#3883325413,0,0.49514312269453614,0
4658297683#1386769919,0,0.4949715874132819,0
4883413805#1512751759,0,0.4949715874132819,0
1929021158#4550893360,0,0.49514312269453614,0
4848821942#4529336313,0,0.49514312269453614,0
4808134107#1415647813,0,0.49514312269453614,0
6626538016#4636207067,0,0.49514312269453614,0
14613463282#14613459908,0,0.4964571776369919,0
4161835766#4205391929,1,0.49722366338332963,0
4636583527#6633411855,0,0.4961365239654741,0
3517506238#4970014021,0,0.49514312269453614,0
2028313311#3054581913,0,0.49514312269453614,0
1721524699#4076081612,0,0.4949715874132819,0
3482236688#1946464415,0,0.49514312269453614,0
2061484014#1712135288,0,0.49722366338332963,0
3613461228#2065276113,1,0.5092689244963626,1
1761176598#1759667553,0,0.5002917854725903,1
4999205061#4683128695,0,0.49514312269453614,0
3899203698#1492219642,0,0.49514312269453614,0
4241401560#3934516600,0,0.5033423596377634,1
5212053939#4720390456,0,0.49781408579054803,0
22987159602#4989601539,1,0.5005091582271335,1
4673436487#4801743381,0,0.49514312269453614,0
1512751759#2111138171,0,0.4949715874132819,0
3831306920#444631849230,0,0.49514312269453614,0
102799582996#3860598463,0,0.49514312269453614,0
3474466257#4737466020,0,0.49514312269453614,0
4752061423#4641732096,0,0.49514312269453614,0
5029004785#4271944536,0,0.4949715874132819,0
159199657944#2055437333,0,0.49514312269453614,0
5185554343#1416629632,0,0.4949715874132819,0
49988216795#5074857907,0,0.4949715874132819,0
3053521973#3881831374,0,0.49514312269453614,0
4145921553#3906316464,0,0.49569229712957863,0
4256816954#156277200942,0,0.4983928569886914,0
2111730858#2168049650,0,0.49928314974648624,0
156277208014#156277203161,0,0.501963761141314,1
2073958683#2064229512,0,0.49771259723192757,0
4657355965#3077676449,0,0.4961365239654741,0
1761176598#1760643058,0,0.5002917854725903,1
3043043596#3831256267,0,0.4956726741969231,0
4933845886#3236199283,0,0.496404935734069,0
176559958604#148550112621,1,0.4968700970706206,0
4571190424#54163135140,0,0.49781408579054803,0
3629270939#2055948492,0,0.49640155927045493,0
4523837361#2111230146,0,0.49738088069401515,0
1702827843#2247165276,0,0.4949715874132819,0
2058823150#167670882866,1,0.49514312269453614,0
1760226057#1665941990,0,0.49623403450220155,0
3831256267#3361906432,0,0.49514312269453614,0
3931035425#4676945807,0,0.49614047877441203,0
41965445982#2055633495,0,0.49514312269453614,0
3882105016#4506526795,0,0.49514312269453614,0
335140369784#212932071327,0,0.5032609842955046,1
3824422542#1778061008,0,0.49514312269453614,0
4662116837#3060181630,0,0.49514312269453614,0
3279454241#1739907335,1,0.4994092079983602,0
4450676959#4196598949,0,0.49924884547168913,0
2180548061#3055420907,0,0.49514312269453614,0
3392381011#4721049406,0,0.4949715874132819,0
4385543508#4593095271,0,0.49708165053290215,0
1401982372#4037072294,0,0.4949715874132819,0
1727840041#4298712891,0,0.49514312269453614,0
69069111469#372481782919,0,0.48722253730070153,0
3404246290#1485299019,0,0.4991983329933571,0
3076813357#1409996381,1,0.49514312269453614,0
301920897506#3790156301,0,0.49514312269453614,0
2058823419#2055481174,0,0.4969753006995415,0
4628227983#2521238898,0,0.4953382943509281,0
16522754571#4699490400,0,0.49514312269453614,0
4142357884#75959618233,0,0.49514312269453614,0
3458373106#1802184127,0,0.496404935734069,0
3471203285#5074793221,0,0.49514312269453614,0
4701577010#5155009789,0,0.49514312269453614,0
1849136332#97057702438,0,0.49550982963218226,0
3878463637#178981851962,0,0.49514312269453614,0
2055582885#5059493292,0,0.5000079773058755,1
4572426635#5018444082,0,0.4977079364888935,0
4157461682#2055375491,1,0.49514312269453614,0
4551054156#4037118803,0,0.4949715874132819,0
4514393136#2111138171,0,0.4949715874132819,0
5154187347#3630377420,0,0.49514312269453614,0
1502419182#2343156405,0,0.490764617096696,0
9043448493#1541828296,0,0.5016515875109858,1
1709016493#2057657991,0,0.49514312269453614,0
4687137331#4721049406,0,0.4949715874132819,0
2063718969#372481782919,0,0.49514312269453614,0
211516820389#212932071631,0,0.4949715874132819,0
2055633495#1386618246,1,0.49514312269453614,0
4473639064#2055375491,0,0.49928314974648624,0
4658457718#5306873645,0,0.496404935734069,0
210832073881#4658590861,1,0.5014207141945838,1
2024265127#1806319252,1,0.49514312269453614,0
5212053939#1695721912,0,0.49514312269453614,0
2075941248#4824169782,0,0.4983928569886914,0
3392381011#2054815625,0,0.4949715874132819,0
42156242181#106428061780,0,0.49514312269453614,0
1845153102#1711687490,0,0.4949715874132819,0
5154388777#5155009789,1,0.4949715874132819,0
19528299331#3956668079,0,0.4949715874132819,0
5197763503#2357692079,0,0.49514312269453614,0
197780911762#4919205804,0,0.49514312269453614,0
3392381011#36777289481,0,0.4949715874132819,0
4027339431#2058128859,0,0.49514312269453614,0
135661412204#4545358313,0,0.49514312269453614,0
4373986045#3707618845,0,0.49514312269453614,0
2120323997#1778967707,0,0.49514312269453614,0
3252574422#5137789006,0,0.49514312269453614,0
113560958124#3630377995,0,0.4949715874132819,0
4989601539#4020838298,0,0.497305629785533,0
468454402749#4726699880,0,0.49514312269453614,0
4420971543#3507037385,0,0.4949715874132819,0
468454402749#361450260462,1,0.5015879055322283,1
3509208588#9043448493,0,0.49514312269453614,0
2178100450#5029004785,0,0.49514312269453614,0
4155663854#169319828385,0,0.4989875778761605,0
2058557454#102799582996,0,0.49514312269453614,0
178981851962#2120091370,0,0.49514312269453614,0
5165641659#2058557454,0,0.498587421517782,0
4673436487#2117980081,0,0.49514312269453614,0
3558421110#3558421108,0,0.4949715874132819,0
4206157559#4420971485,0,0.4949715874132819,0
4205391929#1504287585,0,0.49514312269453614,0
3300207940#8431808974,0,0.49514312269453614,0
6633411855#3551736332,0,0.4949715874132819,0
148294639917#468454402749,0,0.4949715874132819,0
3979682744#3568392235,0,0.49514312269453614,0
4535936422#4641732096,1,0.49514312269453614,0
4339070553#3964333871,0,0.49514312269453614,0
167670882866#1761176598,0,0.49514312269453614,0
3946781548#3093321300,0,0.49514312269453614,0
3363370392#2054781183,0,0.49514312269453614,0
4933601180#3444192698,0,0.49514312269453614,0
3213623350#2069945983,0,0.49722366338332963,0
1241054990#2168049650,0,0.49514312269453614,0
4945184061#4070758202,0,0.49514312269453614,0
3303709815#4972452242,0,0.5070963298184871,1
3777224242#1822360916,0,0.49514312269453614,0
3583250290#16522754571,0,0.49514312269453614,0
1712080073#212932071327,0,0.4949715874132819,0
4413493983#4140186799,0,0.49539050890399006,0
460209096026#4041017449,0,0.49886964500559666,0
4501513393#4373986045,0,0.5122128399974933,1
2007934907#3444192698,0,0.49645004643066265,0
2058407169#301920897506,0,0.49514312269453614,0
2066394834#4447157300,0,0.49514312269453614,0
2676652265#4475404893,0,0.4966286505967949,0
4687908846#4719266318,0,0.49514312269453614,0
2056696954#19528299331,1,0.5235242102712224,1
4450676959#2063327692,0,0.49514312269453614,0
1342782328#1727840041,0,0.49514312269453614,0
2054781183#2066523987,0,0.49556204418524424,0
176559958604#52466288934,0,0.4968700970706206,0
3899203698#207035563145,0,0.4949715874132819,0
4523837361#2058564331,0,0.49514312269453614,0
4611838827#4191138952,0,0.5061279314402887,1
2168049650#4473639064,1,0.49928314974648624,0
4450676959#2068742136,0,0.49514312269453614,0
20182514319#5183122889,0,0.49514312269453614,0
1401982678#1401982699,0,0.49814843138053805,0
1778061008#2059400154,0,0.49514312269453614,0
4719266318#52270761597,0,0.49514312269453614,0
133295687376#42516442180,0,0.4972226869089954,0
1721524699#1416629632,0,0.49759046950141345,0
1845153102#4107459058,0,0.49514312269453614,0
4439261964#4439261965,0,0.4923900040128043,0
4455910772#4701577010,0,0.49514312269453614,0
2007934907#5956875678,0,0.49514312269453614,0
2455879046#1721524699,1,0.4886381831387406,0
156277207697#156277203161,0,0.501963761141314,1
161012326997#52466288934,0,0.5024960428459928,1
2064229512#3777224242,0,0.49514312269453614,0
3046375488#335140370164,0,0.4953382943509281,0
5165641659#5214033797,0,0.4992885083014232,0
5210078086#336084797451,0,0.49514312269453614,0
4145921553#3861078888,0,0.49569229712957863,0
1847751521#2247165276,0,0.49514312269453614,0
2056703740#2055437333,0,0.4949715874132819,0
33816431380#1496035084,0,0.49514312269453614,0
3878463637#493119725481,0,0.4949715874132819,0
25123048102#493119725481,0,0.4949715874132819,0
113940347013#4259615689,0,0.49514312269453614,0
4523837361#14613463282,0,0.49514312269453614,0
3077641865#3046086497,0,0.4949715874132819,0
4843658030#5214033799,0,0.49514312269453614,0
4687101911#4282239841,0,0.4983928569886914,0
422593008639#5078771664,0,0.4949715874132819,0
5208375738#3068485945,0,0.49514312269453614,0
5078771664#2064229512,0,0.49514312269453614,0
4432515343#4501513393,0,0.5096146409008753,1
4020838298#4855224068,0,0.49514312269453614,0
183335874583#4681884668,0,0.49514312269453614,0
263142720576#2796704233,0,0.4949715874132819,0
25123048102#3272204798,0,0.49514312269453614,0
2064651676#4206039345,0,0.49650522744302583,0
178981851962#2146475582,0,0.49514312269453614,0
3054434630#1721524699,0,0.4919172752783648,0
1241054990#90489182348,0,0.49514312269453614,0
172087618689#4571112607,0,0.49816952475060533,0
2065276113#4495321261,0,0.4967292338711781,0
4649435459#4619555960,0,0.49514312269453614,0
4687101911#5306873645,0,0.4949715874132819,0
69069111469#285571185833,1,0.500051217525457,1
81226585052#4004759307,0,0.49514312269453614,0
2059400301#4037118803,0,0.49514312269453614,0
4506526795#191669248330,0,0.49651407158237004,0
4489309829#3930922591,0,0.49550982963218226,0
3256705889#4282239841,0,0.4983928569886914,0
4004662188#3883325413,0,0.49514312269453614,0
4661758768#4529633660,1,0.49514312269453614,0
3946781548#285571185833,0,0.49514312269453614,0
1919936224#135661412204,0,0.49514312269453614,0
4687908846#3591652360,0,0.49514312269453614,0
4161835766#156395460805,0,0.49514312269453614,0
42156242181#4771327918,0,0.49514312269453614,0
4099641396#4641374149,0,0.49514312269453614,0
2067590020#1557919756,0,0.49514312269453614,0
3394520011#42516442180,0,0.49539050890399006,0
468454402749#3608869908,0,0.4949715874132819,0
4123815194#3707618845,0,0.49514312269453614,0
3564326181#4718263231,0,0.4978949475879815,0
1641739489#4704351852,0,0.49514312269453614,0
4282239841#4653740285,0,0.4983928569886914,0
4206157559#4041017449,1,0.5214640111081836,1
4387192350#4715673728,0,0.49738088069401515,0
4413493983#47066263949,0,0.49514312269453614,0
4579834609#412749747421,0,0.4949715874132819,0
5306873645#4836816015,0,0.49514312269453614,0
2059019411#4918821582,0,0.4949715874132819,0
156277200942#135661412204,0,0.49550982963218226,0
4259615689#3831256267,0,0.49514312269453614,0
4039158821#4538068355,0,0.49514312269453614,0
2064651676#14894146968,0,0.4949715874132819,0
318037396491#4970033197,0,0.5079897276387136,1
2055878959#2056146720,0,0.49514312269453614,0
3458373106#80108597514,0,0.49514312269453614,0
4455910772#1946464415,0,0.4973248699601839,0
4742629929#90088944269,0,0.49514312269453614,0
5264068958#3831306920,0,0.49514312269453614,0
1641187512#2059020105,0,0.49514312269453614,0
2066523987#3043043596,1,0.4958442094781773,0
4935501979#1950837411,0,0.49514312269453614,0
2075416377#4933601180,0,0.49514312269453614,0
4176264466#4076081612,1,0.496803758012645,0
178981851962#412056582497,0,0.49514312269453614,0
5075179730#141222595817,0,0.49514312269453614,0
2028313311#156277207697,0,0.501963761141314,1
4737466020#1639330963,0,0.49514312269453614,0
111745823805#3861213317,0,0.49514312269453614,0
3881831374#202083551880,0,0.49514312269453614,0
1793751058#1761176598,0,0.5002917854725903,1
2059020105#133295687376,0,0.4969753006995415,0
5059261580#3263070381,0,0.49514312269453614,0
102554223320#4070746594,0,0.49550982963218226,0
4435349331#2071882570,0,0.49514312269453614,0
3558421108#4024788228,0,0.49514312269453614,0
4195993580#2114707742,0,0.49514312269453614,0
2059019411#5066791121,0,0.4949715874132819,0
2009659663#3263070381,0,0.49514312269453614,0
3507037385#4704351852,0,0.49514312269453614,0
5045583576#4760784728,0,0.49514312269453614,0
110021560113#4687137331,0,0.497305629785533,0
2059772017#301921611055,0,0.49651407158237004,0
469266459718#285571185833,0,0.500051217525457,1
4420910026#1759667553,0,0.4987519395619067,0
87216201397#4393085087,0,0.49514312269453614,0
4140024129#4972452242,0,0.49514312269453614,0
4550893360#4570911542,0,0.4949715874132819,0
3043046316#2056507060,0,0.4949715874132819,0
1712135288#4514032938,0,0.49514312269453614,0
3213623350#2057137359,0,0.49514312269453614,0
2280334878#4683128693,0,0.49514312269453614,0
2114707742#4161835766,0,0.49514312269453614,0
361264235472#5165641659,0,0.498587421517782,0
4272787218#2054815625,0,0.49514312269453614,0
4282239841#4824169782,0,0.4983928569886914,0
2039992958#4495321261,0,0.4986643334454372,0
1849136332#4142357884,0,0.500391407324758,1
1472057110#444631792208,0,0.4953382943509281,0
2059019411#4813716345,0,0.49514312269453614,0
3030484462#2055375491,0,0.49514312269453614,0
4004662188#4760784728,0,0.49514312269453614,0
361264235472#4353218398,0,0.49623340045281483,0
2168049650#1342782328,0,0.49514312269453614,0
1401982678#4070366943,0,0.4978211047774912,0
3824422542#2521238898,0,0.49514312269453614,0
4683128693#5046656102,0,0.49514312269453614,0
230316955194#6626538016,0,0.49514312269453614,0
3559141878#3559141874,0,0.4966856068636243,0
4888451505#5123172296,0,0.49514312269453614,0
1485299019#2055885530,0,0.49514312269453614,0
1504338841#2004650934,0,0.4949715874132819,0
4635484607#4501513393,0,0.5000523382839185,1
3403976710#4635983959,0,0.5013787923131953,1
2055633495#3084169617,0,0.49514312269453614,0
1778061008#3845908374,0,0.5001909986982742,1
4439637603#4529336313,1,0.5048863541309895,1
422593008553#1472057110,0,0.4953382943509281,0
18466071844#4796107666,0,0.4935415304005511,0
2055582885#2040285671,0,0.4978947719753457,0
97115452949#3831306920,0,0.5070656068441861,1
4206039345#3831256267,0,0.4958442094781773,0
4658457718#4571112607,0,0.5078700652402609,1
2115584027#4271054057,0,0.4991445979874166,0
3087065427#4506526795,0,0.4966856068636243,0
4426984278#4464294458,0,0.49514312269453614,0
161012326997#120510885920,0,0.5023245075647388,1
1416629632#312476159692,0,0.4949715874132819,0
4205712058#1760643058,0,0.497305629785533,0
2055878959#4329191389,0,0.5014189376474045,1
1386618246#2056703740,0,0.49514312269453614,0
2111840166#2064229512,1,0.5066138987960429,1
4440382481#4432515343,0,0.49514312269453614,0
4176264466#1845153102,0,0.49531823011038617,0
4619555960#2056146720,0,0.4949715874132819,0
4674188079#3790156301,0,0.49514312269453614,0
1806319252#2119633636,0,0.4949715874132819,0
4538068355#64521537843,0,0.49514312269453614,0
1608452100#1504338841,0,0.4949715874132819,0
4027339431#4261169259,1,0.5037319422151164,1
4545358313#58909543123,0,0.49514312269453614,0
4447157300#1752749964,1,0.5039934862158172,1
4808134107#5208375738,0,0.49514312269453614,0
5066791121#3043046316,0,0.4949715874132819,0
4387192350#3792586113,0,0.49514312269453614,0
54353744279#5080010232,0,0.49653543903770697,0
3764168689#4674188079,0,0.4949715874132819,0
14275135237#4653740285,0,0.49514312269453614,0
4718263231#4099641396,1,0.49514312269453614,0
3920807098#3257238638,0,0.49514312269453614,0
4755317093#102799582996,0,0.49514312269453614,0
4523862885#2270062912,1,0.5081831058084891,1
2039992958#4091678030,0,0.5025002330936413,1
1849136332#3891956878,0,0.4975780412219436,0
4931022240#4514393136,0,0.5060875207200886,1
4667944802#550633511658,0,0.4949715874132819,0
18956333945#111745823805,0,0.49514312269453614,0
2056848620#4038687308,0,0.49514312269453614,0
4704351852#3507037384,0,0.49514312269453614,0
3707618845#1492219642,0,0.49514312269453614,0
3509208588#412056582497,0,0.49514312269453614,0
4741125055#1410206420,0,0.49514312269453614,0
392226244812#3806625615,0,0.49300767143284935,0
2054142391#3749873906,0,0.496404935734069,0
3406488822#2058575359,0,0.49514312269453614,0
1854625863#4038687308,0,0.4949715874132819,0
1498144447#2057644498,0,0.49514312269453614,0
4027339431#3899227251,0,0.4986840662113783,0
4662116837#6633411855,0,0.49514312269453614,0
4958426955#4339070553,0,0.49514312269453614,0
3093321300#3990733484,0,0.49514312269453614,0
1457325177#3474466257,0,0.49514312269453614,0
4256816954#3077641865,0,0.4949715874132819,0
3446005398#4959796164,0,0.506756903075633,1
1401982372#2120091370,0,0.49514312269453614,0
4555602784#4801743381,0,0.49514312269453614,0
4117072069#5029004785,0,0.49514312269453614,0
3899227251#1537439376,0,0.49514312269453614,0
3084169617#4099641396,0,0.49514312269453614,0
5145421612#2082042841,0,0.49514312269453614,0
4361945080#4755317093,0,0.49514312269453614,0
5956875678#19216062361,0,0.49514312269453614,0
301921611055#1646206864,0,0.4956726741969231,0
2111730858#2168043833,0,0.49928314974648624,0
4672315773#14275135237,0,0.49514312269453614,0
2119398048#5070652659,0,0.49514312269453614,0
5214033799#5306873645,0,0.5186349566701057,1
1492219642#4867525539,0,0.49514312269453614,0
1760567279#75959618233,0,0.49514312269453614,0
4673917112#1512751759,0,0.49514312269453614,0
3861213317#1666737679,0,0.49514312269453614,0
1946464415#1369517864,0,0.49747434907094495,0
4571190424#4570911542,0,0.4949715874132819,0
4384418878#4157396930,0,0.4949715874132819,0
1721524699#3046086497,0,0.49211244693475675,0
1472057110#422593008639,0,0.4953382943509281,0
4683128695#4683128574,0,0.4933017785297739,0
4624526050#2118343114,0,0.4961957063928849,0
1498144447#4091678030,0,0.49514312269453614,0
1751365895#1646206854,0,0.49514312269453614,0
2058129030#2069945983,0,0.49722366338332963,0
36777289481#335140370164,0,0.4949715874132819,0
156277208014#156277200942,0,0.501963761141314,1
2066394834#3208576491,0,0.49514312269453614,0
4193538411#263142720576,0,0.500051217525457,1
2058575359#64521537843,0,0.49514312269453614,0
156277207697#1659788876,0,0.49514312269453614,0
4622896603#2066523987,0,0.49514312269453614,0
1633176166#1854625863,0,0.4949715874132819,0
4161835766#291245346593,0,0.49550982963218226,0
156277200942#156277193948,0,0.501963761141314,1
1760567279#4674166292,0,0.4958194372941969,0
2066611159#4506526795,0,0.4958442094781773,0
4455910772#4387127297,0,0.4973248699601839,0
145760114769#422592070627,0,0.49514312269453614,0
2059208034#2081856411,0,0.49514312269453614,0
4140024129#106428061780,0,0.49514312269453614,0
3860598463#4572489122,0,0.4949715874132819,0
4672315773#318037396491,0,0.4971340945042788,0
2057336614#1849136332,0,0.49514312269453614,0
4699492658#183335874583,0,0.49940067284830186,0
2168043833#2055375491,0,0.49928314974648624,0
1382163772#1409996381,0,0.5074096096544715,1
5061207560#4658590861,0,0.49514312269453614,0
3403976708#407278558983,0,0.4969802451346231,0
3208576491#3860598463,0,0.5072342330348548,1
3363370392#2176856626,1,0.49514312269453614,0
4538068355#4142357884,0,0.49514312269453614,0
4999205013#1452953298,0,0.49514312269453614,0
155972603815#3475310737,0,0.4901773964910521,0
2065276113#4742629929,0,0.49514312269453614,0
4718263231#4653740285,0,0.4958442094781773,0
4432515343#210832073881,0,0.49514312269453614,0
2111230146#106428061780,0,0.49738088069401515,0
4658590861#102363039688,0,0.49514312269453614,0
2723629064#4218561827,0,0.49514312269453614,0
1628142292#4593095273,0,0.4949715874132819,0
2056146720#2068463319,0,0.4930951060471815,0
4683128695#3768335626,0,0.49514312269453614,0
4959519221#3045310388,0,0.49514312269453614,0
4144101559#1761176598,1,0.4983965415931984,0
3068485945#5061207560,0,0.4949715874132819,0
1437065018#1497880313,0,0.49514312269453614,0
5102675634#1388947018,0,0.49514312269453614,0
4970014021#4855224068,0,0.49514312269453614,0
4590618046#1646206854,1,0.49738088069401515,0
4970014021#3272204798,0,0.49514312269453614,0
3997203055#4354163603,0,0.4976741829326168,0
4081685031#4385543508,0,0.49514312269453614,0
36777289481#2071779729,0,0.49514312269453614,0
498980611251#2727127831,0,0.49514312269453614,0
4999205061#2521238898,0,0.49514312269453614,0
1659788876#156277200942,0,0.49514312269453614,0
301921611055#4282239841,0,0.49514312269453614,0
3956668079#2446874502,1,0.5038421973008635,1
4193538411#4899151313,0,0.500051217525457,1
5174571094#4401274222,0,0.49514312269453614,0
3475310737#5074793221,0,0.4961365239654741,0
230316955194#4649435459,0,0.49514312269453614,0
2064651676#2058823150,0,0.49514312269453614,0
2115619991#3230632753,0,0.49983644202462135,0
4191138952#3934516600,0,0.5031708243565093,1
1695721912#1712080073,0,0.49539050890399006,0
3711672367#2116329768,0,0.49514312269453614,0
1665910528#4624523720,0,0.49514312269453614,0
4236883697#2064229512,0,0.49771259723192757,0
2028313311#4506526795,0,0.4958442094781773,0
4864092534#1848145742,0,0.49514312269453614,0
4335139014#1665910528,0,0.49514312269453614,0
3424502550#3927343389,0,0.49514312269453614,0
2116329768#4514032938,0,0.49514312269453614,0
4912578167#4410510890,0,0.49514312269453614,0
133295687376#4301048457,1,0.5020061504373704,1
2058129030#156395460805,0,0.49514312269453614,0
4628227983#4614462519,0,0.4949715874132819,0
1401982678#1401982372,0,0.49814843138053805,0
4027339431#3249862225,0,0.49514312269453614,0
2024265127#4541783818,0,0.49514312269453614,0
3419433581#1541571286,0,0.49910391667801307,0
96073549554#202083551880,0,0.49514312269453614,0
212932071327#4572489122,0,0.4949715874132819,0
54161619771#4674188079,0,0.49514312269453614,0
5081037246#4155663854,0,0.49514312269453614,0
2057514370#1964085071,1,0.49514312269453614,0
4272787218#4206295454,0,0.4975576060189875,0
493119725481#4635484607,0,0.49651407158237004,0
2040285671#4106504104,0,0.49514312269453614,0
4439261965#1363201302,0,0.49730281378969077,0
2114975127#4314776750,0,0.4949715874132819,0
4006382570#2073958683,0,0.49813151872263567,0
3046506090#2115619991,0,0.4949715874132819,0
4282239841#3045573162,0,0.49514312269453614,0
18468682603#18465755385,0,0.4982213217074372,0
4552692352#14894146968,0,0.49514312269453614,0
3990733484#4687101911,0,0.49514312269453614,0
5142907913#54353744279,0,0.4981180066160942,0
4941134416#5155009789,0,0.49514312269453614,0
4314776750#5059493292,0,0.49514312269453614,0
1659788876#133295687376,0,0.4949715874132819,0
3967289494#3208576491,0,0.5081481178567746,1
2054781183#3419400892,1,0.49514312269453614,0
4635983959#396800321613,0,0.4969802451346231,0
4440382481#3764168689,0,0.49514312269453614,0
4274231792#2168049650,0,0.49928314974648624,0
5183122889#4541783818,0,0.49514312269453614,0
3053961277#3891956889,0,0.49514312269453614,0
2063589630#4193538411,0,0.49514312269453614,0
1775497794#1760526319,1,0.4949715874132819,0
4535936422#335237884835,0,0.4949715874132819,0
4719266318#4703570487,0,0.49514312269453614,0
249039268558#1372606932,0,0.4949715874132819,0
4335156801#2115619991,1,0.4983297004561836,0
3300207940#2016174783,0,0.49747434907094495,0
361450260462#5074857907,0,0.4949715874132819,0
3213623350#4848821942,0,0.49514312269453614,0
1437065018#2112634689,0,0.49514312269453614,0
97115452949#52466288934,0,0.49514312269453614,0
2168024759#3403976708,0,0.5235044121846597,1
2796704233#2059020105,0,0.49514312269453614,0
106428061780#2146475582,0,0.49514312269453614,0
52270761597#14275135237,0,0.49514312269453614,0
388345333994#301920897506,0,0.5081973779247522,1
1787836721#3920807098,0,0.49514312269453614,0
42516442180#4401274222,0,0.4949715874132819,0
25123048102#120510885920,0,0.5044050482535323,1
3920807098#4339070553,0,0.49514312269453614,0
2056848620#2075416377,0,0.49514312269453614,0
2357692079#1565912494,0,0.4949715874132819,0
4999205013#4683128695,0,0.49514312269453614,0
3711672367#291245346593,0,0.49514312269453614,0
4420971485#1641739489,1,0.49514312269453614,0
4624523720#22987159602,0,0.4949715874132819,0
29751233083#4590537395,0,0.5025341665937839,1
4628617130#4142357884,0,0.500391407324758,1
4242848533#49988216795,0,0.4949715874132819,0
156277193948#14613459908,1,0.49514312269453614,0
3260153956#5174571094,0,0.49514312269453614,0
2114707742#2114975127,0,0.49514312269453614,0
4899151313#5046656102,0,0.49514312269453614,0
3304467506#2163788713,0,0.49514312269453614,0
4683128695#3697829010,0,0.49514312269453614,0
4385543508#207035563145,0,0.4949715874132819,0
176077750624#1496035084,0,0.5015356442338094,1
2064229512#2066523987,0,0.49514312269453614,0
2059772017#493119725481,0,0.49651407158237004,0
4437686963#4717447491,0,0.49305330610371945,0
4590486236#69069111469,0,0.501510764907951,1
3045573162#97057702438,0,0.49514312269453614,0
4552692352#3475310737,0,0.4901773964910521,0
3252574422#207574173015,0,0.49514312269453614,0
3507037384#28307761138,1,0.49514312269453614,0
4855224068#2016174783,0,0.49514312269453614,0
5214033797#4933845886,1,0.5075288004224882,1
1512751759#3931035425,0,0.4969281834817732,0
2723629064#2120323979,0,0.49539050890399006,0
3074346052#4888451505,0,0.49514312269453614,0
4200744172#3054581913,0,0.4949715874132819,0
2111730858#3806625615,0,0.49514312269453614,0
3517506238#4968145391,0,0.49514312269453614,0
1379816908#3921017850,0,0.4949715874132819,0
4658457718#3749873906,0,0.5078700652402609,1
2056703740#4697017334,0,0.49514312269453614,0
1715995645#4155663854,0,0.49558947425942707,0
81226585052#1709016493,0,0.49514312269453614,0
3030484462#4697017334,0,0.49781408579054803,0
4592047596#2168049650,0,0.49928314974648624,0
1639155385#3054581913,0,0.4949715874132819,0
4595274213#4256816954,0,0.49514312269453614,0
2115312686#4498422001,0,0.49514312269453614,0
2063718969#4020838298,0,0.49514312269453614,0
5109735650#5066791121,0,0.49765911039075356,0
141222595817#1760643058,0,0.49514312269453614,0
2340086397#1369517864,0,0.49514312269453614,0
4848821942#1416629632,0,0.49759046950141345,0
4662032123#4658457718,0,0.503190915217083,1
3967289494#3403976708,0,0.5207348952339577,1
3920807098#4958426955,0,0.49514312269453614,0
2063941816#159199657944,0,0.49514312269453614,0
5074857907#1416629632,0,0.4949715874132819,0
212932071327#156118033327,0,0.4949715874132819,0
422592070627#2082042841,0,0.49514312269453614,0
2343156405#4715673728,0,0.49514312269453614,0
3074346052#2114707742,1,0.49776200478266763,0
1437868238#3973290911,0,0.49514312269453614,0
4931022240#3046506090,1,0.4971806972558003,0
3482236688#3494644561,0,0.49514312269453614,0
3249295279#3860598463,0,0.4949715874132819,0
3033453452#335230005323,0,0.49514312269453614,0
2057644498#2057643160,0,0.49514312269453614,0
4628617130#1849136332,0,0.5041627976856118,1
4752061423#5208375738,0,0.49514312269453614,0
3446005398#4836816015,0,0.49514312269453614,0
156277207697#4649435449,0,0.49514312269453614,0
3068485945#54161621292,1,0.49514312269453614,0
1712135288#47066263949,0,0.49722366338332963,0
135661412204#4720076201,0,0.49514312269453614,0
161900063353#175758471828,0,0.49514312269453614,0
4465948199#4335156801,0,0.49514312269453614,0
1372181647#4506526795,0,0.4949715874132819,0
52466288934#4882622259,0,0.49514312269453614,0
3891956889#3891995505,0,0.4949715874132819,0
2521238898#2007944924,0,0.4953382943509281,0
2119443297#2056696954,0,0.4949715874132819,0
341874290933#3300207940,0,0.49514312269453614,0
4760784728#1409996381,0,0.49514312269453614,0
2280334878#4541783818,0,0.5000021278211885,1
4165910360#3046375488,0,0.498343637292935,0
1608452100#1641739489,0,0.49514312269453614,0
80108597514#175758471828,0,0.4949715874132819,0
3545638010#4070758202,0,0.49514312269453614,0
4117072069#4298712891,0,0.49514312269453614,0
3861213317#1410206420,0,0.4949715874132819,0
4730881018#2060359973,0,0.49514312269453614,0
4720076201#4475404893,0,0.49514312269453614,0
3054581913#4878268441,0,0.4949715874132819,0
2066519837#4535936422,0,0.4963574362829666,0
3707618845#3997203055,0,0.49685388492714905,0
5045583576#1489629640,0,0.49514312269453614,0
3938344378#1312624571,0,0.49631397757520446,0
4236870644#3791242869,0,0.49514312269453614,0
2058575359#2080654117,0,0.49514312269453614,0
186973639403#148294639917,0,0.4961847633937734,0
301920897506#2127292827,0,0.49685388492714905,0
3973290911#4437686963,0,0.49305330610371945,0
3601402802#3236199283,0,0.49514312269453614,0
2061484014#47066263949,0,0.49722366338332963,0
492315626953#422592070627,0,0.4956726741969231,0
3471203285#5059493292,0,0.49514312269453614,0
4701577010#4726895334,1,0.49842872542838207,0
4205391929#2190429617,0,0.49514312269453614,0
1765891797#4958426955,0,0.49514312269453614,0
2056696954#3330388304,0,0.4949715874132819,0
3863546507#1637139251,0,0.4949715874132819,0
1701535671#4824169782,0,0.49514312269453614,0
3553807367#2066519837,0,0.49514312269453614,0
4545358313#1512751759,0,0.49514312269453614,0
97057702438#3458373106,0,0.49514312269453614,0
2080654117#2756903470,1,0.5020761561600026,1
28307761138#4420971543,0,0.49514312269453614,0
28307761138#1641187512,0,0.49514312269453614,0
2057644498#1492219642,0,0.49514312269453614,0
2114196661#3899227251,0,0.5052845174695616,1
5061207560#5070652659,0,0.49514312269453614,0
4080784646#4801743381,0,0.49514312269453614,0
3791242869#4551054156,0,0.49514312269453614,0
1847751521#2521238898,0,0.49514312269453614,0
4848821942#2056696954,0,0.4949715874132819,0
5018444082#4330455313,0,0.49514312269453614,0
4385543508#1498144447,0,0.49514312269453614,0
161012326997#2071779729,0,0.500569922773388,1
3558421110#167670882866,0,0.49514312269453614,0
3878447642#4590537395,0,0.4949715874132819,0
109769360804#80108597514,1,0.4949715874132819,0
3046838574#1427491136,1,0.5131855812061049,1
1854625863#4113335248,0,0.49514312269453614,0
1752749942#1497880313,0,0.49514312269453614,0
1845153102#5029004785,0,0.4949715874132819,0
4037072294#3808804853,0,0.49514312269453614,0
4117072069#4206039345,0,0.49514312269453614,0
1543994516#3046375488,0,0.49722366338332963,0
5074793221#291245346593,0,0.49514312269453614,0
3990733484#5036479473,0,0.49514312269453614,0
4535936422#5183122889,0,0.4974917880685936,0
3403976710#4196027218,0,0.5081702236786138,1
3471203285#29751233083,0,0.49514312269453614,0
5081037246#3881167105,0,0.49514312269453614,0
1557919756#5036479473,0,0.49514312269453614,0
4931022240#4635484607,0,0.49514312269453614,0
2147107185#1841861991,0,0.49514312269453614,0
4261169259#3309343440,0,0.49514312269453614,0
3945392968#2054734151,0,0.49514312269453614,0
3548460152#4335139014,1,0.5102531472650604,1
1760643058#1760226057,0,0.5022299269098217,1
3474466257#218671246426,0,0.49514312269453614,0
2195335976#2300693776,1,0.49514312269453614,0
2058575359#2059772017,0,0.49514312269453614,0
1241054990#2057137359,0,0.49514312269453614,0
3709420925#3558421108,0,0.49514312269453614,0
1955038585#336084797451,0,0.49514312269453614,0
4339070553#3046375488,0,0.4949715874132819,0
58909543123#3482236688,0,0.49514312269453614,0
4899151313#4420971485,0,0.49514312269453614,0
2676652265#138962728028,0,0.49514312269453614,0
3517506238#1973212681,0,0.49514312269453614,0
2057137359#3629270939,0,0.4949715874132819,0
1517666904#14613459908,0,0.49514312269453614,0
2723629064#54161619771,0,0.49514312269453614,0
4527413574#4550893360,1,0.4949715874132819,0
3558421108#4628982425,0,0.4949715874132819,0
422592070627#361264235472,0,0.49401363572423795,0
3778002993#4970014021,1,0.4959385147922585,0
4077609999#5045583576,0,0.4958442094781773,0
4999205013#4683128693,0,0.49514312269453614,0
3403976708#3208576491,0,0.5113787923131952,1
4242848533#4529336313,0,0.49514312269453614,0
2058407169#4697654812,0,0.49514312269453614,0
3230632753#4301048457,0,0.4969753006995415,0
175758471828#5043019547,0,0.49514312269453614,0
4123815194#3697829010,0,0.49514312269453614,0
4683128695#5137789006,0,0.49514312269453614,0
3568392235#3054581913,0,0.4949715874132819,0
4941134416#4904481611,1,0.49514312269453614,0
3790156301#301921611055,0,0.49514312269453614,0
312476159692#388345333994,1,0.510359885015749,1
4432515343#4273230232,0,0.530661214119118,1
5306873645#5214033797,0,0.525019352891091,1
87216201397#210832073881,0,0.49455561236319007,0
42156242181#3033453452,0,0.49514312269453614,0
4717447491#1760226057,0,0.49514312269453614,0
5059493292#3046086497,0,0.49514312269453614,0
2066394834#2059772017,1,0.5019171684126098,1
1666737679#3916588372,0,0.49514312269453614,0
2056696954#1639149393,0,0.49633369216177164,0
4094371021#3053521973,0,0.4949715874132819,0
4595274213#4715673728,0,0.49514312269453614,0
6626538016#366371874482,0,0.4949715874132819,0
1721812143#178981851962,0,0.49514312269453614,0
492315626953#390564862652,1,0.48577399912588787,0
4196598949#2065276113,0,0.49917118127315535,0
4489309829#1541571286,0,0.49514312269453614,0
5083069896#4465948199,0,0.49514312269453614,0
318037396491#5154187347,0,0.5025765113103406,1
4236883697#1848110456,0,0.49514312269453614,0
3927343389#4082166816,0,0.49514312269453614,0
4204386191#3419405027,0,0.49514312269453614,0
3878597352#1665910528,0,0.49514312269453614,0
4024788228#3709420925,0,0.503680467635522,1
3559141873#3532144969,0,0.49514312269453614,0
172087618689#202083551880,1,0.49877037276800223,0
4824169782#4271054057,0,0.49514312269453614,0
161900063353#109769360804,0,0.49514312269453614,0
3826206182#2115619991,0,0.4983380744937466,0
3824422542#4641374149,0,0.49514312269453614,0
47066263949#210832073881,0,0.49722366338332963,0
2068463319#4696335646,0,0.4930951060471815,0
102554223320#1427123096,0,0.49514312269453614,0
5098221599#1386769919,0,0.4949715874132819,0
4780916943#4140024129,0,0.49514312269453614,0
3990733484#1752749942,0,0.49514312269453614,0
3883325413#4373986045,0,0.49514312269453614,0
4709177500#2010699610,0,0.49514312269453614,0
4658590861#4495321261,0,0.49514312269453614,0
5174571094#163680336826,0,0.49514312269453614,0
4894929911#5212053939,0,0.49514312269453614,0
361450260462#80108597514,0,0.4949715874132819,0
2195335976#3249295279,0,0.49759046950141345,0
4465948199#335140370164,0,0.49514312269453614,0
4900256072#3709270070,0,0.4949715874132819,0
3778002993#4894929911,0,0.49611005007351267,0
1955038585#4878750795,0,0.49514312269453614,0
4271054057#4004662188,0,0.49514312269453614,0
4155663854#207035563145,0,0.4949715874132819,0
4619555960#1415628286,0,0.4949715874132819,0
86599436514#1929021158,0,0.49514312269453614,0
2057657991#4809373098,0,0.49514312269453614,0
3797709918#4723478356,0,0.4949715874132819,0
4070366943#3591652360,0,0.49514312269453614,0
54163135140#4720390456,0,0.49781408579054803,0
4455910772#4439261965,1,0.4973248699601839,0
1415628286#4687137331,0,0.4975780412219436,0
2054781183#2247165276,0,0.5015550222494995,1
4970033197#4855224068,0,0.49514312269453614,0
2270062912#81226585052,0,0.49539050890399006,0
4218576924#1406235976,0,0.4960241711116308,0
5154187347#3446005398,0,0.5025765113103406,1
444631849230#422593008553,0,0.5017502037469669,1
4717447481#4579834609,1,0.4939896595709357,0
1633806208#3831306920,0,0.49514312269453614,0
3799008310#2069903036,0,0.49514312269453614,0
4611838827#4450676959,0,0.49514312269453614,0
4746833491#4717447491,1,0.5000360846169368,1
52466288934#4971703188,0,0.49514312269453614,0
3361906432#4082166838,1,0.5001455593542412,1
54161619771#3279454241,0,0.49514312269453614,0
2159452221#3249295279,0,0.49514312269453614,0
4206295454#4997949303,0,0.4975576060189875,0
3881167105#1401982372,0,0.49550982963218226,0
2059400382#2059400848,0,0.4919172752783648,0
2028313311#4595087666,0,0.5102620322118487,1
4039158821#207574173015,0,0.49924884547168913,0
2057644498#4506526795,0,0.49514312269453614,0
5138249246#5208375738,0,0.49514312269453614,0
110021560113#451199299348,0,0.49514312269453614,0
2059400301#2455879046,0,0.49514312269453614,0
1778061008#4718263231,0,0.49317920671410354,0
4191138952#4635983959,0,0.4949715874132819,0
392226244812#5080010232,0,0.4949715874132819,0
3591652360#4495321261,0,0.4969007691524323,0
3842666513#5081037246,0,0.49514312269453614,0
2066394834#4330455313,0,0.5000079773058755,1
4720475237#1416629632,0,0.49514312269453614,0
4999205061#4683128693,1,0.49514312269453614,0
1702827843#4808134107,1,0.4949715874132819,0
32262401468#4912578167,1,0.500191631209331,1
2054734151#1565912494,0,0.4949715874132819,0
4717447481#4590486236,0,0.4968760368062488,0
4674188079#5059261580,0,0.49539050890399006,0
3474466257#9043448493,0,0.49514312269453614,0
5074857907#120510885920,0,0.4949715874132819,0
3973290911#3778002993,0,0.4949715874132819,0
2045415682#444631849230,0,0.49514312269453614,0
1541828296#5083069896,0,0.5016515875109858,1
52270761597#4703570487,0,0.49514312269453614,0
2727127831#207035563145,0,0.49514312269453614,0
4959796164#4951787449,0,0.5154278043928285,1
1955038585#4146072324,0,0.49514312269453614,0
4157396930#3559141874,0,0.49514312269453614,0
4836816015#1401982372,0,0.49514312269453614,0
3916588372#2057143127,0,0.4949715874132819,0
5102675634#3048645827,0,0.49514312269453614,0
2112634689#1964085071,0,0.49514312269453614,0
451199299348#2057336614,0,0.49514312269453614,0
3419400892#3363370392,0,0.49636521329256694,0
4704351814#4704351852,0,0.49514312269453614,0
90489182348#1775497794,0,0.4949715874132819,0
4301048457#1760567279,0,0.4969753006995415,0
4579834609#4575208945,0,0.4972180192752846,0
4673436487#3882105016,1,0.49514312269453614,0
1715995645#1417066102,0,0.49514312269453614,0
492315626953#2119398048,0,0.4958442094781773,0
460209096026#3249862225,0,0.49514312269453614,0
3309343440#49988216795,0,0.49514312269453614,0
4082166838#4082166816,0,0.4960393811345692,0
2119478072#1416629632,0,0.49514312269453614,0
4314776750#86599436514,0,0.4949715874132819,0
176077750624#4919205804,0,0.49514312269453614,0
3979682744#4330455313,0,0.5000079773058755,1
3920807098#4575208945,0,0.49514312269453614,0
3629270939#176559958604,0,0.49514312269453614,0
2074381365#2111840166,0,0.49771259723192757,0
3697829010#2066519837,0,0.49514312269453614,0
1727840041#4271944536,0,0.49514312269453614,0
175758471828#126166754864,0,0.4949715874132819,0
4590486236#285571185833,0,0.500051217525457,1
4024788228#1929021158,0,0.49514312269453614,0
5169209205#1628142292,0,0.4949715874132819,0
1760526319#4004759307,0,0.49514312269453614,0
2111230146#4715673728,1,0.5024300389267435,1
3709420925#4335156801,0,0.49514312269453614,0
4835619445#4958426955,1,0.49781408579054803,0
176077750624#4413493983,0,0.4979377963819989,0
102554223320#5036479473,1,0.5014239662351312,1
2140707372#3842666513,0,0.49514312269453614,0
18466071844#18468682603,0,0.494623968678274,0
4551054156#4570911542,0,0.4949715874132819,0
4464294458#1929021158,0,0.49514312269453614,0
3053522778#2064229512,0,0.49771259723192757,0
2111138171#4883413805,0,0.5059298596826036,1
1665910528#2455879046,0,0.4961957063928849,0
3709787539#5215122180,0,0.49514312269453614,0
5185554343#2065681864,0,0.49514312269453614,0
3419400892#4723478356,0,0.49636521329256694,0
4218561827#1646144729,0,0.4983380744937466,0
4123815194#3881831374,0,0.49514312269453614,0
1628142292#4717447481,0,0.49453883400597826,0
3629270939#3928874644,0,0.5118050440164104,1
1437065018#2009659663,0,0.49514312269453614,0
4968145391#5212053939,0,0.49514312269453614,0
4214739605#4941134416,0,0.49514312269453614,0
2071779729#130937722924,0,0.500569922773388,1
4878268441#2010699610,0,0.49514312269453614,0
2727127831#9043448493,1,0.5048465393101963,1
2058823419#1312624571,0,0.49514312269453614,0
3891956878#4867525539,0,0.4979969627126517,0
4206039345#18468682603,0,0.49611005007351267,0
4614462519#3845908374,0,0.4949715874132819,0
4741125055#3053521973,0,0.5153611264886117,1
66983983936#4041017449,0,0.49514312269453614,0
2063327692#3576237842,0,0.49514312269453614,0
1512751759#4635983959,0,0.4949715874132819,0
2676652265#1782303951,1,0.5001934456029786,1
2055878958#4593095271,0,0.49813333491355855,0
2024265127#4107459058,0,0.49514312269453614,0
5214033799#4931022240,0,0.49514312269453614,0
4448156610#4070366943,0,0.49514312269453614,0
2727127831#4261169259,0,0.49514312269453614,0
3403976710#407278558983,0,0.49661353819697696,0
4010669700#2056507060,0,0.49514312269453614,0
1835570826#3045310388,0,0.49514312269453614,0
4936308864#1955038585,0,0.49514312269453614,0
2119633636#4552692352,0,0.49514312269453614,0
1806390048#2195335976,0,0.49514312269453614,0
3507037385#1639157122,0,0.4949715874132819,0
3863546507#29751233083,0,0.4949715874132819,0
197780911762#2066523987,0,0.49514312269453614,0
4027339431#1517666904,0,0.49514312269453614,0
41965445982#4401274222,0,0.4949715874132819,0
4900256072#3392381011,0,0.4949715874132819,0
1639247978#2069945983,0,0.49514312269453614,0
4004662188#2055481174,0,0.4949715874132819,0
4893421020#42065061380,0,0.49514312269453614,0
3808804853#1666737679,0,0.49514312269453614,0
4541783818#1665910528,0,0.49514312269453614,0
3474466257#1775476124,0,0.49514312269453614,0
2300693776#1815809122,0,0.49514312269453614,0
1923282767#2114196661,0,0.5122220671160038,1
4437686963#4717447481,0,0.49305330610371945,0
4674166292#4945184061,0,0.5000769874479627,1
135661412204#440348329591,0,0.4949715874132819,0
4384418878#2455879046,0,0.49539050890399006,0
3881831374#3808804853,0,0.49514312269453614,0
2058564331#1417066102,0,0.5045814900005866,1
361450260462#5175525100,0,0.49514312269453614,0
4527413574#5063230149,0,0.49514312269453614,0
4165910360#52270761597,0,0.49776200478266763,0
2073958683#4020838298,0,0.497305629785533,0
22987159602#6633411855,0,0.4971340945042788,0
2063718969#3046086497,0,0.4968125298752472,0
2080654117#4157461682,0,0.49514312269453614,0
54161619771#54161621292,0,0.4977202574612325,0
2068742136#4091678030,0,0.49690668698754104,0
3576237842#3252574422,0,0.49514312269453614,0
28307761138#4420971485,0,0.49514312269453614,0
3213623350#2058129030,0,0.49722366338332963,0
4024788228#3878815869,0,0.49514312269453614,0
2054980574#4498422001,0,0.49514312269453614,0
5046656102#4683128792,0,0.49514312269453614,0
2056507060#46446169240,0,0.49514312269453614,0
263142720576#469266459718,0,0.5026576713341186,1
4439261965#1946464415,0,0.4973248699601839,0
1650171815#5123172296,0,0.49514312269453614,0
3395420110#3931035425,0,0.49514312269453614,0
1639385502#1639155385,0,0.49039330232385014,0
4912578167#2178100450,0,0.49514312269453614,0
4959796164#130937722924,0,0.4949715874132819,0
1641739489#97245307190,0,0.49514312269453614,0
3455616150#2062736546,0,0.4965024073778258,0
3053522778#1848110456,0,0.49514312269453614,0
1537439376#4662116837,0,0.49514312269453614,0
2446874502#2056507060,0,0.4949715874132819,0
2007934907#2056662276,0,0.4984537597169222,0
3934516600#3482236688,0,0.49514312269453614,0
3507037384#4704351814,0,0.49514312269453614,0
5197763503#4975664600,0,0.49514312269453614,0
1775476124#2071882570,0,0.49514312269453614,0
3749873906#3916588372,0,0.4949715874132819,0
4004759307#451199299348,0,0.49514312269453614,0
407278558983#2168024759,0,0.4969802451346231,0
3891956889#3891956878,0,0.5006679258086636,1
218671246426#4882622259,0,0.49514312269453614,0
3629270939#4155663854,0,0.4994250456020422,0
4077609999#148550112621,0,0.49514312269453614,0
4236870644#3591652360,0,0.4969007691524323,0
388345333994#1437868238,0,0.49514312269453614,0
1695721912#4653740285,0,0.4949715874132819,0
4241401560#4191138952,0,0.5103173462018371,1
4070746594#191669248330,0,0.49514312269453614,0
3236199283#4440382481,0,0.49514312269453614,0
4214739605#4904481611,0,0.4983380744937466,0
4825418852#4619555960,0,0.4994950497410827,0
4717447481#4699266589,0,0.49556204418524424,0
3213623350#3046375488,1,0.49722366338332963,0
4645487186#4080784646,0,0.49556204418524424,0
5306873645#498980611251,1,0.5153669363668801,1
3532144993#1497880313,0,0.4966856068636243,0
2065681864#3236199283,0,0.49514312269453614,0
4523837361#1543994516,0,0.49514312269453614,0
3432318020#2057137359,0,0.4961957063928849,0
5050453220#99341713276,0,0.49514312269453614,0
4649435459#1641739489,0,0.49514312269453614,0
81226585052#4933601180,0,0.4981093316632531,0
3260153956#2054781181,0,0.4949715874132819,0
4715892100#2064229512,0,0.49514312269453614,0
4214739605#4401274222,0,0.49816653921249243,0
2054734151#2056507060,0,0.4949715874132819,0
4882622259#4867525539,0,0.4949715874132819,0
42156242181#3849754958,0,0.49514312269453614,0
4641732096#4256816954,0,0.49514312269453614,0
2082042841#153095594519,0,0.49762063408147383,0
3854437179#14275135237,0,0.49514312269453614,0
148550112621#130937722924,0,0.4968700970706206,0
2111730858#4274231792,0,0.49928314974648624,0
4020838298#5043019547,0,0.49514312269453614,0
4848821942#29751233083,0,0.4949715874132819,0
1401982372#4020838298,0,0.49514312269453614,0
4672315773#1782303951,0,0.49550982963218226,0
1760567279#16522754571,0,0.49514312269453614,0
4672315773#4410510890,0,0.4949715874132819,0
444631792208#4991881534,0,0.49514312269453614,0
5210078086#2054781183,0,0.49514312269453614,0
4882622259#1760526319,0,0.4949715874132819,0
1537439376#3709420925,0,0.49514312269453614,0
1709016493#3891956878,0,0.49514312269453614,0
97115452949#4113335248,0,0.49514312269453614,0
4113335248#3509208588,0,0.49514312269453614,0
498398470747#1342782328,1,0.49514312269453614,0
2010699610#111745823805,0,0.49514312269453614,0
4077609999#4741125055,0,0.49514312269453614,0
4448156610#5214033797,0,0.4949715874132819,0
175758471828#148294639917,1,0.4949715874132819,0
1639385502#4501513393,0,0.49514312269453614,0
4699266589#81226585052,1,0.5008295412867918,1
2056662276#2058703491,0,0.49514312269453614,0
1847751521#2112634689,0,0.49514312269453614,0
5306873645#4933845886,0,0.5075288004224882,1
4264556978#3330388304,1,0.5025181152436217,1
52270761597#2111230146,0,0.49514312269453614,0
4575208945#4077609999,0,0.4949715874132819,0
4361945080#4959519221,0,0.49514312269453614,0
3777224242#3906316464,0,0.4949715874132819,0
4975664600#361450260462,0,0.4949715874132819,0
3260153956#4435497569,0,0.4949715874132819,0
4361945080#4301048457,0,0.49514312269453614,0
3563396042#498398470747,0,0.49514312269453614,0
4541783818#5137789006,0,0.49514312269453614,0
2111138171#3548460152,0,0.49514312269453614,0
1416629632#388345333994,0,0.49514312269453614,0
2120091370#3124123344,0,0.49514312269453614,0
4161954899#4575208945,0,0.4970062897505832,0
1761176598#202083551880,0,0.49514312269453614,0
2057644498#2055885530,0,0.49514312269453614,0
3849754958#3831306920,0,0.49514312269453614,0
3046086497#3045573162,0,0.49738607073773333,0
3831256267#2066519837,0,0.49539050890399006,0
4683128792#4683128693,0,0.4933017785297739,0
2069945983#301920897506,0,0.49514312269453614,0
18466071844#211516820389,0,0.4949715874132819,0
2063941816#4535936422,0,0.5009832093637874,1
3878597352#2065681864,1,0.5001776727537842,1
80108597514#186973639403,0,0.4949715874132819,0
4144101559#4289304207,0,0.4971340945042788,0
1372606932#4271944536,0,0.4949715874132819,0
1650171815#5050453220,0,0.49979589126838947,0
1639330963#1639385502,0,0.49039330232385014,0
1517666904#3474466257,0,0.49514312269453614,0
4683128695#4935501979,0,0.4933017785297739,0
2111230146#1416247746,0,0.49514312269453614,0
4570911542#4635484607,0,0.4949715874132819,0
1628142291#1565912494,0,0.4949715874132819,0
1497880313#2340086397,0,0.4966856068636243,0
4514393136#99341713276,0,0.49514312269453614,0
148294639917#4479393573,0,0.49514312269453614,0
4450676959#3072564493,0,0.49514312269453614,0
33827094730#19216062361,0,0.49514312269453614,0
36777289481#335140369784,0,0.4949715874132819,0
1517666904#1701535671,0,0.49514312269453614,0
5306873645#2114975127,0,0.5030536874566601,1
396800321613#2058129030,0,0.4949715874132819,0
2521238898#4614462519,0,0.4949715874132819,0
4144101559#47066263949,0,0.49514312269453614,0
3256705889#1806390048,1,0.49514312269453614,0
1639330963#3043043596,0,0.4949715874132819,0
4465948199#2057137359,0,0.5006659046217511,1
4206295454#4877427884,0,0.49514312269453614,0
4298712891#3087065427,0,0.49514312269453614,0
4592047596#4274231792,0,0.49928314974648624,0
4959796164#20182514319,0,0.5069284383568873,1
2119398048#3068485945,0,0.49514312269453614,0
54163685093#1787836721,0,0.49514312269453614,0
97057702438#4545358313,0,0.49514312269453614,0
4176264466#4140024129,0,0.49569229712957863,0
153095594519#3711672367,0,0.4958442094781773,0
1406235988#5080010232,0,0.4949715874132819,0
4593095273#2521238898,0,0.4949715874132819,0
4835619445#3043043596,0,0.4949715874132819,0
4699492658#1775497794,0,0.4949715874132819,0
97115450346#4475404893,0,0.4949715874132819,0
4155663854#4593095273,0,0.4949715874132819,0
3077676449#335140369784,0,0.4949715874132819,0
2054142391#4624523720,0,0.49514312269453614,0
4687137331#3930922591,0,0.4949715874132819,0
1752749964#4674166292,0,0.49514312269453614,0
4605074002#1848110456,0,0.49514312269453614,0
5306873645#5165641659,0,0.4992885083014232,0
1681387366#1386769919,0,0.4949715874132819,0
444631792208#3630377995,0,0.4949715874132819,0
1401982678#3881831374,0,0.49514312269453614,0
1712135288#3474466257,0,0.49514312269453614,0
4339070553#4282239841,0,0.49514312269453614,0
4972452242#4439637603,0,0.4971806972558003,0
5109735650#5080010232,0,0.49765911039075356,0
5264068958#4439637603,0,0.4971806972558003,0
4717447481#1565912494,0,0.4949715874132819,0
3363370392#3076813357,0,0.49514312269453614,0
3093321300#3237112549,1,0.5103140255279613,1
1840879535#3076813357,0,0.4949715874132819,0
2111138171#5183122889,0,0.49514312269453614,0
3260153956#3055420907,0,0.49514312269453614,0
4161835766#3883410603,0,0.4949715874132819,0
4020838298#5036479473,0,0.5014239662351312,1
4991881534#4878268441,0,0.49455561236319007,0
54161621292#2120323997,0,0.49514312269453614,0
3878815869#1929021158,0,0.49514312269453614,0
102363039688#4919205804,0,0.49514312269453614,0
3842666513#4200744172,0,0.49514312269453614,0
4298712891#3946781548,0,0.49514312269453614,0
2174689695#5075179730,0,0.49514312269453614,0
2055375491#2111730858,0,0.49928314974648624,0
1775476124#4413493983,0,0.4949715874132819,0
4912578167#329718595140,0,0.49514312269453614,0
3777224242#3044853716,0,0.49514312269453614,0
3564326181#3601402802,1,0.4979969343152099,0
3532144993#1502419182,0,0.4966856068636243,0
1639247978#3455616150,1,0.4949715874132819,0
3824422542#2270062912,0,0.4958442094781773,0
135661412204#156277208014,0,0.49550982963218226,0
4353218398#4271210979,0,0.503190915217083,1
4475404893#81226585052,0,0.4949715874132819,0
5154187347#102799582996,1,0.5025765113103406,1
1427123096#2059019411,0,0.49514312269453614,0
4590486236#372481782919,0,0.501510764907951,1
22987159602#102799582996,0,0.5047864162855408,1
3916588372#392226244812,0,0.4949715874132819,0
4813716345#52270761597,0,0.49514312269453614,0
468454402749#80108597514,0,0.490021881031397,0
4683128792#4683128695,0,0.4933017785297739,0
1452953298#18466202308,0,0.49514312269453614,0
4760784728#3260153956,0,0.49514312269453614,0
4475404893#4658297683,1,0.5220921197406398,1
5046656102#5137789006,0,0.49514312269453614,0
3300207940#4387127297,0,0.49747434907094495,0
1775476124#3591652360,0,0.49612620510724353,0
42156242181#1739907335,0,0.49514312269453614,0
2058564331#3424502550,0,0.49514312269453614,0
2058129030#2521238898,0,0.4949715874132819,0
1711687490#1712080073,0,0.4949715874132819,0
1665910528#3432318020,1,0.5005485659778593,1
3507037385#3507037384,0,0.4913676952141558,0
5109735650#1496035084,0,0.49514312269453614,0
3967289494#4661968358,0,0.49514312269453614,0
3049961545#2270062912,0,0.4949715874132819,0
1485299019#4329191389,0,0.49828562183544234,0
1695721912#4298712891,0,0.49514312269453614,0
335230005323#3728656154,0,0.49514312269453614,0
4894929911#4888451505,0,0.49514312269453614,0
1848145742#2115584027,1,0.4991445979874166,0
3564326181#5102675634,0,0.4975576060189875,0
5185554343#42516442180,1,0.5004344523293162,1
4373986045#372481794868,0,0.49514312269453614,0
2075416377#4373986045,0,0.4949715874132819,0
4142231832#4723478356,0,0.4949715874132819,0
1417066102#2115584027,0,0.4949715874132819,0
3911832277#4506526795,0,0.49514312269453614,0
41965445982#18466071844,0,0.4949715874132819,0
3997203055#4628227983,0,0.4979377963819989,0
1929021158#3558421110,1,0.49514312269453614,0
4571190424#5059261580,0,0.4949715874132819,0
4718263231#3055420907,0,0.49514312269453614,0
1701535671#4970033197,0,0.49514312269453614,0
3861213317#33187929079,0,0.49738607073773333,0
167670882866#4020838298,0,0.49514312269453614,0
5175525100#1646206864,0,0.49514312269453614,0
4951787449#3236199283,0,0.49514312269453614,0
1802184127#1712080073,0,0.4949715874132819,0
1760526319#1701535671,0,0.49514312269453614,0
5155009789#1633806208,0,0.49514312269453614,0
3244737739#4348212443,0,0.49983644202462135,0
4196027218#4635983959,0,0.5053889191186749,1
2067590020#2177411281,0,0.48634263940572714,0
2058128859#4218561827,0,0.49514312269453614,0
1401982372#8431808974,0,0.49514312269453614,0
4720475237#186808739086,0,0.49514312269453614,0
2054781181#3363370392,0,0.49514312269453614,0
3060181630#1848145742,0,0.49514312269453614,0
4874906617#4808687386,0,0.49514312269453614,0
4945184061#16522754571,1,0.49514312269453614,0
4628617130#2063843530,0,0.49514312269453614,0
5081037246#4489309829,0,0.49514312269453614,0
4715673728#4157495788,0,0.49514312269453614,0
3921017850#4020838298,1,0.5023575365575613,1
1760643058#25577744321,0,0.5005553640796883,1
4145921553#4274434869,0,0.49569229712957863,0
3361906432#3927343389,0,0.49514312269453614,0
1628142292#4439261965,0,0.4949715874132819,0
4385543508#2340086397,0,0.49514312269453614,0
3087065427#3363370392,0,0.49514312269453614,0
4339070553#4636583527,0,0.4949715874132819,0
4140024129#4161954899,1,0.5005649476858658,1
113560958124#4298712891,0,0.49514312269453614,0
54163685093#5109735650,0,0.49765911039075356,0
2177411281#4498422001,0,0.49514312269453614,0
5075179730#4624523720,1,0.5052340697441279,1
5045583576#3081987257,0,0.49514312269453614,0
4999205013#4999205061,0,0.4981938079785527,0
3808804853#3053961277,0,0.5001736631024426,1
2057137359#3709270070,0,0.49756173292994527,0
75959618233#4435497569,0,0.49514312269453614,0
4848821942#4140024129,0,0.4949715874132819,0
1434294268#3591652360,0,0.49514312269453614,0
3507037384#4848821942,0,0.4949715874132819,0
2080654117#1787836721,0,0.49514312269453614,0
2055481174#4037118803,0,0.4949715874132819,0
4877427884#54163135140,0,0.49781408579054803,0
4413493983#4475404893,0,0.4949715874132819,0
3973290911#4752061423,0,0.49305330610371945,0
207574173015#99341713276,1,0.501144663273642,1
4636207067#18465755385,0,0.49514312269453614,0
1701535671#1504338841,0,0.49514312269453614,0
1721812143#5214033799,0,0.49988160479194155,0
1727840041#4196598949,0,0.4969007691524323,0
4552692352#155972603815,0,0.4901773964910521,0
3784845932#1666737679,0,0.49514312269453614,0
2340086397#2066519837,0,0.49514312269453614,0
2152065366#3087065427,0,0.49514312269453614,0
4142357884#3559141878,0,0.49514312269453614,0
1410206420#4218561827,0,0.4983380744937466,0
3033453452#3862442483,0,0.49514312269453614,0
2056507060#1727840041,0,0.49514312269453614,0
4077568242#25271558033,0,0.49514312269453614,0
4683128792#4683128574,0,0.4933017785297739,0
4808687386#3629270937,0,0.49514312269453614,0
2247165276#2054781181,0,0.5015550222494995,1
4489309829#1401982372,0,0.49550982963218226,0
4717447491#4752061423,0,0.4895621557002942,0
2068742136#3791242869,0,0.49514312269453614,0
4760784728#1382163772,0,0.49514312269453614,0
4529336313#4041017449,0,0.5034325195767587,1
2152065366#1504338841,0,0.4949715874132819,0
4704351814#1641739489,0,0.49514312269453614,0
4450676959#4091678030,0,0.49514312269453614,0
4410510890#2111138171,0,0.4949715874132819,0
444631792208#1395111624,0,0.4949715874132819,0
2057019568#4848821942,0,0.49514312269453614,0
3728656154#2140707372,0,0.49514312269453614,0
4635983959#4123815194,0,0.49514312269453614,0
422592070627#2058557454,0,0.49401363572423795,0
3921017850#4590618046,0,0.49514312269453614,0
4410510890#2066394834,0,0.49514312269453614,0
4070366943#1401982372,0,0.4978211047774912,0
4636207067#18468682603,0,0.49514312269453614,0
5123172296#1543994516,0,0.49722366338332963,0
1401982699#4780916943,0,0.49514312269453614,0
1775497794#4123815194,0,0.49514312269453614,0
4867525539#3842666513,0,0.4988836121469675,0
4196598949#3613461228,0,0.49917118127315535,0
335230005323#5109735650,0,0.49514312269453614,0
4274231792#4936308864,0,0.49514312269453614,0
75959618233#156395460805,0,0.5002008980063253,1
3861213317#1650171815,0,0.4949715874132819,0
4385543508#2057644498,0,0.49514312269453614,0
1659788876#2455879046,0,0.4960241711116308,0
5956875678#1633806208,0,0.49514312269453614,0
1666737679#4876377759,0,0.49514312269453614,0
4571112607#4662032123,0,0.503190915217083,1
3709787539#301921611055,1,0.5054026286383941,1
156277207697#14613463282,1,0.49514312269453614,0
4157461682#2168049650,0,0.49514312269453614,0
4720390456#4571190424,0,0.49764255050929385,0
1388947018#3124123344,1,0.501000704277516,1
5306873645#1802184127,0,0.49623340045281483,0
4271210979#4298712891,0,0.49514312269453614,0
485901844230#4991881534,0,0.49514312269453614,0
6626538016#5210078086,1,0.5016694246448563,1
2080654117#3938344378,0,0.49514312269453614,0
3591652360#2068742136,0,0.49514312269453614,0
4144101559#1760643058,0,0.4982250063119442,0
4592047596#4157396930,0,0.49514312269453614,0
4236870644#2068742136,0,0.49690668698754104,0
1782303951#4662116837,0,0.49605900406722475,0
3252574422#9043448493,0,0.5016515875109858,1
4140186799#3045310388,1,0.49539050890399006,0
2114196661#2066611159,0,0.49514312269453614,0
4572489122#18468682603,1,0.49857355310306156,0
1452953298#4592047596,0,0.49928314974648624,0
4592047596#3077641865,0,0.49514312269453614,0
4687101911#1500005536,0,0.4982213217074372,0
2343156405#1497880313,0,0.490764617096696,0
4975664600#25271558033,0,0.49640155927045493,0
4661758768#32262401468,0,0.4969007691524323,0
4657355965#4825418852,1,0.502938610720647,1
3738716466#86599436514,0,0.49514312269453614,0
102799582996#4959796164,0,0.5025765113103406,1
5212053939#5208375738,0,0.49326657078107805,0
3861213317#4204386191,0,0.49514312269453614,0
3608869908#4628227983,0,0.4949715874132819,0
4719266318#14275135237,0,0.49514312269453614,0
4157396930#4274231792,1,0.4961365239654741,0
4196598949#2455879046,0,0.49539050890399006,0
1395111624#2168049650,0,0.49514312269453614,0
4113335248#4649435459,0,0.49514312269453614,0
4593095271#2075941248,0,0.49514312269453614,0
2127292827#4236883697,0,0.49514312269453614,0
5070652659#2055582885,0,0.49514312269453614,0
42065061380#4825418852,0,0.49514312269453614,0
66983983936#1485299019,0,0.49514312269453614,0
5029004785#4636583527,0,0.4961365239654741,0
4495321261#4450676959,1,0.49924884547168913,0
2066519837#2075941248,0,0.4983928569886914,0
4624523720#1372181647,0,0.4949715874132819,0
4971996310#3494644561,0,0.49514312269453614,0
2054980574#5036479473,0,0.49514312269453614,0
5137789006#90088944269,0,0.49514312269453614,0
46446169240#97057702438,0,0.49514312269453614,0
5174571094#4129126365,0,0.49514312269453614,0
2057657991#4933601180,0,0.49514312269453614,0
2676652265#4385543508,0,0.49514312269453614,0
1557919756#1637139251,1,0.4949715874132819,0
4274231792#2168043833,0,0.49928314974648624,0
5145421612#4989601539,0,0.5006806935083877,1
1541828296#1782303951,0,0.49514312269453614,0
1492219642#3048645827,0,0.49514312269453614,0
1919936224#3568392235,0,0.4994959822795106,0
1995007743#1608452100,0,0.4949715874132819,0
335230005323#3911832277,0,0.49514312269453614,0
4658590861#4681884668,0,0.49934017350579035,0
3728656154#230316955194,0,0.49514312269453614,0
2057143127#2056507060,0,0.4949715874132819,0
3878597352#4420910026,0,0.49514312269453614,0
2343156405#4274434869,0,0.49514312269453614,0
2054815625#97115452949,0,0.4973942221902496,0
5306873645#3230632753,0,0.4949715874132819,0
1778061008#4099641396,0,0.49514312269453614,0
2118343114#5210078086,0,0.49514312269453614,0
4037118803#4117072069,0,0.49514312269453614,0
5074793221#90088944269,0,0.49514312269453614,0
1847751521#2054781181,0,0.49514312269453614,0
4933601180#2118343114,0,0.49514312269453614,0
1782303951#3861078888,0,0.4923633863242208,0
3047029968#4041026262,0,0.49514312269453614,0
96073549554#133295687376,0,0.4969753006995415,0
4142231832#1451127433,0,0.4949715874132819,0
4506526795#3249295279,0,0.4956726741969231,0
4550893360#167670882866,0,0.49514312269453614,0
4971996310#4808687386,0,0.49514312269453614,0
2062736546#2059400848,0,0.49514312269453614,0
2059400154#2455879046,0,0.49514312269453614,0
3249295279#1437868238,0,0.49514312269453614,0
3074346052#3990733484,0,0.49514312269453614,0
4662116837#66983983936,0,0.49514312269453614,0
1369517864#4479564507,0,0.4989598769732037,0
4951787449#4123815194,0,0.49514312269453614,0
1646206864#2676652265,0,0.49514312269453614,0
4715673728#4590618046,0,0.49738088069401515,0
4893421020#4113335248,0,0.49514312269453614,0
3077676449#3956668079,0,0.4961365239654741,0
4645487186#1778967707,0,0.49514312269453614,0
3446005398#102799582996,0,0.5025765113103406,1
4951787449#22987159602,0,0.5006806935083877,1
4475404893#4699266589,0,0.49514312269453614,0
4289304207#4843658030,0,0.49514312269453614,0
33827094730#97057702438,0,0.49514312269453614,0
4081685031#3419400892,0,0.49514312269453614,0
4825418852#4681884668,0,0.5036921005523369,1
2180548061#4332290907,0,0.49514312269453614,0
130937722924#2064229512,0,0.49514312269453614,0
422593008553#422593008639,0,0.5017502037469669,1
4755317093#4529336313,0,0.49514312269453614,0
69069111469#2081856411,0,0.49514312269453614,0
4506526795#3861078888,0,0.4949715874132819,0
4236870644#4495321261,0,0.5021029618187268,1
2055437333#1806390048,0,0.49514312269453614,0
4285890804#2067590020,0,0.48634263940572714,0
4041026262#2174689695,0,0.49514312269453614,0
2159452221#3921017850,0,0.49514312269453614,0
4877427884#4935501979,0,0.49514312269453614,0
138962728028#4590321636,1,0.5024540927473984,1
2064651676#4348212443,0,0.4949715874132819,0
3395420110#4271944536,0,0.49983644202462135,0
4447157300#5155009789,0,0.49514312269453614,0
111745823805#2120323979,0,0.49514312269453614,0
2059020105#444631849230,0,0.49514312269453614,0
4076081612#2676652265,0,0.4966286505967949,0
5102675634#4658297683,0,0.49514312269453614,0
3764168689#4457940843,0,0.4981292783815934,0
4437686963#1806319252,0,0.4949715874132819,0
422592070627#3053521973,0,0.4949715874132819,0
3792586113#3030484462,1,0.4949715874132819,0
3053521973#5098221599,0,0.4961365239654741,0
4796809254#3081987257,0,0.4927503982483932,0
3731893848#4354163603,0,0.49514312269453614,0
2055878958#4385543508,0,0.5014189376474045,1
4696335646#3236199283,0,0.4949715874132819,0
52270761597#4687908846,0,0.497305629785533,0
3558421110#3060181630,0,0.49514312269453614,0
4447157300#4674166292,0,0.4969753006995415,0
4161954899#2676652265,0,0.4966286505967949,0
4641374149#1778061008,1,0.49822708271784166,0
2280334878#3768335626,0,0.49514312269453614,0
4894929911#4271054057,0,0.4991445979874166,0
4813716345#3046506090,0,0.49514312269453614,0
4165910360#1639247978,0,0.4949715874132819,0
3545638010#4971996310,0,0.4986202405642725,0
3046086497#4218576924,0,0.4960241711116308,0
2111730858#4674166292,0,0.49514312269453614,0
1715995645#1641187512,0,0.49514312269453614,0
4200744172#4206157559,0,0.49720934541276096,0
2045415682#422593008553,1,0.49514312269453614,0
4843658030#5029004785,0,0.49514312269453614,0
4592047596#4579834609,0,0.49514312269453614,0
3124123344#1848110456,0,0.49514312269453614,0
4385543508#2055878959,0,0.5014189376474045,1
3916588372#5208375738,0,0.49514312269453614,0
468454402749#161900063353,0,0.49514312269453614,0
3046838574#3790156301,0,0.49717284991435456,0
2058968766#4551054156,0,0.4949715874132819,0
1401982699#3237112549,0,0.4949715874132819,0
2111138171#4038687308,0,0.4949715874132819,0
4206157559#5154388777,0,0.4949715874132819,0
498980611251#4259615689,0,0.49514312269453614,0
3629270939#3630377995,1,0.5094222757365124,1
3845908374#312476159692,0,0.4949715874132819,0
4572426635#5080010232,0,0.49600662897509346,0
212932071327#58909543123,0,0.4949715874132819,0
5109735650#5018444082,0,0.49765911039075356,0
3563396042#3826206182,0,0.49514312269453614,0
2127292827#4080784646,0,0.49514312269453614,0
4348212443#2057137359,0,0.4953382943509281,0
4475471841#4196027218,0,0.49817578350071295,0
4426984278#161012326997,0,0.49514312269453614,0
1541828296#4809373098,0,0.49514312269453614,0
4628227983#498980611251,0,0.4949715874132819,0
1497880313#2168024759,0,0.4949715874132819,0
4145921553#4099641396,0,0.49514312269453614,0
2059400382#2059400301,0,0.49514312269453614,0
2007944924#2058703491,0,0.49514312269453614,0
422593008553#3964333871,0,0.49514312269453614,0
2063843530#4373986045,0,0.4966856068636243,0
2114975127#4140186799,0,0.49539050890399006,0
4645487186#4447157300,0,0.49514312269453614,0
2247165276#4809373098,0,0.49514312269453614,0
3044853716#1372181647,0,0.49514312269453614,0
2455879046#4624526050,0,0.4961957063928849,0
1840879535#3444192698,1,0.5000523226576694,1
3862442483#4590486236,0,0.49514312269453614,0
3955161274#3494644561,1,0.5041898445516622,1
4551054156#156277208014,1,0.49514312269453614,0
49988216795#3053961277,0,0.49514312269453614,0
1760226057#1793751058,1,0.5022299269098217,1
4435497569#3249862225,0,0.4949715874132819,0
4191138952#468454402749,0,0.4949715874132819,0
3878597352#4958426955,0,0.49514312269453614,0
4361945080#4242848533,0,0.49514312269453614,0
207574173015#3474466257,0,0.49514312269453614,0
4457940843#1384521138,0,0.4981292783815934,0
1437868238#3055420907,0,0.49514312269453614,0
2079345854#3916588372,0,0.4949715874132819,0
1485299019#1541571286,0,0.4949715874132819,0
1778061008#4142231832,0,0.49514312269453614,0
4878268441#4575208945,0,0.4949715874132819,0
4439261965#4796107666,0,0.4949715874132819,0
4264556978#3093321300,0,0.49514312269453614,0
135661412204#4720475237,0,0.49514312269453614,0
3046375488#3392381011,0,0.49705212810207544,0
1379816908#3568392235,0,0.4993244469982564,0
4274231792#2055375491,0,0.49928314974648624,0
3984762861#1415647813,0,0.49514312269453614,0
4450676959#3591652360,0,0.49514312269453614,0
5183122889#2058128859,0,0.49514312269453614,0
4165910360#4699492658,0,0.49539050890399006,0
4809373098#4719266318,0,0.49514312269453614,0
3532144993#4241401560,0,0.49514312269453614,0
3862442483#3629270937,0,0.49514312269453614,0
1646206864#159199657944,0,0.49514312269453614,0
4206039345#4439637603,0,0.49514312269453614,0
335237884835#3934516600,0,0.4949715874132819,0
1815809122#1646206864,0,0.49514312269453614,0
485901844230#2059020105,0,0.49514312269453614,0
1372606932#183335874583,0,0.4949715874132819,0
1541828296#4271054057,0,0.5016515875109858,1
3419405027#4081685031,0,0.49514312269453614,0
2180548061#3990733484,0,0.49514312269453614,0
4687908846#4672315773,0,0.4971340945042788,0
4271054057#5083069896,1,0.5066991981612725,1
1639330963#1639155385,0,0.49039330232385014,0
4339070553#4314776750,1,0.4949715874132819,0
3797709918#2057514370,0,0.49514312269453614,0
113940347013#18956333945,0,0.5004268987965836,1
1650171815#5050718427,0,0.49996742654964366,0
4894929911#3854437179,1,0.4991445979874166,0
5155009789#3899203698,0,0.4949715874132819,0
4719266318#2332755780,0,0.49514312269453614,0
1711900697#4696335646,0,0.4930951060471815,0
4709177500#41965445982,0,0.49514312269453614,0
4935501979#3849754958,0,0.49514312269453614,0
329718595140#212932071631,0,0.49514312269453614,0
4514032938#54161621292,0,0.49514312269453614,0
4730651453#361264235472,0,0.49514312269453614,0
4741125055#1646144729,0,0.49514312269453614,0
3475310737#36777289481,0,0.4965554454561822,0
4848821942#1815809122,0,0.49514312269453614,0
4696335646#2056146720,1,0.5000290378284697,1
1382163772#3921017850,0,0.49514312269453614,0
291245346593#444631792208,0,0.49550982963218226,0
3601402802#4614462519,0,0.49514312269453614,0
2062736546#2118343114,0,0.49550982963218226,0
52466288934#2071779729,1,0.500569922773388,1
4878750795#2075416377,0,0.49514312269453614,0
3891995505#498398470747,0,0.49514312269453614,0
4242848533#4204386191,0,0.49514312269453614,0
3964333871#444631849230,1,0.49514312269453614,0
4720076201#4545358313,1,0.5041488730451157,1
4971703188#3260153956,1,0.49946268330123345,0
3563396042#3709420925,0,0.49514312269453614,0
175758471828#4070758202,0,0.49514312269453614,0
2120323979#5046656102,1,0.49514312269453614,0
2061484014#1372606932,0,0.4949715874132819,0
3081987257#4697017334,0,0.49514312269453614,0
4161954899#4464294458,0,0.4966286505967949,0
280340628271#4780916943,0,0.49514312269453614,0
3045310388#3749873906,0,0.49539050890399006,0
1752646423#1646144729,0,0.49514312269453614,0
2054734151#3043046316,0,0.4949715874132819,0
4641732096#156277208014,0,0.49514312269453614,0
4236883697#3053522778,1,0.5124561959334067,1
4038687308#2127292827,0,0.49685388492714905,0
3068485945#2058703491,0,0.49514312269453614,0
5059261580#5169209205,1,0.49539050890399006,0
4681884668#3964333871,0,0.49514312269453614,0
4635983959#156277193948,0,0.49550982963218226,0
1815809122#183335874583,0,0.49514312269453614,0
1854625863#4635484607,0,0.4991122706789881,0
4649435459#109769360804,0,0.49514312269453614,0
3392381011#4718263231,0,0.49514312269453614,0
1415628286#4649435449,0,0.49514312269453614,0
1496035084#5956875678,0,0.49514312269453614,0
2055948492#25271558033,0,0.49640155927045493,0
1646206864#1646206854,0,0.49958804405013185,0
4420971485#4628227983,0,0.4949715874132819,0
5174571094#550633511658,0,0.49514312269453614,0
388345333994#4070366943,0,0.49514312269453614,0
4593095271#2057019568,0,0.49514312269453614,0
4571190424#3563396042,0,0.4949715874132819,0
49988216795#4720475237,0,0.49514312269453614,0
1416247746#301920897506,0,0.49514312269453614,0
4888451505#5074793221,0,0.4961365239654741,0
5183122889#1633806208,0,0.49514312269453614,0
3878463637#161012326997,0,0.5046244947950066,1
2082042841#3474466257,0,0.49514312269453614,0
3876493191#2057137359,1,0.5075628092113543,1
4877427884#1541828296,0,0.49514312269453614,0
4529633660#4006382570,0,0.49539050890399006,0
2070908678#3077641865,0,0.4949715874132819,0
3395420110#5078771664,1,0.49880748706148603,0
1849136332#29751233083,0,0.4953382943509281,0
4545358313#90489182348,0,0.49514312269453614,0
1537439376#2065681864,0,0.49514312269453614,0
3906316464#4721049406,0,0.4949715874132819,0
2796704233#4447157300,0,0.49514312269453614,0
8431808974#4439637603,0,0.49514312269453614,0
1639149393#4142231832,1,0.5023923925899978,1
4439261964#1761176598,0,0.49514312269453614,0
3790156301#4635484607,0,0.49514312269453614,0
5074857907#4673917112,1,0.5083876147873323,1
4473639064#4157396930,0,0.49514312269453614,0
3249295279#2057643160,0,0.5007182305167863,1
4570911542#335237884835,0,0.4949715874132819,0
2057143127#1639385502,0,0.4949715874132819,0
249039268558#212932071327,0,0.49802538376641914,0
3824422542#4958426955,0,0.49514312269453614,0
3208576491#4196027218,0,0.5072342330348548,1
4592047596#4501513393,0,0.49514312269453614,0
1752749964#1497880313,0,0.49514312269453614,0
2147107185#1775476124,0,0.49514312269453614,0
3956668079#4970014021,0,0.4949715874132819,0
5078771664#90088944269,0,0.49514312269453614,0
1806390048#1701535671,0,0.49514312269453614,0
4709177500#4726895334,0,0.49514312269453614,0
19216062361#2007934907,0,0.49662158171191684,0
4242848533#4959519221,0,0.49514312269453614,0
4571190424#4877427884,0,0.49781408579054803,0
4196598949#372481794868,0,0.49514312269453614,0
176077750624#3494644561,0,0.49514312269453614,0
3861213317#3863546507,1,0.4949715874132819,0
2066611159#3044853716,0,0.4958442094781773,0
20182514319#318037396491,0,0.5069284383568873,1
4661968358#4825418852,0,0.4958442094781773,0
1565912494#1995007743,0,0.4949715874132819,0
90088944269#4959519221,0,0.49514312269453614,0
169319828385#3568392235,0,0.49514312269453614,0
113560958124#4439261964,0,0.4949715874132819,0
4614462519#3824422542,1,0.49514312269453614,0
64521537843#178981851962,0,0.49514312269453614,0
138962728028#102363039688,0,0.49514312269453614,0
4541783818#5210078086,0,0.49514312269453614,0
3806625615#2343156405,0,0.488251689560319,0
4575208945#3077676449,0,0.4949715874132819,0
3303709815#3249862225,0,0.49514312269453614,0
3046086497#2070908678,0,0.4949715874132819,0
2016174783#2058823419,0,0.49514312269453614,0
4653740285#3060181630,0,0.49514312269453614,0
3854437179#2057514370,0,0.49514312269453614,0
5138249246#4346498056,0,0.4966856068636243,0
1498144447#66983983936,0,0.49514312269453614,0
2119478072#3047893935,0,0.49514312269453614,0
4874906617#4673917112,0,0.49514312269453614,0
4550893360#5186378802,0,0.49514312269453614,0
5186378802#1775476124,0,0.49514312269453614,0
3911832277#1512751759,0,0.49514312269453614,0
4681884668#4338459775,1,0.49934017350579035,0
2190429617#3046086497,0,0.49514312269453614,0
1415647813#4259834054,0,0.49514312269453614,0
2115619991#3728656154,0,0.49514312269453614,0
54163135140#218671246426,0,0.49514312269453614,0
1765891797#1715995645,0,0.49558947425942707,0
2311760701#3300207940,0,0.49747434907094495,0
5214033797#18956333945,0,0.49539050890399006,0
2058129030#1543994516,0,0.49722366338332963,0
87820911338#4636207067,0,0.49514312269453614,0
4933845886#498980611251,0,0.5075288004224882,1
4335156801#4955035552,0,0.4949715874132819,0
3806625615#1497880313,0,0.48922213292760786,0
3309343440#4715673728,0,0.49514312269453614,0
2028313311#2060359973,0,0.49514312269453614,0
2054734151#2057143127,0,0.4949715874132819,0
2114196661#3728656154,0,0.5052845174695616,1
4813716345#1955038585,0,0.4965730945517091,0
4593095273#2004650934,0,0.4992037323982572,0
4968145391#32262401468,0,0.49514312269453614,0
3883325413#2056507060,0,0.49514312269453614,0
3395420110#2521238898,0,0.4949715874132819,0
2340086397#4479564507,0,0.49514312269453614,0
163680336826#4899151313,0,0.5016823001892052,1
4999205013#4683128574,1,0.49514312269453614,0
97115452949#4741125055,0,0.49514312269453614,0
1840879535#4933601180,0,0.49514312269453614,0
41965445982#3563396042,0,0.4949715874132819,0
372481782919#2065276113,0,0.4949715874132819,0
4440382481#4699266589,0,0.49514312269453614,0
3076813357#4796809254,0,0.4961365239654741,0
145760114769#2756903470,0,0.49881561302418254,0
4836816015#1496035084,0,0.49514312269453614,0
4024788228#3081987257,0,0.5000079773058755,1
97245307190#28307761138,0,0.49514312269453614,0
3808804853#1517666904,0,0.49514312269453614,0
4999205061#390564862652,0,0.49514312269453614,0
4697654812#1739907335,0,0.49514312269453614,0
5183122889#2058703491,0,0.49514312269453614,0
4933601180#1386618246,0,0.49514312269453614,0
111745823805#3883325413,0,0.49514312269453614,0
2127292827#3711672367,0,0.49685388492714905,0
3046086497#2059400382,0,0.4919172752783648,0
1639157122#1639330963,0,0.49039330232385014,0
1628142291#3392381011,0,0.4949715874132819,0
18466202308#3049961545,0,0.4949715874132819,0
5174571094#3797709918,0,0.49514312269453614,0
52466288934#3878463637,0,0.5024960428459928,1
3208576491#4635983959,0,0.5081481178567746,1
3260153956#81508598767,0,0.49514312269453614,0
4755317093#4094371021,0,0.4949715874132819,0
2058564331#3455616150,0,0.4949715874132819,0
1504287585#4883413805,0,0.4994137913724383,0
280340628271#4200744172,0,0.49514312269453614,0
3791609567#3808804853,1,0.5130690063462418,1
4801743381#2054980574,0,0.49514312269453614,0
3863546507#4285890804,0,0.49514312269453614,0
5212053939#4919205804,0,0.4933017785297739,0
4801743381#1659788876,0,0.49514312269453614,0
4094371021#1372181647,0,0.4949715874132819,0
3876493191#3938344378,0,0.4974883942662276,0
3303709815#54353744279,0,0.49514312269453614,0
2055582885#41965445982,0,0.4949715874132819,0
4161954899#3797709918,0,0.4970062897505832,0
2190429617#3084169617,1,0.49514312269453614,0
4113335248#4809373098,0,0.49514312269453614,0
4361945080#90088944269,1,0.5001821049567478,1
3055420907#3990733484,0,0.49514312269453614,0
4091678030#3419433581,0,0.4949715874132819,0
186808739086#4989601539,0,0.49514312269453614,0
4878268441#183335874583,0,0.4949715874132819,0
4551054156#14613463282,0,0.4964571776369919,0
4236883697#2116329768,0,0.49514312269453614,0
1415647813#1702827843,0,0.49514312269453614,0
3778002993#3911832277,0,0.49611005007351267,0
2059208034#2065276113,0,0.5000284628426135,1
1372606932#2070908678,0,0.4949715874132819,0
3629270937#1765891797,0,0.5019693221827882,1
4082166816#4165910360,0,0.4960915956876313,0
3862442483#2190429617,0,0.49514312269453614,0
4348212443#1379816908,0,0.49983644202462135,0
4218576924#1639157122,0,0.4949715874132819,0
2058128859#3093321300,0,0.49514312269453614,0
3630377420#392226244812,0,0.4949715874132819,0
4874906617#336084797451,1,0.49514312269453614,0
4335156801#1806319252,0,0.4949715874132819,0
1760567279#5059261580,0,0.4958194372941969,0
2064229512#3432318020,0,0.49514312269453614,0
16522754571#4447157300,0,0.49514312269453614,0
4301048457#3053521973,0,0.49514312269453614,0
4595274213#4649435449,0,0.49514312269453614,0
1721812143#4117072069,1,0.5123208987408039,1
2079345854#64521537843,0,0.49517362720954666,0
2055633495#3911832277,0,0.49514312269453614,0
4919205804#4441056785,0,0.49514312269453614,0
4082166838#32262401468,0,0.49514312269453614,0
22987159602#4628617130,0,0.4949715874132819,0
2111730858#1504338841,0,0.49514312269453614,0
2190429617#1955038585,0,0.49514312269453614,0
4662032123#4825418852,0,0.49514312269453614,0
3361906432#2059400382,0,0.49514312269453614,0
3629270937#3630377420,1,0.5051594110971187,1
1681387366#3406488822,0,0.4958442094781773,0
460209096026#1639149393,0,0.49514312269453614,0
1633806208#97115450346,0,0.49514312269453614,0
1541828296#4720390456,0,0.4949715874132819,0
2118343114#2059400154,1,0.49514312269453614,0
1241054990#4991881534,0,0.49514312269453614,0
4082166838#4420971543,0,0.4949715874132819,0
4205712058#2074381365,1,0.5016197701031959,1
1427123096#49988216795,0,0.49514312269453614,0
3928874644#2056507060,0,0.4949715874132819,0
2163788713#3583250290,0,0.49514312269453614,0
1641187512#4551054156,0,0.4949715874132819,0
3891995505#3891956878,0,0.4949715874132819,0
4038687308#3711672367,0,0.514963450621192,1
2073958683#218671246426,0,0.49514312269453614,0
4570911542#4435349331,1,0.5000487343870147,1
18468682603#6626538016,0,0.4949715874132819,0
156277200942#156277207697,0,0.501963761141314,1
3419657611#1372606932,0,0.4961365239654741,0
1395111624#1363201302,1,0.49730281378969077,0
1489629640#1847751521,0,0.49514312269453614,0
25577744321#4673917112,0,0.497305629785533,0
2059400382#1650171815,0,0.49514312269453614,0
4196598949#4123815194,0,0.49927545195926726,0
4771327918#3424502550,0,0.49514312269453614,0
4715673728#106428061780,0,0.49738088069401515,0
1489629640#4760784728,0,0.49514312269453614,0
3049961545#2080654117,0,0.49514312269453614,0
1835570826#4282239841,1,0.5020653473183379,1
4904481611#33187929079,0,0.49514312269453614,0
4070758202#172087618689,0,0.49514312269453614,0
96073549554#2007934907,0,0.4969753006995415,0
5212053939#4653740285,0,0.49833312933987417,0
4919205804#4786537439,1,0.49514312269453614,0
4495321261#3630377420,0,0.4949715874132819,0
4523837361#106428061780,0,0.49738088069401515,0
3030484462#4579834609,0,0.4949715874132819,0
178981851962#2054980574,0,0.49514312269453614,0
1633176166#2059208034,1,0.5200237880106492,1
4771327918#102554223320,0,0.49514312269453614,0
2054142391#2111730858,0,0.49514312269453614,0
69069111469#4193538411,0,0.500051217525457,1
4720076201#3053521973,0,0.49514312269453614,0
3271713292#49577430316,0,0.4949715874132819,0
3474466257#3630377995,0,0.49514312269453614,0
141222595817#3068485945,0,0.49514312269453614,0
3047029968#2028313311,0,0.49514312269453614,0
4077609999#81508598767,0,0.4958442094781773,0
148294639917#1822360916,0,0.49514312269453614,0
1451127433#3087065427,0,0.49514312269453614,0
3559141873#4552692352,0,0.49514312269453614,0
1665910528#1919936224,0,0.4994959822795106,0
3053522778#1416247746,0,0.49514312269453614,0
156277207697#156277193948,0,0.501963761141314,1
25271558033#336084797451,0,0.49514312269453614,0
4070366943#1639155385,1,0.49514312269453614,0
4339070553#4218561827,0,0.49514312269453614,0
329718595140#2127292827,0,0.49514312269453614,0
2063843530#2059772017,0,0.4966856068636243,0
1835570826#3831256267,0,0.49514312269453614,0
1715995645#3899203698,0,0.49558947425942707,0
5059493292#5063230149,0,0.49514312269453614,0
3559141874#3532144969,0,0.49514312269453614,0
2071882570#4649435459,0,0.4928937914391361,0
341874290933#212932071327,0,0.49514312269453614,0
2057643160#4506526795,0,0.4960915956876313,0
3799008310#4848821942,0,0.49776200478266763,0
3054581913#2058823150,0,0.49514312269453614,0
3072564493#4813716345,0,0.4965730945517091,0
4672315773#110021560113,0,0.497305629785533,0
5050718427#5050453220,1,0.5023427040140737,1
4848821942#18469239595,0,0.4949715874132819,0
1709016493#1406235976,0,0.49514312269453614,0
4796107666#212932071631,0,0.5074562026328208,1
18468682603#1665910528,0,0.49514312269453614,0
1760226057#4144101559,0,0.4983965415931984,0
4683128574#4999205061,0,0.49514312269453614,0
2061484014#4037072294,0,0.4949715874132819,0
64521537843#4801743381,0,0.49514312269453614,0
4741125055#1342782328,0,0.49514312269453614,0
19528299331#4857000063,0,0.49612620510724353,0
4619555960#1702827843,0,0.4949715874132819,0
3249862225#4146072324,0,0.4949715874132819,0
3033453452#4730651453,0,0.4969095845098841,0
2054781183#2054781181,0,0.5015550222494995,1
25271558033#4373986045,0,0.4949715874132819,0
4298712891#444631792208,0,0.49514312269453614,0
407278558983#550633511658,0,0.4969802451346231,0
4645487186#4504208035,0,0.49514312269453614,0
5956875678#3831306920,0,0.49514312269453614,0
4676945807#3033453452,0,0.49614047877441203,0
33827094730#5059493292,0,0.49514312269453614,0
3424502550#5175525100,0,0.49514312269453614,0
4593095271#2055878959,0,0.49813333491355855,0
1639157122#3236199283,0,0.4949715874132819,0
54163685093#5080010232,0,0.49765911039075356,0
3808804853#4590537395,0,0.49650522744302583,0
4877427884#4289304207,0,0.49514312269453614,0
4271944536#4298712891,0,0.5013301655176313,1
393149434328#25123048102,0,0.5017655364583369,1
3475310737#4142357884,0,0.4953382943509281,0
3361906432#3252574422,0,0.49514312269453614,0
54163135140#159199657944,0,0.49781408579054803,0
263142720576#4899151313,0,0.5016823001892052,1
172087618689#4353218398,0,0.49894537080387336,0
372481794868#285571185833,0,0.500051217525457,1
2064651676#2061484014,1,0.5021162497181809,1
3093321300#2357692079,0,0.49514312269453614,0
4435349331#2054781183,0,0.49539050890399006,0
3044853716#4506526795,0,0.4958442094781773,0
4107459058#3797709918,1,0.49514312269453614,0
2112634689#4099641396,0,0.4949715874132819,0
4715673728#5208375738,0,0.49514312269453614,0
4893421020#1955038585,0,0.4965730945517091,0
4624526050#3482236688,1,0.49999274839149144,0
4667944802#3237112549,0,0.4949715874132819,0
4624523720#4200744172,0,0.4949715874132819,0
3507037385#97245307190,0,0.4882894962012547,0
3791242869#3054434630,0,0.49514312269453614,0
4636207067#4697017334,0,0.49514312269453614,0
2059020105#156277208014,0,0.49514312269453614,0
4041017449#3046375488,0,0.49738088069401515,0
4641732096#4813716345,0,0.49514312269453614,0
4241401560#4919205804,0,0.49514312269453614,0
2120323979#3849754958,0,0.49514312269453614,0
4020838298#2074381365,0,0.497305629785533,0
2357692079#2178100450,1,0.5622851686910049,1
2061484014#113940347013,0,0.49514312269453614,0
2058968766#4196027218,0,0.4949715874132819,0
2055948492#4619555960,0,0.4949715874132819,0
2300693776#1437868238,0,0.49514312269453614,0
64521537843#75959618233,0,0.49514312269453614,0
1498144447#4661968358,0,0.49514312269453614,0
1498144447#3048645827,0,0.49514312269453614,0
4024788228#90489182348,0,0.49881561302418254,0
407278558983#4635983959,0,0.4969802451346231,0
5061207560#2119398048,0,0.49514312269453614,0
4285890804#3237112549,0,0.49514312269453614,0
4354201228#5174571094,0,0.4965730945517091,0
1847751521#1659788876,0,0.5001778677719119,1
5074857907#4440382481,0,0.49514312269453614,0
1666737679#2024265127,0,0.49514312269453614,0
52466288934#4193538411,0,0.49514312269453614,0
4495321261#4771327918,0,0.49514312269453614,0
3458373106#4077609999,0,0.4958442094781773,0
1637139251#3257238638,0,0.49514312269453614,0
3055420907#1806390048,0,0.49514312269453614,0
329718595140#301920897506,0,0.5251122562723978,1
4808134107#1650171815,0,0.4949715874132819,0
3997203055#4972452242,0,0.4966856068636243,0
153095594519#1633176166,0,0.49897991876476355,0
1384521138#1793751058,0,0.5014179053661243,1
469266459718#4730651453,0,0.49514312269453614,0
2152065366#3044853716,0,0.4958442094781773,0
2065681864#1502419182,0,0.49514312269453614,0
14613456118#97115450346,0,0.49514312269453614,0
97115452949#97115450346,0,0.49848522874730805,0
3747074740#3568392235,0,0.4949715874132819,0
3854437179#1848145742,0,0.4991445979874166,0
4718263231#2119398048,0,0.4864276034790938,0
4529336313#2069903036,0,0.5034325195767587,1
163680336826#69069111469,0,0.48881778556271027,0
4176264466#3419405027,0,0.49514312269453614,0
3249295279#2004650934,0,0.49759046950141345,0
4080784646#3709787539,0,0.49514312269453614,0
2073958683#202083551880,0,0.49514312269453614,0
4333918634#4780916943,0,0.49514312269453614,0
4329191389#2055878958,0,0.5014189376474045,1
4808134107#4037072294,0,0.4949715874132819,0
4489309829#4673436487,0,0.49514312269453614,0
4439637603#113560958124,0,0.4971806972558003,0
1848145742#4259615689,0,0.49514312269453614,0
4214739605#3899227251,0,0.49514312269453614,0
1409996381#81508598767,0,0.49514312269453614,0
440348329591#20182514319,0,0.49793277230648436,0
3444192698#4129126365,0,0.49514312269453614,0
2055878959#5046725254,0,0.49514312269453614,0
2056507060#1504338841,0,0.4949715874132819,0
2039992958#3591652360,1,0.4969007691524323,0
1639149393#4636207067,0,0.49514312269453614,0
66983983936#1995007743,0,0.4981259934414701,0
25123048102#2071779729,0,0.500569922773388,1
1384521138#1759667553,0,0.49917495173939463,0
469266459718#163680336826,1,0.5026576713341186,1
3791242869#3591652360,0,0.49514312269453614,0
3432318020#4624526050,0,0.4961957063928849,0
4933601180#4346498056,0,0.49514312269453614,0
3446005398#22987159602,0,0.5005091582271335,1
4301048457#4161835766,0,0.49514312269453614,0
4196027218#3967289494,0,0.5053889191186749,1
2111730858#4572965795,0,0.49514312269453614,0
4551054156#4595087666,0,0.4949569093529664,0
3458373106#2079345854,0,0.49514312269453614,0
1537439376#4413493983,0,0.49539050890399006,0
2063718969#1806319252,0,0.49388029349774476,0
1955038585#341874290933,0,0.49514312269453614,0
4523862885#41965445982,0,0.4949715874132819,0
120510885920#3878463637,1,0.5125592552776743,1
3419433581#1919936224,0,0.49514312269453614,0
1841861991#1845153102,1,0.5344080852002034,1
5050453220#4393085087,0,0.49514312269453614,0
161012326997#54161619771,0,0.49514312269453614,0
211516820389#2446874502,0,0.4979377963819989,0
3806625615#4878750795,0,0.49514312269453614,0
4699490400#1752749942,0,0.5039934862158172,1
36777289481#4571190424,0,0.49764255050929385,0
422592070627#5214033799,0,0.49693448723645595,0
4672315773#4703570487,0,0.5008875670487644,1
422593008553#485901844230,0,0.4953382943509281,0
4479564507#4439261965,0,0.4973248699601839,0
392226244812#111745823805,1,0.49514312269453614,0
5165641659#1452953298,0,0.49514312269453614,0
4697654812#2796704233,0,0.49514312269453614,0
3728656154#1760643058,0,0.4983928569886914,0
1711900697#33827094730,0,0.49514312269453614,0
2054841626#4440382481,1,0.4975450895951636,0
4541783818#3768335626,0,0.49514312269453614,0
4593095273#2055885530,0,0.49514312269453614,0
1608452100#2056507060,0,0.4949715874132819,0
4672315773#52270761597,0,0.497305629785533,0
175758471828#186973639403,0,0.4949715874132819,0
3824422542#4667944802,0,0.49514312269453614,0
4020838298#2280334878,0,0.49514312269453614,0
3046506090#4447157300,0,0.49514312269453614,0
3956668079#1489629640,0,0.5001558153037762,1
2045415682#2115619991,0,0.49514312269453614,0
2174689695#3403976708,0,0.4953382943509281,0
4614462519#4667944802,0,0.4949715874132819,0
2081856411#4504208035,0,0.49514312269453614,0
113940347013#1517666904,0,0.49514312269453614,0
5061207560#4808687386,0,0.49514312269453614,0
5046656102#54161621292,0,0.49514312269453614,0
2054841626#2054980574,0,0.49514312269453614,0
5063230149#4955620505,0,0.49514312269453614,0
4142231832#1395111624,0,0.4949715874132819,0
130937722924#52466288934,0,0.5024960428459928,1
4206039345#8431808974,0,0.49650522744302583,0
4771327918#3559141873,0,0.49514312269453614,0
48901612818#4354201228,0,0.49514312269453614,0
485901844230#1472057121,0,0.4953382943509281,0
4641374149#4006382570,0,0.49514312269453614,0
4667944802#3845908374,1,0.4949715874132819,0
1363201302#4285890804,0,0.49550982963218226,0
2340086397#412056582497,1,0.49514312269453614,0
5197763503#2064229512,0,0.49514312269453614,0
1751365895#2057137359,0,0.49631397757520446,0
1241054990#1775476124,0,0.49514312269453614,0
2059400154#3046086497,0,0.4919172752783648,0
211516820389#212932071327,0,0.4949715874132819,0
3899203698#4726699880,0,0.49558947425942707,0
5186378802#3404246290,0,0.49514312269453614,0
4010669700#4440382481,0,0.49514312269453614,0
135661412204#3906316464,0,0.4949715874132819,0
1406235988#4951787449,0,0.49514312269453614,0
4730881018#1416629632,0,0.4949715874132819,0
3236199283#5214033799,0,0.49623340045281483,0
3629270939#2446874502,0,0.4949715874132819,0
4855224068#4918821582,0,0.49514312269453614,0
5214033799#3731893848,0,0.49514312269453614,0
4070758202#2056662276,0,0.49514312269453614,0
1639385502#18469239595,0,0.4949715874132819,0
4864092534#3906316464,0,0.49514312269453614,0
5145421612#3906316464,0,0.49514312269453614,0
4155663854#2756903470,0,0.4949715874132819,0
4448156610#4523862885,0,0.4949715874132819,0
4687137331#4721008558,0,0.4949715874132819,0
3831306920#3831306916,0,0.49968888956272245,0
4261169259#1517666904,0,0.49514312269453614,0
1543994516#210832073881,0,0.49722366338332963,0
4479393573#4435497569,1,0.49884811395462114,0
3049961545#2058575359,0,0.49514312269453614,0
2058575359#2756903470,0,0.49514312269453614,0
4432515343#5043019547,0,0.49514312269453614,0
3300207940#4479564507,0,0.49747434907094495,0
3791242869#3854437179,0,0.49514312269453614,0
4657355965#18469239595,0,0.4961365239654741,0
3474466257#2057514370,0,0.49514312269453614,0
4551054156#4264556978,0,0.49514312269453614,0
3053961277#4447157300,0,0.49514312269453614,0
113940347013#3093321300,0,0.49514312269453614,0
1363201302#2057019568,0,0.49514312269453614,0
3583250290#4339070553,0,0.4949715874132819,0
3260153956#2054781183,0,0.4949715874132819,0
4855224068#440348329591,0,0.49514312269453614,0
4146072324#4867525539,0,0.4970013146331004,0
3806625615#4572426635,0,0.49514312269453614,0
1760643058#1633176166,0,0.4949715874132819,0
1923282767#4529336313,0,0.5034325195767587,1
4218576924#1406235988,0,0.4949715874132819,0
102799582996#318037396491,0,0.5025765113103406,1
3532144993#3878815869,0,0.4966856068636243,0
2195335976#2055375491,0,0.49514312269453614,0
2039992958#3956668079,0,0.49880748706148603,0
3455616150#4473639064,0,0.49514312269453614,0
2057019568#4206295454,0,0.49514312269453614,0
2057336614#1751365895,0,0.49631397757520446,0
4658297683#4274434869,0,0.49569229712957863,0
4857000063#3764168689,0,0.49514312269453614,0
1845153102#4737466020,0,0.49514312269453614,0
47066263949#1650171815,0,0.49514312269453614,0
3768335626#1557919756,0,0.49514312269453614,0
3532144969#3271713292,0,0.49514312269453614,0
2058564331#4082166816,0,0.49791645706525434,0
8431808974#1639330963,1,0.49514312269453614,0
9043448493#3361906432,0,0.49514312269453614,0
3990733484#4070758202,0,0.49514312269453614,0
4658297683#33816431380,0,0.49514312269453614,0
3419400892#1485299019,0,0.49514312269453614,0
4435349331#3878597352,0,0.49514312269453614,0
1369517864#3330388304,0,0.49730281378969077,0
4611838827#4989601539,0,0.49792869449706134,0
4195993580#4332290907,1,0.49514312269453614,0
2119398048#3564326181,0,0.4906917716180769,0
4780916943#291245346593,0,0.49514312269453614,0
4353218398#9043448493,0,0.49514312269453614,0
1401982699#1401982372,0,0.49814843138053805,0
4697017334#4697654812,0,0.49514312269453614,0
2114707742#4332290907,0,0.49514312269453614,0
3272204798#1633176166,0,0.49514312269453614,0
2159452221#3087065427,0,0.49514312269453614,0
4475471841#3208576491,0,0.49817578350071295,0
1778061008#5102675634,0,0.49514312269453614,0
2059400154#2059400301,0,0.49514312269453614,0
4106504104#4523837361,0,0.49514312269453614,0
3419400892#2247165276,0,0.49514312269453614,0
4649435449#4619555960,1,0.49514312269453614,0
3881167105#4489309829,1,0.5066118323150777,1
5054957764#4155663854,0,0.4949715874132819,0
1401982699#4624526050,0,0.49514312269453614,0
2075416377#1666737679,0,0.49514312269453614,0
1372606932#4624526050,0,0.4994950497410827,0
155972603815#4142357884,0,0.49514312269453614,0
2332755780#28307761138,0,0.49514312269453614,0
2111730858#4592047596,1,0.49928314974648624,0
1498144447#1492219642,0,0.49258098645513443,0
3934516600#1849136332,0,0.4949715874132819,0
2058823150#32262401468,0,0.49514312269453614,0
3404246290#49577430316,0,0.49514312269453614,0
4550893360#4426984278,0,0.49514312269453614,0
4264556978#9043448493,0,0.49514312269453614,0
4473639064#2063589630,0,0.49514312269453614,0
2119443297#4077609999,0,0.4949715874132819,0
4432515343#468454402749,0,0.4949715874132819,0
3863546507#5197763503,0,0.49514312269453614,0
3916588372#3563396042,0,0.4949715874132819,0
4628227983#90489182348,0,0.4979377963819989,0
3395420110#4796809254,0,0.4961365239654741,0
156277208014#4142231832,0,0.49514312269453614,0
25123048102#4674188079,0,0.4949715874132819,0
4883413805#3545638010,0,0.49514312269453614,0
2058407169#4912578167,0,0.49514312269453614,0
126166754864#80108597514,0,0.4949715874132819,0
186973639403#4020838298,0,0.49514312269453614,0
175758471828#109769360804,0,0.4949715874132819,0
4595274213#1573183009,0,0.49514312269453614,0
4193538411#285571185833,0,0.500051217525457,1
3046506090#153095594519,0,0.4958442094781773,0
1802184127#4440382481,0,0.49514312269453614,0
97115452949#49988216795,0,0.49514312269453614,0
1760526319#4703570487,0,0.49514312269453614,0
3956668079#3124123344,0,0.49514312269453614,0
1415647813#1415628286,0,0.49514312269453614,0
4717447491#1639149393,0,0.49539050890399006,0
4808687386#2176856626,0,0.49514312269453614,0
3076813357#2152065366,0,0.4949715874132819,0
4809373098#4801743381,0,0.49514312269453614,0
2176856626#4077568242,0,0.49514312269453614,0
4401274222#1815809122,0,0.49514312269453614,0
4261169259#4720076201,0,0.49514312269453614,0
4529336313#4771327918,0,0.5034325195767587,1
87216201397#3568392235,0,0.49514312269453614,0
4951787449#4989601539,0,0.5089922270365412,1
4282239841#3728656154,0,0.4983928569886914,0
4273126171#4786537439,0,0.49514312269453614,0
186973639403#468454402749,0,0.4949715874132819,0
148550112621#25123048102,0,0.4968700970706206,0
4330455313#4951787449,0,0.49514312269453614,0
2059400382#4191138952,0,0.49514312269453614,0
4410510890#2727127831,0,0.49514312269453614,0
110021560113#52270761597,0,0.497305629785533,0
4715673728#1752646423,0,0.49514312269453614,0
3403976710#176077750624,0,0.4949715874132819,0
4824169782#4259834054,0,0.49514312269453614,0
3697829010#4504208035,0,0.49514312269453614,0
4605074002#372481794868,0,0.49514312269453614,0
3403976708#4635983959,0,0.5091970806580158,1
301920897506#312476159692,0,0.5050027867057763,1
4354163603#4373986045,0,0.49930009327898106,0
4206157559#460209096026,0,0.5019610523133384,1
4687137331#52270761597,0,0.497305629785533,0
5138249246#4501513393,0,0.4966856068636243,0
4332290907#4737466020,0,0.49514312269453614,0
4140024129#1845153102,0,0.5005979088220572,1
4687101911#2112634689,0,0.4949715874132819,0
4298712891#1721812143,0,0.49514312269453614,0
4441056785#4091678030,0,0.4969007691524323,0
3930922591#1955038585,0,0.49550982963218226,0
4464294458#1401982678,0,0.49514312269453614,0
4864092534#3482236688,0,0.49514312269453614,0
4575208945#4636583527,0,0.4949715874132819,0
2059019411#52270761597,0,0.49514312269453614,0
2058129030#372481794868,0,0.49514312269453614,0
16522754571#5169209205,0,0.49514312269453614,0
1639385502#3474466257,0,0.49514312269453614,0
1695721912#2115619991,0,0.4983297004561836,0
3777224242#5956875678,0,0.49514312269453614,0
178981851962#97057702438,0,0.49514312269453614,0
1782303951#3791609567,0,0.49569229712957863,0
4912578167#4504208035,0,0.49514312269453614,0
5306873645#5169209205,0,0.49539050890399006,0
1512751759#1848145742,0,0.49514312269453614,0
285571185833#4918821582,0,0.49514312269453614,0
2058575359#2311760701,0,0.49514312269453614,0
4888451505#4933601180,0,0.49514312269453614,0
4504208035#156118033327,1,0.5001761338471273,1
41965445982#3084169617,0,0.49514312269453614,0
4101996769#1955038585,0,0.49514312269453614,0
3945392968#5109735650,0,0.49514312269453614,0
4867525539#3046838574,0,0.4988836121469675,0
4741125055#3882105016,0,0.49514312269453614,0
4571112607#2058968766,0,0.49514312269453614,0
1751365895#9043448493,0,0.49514312269453614,0
4218561827#4933845886,0,0.49514312269453614,0
2120091370#3047029968,0,0.49514312269453614,0
4330455313#2059772017,0,0.5022425572521579,1
4653740285#1822360916,0,0.49514312269453614,0
280340628271#3509208588,0,0.49514312269453614,0
4730651453#1512751759,0,0.4969281834817732,0
2127292827#2117980081,0,0.49514312269453614,0
4475404893#4641374149,0,0.49514312269453614,0
4941134416#2073958683,0,0.49514312269453614,0
372481794868#4658297683,0,0.4966286505967949,0
2054734151#1608452100,0,0.4949715874132819,0
3419657611#4900256072,0,0.4949715874132819,0
4681884668#4661968358,0,0.49514312269453614,0
1382163772#3406488822,0,0.49514312269453614,0
4354163603#3055420907,0,0.49514312269453614,0
133295687376#4447157300,0,0.4969753006995415,0
5306873645#2058557454,0,0.5015536304864989,1
117756682724#3046506090,0,0.4938093861260404,0
1489629640#4658590861,0,0.49514312269453614,0
18466071844#6626538016,0,0.4949715874132819,0
3979682744#1702827843,0,0.49514312269453614,0
156277208014#2062736546,0,0.49550982963218226,0
2115312686#4020838298,0,0.497305629785533,0
5169209205#3576237842,0,0.4953382943509281,0
3471203285#4273230232,0,0.49514312269453614,0
5029004785#4697654812,0,0.49514312269453614,0
4070366943#4936308864,0,0.49514312269453614,0
4070366943#1401982699,0,0.4978211047774912,0
3738716466#2111840166,0,0.49514312269453614,0
3363370392#2111138171,0,0.49514312269453614,0
126166754864#109769360804,0,0.4949715874132819,0
4145921553#3791609567,0,0.49569229712957863,0
4206039345#412749747421,0,0.49514312269453614,0
4699490400#4624526050,0,0.49514312269453614,0
4933845886#4658457718,0,0.496404935734069,0
5075179730#2180548061,0,0.49514312269453614,0
3419657611#3878463637,0,0.49705212810207544,0
133295687376#1775476124,0,0.4953382943509281,0
3482236688#3738716466,0,0.49514312269453614,0
1709016493#3392381011,0,0.49514312269453614,0
3300207940#28307761138,0,0.49514312269453614,0
133295687376#1711900697,0,0.49556204418524424,0
4653740285#66983983936,0,0.4962846492767079,0
4330455313#4501513393,0,0.49514312269453614,0
4726699880#1765891797,0,0.49558947425942707,0
2074381365#2073958683,0,0.4998751043229245,0
25271558033#3444192698,0,0.49640155927045493,0
3300207940#3394520011,0,0.49747434907094495,0
3842666513#4354163603,0,0.4997039101524352,0
4673436487#4261169259,0,0.4949715874132819,0
211516820389#335140370164,1,0.4949715874132819,0
80108597514#49577430316,0,0.4949715874132819,0
3124123344#3406488822,0,0.49514312269453614,0
3394520011#1406235976,0,0.4949715874132819,0
4475404893#1845153102,0,0.5000386360915813,1
1835570826#3906316464,0,0.49514312269453614,0
3043043596#2004650934,0,0.4949715874132819,0
5174571094#3784845932,0,0.49514312269453614,0
194338163529#336084797451,0,0.49514312269453614,0
3826206182#5215122180,1,0.49514312269453614,0
2067590020#4590618046,0,0.49514312269453614,0
4206295454#4529336313,0,0.49514312269453614,0
4475471841#3749873906,0,0.49514312269453614,0
4161835766#4259834054,0,0.49514312269453614,0
4989601539#3446005398,0,0.5053526765294459,1
172087618689#81508598767,0,0.49514312269453614,0
1775476124#3747074740,0,0.4949715874132819,0
4628982425#2068463319,0,0.49514312269453614,0
3563396042#1929021158,0,0.49514312269453614,0
4704351814#4420971485,0,0.49514312269453614,0
172087618689#3049961545,0,0.4949715874132819,0
3955161274#4479564507,0,0.49514312269453614,0
4218576924#4420910026,0,0.4949715874132819,0
4205391929#2055481174,0,0.4969753006995415,0
4329191389#4385543508,0,0.5012474023661503,1
3257238638#4808142872,0,0.49514312269453614,0
4274434869#4004662188,0,0.49514312269453614,0
156277203161#2168024759,0,0.49875956392633747,0
14613456118#5175525100,0,0.49514312269453614,0
4236870644#4450676959,0,0.49514312269453614,0
173088843215#4200744172,0,0.49514312269453614,0
2057644498#3048645827,0,0.49514312269453614,0
1841861991#4475404893,0,0.5000386360915813,1
312476159692#2115312686,0,0.4971340945042788,0
4933845886#4590486236,0,0.49514312269453614,0
4741125055#2058128859,0,0.49514312269453614,0
141222595817#4113335248,0,0.49514312269453614,0
4697017334#1384521138,0,0.49514312269453614,0
1666737679#468454402749,0,0.49514312269453614,0
2111230146#4081685031,0,0.49514312269453614,0
4674166292#1752749942,1,0.4969753006995415,0
5145421612#285571185833,0,0.49514312269453614,0
396800321613#42156242181,0,0.49514312269453614,0
2059019411#5070652659,0,0.49514312269453614,0
113560958124#3046506090,0,0.49995181042604175,0
3591652360#3494644561,0,0.49514312269453614,0
4285890804#5197763503,0,0.49514312269453614,0
4101996769#4951787449,0,0.5098855454406667,1
2055375491#3768335626,0,0.49514312269453614,0
1489629640#4077609999,0,0.4949715874132819,0
3271713292#3404246290,1,0.529350898287688,1
3559141873#4808134107,0,0.49514312269453614,0
4595274213#4236883697,0,0.49514312269453614,0
1639330963#3507037385,0,0.4949715874132819,0
1752749964#4699490400,0,0.5039934862158172,1
5174571094#25271558033,0,0.4965730945517091,0
4628982425#3709420925,0,0.5000079773058755,1
58909543123#4809373098,0,0.49514312269453614,0
4384418878#3559141873,0,0.49514312269453614,0
1841861991#4273230232,0,0.49727287554611244,0
4113335248#5046656102,0,0.49514312269453614,0
4717447491#4717447481,0,0.48751303013926217,0
4354163603#3790156301,0,0.49717284991435456,0
3053521973#4641374149,0,0.49514312269453614,0
3419405027#2054781181,1,0.49514312269453614,0
335140369784#2180548061,0,0.49514312269453614,0
3263070381#4697654812,0,0.49514312269453614,0
1759667553#1793751058,0,0.5140460974299138,1
4082166816#4709177500,0,0.49514312269453614,0
4479393573#87820911338,0,0.49514312269453614,0
2055375491#4592047596,0,0.49928314974648624,0
3455616150#1751364887,0,0.4949715874132819,0
5043019547#4038687308,0,0.49514312269453614,0
4193538411#4590486236,1,0.500051217525457,1
5154388777#2079345854,0,0.49828321801756514,0
4106504104#3764168689,0,0.49514312269453614,0
18468682603#1639149393,0,0.4959385147922585,0
2147107185#2058128859,0,0.49514312269453614,0
335237884835#335140369784,0,0.49924350580866206,0
335140370164#335237884835,0,0.4949715874132819,0
5197763503#2058823419,0,0.49514312269453614,0
18465755385#3979682744,0,0.49514312269453614,0
4259615689#4259834054,0,0.49514312269453614,0
2118674361#4082166816,0,0.4989842507865416,0
5045583576#1409996381,0,0.49514312269453614,0
1437868238#2054967573,0,0.49514312269453614,0
3048645827#5059261580,0,0.49539050890399006,0
4867525539#4354163603,0,0.5013298204987995,1
4413493983#1406235976,0,0.4949715874132819,0
3862442483#4737466020,0,0.49514312269453614,0
361264235472#2058557454,0,0.4963676567892052,0
4004662188#3990733484,1,0.49514312269453614,0
4704351852#3784845932,0,0.49514312269453614,0
4441056785#2068742136,1,0.49514312269453614,0
422593008639#444631849230,0,0.5017502037469669,1
58909543123#42065061380,1,0.5018895099783949,1
14613456118#90489182348,0,0.49514312269453614,0
156277203161#2028313311,1,0.5047121423425146,1
2054967573#3697829010,1,0.49514312269453614,0
444631849230#4991881534,0,0.49514312269453614,0
2059208034#4077609999,0,0.4956726741969231,0
2061528577#4857000063,0,0.49924884547168913,0
1955038585#4590537395,0,0.49514312269453614,0
4709177500#159199657944,1,0.49514312269453614,0
1721524699#2063718969,0,0.49514312269453614,0
4161835766#3030484462,0,0.4949715874132819,0
3213623350#2111230146,0,0.49514312269453614,0
4437686963#4752061423,0,0.49305330610371945,0
4523837361#18466202308,0,0.49738088069401515,0
5142907913#4622896603,0,0.4949715874132819,0
2056507060#2146475582,0,0.4949715874132819,0
4687101911#3876493191,0,0.49514312269453614,0
183335874583#2055481174,0,0.4949715874132819,0
4571112607#1782303951,0,0.49514312269453614,0
2521238898#4006382570,0,0.4949715874132819,0
3921017850#1950837411,0,0.497305629785533,0
4894929911#9043448493,0,0.4991445979874166,0
4140024129#4107459058,0,0.49514312269453614,0
341874290933#4611838827,0,0.4996368486165774,0
3237112549#3854437179,0,0.49514312269453614,0
3878447642#4935501979,0,0.49514312269453614,0
4653740285#1500005536,0,0.4982213217074372,0
4801743381#4614462519,0,0.49514312269453614,0
42065061380#120510885920,0,0.4968700970706206,0
4746833491#1628142292,0,0.49250413166867696,0
1417066102#2055582885,0,0.4949715874132819,0
4473639064#1848110456,0,0.49514312269453614,0
183335874583#2676652265,0,0.49514312269453614,0
366371874482#343200247912,1,0.49514312269453614,0
4658590861#2727127831,0,0.49514312269453614,0
393149434328#120510885920,0,0.4986246818619713,0
5155009789#2528800439,0,0.49514312269453614,0
1541571286#4345919767,0,0.49514312269453614,0
1775497794#3629270939,0,0.4949715874132819,0
5046725254#1543994516,0,0.49514312269453614,0
343200247912#4893421020,0,0.49514312269453614,0
3474466257#3394520011,0,0.49514312269453614,0
2061528577#2163788713,1,0.5078053717978315,1
2059772017#4273230232,0,0.49983644202462135,0
3927343389#3260153956,0,0.49514312269453614,0
1427123096#4070746594,1,0.5074895568956316,1
2065276113#3304467506,0,0.49514312269453614,0
2118674361#3927343389,0,0.49514312269453614,0
2152065366#3249295279,0,0.4956726741969231,0
3608869908#3934516600,1,0.5031708243565093,1
5215122180#2059400154,0,0.49514312269453614,0
4687908846#4912578167,0,0.49514312269453614,0
3558421108#3916588372,1,0.4949715874132819,0
4614462519#2119398048,0,0.49514312269453614,0
3403976708#4572489122,0,0.4949715874132819,0
3300207940#1386769919,0,0.49747434907094495,0
2069945983#1712135288,1,0.49722366338332963,0
3849754958#113940347013,0,0.49514312269453614,0
4746833491#81508598767,0,0.49514312269453614,0
1695721912#550633511658,0,0.4949715874132819,0
156277193948#4384418878,0,0.49514312269453614,0
3507037385#28307761138,0,0.49514312269453614,0
2054967573#2300693776,0,0.49514312269453614,0
2114707742#4465948199,0,0.49514312269453614,0
2056146720#2112634689,0,0.4949715874132819,0
2064229512#2119633636,0,0.5017490441847035,1
1633806208#2521238898,0,0.49514312269453614,0
4628617130#3517506238,0,0.49514312269453614,0
1709016493#4955620505,0,0.49514312269453614,0
145760114769#4289304207,0,0.49514312269453614,0
4720076201#1437065018,0,0.49514312269453614,0
4037072294#4619555960,0,0.4949715874132819,0
2058128859#1492219642,0,0.49514312269453614,0
3446005398#5145421612,0,0.5054515420456425,1
4941134416#4314776750,0,0.49514312269453614,0
3862442483#5066791121,0,0.49934789035590144,0
2119398048#1778061008,0,0.49317920671410354,0
3257238638#4835619445,0,0.48634263940572714,0
4715892100#4027339431,0,0.49514312269453614,0
4301048457#4070758202,0,0.49514312269453614,0
4697654812#1711687490,0,0.49514312269453614,0
4354163603#3979682744,0,0.4997039101524352,0
173088843215#1950837411,0,0.49514312269453614,0
4933601180#5138249246,0,0.49514312269453614,0
1415628286#2074381365,0,0.49514312269453614,0
1452953298#1822360916,0,0.49514312269453614,0
388345333994#4683128693,0,0.49514312269453614,0
2007944924#2055968018,1,0.4998336376875291,0
1633176166#3303709815,0,0.49514312269453614,0
4555602784#2055375491,0,0.49514312269453614,0
291245346593#280340628271,1,0.5002238579389237,1
87216201397#86599436514,1,0.49514312269453614,0
1715995645#5080010232,0,0.49514312269453614,0
2069903036#1517666904,0,0.49514312269453614,0
4157495788#4113335248,0,0.49514312269453614,0
3777224242#1778967707,1,0.49722366338332963,0
14613456118#186808739086,0,0.49514312269453614,0
175758471828#2010699610,0,0.49514312269453614,0
1565912494#2056507060,0,0.4949715874132819,0
5142907913#2082042841,0,0.49514312269453614,0
3260153956#392226244812,0,0.4949715874132819,0
1715995645#5054957764,0,0.49514312269453614,0
3563396042#4024788228,0,0.49514312269453614,0
4195993580#2180548061,0,0.49514312269453614,0
4855224068#4864092534,1,0.49623412925159455,0
4401274222#3043043596,0,0.4949715874132819,0
14275135237#4703570487,1,0.49514312269453614,0
69069111469#1489629640,0,0.4949715874132819,0
4333918634#4661968358,0,0.49514312269453614,0
4683128695#4683128693,0,0.4933017785297739,0
178981851962#169319828385,0,0.49514312269453614,0
4191138952#5145421612,0,0.4958442094781773,0
2727127831#4271054057,0,0.5016515875109858,1
4715673728#2067590020,0,0.49514312269453614,0
4843658030#343200247912,0,0.49514312269453614,0
1406235988#3891956889,1,0.4949715874132819,0
97245307190#4704351852,0,0.49514312269453614,0
3046375488#106428061780,0,0.49738088069401515,0
2727127831#2357692079,0,0.49514312269453614,0
87216201397#4195993580,0,0.49514312269453614,0
1512751759#5041514024,0,0.4949715874132819,0
2063843530#4635484607,0,0.4966856068636243,0
1415628286#2070915408,0,0.4949715874132819,0
4550893360#3964333871,0,0.49514312269453614,0
4878268441#18466071844,0,0.4943840770819359,0
2066523987#3831256267,0,0.49626313096888547,0
1702827843#4236870644,0,0.4949715874132819,0
4529336313#4972452242,0,0.4971806972558003,0
29751233083#4081685031,0,0.49938870253206535,0
3403976710#3208576491,1,0.5164432895168501,1
5123172296#3709787539,0,0.49514312269453614,0
4106504104#4699492658,0,0.49514312269453614,0
4129126365#3797709918,0,0.4966286505967949,0
5059493292#3361906432,0,0.49514312269453614,0
3831306916#97115452949,0,0.4969753006995415,0
1646206864#4435497569,0,0.4949715874132819,0
5175525100#3419657611,0,0.49514312269453614,0
3055420907#1950837411,0,0.49514312269453614,0
3934516600#4611838827,0,0.5031708243565093,1
4465948199#4894929911,0,0.49989040222213743,0
4077609999#58909543123,0,0.4949715874132819,0
3630377420#1815809122,0,0.49514312269453614,0
2521238898#211516820389,0,0.4949715874132819,0
2756903470#3576237842,0,0.4984036658303561,0
343200247912#4649435459,0,0.49514312269453614,0
2059020105#2055481174,0,0.4969753006995415,0
1752646423#4157461682,0,0.49514312269453614,0
4970014021#1778061008,0,0.49514312269453614,0
4760784728#1641187512,0,0.49514312269453614,0
4448156610#4489309829,0,0.49550982963218226,0
2058557454#5214033797,0,0.5015536304864989,1
3392381011#1406235976,0,0.4952260444681628,0
1665910528#5214033799,0,0.49514312269453614,0
4271944536#4006382570,0,0.4949715874132819,0
1512751759#4676945807,0,0.4969281834817732,0
42156242181#407278558983,0,0.49514312269453614,0
2057644498#2055878959,0,0.49514312269453614,0
97115452949#1472057121,0,0.49514312269453614,0
4551054156#14613459908,0,0.4964571776369919,0
3046506090#1778967707,0,0.49514312269453614,0
1427491136#1854625863,0,0.49928380596024236,0
3559141878#3532144993,0,0.4966856068636243,0
5063230149#4882622259,0,0.49514312269453614,0
4720076201#4730651453,0,0.49514312269453614,0
4479393573#3260153956,0,0.49514312269453614,0
3244737739#2163788713,0,0.49514312269453614,0
4387127297#4070758202,0,0.49514312269453614,0
1639330963#3054581913,0,0.4949715874132819,0
2055948492#2119443297,1,0.49556552327038084,0
2119443297#3076813357,0,0.4926570923958271,0
5080010232#5018444082,0,0.49600662897509346,0
2058564331#4214739605,0,0.4949715874132819,0
2055968018#2114707742,0,0.49514312269453614,0
3074346052#4332290907,0,0.49514312269453614,0
4808134107#3973290911,0,0.4949715874132819,0
4441056785#4696335646,0,0.49514312269453614,0
109769360804#1452953298,0,0.49514312269453614,0
33816431380#33187929079,1,0.5026215611002819,1
3045310388#3916588372,0,0.4949715874132819,0
5029004785#2118674361,0,0.4949715874132819,0
498398470747#4635983959,0,0.49514312269453614,0
64521537843#4703570487,0,0.49514312269453614,0
5080010232#1639247978,0,0.4949715874132819,0
4346498056#4432515343,0,0.5035402467323151,1
49988216795#4876377759,0,0.49514312269453614,0
4843658030#102799582996,0,0.49514312269453614,0
4720390456#5208375738,0,0.49781408579054803,0
3876493191#2057336614,0,0.4995310409910346,0
3053521973#4123815194,0,0.49514312269453614,0
2446874502#3076813357,0,0.4961365239654741,0
2058128859#2075416377,0,0.49514312269453614,0
2311760701#4218576924,0,0.4949715874132819,0
4636207067#1646206864,0,0.49514312269453614,0
4835619445#4314776750,0,0.4871380315034496,0
4027339431#135661412204,0,0.49514312269453614,0
4473639064#4157495788,0,0.49514312269453614,0
3806625615#2146475582,0,0.4949715874132819,0
4699490400#1760567279,1,0.49514312269453614,0
4970033197#1955038585,0,0.49514312269453614,0
2332755780#3093321300,0,0.49514312269453614,0
4918821582#1646206864,0,0.4949715874132819,0
176559958604#42065061380,0,0.4968700970706206,0
102554223320#4529633660,0,0.5014239662351312,1
492315626953#18956333945,0,0.4949715874132819,0
4721049406#4572426635,0,0.49514312269453614,0
2332755780#2057019568,0,0.49514312269453614,0
4635983959#2120323979,0,0.4958854722352017,0
1489629640#81508598767,0,0.49514312269453614,0
3474466257#2054815625,1,0.5001999981238677,1
2062736546#4704351852,0,0.49514312269453614,0
5138249246#2300693776,0,0.5014239662351312,1
4704351852#4848821942,0,0.49514312269453614,0
3979682744#1427491136,0,0.5099356030045152,1
2066394834#1427491136,0,0.5015504614749637,1
3054581913#343200247912,0,0.49514312269453614,0
2676652265#4004759307,0,0.49514312269453614,0
3419400892#3419405027,0,0.49636521329256694,0
4715673728#18466202308,0,0.49738088069401515,0
4440382481#4971703188,0,0.49514312269453614,0
80108597514#148294639917,0,0.4949715874132819,0
3831306916#5956875678,0,0.49514312269453614,0
1415647813#4649435449,0,0.49514312269453614,0
5018444082#2163788713,0,0.49550982963218226,0
9043448493#5036479473,0,0.49514312269453614,0
1712080073#2063718969,0,0.49514312269453614,0
3532144993#3559141873,0,0.49514312269453614,0
3046838574#301921611055,0,0.4983963690962372,0
3455616150#1416629632,0,0.4963308720965716,0
2054781181#2071779729,0,0.49514312269453614,0
20182514319#5154187347,0,0.5025765113103406,1
5197763503#4893421020,0,0.49514312269453614,0
3044853716#2057644498,0,0.49514312269453614,0
2059020105#1782303951,0,0.49514312269453614,0
2120091370#33187929079,0,0.49514312269453614,0
148550112621#3955161274,0,0.49514312269453614,0
3831306920#2056662276,1,0.4984537597169222,0
4697017334#6633411855,0,0.49781408579054803,0
3559141873#3979682744,0,0.49514312269453614,0
4687908846#148550112621,0,0.49514312269453614,0
4971996310#4971703188,0,0.4949715874132819,0
1504287585#2111138171,1,0.4994137913724383,0
4737466020#87820911338,0,0.49514312269453614,0
109769360804#49577430316,0,0.4949715874132819,0
1452953298#4339070553,0,0.49514312269453614,0
3955161274#4624526050,0,0.49514312269453614,0
2061528577#2119633636,0,0.4975410619506734,0
3916588372#3863546507,0,0.4949715874132819,0
2058564331#3927343389,0,0.49514312269453614,0
2059400848#2059400154,0,0.4919172752783648,0
4140024129#5264068958,0,0.49514312269453614,0
2117980081#2057657991,0,0.49514312269453614,0
4157396930#4157495788,0,0.5113155430941542,1
5054957764#69069111469,0,0.4949715874132819,0
2176856626#3236199283,0,0.4949715874132819,0
4206295454#2075416377,1,0.4975576060189875,0
412056582497#1369517864,0,0.49514312269453614,0
4037072294#186973639403,0,0.4949715874132819,0
176077750624#3045573162,0,0.49640155927045493,0
1639149393#1751364887,0,0.49776661950917706,0
3629270937#4726699880,0,0.49558947425942707,0
3419405027#191669248330,0,0.49514312269453614,0
3916588372#4571190424,0,0.4949715874132819,0
4555602784#4730651453,0,0.49514312269453614,0
4256816954#156277203161,0,0.4983928569886914,0
4024788228#4393085087,0,0.49514312269453614,0
4899151313#4590486236,0,0.5016823001892052,1
1721812143#4271210979,0,0.49514312269453614,0
49988216795#4919205804,0,0.49514312269453614,0
4590486236#469266459718,0,0.500051217525457,1
3419405027#4571112607,0,0.49514312269453614,0
1782303951#4457940843,0,0.49514312269453614,0
3891956878#4721049406,0,0.49539050890399006,0
2058575359#54353744279,0,0.49514312269453614,0
4730651453#2111138171,0,0.4995853266536925,0
4857000063#3921017850,0,0.49514312269453614,0
4259834054#1457325177,1,0.49514312269453614,0
4755317093#4242848533,0,0.4949715874132819,0
4523837361#4387192350,0,0.49738088069401515,0
2063941816#1751364887,0,0.49539050890399006,0
4082166838#2055878958,0,0.49514312269453614,0
2060359973#422593008639,0,0.49514312269453614,0
4176264466#4107459058,0,0.49514312269453614,0
3046838574#4038687308,0,0.49685388492714905,0
5061207560#5059493292,0,0.49514312269453614,0
156277207697#156277208014,0,0.501963761141314,1
3849754958#3916588372,0,0.49514312269453614,0
2119633636#4236883697,0,0.4975410619506734,0
2059019411#2054980574,1,0.5102554265205609,1
5123172296#3883410603,0,0.49514312269453614,0
1452953298#5083069896,0,0.49514312269453614,0
3831256267#1417066102,0,0.49658655901884285,0
4024788228#1537439376,0,0.49514312269453614,0
4730651453#4038687308,0,0.49514312269453614,0
4683128693#4335156801,0,0.49514312269453614,0
1639155385#18469239595,0,0.4949715874132819,0
2063589630#5145421612,0,0.49514312269453614,0
4330455313#4373986045,0,0.5150072034600448,1
498980611251#2114975127,0,0.4963676567892052,0
4555602784#4218576924,0,0.49514312269453614,0
1702827843#1415628286,0,0.4949715874132819,0
3444192698#18956333945,0,0.4953382943509281,0
18468682603#4796107666,0,0.49559089605725054,0
4808134107#4649435459,0,0.4961957063928849,0
393149434328#1752749964,0,0.49514312269453614,0
2055878958#5074793221,0,0.49514312269453614,0
176077750624#4662116837,0,0.49514312269453614,0
1416629632#3309343440,0,0.49514312269453614,0
2058564331#4348212443,0,0.4949715874132819,0
3930922591#4936308864,0,0.49514312269453614,0
2058129030#3046375488,0,0.49705212810207544,0
318037396491#80108597514,0,0.4984036658303561,0
3482236688#4024788228,0,0.49514312269453614,0
99341713276#3568392235,0,0.49514312269453614,0
1639247978#2059400154,0,0.4919172752783648,0
1751364887#2066519837,0,0.49539050890399006,0
4614462519#1778061008,0,0.49514312269453614,0
1386769919#3551736332,0,0.4949715874132819,0
444631792208#422593008553,0,0.4953382943509281,0
4687908846#4687137331,0,0.4971340945042788,0
4622896603#1415647813,0,0.49514312269453614,0
1929021158#4285890804,0,0.49514312269453614,0
4514393136#4529336313,0,0.5027284357801279,1
4635484607#5138249246,0,0.4966856068636243,0
2058407169#329718595140,0,0.49514312269453614,0
4592047596#451199299348,0,0.49514312269453614,0
1410206420#3747074740,0,0.4949715874132819,0
1504338841#2332755780,0,0.49514312269453614,0
4457940843#1761176598,0,0.4981292783815934,0
212932071327#2064229512,0,0.49514312269453614,0
2140707372#4673917112,0,0.4979964612920458,0
4142231832#4535936422,0,0.5023923925899978,1
1416629632#4876377759,0,0.49514312269453614,0
1472057110#3878463637,0,0.4949715874132819,0
2057143127#1565912494,0,0.49907731019043494,0
3482236688#3854437179,0,0.49514312269453614,0
5214033799#4200744172,0,0.4949715874132819,0
3060181630#3709787539,0,0.49514312269453614,0
4479564507#2067590020,0,0.49514312269453614,0
4649435449#3916588372,0,0.49514312269453614,0
3087065427#1573183009,0,0.49514312269453614,0
4191138952#3608869908,0,0.5038719111401505,1
2054781181#3882105016,0,0.49514312269453614,0
4699492658#1379816908,0,0.4949715874132819,0
4161835766#3928874644,0,0.4949715874132819,0
1452953298#2055375491,0,0.49928314974648624,0
2075941248#4535936422,0,0.4974917880685936,0
145760114769#49988216795,1,0.5038461534320892,1
4523837361#4715673728,0,0.49738088069401515,0
2058564331#2528800439,0,0.49514312269453614,0
3077641865#138962728028,0,0.4949715874132819,0
2060359973#3054581913,1,0.49514312269453614,0
1641187512#4955620505,1,0.49514312269453614,0
3881167105#4161954899,0,0.49550982963218226,0
4718263231#1386769919,0,0.49514312269453614,0
1923282767#1778061008,0,0.49514312269453614,0
1492219642#1451127433,0,0.49514312269453614,0
3300207940#4455910772,0,0.49747434907094495,0
422592070627#3419400892,0,0.49514312269453614,0
161900063353#3551736332,0,0.49514312269453614,0
4989601539#5154187347,0,0.5006806935083877,1
2300693776#18466071844,0,0.49514312269453614,0
5074793221#1489629640,0,0.4949715874132819,0
4704351852#1760643058,0,0.49514312269453614,0
4541783818#4683128695,0,0.49514312269453614,0
2796704233#4527413574,0,0.4949715874132819,0
4808134107#4619555960,0,0.4949715874132819,0
2081856411#2063327692,0,0.49514312269453614,0
3230632753#2055582885,0,0.5016686200296268,1
4348212443#4997949303,0,0.49514312269453614,0
4683128574#3768335626,0,0.49514312269453614,0
1517666904#3053961277,1,0.5146532507340497,1
4687908846#11970072568,0,0.497305629785533,0
5083069896#5208375738,0,0.49514312269453614,0
1765891797#3928874644,0,0.49684791083534585,0
3072564493#1946464415,0,0.49514312269453614,0
42516442180#96073549554,0,0.4969753006995415,0
4726699880#3629270939,0,0.4981666090261234,0
148550112621#3046838574,0,0.49514312269453614,0
3964333871#4206295454,0,0.49514312269453614,0
4142357884#4552692352,1,0.5002016286087201,1
33816431380#4339070553,0,0.49514312269453614,0
1760526319#191669248330,0,0.4949715874132819,0
2177411281#4314776750,0,0.486171104124473,0
4687908846#14275135237,0,0.49514312269453614,0
4933601180#4523862885,0,0.4981093316632531,0
2045415682#4495321261,0,0.49514312269453614,0
4157461682#2168043833,0,0.49514312269453614,0
4298712891#4176264466,0,0.49514312269453614,0
4590321636#2120323997,0,0.4949715874132819,0
2159452221#3048645827,0,0.49514312269453614,0
2058128859#2057019568,0,0.5049219123414462,1
4672315773#4289304207,0,0.49872403668574405,0
3054434630#3074346052,0,0.49514312269453614,0
1646206864#4523837361,1,0.49738088069401515,0
4726895334#1472057121,0,0.4949715874132819,0
3764168689#4330455313,0,0.4949715874132819,0
1665941990#1759667553,0,0.4972274357731395,0
5956875678#2056662276,0,0.49514312269453614,0
4658297683#3791609567,0,0.49569229712957863,0
58909543123#194338163529,0,0.49514312269453614,0
329718595140#4501513393,0,0.49514312269453614,0
3824422542#4157495788,0,0.49514312269453614,0
97115450346#2056662276,0,0.4969753006995415,0
4720390456#4715892100,0,0.49781408579054803,0
3629270939#1312624571,0,0.4949715874132819,0
4329191389#4696335646,0,0.4949715874132819,0
3249295279#2066611159,0,0.4958442094781773,0
2069945983#4206157559,0,0.5034325195767587,1
4628227983#2300693776,0,0.49514312269453614,0
4741125055#2119633636,0,0.49514312269453614,0
5214033797#2114975127,0,0.498587421517782,0
2063843530#3076813357,0,0.49514312269453614,0
3956668079#4155663854,0,0.49738607073773333,0
175758471828#361450260462,0,0.4949715874132819,0
54163135140#4912578167,0,0.49514312269453614,0
4272787218#4572965795,1,0.5011575085123544,1
1406235988#3392381011,0,0.4952260444681628,0
407278558983#1973212681,0,0.4949715874132819,0
1437065018#3532144969,0,0.49514312269453614,0
5155009789#4653740285,0,0.4949715874132819,0
4674188079#3043046316,0,0.4949715874132819,0
3446005398#4101996769,1,0.5097140101594125,1
2057143127#2071779729,0,0.49514312269453614,0
4572489122#4882622259,0,0.4949715874132819,0
14613463282#2028313311,0,0.49797768535404197,0
3979682744#186808739086,0,0.49514312269453614,0
2140707372#3494644561,0,0.49915711778833133,0
1489629640#1840879535,0,0.4949715874132819,0
2063843530#4206295454,0,0.49514312269453614,0
2119478072#5043019547,1,0.5205499776387648,1
4590321636#1761176598,0,0.49514312269453614,0
318037396491#4959796164,1,0.5261712728730308,1
135661412204#156277193948,0,0.49550982963218226,0
14613456118#218671246426,1,0.5002016286087201,1
4041026262#2140707372,0,0.49514312269453614,0
4081685031#1964085071,0,0.49514312269453614,0
1759667553#3764168689,0,0.4979577431003392,0
138962728028#5154388777,0,0.4949715874132819,0
3068485945#2120323997,0,0.4949715874132819,0
4140186799#2059400848,0,0.49514312269453614,0
4653740285#2118674361,0,0.4956726741969231,0
2247165276#3363370392,0,0.49514312269453614,0
5154388777#4857000063,0,0.49514312269453614,0
396800321613#407278558983,1,0.5051486770204359,1
4161954899#2116329768,0,0.49514312269453614,0
3395420110#4298712891,0,0.49514312269453614,0
3984762861#3826206182,0,0.4983380744937466,0
4082166816#2040285671,0,0.4953382943509281,0
4099641396#3087065427,0,0.49514312269453614,0
3842666513#3046838574,0,0.5089470269355227,1
173088843215#3883410603,1,0.5000079773058755,1
4039158821#1434294268,1,0.5177112358730714,1
5215122180#1778061008,0,0.49514312269453614,0
1950837411#4176264466,0,0.49514312269453614,0
2057644498#1639155385,0,0.49514312269453614,0
3990733484#4590618046,0,0.49514312269453614,0
4039158821#4893421020,0,0.49924884547168913,0
1923282767#41965445982,0,0.49514312269453614,0
102799582996#5145421612,0,0.5006806935083877,1
4439261964#4479564507,1,0.5023767767322123,1
451199299348#4529336313,0,0.5034325195767587,1
2007944924#4936308864,0,0.49514312269453614,0
4808687386#336084797451,0,0.49514312269453614,0
1659788876#2118343114,0,0.4960241711116308,0
4628227983#1765891797,0,0.49759046950141345,0
4339070553#4726895334,0,0.4949715874132819,0
1372606932#4298712891,0,0.49514312269453614,0
3507037385#2071882570,0,0.4882894962012547,0
2007934907#3831306916,1,0.4984537597169222,0
1565912494#4495321261,0,0.49907731019043494,0
49577430316#285571185833,0,0.49514312269453614,0
3252574422#1541828296,1,0.5016515875109858,1
1452953298#4176264466,0,0.49514312269453614,0
3263070381#1541828296,0,0.49514312269453614,0
4796809254#4298712891,1,0.5038996400550226,1
3738716466#2140707372,1,0.5041886878199016,1
4527413574#2063941816,0,0.49539050890399006,0
4241401560#1342782328,0,0.49514312269453614,0
3403976710#366371874482,0,0.4949715874132819,0
3778002993#3517506238,0,0.49514312269453614,0
1628142292#5138249246,0,0.49514312269453614,0
3878815869#3709420925,1,0.49514312269453614,0
4155663854#4726699880,1,0.502784379077338,1
1517666904#329718595140,0,0.49514312269453614,0
4721008558#4721049406,0,0.515647523703051,1
186973639403#498398470747,0,0.49514312269453614,0
156277208014#1384521138,0,0.49514312269453614,0
167670882866#4504208035,0,0.49722366338332963,0
3876493191#1639149393,0,0.49514312269453614,0
4259615689#1541571286,0,0.49514312269453614,0
3863546507#3558421110,0,0.4949715874132819,0
4256816954#1416629632,0,0.4949715874132819,0
1702827843#2070915408,0,0.4949715874132819,0
3883410603#412749747421,0,0.4949715874132819,0
4196027218#3860598463,0,0.5081146895016033,1
3764168689#412749747421,0,0.4949715874132819,0
4552692352#5074793221,0,0.49514312269453614,0
3860598463#3967289494,0,0.5072342330348548,1
2118674361#2069903036,0,0.4949715874132819,0
4857000063#4282239841,0,0.49514312269453614,0
4091678030#3591652360,0,0.4969007691524323,0
2071882570#1401982372,1,0.49514312269453614,0
5050718427#336084797451,0,0.49514312269453614,0
4435349331#3808804853,0,0.49514312269453614,0
3863546507#1950837411,0,0.49514312269453614,0
4333918634#4742629929,0,0.49514312269453614,0
1427491136#3997203055,0,0.5009274293343179,1
2056848620#4737466020,1,0.49514312269453614,0
133295687376#2055582885,0,0.4968037654182873,0
5041514024#4883413805,0,0.5059298596826036,1
4701577010#2058703491,0,0.49514312269453614,0
4529336313#117756682724,0,0.502761024724281,1
54163135140#5212053939,0,0.49781408579054803,0
2676652265#3797709918,0,0.4966286505967949,0
96073549554#1854625863,0,0.49514312269453614,0
2054815625#96073549554,0,0.4969753006995415,0
4070746594#2111840166,0,0.49514312269453614,0
4658457718#4353218398,0,0.503190915217083,1
130937722924#161012326997,1,0.5058974715269728,1
3532144969#3532144993,0,0.4958442094781773,0
81508598767#4760784728,0,0.49514312269453614,0
1557919756#4742629929,0,0.49514312269453614,0
390564862652#54161621292,0,0.4977202574612325,0
336084797451#4473639064,0,0.49514312269453614,0
3921017850#3551736332,0,0.4949715874132819,0
96073549554#4301048457,0,0.4969753006995415,0
4931022240#3738716466,0,0.49514312269453614,0
4687908846#312476159692,0,0.4971340945042788,0
3249862225#4401274222,0,0.49816653921249243,0
3749873906#4353218398,0,0.4934376209013706,0
3558421110#2116329768,0,0.49514312269453614,0
4997949303#5102675634,1,0.500188405244261,1
5046725254#2111138171,0,0.49514312269453614,0
1646144729#2058575359,0,0.49514312269453614,0
3559141873#1437065018,1,0.49514312269453614,0
1760567279#2007944924,0,0.49514312269453614,0
4077568242#4080784646,1,0.5071725797183717,1
2177411281#5074793221,0,0.4949715874132819,0
2058129030#2111230146,0,0.4949715874132819,0
1457325177#2120323997,0,0.4963043937259098,0
4971996310#3928874644,0,0.4949715874132819,0
2081856411#4039158821,0,0.49924884547168913,0
3208576491#396800321613,0,0.49661353819697696,0
90088944269#3883410603,0,0.49514312269453614,0
3548460152#4720076201,0,0.49514312269453614,0
3424502550#3361906432,0,0.49514312269453614,0
3747074740#1646206864,0,0.4949715874132819,0
4387192350#2111230146,0,0.49738088069401515,0
2120323997#2723629064,0,0.49539050890399006,0
2066611159#4825418852,0,0.4958442094781773,0
3046086497#2455879046,0,0.4960241711116308,0
99341713276#102799582996,0,0.501144663273642,1
1573183009#1681387366,0,0.4949715874132819,0
4808687386#1363201302,0,0.49514312269453614,0
4752061423#1628142292,1,0.4977671937103271,0
412749747421#4332290907,0,0.49514312269453614,0
1666737679#1715995645,0,0.49514312269453614,0
4878750795#4936308864,1,0.4961957063928849,0
97115452949#4959519221,0,0.49514312269453614,0
4514032938#2120323979,0,0.49890475159759534,0
3878815869#3563396042,0,0.49514312269453614,0
4196027218#5155009789,0,0.4949715874132819,0
3728656154#2075941248,0,0.4983928569886914,0
2114975127#4933845886,0,0.496404935734069,0
1537439376#6633411855,0,0.4949715874132819,0
197780911762#3252574422,0,0.49514312269453614,0
4658457718#3474466257,0,0.49514312269453614,0
4271944536#301920897506,0,0.4949715874132819,0
2528800439#4912578167,0,0.49514312269453614,0
97115450346#1409996381,0,0.49514312269453614,0
4715673728#1646206854,0,0.49738088069401515,0
4667944802#1778061008,0,0.49514312269453614,0
2074381365#2115312686,0,0.4998751043229245,0
1646206864#2054841626,0,0.49455561236319007,0
4157396930#4157461682,0,0.5158719415275932,1
4465948199#3279454241,0,0.49631397757520446,0
1950837411#5050453220,0,0.49996742654964366,0
3878815869#3916588372,0,0.49514312269453614,0
3072564493#2177411281,0,0.48634263940572714,0
1406235988#4420910026,0,0.4949715874132819,0
97115452949#2147107185,0,0.49514312269453614,0
25271558033#176077750624,0,0.49640155927045493,0
4726699880#2061528577,0,0.49924884547168913,0
4082166816#1417066102,0,0.4985653292958335,0
36777289481#335237884835,0,0.4949715874132819,0
4681884668#81508598767,0,0.49514312269453614,0
1847751521#1964085071,0,0.49514312269453614,0
102554223320#1437868238,0,0.49514312269453614,0
4455910772#2311760701,0,0.4973248699601839,0
4498422001#2057643160,0,0.49514312269453614,0
4552692352#173088843215,0,0.49514312269453614,0
4441056785#2039992958,0,0.4969007691524323,0
1646206864#4674166292,0,0.4949715874132819,0
33816431380#4501513393,0,0.49514312269453614,0
1950837411#3446005398,0,0.497305629785533,0
14613456118#4541783818,0,0.49514312269453614,0
3077676449#1452953298,0,0.49514312269453614,0
1434294268#5186378802,0,0.49514312269453614,0
2057657991#3047029968,1,0.500172239178383,1
4697654812#87216201397,0,0.49514312269453614,0
2119398048#390564862652,0,0.4958442094781773,0
1395111624#2058128859,0,0.49514312269453614,0
5098221599#3861213317,0,0.4949715874132819,0
4475471841#87216201397,0,0.49514312269453614,0
4024788228#3916588372,0,0.49514312269453614,0
1848110456#4737466020,0,0.49514312269453614,0
3257238638#1761176598,0,0.49514312269453614,0
2071882570#4440382481,0,0.49514312269453614,0
4348212443#2055437333,1,0.4949715874132819,0
4676945807#1504287585,0,0.49614047877441203,0
130937722924#120510885920,0,0.5023245075647388,1
1709016493#145760114769,0,0.49514312269453614,0
3046506090#2168049650,0,0.49514312269453614,0
3709787539#2059772017,0,0.4966856068636243,0
32262401468#2119633636,0,0.49514312269453614,0
3446005398#4552692352,0,0.49514312269453614,0
18956333945#4514032938,0,0.49539050890399006,0
1709016493#2056703740,0,0.49514312269453614,0
4624523720#3517506238,0,0.49514312269453614,0
1806319252#4628982425,0,0.4949715874132819,0
4345919767#2055968018,0,0.49514312269453614,0
4555602784#46446169240,0,0.49514312269453614,0
5098221599#5029004785,1,0.510067195773279,1
4361945080#4113335248,0,0.49514312269453614,0
4717447481#3973290911,0,0.49305330610371945,0
1639157122#1639385502,0,0.49039330232385014,0
4004662188#3778002993,0,0.4949715874132819,0
3551736332#4971996310,1,0.496532343781885,0
2055948492#4289304207,0,0.4949715874132819,0
4314776750#3257238638,0,0.48634263940572714,0
102554223320#4020838298,0,0.5014239662351312,1
1452953298#4918821582,0,0.49514312269453614,0
2016174783#4455910772,0,0.49747434907094495,0
3845908374#4641374149,0,0.501669457715655,1
4077568242#2059772017,0,0.49650522744302583,0
1715995645#5212053939,0,0.49514312269453614,0
4718263231#3845908374,0,0.49514312269453614,0
5154388777#5061207560,0,0.4949715874132819,0
1841861991#3395420110,0,0.4949715874132819,0
4645487186#1721524699,0,0.49514312269453614,0
54161621292#2055481174,0,0.49514312269453614,0
2056662276#1633806208,0,0.49514312269453614,0
3806625615#1437065018,0,0.49514312269453614,0
5109735650#3583250290,0,0.49765911039075356,0
2177411281#3257238638,0,0.48634263940572714,0
2119478072#3861213317,0,0.49514312269453614,0
4715892100#4571190424,1,0.5065000307741478,1
1950837411#5050718427,0,0.49996742654964366,0
102363039688#5145421612,0,0.49514312269453614,0
4455910772#1802184127,0,0.49514312269453614,0
2178100450#3899227251,0,0.49514312269453614,0
4157461682#1739907335,0,0.4961365239654741,0
4082166816#3831256267,1,0.4960915956876313,0
2073958683#3053522778,0,0.49771259723192757,0
4142231832#3087065427,0,0.49514312269453614,0
4038687308#4439637603,0,0.4971806972558003,0
230316955194#4786537439,0,0.49514312269453614,0
14613463282#3791242869,0,0.49514312269453614,0
102554223320#5043019547,0,0.49514312269453614,0
4501513393#4346498056,0,0.5111543735178932,1
126166754864#49577430316,1,0.4949715874132819,0
1802184127#2280334878,0,0.4949715874132819,0
1492219642#3979682744,0,0.49514312269453614,0
3395420110#3263070381,0,0.49514312269453614,0
4479393573#451199299348,0,0.49514312269453614,0
5018444082#4236870644,0,0.49514312269453614,0
1639157122#1401982678,1,0.49039330232385014,0
4796107666#1372181647,0,0.49759046950141345,0
183335874583#4439261964,0,0.4949715874132819,0
2057643160#3048645827,0,0.4935978370670059,0
4432515343#2070908678,0,0.4949715874132819,0
173088843215#2082042841,0,0.49514312269453614,0
4681884668#4657355965,0,0.49934017350579035,0
2057336614#4465948199,0,0.49631397757520446,0
3849754958#3878447642,1,0.49514312269453614,0
4683128574#4683128693,0,0.4933017785297739,0
5078771664#2119398048,0,0.49514312269453614,0
3799008310#2040285671,0,0.49514312269453614,0
2180548061#4004662188,0,0.49514312269453614,0
4004759307#4274434869,1,0.500192709753303,1
4146072324#4354163603,0,0.4997039101524352,0
2081856411#2080654117,0,0.49514312269453614,0
2117980081#52270761597,0,0.49514312269453614,0
263142720576#25577744321,0,0.49514312269453614,0
5075179730#3558421108,0,0.49514312269453614,0
191669248330#3532144969,0,0.49514312269453614,0
2332755780#4674188079,1,0.499660996937793,0
4824169782#3728656154,0,0.4983928569886914,0
156277200942#4282239841,0,0.4983928569886914,0
3608869908#4709177500,0,0.49514312269453614,0
4673436487#498398470747,0,0.49514312269453614,0
4144101559#1665941990,0,0.4960624992209473,0
3899203698#3928874644,0,0.5112147569497066,1
2066519837#2063941816,0,0.5007093633295132,1
14613456118#285571185833,0,0.49514312269453614,0
263142720576#4259834054,0,0.49514312269453614,0
2116329768#2111230146,0,0.49514312269453614,0
3043046316#4628227983,0,0.4949715874132819,0
3613461228#1835570826,0,0.49514312269453614,0
1760567279#4945184061,0,0.4958194372941969,0
2119398048#3824422542,0,0.4958442094781773,0
1500005536#4523837361,0,0.49514312269453614,0
4538068355#3532144969,0,0.49514312269453614,0
3419405027#4723478356,0,0.49636521329256694,0
1751364887#2054967573,0,0.49514312269453614,0
4196598949#4091678030,0,0.4986643334454372,0
3629270939#3629270937,0,0.5022250138063211,1
4107459058#4070758202,0,0.49623412925159455,0
4142357884#4723478356,0,0.4949715874132819,0
14894146968#3046506090,0,0.4949715874132819,0
18956333945#2059400848,0,0.49514312269453614,0
4193538411#4801743381,0,0.49514312269453614,0
4523837361#2059772017,0,0.49514312269453614,0
3237112549#3791242869,0,0.49514312269453614,0
1946464415#3300207940,1,0.49747434907094495,0
207035563145#2058703491,1,0.49556204418524424,0
4683128792#5137789006,1,0.49514312269453614,0
1646144729#3257238638,0,0.49514312269453614,0
3749873906#4271210979,1,0.5078700652402609,1
4683128695#4387192350,0,0.49514312269453614,0
3697829010#113560958124,0,0.49514312269453614,0
4760784728#3777224242,0,0.49514312269453614,0
1406235988#4401274222,0,0.4949715874132819,0
5212053939#113940347013,0,0.49514312269453614,0
4717447491#5046725254,0,0.49514312269453614,0
5137789006#4038687308,0,0.49514312269453614,0
1541828296#3861213317,0,0.4949715874132819,0
2176856626#3045573162,0,0.4949715874132819,0
4746833491#4575208945,0,0.49250413166867696,0
2057643160#3044853716,0,0.4958442094781773,0
2071882570#3507037384,0,0.4882894962012547,0
3087065427#3044853716,0,0.49514312269453614,0
4506526795#3048645827,0,0.4960915956876313,0
4683128792#4877427884,0,0.49514312269453614,0
4683128693#5137789006,0,0.49514312269453614,0
4888451505#4628617130,1,0.5040385921992533,1
145760114769#1639155385,0,0.49514312269453614,0
153095594519#5041514024,0,0.49514312269453614,0
3842666513#3979682744,0,0.5099356030045152,1
4464294458#3861078888,1,0.5001934456029786,1
1573183009#1386769919,1,0.529270826707194,1
4801743381#4999205061,0,0.49514312269453614,0
4931022240#5264068958,0,0.4971806972558003,0
2068446331#3213623350,0,0.49514312269453614,0
2054781183#2112634689,0,0.4949715874132819,0
4200744172#4641732096,0,0.49514312269453614,0
5208375738#109769360804,0,0.49514312269453614,0
3558421110#4024788228,0,0.49514312269453614,0
4541783818#3791609567,0,0.5001736631024426,1
2055885530#4593095271,0,0.49514312269453614,0
4801743381#4653740285,0,0.49514312269453614,0
4703570487#3256705889,0,0.49514312269453614,0
4195993580#2055437333,0,0.49514312269453614,0
4657355965#3244737739,0,0.4949715874132819,0
3563396042#1557919756,0,0.4949715874132819,0
4972452242#4931022240,0,0.4971806972558003,0
3419433581#5185554343,0,0.4949715874132819,0
3553807367#1369517864,0,0.49747434907094495,0
25123048102#161012326997,0,0.5054653621611043,1
5029004785#52270761597,0,0.49514312269453614,0
2063327692#3049961545,0,0.49514312269453614,0
1416247746#3046375488,0,0.49514312269453614,0
5018444082#4919205804,0,0.49514312269453614,0
4259834054#4082166838,0,0.49514312269453614,0
1312624571#1739907335,0,0.4937364582636026,0
4645487186#4039158821,0,0.49514312269453614,0
4649435449#4649435459,0,0.4963407757803472,0
5029004785#2064229512,0,0.49514312269453614,0
212932071631#18466071844,0,0.4949715874132819,0
4432515343#4373986045,0,0.5113326904021485,1
2455879046#3049961545,0,0.4949715874132819,0
5264068958#3084169617,0,0.49514312269453614,0
4972452242#113560958124,0,0.4971806972558003,0
1489629640#1409996381,0,0.49514312269453614,0
2119398048#4099641396,0,0.49514312269453614,0
3046086497#3054434630,0,0.4949485820851786,0
5169209205#1386618246,0,0.49514312269453614,0
4335156801#1695721912,0,0.4983297004561836,0
4479564507#4387127297,0,0.4973248699601839,0
1659788876#3419400892,0,0.49514312269453614,0
3068485945#2120323979,0,0.4949715874132819,0
156277203161#1659788876,0,0.49514312269453614,0
422593008553#4991881534,0,0.49514312269453614,0
4038687308#5214033797,0,0.4960915956876313,0
2063941816#4813716345,0,0.49514312269453614,0
393149434328#110021560113,0,0.49514312269453614,0
2065276113#4373986045,0,0.4949715874132819,0
4523862885#1497880313,0,0.49300767143284935,0
422593008639#485901844230,0,0.4953382943509281,0
4945184061#3979682744,0,0.49514312269453614,0
3849754958#4535936422,0,0.49514312269453614,0
4575208945#4717447481,0,0.49453883400597826,0
90088944269#4755317093,0,0.49514312269453614,0
2060359973#126166754864,0,0.49514312269453614,0
412749747421#2055481174,1,0.5018536423528495,1
3509208588#49988216795,0,0.49514312269453614,0
163680336826#263142720576,0,0.5041172187166126,1
3309343440#102363039688,0,0.49514312269453614,0
3842666513#2066394834,0,0.5015504614749637,1
4514393136#4972452242,0,0.5020455518671397,1
3777224242#3076813357,0,0.4949715874132819,0
2066611159#2159452221,0,0.49514312269453614,0
3406488822#2115312686,0,0.49514312269453614,0
3806625615#1502419182,0,0.48922213292760786,0
2163788713#2168024759,0,0.49550982963218226,0
2119478072#1752646423,0,0.49514312269453614,0
4883413805#2063589630,0,0.4959385147922585,0
33187929079#4641732096,0,0.4975576060189875,0
113940347013#3072564493,0,0.5000079773058755,1
3709420925#3916588372,0,0.49514312269453614,0
3545638010#4662116837,0,0.49514312269453614,0
4020838298#2058823150,0,0.49514312269453614,0
4918821582#3878463637,0,0.49705212810207544,0
4076081612#3256705889,0,0.49633369216177164,0
2054815625#5102675634,0,0.49514312269453614,0
66983983936#5212053939,0,0.4935784784320002,0
361450260462#186973639403,1,0.4953382943509281,0
3558421110#5059261580,0,0.4949715874132819,0
4715892100#422592070627,0,0.49514312269453614,0
4020838298#19528299331,0,0.49514312269453614,0
2057514370#1388947018,0,0.49514312269453614,0
2061484014#5123172296,0,0.49722366338332963,0
4080784646#2059772017,0,0.49650522744302583,0
4579834609#4746833491,0,0.49250413166867696,0
4972452242#5264068958,0,0.4971806972558003,0
2062736546#2070908678,0,0.49514312269453614,0
2521238898#4605074002,0,0.49514312269453614,0
2111230146#4204386191,0,0.5003637514409491,1
2061484014#5046725254,0,0.49514312269453614,0
3629270937#3928874644,0,0.500012860532196,1
4273230232#4077568242,0,0.5027850996705123,1
5046725254#3878463637,0,0.49514312269453614,0
4195993580#3074346052,0,0.49514312269453614,0
3244737739#3842666513,0,0.5000079773058755,1
4274434869#1847751521,0,0.49514312269453614,0
4338459775#4635983959,0,0.49514312269453614,0
5070652659#2059400301,0,0.49514312269453614,0
3072564493#2061528577,0,0.49514312269453614,0
3046086497#1712080073,0,0.4949715874132819,0
9043448493#3330388304,0,0.49514312269453614,0
4848821942#1639157122,0,0.4949715874132819,0
25577744321#3791242869,0,0.49514312269453614,0
5165641659#2114975127,0,0.5004241880031818,1
1759667553#3931035425,0,0.49514312269453614,0
1950837411#4683128792,0,0.49514312269453614,0
4970014021#1973212681,0,0.4949715874132819,0
3271713292#3509208588,0,0.49514312269453614,0
133295687376#1646206854,0,0.49539050890399006,0
1760226057#1384521138,0,0.4983965415931984,0
4441056785#3419433581,0,0.49514312269453614,0
1711687490#3881831374,0,0.49514312269453614,0
3046506090#3093321300,0,0.49514312269453614,0
4330455313#4273230232,0,0.49983644202462135,0
5169209205#1752749942,0,0.5039934862158172,1
4205391929#133295687376,0,0.4969753006995415,0
2119633636#2073958683,0,0.49771259723192757,0
5045583576#1382163772,0,0.49514312269453614,0
2066519837#4256816954,1,0.4982213217074372,0
361264235472#2074381365,0,0.49514312269453614,0
2075416377#4658590861,0,0.49514312269453614,0
3432318020#4206157559,0,0.49514312269453614,0
5165641659#5214033799,1,0.4992885083014232,0
3630377420#145760114769,0,0.49514312269453614,0
2045415682#422593008639,0,0.49514312269453614,0
4333918634#3806625615,0,0.49514312269453614,0
3990733484#4195993580,0,0.49514312269453614,0
156277208014#156277193948,0,0.501963761141314,1
3124123344#2057514370,0,0.49514312269453614,0
96073549554#4808142872,0,0.49686180546973574,0
4699266589#33816431380,0,0.49514312269453614,0
2054841626#2056696954,0,0.5002166294829872,1
392226244812#440348329591,0,0.4949715874132819,0
161900063353#186973639403,1,0.49514312269453614,0
2174689695#1500005536,0,0.4949715874132819,0
1760567279#2063327692,0,0.49514312269453614,0
22987159602#4641732096,0,0.49514312269453614,0
4959519221#4333918634,0,0.49514312269453614,0
4401274222#33827094730,0,0.4949715874132819,0
178981851962#4919205804,0,0.49514312269453614,0
3934516600#4641374149,0,0.49514312269453614,0
194338163529#3979682744,0,0.49514312269453614,0
1639157122#3955161274,0,0.49514312269453614,0
2055948492#4975664600,0,0.49640155927045493,0
2119398048#5063230149,0,0.49514312269453614,0
1841861991#4140024129,0,0.5005979088220572,1
1500005536#4955035552,0,0.4982213217074372,0
4218576924#42065061380,0,0.49514312269453614,0
3728656154#3899227251,1,0.5088254609864038,1
5138249246#5197763503,1,0.5014239662351312,1
1727840041#2455879046,0,0.49514312269453614,0
1646206864#4479393573,0,0.49514312269453614,0
18956333945#4354201228,0,0.4949715874132819,0
3738716466#2057514370,0,0.49514312269453614,0
5138249246#3747074740,0,0.4966856068636243,0
81508598767#4157495788,0,0.49514312269453614,0
156277200942#5075179730,0,0.49514312269453614,0
2057657991#4420971543,0,0.49514312269453614,0
4314776750#4214739605,0,0.4949715874132819,0
2058823419#4301048457,0,0.4969753006995415,0
4489309829#4552692352,0,0.4961957063928849,0
3532144969#3806625615,1,0.4975576060189875,0
4857000063#3046506090,0,0.49514312269453614,0
2168043833#1752646423,1,0.5002001719192425,1
3471203285#4142357884,0,0.49514312269453614,0
156277203161#3548460152,0,0.49514312269453614,0
1752749964#1752749942,0,0.49863836617398377,0
4571190424#393149434328,0,0.4949715874132819,0
2120323997#54161619771,1,0.49514312269453614,0
2055885530#1498144447,0,0.49258098645513443,0
3249862225#3984762861,1,0.4983380744937466,0
4077609999#3406488822,1,0.5008883953157186,1
1382163772#1489629640,1,0.5053533656567979,1
4204386191#4387192350,0,0.4999039316812197,0
4195993580#3791609567,0,0.49514312269453614,0
4611838827#4715673728,0,0.49514312269453614,0
3475310737#75959618233,0,0.49514312269453614,0
3507037385#3899203698,0,0.4949715874132819,0
4864092534#4968145391,0,0.49514312269453614,0
4272787218#4997949303,0,0.4975576060189875,0
3419657611#2058564331,0,0.49759046950141345,0
1739907335#3709270070,0,0.502131420955434,1
444631849230#3921017850,0,0.4949715874132819,0
4020838298#176077750624,0,0.49514312269453614,0
4335139014#1646206854,0,0.49649102363832254,0
4196027218#3861213317,0,0.4949715874132819,0
3559141878#1502419182,1,0.4966856068636243,0
11970072568#4699492658,0,0.49514312269453614,0
2280334878#2063718969,0,0.49514312269453614,0
4971703188#3361906432,0,0.49514312269453614,0
2115312686#1457325177,0,0.4949715874132819,0
90088944269#1639149393,0,0.49514312269453614,0
4661758768#4161954899,0,0.49514312269453614,0
361450260462#148294639917,0,0.4949715874132819,0
4572489122#3403976710,0,0.4949715874132819,0
4999205061#2024265127,0,0.49514312269453614,0
4091678030#4780916943,0,0.49514312269453614,0
90489182348#4808134107,0,0.4949715874132819,0
4070758202#4955035552,0,0.49514312269453614,0
3559141874#4808134107,0,0.49514312269453614,0
4082166838#3831256267,0,0.4956726741969231,0
1639157122#1847751521,0,0.49514312269453614,0
1384521138#1761176598,0,0.5002917854725903,1
285571185833#2119398048,0,0.49514312269453614,0
5214033799#1727840041,0,0.49514312269453614,0
341874290933#48901612818,1,0.5017993557075743,1
3077641865#3419433581,0,0.4949715874132819,0
372481794868#372481782919,0,0.4917545155289844,0
3271713292#3044853716,0,0.49514312269453614,0
4683128574#5137789006,0,0.49514312269453614,0
1639149393#2075941248,0,0.4974917880685936,0
4645487186#3076813357,0,0.49514312269453614,0
4877427884#5208375738,0,0.49781408579054803,0
4595274213#4196397569,0,0.5008500245970687,1
2446874502#2040285671,0,0.4949715874132819,0
3784845932#550633511658,0,0.4949715874132819,0
3559141874#1497880313,1,0.4966856068636243,0
3563396042#1848145742,0,0.49514312269453614,0
66983983936#4661758768,0,0.49514312269453614,0
4420910026#33827094730,1,0.505464015350299,1
3938344378#4465948199,0,0.49631397757520446,0
3049961545#2068742136,0,0.4949715874132819,0
99341713276#4636207067,0,0.49514312269453614,0
120510885920#176559958604,0,0.4968700970706206,0
2081856411#2112634689,0,0.49514312269453614,0
2176856626#1659788876,0,0.5043136329246436,1
4420971543#4420971485,0,0.4949715874132819,0
2756903470#1760567279,0,0.49514312269453614,0
4628982425#3558421110,0,0.4949715874132819,0
3881167105#1502419182,0,0.49514312269453614,0
2056507060#1995007743,0,0.4949715874132819,0
2528800439#2040285671,1,0.49806630725659995,0
4196397569#4857000063,1,0.4996368486165774,0
5185554343#18468682603,0,0.4949715874132819,0
2118674361#3806625615,0,0.4949715874132819,0
3906316464#3045310388,0,0.4949715874132819,0
5306873645#183335874583,0,0.49539050890399006,0
3831256267#2055437333,0,0.4949715874132819,0
1401982372#4345919767,0,0.49514312269453614,0
4437686963#1628142291,0,0.49305330610371945,0
1929021158#3558421108,0,0.49514312269453614,0
2071882570#1639155385,0,0.49514312269453614,0
3395420110#4590618046,0,0.49514312269453614,0
130937722924#25123048102,0,0.5054653621611043,1
1793751058#3419657611,0,0.4961365239654741,0
5080010232#4605074002,0,0.49514312269453614,0
1410206420#1646144729,1,0.5044473827530875,1
3946781548#1695721912,1,0.4985012357374378,0
4077609999#3076813357,0,0.4961365239654741,0
3956668079#4893421020,0,0.49514312269453614,0
4196598949#4495321261,0,0.5062086845958799,1
2059019411#4070746594,0,0.49514312269453614,0
1847751521#2054781183,0,0.49514312269453614,0
4936308864#3517506238,0,0.49514312269453614,0
4161954899#4076081612,0,0.4970062897505832,0
444631849230#485901844230,0,0.4953382943509281,0
4653740285#4687101911,1,0.5032526725175375,1
1802184127#2054142391,0,0.496404935734069,0
4864092534#444631849230,0,0.49514312269453614,0
1778061008#4801743381,0,0.49514312269453614,0
2119443297#5174571094,0,0.4965730945517091,0
2117980081#2119398048,0,0.49514312269453614,0
1437065018#3532144993,0,0.49514312269453614,0
4236870644#1806390048,0,0.49514312269453614,0
2055968018#25271558033,0,0.49640155927045493,0
3973290911#4717447491,0,0.49305330610371945,0
1665941990#3883325413,0,0.49514312269453614,0
4241401560#4082166816,0,0.49514312269453614,0
153095594519#33827094730,0,0.49514312269453614,0
2111230146#4590618046,0,0.49738088069401515,0
4039158821#14894146968,0,0.49907731019043494,0
42156242181#4959796164,0,0.49514312269453614,0
3973290911#1628142291,1,0.5005852590519794,1
1752749942#3707618845,0,0.49514312269453614,0
4857000063#4611838827,0,0.4996368486165774,0
6626538016#1639149393,0,0.4949715874132819,0
1950837411#5098221599,0,0.49514312269453614,0
1701535671#4882622259,1,0.49514312269453614,0
2116329768#4737466020,0,0.49514312269453614,0
3257238638#3928874644,0,0.49514312269453614,0
117756682724#4628227983,0,0.4949715874132819,0
36777289481#6626538016,0,0.4949715874132819,0
102799582996#3558421108,0,0.49514312269453614,0
4101996769#2059019411,0,0.4949715874132819,0
4624526050#361450260462,0,0.49514312269453614,0
202083551880#1659788876,0,0.4949715874132819,0
1502419182#4971703188,0,0.4949715874132819,0
1406235988#1406235976,0,0.4952260444681628,0
4628617130#4259834054,0,0.49514312269453614,0
1760226057#1761176598,0,0.4983965415931984,0
4570911542#3938344378,0,0.49514312269453614,0
138962728028#1761176598,0,0.49514312269453614,0
4004662188#4622896603,0,0.4949715874132819,0
4082166838#3545638010,0,0.4986202405642725,0
2066394834#4373986045,0,0.5015504614749637,1
3446005398#99341713276,0,0.4970389404964891,0
3230632753#3244737739,1,0.49983644202462135,0
3548460152#6626538016,0,0.4979969343152099,0
1369517864#1395111624,0,0.49730281378969077,0
4611838827#48901612818,0,0.4996368486165774,0
4129126365#3630377995,0,0.49514312269453614,0
2055968018#176077750624,0,0.49640155927045493,0
4801743381#5102675634,0,0.49514312269453614,0
4330455313#3084169617,0,0.49514312269453614,0
25577744321#3263070381,1,0.5085012265154542,1
2061484014#3482236688,0,0.49514312269453614,0
1628142291#4746833491,0,0.5000360846169368,1
4479393573#4687908846,0,0.497305629785533,0
2115584027#210832073881,0,0.49722366338332963,0
4475404893#4796809254,0,0.4949715874132819,0
335237884835#1751364887,0,0.4949715874132819,0
2058575359#5109735650,0,0.49514312269453614,0
4346498056#4330455313,0,0.49983644202462135,0
4590537395#33827094730,0,0.5019737601702081,1
1504338841#3030484462,0,0.4949715874132819,0
3060181630#113940347013,0,0.49514312269453614,0
3738716466#3494644561,0,0.49915711778833133,0
4264556978#5138249246,0,0.49514312269453614,0
4704351814#4619555960,0,0.49514312269453614,0
4473639064#2062736546,0,0.49514312269453614,0
4991881534#87216201397,0,0.49455561236319007,0
3601402802#3849754958,0,0.49514312269453614,0
3831306916#4999205013,0,0.49514312269453614,0
5059493292#4997949303,0,0.49514312269453614,0
1543994516#3392381011,0,0.49722366338332963,0
4410510890#3878815869,0,0.49514312269453614,0
2119633636#3271713292,0,0.4949715874132819,0
4593095271#2521238898,0,0.4949715874132819,0
3279454241#1751365895,0,0.49631397757520446,0
2070915408#1415647813,1,0.49514312269453614,0
4142357884#5074793221,0,0.49737770264081854,0
3931035425#4883413805,0,0.49611005007351267,0
336084797451#4699266589,0,0.49514312269453614,0
4941134416#2080654117,0,0.49514312269453614,0
4353218398#52466288934,0,0.49514312269453614,0
4721008558#1406235976,0,0.4960241711116308,0
3791242869#4091678030,1,0.49514312269453614,0
3474466257#97057702438,0,0.49514312269453614,0
3392381011#4721008558,0,0.4949715874132819,0
4595274213#3257238638,0,0.49514312269453614,0
4571112607#4353218398,0,0.503190915217083,1
3583250290#4614462519,0,0.4949715874132819,0
2057643160#1765891797,0,0.49539050890399006,0
2054841626#3777224242,0,0.49514312269453614,0
3931035425#3033453452,0,0.49614047877441203,0
2111138171#343200247912,0,0.49514312269453614,0
4662032123#2127292827,0,0.49514312269453614,0
1646206854#3419433581,0,0.4949715874132819,0
1472057110#2045415682,0,0.49514312269453614,0
3043043596#1702827843,0,0.4949715874132819,0
42156242181#4004662188,0,0.4933017785297739,0
3406488822#4760784728,0,0.49514312269453614,0
4611838827#4241401560,0,0.5062994667215428,1
54161619771#2120323979,0,0.49514312269453614,0
366371874482#1760526319,0,0.4949715874132819,0
4959796164#4101996769,0,0.506756903075633,1
2055633495#4933601180,0,0.49514312269453614,0
1727840041#4006382570,1,0.49514312269453614,0
3938344378#4555602784,0,0.49514312269453614,0
4918821582#5109735650,0,0.49514312269453614,0
3077676449#1372606932,1,0.4978634983415586,0
176077750624#3964333871,0,0.49514312269453614,0
3046375488#5123172296,0,0.49722366338332963,0
3920807098#42156242181,0,0.49981164355246877,0
5138249246#3842666513,0,0.500341682871752,1
66983983936#1778061008,0,0.4981259934414701,0
97245307190#1415628286,0,0.49514312269453614,0
5059261580#4447157300,0,0.4969753006995415,0
4673917112#3545638010,0,0.49514312269453614,0
4635484607#4605074002,0,0.49514312269453614,0
343200247912#2007934907,0,0.49514312269453614,0
5081037246#3791242869,0,0.49514312269453614,0
1854625863#6633411855,0,0.49651407158237004,0
2063843530#493119725481,1,0.5015342497164901,1
4348212443#3831256267,0,0.4949715874132819,0
173088843215#3863546507,0,0.49514312269453614,0
194338163529#186808739086,1,0.5153350721591813,1
5050718427#2054841626,0,0.49514312269453614,0
3747074740#2056703740,0,0.49999066870284503,0
1760526319#4353218398,0,0.4949715874132819,0
2055481174#3747074740,0,0.4949715874132819,0
3361906432#4271944536,0,0.49514312269453614,0
4080784646#2075941248,0,0.49514312269453614,0
3863546507#46446169240,0,0.49514312269453614,0
4373986045#3842666513,0,0.5015504614749637,1
4289304207#4687137331,1,0.5022286156112424,1
4285890804#3738716466,0,0.49514312269453614,0
4662032123#4106504104,0,0.49514312269453614,0
3249862225#5029004785,0,0.4949715874132819,0
1498144447#4593095271,0,0.49514312269453614,0
159199657944#4330455313,0,0.49514312269453614,0
161900063353#4760784728,0,0.49514312269453614,0
46446169240#5175525100,1,0.5186979226896947,1
3300207940#110021560113,0,0.49514312269453614,0
2168024759#3403976710,0,0.5013787923131953,1
29751233083#1379816908,0,0.4949715874132819,0
1646206864#2055582885,0,0.4949715874132819,0
4628982425#4570911542,0,0.4949715874132819,0
4624523720#1973212681,0,0.4949715874132819,0
4501513393#3997203055,0,0.4966856068636243,0
1787836721#2058575359,0,0.49514312269453614,0
3048645827#2066611159,0,0.4958442094781773,0
14613456118#4894929911,0,0.49514312269453614,0
4720076201#2111138171,0,0.49514312269453614,0
3559141878#3532144969,0,0.49514312269453614,0
5145421612#318037396491,0,0.5050326205549343,1
1496035084#2009659663,0,0.49514312269453614,0
2111730858#3768335626,0,0.49514312269453614,0
3576237842#3049961545,0,0.4949715874132819,0
3891956878#4721008558,0,0.49539050890399006,0
3784845932#87820911338,1,0.5000196507723047,1
4218561827#3920807098,0,0.49514312269453614,0
3507037385#1639155385,0,0.4949715874132819,0
1379816908#1608452100,0,0.4949715874132819,0
2058575359#1950837411,0,0.49514312269453614,0
2010699610#4413493983,0,0.49556204418524424,0
2056703740#5050453220,0,0.4949715874132819,0
3990733484#4653740285,0,0.49514312269453614,0
2073958683#4719266318,0,0.49514312269453614,0
4479564507#5109735650,0,0.49514312269453614,0
102363039688#3213623350,0,0.49514312269453614,0
4931022240#4529336313,0,0.5060875207200886,1
2063718969#3054434630,0,0.49575994617689845,0
5109735650#3862442483,0,0.49765911039075356,0
4662032123#2054142391,0,0.496404935734069,0
1848145742#4894929911,0,0.4991445979874166,0
2723629064#141222595817,0,0.4981259934414701,0
4157495788#4157461682,0,0.5113155430941542,1
4504208035#2064651676,0,0.49722366338332963,0
1665941990#6633411855,0,0.4961365239654741,0
3806625615#1666737679,0,0.49514312269453614,0
110021560113#5050718427,0,0.497305629785533,0
2069945983#2152065366,0,0.49514312269453614,0
2054980574#4401274222,0,0.49514312269453614,0
2074381365#113560958124,0,0.49514312269453614,0
3613461228#4271210979,0,0.49514312269453614,0
4667944802#3955161274,0,0.49514312269453614,0
1923282767#155972603815,0,0.4987271832898091,0
2119398048#2521238898,1,0.49514312269453614,0
1715995645#4579834609,0,0.49514312269453614,0
4037118803#4636583527,0,0.4949715874132819,0
4590618046#4523837361,0,0.49738088069401515,0
3928874644#4726699880,0,0.4981666090261234,0
4696335646#3494644561,0,0.49514312269453614,0
301920897506#3707618845,0,0.49685388492714905,0
1502419182#81226585052,0,0.4949715874132819,0
4410510890#4720076201,0,0.49514312269453614,0
14613459908#2028313311,0,0.49797768535404197,0
3630377420#2446874502,0,0.4949715874132819,0
4918821582#32262401468,0,0.49514312269453614,0
1639149393#4450676959,0,0.49514312269453614,0
4571112607#3749873906,0,0.5078700652402609,1
1752749942#4661758768,0,0.49514312269453614,0
4699266589#5142907913,0,0.49514312269453614,0
1485299019#3271713292,0,0.4990267977121029,0
4809373098#5186378802,0,0.49514312269453614,0
49988216795#372481782919,0,0.4949715874132819,0
3921017850#4999205061,0,0.49514312269453614,0
22987159602#5145421612,0,0.5006806935083877,1
3845908374#4878750795,0,0.49514312269453614,0
1434294268#99341713276,0,0.49924884547168913,0
4140024129#4475404893,0,0.49552076184832444,0
5210078086#4874906617,0,0.4965730945517091,0
4945184061#4899151313,0,0.49514312269453614,0
4465948199#3509208588,0,0.49514312269453614,0
5081037246#4658590861,0,0.49514312269453614,0
2152065366#4506526795,0,0.4960915956876313,0
1369517864#2016174783,1,0.5099054698193219,1
4676945807#1650171815,0,0.49514312269453614,0
4387127297#2311760701,1,0.5029335217295644,1
4696335646#4955035552,0,0.4949715874132819,0
2068463319#3046506090,0,0.49514312269453614,0
3791609567#4464294458,0,0.49514312269453614,0
3403976710#4338459775,0,0.49514312269453614,0
4570911542#218671246426,0,0.49514312269453614,0
2118674361#3424502550,0,0.49898937562578,0
407278558983#4752061423,0,0.4949715874132819,0
4645487186#2058575359,0,0.49514312269453614,0
4888451505#4142357884,0,0.4949715874132819,0
2114196661#1372606932,0,0.4961365239654741,0
3404246290#4523862885,0,0.49514312269453614,0
2058823419#2059020105,1,0.5012438394224521,1
5075179730#2177411281,0,0.49514312269453614,0
4752061423#4575208945,1,0.4977671937103271,0
120510885920#52466288934,0,0.5024960428459928,1
4541783818#2054980574,0,0.49514312269453614,0
2056662276#2111230146,0,0.49514312269453614,0
2066519837#1639149393,0,0.4963574362829666,0
3474466257#1372181647,0,0.49514312269453614,0
4161835766#6633411855,0,0.4949715874132819,0
156277200942#156277203161,0,0.5047121423425146,1
1451127433#2159452221,0,0.49514312269453614,0
3861213317#4314776750,0,0.4949715874132819,0
2117980081#3047029968,0,0.49514312269453614,0
3878447642#4687137331,0,0.4949715874132819,0
3043046316#1565912494,0,0.4949715874132819,0
1434294268#2081856411,0,0.49924884547168913,0
5061207560#2723629064,0,0.4949715874132819,0
5214033799#5214033797,0,0.527489462978071,1
4155663854#4338459775,0,0.49514312269453614,0
3881831374#3482236688,0,0.49514312269453614,0
4933601180#4955620505,0,0.49514312269453614,0
25577744321#2055878958,0,0.49514312269453614,0
2058968766#14613463282,0,0.49639822798939276,0
4741125055#1641739489,0,0.49514312269453614,0
2111138171#366371874482,0,0.4949715874132819,0
3053961277#4495321261,0,0.49514312269453614,0
2058575359#145760114769,0,0.49514312269453614,0
4697654812#2063718969,0,0.49514312269453614,0
207035563145#2058968766,0,0.4949715874132819,0
4645487186#1382163772,0,0.49514312269453614,0
1955038585#4448156610,0,0.49550982963218226,0
1955038585#4808687386,0,0.49514312269453614,0
3419433581#3613461228,0,0.4949715874132819,0
2521238898#485901844230,0,0.4953382943509281,0
5154388777#3613461228,0,0.4949715874132819,0
5186378802#4345919767,1,0.5102903498217444,1
422592070627#4091678030,0,0.4949715874132819,0
4523837361#3046375488,0,0.49738088069401515,0
1955038585#2007944924,0,0.4969398014893552,0
4144101559#1793751058,0,0.49710817257874856,0
4801743381#3945392968,1,0.49514312269453614,0
4495321261#2174689695,0,0.4949715874132819,0
4752061423#4746833491,0,0.49250413166867696,0
54161619771#3068485945,0,0.49514312269453614,0
4912578167#2357692079,0,0.49514312269453614,0
18466071844#4636207067,0,0.49514312269453614,0
2058564331#4721049406,0,0.49539050890399006,0
2127292827#1628142292,0,0.49514312269453614,0
2059400848#4039158821,0,0.49514312269453614,0
3916588372#1929021158,0,0.49514312269453614,0
1806390048#4195993580,0,0.49514312269453614,0
5059261580#4674166292,0,0.5000769874479627,1
1806319252#4439637603,0,0.49514312269453614,0
4523837361#4204386191,0,0.49738088069401515,0
4933845886#1802184127,0,0.496404935734069,0
1639247978#4475404893,0,0.4953382943509281,0
3891995505#3392381011,0,0.4949715874132819,0
1709016493#3891956889,0,0.49514312269453614,0
4289304207#4703570487,0,0.5008875670487644,1
2115619991#186973639403,0,0.4949715874132819,0
4941134416#1452953298,0,0.49514312269453614,0
54161619771#4514032938,0,0.49514312269453614,0
4935501979#2528800439,0,0.49514312269453614,0
211516820389#249039268558,0,0.4949715874132819,0
2063327692#2756903470,0,0.49514312269453614,0
4176264466#4658297683,0,0.49717782503183744,0
3077676449#4737466020,0,0.49514312269453614,0
2059400848#4282239841,0,0.49514312269453614,0
4236883697#2178100450,0,0.49514312269453614,0
4123815194#4672315773,0,0.49514312269453614,0
4206039345#3033453452,0,0.49611005007351267,0
2270062912#4401274222,0,0.4949715874132819,0
2054142391#4271210979,0,0.496404935734069,0
3863546507#1557919756,0,0.4949715874132819,0
4039158821#99341713276,0,0.49924884547168913,0
2727127831#3764168689,0,0.49514312269453614,0
1379816908#4572426635,0,0.49514312269453614,0
3876493191#3279454241,0,0.4995310409910346,0
1628142292#4413493983,0,0.4979377963819989,0
1472057121#1472057110,0,0.4953382943509281,0
4144101559#3778002993,0,0.4949715874132819,0
2147107185#3711672367,0,0.49685388492714905,0
3601402802#113940347013,0,0.49514312269453614,0
3046838574#5197763503,0,0.4981608337315893,0
3601402802#3878447642,0,0.49514312269453614,0
81508598767#5045583576,1,0.4958442094781773,0
2180548061#2114707742,0,0.49776200478266763,0
4645487186#81508598767,0,0.49514312269453614,0
4737466020#3045310388,0,0.49514312269453614,0
161900063353#126166754864,0,0.49514312269453614,0
4117072069#97115452949,0,0.49514312269453614,0
2074381365#2064229512,0,0.49771259723192757,0
4721049406#3271713292,0,0.4949715874132819,0
2120323997#3053522778,0,0.4949715874132819,0
1946464415#4439261964,0,0.4973248699601839,0
4971996310#4786537439,0,0.49514312269453614,0
4645487186#4760784728,1,0.49514312269453614,0
148294639917#5066791121,0,0.4949715874132819,0
4498422001#1637139251,0,0.49514312269453614,0
396800321613#3973290911,0,0.4949715874132819,0
2120323997#2120323979,0,0.49890475159759534,0
4720475237#4730881018,1,0.49514312269453614,0
2111730858#1452953298,0,0.49928314974648624,0
2066523987#230316955194,0,0.49514312269453614,0
3237112549#3934516600,0,0.4949715874132819,0
48901612818#4191138952,0,0.4996368486165774,0
3862442483#3583250290,1,0.49934789035590144,0
4699492658#4346498056,0,0.4949715874132819,0
4523837361#1646206854,0,0.49738088069401515,0
2119633636#3738716466,0,0.49514312269453614,0
3764168689#3967289494,0,0.4949715874132819,0
4874906617#5174571094,0,0.4965730945517091,0
2070908678#4641732096,0,0.49514312269453614,0
2081856411#1841861991,0,0.49514312269453614,0
3697829010#5169209205,0,0.49514312269453614,0
2120091370#4004662188,0,0.49514312269453614,0
20182514319#4951787449,1,0.5081416143373787,1
3563396042#3973290911,0,0.4949715874132819,0
4373986045#4346498056,0,0.5116340286265411,1
3568392235#1760526319,0,0.4949715874132819,0
5050718427#1919936224,0,0.49514312269453614,0
4354201228#336084797451,0,0.49514312269453614,0
422592070627#3093321300,0,0.49514312269453614,0
1782303951#4464294458,0,0.49181421188917823,0
3956668079#1388947018,0,0.4949715874132819,0
1416629632#4140186799,0,0.4949715874132819,0
52270761597#1950837411,0,0.497305629785533,0
4432515343#4970014021,0,0.4949715874132819,0
4970014021#4801743381,0,0.49514312269453614,0
3826206182#2055878958,0,0.49514312269453614,0
3921017850#2073958683,0,0.497305629785533,0
18469239595#3564326181,0,0.49639822798939276,0
2152065366#4157396930,0,0.4949715874132819,0
3826206182#2055878959,0,0.49514312269453614,0
1386618246#41965445982,0,0.49514312269453614,0
4593095273#3517506238,0,0.49514312269453614,0
4813716345#336084797451,0,0.49514312269453614,0
5215122180#1695721912,0,0.49539050890399006,0
4538068355#4193538411,0,0.49514312269453614,0
3237112549#3403976710,0,0.4949715874132819,0
96073549554#5956875678,1,0.4975576060189875,0
3081987257#4271944536,1,0.5070395424752373,1
4674166292#4888451505,0,0.4949715874132819,0
2028313311#4551054156,0,0.4986787721376832,0
4335139014#2152065366,0,0.49514312269453614,0
4176264466#4274434869,0,0.49569229712957863,0
1472057110#485901844230,0,0.4953382943509281,0
4704351814#4742629929,0,0.49514312269453614,0
5197763503#3997203055,0,0.49514312269453614,0
4801743381#2280334878,0,0.49514312269453614,0
4635484607#4384418878,0,0.5002322789533374,1
4338459775#3881831374,0,0.49514312269453614,0
1639330963#3046506090,0,0.4949715874132819,0
4697654812#1712080073,0,0.49514312269453614,0
341874290933#4205712058,0,0.49905029556580444,0
4687137331#4241401560,0,0.49514312269453614,0
156277208014#2066519837,0,0.49514312269453614,0
1787836721#3049961545,0,0.49514312269453614,0
1666737679#5054957764,0,0.49514312269453614,0
2056507060#3093321300,0,0.49514312269453614,0
4457940843#4475471841,0,0.49514312269453614,0
161900063353#361450260462,0,0.49514312269453614,0
5210078086#4813716345,0,0.4965730945517091,0
3861078888#4704351814,0,0.49514312269453614,0
4904481611#207035563145,0,0.49514312269453614,0
2063718969#422592070627,0,0.4958442094781773,0
3906316464#2055633495,0,0.49514312269453614,0
4628982425#3394520011,0,0.4949715874132819,0
5066791121#5080010232,0,0.49748757510949937,0
3799008310#1639155385,0,0.49514312269453614,0
156395460805#130937722924,0,0.49514312269453614,0
52466288934#3551736332,0,0.49514312269453614,0
4683128574#1472057121,0,0.49514312269453614,0
33816431380#3608869908,0,0.49884863371572224,0
2119398048#4835619445,0,0.49514312269453614,0
2016174783#2311760701,0,0.4964416206496689,0
4662116837#3330388304,0,0.49514312269453614,0
4440382481#5138249246,0,0.49514312269453614,0
4523837361#1416247746,0,0.49514312269453614,0
5041514024#49577430316,0,0.4949715874132819,0
4752061423#4717447481,0,0.4895621557002942,0
1759667553#1760226057,0,0.5022299269098217,1
3474466257#2056848620,0,0.49514312269453614,0
3876493191#5074793221,0,0.49514312269453614,0
4899151313#372481794868,1,0.5117687613255626,1
3984762861#4214739605,0,0.4983380744937466,0
3946781548#5050453220,0,0.49514312269453614,0
5210078086#4611838827,0,0.49514312269453614,0
4959519221#4755317093,0,0.49514312269453614,0
2528800439#4435497569,0,0.49514312269453614,0
4440382481#5075179730,0,0.49514312269453614,0
1541828296#4039158821,0,0.4949715874132819,0
5083069896#2521238898,0,0.49514312269453614,0
2446874502#3777224242,0,0.4949715874132819,0
4813716345#3613461228,0,0.49514312269453614,0
1372181647#1395111624,0,0.4949715874132819,0
96073549554#97115450346,0,0.4969753006995415,0
2343156405#2111730858,0,0.49514312269453614,0
138962728028#1639149393,0,0.4949715874132819,0
148550112621#161012326997,0,0.4968700970706206,0
3979682744#4273126171,0,0.49938494516522974,0
3728656154#4146072324,0,0.49514312269453614,0
1608452100#1565912494,0,0.499444017128081,0
3979682744#4882622259,0,0.49514312269453614,0
4501513393#4273126171,0,0.49514312269453614,0
2057137359#3938344378,0,0.49631397757520446,0
4041017449#36777289481,0,0.49514312269453614,0
156118033327#33827094730,0,0.4949715874132819,0
3964333871#4123815194,0,0.49514312269453614,0
2059400301#3068485945,0,0.49514312269453614,0
1492219642#2055885530,0,0.5102995981649954,1
1512751759#1504287585,0,0.496756648200519,0
4420971485#4037072294,0,0.4949715874132819,0
2311760701#4495321261,0,0.4949715874132819,0
3882105016#113560958124,0,0.49514312269453614,0
156277203161#156277193948,0,0.501963761141314,1
4504208035#3532144969,0,0.49514312269453614,0
135661412204#33827094730,0,0.4949715874132819,0
5214033799#4236883697,0,0.4949715874132819,0
4951787449#440348329591,0,0.49793277230648436,0
3406488822#3956668079,0,0.49514312269453614,0
4195993580#498398470747,0,0.49514312269453614,0
2114707742#4004662188,0,0.49514312269453614,0
54161619771#5046656102,0,0.49514312269453614,0
2060359973#3906316464,0,0.49514312269453614,0
4968145391#3304467506,0,0.49514312269453614,0
341874290933#4070758202,0,0.49514312269453614,0
1543994516#1416247746,1,0.5052445032779612,1
4893421020#4809373098,0,0.49514312269453614,0
335230005323#1512751759,0,0.49514312269453614,0
5142907913#1372181647,0,0.49759046950141345,0
3630377995#1500005536,0,0.4949715874132819,0
2111730858#4435497569,0,0.49514312269453614,0
97115452949#1633806208,1,0.49514312269453614,0
2081856411#4641732096,0,0.49514312269453614,0
1775476124#407278558983,0,0.4953382943509281,0
3558421110#3709420925,0,0.49514312269453614,0
1727840041#3081987257,0,0.49514312269453614,0
3046375488#3906316464,0,0.4949715874132819,0
3392381011#1541571286,0,0.4949715874132819,0
156118033327#3583250290,0,0.4949715874132819,0
4687137331#4719266318,0,0.49514312269453614,0
2059400382#2059400154,0,0.4919172752783648,0
4550893360#2058968766,0,0.4949715874132819,0
156277200942#3891956889,0,0.49514312269453614,0
3709270070#3777224242,0,0.4949715874132819,0
4699266589#2455879046,0,0.49497453385389817,0
49577430316#186973639403,0,0.4949715874132819,0
18469239595#1379816908,0,0.4949715874132819,0
58909543123#25123048102,0,0.4966985617893664,0
1401982699#2195335976,0,0.4949715874132819,0
1845153102#4575208945,0,0.49552076184832444,0
4796809254#4271944536,0,0.49984601700553305,0
3047893935#1995007743,0,0.4949715874132819,0
3883410603#4271944536,0,0.49983644202462135,0
4999205061#422592070627,0,0.49514312269453614,0
392226244812#3043043596,0,0.4949715874132819,0
135661412204#1845153102,0,0.4949715874132819,0
4142231832#5183122889,0,0.4974917880685936,0
32262401468#3093321300,0,0.49514312269453614,0
2058557454#3458373106,0,0.496404935734069,0
4808687386#4813716345,0,0.49514312269453614,0
4683128792#4282239841,0,0.49514312269453614,0
4196397569#4006382570,0,0.49514312269453614,0
4076081612#3797709918,0,0.4970062897505832,0
3927343389#4010669700,1,0.49514312269453614,0
4094371021#4687101911,0,0.4949715874132819,0
1472057121#444631849230,0,0.5017502037469669,1
4919205804#3967289494,0,0.49514312269453614,0
4161954899#4874906617,0,0.49514312269453614,0
2065681864#81226585052,0,0.49514312269453614,0
2119633636#2796704233,1,0.4993012465235139,0
4674166292#4674188079,0,0.49539050890399006,0
1497880313#1502419182,0,0.490764617096696,0
4882622259#4696335646,0,0.4949715874132819,0
4933601180#3883325413,1,0.5001746927261064,1
4701577010#3475310737,0,0.49514312269453614,0
4796107666#4161954899,0,0.4949715874132819,0
3881831374#4393085087,1,0.49514312269453614,0
4010669700#1472057110,0,0.49514312269453614,0
156277203161#4439261965,0,0.49514312269453614,0
3559141873#3559141874,0,0.49514312269453614,0
5018444082#1637139251,0,0.49550982963218226,0
4673917112#4972452242,0,0.4966856068636243,0
3559141874#2343156405,0,0.4966856068636243,0
135661412204#2082042841,1,0.49938870253206535,0
2068742136#3304467506,0,0.4970782222687952,0
3507037384#2055968018,0,0.4949715874132819,0
4991881534#4730881018,0,0.49514312269453614,0
6633411855#1497880313,0,0.49651407158237004,0
2065681864#4696335646,0,0.49514312269453614,0
1787836721#4447157300,0,0.49514312269453614,0
90489182348#4697017334,0,0.49514312269453614,0
4876377759#1639155385,0,0.49514312269453614,0
2146475582#1496035084,1,0.5052476834588855,1
3053521973#1775497794,0,0.4949715874132819,0
36777289481#1573183009,0,0.4949715874132819,0
412056582497#4959796164,0,0.49514312269453614,0
440348329591#1639157122,0,0.4949715874132819,0
4195993580#4004662188,0,0.4933017785297739,0
3984762861#3553807367,0,0.49514312269453614,0
5183122889#1919936224,0,0.49514312269453614,0
1500005536#3831306920,0,0.49514312269453614,0
4274231792#4157461682,0,0.4961365239654741,0
4514393136#4155663854,0,0.4949715874132819,0
1489629640#4107459058,0,0.49514312269453614,0
1639330963#2070915408,0,0.4949715874132819,0
