pair_id,ltable_mag_id,rtable_mag_id,true_label,pred_label,confidence
0,0,0,0,0,0.10634998996013348
1,1,1,0,0,0.0005170289088206486
2,2,2,0,0,0.014275168294804297
3,3,3,0,0,0.0020278197799604566
4,4,4,0,0,0.0005661098158626491
5,5,5,0,0,0.058513874780681506
6,6,6,0,0,0.1238959173059121
7,7,7,0,1,0.6789137401109312
8,8,8,0,0,0.043949498935468394
9,9,9,0,0,0.0012189932389215178
10,10,10,0,0,0.0006026061662276126
11,11,11,0,0,0.011787127678613897
12,12,12,0,0,0.004186847654773612
13,13,13,0,0,0.00047013943790234617
14,14,14,0,0,0.01503030577825546
15,15,15,0,0,0.017615437151717286
16,16,16,0,0,0.0011445651991289438
17,17,17,0,1,0.7475132740966423
18,18,18,0,0,0.0013465997817707087
19,19,19,0,0,0.018980408584462358
20,20,20,0,0,0.0006961774216591234
21,21,21,0,0,0.01132482024933805
22,22,22,0,0,0.2154333124192219
23,23,23,1,1,0.6560943949041323
24,24,24,0,1,0.7866720191604247
25,25,25,0,1,0.6912963597202484
26,26,26,0,0,0.0006369523593645409
27,27,27,0,0,0.0009665393256662025
28,28,28,0,0,0.0017487790269677204
29,29,29,0,1,0.7086250265610355
30,30,30,0,0,0.0008500861466621417
31,31,31,0,0,0.0012098266821835388
32,32,32,1,1,0.685799305932185
33,33,33,0,0,0.0002855459625890736
34,34,34,0,0,0.3635124510318361
35,35,35,0,0,0.009356692856144398
36,16,36,0,0,0.3865751028102487
37,36,37,0,0,0.0004256153356773101
38,37,38,0,0,0.0023008626221797746
39,38,39,0,0,0.0010799160182299885
40,39,40,1,1,0.6539769524661715
41,24,41,0,0,0.0006423570622463392
42,2,42,0,0,0.016070631369570362
43,40,43,0,0,0.0008747301220192188
44,41,44,0,0,0.050702170245494865
45,42,45,0,1,0.7848133744816204
46,43,46,0,0,0.001435584846059476
47,44,47,0,0,0.0323571855806772
48,45,48,0,0,0.0006554501073039934
49,46,25,0,0,0.3929288221750947
50,47,49,0,0,0.001064503761605711
51,48,50,0,0,0.0005620965426421613
52,49,51,0,0,0.0008404437776011792
53,50,52,0,0,0.0011154160063246508
54,51,53,1,0,0.17426653998681738
55,52,54,0,0,0.14082096400362493
56,53,55,0,0,0.2872790566479668
57,54,56,0,0,0.00047998481780067145
58,55,57,0,0,0.29755354217468205
59,56,58,0,1,0.5807497355214843
60,57,59,0,0,0.0006833997447023852
61,58,60,0,0,0.0004574990658746955
62,59,61,1,1,0.6790168873729624
63,60,3,0,0,0.002978369146268704
64,61,62,1,1,0.8110199414361118
65,62,63,0,0,0.010679070560341435
66,63,64,0,0,0.00039297488357462935
67,64,65,0,0,0.12103016478391676
68,65,66,0,0,0.11740635700046148
69,66,67,0,0,0.0005708409570074783
70,67,68,0,0,0.000354865140574856
71,68,69,1,1,0.748770752515426
72,69,70,0,0,0.22589535593237092
73,70,71,1,1,0.7590340417884712
74,71,72,0,0,0.0010264375021405542
75,72,73,0,0,0.002005675720804112
76,73,74,0,0,0.0009292636519904252
77,74,75,0,0,0.4504761675233796
78,75,76,0,0,0.01256528723275234
79,76,77,0,1,0.798764655908289
80,77,78,0,1,0.77206025985282
81,78,79,0,0,0.4585729492075257
82,79,80,0,0,0.009920883293453874
83,49,81,0,0,0.000354865140574856
84,80,82,0,1,0.6632999444297972
85,81,83,0,0,0.0003432446477021464
86,82,84,0,0,0.0041609110697612296
87,83,85,0,0,0.0017369409026847533
88,40,86,0,0,0.03644796453399887
89,84,31,0,0,0.0044372834829641255
90,85,87,0,0,0.007561019153219494
91,86,88,0,0,0.005964762244895978
92,87,89,0,0,0.0007943981503920821
93,88,90,0,0,0.0007635789049381597
94,89,91,0,0,0.0004608330775372411
95,9,92,0,1,0.7452773959506789
96,90,93,0,1,0.6071762425407861
97,91,94,0,0,0.007566783321062503
98,92,95,0,0,0.14959375902057387
99,93,96,0,0,0.0003649209036157119
100,94,97,0,1,0.7341656287950515
101,95,98,0,0,0.0021500213002312776
102,96,99,0,0,0.0036811187445954284
103,97,100,0,0,0.011574958512306712
104,98,101,0,1,0.6954349541378361
105,99,102,0,0,0.12535886321080741
106,100,103,0,0,0.0016806156722384733
107,101,104,0,0,0.051363029541839245
108,102,31,0,0,0.0005292562241668628
109,103,18,0,0,0.10468475505037571
110,104,62,0,0,0.0004649435647681682
111,105,105,0,0,0.0016450204667160548
112,106,35,0,1,0.5459568970562144
113,107,35,0,0,0.05398820624571815
114,108,106,0,1,0.6611896034885738
115,109,107,0,0,0.0202619642624166
116,110,108,0,0,0.22047453983478987
117,111,109,0,0,0.0026659914002312834
118,107,110,0,0,0.03537050605483447
119,112,111,0,0,0.006583337770949127
120,113,112,0,0,0.00041277070041887445
121,114,113,0,0,0.013798169791698638
122,115,114,0,0,0.27102918344953714
123,116,115,1,0,0.2107016896053414
124,117,116,0,0,0.47228301556659247
125,118,22,0,1,0.6775000447554056
126,119,117,0,0,0.01570455196640829
127,120,118,1,1,0.5596435851496572
128,121,119,0,0,0.001599246450476905
129,122,120,0,1,0.6106642431299529
130,80,72,0,0,0.4159772244507539
131,123,121,0,0,0.29972182060619323
132,124,122,0,0,0.011464976038840412
133,125,123,1,1,0.7649685744457733
134,126,124,0,0,0.018767240077896968
135,127,125,0,0,0.0013899933557213909
136,128,126,0,1,0.6325349224873711
137,84,127,0,0,0.004614261727541078
138,129,128,0,0,0.0005465340880537604
139,130,20,0,0,0.0006931506020653362
140,131,129,0,0,0.0003039735502983405
141,132,130,0,0,0.42835434388270616
142,52,131,1,1,0.5683134891689693
143,133,132,0,0,0.0003702463933103212
144,88,133,0,0,0.00045779591482620447
145,32,134,0,0,0.00040565267164676853
146,134,135,1,1,0.6895693899580043
147,135,136,0,0,0.05569297596097466
148,136,137,0,0,0.0002439284243956376
149,137,138,0,0,0.05909273155852857
150,138,139,0,0,0.0003337500429453576
151,136,140,0,1,0.7041474885080301
152,139,141,0,0,0.011626479361669474
153,140,70,0,0,0.0012433660581481001
154,141,142,0,0,0.001199095714913739
155,142,45,0,0,0.2236942801060455
156,143,143,0,0,0.004582049788728571
157,144,144,0,0,0.0002929184723554012
158,145,145,0,0,0.046666024118761563
159,146,32,0,0,0.000776103876313859
160,147,146,0,0,0.006945886662331505
161,148,147,0,1,0.7903065931315665
162,149,148,0,1,0.8079429391455247
163,150,149,0,0,0.0009325816157824735
164,151,150,0,0,0.0020300776184827437
165,152,130,0,0,0.18748693571943595
166,153,62,0,0,0.004222511982294611
167,154,151,0,0,0.00044952362158937525
168,155,152,0,0,0.0009219836454723102
169,123,110,0,1,0.764694588432818
170,29,153,0,0,0.4841121729937148
171,156,154,1,1,0.717435188982181
172,136,155,0,1,0.6238470449501342
173,157,156,0,0,0.0011887665553931216
174,158,157,1,1,0.715772929129679
175,78,158,0,0,0.4514512240688627
176,159,159,0,0,0.14026104257266403
177,160,160,0,0,0.0017931601129520943
178,161,161,1,1,0.7591501154882699
179,162,162,0,0,0.000651669419045317
180,163,163,0,0,0.002224651504735805
181,164,164,0,0,0.041875957248718815
182,165,165,0,0,0.00261544739929557
183,166,166,0,0,0.014856342153187445
184,167,167,0,0,0.0006678997249715138
185,168,168,0,0,0.004741508701348118
186,169,169,0,0,0.2612666723915314
187,170,170,1,1,0.610934800063227
188,171,171,0,0,0.06543740643034862
189,172,172,1,1,0.5170054259635292
190,173,149,0,1,0.6103202924362003
191,174,173,0,0,0.06306937124313933
192,175,174,1,1,0.7753421362999705
193,176,175,0,1,0.5658544457030646
194,177,176,0,0,0.0008442650442183175
195,178,177,0,0,0.0002510968831769996
196,179,146,0,0,0.022558831128659182
197,116,178,0,0,0.0004390830092716051
198,180,179,0,0,0.0552523131985113
199,181,180,0,0,0.000943788481366652
200,182,181,0,0,0.0005161694752925811
201,183,182,0,0,0.0019228580491777276
202,184,183,0,0,0.03703294823517975
203,185,184,0,0,0.003669631256747183
204,185,185,0,0,0.00026960222012024844
205,186,186,0,0,0.0007069841635856619
206,187,187,0,0,0.001960164202778338
207,188,188,0,0,0.0008533608548405966
208,117,189,0,0,0.0003622072844808766
209,189,190,0,0,0.06572023985978652
210,190,191,0,0,0.10303482073075455
211,191,192,0,0,0.0009952296155517737
212,192,193,0,0,0.004019443845228294
213,193,194,0,0,0.002321790533509536
214,48,195,0,0,0.004499414490666551
215,194,196,0,0,0.18040181198508992
216,195,197,0,0,0.0006852342088513947
217,69,198,0,0,0.0006582856580755683
218,196,199,0,0,0.012875590690814818
219,197,200,0,0,0.02352456456522132
220,30,201,0,0,0.0003696241605412922
221,198,202,0,0,0.008846963734644409
222,199,203,0,0,0.042484990567977825
223,200,151,0,0,0.00019667166042304065
224,201,204,0,1,0.569805509884763
225,202,205,0,1,0.6202447388404684
226,203,206,0,1,0.5006436372152195
227,204,207,0,0,0.001741457932282257
228,205,208,0,0,0.001017785338067053
229,37,209,0,0,0.010618738563373942
230,14,210,0,0,0.005965828256979496
231,206,211,0,0,0.0022037947234786344
232,207,212,0,0,0.123473702167008
233,208,213,1,1,0.7589021948145839
234,209,214,1,1,0.6929150070274481
235,117,215,0,0,0.00450103745505387
236,123,216,0,1,0.7395857931474407
237,210,180,0,0,0.00048068303784295466
238,211,217,0,1,0.7376025450345773
239,173,217,0,0,0.0003582749284635243
240,212,218,0,0,0.4722278145120502
241,213,219,1,1,0.6545362870467588
242,167,220,0,0,0.00028063499241319083
243,131,221,0,0,0.0007479725094942361
244,214,222,1,1,0.7148249444841062
245,215,27,0,0,0.0009665393256662025
246,216,223,0,0,0.011721616564778336
247,217,153,0,0,0.030255862227858504
248,218,224,0,0,0.30617017702502275
249,219,148,0,1,0.6196336707836347
250,220,107,0,0,0.009283116038258616
251,221,225,0,1,0.748353691828016
252,222,98,1,1,0.739165740720802
253,223,226,0,0,0.0015506009749414664
254,224,227,0,0,0.0002439284243956376
255,225,228,0,0,0.008988946049869025
256,226,229,0,0,0.001334726626112591
257,227,230,0,0,0.28531837873657234
258,228,231,0,0,0.013591586096461796
259,221,232,0,0,0.04050527342571395
260,197,136,0,0,0.0005161694752925811
261,229,233,0,0,0.00037264885260688294
262,59,234,0,0,0.0010078753952369518
263,230,235,0,0,0.00035979443803808874
264,59,236,0,0,0.007336364782608113
265,231,237,0,1,0.638408085161996
266,137,238,0,0,0.01711662107012873
267,232,239,0,0,0.00335659449884
268,233,240,0,0,0.0006344479053571339
269,234,241,0,1,0.5399926421206406
270,235,242,0,0,0.30492233972609506
271,236,243,0,0,0.41888642239781804
272,237,244,0,0,0.0008009008721215786
273,238,245,0,0,0.004919307979972605
274,239,246,0,0,0.0026710514119581276
275,240,121,0,1,0.5211425454422445
276,100,247,0,0,0.01702491704765582
277,53,248,0,1,0.624740857247348
278,241,201,0,0,0.0004683804586929763
279,242,249,0,0,0.001641295679310053
280,243,250,0,0,0.46822146313251806
281,244,251,0,0,0.0018841081795008176
282,245,252,0,0,0.0015400477276590837
283,77,253,1,1,0.7714719075390086
284,246,254,0,0,0.31029577868446734
285,90,3,0,0,0.001041359244355951
286,247,255,0,0,0.0007201487028334231
287,73,250,0,1,0.6258733084252406
288,139,254,0,0,0.36559607568497193
289,248,256,0,0,0.006639346151768572
290,249,257,0,0,0.0008586698200791429
291,250,258,0,0,0.0009740264577581541
292,251,259,1,1,0.7589336619036683
293,251,260,0,0,0.0005266723246900493
294,252,261,0,0,0.33966070209569194
295,253,262,0,0,0.050143055801136975
296,254,263,0,0,0.0529895495845632
297,255,68,0,0,0.03571005920227825
298,256,264,0,0,0.0014594430605427231
299,257,265,0,0,0.024552447207495418
300,258,163,0,0,0.013901415337203167
301,214,266,0,0,0.005166778624983985
302,259,266,0,0,0.0028321777877940253
303,260,267,0,0,0.06432885834444164
304,131,264,0,0,0.376866514231113
305,199,130,0,1,0.7410050731437274
306,145,268,0,0,0.0371221410409368
307,261,269,0,1,0.6750757372162033
308,248,270,0,0,0.011862397848408215
309,262,271,0,0,0.013138802759588595
310,263,272,0,0,0.038343040791738045
311,76,178,0,0,0.0005103803265698913
312,264,226,0,0,0.0008465041203921058
313,265,85,0,0,0.0021935679836061527
314,266,206,0,0,0.0010769589764767786
315,267,273,0,0,0.027520538788987522
316,268,132,0,0,0.0021268012745194165
317,269,274,0,0,0.01795226080398235
318,270,275,0,0,0.0009874536462082383
319,271,276,0,0,0.0010986414012924774
320,272,277,0,0,0.0010413742122937575
321,273,278,0,1,0.7022030590517905
322,274,279,0,0,0.01148715655229922
323,167,280,0,0,0.11568120581565956
324,275,281,0,0,0.021959161933859495
325,276,282,0,0,0.008277525285985804
326,140,161,0,0,0.004281985515440808
327,277,15,0,1,0.727307004451613
328,278,283,0,1,0.5501779332550626
329,279,247,0,0,0.006244886243467413
330,280,284,0,0,0.01690311191678704
331,36,285,0,0,0.0008620431120488849
332,281,286,0,0,0.04200603384297539
333,282,287,0,1,0.6968688218285176
334,283,288,0,0,0.010842766043850885
335,284,94,0,1,0.7950725995495875
336,66,289,0,0,0.0004853017350545683
337,285,290,0,0,0.000603178901428872
338,286,291,1,1,0.6416485192718775
339,180,292,0,0,0.017185452248325565
340,287,293,0,0,0.005826273947767504
341,211,294,0,0,0.00045424601154605545
342,123,295,0,1,0.7694482987860674
343,248,296,0,0,0.0014703975617383765
344,288,78,0,0,0.0003513140382935128
345,86,297,0,0,0.0016427804963934538
346,289,298,0,0,0.12104033124046676
347,72,299,0,1,0.5450799440316979
348,209,300,0,0,0.001019041750325984
349,290,199,0,0,0.012479134500301095
350,94,301,0,0,0.02036747781657663
351,291,220,0,0,0.0061755051652213795
352,292,302,0,0,0.0005397171125693799
353,293,284,0,0,0.06813733354988553
354,294,303,1,1,0.7973689182150349
355,181,304,0,0,0.039315995964252476
356,295,305,0,0,0.0008902619244633753
357,296,306,0,0,0.020301674690492436
358,171,163,0,0,0.008503376163239727
359,120,106,0,0,0.001099181047019257
360,297,307,0,1,0.6577475952763036
361,298,308,0,0,0.004821214915715534
362,299,309,0,0,0.06287456979746901
363,300,2,0,0,0.00037812368976804364
364,301,310,0,0,0.0005081001392120214
365,302,305,0,0,0.0004721695717479003
366,303,248,0,1,0.6860209198552277
367,304,311,0,0,0.023355389648846397
368,151,129,0,0,0.0008598812713235271
369,305,237,0,0,0.0008042174822352515
370,306,312,0,0,0.025644546017775174
371,77,187,0,0,0.0006883263802197662
372,307,313,0,0,0.001567565408779232
373,308,314,0,0,0.00288076865130162
374,309,315,0,0,0.0005839863227636767
375,310,243,0,1,0.5982089407249505
376,311,316,0,0,0.09870562773480548
377,185,317,0,0,0.0010419909559476294
378,312,214,0,0,0.01089630927901698
379,313,282,0,0,0.39930001049006314
380,314,318,0,0,0.0004893598238180503
381,315,230,0,0,0.49506157747389407
382,316,111,0,0,0.01056292884362608
383,317,162,0,0,0.03793528526765173
384,66,319,0,0,0.029801059018973966
385,318,320,0,0,0.0004390830092716051
386,319,321,0,0,0.13266445645752348
387,320,216,0,0,0.01935134803351965
388,321,67,0,0,0.0025855978091739564
389,322,322,0,0,0.1869710701707978
390,90,323,0,0,0.0003849414536859061
391,323,69,0,0,0.0011543939238664628
392,324,107,0,0,0.0030772372596749235
393,325,324,0,0,0.20675583846708256
394,326,325,0,1,0.7142533700542709
395,327,326,0,0,0.0002439284243956376
396,328,327,0,0,0.002707729903781774
397,154,328,0,0,0.0333253721790852
398,329,329,0,0,0.037353081798749764
399,330,56,0,0,0.0008764514999853214
400,331,330,0,0,0.0109328719019982
401,332,297,1,1,0.7336225699169424
402,333,331,0,0,0.0015521375604384692
403,259,183,0,0,0.1544498240760532
404,229,212,0,0,0.0010992196264071302
405,334,332,0,0,0.000971566313622353
406,335,333,0,0,0.18024713251928914
407,209,334,0,0,0.00081178323800633
408,335,126,0,0,0.03514580746542681
409,336,233,0,0,0.03594570575575809
410,17,293,0,0,0.0006423932420820522
411,56,335,0,0,0.011417181092440587
412,13,336,0,0,0.0009911083357981851
413,192,337,0,1,0.5419266363220232
414,337,338,1,1,0.7588434944803502
415,338,339,0,1,0.7236278661963569
416,339,339,0,1,0.6459999711531929
417,340,340,0,1,0.5262225156716164
418,341,270,0,0,0.0006583708624570243
419,342,341,0,0,0.05451423597843907
420,135,271,0,0,0.022571050998036583
421,343,270,0,0,0.004465585012483395
422,344,342,0,0,0.0006491679406298717
423,261,343,0,0,0.001400675473821337
424,62,214,0,0,0.0053637609320901225
425,158,341,0,0,0.04112210125600964
426,345,2,0,0,0.0004958694118562194
427,346,267,0,0,0.008398921854077819
428,347,344,0,0,0.044842828122260266
429,348,117,0,1,0.8773094391053171
430,228,280,0,0,0.03842401797917352
431,349,208,1,1,0.5958760317176812
432,105,345,0,0,0.0009699184935499693
433,350,346,0,0,0.06931519699355909
434,333,347,0,1,0.7385228842773452
435,183,348,0,0,0.0004625434723949127
436,351,269,0,0,0.00018408437585373016
437,352,349,0,0,0.0005108429228525992
438,338,302,0,0,0.45092858572032246
439,179,286,1,1,0.9412100699541851
440,353,350,0,0,0.002673981298201109
441,11,210,0,0,0.0006571046011753809
442,61,351,0,0,0.0024471042130226727
443,180,352,0,0,0.0009285915067075073
444,354,353,0,0,0.02323890438092289
445,355,354,0,0,0.0003319049639850804
446,273,355,0,0,0.02758282405593698
447,356,113,0,0,0.00047013943790234617
448,357,296,0,0,0.0319664773351353
449,358,356,0,0,0.00046552003556850433
450,310,357,0,1,0.5913275613741231
451,249,160,0,0,0.0024752522392671315
452,359,316,0,0,0.07505048241787175
453,335,18,0,1,0.6781301243404718
454,360,358,0,0,0.05552508600673225
455,361,359,0,0,0.047417895280218086
456,284,310,0,1,0.7051648359184347
457,362,29,0,1,0.7145858719413068
458,333,360,0,0,0.0016838860213939002
459,354,361,1,1,0.5443721278598089
460,363,362,0,0,0.02418154344495763
461,364,363,0,0,0.0014534229691163993
462,365,101,0,1,0.5426741794991182
463,366,364,0,0,0.00048374357229280567
464,367,365,0,0,0.008784217158600517
465,164,280,0,0,0.025352265573227655
466,352,366,0,0,0.0046286291350605985
467,368,367,0,0,0.002503168763431638
468,279,350,0,0,0.00044495574523505875
469,322,181,0,0,0.13305482129352939
470,341,368,0,0,0.009607563879994046
471,369,369,0,0,0.001123584912752516
472,370,220,0,1,0.6942708773387128
473,231,370,0,0,0.4739141244459473
474,371,315,0,0,0.026477590844256736
475,372,371,0,1,0.5983562850697085
476,373,372,0,0,0.0009251804669587859
477,278,9,0,1,0.5842465416903978
478,264,373,0,0,0.001070067838941981
479,374,374,0,0,0.010764971087143953
480,375,375,0,0,0.1220722808658182
481,76,376,0,0,0.013330152561072872
482,376,377,0,0,0.0006890463095022123
483,270,40,0,0,0.00452357242060975
484,377,378,0,0,0.00041948999817826947
485,378,379,0,0,0.01677070679426834
486,327,380,0,0,0.0014305499460778618
487,379,304,0,0,0.002161957737886638
488,380,381,0,0,0.02251100098952284
489,381,382,0,0,0.004267878070953253
490,8,239,0,1,0.6465975703795382
491,382,383,0,0,0.0003439718943874923
492,383,384,0,0,0.3619281091673499
493,384,331,0,1,0.5854529808862384
494,385,257,0,0,0.0012441334957766512
495,386,385,0,1,0.7851237754310948
496,387,171,0,0,0.10838801541802909
497,363,386,1,1,0.6919128955102326
498,388,387,0,0,0.002200136649931415
499,389,255,0,0,0.00814263507788062
500,390,101,0,0,0.0011323722138589776
501,391,388,0,0,0.013479495439516029
502,330,389,0,0,0.0009432350628022654
503,392,300,0,0,0.00035485328720577297
504,393,390,0,0,0.000775958167612245
505,394,391,0,0,0.048924578727454204
506,198,392,1,1,0.7552031160998882
507,395,393,0,1,0.6986076589230759
508,85,321,0,0,0.013934463792642203
509,381,6,0,0,0.006739282635924378
510,107,394,0,1,0.6253142675026905
511,327,395,0,0,0.0003434218625557863
512,396,396,1,1,0.6290399475775097
513,397,397,0,0,0.00042818976308424124
514,398,398,0,0,0.00029309215748005976
515,399,391,0,0,0.07728696090153116
516,400,399,0,0,0.02152621686554407
517,401,339,0,1,0.6366936231238958
518,402,400,0,0,0.0010919948623947463
519,136,73,0,0,0.2947023533375891
520,403,401,0,0,0.0003337500429453576
521,404,402,0,0,0.0033062924119835403
522,405,403,0,0,0.0005618516593817306
523,406,74,0,0,0.0010802325707941732
524,407,38,0,0,0.004533530397203302
525,408,404,0,0,0.00046447785625128085
526,409,405,0,0,0.3141119612728187
527,410,75,1,1,0.500640361614195
528,411,406,0,0,0.0005410451675060984
529,412,407,0,1,0.7057694664219579
530,413,317,0,0,0.0029753520032308766
531,414,45,0,0,0.00538447085399002
532,415,408,0,0,0.05282956174153978
533,416,140,0,1,0.6357331941125606
534,320,71,0,0,0.0018313945540072774
535,417,409,0,0,0.08443054361100823
536,418,327,0,0,0.0008317025793710378
537,399,351,0,0,0.0036222812908643224
538,4,410,1,1,0.8240467185243956
539,419,411,0,0,0.0002546361320892598
540,13,123,0,0,0.005509126655347798
541,205,2,0,0,0.0005248935502974073
542,420,337,0,0,0.2512296168100418
543,199,412,0,1,0.6361577272938637
544,421,413,0,0,0.09315361778142178
545,366,414,1,1,0.7197631496741755
546,48,415,0,0,0.0009917503540557199
547,48,416,0,0,0.0008478723233865344
548,326,417,0,0,0.006689815187186525
549,422,418,0,0,0.0003205033946622268
550,423,25,0,0,0.31126588868435384
551,424,419,0,0,0.27770620992093376
552,143,420,0,0,0.0009114240180433722
553,425,421,0,0,0.02799349877153006
554,103,422,1,1,0.8901744047168322
555,293,423,0,0,0.00043567322138293686
556,237,424,0,0,0.0008154596506892628
557,426,122,0,0,0.0005324701603847127
558,398,66,0,0,0.001784439773186361
559,427,282,0,0,0.3681936270461502
560,428,168,1,1,0.5258473682792089
561,429,425,0,0,0.00034003022416055753
562,11,426,0,0,0.0024550953270786767
563,144,427,0,0,0.00046269296411333426
564,430,428,0,0,0.006982270802855627
565,431,213,0,0,0.0077108293145056765
566,432,429,0,0,0.0003039735502983405
567,433,335,0,0,0.001138949413593846
568,207,430,0,0,0.12058865176727515
569,294,431,0,0,0.07812761042468448
570,434,432,0,0,0.19729308598316642
571,77,433,0,1,0.7602731539884716
572,435,434,0,0,0.32894717896647907
573,436,38,0,0,0.00036356459311839693
574,437,435,0,0,0.0005171890705510187
575,73,436,0,0,0.023918754878555618
576,438,437,0,0,0.0003472926994854798
577,439,438,0,0,0.0004381853045913045
578,395,439,0,0,0.0005016808111914776
579,354,435,0,0,0.1417589379287798
580,440,440,0,0,0.001021322159708779
581,441,441,0,0,0.05469880617322944
582,442,314,0,0,0.010421620390607386
583,217,157,0,1,0.668136788902664
584,443,292,0,0,0.0007097024604806233
585,444,138,1,1,0.625366295835892
586,445,360,0,1,0.5215952075851561
587,90,287,0,1,0.693897968019935
588,157,442,0,0,0.03461855589812121
589,446,443,0,0,0.4759128877329305
590,447,243,0,0,0.3673280619519953
591,219,444,0,0,0.000276944364026269
592,448,445,0,1,0.7837401644534461
593,95,446,0,0,0.08583042117042367
594,104,447,0,0,0.07665536261267322
595,3,448,0,0,0.018242355845363222
596,449,114,0,0,0.0012860975153052296
597,450,449,0,0,0.4654834153839297
598,451,140,0,0,0.0011854639482172203
599,413,450,0,0,0.0014277329556118287
600,75,451,0,0,0.0027120999298523023
601,452,452,0,0,0.004440381433356974
602,453,319,0,0,0.00029309215748005976
603,243,331,0,0,0.0008070962799750668
604,80,339,0,1,0.5485742838552083
605,454,453,0,0,0.05734783087341722
606,447,23,0,1,0.6916625654261597
607,455,454,0,0,0.0005161694752925811
608,456,455,0,1,0.7098015457849948
609,457,456,0,0,0.0004574990658746955
610,458,308,0,0,0.0029808624717592336
611,332,457,0,0,0.0003610842816491994
612,459,268,0,0,0.1856732275591483
613,294,458,0,0,0.05734352993943774
614,460,459,0,0,0.04046187141668564
615,197,460,0,0,0.0002439284243956376
616,75,34,0,0,0.0006189187674475394
617,461,25,0,1,0.6937631665351666
618,462,461,1,0,0.4004064127070584
619,161,229,0,1,0.7032002976011184
620,463,462,1,1,0.7368207076283945
621,460,417,0,0,0.0017266177114484535
622,76,463,0,0,0.003389993355721391
623,143,12,0,0,0.0027326798845019405
624,255,464,0,0,0.06655889762093384
625,464,129,0,0,0.12835461486221034
626,324,201,0,0,0.0002510968831769996
627,465,310,0,0,0.008306542936032281
628,139,108,0,0,0.4389509523338401
629,304,341,0,1,0.6930749305643346
630,466,87,0,0,0.4204340708878898
631,72,393,0,1,0.646590808796359
632,467,100,0,0,0.14063793136302138
633,325,55,0,1,0.567025070326951
634,468,465,0,0,0.0009998444886207495
635,463,368,0,0,0.0007318254596773859
636,469,466,0,1,0.6779523163145939
637,470,210,0,1,0.5211116835391916
638,385,115,0,0,0.00023658628048961705
639,173,467,0,0,0.004186377780309446
640,471,468,0,0,0.0013678877806059984
641,410,469,0,0,0.0016935369139787681
642,388,375,0,0,0.21365698348620316
643,472,470,1,1,0.6964178002540465
644,473,24,0,0,0.00040539601209231676
645,241,74,0,0,0.07040835084033613
646,462,178,0,0,0.0005780561635648698
647,474,87,0,0,0.00139698964338979
648,475,270,0,0,0.013397395147812267
649,476,462,0,0,0.00033316155930284476
650,477,2,0,0,0.00046196893328716114
651,166,106,0,1,0.6990667335434678
652,263,471,0,0,0.012054516471048635
653,478,472,0,0,0.0016116885474139558
654,479,473,0,0,0.0005486358276758932
655,6,232,0,1,0.7814976039720688
656,13,292,1,0,0.07519163625935815
657,104,474,0,0,0.16698064503028973
658,258,475,0,0,0.0021079385902133775
659,435,476,0,1,0.6748436491326486
660,480,350,0,1,0.6435257619377613
661,481,477,1,1,0.7186416410936044
662,482,408,0,0,0.00034891304521980794
663,483,478,0,0,0.19192364284222407
664,358,469,0,0,0.04030122385147635
665,484,479,0,0,0.19619994784182346
666,485,480,0,0,0.012982127479024637
667,367,77,0,0,0.0019575499375500513
668,279,481,0,0,0.000319962242823719
669,486,211,0,0,0.0028065631089896964
670,7,482,0,0,0.0018598116120422282
671,487,459,0,0,0.0014617863039230808
672,210,261,0,1,0.7055658763801287
673,252,483,0,0,0.21981521613582766
674,173,388,0,0,0.0005106338946843203
675,166,484,0,0,0.29020194110979647
676,488,485,0,0,0.14912987637185143
677,489,317,0,0,0.0006481597745691828
678,260,148,0,1,0.7785191680767325
679,164,486,0,0,0.004759657146702653
680,490,487,0,0,0.24816980174957767
681,491,488,0,0,0.016434722773740983
682,267,59,1,1,0.6409388047105239
683,300,119,0,0,0.0017076332676799041
684,492,403,0,0,0.0013938172384697176
685,103,453,1,0,0.48213135972607096
686,400,489,0,0,0.0003494550162362797
687,493,490,0,0,0.0031588498038742224
688,14,491,0,0,0.004778712861016755
689,494,492,0,0,0.01383863221961613
690,190,493,0,0,0.008353429363637215
691,495,494,0,0,0.32550742769255386
692,296,495,0,0,0.000495428120941088
693,474,496,0,0,0.012962442019353718
694,496,497,0,0,0.05185644172303894
695,497,274,0,0,0.11909982066047929
696,160,498,0,0,0.0012388518261845557
697,98,499,0,0,0.0031421298427316284
698,484,261,0,0,0.0008384037878357688
699,273,47,0,0,0.0009114240180433722
700,498,401,0,1,0.5671948645207476
701,339,225,0,1,0.5633510837905937
702,499,500,0,0,0.03798426661317999
703,297,501,0,0,0.4468382210401897
704,497,182,0,0,0.4039712024159037
705,78,250,0,1,0.6515461352249994
706,0,502,0,0,0.0007101666984364285
707,383,262,0,0,0.002850350444914635
708,500,503,0,0,0.008920564496830466
709,456,385,0,1,0.7738122314962048
710,501,334,1,1,0.814842431573596
711,502,73,0,0,0.0029841991147825635
712,452,504,1,1,0.8276969237262469
713,503,505,0,0,0.021797576950704355
714,375,311,0,0,0.0005309901139819318
715,504,506,0,0,0.0004907423619110189
716,170,373,0,0,0.000681853133724047
717,406,507,0,0,0.001932858393832972
718,505,508,0,0,0.022136970951457554
719,383,509,0,0,0.00320710128275267
720,506,510,0,0,0.07704646986999929
721,102,511,0,0,0.0037367600127311577
722,112,104,0,0,0.0004469289788452109
723,507,261,0,0,0.0006333251413912469
724,508,512,0,0,0.0013621211144970121
725,213,254,0,0,0.04756193147374493
726,509,513,0,1,0.7253133558458569
727,510,514,1,1,0.6619430477289208
728,415,292,0,0,0.0003840846644332991
729,15,515,0,0,0.0006845121587416708
730,406,516,0,0,0.0009647622448959779
731,184,307,0,0,0.42536169461085793
732,511,517,0,0,0.0009353670514863226
733,13,403,0,0,0.4227696434103105
734,260,88,0,0,0.001733506096275044
735,512,518,1,1,0.605098724453579
736,513,510,0,0,0.0016360447495813932
737,504,252,0,0,0.0006447732177329708
738,514,31,0,0,0.0006729002587485638
739,515,519,0,1,0.5232595002021128
740,516,520,0,0,0.2351392442574698
741,188,476,0,0,0.0012552419492666677
742,117,521,0,0,0.00162671656430135
743,517,147,1,1,0.8844306280035416
744,35,522,0,0,0.31083959225778585
745,518,523,0,0,0.00027715313163881376
746,136,524,0,0,0.0008177016422988892
747,519,525,1,1,0.7969134686280737
748,520,526,0,1,0.6969453014258292
749,177,238,0,0,0.0004205590143667671
750,521,406,0,0,0.0003581740923037606
751,522,195,0,0,0.0009958647255784165
752,523,527,0,0,0.0006958223215102992
753,524,123,0,0,0.0028163434185388297
754,506,421,0,0,0.10073736427958419
755,525,528,0,0,0.010539810137231116
756,526,286,0,0,0.012265058829039601
757,524,138,0,0,0.0024511931819219982
758,527,94,0,0,0.007088671409914545
759,528,485,0,0,0.0004574990658746955
760,529,529,0,0,0.0018507038737270653
761,402,530,0,0,0.008253926632034437
762,530,531,0,0,0.22063834717128938
763,150,304,0,1,0.5703876083481897
764,393,178,0,0,0.1929684726714345
765,212,532,0,0,0.00040322640312334473
766,531,533,0,0,0.16196240423935504
767,532,534,0,0,0.0011436684897990418
768,533,153,0,0,0.006560293569739255
769,217,535,0,0,0.0321015751659813
770,328,425,0,0,0.0014626997258125024
771,405,309,1,1,0.6559377896911954
772,119,319,0,0,0.0003446314357636384
773,534,258,0,1,0.6237855026337924
774,535,536,0,0,0.0352505720401889
775,536,537,0,0,0.0018368755614986817
776,537,63,1,1,0.6018002331931326
777,128,479,0,0,0.0007621441575548585
778,166,538,0,0,0.1547641975972065
779,538,539,0,0,0.0843630059193516
780,539,540,0,0,0.0006709586034091596
781,432,87,0,0,0.00035840764997659673
782,540,541,0,0,0.0028028297660801205
783,1,197,0,1,0.6804022216209897
784,541,167,0,0,0.0012852396005879555
785,542,542,0,0,0.00044311520864852847
786,87,100,0,0,0.17354666026897772
787,468,216,0,0,0.0006094544365486909
788,199,543,0,0,0.3081500053003643
789,189,91,0,0,0.00044236674955977685
790,81,343,0,0,0.011452245780177214
791,543,80,0,0,0.00039475942545940475
792,544,544,0,0,0.0006318576312558418
793,183,102,0,0,0.006386459963384814
794,111,541,0,0,0.01335124630663357
795,399,119,0,0,0.00474645347839603
796,545,226,0,0,0.0002875932335419631
797,149,282,0,1,0.7982199402868964
798,546,101,0,0,0.03216831720980996
799,185,545,0,0,0.0028500510165000888
800,547,244,0,0,0.0005548801148438303
801,548,546,0,0,0.00046826232693572404
802,10,547,0,0,0.2443944348158219
803,427,72,0,1,0.6467461089425675
804,430,548,0,0,0.022969358557555126
805,467,549,0,0,0.0005270490897475802
806,137,550,0,0,0.008393234632497065
807,368,289,0,0,0.2235246232386714
808,549,194,0,0,0.0008461357769388797
809,550,243,0,0,0.008367952202558726
810,66,256,0,0,0.0001949657686720109
811,551,551,0,0,0.002486359372052479
812,241,552,0,0,0.003351393739649318
813,552,553,0,0,0.3904136983216009
814,160,380,1,1,0.8070530398272742
815,454,432,0,0,0.04039702471657824
816,489,233,0,1,0.6334813588089585
817,42,387,0,0,0.0022725582455892573
818,546,554,0,0,0.13686170775360496
819,17,93,0,1,0.7034012488474539
820,553,555,0,0,0.0013884853131345013
821,554,556,0,0,0.010871349721344781
822,81,340,0,0,0.05583098355051572
823,322,407,0,0,0.002241020233133423
824,555,148,0,0,0.01575831724390082
825,187,557,0,0,0.001324171932822455
826,556,429,0,0,0.0007091768048989964
827,150,256,0,0,0.2747596539485585
828,273,558,0,0,0.18446550905046585
829,557,474,0,0,0.0008251889930885504
830,558,559,0,0,0.0006403148168535474
831,424,74,0,0,0.000624639831294847
832,436,158,0,0,0.012062614562783583
833,174,560,0,1,0.5038450444973097
834,559,91,0,0,0.0003947712788284878
835,560,226,0,0,0.03331773395610337
836,561,561,1,1,0.757799386495827
837,472,220,0,0,0.0008783732749072053
838,511,562,0,0,0.0014463896720297393
839,368,563,1,1,0.7683781451298205
840,148,564,0,0,0.07916172121369938
841,562,433,0,0,0.014182693852394058
842,294,565,0,0,0.0011495572811454956
843,360,49,0,0,0.0009174186135080233
844,290,566,0,0,0.014687600512346789
845,82,16,0,0,0.277551838324833
846,563,567,0,0,0.0013672451361965005
847,39,568,0,0,0.0002875932335419631
848,564,569,0,0,0.10662605207492477
849,565,397,0,0,0.0006880632610230142
850,566,549,0,0,0.046210982742921826
851,513,570,0,0,0.0019241296935550293
852,533,556,0,1,0.762951770965699
853,205,192,0,0,0.0005353372552002894
854,567,571,0,0,0.016325974668859128
855,2,196,0,0,0.012279802611166204
856,465,261,0,0,0.26158199863576387
857,352,572,0,1,0.6505267067247729
858,446,158,1,1,0.7165272546431011
859,568,507,0,0,0.0014912061824092064
860,158,539,0,0,0.15245215551309046
861,261,573,0,0,0.09927923755646838
862,569,454,0,0,0.03905324654722408
863,570,226,0,0,0.040889699998645
864,571,574,0,0,0.0003039854036674236
865,86,231,0,0,0.0014500702868620147
866,572,575,0,1,0.7558592114935782
867,573,576,0,1,0.6647807832464266
868,53,577,0,0,0.0002929184723554012
869,478,578,0,0,0.0012969612654946771
870,574,579,0,1,0.7577581544234558
871,296,580,0,0,0.0004412867507397006
872,179,581,0,0,0.12114353925726176
873,21,111,1,1,0.7487210714134271
874,575,582,0,0,0.0006769238308148415
875,514,245,0,0,0.0034388657812982493
876,422,90,0,0,0.002261385472718472
877,365,583,1,1,0.8315972288787585
878,33,221,0,0,0.003439400585190262
879,536,584,0,0,0.00031114200907970247
880,319,356,0,0,0.04262457950832722
881,359,492,0,1,0.7099757486717487
882,389,250,0,0,0.0004010755767787735
883,226,585,0,0,0.030372895024032117
884,517,192,0,0,0.0004893598238180503
885,93,457,0,0,0.0002662598854514499
886,354,586,0,1,0.5223565854420287
887,573,587,0,0,0.08501630982427519
888,576,588,0,0,0.0015479768853411285
889,577,589,1,1,0.8091371401385992
890,262,100,0,0,0.03516685936793896
891,207,25,0,0,0.2118297347294705
892,17,590,1,1,0.736607359683503
893,179,114,0,0,0.000467606500250701
894,389,591,0,0,0.0020697216693639307
895,578,125,0,0,0.0009530274094349935
896,42,592,0,0,0.02357518792027502
897,262,593,0,0,0.0019347061299139353
898,579,594,0,0,0.0007180087742637653
899,33,180,0,0,0.0006091305495598121
900,148,166,0,0,0.0002875932335419631
901,580,94,0,0,0.005991498475830724
902,277,595,0,1,0.7740191966187266
903,250,596,0,0,0.0003513140382935128
904,581,394,0,0,0.19608344237186337
905,182,597,0,0,0.09459655895862687
906,290,494,0,1,0.6160361514411705
907,217,177,0,0,0.019307952804101358
908,582,330,0,0,0.0007885234386559384
909,362,161,0,0,0.0011353452452922388
910,583,176,0,0,0.0008428249540761831
911,584,598,0,0,0.026945247340088612
912,205,587,0,0,0.011867530504280042
913,41,150,1,1,0.7085274794463992
914,560,599,0,0,0.42132824377326583
915,217,600,0,0,0.0007221503435809812
916,148,601,0,0,0.09305022124875242
917,461,365,0,0,0.001401093217319016
918,412,341,0,0,0.018731386618450398
919,140,479,0,0,0.004986371942311491
920,518,602,0,0,0.02873021056295714
921,585,603,1,1,0.7546934171412577
922,586,484,0,0,0.006817837999314358
923,507,596,0,0,0.0002439284243956376
924,270,604,0,1,0.7219650132640176
925,587,476,0,0,0.002593000453271946
926,588,605,0,0,0.0004864607524548493
927,28,14,0,0,0.001612926978224648
928,230,199,0,0,0.0011240358604200475
929,214,606,0,0,0.0032544034075771516
930,168,607,0,0,0.0035438323304784742
931,563,420,0,0,0.01718340174711166
932,421,608,0,1,0.7532013286595932
933,589,609,0,0,0.00029921962640713
934,590,610,0,0,0.24033423395106568
935,491,611,0,0,0.0002880345244570945
936,259,25,0,0,0.009759788033573268
937,583,612,0,0,0.020455431036082494
938,591,613,0,0,0.3332852909057513
939,592,614,0,1,0.5887526003783319
940,171,269,0,0,0.13697696881532698
941,511,615,0,0,0.0011308708190745822
942,367,401,0,0,0.0012562698708666856
943,593,566,0,0,0.0029420726165830836
944,298,616,0,0,0.00044339449925039965
945,306,617,0,1,0.7405134912861304
946,585,618,0,0,0.0017163610410624072
947,594,619,0,0,0.01580107153180265
948,106,395,0,0,0.0008435257351798126
949,595,538,0,0,0.012151731067885698
950,596,421,0,0,0.0006107858687473264
951,5,620,0,0,0.009354286680970212
952,142,621,0,0,0.0025323924406347644
953,597,521,0,0,0.010383054140564174
954,14,622,0,0,0.042456664959260475
955,363,513,0,0,0.003353424306407814
956,598,623,0,0,0.0027999629905079344
957,5,436,1,1,0.7364019492323974
958,132,624,0,0,0.0019195689102968019
959,599,625,0,1,0.5074166871281693
960,568,544,0,0,0.0006296102154585204
961,315,522,0,0,0.12152565251527783
962,600,52,0,0,0.0059792694198086815
963,601,603,0,0,0.000392745059526323
964,602,626,0,0,0.01747829324649258
965,474,499,0,0,0.0009118607814479872
966,83,521,0,1,0.7284584376451301
967,603,428,0,0,0.02030393596377962
968,604,627,0,1,0.5500874206524946
969,457,126,0,0,0.0013699316569659279
970,605,628,0,0,0.004192002298144499
971,606,255,0,0,0.004701810267770486
972,607,629,0,0,0.31844928847339704
973,608,630,0,0,0.001213137025432541
974,342,133,0,0,0.0029222862501067075
975,609,631,0,0,0.10943585306722561
976,149,632,0,1,0.6783576177750339
977,221,146,0,0,0.08102772149808853
978,118,147,0,0,0.26297351737137403
979,545,49,0,0,0.0009283118596953871
980,225,299,0,1,0.7262391569299002
981,610,164,0,0,0.46147135133493966
982,611,559,0,0,0.006748225643293597
983,565,633,0,0,0.0007361327192841646
984,51,634,0,0,0.00010894488716359026
985,235,534,0,0,0.0012709380766852435
986,612,635,0,0,0.0004574990658746955
987,319,630,0,1,0.5634451313115638
988,98,108,0,1,0.6222688092111133
989,490,211,0,0,0.010440033659767787
990,146,636,0,0,0.00040547323052911267
991,242,637,0,0,0.0407812833818779
992,530,638,0,0,0.0008108889088266997
993,42,225,0,1,0.7791548704713115
994,613,637,0,1,0.7619230938371317
995,103,639,0,0,0.0007740967552179693
996,195,225,0,0,0.0017697484620156814
997,614,640,0,0,0.0003878103886584763
998,126,341,0,0,0.021163683348957258
999,93,641,0,0,0.000833789548329624
1000,359,477,0,0,0.045406385606656406
1001,56,4,0,0,0.002366317942272816
1002,615,642,1,1,0.6560611595597317
1003,532,550,0,0,0.0033261624331203114
1004,616,643,0,0,0.07756529085251249
1005,416,170,0,0,0.006605293970921911
1006,518,644,0,0,0.4600963195268072
1007,617,171,0,0,0.0013917663539925451
1008,618,254,0,0,0.3454213904747694
1009,619,645,0,1,0.7859918706202468
1010,202,67,0,0,0.21031106213414838
1011,54,439,0,0,0.26038414530351806
1012,620,625,0,0,0.18982239637018425
1013,96,646,0,1,0.5151461529034661
1014,621,507,0,0,0.003274297922489499
1015,622,233,0,1,0.5565079752072026
1016,623,529,0,0,0.004043957482802078
1017,624,587,0,0,0.3838408386351083
1018,442,134,1,1,0.6692989335324492
1019,512,506,0,0,0.03494708555298673
1020,625,647,0,0,0.0006043849383111822
1021,626,480,0,0,0.027055795180490456
1022,382,353,0,0,0.010136265977307355
1023,627,648,1,1,0.7471062535542284
1024,628,302,0,1,0.5674710435345147
1025,165,649,0,0,0.01647796526761584
1026,629,629,0,0,0.00033813099540852147
1027,392,19,0,1,0.6444595068575103
1028,587,113,0,0,0.0007387127007470909
1029,630,650,0,0,0.10030890765566046
1030,376,198,1,1,0.7205048063426266
1031,89,651,0,0,0.038793113189136405
1032,631,652,0,0,0.22527893339619426
1033,128,9,0,1,0.6783323197560789
1034,84,653,0,0,0.0008417626904636564
1035,632,314,0,0,0.030541026362809184
1036,124,654,1,1,0.9062770517551081
1037,375,655,0,1,0.7986517102774022
1038,633,31,0,0,0.0006027527715798237
1039,309,656,0,0,0.001094371576726392
1040,184,206,0,1,0.6294323860842523
1041,634,357,1,0,0.40780174476129716
1042,569,78,0,0,0.053206801254505054
1043,562,215,0,0,0.0014518413528471757
1044,635,260,1,1,0.8365750044934995
1045,636,543,1,0,0.4978088230293957
1046,510,284,0,0,0.0013568952281504082
1047,637,657,0,0,0.0013549379723134028
1048,414,658,1,0,0.47052815325695585
1049,415,659,0,0,0.006122062447022547
1050,296,84,0,0,0.0009974867201119903
1051,638,660,0,0,0.22731669034676344
1052,210,33,0,0,0.0009041973809529789
1053,410,661,0,0,0.0004795117156539209
1054,583,662,0,0,0.0007771440834237866
1055,639,458,1,1,0.5573671664983234
1056,626,189,0,0,0.0003472926994854798
1057,87,663,0,0,0.013805716541709116
1058,531,86,0,0,0.0006913210665084828
1059,322,233,0,1,0.7735503415744912
1060,385,649,0,0,0.0007002765998595084
1061,640,428,0,0,0.00828740647968279
1062,641,664,1,1,0.6696237384622208
1063,466,176,1,1,0.7434575374637131
1064,152,665,0,0,0.12593632408442246
1065,202,666,0,0,0.0002510968831769996
1066,32,309,0,0,0.0008126435650237713
1067,642,11,0,0,0.00038039762190679184
1068,643,667,0,0,0.49848766600221067
1069,425,479,0,0,0.0005751786190066413
1070,644,221,0,0,0.12575465053606563
1071,631,336,0,0,0.0004111396293986751
1072,183,205,0,0,0.019681653036461827
1073,458,668,0,0,0.4587665976898181
1074,629,193,0,0,0.0007597653804741196
1075,645,669,0,0,0.015030818790134143
1076,199,670,0,0,0.04716531776408545
1077,105,565,0,0,0.018630210523848553
1078,196,113,0,0,0.06017104177786405
1079,628,462,0,0,0.0003039854036674236
1080,114,94,0,1,0.7335430275099308
1081,521,551,0,0,0.06694113496372979
1082,646,386,0,0,0.0005876357840735101
1083,647,276,0,0,0.0013297139550373963
1084,493,343,0,0,0.000890912428269706
1085,90,671,0,1,0.7137537407770196
1086,648,0,0,0,0.06340605042426622
1087,7,75,0,0,0.19385347670905392
1088,649,377,0,0,0.00339038835406541
1089,631,672,0,0,0.0003513140382935128
1090,411,47,0,0,0.0009754260170846865
1091,160,223,0,0,0.0030090081628054636
1092,299,673,0,0,0.34149301268960597
1093,345,623,1,1,0.573779234048054
1094,650,454,1,1,0.6252524614189329
1095,651,619,1,1,0.6923271200644676
1096,652,495,0,1,0.7295317138211246
1097,409,674,0,0,0.046076952318293764
1098,298,675,0,0,0.0008507950339094256
1099,87,271,1,1,0.7594549551302066
1100,653,170,0,1,0.7360605850150092
1101,136,148,0,0,0.019533579880495457
1102,417,125,0,0,0.012619415187482854
1103,411,120,0,0,0.00044952362158937525
1104,492,486,0,0,0.0021866607424994573
1105,654,106,0,1,0.6965120453549639
1106,655,676,0,0,0.058371851587774186
1107,62,476,0,0,0.049101126505701774
1108,656,317,0,0,0.001119676652387955
1109,496,677,0,0,0.012262689956202746
1110,281,678,0,1,0.5922293022793834
1111,657,679,0,0,0.001856277771125164
1112,658,339,0,1,0.6108437305950606
1113,659,680,1,1,0.666094845399092
1114,37,245,0,0,0.0006557329725691778
1115,660,681,0,0,0.0004082033674274619
1116,488,682,0,0,0.012018833074398
1117,661,221,0,0,0.0005129074610948491
1118,644,425,0,0,0.0012617923414194978
1119,651,669,0,1,0.6537190084762418
1120,662,73,0,1,0.6408234747506211
1121,34,575,0,0,0.000700397211125845
1122,420,6,0,0,0.0021674184608098603
1123,644,438,0,0,0.0006974776295539401
1124,42,569,0,0,0.11688798599362916
1125,347,34,0,1,0.5552724119948768
1126,79,136,0,0,0.002058463297943433
1127,663,358,1,1,0.8059534525666602
1128,664,683,0,0,0.015925588491056412
1129,665,684,0,0,0.0008712352384698564
1130,71,16,0,0,0.004418343239589105
1131,666,529,0,0,0.0020424005210501438
1132,667,637,0,0,0.0011773229731257785
1133,456,453,0,1,0.6892960386298789
1134,518,685,0,1,0.8782346858538546
1135,379,686,0,0,0.0003773584333862439
1136,474,383,0,0,0.0016251633567631123
1137,380,278,0,0,0.010621969680006182
1138,415,653,0,0,0.0009856292059944845
1139,220,505,0,1,0.8118147962634659
1140,668,381,0,0,0.0004894856795627055
1141,145,687,0,0,0.02988888347927373
1142,669,688,0,1,0.6625876760259116
1143,670,379,0,0,0.0005223757634486817
1144,499,671,0,0,0.0008641624121363588
1145,84,689,0,0,0.004740668081204039
1146,566,690,0,0,0.11782133337810462
1147,671,475,0,1,0.510759471838691
1148,661,391,1,1,0.7244064821287286
1149,672,408,0,0,0.000826909372023081
1150,305,653,1,1,0.7017497198734587
1151,673,274,0,0,0.0006429046234502421
1152,243,691,0,1,0.6622237060838932
1153,408,692,0,0,0.0010594619813942385
1154,119,153,0,0,0.005599163305769896
1155,34,181,0,0,0.0007387127007470909
1156,99,693,0,0,0.012704877013159463
1157,558,694,0,1,0.799249256438085
1158,674,279,0,0,0.0006533916671384622
1159,424,695,0,0,0.0006781270621905216
1160,229,523,0,0,0.00034891304521980794
1161,320,68,0,0,0.0011679771156506515
1162,675,696,0,0,0.003897675756027083
1163,150,697,0,0,0.0013769409275834
1164,98,74,0,0,0.0008467788466242864
1165,652,222,0,0,0.011192567319936673
1166,676,698,0,0,0.02188010790268209
1167,325,517,0,1,0.5294012979525261
1168,188,699,1,1,0.631584676180518
1169,164,700,0,1,0.6601190778910244
1170,328,557,0,0,0.0867675200407737
1171,677,0,0,0,0.001921752919455906
1172,678,66,0,0,0.47742715791960194
1173,679,701,0,1,0.7683669036264321
1174,223,348,0,0,0.12183497274992314
1175,678,503,0,0,0.0004574990658746955
1176,168,119,0,0,0.0005132828613118754
1177,513,702,0,0,0.0005620965426421613
1178,680,483,0,0,0.035135372942673423
1179,681,703,0,0,0.00048068303784295466
1180,539,349,1,0,0.29067397760120267
1181,564,20,0,0,0.00105353648519864
1182,460,104,0,0,0.0035201987743762432
1183,454,704,0,0,0.05138450675019271
1184,224,705,1,1,0.8317265250296715
1185,682,619,0,0,0.42484017058929685
1186,609,181,0,0,0.013107042879851786
1187,683,706,0,0,0.001943724817753377
1188,42,75,0,0,0.4078503207313866
1189,235,94,0,0,0.12073684980512449
1190,92,67,0,0,0.02810296400102773
1191,179,242,0,0,0.12894528552547535
1192,469,390,0,0,0.0028071539803787094
1193,684,607,0,0,0.0006026061662276126
1194,475,707,0,0,0.0003434218625557863
1195,187,686,0,0,0.0010961830626377927
1196,163,331,0,0,0.018437122411153764
1197,569,403,0,0,0.006852258754835625
1198,655,355,1,1,0.6777912168392084
1199,685,708,0,0,0.16426520371307354
1200,281,435,0,0,0.001406110864971311
1201,335,709,0,0,0.0008662207311365962
1202,76,710,0,0,0.11729731200204606
1203,686,262,0,1,0.6211829012241555
1204,222,674,0,0,0.01590939989570778
1205,687,711,0,1,0.5045732592820761
1206,136,712,0,1,0.5939913067976659
1207,688,713,0,0,0.00402057586215211
1208,689,648,0,1,0.8602568919486246
1209,460,177,0,0,0.09442065960713907
1210,88,714,0,0,0.00046468611344920475
1211,690,715,1,1,0.8538456663351585
1212,456,616,0,0,0.0019337512953650916
1213,462,435,0,0,0.0020060384335750976
1214,441,716,0,0,0.10931174572501876
1215,564,671,0,0,0.1262963657411613
1216,33,717,1,1,0.9248396092593599
1217,42,718,0,0,0.0036702494639299444
1218,384,651,0,0,0.015854200209593862
1219,691,719,0,0,0.0014182564282964175
1220,522,720,0,0,0.0012857024912129452
1221,692,721,0,0,0.0017619639852225932
1222,669,357,0,0,0.3397502006604607
1223,514,478,0,0,0.01277727051326152
1224,448,614,0,1,0.6184130677885175
1225,71,425,0,1,0.7706561652110686
1226,353,722,0,0,0.0005474530994447386
1227,555,386,0,0,0.0022365196914636166
1228,27,389,0,1,0.7631706864411748
1229,693,640,0,0,0.00046826232693572404
1230,49,540,0,0,0.0004187080702827806
1231,694,171,0,1,0.5701206201268297
1232,330,723,0,0,0.00338579681754624
1233,568,623,0,0,0.0006929258996411155
1234,51,724,0,0,0.0014208301031967856
1235,695,156,0,0,0.003996616779285976
1236,696,100,0,0,0.0008810139359336813
1237,204,73,0,0,0.4886814701255402
1238,388,218,0,1,0.7029702469090889
1239,491,473,0,0,0.00027714127826973067
1240,21,526,0,0,0.05279438602109078
1241,697,725,1,1,0.7162375397855434
1242,698,424,1,1,0.5577443786936551
1243,699,726,0,0,0.0003792827071683247
1244,700,190,0,1,0.691222983944478
1245,645,727,0,1,0.7919559450630866
1246,327,148,0,0,0.0008624326777304067
1247,225,402,0,1,0.8446685513798816
1248,335,575,0,1,0.7590573614128967
1249,701,629,0,0,0.03293775522968172
1250,427,728,0,0,0.32286825907175154
1251,702,235,0,0,0.0032137318132001557
1252,300,498,0,0,0.04482146366619732
1253,96,618,0,0,0.002690040420670293
1254,139,39,0,0,0.06840773690610016
1255,703,729,0,0,0.0014805281808209824
1256,704,54,0,0,0.005506636077711669
1257,705,241,0,0,0.0004965672915651968
1258,547,538,0,0,0.0011648742661557717
1259,706,730,0,0,0.026759295848826668
1260,707,513,0,0,0.0008765858827821688
1261,55,731,0,1,0.6298003179208148
1262,301,550,0,0,0.0028633132056332788
1263,660,732,0,0,0.3390595884735273
1264,281,684,0,0,0.03645484243161115
1265,708,733,0,0,0.010872180706138402
1266,709,63,0,0,0.045488603527428326
1267,35,509,0,0,0.003280543925399833
1268,40,212,0,0,0.003968492154716556
1269,217,695,0,1,0.7075296217534767
1270,710,378,1,1,0.6441714287475554
1271,619,556,0,1,0.717078531119955
1272,690,60,0,0,0.021186943355210174
1273,711,632,0,0,0.08301535422734116
1274,506,534,1,1,0.8771429178438901
1275,544,101,0,0,0.0011769959116901018
1276,312,51,0,0,0.011745730277792804
1277,263,697,0,0,0.012410901655360868
1278,663,734,0,0,0.006701845585578192
1279,37,735,0,0,0.012824644010781918
1280,614,476,0,0,0.13091894337431118
1281,426,736,0,0,0.17314445173628049
1282,712,687,0,0,0.10246670005188578
1283,450,230,0,0,0.0007539017870300617
1284,380,410,0,0,0.020609205229367752
1285,534,633,0,0,0.0007965628846799273
1286,8,623,0,0,0.00145636017764776
1287,677,737,0,0,0.010460396029616395
1288,225,704,0,0,0.000951799100627905
1289,560,500,0,0,0.000643122655801118
1290,231,724,0,0,0.00404617073978506
1291,399,733,0,0,0.06300983083302286
1292,713,285,0,0,0.0017126424425988127
1293,23,738,0,1,0.6805381543930542
1294,108,614,0,1,0.6585139591165433
1295,714,739,0,0,0.0028015231391883256
1296,418,582,1,1,0.666362681439044
1297,319,740,0,0,0.0009501744813660345
1298,124,24,0,0,0.0005513511998799718
1299,643,733,0,1,0.6658647162855634
1300,683,741,0,0,0.0025011195283376007
1301,347,599,0,0,0.056528686382498534
1302,299,537,0,0,0.00034738168227616044
1303,379,411,1,1,0.7310575841658559
1304,715,559,0,0,0.031944775771346315
1305,698,440,0,0,0.013232976748209271
1306,531,742,0,0,0.0005785713218807004
1307,44,483,0,1,0.7639366264288454
1308,539,438,0,0,0.003724071634427712
1309,400,478,0,0,0.002594753208651909
1310,133,206,0,0,0.000753651980950674
1311,185,572,0,0,0.0011671941766543037
1312,490,643,1,1,0.6924385604020639
1313,56,743,0,0,0.0006289488291937445
1314,43,120,0,0,0.0004082033674274619
1315,656,401,0,0,0.0010335686665472637
1316,364,548,1,1,0.8201301557916264
1317,716,744,0,0,0.006576529636002676
1318,635,555,0,0,0.001888058531623345
1319,383,465,0,0,0.26527640121883844
1320,227,745,0,0,0.004051070547284776
1321,287,746,0,0,0.0005323657622211829
1322,651,223,0,0,0.003839137380324003
1323,661,678,0,0,0.06929008274002436
1324,183,260,0,0,0.0009437434409025456
1325,525,598,0,0,0.0002474795266769809
1326,234,613,0,0,0.009180435560563298
1327,679,270,0,0,0.007232937653461323
1328,266,747,0,0,0.0042456156094855205
1329,717,81,0,0,0.0013465866647279676
1330,718,620,0,1,0.6798437913465264
1331,719,595,0,0,0.286718889859263
1332,720,526,0,0,0.0023400776330629418
1333,422,186,1,1,0.7119223354253006
1334,574,284,0,0,0.0002626425289514312
1335,47,559,0,0,0.0012512178053095137
1336,480,553,0,0,0.0032476973967851853
1337,287,748,0,0,0.0009605389001271211
1338,721,327,0,0,0.0006447732177329708
1339,576,749,0,0,0.05472044344924355
1340,691,750,0,0,0.00043567322138293686
1341,419,621,0,0,0.00028157717859606386
1342,722,751,0,0,0.00046196893328716114
1343,3,421,0,0,0.03141679100140528
1344,723,594,1,0,0.3156899300395316
1345,469,593,0,0,0.04633873218771883
1346,724,377,0,0,0.022671582780612192
1347,668,114,0,0,0.1746382474689257
1348,586,515,0,0,0.0005552165696752852
1349,92,752,0,0,0.0085984404453253
1350,653,283,0,1,0.6964071846955564
1351,725,657,0,1,0.6550195668063273
1352,442,753,0,0,0.0004608330775372411
1353,541,736,0,0,0.0010717581273360982
1354,403,522,0,0,0.29296653013472373
1355,289,239,0,1,0.7004230773992747
1356,726,707,0,0,0.03314608655964193
1357,173,754,0,0,0.0066936291204192245
1358,727,122,0,0,0.0017825709345003014
1359,728,755,0,0,0.000276944364026269
1360,416,634,0,1,0.73466902903303
1361,148,16,0,0,0.0004116502125021397
1362,372,463,0,0,0.10882070699216718
1363,729,263,0,0,0.0024244179720278886
1364,605,756,0,1,0.7488865209939839
1365,714,398,1,1,0.7018210580684152
1366,458,757,1,1,0.7652242932348594
1367,217,37,0,0,0.02962284913965586
1368,730,32,0,0,0.00039136149093981957
1369,731,283,0,0,0.00035064417974605013
1370,551,69,0,0,0.0004574990658746955
1371,258,521,0,0,0.001310166924516146
1372,732,707,0,0,0.00043871038409397357
1373,93,89,1,1,0.7534404217703051
1374,719,515,0,0,0.00106857857157015
1375,600,758,0,0,0.0017692767709119107
1376,654,556,0,1,0.6687163992933456
1377,488,759,0,0,0.0002887456373774259
1378,733,162,0,0,0.2733874831865267
1379,734,760,0,0,0.0005277370596532918
1380,149,65,0,1,0.8138495386012353
1381,326,71,0,0,0.0011959868148300062
1382,501,294,0,0,0.0008610407509888688
1383,570,86,0,0,0.002136671362931923
1384,705,142,0,0,0.00029309215748005976
1385,735,22,0,0,0.0004937927891670331
1386,88,697,0,0,0.0002857500135740392
1387,345,678,0,0,0.0006768111672185109
1388,736,761,0,0,0.0009739109163257358
1389,287,28,0,0,0.015574676274588608
1390,251,762,0,0,0.008025133752653723
1391,232,531,0,0,0.17763625391318297
1392,155,399,0,0,0.037850319063929244
1393,480,104,0,0,0.3480946019343637
1394,409,763,0,0,0.012791945146041211
1395,383,84,0,0,0.001653641899083017
1396,333,335,0,0,0.0004106298368042679
1397,517,379,0,0,0.0005223757634486817
1398,507,585,0,0,0.0015776697932005873
1399,295,589,0,0,0.00196485878171026
1400,441,764,1,1,0.7121120740694801
1401,580,116,0,1,0.5444810260255202
1402,294,178,0,0,0.37306758143057217
1403,9,87,0,0,0.3930260408571413
1404,491,765,1,1,0.5200187501048984
1405,579,351,0,0,0.00304877959166518
1406,526,269,0,0,0.48195071589311067
1407,47,668,0,0,0.012861275587025203
1408,354,379,0,0,0.05594607168079211
1409,737,453,0,0,0.0018123545324894206
1410,391,53,0,0,0.0011475094674919444
1411,738,38,0,0,0.0011200431123259242
1412,697,191,0,0,0.36959270750285905
1413,76,145,0,0,0.00034279821017244423
1414,140,766,0,0,0.001689904014151846
1415,738,125,0,0,0.00037512194621844823
1416,739,598,0,0,0.35502248380782153
1417,617,225,1,1,0.698332520468872
1418,240,108,0,0,0.07113994315674989
1419,677,570,1,1,0.5841698658339464
1420,82,196,0,0,0.0009319773104169338
1421,726,718,0,0,0.00026199012936436344
1422,447,357,0,0,0.33882168633466425
1423,189,606,0,0,0.003783327316593238
1424,182,707,0,0,0.0006395442857968676
1425,378,311,0,1,0.5490994979165165
1426,642,489,1,1,0.6448064644900482
1427,384,214,0,0,0.00718831534713576
1428,80,767,0,1,0.649592256527184
1429,615,218,0,1,0.5803841301352811
1430,402,299,0,0,0.028700865345819594
1431,289,137,0,0,0.000786357431528476
1432,329,768,1,1,0.6398043351625458
1433,84,552,0,0,0.08013543607508296
1434,668,628,0,0,0.02555238785652799
1435,287,769,0,0,0.0007045216546679341
1436,558,554,0,0,0.02802063183351922
1437,434,559,0,0,0.07412254447836986
1438,740,604,0,0,0.0014592889288523186
1439,200,725,0,0,0.004738635196619986
1440,741,770,0,0,0.0024492403816446197
1441,742,362,0,0,0.014873068756288825
1442,743,760,1,1,0.706765500139473
1443,744,550,0,0,0.0007214102009497483
1444,453,320,0,0,0.00037812368976804364
1445,745,433,0,0,0.0012524487288164392
1446,746,494,0,0,0.0002626306755823481
1447,747,499,0,0,0.0007278455385682475
1448,551,379,0,0,0.09929368737050653
1449,748,252,0,0,0.0006852342088513947
1450,508,388,0,0,0.04332618672100799
1451,722,22,0,0,0.002501097448919306
1452,347,177,0,0,0.0008303935045523368
1453,749,735,0,0,0.04111991993795958
1454,88,554,1,1,0.8362076537299992
1455,269,771,0,0,0.3844855065374196
1456,373,179,0,0,0.0009499075746138169
1457,164,676,0,0,0.0036225603409316865
1458,433,336,0,0,0.0015547597622028728
1459,750,142,0,0,0.49314616392920085
1460,707,350,0,0,0.0006954226574570477
1461,350,4,0,0,0.0032381532634492343
1462,751,772,0,0,0.002333483105648735
1463,291,262,0,0,0.3751089294123479
1464,249,729,0,0,0.00046552003556850433
1465,752,155,0,0,0.0006026061662276126
1466,667,188,0,0,0.07538473837583083
1467,438,773,0,1,0.5206224077610877
1468,753,463,0,0,0.00035818594567284365
1469,747,646,0,0,0.00035840764997659673
1470,362,169,1,1,0.7822248555626241
1471,75,774,0,0,0.0017064768732756282
1472,105,775,0,0,0.0458343870132774
1473,37,692,0,0,0.026079323493937122
1474,701,776,0,0,0.006335969892324831
1475,82,777,0,0,0.0004853017350545683
1476,495,30,0,0,0.0005670240398537886
1477,754,639,0,1,0.6432093942728114
1478,754,205,0,0,0.016651727446849326
1479,755,778,0,0,0.0012156747884196797
1480,756,779,0,0,0.0026516116770472246
1481,757,611,1,1,0.5036888435809942
1482,590,210,0,0,0.00031509374160191173
1483,725,322,1,1,0.6535013028926414
1484,758,641,0,0,0.004298442196951632
1485,649,409,0,0,0.442817829997739
1486,480,344,0,0,0.07039718214629011
1487,36,240,1,1,0.5065509783129463
1488,633,62,0,0,0.014734714408696835
1489,541,780,0,0,0.0024477351140880983
1490,125,425,0,0,0.001303475537494534
1491,724,781,0,0,0.002415956666707019
1492,66,782,0,0,0.001065906767132217
1493,759,240,0,0,0.0027420444586863466
1494,760,783,0,0,0.0005932191658393202
1495,461,39,0,0,0.014731292293687642
1496,518,623,0,0,0.0009249826458923759
1497,761,37,0,0,0.0010960670107307427
1498,93,138,0,0,0.16802226425213676
1499,762,23,0,0,0.0005570372191051438
1500,754,64,1,1,0.6844240508680156
1501,763,92,0,0,0.004048649615244285
1502,238,342,0,0,0.04594177349923144
1503,764,94,0,0,0.4269247914594082
1504,409,203,0,0,0.029616619053319707
1505,415,721,0,0,0.1228257145774888
1506,164,488,0,0,0.005958780726306631
1507,666,602,0,0,0.016275965691796013
1508,542,357,0,0,0.024259361910757626
1509,765,210,0,1,0.7470175044904245
1510,588,643,0,0,0.3215402709920212
1511,686,784,1,1,0.7316456480246125
1512,745,509,0,0,0.0870364363751078
1513,711,39,0,0,0.02132157630884046
1514,766,506,0,1,0.6564256535034038
1515,493,785,0,0,0.005988812500444518
1516,767,695,0,1,0.7347883545217897
1517,529,138,0,0,0.21313349332469464
1518,151,167,0,0,0.0003494550162362797
1519,628,767,0,1,0.69419718216178
1520,214,7,0,0,0.003076573207940927
1521,768,261,0,0,0.2091553299181877
1522,769,773,0,0,0.4759518953136845
1523,654,37,0,1,0.6016304107005095
1524,770,424,0,0,0.0012630579970810635
1525,687,395,0,0,0.44040046957246676
1526,359,362,0,0,0.3104027071464991
1527,121,280,0,0,0.00481635014854883
1528,441,786,0,0,0.0004679486109190944
1529,470,787,0,0,0.023531030152880928
1530,405,424,0,0,0.002280314078561568
1531,520,788,0,0,0.0011526542107008816
1532,459,316,0,0,0.1009232934777173
1533,714,165,0,0,0.001065295889624566
1534,396,789,0,0,0.003309303800515937
1535,771,283,0,0,0.0003076334270578781
1536,729,383,0,1,0.7492208567922226
1537,772,588,0,0,0.4614755143452128
1538,205,505,0,0,0.04690284390834562
1539,651,790,0,0,0.0029845797611454477
1540,551,631,0,0,0.031759439002380076
1541,651,791,0,0,0.030584347238169225
1542,773,211,0,0,0.02463381353652299
1543,563,792,0,0,0.0005235768575031015
1544,728,293,0,0,0.0005063213671284518
1545,256,208,0,0,0.0019230114027904335
1546,774,543,0,0,0.40360613086795916
1547,672,793,0,0,0.006112454889861978
1548,775,30,0,1,0.7130100407453449
1549,776,794,0,0,0.05027195516924979
1550,223,770,0,0,0.0016195696661384013
1551,777,721,0,0,0.012568474484097323
1552,522,795,0,0,0.02315265448611096
1553,438,796,0,1,0.5417715195332202
1554,392,292,0,0,0.00043515928181263026
1555,13,133,0,0,0.0016032274229051023
1556,778,769,0,0,0.0012344128814119253
1557,140,171,0,0,0.44632141946457216
1558,526,673,0,0,0.02322548370344759
1559,768,519,0,0,0.0009382336695179029
1560,506,489,0,0,0.0016617343671198228
1561,779,702,0,1,0.6051403532552735
1562,575,797,0,0,0.0005161694752925811
1563,304,465,0,0,0.0029280692838078476
1564,28,105,0,0,0.000566097962493566
1565,139,101,0,1,0.6185676757984518
1566,780,116,0,0,0.22555289379913984
1567,141,798,0,0,0.0017059610103905068
1568,667,581,0,0,0.015533724300561063
1569,781,799,1,1,0.733402215536495
1570,461,800,0,0,0.0015886313457559357
1571,105,559,1,1,0.6750933326997479
1572,367,801,0,0,0.0027693148465434666
1573,219,492,1,1,0.6332072965558401
1574,241,717,0,0,0.0016601949115459356
1575,316,802,0,0,0.0013610201896235457
1576,29,216,0,0,0.12500626305944518
1577,782,250,0,1,0.5927416255537369
1578,639,493,0,0,0.0006997268482556203
1579,502,803,0,0,0.0005674864643468953
1580,429,181,0,0,0.4811116260307003
1581,465,556,0,0,0.01238976760346451
1582,564,804,0,1,0.7500568048426126
1583,468,444,0,0,0.13578917875906316
1584,783,109,0,0,0.0019378490116938349
1585,784,693,1,1,0.7493751901068305
1586,785,281,0,0,0.0008273823549957425
1587,246,207,0,0,0.08012081613301529
1588,786,11,0,0,0.0074712580038947575
1589,209,760,0,0,0.010368256394696613
1590,787,48,0,0,0.048135354530094106
1591,432,330,0,0,0.0013504220583550352
1592,589,416,0,0,0.0009158481618452226
1593,713,381,0,0,0.0017731325998870007
1594,381,360,1,1,0.7731263745943062
1595,788,805,0,0,0.0011493538370414451
1596,789,501,0,1,0.5994783397320526
1597,790,544,0,0,0.001265879277730683
1598,466,79,0,0,0.0007026279468146588
1599,714,806,0,0,0.0031043622032622454
1600,380,300,0,0,0.0011659973078978383
1601,711,624,0,0,0.0014328594372679806
1602,704,710,0,0,0.0006327827814111039
1603,791,371,0,1,0.6447931570355498
1604,17,635,0,0,0.016292868212590846
1605,654,328,0,1,0.7868440063391671
1606,690,8,0,0,0.03787813831801894
1607,509,263,0,0,0.10022031673124288
1608,792,94,0,0,0.0015829922133036695
1609,248,160,0,0,0.0007703120457465619
1610,440,205,0,0,0.18918016764897008
1611,554,237,0,0,0.0032510139451993286
1612,793,708,0,0,0.058249658631969986
1613,58,119,0,0,0.0005688655491095727
1614,794,367,0,0,0.0007740967552179693
1615,465,397,0,0,0.010827321769288367
1616,344,48,0,0,0.38866983971882085
1617,789,58,0,0,0.00033429201396182934
1618,441,717,0,0,0.001063076979933919
1619,725,102,0,0,0.19512711200279906
1620,376,329,0,0,0.012816784396108685
1621,795,807,0,0,0.2978805442553664
1622,358,436,0,0,0.0006669273289952537
1623,291,521,0,0,0.2513211151739953
1624,42,808,0,0,0.000775958167612245
1625,667,99,0,1,0.7744002152947922
1626,796,694,0,0,0.10792083202533209
1627,23,212,0,0,0.01138563122720344
1628,797,348,0,0,0.0004725320830228106
1629,498,249,0,0,0.0038951380926399975
1630,516,148,0,1,0.7995377598857479
1631,119,139,0,0,0.012859893856029198
1632,362,809,0,0,0.015181042278684775
1633,26,219,0,0,0.000643122655801118
1634,344,662,0,0,0.00049547089240987
1635,577,16,0,0,0.0029846422438929376
1636,325,373,0,0,0.4764104563495608
1637,471,355,0,0,0.03330752851825283
1638,712,164,0,0,0.08089792482456913
1639,798,320,0,0,0.0005755550882335505
1640,380,214,0,0,0.19844744367045059
1641,556,663,0,0,0.0015910935308864438
1642,799,810,0,0,0.030739382910638876
1643,589,180,0,0,0.0008941600643148356
1644,800,811,0,0,0.0010020546006076561
1645,70,763,0,0,0.0022574296802742823
1646,192,447,0,0,0.26629982705502586
1647,801,327,0,0,0.00036100077277806294
1648,295,448,0,0,0.0037356177683768644
1649,275,491,0,0,0.1455677796311221
1650,802,36,0,1,0.5632019994473517
1651,7,812,0,0,0.3375319468342207
1652,803,813,0,0,0.00026199012936436344
1653,804,814,0,0,0.007415542378809451
1654,475,815,0,0,0.0007698552342390247
1655,181,183,0,0,0.09352948465881131
1656,681,701,0,0,0.005793444129308951
1657,436,338,0,0,0.011892308476433279
1658,457,816,0,0,0.042992143052606444
1659,141,8,0,0,0.0006830775183465683
1660,805,114,0,0,0.0011658420504574287
1661,683,817,0,0,0.0791417606019828
1662,145,493,0,0,0.16358093260844997
1663,347,818,0,0,0.0023513227278580736
1664,49,87,0,0,0.0037858619763521924
1665,806,719,0,0,0.0006514151832772952
1666,312,689,0,0,0.0002626425289514312
1667,807,819,1,0,0.30745499862750664
1668,348,539,0,0,0.0013565328053312875
1669,253,568,0,0,0.0022339739269014217
1670,808,749,0,0,0.0697180116154664
1671,72,760,0,0,0.0014618081229210251
1672,631,745,1,1,0.9160657266061544
1673,101,24,0,0,0.13656218773978826
1674,744,280,0,0,0.006258331461560329
1675,571,820,0,0,0.0006404554284410882
1676,92,119,0,0,0.0017873542647598188
1677,42,795,0,1,0.5425055171223054
1678,125,507,0,0,0.016114344917290913
1679,757,572,0,0,0.0008642541010279605
1680,746,817,0,0,0.0004573444799578051
1681,187,481,0,0,0.0008496558832231838
1682,88,365,0,0,0.019430153241610307
1683,314,821,0,0,0.005313076848879671
1684,694,155,0,0,0.014563456729658189
1685,170,9,0,1,0.7571307387342044
1686,179,303,0,0,0.0005309901139819318
1687,809,303,0,1,0.5708090184575498
1688,555,294,0,0,0.0004755793596365686
1689,351,822,0,0,0.0004581665141943247
1690,810,823,0,0,0.0003657465333931368
1691,321,12,0,0,0.005148639825300032
1692,188,248,0,0,0.0003403276267664353
1693,609,306,0,0,0.0034608446982496875
1694,81,824,0,0,0.1625546724749429
1695,471,435,0,0,0.053004651929516367
1696,612,290,0,0,0.0027612670773963267
1697,182,462,0,0,0.00035390178703006156
1698,569,382,0,0,0.0002382558119620542
1699,318,66,0,0,0.013972249235141837
1700,811,323,0,0,0.0007608334828439429
1701,24,674,0,0,0.002504147896842636
1702,501,825,0,0,0.00034358132644190083
1703,672,338,0,0,0.0010653363471603177
1704,812,471,0,0,0.0004600734716694857
1705,44,826,0,0,0.0004364069556639813
1706,778,497,0,0,0.00047334858979719834
1707,474,627,0,1,0.6430418767937721
1708,460,409,0,0,0.057429415697148996
1709,12,657,0,0,0.0014128661524981927
1710,359,827,0,0,0.001724679852496268
1711,766,228,0,1,0.6486882459473015
1712,278,94,0,0,0.0022340088071546704
1713,813,49,0,1,0.559986874759226
1714,671,190,0,1,0.6559001308759291
1715,176,168,0,0,0.0010111608353693326
1716,814,828,0,0,0.0006680557303103238
1717,533,106,0,1,0.7708349804122635
1718,815,829,0,0,0.00027714127826973067
1719,169,364,0,0,0.4076956374078518
1720,86,279,0,0,0.030670855956764918
1721,816,112,0,0,0.00025421913258057193
1722,632,200,0,0,0.018332428753821958
1723,40,720,0,0,0.00043515928181263026
1724,817,626,1,1,0.6729038303930461
1725,690,389,0,0,0.0011134812345698303
1726,252,128,0,0,0.0017243979434688327
1727,425,94,0,0,0.0026915212396657544
1728,818,350,0,1,0.6653846697618393
1729,819,104,0,1,0.6581582589135939
1730,54,2,1,1,0.6765149773675294
1731,397,710,0,0,0.0027175131530872477
1732,297,206,0,1,0.7259302012408125
1733,820,830,0,0,0.026131757707738183
1734,217,538,0,0,0.003126919448046624
1735,269,758,0,0,0.0025919363913433553
1736,646,831,0,0,0.0009911249764764827
1737,588,487,0,0,0.35680363614509625
1738,138,832,0,1,0.7210461309194569
1739,313,433,0,0,0.010954054847612853
1740,811,344,0,1,0.7499394060948725
1741,755,535,0,1,0.5988317687694337
1742,319,315,0,0,0.013907756613454825
1743,513,777,0,0,0.013531704409812216
1744,712,833,0,0,0.03296984876048061
1745,247,118,0,1,0.6098200205472368
1746,230,427,0,0,0.0007208896319868908
1747,821,356,0,0,0.03093027979593746
1748,532,300,0,0,0.0014779663720565874
1749,822,49,0,0,0.004844520808752267
1750,80,302,0,0,0.30009329136409874
1751,823,615,0,0,0.22235730348280522
1752,709,571,0,0,0.0019742171450553496
1753,742,501,0,0,0.0006830775183465683
1754,218,834,1,1,0.6562113822734943
1755,636,615,0,0,0.04568045486279396
1756,824,786,0,1,0.5886304071056514
1757,825,286,0,0,0.00033074091168048604
1758,498,242,0,0,0.03945617378194912
1759,308,80,0,0,0.13086803312202522
1760,362,477,0,0,0.0031697167633297795
1761,609,602,0,0,0.013721359570518761
1762,272,720,0,0,0.0006740272466474011
1763,382,80,0,0,0.04958125463282007
1764,826,322,0,0,0.009036520612930022
1765,22,13,0,0,0.0047724973520434765
1766,473,835,0,0,0.0008627852175813065
1767,827,106,0,0,0.001250213006413037
1768,712,767,0,0,0.03976579205282335
1769,577,621,0,0,0.0007684205587630055
1770,760,26,0,0,0.00044588073137599954
1771,495,476,0,1,0.6074156086741642
1772,582,596,1,1,0.7270534602586642
1773,828,445,0,0,0.07199883969897336
1774,829,567,0,0,0.011799028676219424
1775,718,665,0,0,0.32289897199792067
1776,824,700,0,0,0.0011828731513293814
1777,561,690,0,0,0.0003849414536859061
1778,829,836,0,0,0.06505560106588816
1779,830,504,0,0,0.0019916403598713873
1780,720,196,0,0,0.0009010665298009755
1781,232,837,0,0,0.001327985098765743
1782,831,412,0,1,0.5377884819506307
1783,579,529,0,0,0.4531163003663004
1784,446,431,0,0,0.33864455294688656
1785,78,838,0,1,0.5606561225124925
1786,576,63,0,0,0.0008301587096176651
1787,275,433,0,1,0.7159220719785379
1788,355,127,1,1,0.7478996316026647
1789,441,125,0,0,0.04083443655040853
1790,832,435,0,0,0.006670074683416612
1791,625,287,0,1,0.7662320620282363
1792,102,839,0,0,0.0007388422145759801
1793,833,177,1,1,0.7705514973161292
1794,537,514,0,0,0.10472046243236882
1795,808,291,0,0,0.0023120003400098716
1796,596,355,0,0,0.15333101530177676
1797,355,840,0,0,0.3302367796195812
1798,228,101,0,0,0.0009012706584783553
1799,443,655,0,0,0.0007063080748505827
1800,633,841,0,0,0.015631122225573637
1801,141,111,0,0,0.015190299587979815
1802,60,1,0,0,0.030630484050801973
1803,834,706,0,1,0.7379371878431542
1804,687,516,0,1,0.6187704350271683
1805,340,808,0,0,0.00422813094724766
1806,697,326,0,0,0.0024556387428772432
1807,835,115,0,0,0.00042818976308424124
1808,16,842,0,1,0.5392932316925613
1809,741,552,0,0,0.0026978633476781367
1810,11,67,0,0,0.12421687411258103
1811,535,15,0,0,0.01674629699759675
1812,836,843,0,0,0.0021255458341537243
1813,303,730,0,1,0.639338495995391
1814,547,844,0,0,0.005513392351440038
1815,219,303,0,0,0.00046468611344920475
1816,161,427,0,0,0.0030155414383560442
1817,292,744,1,1,0.6809732113267084
1818,625,845,0,0,0.0005641465847165391
1819,533,825,0,0,0.0010693220720787962
1820,837,103,0,0,0.023557947664839568
1821,707,831,0,0,0.0007387127007470909
1822,486,636,0,0,0.009999770406827901
1823,131,462,0,0,0.0008685328505370558
1824,268,320,1,1,0.6711078285552752
1825,838,592,0,1,0.6507318269405552
1826,145,754,0,0,0.01649002968289262
1827,616,294,0,0,0.2266633868660095
1828,43,13,1,1,0.764963222545291
1829,240,100,0,0,0.001070065016912227
1830,839,530,0,0,0.001206593577709236
1831,840,87,0,0,0.34424448677889274
1832,609,562,0,1,0.5724730917724312
1833,290,522,0,0,0.3933390501664118
1834,841,412,0,0,0.0007530908398049763
1835,9,58,0,1,0.6400461531569563
1836,37,326,0,0,0.0007411499900637259
1837,842,416,0,0,0.001944569248888409
1838,493,756,0,0,0.002920930065229121
1839,5,198,0,0,0.07076758114127452
1840,459,321,1,1,0.725764766123335
1841,654,837,0,1,0.7502539076550204
1842,843,134,0,0,0.07931539118268521
1843,377,504,0,0,0.0007479725094942361
1844,397,626,0,1,0.6896539972664503
1845,686,513,0,1,0.7557283486829524
1846,844,751,0,0,0.0017480207253895924
1847,840,92,0,1,0.6467836831536338
1848,536,621,0,0,0.0008812163475235868
1849,731,53,0,0,0.0006931867819010493
1850,562,112,0,0,0.0036456698585378084
1851,645,193,0,0,0.006916587729388534
1852,619,172,0,0,0.0009114240180433722
1853,6,846,0,0,0.0043588334044927035
1854,364,238,0,0,0.0008936573757731512
1855,845,650,0,0,0.0007477388657223731
1856,212,847,0,1,0.5099398471552431
1857,607,687,0,0,0.32482933770719313
1858,334,848,0,0,0.0007295371637205035
1859,778,130,1,0,0.049113061059507884
1860,647,70,0,1,0.7090679694145146
1861,264,849,0,0,0.004877605103717208
1862,657,593,0,0,0.0053165539307945785
1863,846,634,0,0,0.002926237761156472
1864,601,541,0,0,0.0005870971737964433
1865,25,324,0,1,0.5186879032821704
1866,476,163,1,1,0.7159929469791807
1867,145,378,0,0,0.0011605416902735692
1868,577,282,0,0,0.0010889303372888066
1869,187,850,0,0,0.0002439284243956376
1870,234,851,0,0,0.12382136838793438
1871,94,852,1,1,0.7001170635304202
1872,565,197,0,0,0.011209158685526395
1873,148,820,0,0,0.0015326645155742027
1874,380,853,0,0,0.0024383245894351513
1875,790,854,0,1,0.7295317138211246
1876,347,388,0,0,0.23649992281759247
1877,245,153,0,0,0.0885568189708707
1878,25,695,0,1,0.7009152945748679
1879,423,446,1,1,0.7093507159363471
1880,631,851,0,0,0.0010871590694974396
1881,847,243,0,0,0.42938966814173346
1882,232,302,0,0,0.0005618516593817306
1883,369,245,0,0,0.014359544511499268
1884,411,372,1,1,0.6956844645363147
1885,642,370,0,0,0.0035991841577134916
1886,507,450,1,1,0.672333918117064
1887,246,120,0,1,0.7199849062689369
1888,791,781,0,0,0.017050220820413037
1889,282,855,0,1,0.6392794707416991
1890,688,488,0,0,0.0004734367185822765
1891,287,588,0,1,0.6779468543797023
1892,606,819,0,0,0.000637512498546306
1893,817,856,0,0,0.0006071158961093836
1894,489,640,0,0,0.0013949177022986165
1895,848,636,1,1,0.8117935848666198
1896,139,734,0,0,0.0004190280590072829
1897,81,857,1,1,0.6485714611315315
1898,717,314,0,0,0.288297732477789
1899,22,283,0,0,0.0029215981118216124
1900,519,148,0,1,0.7749972100670911
1901,849,103,0,0,0.0007400039371568873
1902,850,751,0,0,0.4401071284579318
1903,588,437,0,0,0.32271039051022016
1904,431,675,0,0,0.003204152151295744
1905,851,785,0,0,0.06527769102623814
1906,410,14,0,0,0.013598592609263658
1907,852,456,0,0,0.0012281819538470019
1908,315,732,0,1,0.7168626060896568
1909,164,540,0,0,0.015506355906004497
1910,359,524,0,0,0.0006880632610230142
1911,216,858,1,1,0.7045338197586293
1912,853,186,0,0,0.0004612057027148727
1913,22,147,0,0,0.10533655885754215
1914,651,369,0,0,0.29053123616060045
1915,854,101,0,0,0.00042818976308424124
1916,766,859,0,0,0.016293805325743066
1917,780,70,0,0,0.0002655293782766236
1918,294,857,0,0,0.0911803294588297
1919,518,860,0,0,0.008220148702833423
1920,855,553,0,0,0.0014683678404203546
1921,852,10,0,0,0.0006183766529102959
1922,136,667,0,1,0.7180734085484459
1923,856,294,0,0,0.0005812609647680163
1924,857,431,0,0,0.009023593177654742
1925,341,427,0,0,0.018415011848686717
1926,774,502,0,0,0.002889533321430259
1927,36,360,0,0,0.00029959085035999365
1928,358,532,0,0,0.0005161694752925811
1929,509,629,0,1,0.6681557137267272
1930,835,822,0,1,0.7880789945799036
1931,759,316,0,0,0.0003485562899403934
1932,858,708,0,0,0.0010871299276535617
1933,95,241,0,0,0.04830088713510567
1934,859,484,0,0,0.0011498012050957945
1935,298,205,0,0,0.08379425583543125
1936,55,393,0,1,0.5891702664474301
1937,491,702,0,0,0.0037337453421448542
1938,188,646,0,0,0.0019467505950137138
1939,860,678,0,0,0.24440816824594397
1940,861,503,0,0,0.0009593810545643132
1941,607,385,0,0,0.0002857500135740392
1942,316,859,0,0,0.0005985928930071248
1943,862,760,0,0,0.001646572058023998
1944,495,828,0,1,0.6544850525652722
1945,863,132,0,0,0.1927119896519136
1946,330,646,0,0,0.2842536755035204
1947,730,31,0,0,0.00029664325976140306
1948,120,213,0,0,0.0022345034816976038
1949,499,543,0,0,0.0005620965426421613
1950,94,523,0,0,0.0004681752214432617
1951,52,732,0,0,7.67706326093472e-05
1952,864,795,0,0,0.0016787986523018746
1953,317,642,0,0,0.08594545957112373
1954,865,600,0,0,0.00194438930481942
1955,749,639,0,0,0.028006121160320165
1956,244,205,1,1,0.7734769475246945
1957,827,756,0,0,0.007137096407156502
1958,866,736,0,0,0.03383470902236219
1959,118,653,0,0,0.2557420487337788
1960,140,861,0,0,0.2018142348199931
1961,550,121,1,1,0.7736585473188966
1962,49,862,1,1,0.8592891765426485
1963,134,113,0,0,0.004320813351059288
1964,753,863,1,1,0.7697185398847083
1965,679,532,0,0,0.02694038416601543
1966,161,40,0,1,0.7574957281818367
1967,235,756,0,0,0.1559648253328046
1968,739,482,0,0,0.0008381239508913786
1969,655,721,0,0,0.02096971674638438
1970,203,3,0,0,0.1360049877775014
1971,586,864,0,0,0.09585193175761532
1972,177,718,0,1,0.6702762812391587
1973,711,667,0,1,0.6190874321537114
1974,499,865,0,0,0.00029664325976140306
1975,296,593,0,1,0.7455267632442623
1976,867,165,0,0,0.0009910440539521914
1977,495,866,0,0,0.0003039854036674236
1978,868,774,0,0,0.0008037539453062682
1979,694,867,0,1,0.6636178179098348
1980,869,556,0,0,0.07660567329609556
1981,412,817,0,0,0.029806991807837923
1982,29,868,1,1,0.6632522223835592
1983,512,340,0,0,0.08861746639812701
1984,686,869,0,0,0.030637338718471442
1985,26,126,0,0,0.0015293582785041685
1986,870,75,0,0,0.01287204816327793
1987,563,318,0,0,0.0014148046777102193
1988,776,851,0,0,0.07380686012228294
1989,720,668,0,0,0.013081558107772989
1990,785,432,0,0,0.05425432190919996
1991,871,53,0,0,0.00026570306340128216
1992,717,681,0,0,0.0006312416467256919
1993,856,462,0,0,0.00037624728392364975
1994,268,867,0,0,0.0012412867507397007
1995,636,870,0,0,0.003102902597827285
1996,245,220,0,0,0.02309134060787274
1997,872,353,1,1,0.8307339204078024
1998,256,836,0,0,0.0019962855058541116
1999,622,531,0,0,0.00047883241396520874
2000,798,871,0,0,0.0022759715809661765
2001,521,550,0,0,0.4405925593683097
2002,771,326,1,1,0.7453515633774466
2003,801,282,0,0,0.413271741969269
2004,287,392,0,1,0.7321152649877228
2005,355,31,0,0,0.02758017199315356
2006,873,251,0,0,0.3129570013857247
2007,563,310,0,1,0.6942669989370976
2008,874,81,0,1,0.7697621005716129
2009,706,798,0,0,0.0018737959657959995
2010,266,872,0,0,0.0011840707242672334
2011,875,873,0,0,0.0003581740923037606
2012,511,214,0,0,0.0028398615131809196
2013,118,419,0,0,0.07724480055920935
2014,876,305,0,0,0.0006374008779418137
2015,433,412,0,0,0.0017126402509672907
2016,657,874,0,0,0.0107175995737554
2017,877,241,0,0,0.0010801523342772407
2018,57,185,0,0,0.00038204608057366735
2019,878,237,0,0,0.015693872463717777
2020,661,378,0,0,0.0014031512593311618
2021,175,289,0,0,0.03404022504560777
2022,595,634,0,0,0.0028629847775251778
2023,15,696,0,0,0.25046580692540016
2024,826,635,0,0,0.0025604451626054596
2025,879,244,0,0,0.0011979189595200254
2026,880,549,0,0,0.00045893177057612444
2027,203,628,0,0,0.0006386600342273374
2028,850,174,0,0,0.0020169231258274495
2029,491,137,0,0,0.00026199012936436344
2030,244,270,0,0,0.0004205590143667671
2031,881,569,0,0,0.03658498068923815
2032,266,421,0,0,0.0025495519164180965
2033,840,444,0,0,0.00045808403070418495
2034,875,30,0,0,0.0007177682210686
2035,749,233,0,0,0.01399452344094404
2036,454,539,0,1,0.6261426612250475
2037,281,584,0,1,0.7133533058260716
2038,367,200,0,0,0.0009319773104169338
2039,136,875,0,0,0.0006911392703648489
2040,504,536,0,0,0.002390897299364274
2041,363,405,0,0,0.10606506347095011
2042,303,23,0,1,0.6911361709947427
2043,616,660,0,0,0.2944991123751784
2044,882,206,0,0,0.002022733672445211
2045,791,235,0,0,0.0010756020643783253
2046,425,807,0,0,0.003371067969366911
2047,883,876,0,1,0.5139696812528028
2048,99,628,0,0,0.07684259878955181
2049,716,467,0,0,0.0005797469419278534
2050,801,733,0,0,0.4032920385542452
2051,676,519,0,0,0.00029847462636024385
2052,809,857,0,0,0.14193374172215983
2053,726,89,0,0,0.04671871049937113
2054,188,343,0,0,0.006808095941071033
2055,820,65,0,1,0.5865015149687928
2056,125,179,0,0,0.004165401515147548
2057,160,656,0,0,0.0009998444886207495
2058,529,720,0,0,0.0010613522681028021
2059,342,519,0,0,0.006718968696034555
2060,275,877,0,1,0.8251886207249228
2061,884,153,0,0,0.0016104873586087096
2062,696,29,0,0,0.36632023496801075
2063,79,353,0,0,0.32100550235994496
2064,607,869,0,1,0.6363497192519364
2065,325,357,0,0,0.3533388000361508
2066,842,282,0,0,0.0024711176415436746
2067,72,878,0,0,0.011033359971858558
2068,366,745,0,0,0.08802553853418062
2069,696,188,0,0,0.0008394743599338492
2070,513,244,0,0,0.0004951478200751218
2071,459,879,0,0,0.0018772917798777356
2072,51,880,0,0,0.00046447785625128085
2073,465,402,0,0,0.0017823158300827326
2074,885,877,1,1,0.8418545500122285
2075,287,7,0,0,0.28525185808094533
2076,886,881,0,1,0.5360104028807036
2077,61,552,0,0,0.011898980043170597
2078,366,882,0,0,0.000582813785976992
2079,762,883,0,0,0.0024602695193734047
2080,619,445,0,1,0.6008123715599094
2081,887,884,1,1,0.6363491195144854
2082,157,422,0,0,0.004351899955888175
2083,735,767,0,0,0.0030432573618255515
2084,888,333,0,1,0.5974359101328739
2085,579,551,0,0,0.003301556958200419
2086,402,695,0,1,0.7835363404584592
2087,46,625,0,0,0.19942766262599146
2088,761,110,0,0,0.0010723150857045753
2089,212,576,0,0,0.04912058455687398
2090,843,278,0,0,0.003254987334855316
2091,474,371,0,0,0.0013595810911628048
2092,13,517,0,0,0.00034836074141300806
2093,561,642,0,0,0.09222923272329914
2094,15,30,0,1,0.5250613698619492
2095,75,564,0,0,0.001071909919356638
2096,889,587,0,0,0.003743472282152146
2097,644,201,0,0,0.006367471722307958
2098,500,93,0,1,0.6141039941527591
2099,7,205,0,0,0.05260971240884004
2100,609,383,0,0,0.01537234373898042
2101,290,828,0,1,0.6024672151688167
2102,413,319,0,0,0.01881119985717126
2103,166,885,0,0,0.008965462586759032
2104,13,886,0,0,0.016031409803028085
2105,702,53,0,0,0.0009679983810683857
2106,227,732,0,0,0.3701788038944225
2107,728,859,0,0,0.0005837220934040102
2108,888,575,0,0,0.3541250688342532
2109,374,839,0,0,0.42049515977778484
2110,875,394,0,0,0.0005991031987920089
2111,546,312,0,0,0.0014103035098487445
2112,674,169,0,0,0.07740259691739412
2113,577,588,0,0,0.0008388061246214604
2114,880,872,0,0,0.0002510968831769996
2115,881,667,0,0,0.4739412256682654
2116,166,556,0,1,0.7362990024938421
2117,885,363,0,0,0.0037394974513637134
2118,78,284,0,0,0.029805999827522422
2119,788,139,0,0,0.0014374416242582129
2120,875,887,0,0,0.0003582749284635243
2121,84,244,0,0,0.4067638807083796
2122,715,213,0,0,0.002569201531908037
2123,808,219,0,0,0.05215139633202142
2124,681,532,0,0,0.00036544314047720264
2125,558,244,0,0,0.0009747300198828666
2126,786,481,0,0,0.000805291396579446
2127,526,573,0,1,0.5095543276327865
2128,115,615,0,0,0.0024452341025719133
2129,292,199,0,0,0.008923731669677987
2130,40,847,0,0,0.0005422104666885618
2131,12,10,0,0,0.0017552579237731971
2132,187,705,0,0,0.0003670174578309185
2133,10,733,0,0,0.4803096098894126
2134,890,95,0,0,0.13511219292767274
2135,778,203,0,1,0.7771886183869624
2136,21,461,0,0,0.020371400522337445
2137,524,888,0,0,0.0005288357197510992
2138,593,53,0,0,0.00041182072392748054
2139,161,847,0,0,0.00029309215748005976
2140,439,234,0,0,0.0008529636194755509
2141,885,879,0,1,0.626241380248268
2142,536,53,0,0,0.0015678455751791398
2143,430,479,1,1,0.5056036206122411
2144,891,227,0,0,0.00013901677333752512
2145,892,310,0,0,0.0032025232370013657
2146,310,817,0,0,0.003997598632520338
2147,687,495,0,0,0.000572977935460442
2148,282,639,0,1,0.725152285545848
2149,856,682,0,0,0.035473384772927045
2150,275,692,0,0,0.0007250501720955495
2151,836,889,0,0,0.008100330348822467
2152,502,890,0,0,0.0008268063322149019
2153,893,891,0,0,0.011025224594310419
2154,301,880,1,1,0.5082882144945223
2155,861,846,0,0,0.003352665490848838
2156,893,402,0,0,0.0010779239274005912
2157,195,892,1,1,0.7215026793465448
2158,842,212,0,0,0.22860481938600596
2159,700,203,0,1,0.723581404370992
2160,894,893,0,0,0.0005780669769006662
2161,224,894,0,0,0.0009419695141868552
2162,678,235,0,0,0.002144842277113199
2163,604,895,0,1,0.7561079662294656
2164,273,896,0,0,0.011969661467169053
2165,299,626,0,0,0.2900997291874403
2166,37,174,0,0,0.008259637633507537
2167,724,235,0,0,0.0016405197970579656
2168,314,215,0,0,0.0003513140382935128
2169,95,875,0,0,0.0038003492257596616
2170,56,897,0,0,0.0006845121587416708
2171,412,779,0,0,0.011482999661659268
2172,433,160,0,0,0.014500715411564048
2173,502,370,0,0,0.0030582373898624393
2174,874,843,0,0,0.002039665798942458
2175,895,816,0,0,0.0021892019589049515
2176,780,891,0,0,0.000284186094694534
2177,502,76,0,0,0.0005620965426421613
2178,896,200,1,1,0.6183398075402461
2179,674,191,0,0,0.0003245879312842359
2180,786,293,0,0,0.000925814331344382
2181,42,804,0,0,0.3148592703463515
2182,897,102,0,0,0.012434245824125889
2183,717,748,0,0,0.0015668428840049358
2184,617,241,0,0,0.006451926283803521
2185,21,854,0,0,0.000538177161556441
2186,555,823,0,0,0.01771188275918987
2187,506,700,0,0,0.027877410375823142
2188,452,160,0,0,0.0009718127496947305
2189,184,30,0,0,0.046153892803394464
2190,133,53,0,0,0.0002619782759952804
2191,588,138,0,0,0.49210275565828787
2192,489,418,0,1,0.5308740180056928
2193,898,593,0,0,0.00033316155930284476
2194,579,418,0,0,0.06310574605712099
2195,269,522,0,0,0.0018437200717391286
2196,464,375,0,0,0.08382773919853605
2197,522,320,0,0,0.00026975359959491004
2198,420,291,0,0,0.04623175912518187
2199,564,54,0,0,0.0012097911253985912
2200,243,443,0,0,0.33964400860520905
2201,899,649,0,0,0.003408152734688377
2202,644,261,0,0,0.001970766442827234
2203,708,45,0,0,0.13608392383134507
2204,263,334,0,0,0.003626847126109941
2205,239,242,0,0,0.001538238896100361
2206,700,803,0,0,0.04417531071010134
2207,683,293,0,0,0.3597833683126001
2208,814,805,0,0,0.000643122655801118
2209,497,898,1,1,0.726917039817418
2210,900,483,0,0,0.1304083119176376
2211,488,531,0,0,0.00037812368976804364
2212,256,866,0,0,0.001334862131242768
2213,192,899,0,0,0.10719806573349984
2214,901,812,0,1,0.6571201721165194
2215,460,227,0,0,0.007910779313924208
2216,297,569,0,1,0.7462538977235355
2217,548,481,0,0,0.07502037847197007
2218,902,755,0,0,0.00040061919166378213
2219,517,601,0,0,0.13733165393673066
2220,103,848,0,0,0.004602113853404951
2221,205,273,0,0,0.0010960670107307427
2222,530,837,0,0,0.0011374699695156038
2223,903,376,0,0,0.0005201670696144332
2224,235,672,0,0,0.00041537182620882384
2225,45,833,0,0,0.0034392072226391407
2226,500,392,0,0,0.003951384151450101
2227,904,43,0,0,0.0005646618420461866
2228,210,101,0,0,0.25996467735628365
2229,773,802,0,0,0.01218989193214543
2230,788,100,0,0,0.03450116975455322
2231,596,418,0,0,0.005763890178362102
2232,672,473,0,0,0.07714387442076594
2233,905,456,1,1,0.693694846278474
2234,850,818,0,0,0.0009382336695179029
2235,266,279,0,0,0.0013853780185314965
2236,872,824,0,0,0.016667869631702394
2237,574,522,0,0,0.0005599156207263727
2238,485,417,0,0,0.0014445635216716443
2239,311,169,0,1,0.7694482987860674
2240,346,101,0,0,0.0009653545953730917
2241,304,715,0,0,0.001007911692743158
2242,677,900,0,0,0.2921757843765075
2243,35,732,0,1,0.5684315591822144
2244,51,194,0,0,0.0007800415487744126
2245,324,715,0,0,0.03954921608555683
2246,906,50,0,0,0.001116696661826682
2247,170,718,0,1,0.6158434439128575
2248,703,238,0,0,0.001337342030685173
2249,842,435,0,0,0.0014937763433357084
2250,907,495,0,1,0.7600607924505289
2251,452,35,0,1,0.5970651969490965
2252,630,464,0,0,0.0010746054440918696
2253,574,667,0,0,0.4010966685862345
2254,86,314,0,0,0.001589229810793542
2255,671,536,0,1,0.7323105777659464
2256,261,753,0,0,0.44087471761271774
2257,666,206,0,0,0.0010693220720787962
2258,187,486,0,0,0.0003039854036674236
2259,82,710,0,0,0.002845596392339744
2260,53,23,0,0,0.40422446607724716
2261,763,901,0,0,0.06724092476216817
2262,790,819,0,0,0.0014974800647921088
2263,898,656,0,0,0.00029921962640713
2264,390,779,0,0,0.17285658495661604
2265,71,647,0,0,0.000761541039114143
2266,159,460,0,0,0.04990927674159159
2267,432,81,0,0,0.007865553331773845
2268,508,71,0,0,0.0016161480230546935
2269,62,577,0,0,0.000354865140574856
2270,908,206,0,0,0.022292260506846878
2271,830,466,0,0,0.0008107152237020411
2272,96,674,0,0,0.002410063376883622
2273,526,861,0,0,0.33327414642254205
2274,483,68,0,0,0.001307605098669528
2275,432,428,0,0,0.0007178279924606199
2276,84,211,0,0,0.003813847071952865
2277,521,18,0,0,0.00046255532576399577
2278,851,677,0,0,0.02990344860034538
2279,669,248,1,1,0.932397337193262
2280,187,83,0,1,0.6995504030482302
2281,357,198,0,0,0.19298913508172558
2282,452,902,0,0,0.4673083353719267
2283,903,804,0,0,0.0006755487941453803
2284,759,642,0,0,0.001269801004685963
2285,158,757,0,0,0.0016786621407113974
2286,399,794,0,0,0.39726526418496055
2287,731,421,0,0,0.0003719775278365632
2288,627,655,0,1,0.7198344750873518
2289,909,370,0,0,0.005915724069931438
2290,81,150,0,0,0.0005865915440905018
2291,269,801,1,0,0.25176354663854317
2292,806,824,0,0,0.00033873878475561124
2293,635,804,0,0,0.005062293319982385
2294,311,121,1,1,0.7736585473188966
2295,756,348,1,1,0.7069530050455123
2296,170,719,0,1,0.6481958737771221
2297,910,283,0,0,0.0032002894064541276
2298,112,299,0,0,0.3476334511704662
2299,911,862,0,0,0.0004681630936443028
2300,912,181,1,1,0.6385961328573188
2301,673,128,0,0,0.0007146510559305681
2302,357,693,0,0,0.38432523758113674
2303,913,536,1,0,0.0849588808288264
2304,279,483,0,0,0.07387409250048972
2305,187,430,0,0,0.036012265269526444
2306,426,903,0,0,0.0581631559937003
2307,882,904,0,0,0.0004111396293986751
2308,614,434,0,0,0.04097370255077852
2309,381,83,0,0,0.008365028525806402
2310,879,256,0,1,0.7585850656775261
2311,424,406,0,1,0.7039437727683193
2312,635,422,0,1,0.8072683024964489
2313,488,448,0,0,0.005175820430156176
2314,863,905,0,0,0.008325908917769841
2315,300,906,0,0,0.003401124842225002
2316,333,907,0,0,0.015498226270981751
2317,819,678,0,1,0.7498386565382941
2318,453,398,0,0,0.003533481326398523
2319,767,908,0,1,0.6020175066027176
2320,241,380,0,0,0.002060041639402823
2321,768,226,0,0,0.052122011819004464
2322,489,909,0,1,0.7120590642926652
2323,122,586,0,0,0.00328650106099817
2324,847,248,0,1,0.638423207329307
2325,228,910,0,0,0.2949309536839919
2326,914,45,0,0,0.0013996072930205952
2327,686,534,0,1,0.6743425573050246
2328,566,639,0,0,0.008366747360415004
2329,769,861,0,0,0.00047497662582332784
2330,628,410,0,0,0.018195790640349062
2331,83,911,0,0,0.00029664325976140306
2332,97,119,0,0,0.00043871038409397357
2333,862,616,0,0,0.0043928134849362125
2334,719,879,0,0,0.002026628400973198
2335,38,779,0,0,0.0010306922475556823
2336,730,821,0,0,0.0010613522681028021
2337,347,912,1,1,0.7202871425741716
2338,370,238,0,0,0.29546955433417116
2339,438,540,0,0,0.001662535142239449
2340,623,140,0,0,0.0005451245200474621
2341,329,800,0,0,0.011110574897701578
2342,781,913,0,0,0.06024093185871897
2343,881,512,0,0,0.01487500423994904
2344,848,829,0,0,0.0003591348966619426
2345,540,174,0,0,0.24060783125959406
2346,92,586,0,0,0.01161323578374107
2347,239,275,0,0,0.009763936864216387
2348,72,154,0,0,0.00043053482848327417
2349,915,61,0,0,0.0009155083716005261
2350,311,798,0,0,0.07841221001130448
2351,916,167,0,1,0.6725125893896221
2352,861,90,1,1,0.7188421870193525
2353,139,79,0,0,0.00033363650609548594
2354,299,914,0,0,0.0010595322532856517
2355,397,130,0,0,0.01153577587386055
2356,157,293,0,0,0.0005360041785324612
2357,624,379,0,0,0.0010571943275459116
2358,679,609,0,0,0.0010665325106718469
2359,208,723,0,0,0.0006216083449724799
2360,664,915,0,0,0.0004666632535094906
2361,546,749,0,0,0.0004876562932003409
2362,113,287,0,1,0.7015077015492995
2363,541,916,0,0,0.0010574670480861389
2364,723,917,0,0,0.0042155726216940295
2365,598,918,0,0,0.013436282319968582
2366,439,900,0,0,0.011457144325208684
2367,119,658,0,0,0.0016384758576080307
2368,646,919,0,0,0.0009664484503722877
2369,28,166,0,0,0.0007521816002751436
2370,17,920,0,0,0.05471597804100675
2371,359,916,0,0,0.0005387139034772758
2372,307,785,0,1,0.5831449705018471
2373,830,385,0,0,0.0008988495486410428
2374,41,143,0,0,0.004517916020948507
2375,610,159,0,0,0.0004983804162158162
2376,257,131,0,0,0.0002845044168163674
2377,567,270,0,0,0.0006010505918354254
2378,532,122,1,1,0.7792731394069233
2379,637,440,0,0,0.000966029355715608
2380,917,225,0,0,0.011434693653718053
2381,247,836,0,0,0.004271000664179064
2382,918,733,0,0,0.026466041250267094
2383,807,157,0,0,0.05882854631843439
2384,919,422,0,0,0.0005960085859020711
2385,624,369,0,0,0.13390859510417638
2386,82,148,1,1,0.7715047480162692
2387,502,898,0,0,0.001144596059508159
2388,569,330,0,0,0.0027079585452779147
2389,311,125,0,0,0.0005485522295744037
2390,460,195,1,1,0.5766917560887549
2391,805,703,0,0,0.000515700694890131
2392,633,32,0,0,0.007703564472227888
2393,430,480,0,0,0.0012190441657757567
2394,920,687,0,0,0.11602982721235482
2395,674,208,0,0,0.010734624846514185
2396,471,593,0,0,0.02741493757750813
2397,281,921,0,0,0.0003075246525796838
2398,808,302,0,0,0.0003075246525796838
2399,217,790,0,0,0.0039022867479686137
2400,178,64,0,0,0.00045779591482620447
2401,213,501,0,0,0.0006588642443729506
2402,636,670,0,1,0.7097342075308523
2403,921,418,0,0,0.0003757453172484178
2404,863,254,0,0,0.0005307827484896571
2405,593,476,0,0,0.08108583111938147
2406,922,518,0,0,0.04338053020044288
2407,923,773,0,0,0.000973481967841404
2408,449,669,0,0,0.001194580658307525
2409,393,303,0,0,0.02505798261012162
2410,694,269,1,1,0.6557162312157017
2411,80,728,1,1,0.677458812532885
2412,226,451,0,1,0.7866515740733859
2413,75,471,0,0,0.002134928911546797
2414,250,635,0,0,0.005212083471562338
2415,572,333,0,0,0.46806478590214795
2416,406,892,0,0,0.38682404843658114
2417,844,922,0,0,0.008362630923114116
2418,382,923,0,0,0.007737714243942164
2419,481,68,0,0,0.06507748539339824
2420,377,144,0,0,0.000890261623166717
2421,728,113,0,0,0.011062888606400161
2422,924,574,1,0,0.12316055357225916
2423,925,754,0,1,0.6720503546544866
2424,8,241,0,0,0.0013954756760438895
2425,599,723,0,0,0.0005465340880537604
2426,102,492,0,1,0.5869323159063476
2427,901,924,0,0,0.011374118586363818
2428,718,284,0,0,0.20475928771294985
2429,326,249,0,0,0.003539809130753491
2430,295,190,0,0,0.0018313254522583746
2431,570,536,0,0,0.0005846004159805111
2432,364,747,0,0,0.29920590673888986
2433,526,452,0,1,0.5762074994713416
2434,578,18,0,0,0.0003319049639850804
2435,359,805,0,0,0.019152184015009566
2436,146,496,1,1,0.7690917298843164
2437,444,211,0,0,0.0005699953918910758
2438,104,288,0,0,0.010267771836724839
2439,85,669,0,0,0.003488795441893559
2440,792,745,0,0,0.0004365186335214997
2441,269,890,0,0,0.011115525357442944
2442,294,387,0,0,0.000633843945683015
2443,247,89,0,0,0.01800827768412795
2444,29,416,0,0,0.0024093453239618667
2445,474,363,0,0,0.0006296102154585204
2446,562,925,0,0,0.0025743818092287657
2447,385,899,0,0,0.0008714235614069943
2448,294,809,0,0,0.010431844029366
2449,0,107,0,0,0.0009391337621390723
2450,163,383,0,0,0.014765231991521844
2451,676,926,0,0,0.00039137149410118006
2452,246,521,1,1,0.7673690849957079
2453,66,927,0,0,0.00036915632128180497
2454,926,376,0,0,0.012563397353242
2455,927,60,0,0,0.001122380524433954
2456,402,478,0,1,0.6822824329078253
2457,651,5,0,0,0.014101926316521636
2458,242,671,0,0,0.0325542933970438
2459,191,85,1,1,0.6859301193060706
2460,690,779,0,0,0.018170991033841587
2461,829,441,0,0,0.0004307085136079328
2462,1,685,0,0,0.00028315850686195523
2463,454,426,0,0,0.3159168585545523
2464,396,10,0,0,0.001172827587147535
2465,219,362,0,0,0.13066094356477864
2466,156,615,0,1,0.6673911410606352
2467,196,498,0,0,0.0006845121587416708
2468,688,496,0,0,0.00039592368266395055
2469,814,467,0,0,0.000469727361475889
2470,671,288,0,0,0.0021378003403464928
2471,547,361,0,0,0.0009382336695179029
2472,71,568,0,0,0.006521467025883805
2473,147,717,0,0,0.004356590117977796
2474,504,706,0,0,0.01669424921996949
2475,393,871,0,0,0.0005002412166363311
2476,548,613,0,1,0.7542399671492436
2477,523,50,0,0,0.00042818976308424124
2478,215,832,0,0,0.0003177291240595436
2479,113,639,0,1,0.7091305851638228
2480,289,310,1,1,0.7480189632990856
2481,866,227,0,0,0.001879707427599135
2482,29,891,0,0,0.0028000107537059084
2483,412,604,0,0,0.00033058922948172795
2484,377,928,0,0,0.00048068303784295466
2485,75,790,1,1,0.813774641789344
2486,526,841,0,0,0.0006768111672185109
2487,302,419,0,0,0.001418846241473959
2488,639,692,0,0,0.0005654861000153442
2489,608,414,0,0,0.021295523701689762
2490,717,433,0,0,0.0011860259959675325
2491,355,148,0,0,0.001037253454916743
2492,928,840,1,1,0.7788511338500105
2493,705,419,0,0,0.0008465041203921058
2494,687,131,0,0,0.4311297025939374
2495,692,834,0,0,0.3168067963029213
2496,720,929,0,0,0.0016659063753752417
2497,608,497,0,0,0.0029910056173738375
2498,929,268,0,0,0.02993405027336629
2499,797,453,1,0,0.4723596029777583
2500,214,212,0,0,0.0006714260451376854
2501,43,875,0,0,0.0006276739526333855
2502,616,930,0,0,0.0007302674410534608
2503,679,909,0,1,0.7144603112325626
2504,645,724,0,0,0.006917818117339722
2505,757,644,0,0,0.0013451146065814512
2506,775,215,0,0,0.00048374357229280567
2507,0,267,0,0,0.0005985928930071248
2508,655,843,0,0,0.029279518081408676
2509,392,655,1,1,0.5892714183148677
2510,700,475,0,0,0.3353152466227584
2511,722,656,1,1,0.7128650340955868
2512,930,323,0,0,0.24343204010984498
2513,931,931,1,1,0.9080054095988365
2514,237,298,0,0,0.0006376066629071047
2515,780,468,0,0,0.07584935002959885
2516,473,646,0,0,0.0008692115708302469
2517,347,103,0,0,0.07395826268973325
2518,204,511,0,1,0.6348952380769682
2519,932,769,1,0,0.38441412604537595
2520,509,521,0,1,0.5863440053425276
2521,4,715,0,0,0.0064634144225405536
2522,263,873,1,1,0.6348899183801757
2523,659,448,0,0,0.00088528007798972
2524,851,478,0,0,0.0453120953550157
2525,697,270,0,0,0.0023579478080940873
2526,537,700,0,0,0.0005081001392120214
2527,295,177,0,0,0.0017598721942673865
2528,786,926,1,1,0.729901083055848
2529,504,260,0,0,0.000538177161556441
2530,34,932,0,0,0.3814757309525047
2531,270,231,0,0,0.00908777695941295
2532,926,109,0,0,0.00027714127826973067
2533,724,471,1,1,0.6974725431303973
2534,174,825,0,0,0.0007651883026891026
2535,382,301,0,0,0.0006583495986791426
2536,763,341,0,0,0.001139868658359368
2537,450,863,0,1,0.758824043597661
2538,879,305,0,0,0.0005991124520841525
2539,548,304,0,0,0.0020160731202861952
2540,736,493,0,0,0.002944896055857522
2541,773,194,0,0,0.0038795816332821862
2542,330,737,0,0,0.002115306467844995
2543,920,210,0,0,0.09489818908605258
2544,387,502,0,0,0.02570597288660959
2545,662,786,0,1,0.6902976926318667
2546,870,536,0,0,0.003121218051687986
2547,261,330,0,0,0.0002619782759952804
2548,577,511,0,0,0.07765277880317392
2549,424,933,0,1,0.502077708923318
2550,118,406,1,1,0.6659553670627808
2551,294,439,0,1,0.6069575704744494
2552,774,475,0,0,0.2406773833464775
2553,80,722,0,0,0.0038849356834699017
2554,389,748,0,0,0.0035170861043250213
2555,905,675,0,0,0.085531831982348
2556,816,607,0,1,0.6702627715218726
2557,745,700,0,0,0.009550669609770203
2558,817,548,0,0,0.20708405951972841
2559,23,713,0,0,0.00390134968766483
2560,712,560,0,0,0.008187014425846281
2561,635,455,0,1,0.736550456282488
2562,675,883,0,0,0.000846018710934576
2563,633,354,0,0,0.0009161423909041567
2564,37,661,0,0,0.00041554551133348247
2565,933,206,1,1,0.7415719694818058
2566,208,238,0,0,0.0007820856078753115
2567,114,529,0,0,0.0013246588645801259
2568,691,456,0,0,0.001848552567781105
2569,42,66,0,0,0.10490242265863049
2570,622,911,0,0,0.000393171797818091
2571,431,433,0,1,0.7461802238578901
2572,359,65,0,1,0.8313971452812231
2573,893,787,0,0,0.01376808378869223
2574,884,613,0,0,0.004350890697894388
2575,794,883,0,0,0.010483425329210176
2576,63,353,0,0,0.053148130567570916
2577,383,261,1,1,0.7188495985505289
2578,707,581,0,0,0.04094863923561982
2579,934,197,0,0,0.3624606993167793
2580,713,113,0,0,0.24160847440863215
2581,806,235,0,0,0.0009381337949555811
2582,359,804,0,0,0.07596913929222365
2583,42,204,0,0,0.049640724890330966
2584,898,934,0,0,0.0030291355419546414
2585,819,363,0,0,0.11006317282438642
2586,152,935,0,0,0.0003582749284635243
2587,916,602,0,0,0.004027630000777092
2588,935,401,0,0,0.0022343386717546356
2589,332,678,0,1,0.6520624136699343
2590,613,816,0,0,0.03920006067706811
2591,406,170,0,0,0.000392745059526323
2592,443,268,0,0,0.009517484198137314
2593,701,324,0,0,0.0011745825553989397
2594,830,401,0,0,0.021450829883268564
2595,802,855,0,0,0.0680156319004353
2596,111,16,0,0,0.08316532946085989
2597,323,809,0,0,0.0018578442792896556
2598,580,936,1,1,0.6055996444817778
2599,459,145,0,0,0.1465408603020029
2600,651,559,0,0,0.012055737475608492
2601,366,908,0,0,0.00037812368976804364
2602,596,853,0,0,0.0028033342953869608
2603,406,454,0,0,0.0888848375837818
2604,181,7,0,1,0.6201545546659536
2605,19,836,0,1,0.7935165992308526
2606,936,431,0,0,0.0003334876633361414
2607,217,539,0,0,0.1431775988094293
2608,908,491,1,1,0.6490998689196894
2609,826,418,0,0,0.002361756077273793
2610,264,463,0,0,0.0002875932335419631
2611,62,937,0,0,0.000948370542645052
2612,921,15,0,0,0.0006527678719934107
2613,937,94,0,0,0.0007983571197431491
2614,166,809,0,0,0.11066115936428304
2615,440,301,0,0,0.23881276989758798
2616,206,403,0,0,0.0017861863673277057
2617,111,776,0,0,0.00041538213988462466
2618,597,201,0,0,0.1919298633810831
2619,610,938,0,0,0.019165404396075166
2620,401,846,0,1,0.6529884152318239
2621,629,903,1,1,0.7489650401191993
2622,139,919,0,0,0.3568642099513483
2623,938,0,0,0,0.012370055973767414
2624,848,939,0,0,0.0004546267893811406
2625,9,793,0,0,0.014289437947316715
2626,406,940,0,0,0.006899044340036155
2627,918,175,0,0,0.0009737077844475646
2628,939,799,0,0,0.006393445727434127
2629,750,133,0,0,0.0016201171802893415
2630,623,424,0,0,0.0013253600917990693
2631,239,793,1,1,0.8825538037418588
2632,550,110,1,1,0.6632522223835592
2633,324,310,0,0,0.0026802814810384496
2634,502,941,0,0,0.0005562294335584304
2635,216,772,0,0,0.0006679570798727396
2636,633,904,0,0,0.0010277420865020663
2637,625,590,0,1,0.6633013956310861
2638,732,942,0,0,0.0005114309388030445
2639,24,637,0,1,0.7374542869864245
2640,354,80,0,0,0.34017906181952706
2641,878,920,0,0,0.004390012624719644
2642,940,77,1,1,0.8072499779762066
2643,939,378,0,0,0.0008041529942244209
2644,941,943,0,1,0.6134738362141107
2645,147,175,0,1,0.6015025395045256
2646,600,400,0,0,0.0012976749147992407
2647,390,944,0,0,0.42190701088673144
2648,11,399,1,1,0.7574475959414576
2649,678,509,0,1,0.8602932423961843
2650,452,267,0,0,0.024648258965261904
2651,646,643,0,0,0.00045424601154605545
2652,590,912,0,1,0.599771478717757
2653,139,384,0,0,0.11573223322373093
2654,941,157,0,0,0.011851582130255922
2655,496,819,0,0,0.013387774651091776
2656,324,558,0,0,0.0003319049639850804
2657,22,406,0,0,0.37100582852541647
2658,224,883,0,0,0.000643122655801118
2659,290,945,0,1,0.639986859362506
2660,614,652,1,1,0.674644600055255
2661,877,946,1,1,0.7253899679745273
2662,626,864,0,1,0.5917720285534339
2663,882,311,0,1,0.7173263079093476
2664,768,739,0,1,0.5885924667734167
2665,700,76,0,0,0.0406415849870885
2666,492,848,0,0,0.08477333471492264
2667,648,536,0,0,0.01819125258674877
2668,60,433,0,0,0.0037384465687150194
2669,239,947,0,0,0.0005645957930224862
2670,336,102,0,0,0.039375724649912056
2671,692,874,0,0,0.002049798104699439
2672,429,806,0,1,0.8070303482904904
2673,907,854,0,1,0.7184759507054129
2674,636,893,0,0,0.0007178325542890987
2675,883,455,1,1,0.8232172694154751
2676,198,533,0,0,0.00047257743752648207
2677,24,805,0,0,0.0015330673872688202
2678,238,933,0,0,0.0010664485264159998
2679,912,133,0,0,0.0005967464021846884
2680,488,245,0,0,0.020256509899881373
2681,768,902,0,1,0.5703288760298316
2682,30,285,1,0,0.0691193130470002
2683,942,119,0,0,0.00043871038409397357
2684,287,147,0,0,0.0003472926994854798
2685,457,217,0,0,0.0012911636985688865
2686,298,301,0,0,0.13092469831892128
2687,856,236,0,0,0.306786139636864
2688,662,757,0,0,0.000775958167612245
2689,654,747,0,0,0.0010288712181009197
2690,487,87,0,1,0.5406888501407626
2691,593,745,0,0,0.2675685735841284
2692,534,648,0,1,0.6599143394243099
2693,684,215,0,0,0.07531812372637217
2694,8,915,0,1,0.7390270127711269
2695,857,176,0,0,0.008403983271084088
2696,532,470,0,0,0.00042818976308424124
2697,581,362,0,0,0.0034382579315605875
2698,840,778,0,1,0.5023376583743329
2699,721,231,1,1,0.6966309134495515
2700,941,53,0,0,0.00023695369897090327
2701,229,441,0,0,0.043563423090335354
2702,840,742,0,0,0.0015221045025823096
2703,167,592,0,0,0.0015906056413640837
2704,424,601,1,1,0.743955482379644
2705,938,279,1,1,0.5933129175923101
2706,519,388,0,0,0.3153615519777514
2707,182,151,1,1,0.8830130766070606
2708,412,8,0,0,0.026566316238576002
2709,867,666,0,0,0.002105047737504377
2710,243,584,0,0,0.00029664325976140306
2711,132,911,0,0,0.0022421633467406728
2712,943,112,0,0,0.005185541324627434
2713,68,515,0,0,0.00034003022416055753
2714,488,270,0,0,0.004752382251518834
2715,563,282,0,0,0.0030615921004745646
2716,453,154,0,0,0.004566151891570283
2717,600,745,0,0,0.008003308696998706
2718,552,435,1,0,0.48026022105256805
2719,944,558,0,0,0.12200939886596253
2720,260,520,0,0,0.05062280634516338
2721,213,202,0,0,0.0063036572004416145
2722,740,590,0,0,0.012225339668125002
2723,877,444,0,0,0.12350409380948654
2724,377,141,0,0,0.0007056257026176531
2725,417,858,0,0,0.3276863114703755
2726,37,41,0,0,0.0007411499900637259
2727,860,7,0,0,0.17662897713628983
2728,945,94,0,0,0.021131063703764955
2729,906,75,0,1,0.6601220811411852
2730,414,129,0,0,0.001720644957414508
2731,946,120,0,0,0.31548115674287897
2732,777,576,0,1,0.6794125585700865
2733,454,948,0,0,0.05871604314802843
2734,143,430,0,0,0.0769453218473319
2735,700,19,0,0,0.0021273306619568437
2736,589,441,0,0,0.00029664325976140306
2737,196,398,0,0,0.11307195614071004
2738,726,234,0,0,0.00045424601154605545
2739,388,642,0,1,0.6024716019833534
2740,128,719,0,1,0.7196279605323191
2741,245,144,0,0,0.26748600175121007
2742,333,453,0,1,0.7348825158921324
2743,88,686,0,0,0.19477490630208213
2744,928,380,0,0,0.0007039149534875969
2745,947,241,0,0,0.001148260778850482
2746,93,140,0,0,0.014808974303348496
2747,948,852,0,0,0.0006216083449724799
2748,323,98,0,0,0.030207097553775687
2749,822,261,0,0,0.015310479140742484
2750,584,284,1,1,0.7040365547545049
2751,313,388,0,0,0.37385862541110454
2752,949,949,0,0,0.0016655548281627305
2753,772,375,0,0,0.0004001044559603564
2754,637,9,0,0,0.0013672382086919138
2755,137,172,0,0,0.04835998602160064
2756,425,647,0,0,0.3685260318006879
2757,661,599,0,0,0.024967281561230924
2758,674,789,0,0,0.012911961973533384
2759,5,824,0,0,0.009266910189292394
2760,776,865,0,0,0.004911927039629389
2761,342,447,0,0,0.217213880300277
2762,8,15,1,1,0.6852398771140957
2763,140,119,0,0,0.01772478445145814
2764,602,284,0,0,0.3682389178628513
2765,634,55,0,1,0.6872199800259758
2766,228,634,0,0,0.0192581799939641
2767,390,317,0,0,0.0008211233038711059
2768,189,276,0,1,0.5143476354243884
2769,505,71,0,0,0.0008482085612173078
2770,890,785,0,0,0.03364721925771258
2771,651,291,0,0,0.012001647709358241
2772,708,86,0,0,0.002527468167012569
2773,451,552,0,0,0.037696122097862286
2774,950,154,0,0,0.05057449327298488
2775,723,158,0,0,0.0004387610906535074
2776,169,153,0,0,0.12853960645307572
2777,873,349,0,0,0.0005260059251270496
2778,26,254,0,0,0.0007292553936554789
2779,951,100,0,0,0.0013240037553802972
2780,881,160,0,0,0.0013179782231348858
2781,895,906,0,0,0.0010295220448573478
2782,466,294,0,0,0.00037512194621844823
2783,319,325,1,1,0.7249409919879684
2784,544,263,0,0,0.0019047598650289508
2785,1,24,0,0,0.04385983306658996
2786,519,38,0,0,0.00043420704631659296
2787,487,657,0,0,0.0071918835289111185
2788,0,150,0,0,0.01417448941783061
2789,172,605,0,0,0.001785652803025496
2790,605,308,0,0,0.0002510968831769996
2791,84,354,0,0,0.0008417626904636564
2792,380,843,0,0,0.0034934030057408895
2793,622,632,0,0,0.024064463955879706
2794,823,610,0,1,0.5957053370881823
2795,486,689,1,1,0.7224353493587459
2796,320,794,0,0,0.0030372759086154033
2797,323,637,0,0,0.004507471510945377
2798,894,553,0,0,0.011567721399475032
2799,184,854,1,1,0.6259719163941496
2800,272,950,0,0,0.017194565284417207
2801,237,573,0,0,0.3340487358593122
2802,612,634,0,0,0.0009591971817601821
2803,952,793,0,1,0.5150150359238667
2804,173,135,0,0,0.0006019882704811721
2805,953,34,0,0,0.05215360964364929
2806,591,68,0,1,0.7461160022415159
2807,954,691,0,1,0.5557648631964445
2808,907,34,0,0,0.3635124510318361
2809,906,712,0,1,0.6613044011060957
2810,682,369,0,0,0.00954593768535257
2811,440,644,0,1,0.5103587699809582
2812,494,247,0,0,0.009271439805179957
2813,150,296,0,0,0.0022497845851337916
2814,382,651,0,0,0.07111203999976701
2815,263,536,0,0,0.0064125248092901654
2816,25,908,0,1,0.6929708336663031
2817,355,17,0,0,0.0004433527653586916
2818,713,452,0,0,0.17160873814601035
2819,771,875,0,0,0.00036245570175993014
2820,176,207,0,0,0.05051231955474945
2821,503,159,0,0,0.022047938678271605
2822,654,469,0,0,0.0687379595916726
2823,450,877,0,1,0.8508616338184061
2824,17,575,0,0,0.0015674058236892564
2825,0,92,0,0,0.0011426500876299075
2826,607,263,0,0,0.306438394841535
2827,905,649,0,0,0.0003002606162614218
2828,101,135,0,0,0.0008031608143877185
2829,31,264,0,0,0.0004943950716314232
2830,583,832,0,0,0.42858715764243305
2831,189,416,0,1,0.7015242011777633
2832,585,662,0,0,0.3212357209828211
2833,572,294,0,0,0.00045423415817697236
2834,670,22,0,0,0.24840333475391305
2835,57,932,0,0,0.06897512659724475
2836,549,448,0,0,0.0013730951554840867
2837,897,870,1,1,0.6185414281178104
2838,939,439,1,1,0.7221003836924712
2839,443,689,0,0,0.0025895485259358124
2840,128,144,0,0,0.46956831701092144
2841,574,7,0,1,0.5970611298785333
2842,226,711,1,1,0.6171551157437791
2843,862,136,0,0,0.0322806151224918
2844,62,566,0,0,0.02897417949068981
2845,662,15,0,0,0.17384383724229108
2846,550,111,0,0,0.0010314182397065889
2847,490,424,0,0,0.002824961214991337
2848,776,823,0,1,0.7191850036561849
2849,486,6,0,0,0.0007885141220333022
2850,638,729,0,0,0.00103886715891725
2851,181,764,0,0,0.000943788481366652
2852,44,735,0,0,0.07913090721201776
2853,879,429,0,0,0.0006237365256641418
2854,602,261,0,0,0.0005195691714615882
2855,854,692,1,1,0.814764662298655
2856,652,951,0,0,0.0005485522295744037
2857,47,83,0,0,0.001318379481532089
2858,824,529,0,0,0.003019277820576957
2859,274,31,1,1,0.8340349463599692
2860,470,504,0,0,0.0511618894302148
2861,940,585,0,0,0.00033318951335873715
2862,95,490,0,0,0.059518044131381204
2863,955,415,0,0,0.3835835827324074
2864,58,793,0,0,0.06618849184167738
2865,930,445,1,1,0.6245672763223739
2866,282,461,0,0,0.0002875932335419631
2867,233,243,0,0,0.0005309901139819318
2868,438,50,0,0,0.0006440732200546584
2869,838,800,0,1,0.6140667672520901
2870,115,568,0,0,0.0015264362869036262
2871,480,515,0,0,0.00046426889293044106
2872,269,705,0,0,0.0010969396703369098
2873,763,294,0,0,0.004284329998881255
2874,904,364,0,0,0.0029207042179460524
2875,656,388,0,0,0.010588013354991259
2876,279,59,0,0,0.00105013560750625
2877,631,751,0,0,0.011232630769118237
2878,481,114,0,0,0.0003397509335586863
2879,281,770,0,0,0.00143554826090983
2880,482,898,0,0,0.000393171797818091
2881,956,26,0,0,0.0005023341229914126
2882,607,839,0,0,0.2942503525202776
2883,410,421,0,0,0.11628957841743243
2884,406,780,0,0,0.31415113105781745
2885,43,186,0,0,0.1528724407760073
2886,674,289,0,0,0.0018237698840808073
2887,654,480,0,0,0.05001322578152643
2888,35,607,1,1,0.7675387406625245
2889,768,164,0,0,0.12007727577176018
2890,151,836,0,0,0.0004721795749092609
2891,857,487,0,0,0.0004800958596068518
2892,928,1,0,0,0.11412861856351392
2893,211,92,0,1,0.7489028168847828
2894,80,225,0,1,0.7317559044682973
2895,37,952,0,0,0.0007204602956034411
2896,116,171,0,0,0.00018408437585373016
2897,422,518,0,0,0.08146914432455488
2898,463,548,0,0,0.0009627619495027645
2899,51,896,0,0,0.000534231180261307
2900,563,953,0,1,0.757074523658439
2901,497,365,0,0,0.0015754155471658258
2902,253,461,0,0,0.001247470924616497
2903,158,426,0,1,0.6657542272766571
2904,784,594,0,0,0.0010174106529561282
2905,936,897,0,0,0.027747782577894013
2906,15,339,0,1,0.537897194905177
2907,669,535,0,0,0.023529378686343444
2908,97,397,0,0,0.0018710318387850533
2909,16,103,0,0,0.09206200657183397
2910,707,608,0,0,0.0032820935895355114
2911,627,12,0,0,0.006166552402202081
2912,37,882,0,0,0.002857371369307292
2913,450,413,0,0,0.0005083484456593107
2914,31,167,0,0,0.0025983511253721047
2915,30,775,0,0,0.000706951161470818
2916,917,241,0,0,0.08510804250717778
2917,175,510,0,0,0.003029081906786397
2918,315,100,0,0,0.00052172431567088
2919,180,318,0,0,0.0006178251232236872
2920,439,189,0,0,0.0004001044559603564
2921,332,217,0,1,0.7202009280366461
2922,270,229,0,0,0.0024149016978656096
2923,655,954,0,0,0.0013319298050209366
2924,957,208,0,0,0.0021884383291557144
2925,934,934,0,0,0.30309329933319157
2926,360,648,0,0,0.0004574990658746955
2927,114,715,0,0,0.08743406258285741
2928,606,692,0,0,0.003828609028413173
2929,715,146,0,0,0.0003039086396518762
2930,274,884,0,0,0.00043212211910159356
2931,489,5,0,0,0.007258883495591118
2932,52,910,0,0,0.0009415072223258155
2933,197,825,0,0,0.0002510968831769996
2934,364,626,0,0,0.29921971411168097
2935,402,132,0,0,0.0005880084092511418
2936,308,659,0,0,0.050994149199392345
2937,213,66,0,0,0.033245923723200996
2938,787,877,0,0,0.0005985928930071248
2939,111,844,1,1,0.7250426011638751
2940,896,515,0,0,0.0006026061662276126
2941,428,616,0,0,0.0003074597419332195
2942,730,276,0,0,0.005201521520498638
2943,228,137,0,0,0.0003987036348458401
2944,185,86,0,1,0.7048654139831284
2945,527,678,0,0,0.43720626301123516
2946,479,914,0,0,0.0006922293229341414
2947,735,548,0,1,0.6345826166005852
2948,129,626,0,0,0.0019189107448027488
2949,419,168,0,0,0.00044712618716923134
2950,653,9,1,1,0.7589965352852966
2951,520,955,0,0,0.0013193445787017296
2952,409,244,0,0,0.0013996902208130596
2953,802,825,0,1,0.7734219223232247
2954,755,662,0,0,0.0005485522295744037
2955,283,956,0,0,0.011680592909459558
2956,106,869,0,0,0.11145408163265304
2957,421,639,1,1,0.7248039443636267
2958,330,45,0,0,0.018329529350210184
2959,767,625,0,1,0.6675317398705919
2960,862,957,0,0,0.006728286194121476
2961,350,822,0,0,0.00029390115908151137
2962,319,921,0,0,0.0005985928930071248
2963,852,297,0,0,0.0010852137790239578
2964,727,168,0,0,0.20499306143029905
2965,958,76,0,0,0.21451475150473465
2966,828,853,0,0,0.0023102109757126856
2967,906,588,0,1,0.5916887849117601
2968,125,546,0,0,0.00034003022416055753
2969,520,211,0,0,0.0002746771903943847
2970,360,467,0,0,0.007058661372592062
2971,478,511,0,0,0.0016619345168401225
2972,959,561,0,0,0.0006864076067690937
2973,743,856,0,0,0.0013594849674552153
2974,616,524,0,0,0.12336426941985357
2975,510,239,0,0,0.0006751853426088417
2976,276,827,0,0,0.0006145525139298333
2977,114,825,0,0,0.0542594627153645
2978,457,762,0,0,0.0008714235614069943
2979,960,163,0,0,0.000992232098851453
2980,622,657,0,1,0.5231682679253515
2981,732,492,0,0,0.00046552003556850433
2982,115,34,0,0,0.00048764272901177195
2983,367,662,0,0,0.47327867460665085
2984,0,806,0,0,0.04318749712388839
2985,799,569,0,0,0.0006665774924334841
2986,294,595,0,0,0.000424779975195573
2987,91,145,1,1,0.7904063721708495
2988,449,188,0,0,0.003485087092002314
2989,702,369,0,0,0.00405975676281727
2990,91,39,0,0,0.03532600232632293
2991,21,48,0,0,0.04375415742080133
2992,66,63,0,0,0.44068433713296185
2993,177,0,1,0,0.4605086035256789
2994,682,101,0,0,0.0011938913729610747
2995,320,144,1,1,0.7614745671562362
2996,341,88,0,1,0.6426309263550182
2997,961,273,0,0,0.000644839726381814
2998,10,943,0,0,0.4974956030741391
2999,962,180,0,0,0.0022210173522735246
3000,841,109,0,0,0.0010527769674406994
3001,504,403,1,1,0.6027927186639265
3002,955,910,0,1,0.6176637302089574
3003,815,709,0,0,0.00044339449925039965
3004,564,632,0,1,0.7738531432596547
3005,351,432,0,0,0.0020386219985423612
3006,478,806,0,0,0.037324915245906996
3007,160,43,0,0,0.00045890044369200776
3008,298,517,0,0,0.06773038591108785
3009,580,295,0,0,0.08687581886261711
3010,277,947,0,0,0.0005184050962775072
3011,696,807,0,0,0.019453636789330993
3012,687,958,0,0,0.005925761534713084
3013,610,629,0,0,0.03799008861996322
3014,283,767,0,0,0.0005360041785324612
3015,225,648,1,0,0.4782022195211567
3016,3,425,0,0,0.002830855815137203
3017,521,807,0,0,0.008509182305764496
3018,843,955,1,1,0.6092928176882357
3019,615,644,0,0,0.4191792261394389
3020,442,667,0,0,0.0004082033674274619
3021,963,830,0,0,0.19635482246939215
3022,479,443,0,0,0.2868034240221554
3023,113,580,0,1,0.6807512134742356
3024,100,405,0,0,0.007176996528686323
3025,588,524,1,0,0.23331543420728454
3026,665,286,0,0,0.0003334876633361414
3027,764,348,0,0,0.09870877855291611
3028,918,698,0,0,0.023119912195644972
3029,964,831,0,0,0.001088786508189026
3030,700,527,0,0,0.0011462959705044679
3031,638,320,0,1,0.6470556234849049
3032,594,304,0,0,0.0018748633937838743
3033,327,273,0,0,0.0002510968831769996
3034,169,216,0,1,0.5712164540594125
3035,912,286,0,0,0.1233613680206496
3036,951,863,0,0,0.0007663689927255786
3037,99,193,0,0,0.0005288357197510992
3038,496,10,1,1,0.8064191659129482
3039,331,628,0,0,0.0006338799715456069
3040,845,330,0,0,0.01054720768560128
3041,833,713,0,0,0.008303935853011079
3042,4,783,0,0,0.07755649318092293
3043,965,241,0,0,0.14215956739439414
3044,389,871,0,0,0.04640500599099902
3045,319,959,0,0,0.002830121632419143
3046,583,668,0,0,0.459416128713656
3047,776,547,0,0,0.002906012024923077
3048,607,267,0,0,0.05520062081057432
3049,580,133,0,0,0.0009850556688690872
3050,408,100,0,0,0.012248419903104135
3051,648,153,1,0,0.29732343109232073
3052,98,930,0,0,0.0065662047123355395
3053,253,101,0,1,0.5083374083709201
3054,518,402,0,1,0.615468776348747
3055,791,564,1,1,0.9280906803071741
3056,641,907,0,0,0.0004647547791867047
3057,753,960,0,0,0.000571639370094381
3058,443,497,0,0,0.012235352402150424
3059,922,920,0,0,0.05231636730052319
3060,175,476,0,0,0.0006471393668201681
3061,69,961,0,0,0.07305739546337083
3062,719,534,0,0,0.00060400988084212
3063,17,926,0,0,0.011814701617916453
3064,542,874,1,1,0.7217544806807951
3065,112,236,0,0,0.010691750865378942
3066,460,271,0,0,0.04678986500126154
3067,899,110,0,1,0.7668873046090618
3068,164,960,0,0,0.146225171898151
3069,21,575,0,0,0.018338232982680218
3070,249,501,0,0,0.0006880632610230142
3071,476,906,0,0,0.0006216083449724799
3072,110,261,0,0,0.018722328070962788
3073,342,527,0,0,0.0023746671201305943
3074,22,909,0,0,0.00023034714431066506
3075,833,490,0,0,0.10627986551552163
3076,111,536,0,0,0.014772679403550412
3077,116,769,0,0,0.06826295557691696
3078,134,955,0,0,0.0007986360732687006
3079,412,962,0,0,0.00043811801114063327
3080,842,962,1,1,0.596037827019658
3081,502,327,0,0,0.001330428656687777
3082,928,881,0,1,0.7616333474310317
3083,164,261,0,1,0.6127635196062197
3084,659,38,0,0,0.020841307753899016
3085,37,948,0,0,0.0006226225882264308
3086,114,622,0,1,0.7761085992721157
3087,55,775,0,0,0.014264826035172347
3088,226,832,0,1,0.7036709984319484
3089,616,444,0,0,0.010597728980236958
3090,966,306,0,0,0.0007059464697965245
3091,50,758,0,0,0.0027546628026555242
3092,177,170,0,0,0.39036954414337777
3093,918,122,0,0,0.0023513227278580736
3094,903,116,0,0,0.0006407389761248644
3095,461,478,1,1,0.5496419493799108
3096,649,862,0,0,0.021650610672414757
3097,128,354,0,0,0.0015462421099558129
3098,840,140,0,0,0.31712880686135747
3099,581,550,0,0,0.20131462281205512
3100,485,762,0,1,0.7040445892094453
3101,282,580,1,1,0.738488554025038
3102,438,642,0,0,0.31074214584317605
3103,386,455,0,1,0.8108613443279983
3104,707,862,0,0,0.0038671551656128803
3105,308,816,0,0,0.0035483043612893257
3106,809,431,0,0,0.13147351062529222
3107,905,793,0,0,0.08960821093498846
3108,532,581,0,0,0.004221406528109561
3109,618,132,0,1,0.6769272862735197
3110,105,871,0,0,0.13307480696257895
3111,561,258,0,0,0.10017468648222522
3112,533,535,0,1,0.5974945616439057
3113,582,856,0,0,0.2730809533692172
3114,421,64,0,1,0.6313501651962892
3115,856,551,0,0,0.00046552003556850433
3116,124,292,0,0,0.09669541657768951
3117,606,81,0,0,0.00046552003556850433
3118,441,557,0,0,0.02766080238331643
3119,223,954,0,1,0.6144271732493336
3120,811,68,0,1,0.6315519149230492
3121,335,400,0,0,0.011223935713237881
3122,885,277,0,0,0.001535305526417816
3123,802,107,0,0,0.00028832638021976614
3124,150,963,0,0,0.009846697660362488
3125,601,538,0,0,0.0013040572442789683
3126,812,953,0,0,0.006794948240998574
3127,316,964,0,1,0.5725455990279638
3128,863,356,0,0,0.0027283700898772397
3129,563,887,0,0,0.0005235768575031015
3130,284,822,0,1,0.8274590269691706
3131,241,928,0,0,0.000510904839232168
3132,806,279,0,0,0.0008706207317702064
3133,834,965,0,0,0.060034431077582634
3134,940,500,0,0,0.0007567841036908479
3135,780,592,1,1,0.7465967418184145
3136,174,105,0,0,0.03786554208207262
3137,670,731,0,0,0.0005223757634486817
3138,660,434,1,1,0.7128488482397928
3139,453,223,0,0,0.05613591656319564
3140,459,124,0,0,0.09831292391209347
3141,393,643,0,0,0.0003075246525796838
3142,729,572,0,0,0.016325964867388396
3143,118,282,0,0,0.0012244209916924445
3144,274,347,0,0,0.020726808674482206
3145,119,774,1,0,0.38376171557992855
3146,883,624,0,0,0.0003696977170927838
3147,479,2,0,0,0.010526440386402571
3148,169,121,0,1,0.5888067743210693
3149,434,966,0,0,0.0004669091965696412
3150,967,835,0,0,0.0017702709233756147
3151,968,110,0,0,0.014854087740421146
3152,600,742,0,0,0.0006374975824757934
3153,280,343,0,1,0.5081773879502635
3154,380,331,0,0,0.0006657319413587344
3155,140,753,0,1,0.6307838282901499
3156,661,116,0,0,0.048209699182988806
3157,1,132,0,0,0.0016074187913268693
3158,134,884,0,0,0.0007862910849936809
3159,359,86,0,0,0.029227198066371307
3160,539,107,0,0,0.0004201235996225787
3161,604,173,0,0,0.0003708403367622786
3162,343,502,0,0,0.0008438459787758478
3163,640,159,0,0,0.0009714889315261238
3164,165,417,0,0,0.0002510968831769996
3165,737,454,0,0,0.00025480981721391833
3166,923,750,0,1,0.5635539669731922
3167,925,316,0,0,0.01463228513980449
3168,578,713,0,0,0.004638111482884823
3169,714,253,0,0,0.000408417720684794
3170,295,193,1,1,0.6224605008286768
3171,205,127,0,0,0.0011101216589002644
3172,41,777,0,0,0.015212962356291097
3173,25,424,0,0,0.0043749952586628685
3174,396,227,0,0,0.0010848210481126089
3175,969,141,0,0,0.04489119056882574
3176,749,719,0,0,0.0026146065937861463
3177,795,287,0,1,0.735134015282088
3178,373,833,0,0,0.0005248935502974073
3179,803,633,0,0,0.0003878103886584763
3180,107,696,1,1,0.7100873934481814
3181,782,303,0,0,0.013700041311131879
3182,251,26,0,0,0.42707305512658167
3183,272,845,1,1,0.6798628759574473
3184,696,967,0,0,0.056641011297249355
3185,415,687,0,0,0.008350270081260212
3186,209,65,0,0,0.0004455686597409396
3187,163,27,0,0,0.0005689665107496762
3188,964,397,0,0,0.0420954665501701
3189,923,372,0,0,0.002615288398432153
3190,630,377,0,0,0.01771556637274382
3191,747,864,0,0,0.0003397509335586863
3192,790,959,0,0,0.0004433527653586916
3193,337,537,0,0,0.0006722656173141823
3194,157,246,0,0,0.008063098819848541
3195,563,176,0,0,0.0534764360242399
3196,865,878,1,1,0.7213498664041792
3197,485,1,0,0,0.0011695569261409133
3198,242,945,0,0,0.0024368795397243016
3199,505,283,0,0,0.0019374991147895707
3200,34,206,0,1,0.7006791979496483
3201,192,288,0,0,0.001876210339736055
3202,671,803,1,0,0.11138106311374005
3203,802,204,0,1,0.7046442484217917
3204,81,439,0,0,0.1736649225230673
3205,109,359,1,0,0.47374243325151333
3206,665,941,1,1,0.7083886953019403
3207,10,968,0,1,0.6354442577173316
3208,470,679,0,0,0.0004423551628080133
3209,802,956,0,0,0.0016637879858765981
3210,782,691,0,1,0.5628649595826952
3211,196,365,1,1,0.6837564122690156
3212,674,354,0,0,0.000453236555626294
3213,411,2,0,0,0.0021342004509037477
3214,820,176,0,0,0.08613290047368
3215,11,326,0,0,0.004419291987934068
3216,604,634,0,0,0.00038587639466861024
3217,392,203,0,0,0.0011914491553116813
3218,816,828,0,1,0.5215960754451952
3219,272,831,0,0,0.03431286087258886
3220,661,528,0,0,0.05429880822713794
3221,471,843,1,1,0.7093753608130546
3222,815,377,0,0,0.00041099770214772025
3223,203,503,0,0,0.0028630081404221685
3224,415,278,0,0,0.034923874020268336
3225,105,949,0,0,0.0010393462394397831
3226,820,204,0,0,0.3265142912961431
3227,13,69,0,0,0.007372834164457543
3228,201,962,0,0,0.01876088655258186
3229,90,17,0,1,0.5644619862739898
3230,699,704,1,1,0.8358423662465584
3231,17,542,0,0,0.01769511638898049
3232,296,51,0,0,0.037709503101505615
3233,945,66,0,0,0.044245201210019014
3234,607,754,0,0,0.16760253815483736
3235,937,30,0,0,0.0007305279046447128
3236,192,583,0,0,0.018448863826951455
3237,76,66,0,0,0.0006794009738152056
3238,491,335,0,0,0.0516269548604181
3239,616,714,1,1,0.5744904317908767
3240,763,969,0,0,0.0006954054049290347
3241,445,192,0,0,0.0010617122696720785
3242,661,473,0,0,0.0008889037924369792
3243,472,103,0,0,0.08228000434341239
3244,104,835,0,0,0.012774056494325703
3245,17,776,0,0,0.005676284706941481
3246,378,754,0,0,0.003415033646874187
3247,250,237,0,1,0.5332934706045472
3248,335,453,0,1,0.69188623593268
3249,229,833,0,0,0.0013111050736799403
3250,227,325,0,0,0.0009382336695179029
3251,928,127,0,0,0.06283464481916473
3252,764,681,0,0,0.0006321592806880527
3253,117,82,0,1,0.6933031642624964
3254,479,799,0,0,0.005369048835275638
3255,186,89,0,0,0.019406794987218236
3256,151,935,0,0,0.009444964063827988
3257,187,870,0,0,0.00011215200824800133
3258,418,301,0,0,0.0034286354417098664
3259,198,103,0,1,0.6402096404617345
3260,621,400,0,0,0.004274450065228763
3261,154,695,0,0,0.0004455686597409396
3262,775,339,1,1,0.6692856668005132
3263,444,804,0,0,0.00047640142838678513
3264,970,970,0,0,0.001922652465790444
3265,3,911,0,0,0.0008439648660363601
3266,563,925,0,0,0.00627368188187542
3267,485,917,0,0,0.0006667290650952296
3268,454,338,0,0,0.0010078268059389465
3269,858,478,0,1,0.7235729116580734
3270,941,140,0,1,0.6940740050764559
3271,446,167,0,0,0.31458736277803323
3272,148,829,0,0,0.0007080458854395558
3273,378,398,0,0,0.0006359933235992493
3274,701,366,0,0,0.0009144442735585179
3275,15,359,0,0,0.011683912279108442
3276,528,495,0,0,0.0005620965426421613
3277,600,505,0,0,0.003669406489810264
3278,856,881,1,1,0.8682169410001214
3279,294,826,0,0,0.1763099432205813
3280,777,967,0,0,0.1935452274160755
3281,815,821,0,0,0.013665871280650534
3282,512,180,0,0,0.00043053482848327417
3283,861,826,0,0,0.13483932426356343
3284,559,628,1,1,0.8237855766020323
3285,896,797,0,0,0.0032663111196634537
3286,77,117,0,1,0.7252024354563619
3287,300,318,0,0,0.01363029911895884
3288,584,196,0,0,0.38572330557987733
3289,971,306,0,0,0.0011129408498306793
3290,59,650,0,0,0.010669167050893848
3291,613,344,0,1,0.5230052414746786
3292,99,466,0,0,0.0009609068877382585
3293,87,157,0,0,0.0008832668181274718
3294,343,485,1,1,0.6861212805705235
3295,615,375,0,0,0.29557239326221546
3296,614,20,0,0,0.39676748794067124
3297,972,662,0,0,0.00041537182620882384
3298,641,497,0,0,0.01088249504038659
3299,592,157,0,0,0.0010053009994746296
3300,891,377,0,1,0.7260888278001834
3301,171,573,1,1,0.8853012138598098
3302,840,971,0,1,0.6920694584849563
3303,777,619,0,1,0.6138797200209956
3304,394,184,0,0,0.027715364394234894
3305,555,216,0,0,0.0033922633456298363
3306,549,713,1,1,0.7670721177432468
3307,153,689,0,0,0.03498140580414537
3308,312,721,0,0,0.08833307998266406
3309,676,449,0,1,0.7599505604089736
3310,159,249,1,1,0.6765908141309364
3311,290,230,1,1,0.6484935031738972
3312,924,926,0,0,0.0003891939572449797
3313,773,800,0,0,0.0004423551628080133
3314,955,732,0,0,0.0008297560984020205
3315,398,312,0,0,0.24555517553985498
3316,212,972,0,1,0.7327331167818213
3317,293,707,0,0,0.0003772833818459176
3318,347,351,0,0,0.005739394665678992
3319,743,820,0,0,0.00534588673111877
3320,55,661,0,0,0.0007635789049381597
3321,192,390,0,0,0.001480938370061892
3322,194,126,0,0,0.0003649209036157119
3323,536,605,0,0,0.0005020260682765684
3324,559,179,0,0,0.0010149984564246485
3325,930,106,0,1,0.7175036973752433
3326,821,698,0,1,0.5001249368143182
3327,402,625,0,1,0.6851150763214148
3328,645,871,0,0,0.3826164504398906
3329,417,600,0,0,0.0035822842967202307
3330,447,411,0,0,0.0007088975142971252
3331,929,112,0,1,0.6846574827391883
3332,422,973,0,0,0.0003843299779241442
3333,349,842,0,0,0.00041682661566336705
3334,135,108,0,1,0.6029990450543827
3335,428,764,0,0,0.3405557844062731
3336,521,241,0,0,0.019492024994064397
3337,250,815,0,0,0.0033316959111750035
3338,245,379,0,0,0.0010688900786440345
3339,860,622,0,0,0.0005301731850966163
3340,555,58,0,1,0.7163426493447237
3341,502,772,0,0,0.0008263939816493125
3342,629,730,0,0,0.0005746118553723378
3343,317,942,0,0,0.005792235684916883
3344,650,504,0,0,0.0005397289659384631
3345,322,276,1,1,0.6940801105702896
3346,960,622,0,0,0.019275307019676127
3347,887,599,0,0,0.0020494101293223868
3348,166,107,0,0,0.010346845496444924
3349,442,261,0,0,0.0007488570609332116
3350,954,158,0,1,0.5597804209758805
3351,746,876,0,0,0.0004110866849384009
3352,852,827,0,0,0.0006017377015202397
3353,273,45,0,0,0.0009114240180433722
3354,534,974,1,1,0.8270460093034742
3355,429,899,0,0,0.00048103268408971
3356,916,431,0,1,0.5833745701036253
3357,203,351,0,0,0.00043501301890199275
3358,311,427,0,0,0.20179061861438943
3359,104,849,0,0,0.05091070836982182
3360,319,584,0,0,0.004303773180772155
3361,607,814,0,0,0.4338804967865117
3362,714,148,0,0,0.0005168438134659279
3363,967,664,0,0,0.0004744084888672044
3364,246,374,0,0,0.16448286009789498
3365,835,94,0,1,0.7739592084985888
3366,182,781,0,0,0.0002474795266769809
3367,208,259,0,0,0.37069601458746126
3368,82,975,0,0,0.0006847195631575865
3369,464,153,0,0,0.013035735784300164
3370,416,563,0,0,0.378596273962348
3371,522,370,0,1,0.6334830589810383
3372,523,885,0,0,0.10084795008174638
3373,327,0,0,0,0.17666911846662045
3374,401,305,0,0,0.0004970572818813486
3375,426,677,1,1,0.6625581393049099
3376,879,314,0,0,0.0028096199617266534
3377,798,61,0,0,0.004438033458671253
3378,799,568,1,1,0.5549732062296898
3379,262,11,0,0,0.005782353138523398
3380,414,793,0,0,0.016332835806398327
3381,34,976,1,1,0.8022204415233919
3382,7,930,0,0,0.012937041332476466
3383,362,387,0,0,0.0005867371814255275
3384,266,431,0,0,0.00942387550679193
3385,836,906,1,1,0.7402028637908677
3386,447,398,0,0,0.0004999917119958265
3387,725,909,0,1,0.552239007785494
3388,417,100,0,0,0.2515748839987817
3389,653,566,0,0,0.0012309723104826763
3390,701,754,0,0,0.004572299659169012
3391,826,940,0,0,0.00037812368976804364
3392,75,369,0,0,0.009737016595046687
3393,575,40,0,1,0.6594865662585838
3394,637,119,0,0,0.0006466629981691387
3395,258,943,0,0,0.0009605389001271211
3396,104,83,0,0,0.0010523781424631774
3397,973,210,0,0,0.0015719187624849578
3398,418,381,0,0,0.0012927825883481984
3399,765,701,0,0,0.02486074470347829
3400,530,873,0,0,0.0006680719740971425
3401,726,663,0,0,0.00046552003556850433
3402,974,429,1,1,0.6779797493804907
3403,73,832,0,0,0.02619576993982239
3404,944,214,0,0,0.0383206071111539
3405,975,928,0,0,0.0006582856580755683
3406,820,36,0,1,0.6910204031673733
3407,340,228,0,0,0.0038458208446174764
3408,605,883,0,0,0.0004612763255605365
3409,56,275,0,0,0.006987662080851049
3410,246,975,0,0,0.0004612057027148727
3411,187,679,0,0,0.00042271397011484443
3412,737,101,0,0,0.0013444487919399759
3413,331,507,0,0,0.000392745059526323
3414,16,344,0,0,0.4411450305094533
3415,966,109,1,0,0.35437500172686476
3416,445,382,1,1,0.843630771773642
3417,840,862,0,0,0.020920454838198668
3418,583,498,0,0,0.0002857500135740392
3419,25,595,0,0,0.005853688831652712
3420,795,580,0,1,0.7485932844283244
3421,466,775,0,0,0.00574201830298891
3422,613,92,1,1,0.634644003163579
3423,346,456,0,0,0.0025429623600399047
3424,874,856,0,1,0.743569953159854
3425,396,726,0,0,0.0007566698270724813
3426,199,190,0,0,0.020417131255808477
3427,844,608,0,0,0.0063791162231300325
3428,16,340,0,0,0.0006729002587485638
3429,681,977,1,1,0.7616828258434606
3430,245,158,0,0,0.0016092156101598094
3431,796,519,0,0,0.013236914824237117
3432,119,667,0,0,0.0014269022974891677
3433,568,224,0,0,0.1925837793485337
3434,359,823,0,0,0.019864608043510677
3435,731,596,0,0,0.0002439284243956376
3436,166,332,0,1,0.8077855621249421
3437,181,103,0,0,0.18413426772727665
3438,666,556,0,1,0.7630454862582258
3439,70,601,0,0,0.0005288357197510992
3440,692,888,0,0,0.31011308782745606
3441,804,261,0,0,0.0005932191658393202
3442,377,87,0,0,0.00032838214433173753
3443,498,109,0,0,0.021911622652055346
3444,221,339,0,1,0.5472756044073998
3445,67,513,0,0,0.000566097962493566
3446,327,68,0,0,0.006602411058248806
3447,105,835,0,0,0.40525348667412864
3448,767,301,0,0,0.35774031645926885
3449,90,510,0,0,0.0020702006825806577
3450,41,279,0,0,0.0023137688961176474
3451,419,869,0,0,0.0025534056061771015
3452,434,474,0,0,0.0219964357213137
3453,818,944,0,0,0.01909336971990338
3454,961,107,0,0,0.0011774828253977734
3455,139,838,0,0,0.0003557591995387535
3456,390,695,0,0,0.0025052787682088157
3457,389,805,0,1,0.7722642213810744
3458,608,643,0,0,0.0013240037553802972
3459,574,75,0,1,0.5372396559811277
3460,867,201,1,1,0.5807651051617989
3461,687,832,1,1,0.6027417191451918
3462,811,315,0,0,0.0007325991211323446
3463,726,487,0,0,0.08091268353922777
3464,927,377,0,0,0.0014298208659550091
3465,256,493,0,0,0.013861863041240579
3466,691,875,0,0,0.003081821858022025
3467,779,690,1,1,0.7797535021377021
3468,573,59,0,0,0.0002510968831769996
3469,919,46,0,0,0.0007407845079864862
3470,398,839,0,0,0.0024687438356100154
3471,481,254,0,0,0.19568400665279742
3472,223,787,0,0,0.11239023520552234
3473,973,175,1,1,0.672792599612016
3474,683,84,0,0,0.0007551490434721115
3475,620,762,0,0,0.0018105251531510852
3476,348,891,0,0,0.0003949040003415602
3477,936,448,0,0,0.001957069271947428
3478,423,628,0,0,0.0019379989571875608
3479,747,779,0,0,0.15026574646325122
3480,48,978,0,1,0.5515649742428004
3481,693,607,0,0,0.0008348310974432108
3482,430,879,0,0,0.0005053922059442729
3483,125,979,0,0,0.0008685328505370558
3484,82,141,0,0,0.0026659507414608496
3485,959,20,0,0,0.07970341077475677
3486,628,651,0,0,0.03463618145760059
3487,22,106,0,0,0.0003082551597545101
3488,198,154,0,0,0.17357220301654094
3489,894,495,0,0,0.0009579464900169592
3490,953,146,1,1,0.7708237244486175
3491,894,24,0,0,0.0003397509335586863
3492,881,733,1,1,0.7094919142642948
3493,685,431,0,0,0.00718199633353162
3494,976,772,0,0,0.0008870082120010948
3495,547,150,0,0,0.05856035009708654
3496,223,481,0,0,0.3110095991493801
3497,513,55,0,0,0.09016953689785884
3498,818,667,0,1,0.6375297560507405
3499,152,980,0,0,0.003061103669960444
3500,823,36,0,1,0.7116590661694115
3501,603,195,0,0,0.006372012903074238
3502,591,719,0,0,0.00043871038409397357
3503,723,903,0,0,0.0015783949131639443
3504,691,981,0,0,0.0006781270621905216
3505,369,531,1,1,0.9438329373684272
3506,826,980,0,0,0.004961577078885979
3507,385,837,0,0,0.0014718964473443058
3508,9,954,0,1,0.7607274497599369
3509,975,761,1,1,0.5251948028803943
3510,318,381,0,0,0.015405284326490527
3511,127,800,0,0,0.0002548216705830014
3512,271,199,0,0,0.0023419339122365376
3513,177,732,0,0,0.00037929456053740774
3514,447,248,0,1,0.7433262155768862
3515,713,619,0,0,0.0016259406371581064
3516,522,237,0,0,0.20470684327708905
3517,449,326,0,0,0.001030689552507573
3518,599,12,1,1,0.7377155463221419
3519,73,216,0,0,0.0006812748464608905
3520,326,315,0,0,0.0015262772375938972
3521,248,261,0,0,0.05565692380866
3522,934,488,0,0,0.0004566841147388874
3523,124,982,0,0,0.01646450642129327
3524,781,439,0,0,0.001822712182339025
3525,252,793,0,0,0.28581109791437415
3526,974,907,0,0,0.0005265925868241936
3527,199,846,0,0,0.0015716907597598238
3528,428,736,0,0,0.0005161694752925811
3529,630,664,0,0,0.08788186818282158
3530,133,778,1,1,0.6879230371808118
3531,772,882,0,0,0.003480104699081419
3532,270,36,0,0,0.00970230113447508
3533,4,416,0,0,0.0027883977740660393
3534,731,15,0,0,0.0003976076981444242
3535,454,555,0,0,0.0021043162540855713
3536,158,649,0,0,0.013932083399522923
3537,764,579,0,0,0.00043567322138293686
3538,105,288,0,0,0.08365671404988526
3539,803,741,0,0,0.01475138276960669
3540,520,552,0,0,0.0007516976805088907
3541,780,588,0,0,0.11835899451242358
3542,846,129,0,0,0.024859361630177088
3543,805,364,0,0,0.40578136022810346
3544,606,627,1,1,0.703289565792611
3545,972,273,0,0,0.000700397211125845
3546,101,971,0,0,0.4427593649352204
3547,431,313,0,0,0.0009400387837991364
3548,717,380,0,0,0.008627425094834865
3549,974,633,0,0,0.0012614592541127325
3550,796,200,0,0,0.0008807270582068205
3551,166,740,0,0,0.0031699766963966774
3552,836,410,0,0,0.018303084421850364
3553,29,810,0,0,0.022945374756209475
3554,873,717,0,0,0.37283673880842727
3555,753,765,0,0,0.001362929262220398
3556,641,85,0,0,0.012947228274180567
3557,132,543,0,0,0.40360613086795916
3558,166,535,1,1,0.7596323346274078
3559,490,948,0,0,0.369519816232563
3560,977,53,0,0,0.0004728503261054419
3561,790,573,0,0,0.0011625636536026513
3562,32,110,0,0,0.0018771996279060425
3563,530,482,1,1,0.8050626831320623
3564,738,643,0,0,0.0008605991998041549
3565,559,941,0,0,0.0005478424805122628
3566,540,804,0,0,0.2102923608551605
3567,327,506,0,0,0.032828649995978246
3568,255,978,0,0,0.11485672020342202
3569,107,983,0,0,0.0006025943128585295
3570,463,21,0,0,0.0010526956935430778
3571,795,93,0,1,0.7555039058542876
3572,9,605,0,1,0.5920735706086794
3573,431,253,0,1,0.7545014528616667
3574,975,693,0,0,0.0007318440358893781
3575,882,805,0,0,0.021962436746971386
3576,719,915,0,1,0.6792855162633578
3577,677,899,0,0,0.02432459269647886
3578,96,823,0,0,0.0009984225095491653
3579,733,641,0,0,0.0010687020319773224
3580,237,768,0,0,0.008245901066369004
3581,881,882,0,0,0.001406378688906981
3582,871,975,0,0,0.00857086025394084
3583,578,961,1,0,0.47889207079855767
3584,354,778,0,0,0.002675132737317396
3585,711,744,0,0,0.0012564182129400677
3586,119,223,0,0,0.00813455067035704
3587,529,661,0,0,0.0003324190927656526
3588,495,969,0,0,0.0006942811375206659
3589,839,402,0,0,0.0015045140961422862
3590,593,433,0,0,0.00041554551133348247
3591,677,274,0,0,0.0956186949261515
3592,938,129,0,0,0.02119248408134999
3593,926,365,0,0,0.0007615277432228051
3594,610,136,0,1,0.7773099909066161
3595,371,847,0,1,0.5121911168958856
3596,806,396,0,0,0.01924580797063657
3597,479,97,0,0,0.35155487752000936
3598,41,152,0,0,0.013828355192691042
3599,619,480,0,0,0.17675481448499197
3600,689,258,0,1,0.7471062535542284
3601,243,518,0,0,0.00840533576725384
3602,935,280,0,0,0.29416808096152564
3603,94,250,0,1,0.6289064344841881
3604,798,462,0,0,0.00036245570175993014
3605,901,153,0,0,0.0752052607879127
3606,592,40,0,0,0.0010288712181009197
3607,664,272,0,0,0.0010850359170709637
3608,414,824,0,0,0.005957222867822263
3609,883,453,0,1,0.727324995771641
3610,348,713,0,0,0.0008184731904759868
3611,233,982,0,0,0.0008634560916563102
3612,390,366,0,0,0.001388807593277297
3613,468,457,0,1,0.6465537145299123
3614,822,268,0,0,0.024137333565406524
3615,31,22,0,1,0.629761736308021
3616,701,745,0,0,0.001201372302372471
3617,863,87,0,0,0.08574312546259759
3618,449,809,0,0,0.0003688426052651753
3619,532,194,0,0,0.06289073338730435
3620,460,478,0,0,0.026208498603199723
3621,957,682,0,0,0.0031238752642745353
3622,372,291,0,0,0.0007654671567100353
3623,513,984,0,0,0.0005108429228525992
3624,832,985,1,1,0.5533106719250046
3625,876,370,0,0,0.012557892959538798
3626,733,375,0,1,0.6411646405410769
3627,805,403,0,0,0.0005511671808069115
3628,650,242,0,0,0.02718834427999886
3629,73,852,0,1,0.6143173664420144
3630,56,403,0,0,0.0007325991211323446
3631,415,353,0,0,0.4708031096750745
3632,816,154,0,0,0.0005324701603847127
3633,639,377,0,0,0.0014648818755739785
3634,285,893,1,1,0.5811311446057791
3635,229,104,0,0,0.00039492259638252336
3636,237,113,1,1,0.6230316235914201
3637,890,329,0,0,0.4089106046609327
3638,566,88,0,0,0.0013266311096390127
3639,36,677,0,0,0.13685753599685488
3640,787,771,0,0,0.006651837921989474
3641,885,706,0,1,0.7623974813588842
3642,2,186,0,0,0.09269897672143466
3643,978,883,0,0,0.0008759304280920619
3644,857,948,0,0,0.0004800958596068518
3645,811,348,0,0,0.10596336960495645
3646,710,64,0,0,0.0005519384136934623
3647,658,225,0,1,0.7393788299082316
3648,115,826,1,1,0.6597904476023726
3649,189,914,0,0,0.003473015956579138
3650,223,40,0,0,0.001856277771125164
3651,877,904,0,0,0.002914944106200687
3652,421,522,0,0,0.0008528361016854516
3653,617,45,0,1,0.7434733458846915
3654,922,362,0,0,0.022140794567611925
3655,451,244,1,1,0.6645105862939974
3656,78,498,0,0,0.00025480981721391833
3657,851,835,0,0,0.10778362247648515
3658,435,194,0,0,0.0009939302161970918
3659,492,179,0,0,0.0006559915091484323
3660,543,726,1,1,0.7580344306391443
3661,13,683,0,0,0.1827675447309936
3662,509,839,0,0,0.24385331231462729
3663,297,782,0,0,0.00046550818219942135
3664,386,18,1,1,0.8257978572432294
3665,117,105,0,0,0.19875602083978502
3666,718,439,0,0,0.07194502351751476
3667,53,324,0,1,0.7054823013721844
3668,859,456,0,0,0.0014158203105406027
3669,428,210,0,0,0.002665826370345279
3670,948,369,0,0,0.0634954554670656
3671,151,279,0,0,0.001014891337896648
3672,809,842,0,0,0.0006920759889835822
3673,787,634,0,0,0.0005368873179453304
3674,9,35,0,0,0.00304154566470249
3675,187,750,0,0,0.0003397509335586863
3676,788,294,0,0,0.0003191484059418739
3677,834,879,0,1,0.7249966662988059
3678,553,397,0,0,0.0003075246525796838
3679,755,872,0,0,0.0012625376880470705
3680,814,661,1,1,0.9383502232582964
3681,924,269,0,0,0.003050398780317676
3682,6,164,0,0,0.3255343245102047
3683,81,610,0,0,0.0036508138988750804
3684,638,487,0,0,0.3021594997015486
3685,347,566,0,0,0.0005533401638308914
3686,385,241,0,0,0.004134450195260142
3687,846,80,0,0,0.001105701867247398
3688,426,429,0,0,0.12400490020806361
3689,722,546,0,0,0.02176305546079524
3690,532,456,0,0,0.11660925571133535
3691,380,721,0,0,0.0661674734490998
3692,543,869,0,0,0.0025226047848218654
3693,852,938,1,1,0.8225947152870738
3694,883,567,0,0,0.0008450062505363013
3695,799,831,0,0,0.008259637633507537
3696,509,663,0,0,0.001469167227304856
3697,354,631,0,0,0.04607390357034982
3698,79,318,1,1,0.6417449590101412
3699,62,571,1,1,0.7488996522605526
3700,456,924,0,0,0.0013519182043020212
3701,455,294,0,0,0.3426361205134304
3702,386,368,0,0,0.0008803152330528614
3703,37,865,1,1,0.7424739146366729
3704,861,196,0,0,0.04033057910457037
3705,603,832,0,1,0.5838549090737752
3706,979,5,0,0,0.09108686225030933
3707,210,465,0,1,0.6054359434379836
3708,590,951,0,0,0.0008351321974242058
3709,481,282,0,0,0.1528521920880017
3710,767,478,0,1,0.6343784913496824
3711,390,286,0,0,0.00045606074370891774
3712,840,717,0,0,0.0006175438694460938
3713,655,906,0,0,0.014723814320452723
3714,953,136,0,0,0.17777814313903176
3715,191,777,0,0,0.0006709586034091596
3716,107,116,0,1,0.6810539438653704
3717,39,366,0,0,0.0015144783562923614
3718,527,789,0,0,0.05846694023922819
3719,452,751,0,0,0.43289611357141633
3720,735,673,1,1,0.7515231067534814
3721,844,752,0,0,0.0014950234780275247
3722,428,180,0,0,0.34854555468664794
3723,465,164,0,0,0.40371297755106883
3724,69,399,0,0,0.011405092124504737
3725,964,571,0,0,0.006809794805059308
3726,472,148,0,0,0.007884432353401683
3727,762,601,0,0,0.0004947357691910222
3728,791,821,0,0,0.0014051563579958412
3729,498,188,0,0,0.003754424482260951
3730,282,492,0,0,0.000424779975195573
3731,468,415,0,0,0.4940689956059138
3732,270,818,0,0,0.0004546267893811406
3733,808,964,0,0,0.05583560665853358
3734,933,585,0,0,0.000536949234324899
3735,403,494,0,1,0.5696279544736529
3736,144,589,0,0,0.0003947712788284878
3737,825,613,0,0,0.005304326299466332
3738,268,367,0,0,0.0004390830092716051
3739,156,36,0,0,0.09705746777673896
3740,862,765,0,0,0.01689429877302328
3741,142,468,0,0,0.011583220199309978
3742,150,372,0,0,0.0003956099666473209
3743,932,677,0,0,0.00495698473582513
3744,601,887,0,0,0.001397445764583029
3745,389,688,0,0,0.04085305255346869
3746,427,136,0,0,0.20512267848014454
3747,640,32,0,0,0.002050577656450326
3748,980,279,0,0,0.0035159726337273462
3749,148,986,0,1,0.7903065931315665
3750,95,127,0,0,0.00046978979165559093
3751,669,517,0,1,0.6759709734875631
3752,236,97,0,0,0.00044301536528895745
3753,417,893,0,0,0.0020125625731039604
3754,240,169,0,1,0.5003092121089111
3755,62,626,0,1,0.5891112039171189
3756,13,961,0,0,0.0030386733456506504
3757,132,76,0,1,0.7410050731437274
3758,446,611,0,0,0.011002514330568472
3759,191,951,0,0,0.0009636938757743257
3760,379,719,0,0,0.000664619097660652
3761,371,92,0,0,0.01729021148713008
3762,162,328,0,0,0.0013944717958908346
3763,68,885,0,0,0.00029591610572209174
3764,845,894,0,1,0.547331663819693
3765,971,111,0,0,0.0011434218625557865
3766,947,100,0,0,0.0006355875907493976
3767,92,293,1,1,0.6929932627009455
3768,347,104,0,0,0.0338206144752436
3769,929,225,0,1,0.718175543856479
3770,781,170,0,0,0.032545850506602074
3771,623,868,0,0,0.0007342488719751695
3772,480,390,0,0,0.002397738096616786
3773,502,667,0,0,0.012216757713852633
3774,484,345,0,0,0.0017974246470795474
3775,129,245,0,0,0.013956176196223946
3776,914,879,0,1,0.7275103652407476
3777,653,884,1,1,0.6671397741584139
3778,399,283,0,0,0.007148736882968604
3779,113,855,0,0,0.4812978070680758
3780,715,173,0,0,0.0028001682810207804
3781,226,746,0,0,0.0005992882945848443
3782,330,407,0,0,0.3964660228552019
3783,745,235,0,0,0.0008785331655956208
3784,55,960,0,0,0.0011898279777540787
3785,238,760,0,0,0.0008597121234656276
3786,112,840,0,0,0.01690362036563757
3787,86,98,0,0,0.003927732955611829
3788,493,930,0,0,0.0010300685985446339
3789,746,330,0,0,0.0008445175855687179
3790,365,236,0,0,0.013138055058249838
3791,744,411,0,0,0.0016358782683783086
3792,771,965,0,0,0.00018408437585373016
3793,574,397,0,1,0.7917763736522394
3794,971,690,0,0,0.32891375593635275
3795,133,28,0,0,0.005611157817074069
3796,173,810,0,1,0.5162945420376106
3797,39,613,0,0,0.0019517431649199136
3798,321,593,0,0,0.002016328602749351
3799,981,692,0,0,0.0038513590730832855
3800,834,638,1,1,0.7218400033917023
3801,581,312,0,0,0.0015948602267559615
3802,239,394,0,1,0.5352782203519691
3803,963,949,1,1,0.5230091439330762
3804,390,275,0,0,0.003454375698995477
3805,361,657,0,1,0.635099776118951
3806,72,57,0,0,0.11872100878244314
3807,116,966,0,0,0.0006372409838145786
3808,424,241,0,0,0.0003293216297981557
3809,363,470,0,0,0.01921923166962382
3810,938,457,0,0,0.014687724772774387
3811,52,498,0,0,0.0003750755513469897
3812,95,152,0,0,0.0002996388835647897
3813,663,188,0,0,0.006473398843294425
3814,911,945,0,0,0.00018408437585373016
3815,243,97,0,0,0.3918607015000174
3816,851,182,0,0,0.0022696355646047335
3817,511,187,0,0,0.0005830404418091585
3818,453,605,0,0,0.0005881352727356341
3819,870,906,0,0,0.16626697728497788
3820,420,259,0,0,0.06645604057948598
3821,366,533,0,0,0.0754253828041776
3822,651,288,0,0,0.002463905171142168
3823,490,762,0,0,0.00030276953922554143
3824,10,544,0,0,0.000995870272768093
3825,835,920,1,1,0.7968211076324025
3826,173,749,0,1,0.7519041104919857
3827,585,19,0,0,0.0051346151272225835
3828,255,595,0,1,0.752122260505341
3829,212,773,0,0,0.471263934559331
3830,147,281,1,1,0.7293703125733075
3831,268,948,0,1,0.684106417872415
3832,281,605,0,1,0.7020641872939302
3833,404,325,0,1,0.71712678161017
3834,142,800,0,0,0.08914845187828271
3835,730,596,0,0,0.13344812602562853
3836,582,654,0,0,0.0007080889019155657
3837,56,613,0,1,0.7370129793775603
3838,936,769,0,0,0.006943516301327172
3839,98,511,0,0,0.007009602630762136
3840,982,147,0,1,0.8452674096691116
3841,576,866,0,1,0.6265878968183064
3842,784,397,0,0,0.002327664265119747
3843,408,488,0,0,0.0001857784142356768
3844,942,170,0,0,0.0007882283590739205
3845,215,315,0,0,0.08893901710010209
3846,381,327,0,0,0.07218076348250363
3847,50,49,0,0,0.0012954542041034745
3848,361,276,0,1,0.6883048216724232
3849,341,212,0,0,0.005618732432954073
3850,373,302,0,0,0.02613007659149883
3851,408,474,0,0,0.06169287412814287
3852,590,362,0,0,0.22329222810048555
3853,725,418,0,1,0.5689463057875301
3854,848,62,0,0,0.0011548927549228142
3855,377,69,0,0,0.0003891939572449797
3856,391,842,0,0,0.36042690286777235
3857,902,561,0,0,0.0011347141865509672
3858,122,468,0,0,0.005242123123231548
3859,180,24,0,0,0.001332895862536301
3860,499,897,0,0,0.0006002268129190205
3861,40,131,0,0,0.0003187659532046706
3862,89,113,0,1,0.6837192327968228
3863,950,454,0,0,0.0008044401210338389
3864,383,902,0,0,0.02103774672099012
3865,529,437,0,0,0.09783981702669936
3866,888,744,0,0,0.0007596127920347877
3867,571,518,0,0,0.001786946580217256
3868,731,905,0,0,0.00034426744221528624
3869,795,599,0,0,0.03094116118875574
3870,632,160,0,0,0.0005674864643468953
3871,722,201,0,0,0.11701304980055882
3872,816,462,0,0,0.0016978066700658544
3873,793,603,0,0,0.22277695828656527
3874,162,843,0,0,0.00046196893328716114
3875,910,298,0,1,0.6175074917256083
3876,56,952,0,0,0.0002510968831769996
3877,204,140,0,0,0.006454410608922446
3878,766,831,0,0,0.0010109618069461953
3879,591,270,0,0,0.0003582749284635243
3880,582,149,0,0,0.0002546479854583429
3881,662,16,0,0,0.0018898437384850101
3882,431,706,1,1,0.7633721476139814
3883,715,474,0,0,0.0802642900654936
3884,866,859,1,0,0.493935367508031
3885,430,272,0,0,0.0039013716225266407
3886,793,300,0,0,0.0005513511998799718
3887,505,893,0,0,0.00035064417974605013
3888,34,919,0,0,0.000892862357646992
3889,594,956,0,0,0.030941591296151132
3890,968,217,1,1,0.6289109042376393
3891,594,724,0,0,0.011235928339452791
3892,845,550,0,1,0.7650087221172561
3893,3,309,0,0,0.013085049952840877
3894,208,423,0,0,0.0012702011655654918
3895,622,418,0,0,0.49039619654262245
3896,291,268,0,0,0.07031590606164388
3897,140,201,0,0,0.001941567477828751
3898,725,529,0,1,0.7317060801773817
3899,730,237,0,0,0.010573286053603043
3900,804,263,1,1,0.7235545000562686
3901,907,307,0,1,0.6660618574433741
3902,150,119,0,0,0.06048558467093938
3903,610,220,0,0,0.0009871569983936545
3904,265,242,0,0,0.0002576951742492366
3905,655,383,0,0,0.039686613595283055
3906,827,102,0,0,0.0361832419881226
3907,727,808,1,1,0.7158306920897698
3908,289,822,0,1,0.8132135447048735
3909,48,89,0,0,0.06449386770961123
3910,550,427,0,0,0.21028118465212528
3911,155,835,0,0,0.05381572326591781
3912,155,865,0,0,0.013378249721214182
3913,517,958,0,0,0.252973517371374
3914,741,227,0,0,0.0004007695756652731
3915,510,979,0,0,0.00043515928181263026
3916,165,365,0,1,0.5109243858235994
3917,282,17,0,1,0.5848021424933827
3918,907,206,0,1,0.7181296901010609
3919,310,23,0,1,0.615772774333594
3920,789,818,0,0,0.0006852342088513947
3921,983,337,0,0,0.002008097029287394
3922,306,774,0,0,0.0009090230914878267
3923,971,698,0,0,0.4676918341590448
3924,804,839,0,0,0.4815399424647724
3925,628,82,0,1,0.6928627511901092
3926,623,197,0,0,0.0002125457756178224
3927,243,876,0,0,0.006031704409812216
3928,153,692,0,0,0.0008201733745711655
3929,379,292,0,0,0.0015039222877080668
3930,94,691,0,1,0.5913143478176935
3931,957,605,0,0,0.011466631459040571
3932,259,388,0,1,0.7545478329258742
3933,656,939,0,0,0.0006491679406298717
3934,649,623,0,0,0.02818095466692588
3935,743,612,0,0,0.0005089856830107679
3936,447,55,1,1,0.8703785579152497
3937,501,889,0,0,0.0012094775679831493
3938,346,568,0,0,0.00047798535043055317
3939,918,961,0,0,0.0004546267893811406
3940,316,817,0,0,0.0018219721346345822
3941,800,758,0,0,0.002448459913158123
3942,452,932,0,0,0.000648917769974781
3943,921,947,0,0,0.19773424889632857
3944,130,895,0,0,0.0012244209916924445
3945,583,711,0,0,0.39272226909016544
3946,863,942,0,0,0.0019841184534512067
3947,112,266,0,0,0.003865948402236877
3948,568,957,0,0,0.00038900508258632433
3949,476,192,0,0,0.0011714167773789759
3950,621,907,0,0,0.0009238547408451444
3951,954,572,0,0,0.000415172208886387
3952,136,103,0,1,0.7882038960474668
3953,961,785,0,0,0.002731620998553076
3954,501,438,0,0,0.00081178323800633
3955,758,821,0,0,0.0003579612124468946
3956,529,643,0,1,0.7200867819966045
3957,629,674,0,0,0.0005494783311944222
3958,601,513,0,0,0.0009013330564252821
3959,841,272,1,0,0.045464218514567147
3960,231,458,0,0,0.0011172820722836214
3961,704,475,0,0,0.004308325735853708
3962,701,493,0,0,0.006083210589153536
3963,562,892,0,0,0.0018326102708991073
3964,388,399,0,0,0.33058919722638486
3965,19,718,0,0,0.09656963475952622
3966,206,909,0,0,0.002927641300035317
3967,0,727,0,0,0.0008499934128575451
3968,211,954,0,1,0.7290568631402536
3969,597,676,0,0,0.0009234764000933043
3970,206,749,0,0,0.002803661563218629
3971,811,613,0,1,0.5640240822688309
3972,298,730,0,0,0.06555644221732895
3973,464,279,0,0,0.011948873648915472
3974,208,435,0,0,0.00173161393468182
3975,753,877,0,1,0.7794844068320862
3976,633,25,0,0,0.008162855559025043
3977,750,725,0,0,0.0007108373130289943
3978,912,756,0,1,0.5408801217674113
3979,327,359,0,0,0.0005652121111823485
3980,741,211,1,0,0.4248991782244034
3981,754,510,0,0,0.025262568169492846
3982,249,557,1,1,0.7068126458853701
3983,193,383,0,0,0.1998623762873092
3984,671,609,0,0,0.0015491006253346025
3985,858,25,0,1,0.6036253317113149
3986,206,71,0,0,0.0017856684700790313
3987,480,952,0,0,0.00034279821017244423
3988,5,961,0,0,0.0007287905753781441
3989,387,867,0,0,0.009093217427032235
3990,622,100,0,0,0.0010335686665472637
3991,725,233,0,0,0.20525960123016873
3992,894,244,0,0,0.0005410683816928397
3993,60,101,0,0,0.004668713842932174
3994,674,987,0,0,0.00029309215748005976
3995,805,450,0,0,0.0006360928365339383
3996,206,33,1,0,0.4521417149402204
3997,360,285,0,0,0.0036343024249331692
3998,914,877,0,1,0.7914102728788065
3999,914,433,0,1,0.6249788663439297
4000,483,815,1,1,0.8109831053470502
4001,576,663,0,0,0.03544515117055108
4002,652,492,0,0,0.2556970117590791
4003,97,152,1,0,0.03895824852203448
4004,949,896,0,0,0.03615841199602174
4005,619,106,0,1,0.727078531119955
4006,974,29,0,0,0.049995221936067175
4007,929,386,0,0,0.025138836241403926
4008,467,513,0,0,0.02943075594674983
4009,288,709,1,1,0.7361502369572038
4010,452,739,0,0,0.41796114619115554
4011,524,525,0,0,0.01618781729456227
4012,438,162,0,0,0.48633237683687547
4013,820,610,0,1,0.7449999220189641
4014,211,140,0,0,0.03151271726128285
4015,34,495,0,1,0.7555440681053786
4016,770,495,0,0,0.011033997898862655
4017,187,972,0,0,0.00041977541563221793
4018,132,412,0,1,0.692827441685144
4019,331,109,0,0,0.0002857500135740392
4020,325,688,0,1,0.5017477894858628
4021,695,312,0,0,0.0012466339303117187
4022,602,196,1,1,0.8174832947817761
4023,508,719,0,0,0.0006515177189481311
4024,244,982,0,0,0.0006806027035428823
4025,449,480,1,1,0.7838574019073928
4026,457,448,1,1,0.7366409562505002
4027,449,655,0,0,0.0010379699478374825
4028,984,835,0,0,0.0346776025086619
4029,43,40,0,0,0.0012252135238293997
4030,265,818,0,0,0.0022671645915222725
4031,853,923,0,1,0.6689420514041542
4032,394,788,0,0,0.002202116273049011
4033,493,257,1,1,0.8708640548978666
4034,563,968,0,0,0.01103943143671392
4035,283,981,0,0,0.00029309215748005976
4036,785,291,0,0,0.08770026107057
4037,699,212,0,0,0.000495428120941088
4038,699,654,0,0,0.00793862283166238
4039,544,986,0,0,0.00046698313769250223
4040,932,928,0,0,0.1681384769734793
4041,418,129,0,0,0.001819628175299193
4042,625,187,0,0,0.0008193436011675716
4043,42,339,0,1,0.6849666762023151
4044,107,605,0,0,0.03164440936429434
4045,261,438,0,0,0.38181574172542115
4046,673,631,0,0,0.12664266532251392
4047,226,268,0,0,0.0008177079340941872
4048,850,742,0,0,0.0024998000844350487
4049,599,839,0,0,0.0030743895243296065
4050,591,970,0,0,0.0010924960826210702
4051,599,949,0,0,0.18400950241765873
4052,430,113,0,0,0.0014008776444557444
4053,794,403,0,0,0.0014409970553700064
4054,744,403,0,0,0.02517491626724289
4055,680,640,0,1,0.7701951939855951
4056,638,948,0,1,0.7042305378407901
4057,178,170,0,0,0.001653016018725437
4058,421,855,0,1,0.6232571163991485
4059,380,318,0,0,0.1680773200784675
4060,242,140,0,0,0.07990703096902038
4061,183,524,0,0,0.0009579077482322031
4062,276,119,0,0,0.0038197684503409463
4063,347,386,0,0,0.004455434474213434
4064,362,121,0,1,0.7628774691963699
4065,601,235,0,0,0.0030471444326322624
4066,205,236,0,0,0.07535759249569346
4067,596,306,0,0,0.3384573819823827
4068,200,294,0,0,0.00048068303784295466
4069,616,487,0,1,0.7191382572605945
4070,960,408,0,0,0.0026194807434950225
4071,747,114,1,1,0.7184995125006537
4072,818,712,0,1,0.7200983063889655
4073,985,419,0,0,0.09251685608811297
4074,910,218,0,0,0.0011096817700088804
4075,496,227,0,0,0.0003891939572449797
4076,551,80,0,0,0.40379176515078236
4077,508,953,0,0,0.06886126546419463
4078,577,585,0,0,0.0019243190161386072
4079,334,398,0,0,0.0003849052738501932
4080,309,376,0,0,0.0016265747968893713
4081,528,744,0,0,0.001260923447701483
4082,942,577,1,1,0.9502909481887695
4083,203,475,0,0,0.004386249960283814
4084,253,256,0,0,0.008062466871475363
4085,54,737,0,0,0.0004721695717479003
4086,380,783,0,0,0.009266091131261906
4087,605,779,0,0,0.01152801617749124
4088,834,863,0,1,0.69139313964752
4089,275,273,0,0,0.0006813360767467776
4090,138,100,0,0,0.0011041466836974277
4091,914,449,0,1,0.7815602700547782
4092,276,707,0,0,0.0004917236101519809
4093,661,446,0,0,0.00028157717859606386
4094,321,743,0,0,0.0019176953915585218
4095,750,180,0,0,0.002162083474672763
4096,90,855,0,1,0.5846882249964476
4097,413,476,0,0,0.0026499375355103025
4098,875,497,0,0,0.0010565933107784173
4099,27,832,0,0,0.00044463324611766373
4100,500,236,0,0,0.00157971239517672
4101,448,332,1,1,0.7674617700584495
4102,219,488,0,1,0.6356313526203279
4103,225,974,0,1,0.6605953917373539
4104,120,270,0,0,0.0012197574944019269
4105,237,767,0,0,0.015647148214857284
4106,753,253,0,1,0.7480956777595034
4107,311,424,0,0,0.001706611497099313
4108,867,281,0,0,0.00048280568236086426
4109,371,738,0,0,0.04973377768148526
4110,613,180,0,0,0.0003433020358400296
4111,839,847,0,0,0.00036712740272535987
4112,195,643,0,0,0.0005552165696752852
4113,404,934,0,0,0.1684648938183319
4114,29,101,0,0,0.02700574040184609
4115,78,97,0,1,0.7239812752898344
4116,772,103,0,1,0.5659356697792693
4117,343,14,0,0,0.0478971577042018
4118,742,550,0,0,0.0021415951115332276
4119,7,502,0,0,0.3362185206804194
4120,20,166,1,1,0.8323263316245683
4121,66,469,0,0,0.0003582749284635243
4122,734,489,0,0,0.00035514883503356693
4123,893,599,0,0,0.0006385628491988376
4124,837,549,0,0,0.028753096757922054
4125,986,277,0,0,0.01936113168930226
4126,630,567,0,0,0.0003075246525796838
4127,106,751,0,0,0.24462388692144268
4128,175,667,0,0,0.04351713512306972
4129,434,708,0,0,0.004483013040480229
4130,188,979,0,0,0.002085666543698624
4131,109,560,0,0,0.021825877430515638
4132,918,212,0,1,0.8019170444668591
4133,433,746,0,0,0.00036668881106450885
4134,944,852,0,0,0.00029664325976140306
4135,161,70,0,0,0.0008446172656234279
4136,145,905,0,0,0.0028636212215976662
4137,245,183,1,1,0.674643739970519
4138,684,799,0,0,0.0005967702681206635
4139,836,562,0,0,0.058133417260339645
4140,360,988,0,0,0.00396309870013549
4141,46,12,0,1,0.7287779117578955
4142,426,207,0,0,0.002753969700907706
4143,604,143,0,1,0.6464302302437739
4144,136,378,0,0,0.0006651077209695589
4145,74,588,0,1,0.7047805086270574
4146,200,163,0,0,0.000610715098785116
4147,291,384,0,1,0.7680069036124881
4148,841,529,0,0,0.0005733910573024509
4149,504,179,0,0,0.01640922037341866
4150,536,727,0,0,0.011957328531973876
4151,639,316,0,0,0.0011308529201707088
4152,112,164,0,0,0.0008853317431273028
4153,632,927,0,0,0.0012654044369918582
4154,71,493,0,0,0.0011069797691066153
4155,568,886,0,0,0.0008419761813301191
4156,889,45,0,0,0.0009490191777877595
4157,151,472,0,0,0.0025632689239849576
4158,122,521,0,1,0.5800213505433537
4159,398,328,0,0,0.00208524651345265
4160,925,176,0,0,0.012135602077752777
4161,827,94,0,0,0.0014238669001016707
4162,73,196,0,0,0.015294295149973294
4163,277,57,0,0,0.0008520448269712602
4164,779,94,0,0,0.001239743207222998
4165,513,243,0,0,0.40005104606214986
4166,971,500,0,0,0.0017054717921859283
4167,369,482,0,0,0.1745443431373181
4168,888,347,1,0,0.36329995681177285
4169,851,613,0,0,0.0008376756699624759
4170,486,43,0,0,0.0032189213351733496
4171,872,896,0,0,0.12562867823543508
4172,595,489,0,0,0.002846564438828554
4173,313,148,0,1,0.5159838564981661
4174,678,728,0,0,0.004162051496248484
4175,45,690,0,0,0.1852053115912157
4176,589,266,1,1,0.7458206137428972
4177,936,317,0,1,0.6384844549478695
4178,349,916,0,0,0.0033298294396769085
4179,453,375,0,0,0.030810990778440735
4180,984,796,0,0,0.07634694046951651
4181,303,373,0,1,0.6279681417683374
4182,338,72,0,1,0.6757531373039385
4183,72,258,0,1,0.6216230840083585
4184,986,493,1,1,0.7663534539875962
4185,151,658,0,0,0.005990065591538037
4186,462,585,0,0,0.06160359407403078
4187,282,402,0,0,0.0036566782796773386
4188,24,613,0,1,0.7385873090838335
4189,746,238,0,0,0.005279140209221722
4190,812,751,0,0,0.0429648918134611
4191,606,707,0,0,0.0009192851437702317
4192,420,835,0,0,0.35409176220260336
4193,793,31,0,0,0.019636914587142444
4194,285,837,0,0,0.0013519004052007814
4195,564,726,0,0,0.00041908476024574257
4196,907,448,0,0,0.0005335740134587454
4197,983,309,0,0,0.011649778076476413
4198,830,624,0,0,0.010755519296410878
4199,241,565,0,0,0.026226149109821975
4200,749,180,0,0,0.0002546479854583429
4201,438,218,0,1,0.6428629310789461
4202,789,794,0,0,0.045761989986345356
4203,11,667,0,0,0.0013851212264283444
4204,510,486,0,0,0.0002546479854583429
4205,364,637,0,0,0.000778093325151329
4206,187,641,0,0,0.0003891939572449797
4207,723,207,0,0,0.0008186895238948837
4208,655,408,0,0,0.06080313671422519
4209,455,868,0,0,0.006514608179794224
4210,277,915,1,1,0.6337927401661438
4211,693,971,0,0,0.0004469289788452109
4212,897,671,0,0,0.0008328258524764196
4213,66,904,1,1,0.6978923939145489
4214,352,278,0,0,0.15460519700436415
4215,987,368,0,1,0.7626424217474214
4216,756,261,0,0,0.007534757331585127
4217,72,19,0,1,0.7409532173816146
4218,513,591,0,0,0.48223161341283777
4219,808,49,0,0,0.37963530195254686
4220,717,41,0,0,0.0012553678450408507
4221,988,157,0,0,0.11519388175166392
4222,344,46,0,0,0.0938457643787701
4223,457,823,0,0,0.005783954077176513
4224,139,277,0,0,0.18593306036521048
4225,355,62,0,0,0.15175511878012887
4226,349,119,0,0,0.002113411020987547
4227,880,403,0,0,0.03651933853040151
4228,721,826,0,0,0.004377459369609863
4229,973,989,0,0,0.021631087634102916
4230,617,922,0,0,0.010841976181330119
4231,932,410,0,0,0.00023695369897090327
4232,433,546,1,1,0.7640973491448192
4233,134,639,0,0,0.00046468611344920475
4234,746,899,0,0,0.01892373374348558
4235,552,725,0,0,0.0005301731850966163
4236,538,908,1,1,0.6627295198841573
4237,320,470,0,0,0.0017672240450974808
4238,864,980,0,0,0.038937124203138655
4239,93,485,0,0,0.0003513140382935128
4240,14,66,0,0,0.055607393629090354
4241,247,848,1,1,0.7144149303936215
4242,921,274,0,0,0.010600853302586784
4243,437,477,0,0,0.0003806467256820081
4244,468,480,0,0,0.0029310254794191366
4245,700,672,0,0,0.0013302892367365495
4246,42,936,0,0,0.019786951629283244
4247,547,771,1,1,0.8130389823947258
4248,395,685,1,0,0.4530131188696365
4249,716,4,1,0,0.017691053250523732
4250,838,795,1,1,0.7263008499130538
4251,829,95,1,1,0.6787850105578045
4252,87,425,0,0,0.0021350708531837855
4253,599,245,0,0,0.0004640413422507172
4254,764,625,0,0,0.0048686872007797305
4255,315,134,0,0,0.0012332742080706524
4256,46,757,0,0,0.0009935811439084508
4257,767,25,1,1,0.703072138207129
4258,267,488,0,0,0.0007465747471766766
4259,150,401,0,0,0.07436243912442901
4260,448,630,0,0,0.006930365304289516
4261,915,31,0,0,0.06992084128593834
4262,527,545,0,0,0.0006571046011753809
4263,701,602,0,0,0.12190166829620078
4264,203,492,0,0,0.26636367842574576
4265,938,265,0,0,0.010353217984329867
4266,186,333,0,0,0.0005513511998799718
4267,50,964,0,0,0.07669681244329239
4268,712,520,0,0,0.011157202792100876
4269,833,279,0,0,0.003331876663036419
4270,593,121,0,0,0.0004991893144782978
4271,684,209,0,0,0.000518181796395884
4272,391,344,0,0,0.09938312694803182
4273,736,268,1,1,0.7899878682112477
4274,73,755,0,0,0.00026975359959491004
4275,472,188,0,0,0.08031450297063503
4276,803,414,0,0,0.06351676581512739
4277,584,145,0,0,0.0005282199605169444
4278,55,299,0,1,0.683672706906608
4279,109,545,0,0,0.0012056098664133665
4280,572,63,0,0,0.04848558017223399
4281,715,849,1,1,0.7708815865288736
4282,480,563,0,1,0.629779742140937
4283,134,791,0,0,0.005150436732293463
4284,280,837,0,0,0.0028090333566432733
4285,283,771,0,0,0.00032784553856824735
4286,787,575,0,0,0.019518305748588382
4287,252,824,0,0,0.004023812045166789
4288,683,857,0,0,0.0032108912385336442
4289,691,521,0,0,0.0020952954068442107
4290,106,739,0,1,0.6173531445977138
4291,186,90,0,1,0.7333883025414788
4292,402,745,0,0,0.007980445660080182
4293,285,369,0,0,0.00116447182166645
4294,168,159,1,0,0.4177837723827647
4295,774,670,0,0,0.11138106311374005
4296,262,340,0,0,0.0004907423619110189
4297,910,75,0,0,0.35765621618828375
4298,892,390,1,1,0.7370984651190606
4299,284,957,0,0,0.10252790612007046
4300,194,799,0,0,0.001570211408695285
4301,789,617,0,0,0.000643122655801118
4302,989,920,0,0,0.1240300356317231
4303,926,686,1,1,0.6107463240639427
4304,587,545,0,1,0.6637343946940436
4305,770,16,0,0,0.001789376047840141
4306,54,316,0,0,0.0007403661937984375
4307,93,987,0,0,0.00033691864383793654
4308,553,754,0,0,0.0003319049639850804
4309,521,696,0,1,0.7657817262754226
4310,450,638,0,1,0.7833756844165072
4311,324,884,0,1,0.754837566136262
4312,564,990,0,0,0.0007135872420257234
4313,158,545,0,0,0.0014814194565506672
4314,422,620,0,0,0.06391288712461378
4315,943,632,1,1,0.7503770829086635
4316,747,29,0,0,0.001577909965275956
4317,920,3,0,0,0.000903553292489868
4318,451,111,0,0,0.0015032400790256453
4319,935,344,0,0,0.26056349172497784
4320,237,269,0,1,0.546565911509545
4321,582,564,0,0,0.0069656891132858735
4322,636,745,0,0,0.0011330304094878702
4323,292,720,0,0,0.0015368834727265562
4324,319,518,0,0,0.008716211990021932
4325,290,62,0,0,0.0010621360480264279
4326,455,660,0,0,0.1256735030274983
4327,781,857,0,1,0.6650304226253065
4328,260,956,0,0,0.017254394169552986
4329,822,504,0,0,0.003805940454085025
4330,791,419,0,0,0.1824740022747701
4331,698,662,0,0,0.00044141622130155497
4332,128,251,0,0,0.07500674419465023
4333,495,20,0,0,0.3287093978218204
4334,679,731,0,0,0.0013692179949098746
4335,164,705,0,0,0.0005760077501131375
4336,414,152,0,0,0.0033572453839114252
4337,458,840,0,0,0.0009397296741916716
4338,556,124,0,0,0.12106199199337576
4339,390,489,0,0,0.025279072663014487
4340,37,395,0,0,0.0016637879858765981
4341,461,695,0,1,0.7444264961299233
4342,532,898,0,0,0.0006751008571454788
4343,249,530,0,0,0.036434153182236056
4344,878,806,0,0,0.00261914593828352
4345,855,798,0,0,0.002284577679301349
4346,842,698,0,0,0.041900212837810445
4347,707,41,0,0,0.0015364940777191053
4348,345,894,0,0,0.0007552719809734423
4349,52,299,0,0,0.00018666074249945708
4350,895,871,0,0,0.0005422138703853123
4351,476,26,0,0,0.016460625999087538
4352,611,23,0,0,0.002406244799703373
4353,505,779,0,0,0.3179887221658769
4354,74,520,1,1,0.8027292406695021
4355,572,876,0,0,0.210415108149231
4356,347,105,0,0,0.01715230175462261
4357,792,701,0,0,0.02134136772099441
4358,949,466,0,0,0.14097290966050902
4359,711,92,0,0,0.1269034262337574
4360,202,459,0,0,0.0016017478022967685
4361,82,152,0,0,0.0007904725878254142
4362,575,47,0,0,0.0006347408337291163
4363,651,967,0,0,0.013667358591856478
4364,775,225,0,1,0.5928552921322825
4365,431,782,0,0,0.0005544704772808434
4366,78,665,0,0,0.02066573713598606
4367,774,412,0,1,0.692827441685144
4368,930,535,0,1,0.8178891540333756
4369,734,38,0,0,0.0004942742663734016
4370,616,138,0,0,0.3370486219191686
4371,90,639,0,1,0.7184382539112838
4372,328,135,0,0,0.024556227756058556
4373,113,550,0,0,0.0003592539876003719
4374,870,468,0,0,0.023243203986706117
4375,982,419,1,1,0.8734571966213571
4376,617,576,0,0,0.0009037006694448293
4377,629,429,0,0,0.008785726363090947
4378,360,479,0,0,0.00039136149093981957
4379,886,653,0,0,0.0003319049639850804
4380,535,811,0,0,0.001432942135556979
4381,688,128,1,0,0.04217792597376222
4382,172,255,0,0,0.0003956312470269061
4383,603,516,1,1,0.880230341233365
4384,486,240,0,0,0.0030215055196020457
4385,681,155,0,0,0.0006939734715465755
4386,826,534,0,0,0.12024025401039103
4387,705,300,0,0,0.0009382336695179029
4388,795,17,1,1,0.7144621564639041
4389,974,903,0,0,0.07565419493222876
4390,42,82,0,1,0.7384462163038081
4391,700,705,0,0,0.001693124880361285
4392,664,34,0,0,0.00043039350455233676
4393,148,406,0,0,0.099456404319859
4394,579,394,0,0,0.021091932586900574
4395,980,478,0,0,0.02399160845257897
4396,48,119,0,0,0.008749460282793196
4397,948,393,0,0,0.4314920856417087
4398,192,849,0,0,0.2512914992237198
4399,969,734,0,0,0.0008637335996544973
4400,853,676,0,0,0.23153087412516724
4401,812,924,0,0,0.0007597094624580596
4402,516,989,0,1,0.7255138075298526
4403,846,888,0,0,0.00043515928181263026
4404,944,631,0,0,0.0013148594059502377
4405,567,191,0,0,0.2091623188658832
4406,802,842,0,0,0.30591313890678146
4407,247,333,0,0,0.0005888468785676696
4408,554,599,0,0,0.15167305378463822
4409,361,6,0,0,0.02358750664237489
4410,422,959,0,0,0.07429116294141387
4411,316,844,0,0,0.0005023884041169365
4412,600,875,1,0,0.21250540256969125
4413,222,944,0,0,0.002728581471692552
4414,871,159,0,0,0.136285325863076
4415,12,292,0,0,0.0010053340958964862
4416,903,478,0,0,0.007344242619565915
4417,684,3,1,1,0.8283309968239196
4418,645,656,0,0,0.0005812728181370994
4419,332,770,0,0,0.0006606997822745602
4420,80,845,0,0,0.001683421625678786
4421,276,60,0,0,0.0009282363160389487
4422,726,138,0,0,0.09233309610791948
4423,533,445,0,1,0.7770703665162456
4424,808,504,0,0,0.0011200335735225568
4425,261,440,0,0,0.21939295909075593
4426,311,376,0,0,0.0004991893144782978
4427,321,543,0,0,0.004527220342004686
4428,181,316,0,0,0.02807351053276876
4429,856,246,0,0,0.0006848871790281209
4430,560,64,0,0,0.0025908932973786134
4431,950,789,0,0,0.0037100397495787828
4432,334,100,0,0,0.020970831017955195
4433,833,180,0,0,0.0006494560953862016
4434,989,866,0,0,0.0016821272511006792
4435,540,148,0,0,0.011286969982072813
4436,218,544,0,0,0.00043871038409397357
4437,672,901,0,0,0.0031442447858285494
4438,407,632,0,0,0.019096396041489435
4439,88,874,0,0,0.001110660318041073
4440,404,630,0,1,0.5465778690393424
4441,259,989,0,0,0.3431294384362365
4442,265,486,1,1,0.7081521301328643
4443,311,29,0,1,0.7255781424727078
4444,964,704,0,0,0.004309047748846549
4445,204,650,0,0,0.0008193436011675716
4446,987,576,0,0,0.127865671336834
4447,539,132,0,0,0.00045779591482620447
4448,142,232,0,0,0.04718279570073047
4449,193,60,0,1,0.529369591936652
4450,256,882,1,1,0.7176877618640506
4451,164,991,0,0,0.0010370223261312287
4452,281,608,0,0,0.02128214962776352
4453,979,252,0,0,0.0013788302561217628
4454,902,87,0,1,0.7450871590705813
