pair_id,label,probability,prediction
2070627808#2056478070,0,0.2076817899942398,0
4479070818#4323500485,0,0.031199686229228973,0
2455800880#4972894326,0,0.34686028957366943,0
4593095274#3214249595,0,0.028195060789585114,0
4206242446#4206267336,0,0.9814422726631165,1
3551393318#3513178266,0,0.7049987316131592,1
2078774568#4672808661,0,0.0010573872132226825,0
4643718292#4200577198,0,0.026720218360424042,0
4401870234#2058148983,0,0.005153627600520849,0
2069774757#3431879179,0,0.02675006538629532,0
4256622048#4346970606,0,0.0012203778605908155,0
3764759336#4034038494,0,0.11309496313333511,0
2114341514#2062075977,0,0.9525812864303589,1
6015919609#1557919756,0,0.008841502480208874,0
1701333916#2026258516,0,0.0006707080756314099,0
3903296442#1953270965,0,0.6530612707138062,1
4435686270#1574873794,0,0.6053476929664612,1
18465816919#2057811649,0,0.0011189528740942478,0
1728174549#4991881534,0,0.8027356266975403,1
8431814058#1627587582,0,0.0012995877768844366,0
4804861605#4780994423,1,0.8601535558700562,1
4851901157#1326086493,0,0.00037973409052938223,0
1639219119#2296574953,0,0.060998715460300446,0
2062845102#2235828707,0,0.004237845074385405,0
4656986610#1437868238,0,0.0004492441366892308,0
1818739935#4457149562,0,0.0005259145982563496,0
4641374150#2115880476,0,0.001062803901731968,0
1438441444#3642422898,0,0.5092290639877319,1
3836576451#3836676657,0,0.41270768642425537,0
1914706723#3054671141,0,0.0012861613649874926,0
2057342439#4206269897,0,0.0008685017237439752,0
3108657350#178258449477,0,0.5121006965637207,1
4435528162#4530026053,0,0.5234015583992004,1
4232666143#3055576029,0,0.00040212649037130177,0
2059400154#1639390814,0,0.44463658332824707,0
1401982678#8431809688,0,0.17638100683689117,0
4867542841#4659194738,0,0.0038829732220619917,0
3044025040#3411721643,0,0.9075537919998169,1
4581502608#4538419241,0,0.005595138296484947,0
1905948078#1394397775,1,0.9234908819198608,1
1701333916#1374772535,0,0.45238354802131653,0
3557197892#2247165276,0,0.005100812762975693,0
1537709311#4209814745,0,0.28254005312919617,0
4572636295#4535941097,0,0.373496413230896,0
5037293131#4898626808,0,0.0007458783220499754,0
5096293410#1457252585,0,0.0009334329515695572,0
2026258521#2026258520,0,0.6991573572158813,1
4354044382#1416528046,0,0.6958701014518738,1
1639219119#2359435242,0,0.0007131408783607185,0
14613469834#4535949395,1,0.6957122087478638,1
4589595738#4619195159,0,0.06688196957111359,0
4451288784#3446029040,0,0.7437009215354919,1
2058563113#202363939789,0,0.007531705778092146,0
1437868238#4628867825,0,0.0003130408003926277,0
2068436073#4129122420,0,0.0015607050154358149,0
1640340946#1811606488,1,0.3223707973957062,0
102514982310#1914706723,0,0.0004669048066716641,0
4176217131#3032709817,0,0.9776222705841064,1
2114716134#3903296442,0,0.784278929233551,1
4944579314#2055886100,0,0.052008818835020065,0
2275666316#1711687490,0,0.01605427823960781,0
2062770841#2067377960,1,0.8387254476547241,1
2977755545#50016874555,0,0.0007540143560618162,0
50602314209#4471122121,0,0.45988643169403076,0
4479096588#4261185678,1,0.2425345629453659,0
97115452949#4479095804,0,0.011953171342611313,0
3487828521#1594535010,0,0.0004584031121339649,0
6871473475#4065721591,0,0.0012164389481768012,0
2092174215#1816430010,0,0.016225164756178856,0
2183968048#1374772550,0,0.0005645950441248715,0
1914403252#4206242446,0,0.000903695123270154,0
3289002540#3289002505,0,0.022386305034160614,0
4298588573#3772512066,0,0.7619599103927612,1
3836676657#4542321633,0,0.23921164870262146,0
4022447951#14613456118,0,0.013490278273820877,0
29608029868#4915591396,0,0.000512781844008714,0
4867542841#4657354294,0,0.0012062478344887495,0
3525845999#1316058339,0,0.001235456089489162,0
3791139342#2314360284,0,0.012648091651499271,0
5018389488#4538419241,0,0.0036129204090684652,0
1639390814#1430988070,0,0.00046269461745396256,0
2150036453#3926867260,0,0.32469630241394043,0
3642422898#3107598853,0,0.7825098633766174,1
1640340946#4408616491,0,0.00035287803621031344,0
4405676807#4304261357,0,0.5154215097427368,1
3882201915#4572374020,0,0.0031847762875258923,0
75959618233#2135054445,0,0.0036859053652733564,0
4973150488#1639390814,0,0.0012618713080883026,0
4304261357#4214739605,0,0.78614342212677,1
4454965094#4450888165,1,0.9471139311790466,1
2111350136#2113288221,0,0.13531240820884705,0
2169220658#5165108496,0,0.5502102375030518,1
1816428069#3227376447,0,0.6454877853393555,1
2119398744#2165015487,0,0.9083366394042969,1
1784900254#97115452949,0,0.0010514004388824105,0
146777938215#364679238122,0,0.02537006139755249,0
8431809688#53263275323,0,0.0007136905333027244,0
4215038721#4726704241,0,0.0006530834943987429,0
2727127831#4202096119,0,0.9552101492881775,1
2062766801#2113760999,0,0.4795207679271698,0
4231111906#4232471781,0,0.05052994191646576,0
3794247232#2727127831,0,0.39669981598854065,0
3269719212#2066246683,0,0.4522722363471985,0
4003298247#4397595587,0,0.055292755365371704,0
4272843119#3836676657,0,0.02954086661338806,0
1811606488#2452901483,0,0.5744060277938843,1
2061309144#2059483876,0,0.14399075508117676,0
14613464513#146011937628,0,0.02204037271440029,0
3347114660#4687116172,0,0.0017006617272272706,0
3580539229#1701333916,0,0.007718310691416264,0
18468188878#4658620132,0,0.0018842293648049235,0
1840606003#4149299298,0,0.0005332906148396432,0
14613588147#14613464473,0,0.02182234637439251,0
3794247232#4898626808,0,0.014342901296913624,0
1646144729#1427286361,0,0.0008025805582292378,0
2054657150#4761512241,0,0.0007505732355639338,0
5318769457#5169257623,0,0.0007082566153258085,0
1635692869#2058316912,0,0.2284005582332611,0
2057685237#4165585148,0,0.007910475134849548,0
4489521100#3439202323,1,0.9037360548973083,1
2338916683#3770456617,0,0.0019203420961275697,0
3461052410#3259289288,0,0.006279639899730682,0
5318769457#5210078086,1,0.3314514458179474,0
4259241183#2074458538,0,0.468574583530426,0
4542039020#4761512241,1,0.8338390588760376,1
2066509477#1718471304,0,0.001859975280240178,0
4542386587#1656969942,0,0.11625786870718002,0
4210986952#46983614517,0,0.00038145954022184014,0
2124411604#4232471781,0,0.0006239800713956356,0
3628533316#3446029040,0,0.0008320944616571069,0
2604119334#2027890207,0,0.0008827779092825949,0
54158093151#4479070818,0,0.0014101811684668064,0
2455800880#2118416856,0,0.005755614023655653,0
2027929598#4450602322,1,0.7686529159545898,1
3501285885#1639699607,0,0.001068753655999899,0
2075914534#3054434630,0,0.10801731050014496,0
4483987744#5154681248,0,0.0006759790703654289,0
4643943359#2296451977,0,0.2550777196884155,0
5173394727#146011948003,1,0.9090331792831421,1
4687116172#1347237190,0,0.0010095041943714023,0
3882201915#2122362220,0,0.4795181453227997,0
1752749942#4247271139,1,0.6857321262359619,1
1770010645#55721888445,0,0.001249705906957388,0
4699280965#1694379811,0,0.0012790114851668477,0
4130010417#4448830722,0,0.6377560496330261,1
1313607746#4726704241,0,0.0004949875874444842,0
4620685919#4718263231,0,0.028624581173062325,0
3609077013#3474372520,1,0.9442597031593323,1
4272885125#1701333916,0,0.0007279407582245767,0
4316999113#4176217131,0,0.0009429007768630981,0
3831256267#4542039020,0,0.0006609552656300366,0
1914403252#4479070818,0,0.0012691450538113713,0
2113288221#3903296442,1,0.7941474318504333,1
4804861605#4130010417,0,0.001263148384168744,0
2068602973#2078774568,0,0.6893454790115356,1
157726428514#167570408533,1,0.5999253988265991,1
422592070627#14613456118,0,0.0023701288737356663,0
2092938385#2057986140,1,0.9106605648994446,1
1701333847#1398443073,0,0.6777902245521545,1
18466210670#4750249486,0,0.0011822140077129006,0
4589678847#4619195159,0,0.04106689244508743,0
2111041560#2056078364,0,0.5943461656570435,1
3050045988#1951195150,0,0.38003700971603394,0
3227376447#1813034413,0,0.6956524848937988,1
3347114660#1427286361,0,0.0006779545801691711,0
117154450703#3999176481,0,0.0005561249563470483,0
4898626808#3046471496,0,0.0046859304420650005,0
3108657350#5183692300,0,0.004767505452036858,0
1653994308#4613276653,0,0.8586387634277344,1
50602314209#53263275323,1,0.8288842439651489,1
2111041560#1694379812,0,0.24550706148147583,0
4034038494#2338916683,0,0.0008323839865624905,0
2296493468#4535949395,0,0.9860926270484924,1
373850283306#3054671141,0,0.027210796251893044,0
100995265790#1633806208,0,0.30304861068725586,0
4635981164#4825375981,0,0.258266419172287,0
4289086328#3836576451,0,0.5069230794906616,1
1557919756#1319944364,0,0.9427603483200073,1
2092610519#3269719212,0,0.09190288931131363,0
3594649033#3359180524,0,0.5600821375846863,1
5090005101#212394033260,0,0.023541612550616264,0
125323389433#4223934140,0,0.581956148147583,1
4656986610#2168053481,0,0.11216016858816147,0
4259429802#4260680249,0,0.7445383071899414,1
3929215225#2007847537,0,0.7906031608581543,1
14613588147#54158093151,0,0.06690370291471481,0
4479096850#107725296889,1,0.2306656390428543,0
4161797606#4132281843,0,0.031816113740205765,0
1903466347#3487828521,0,0.16953802108764648,0
2058316912#4851901157,0,0.6579157710075378,1
1810185303#3557197892,0,0.025547854602336884,0
3236601708#1438326380,0,0.00035350091638974845,0
2124411604#4536041187,0,0.002006986876949668,0
1684789889#2977755545,0,0.0009774425998330116,0
1382214880#2111041560,0,0.9163780212402344,1
18468695966#2068602973,0,0.8983871936798096,1
4926426630#114453608394,0,0.005211322568356991,0
2003710867#3630377420,0,0.7423245906829834,1
219547393842#2114341514,0,0.004406185355037451,0
378133536273#2455842713,0,0.0015653327573090792,0
3404019592#1847712017,0,0.8758265376091003,1
2114341514#8431809688,1,0.9024413228034973,1
1533602348#3594649033,0,0.845783531665802,1
2254264382#23230310067,0,0.47385576367378235,0
4667944802#3648904906,0,0.0033055769745260477,0
2119476678#3644272514,0,0.07715464383363724,0
4215038721#4451124306,0,0.8547544479370117,1
4705583754#4735432768,0,0.019653985276818275,0
2007329552#5018368651,0,0.0009016370167955756,0
156277207697#3401731422,0,0.0004150197491981089,0
2111350136#19705527158,0,0.00038341403705999255,0
4687116172#107725290582,0,0.005629408173263073,0
2026258516#1565913509,0,0.0014925047289580107,0
2115151765#2281691154,0,0.6707505583763123,1
2455800880#4972894677,0,0.8018708825111389,1
10530767652#10175162517,1,0.7808229923248291,1
2079572106#2075416140,0,0.12543390691280365,0
4417849752#18467669365,0,0.0019927769899368286,0
1701333916#1543155210,0,0.0006687412387691438,0
1712080073#2314360284,0,0.0010377794969826937,0
564144132292#4232471781,0,0.002160451142117381,0
378133536273#1416827061,0,0.0009576710872352123,0
4549189933#3114734058,0,0.001852013636380434,0
4623949166#1751364886,0,0.22386766970157623,0
3550979323#1816427364,0,0.0005551163339987397,0
2074019451#2058148983,0,0.0027660788036882877,0
4489521100#21269204096,0,0.0005289374967105687,0
1477156406#309312101477,0,0.0005454723723232746,0
3629624977#2111818909,0,0.002848779782652855,0
2338916683#2339749085,0,0.07391002774238586,0
3055576029#2115880476,0,0.0005320157506503165,0
22859701254#2117948923,1,0.9130187630653381,1
1497880313#4215038721,0,0.002072561765089631,0
3439202323#2003336437,0,0.0014298224123194814,0
1537709317#4057032761,0,0.0017994530498981476,0
1727736762#1712570793,0,0.8544201254844666,1
4623947495#309312102749,0,0.942592442035675,1
4867542841#3896058143,0,0.000305335532175377,0
3882201915#4391919171,1,0.6894040107727051,1
4298588573#4641374150,0,0.5299833416938782,1
1326086493#2057685237,0,0.35401177406311035,0
3648904752#3669306485,0,0.5576430559158325,1
3848611844#4451288784,0,0.006963122636079788,0
3648904752#2113288221,0,0.02678702585399151,0
3359180524#4726704241,0,0.8771318793296814,1
1646206864#4176217131,0,0.2593594193458557,0
2275666316#3052165975,0,0.0009386292076669633,0
4451342506#4157381557,0,0.0007751235971227288,0
3831256267#4549189933,0,0.7478400468826294,1
2066509477#97115452949,0,0.008238735608756542,0
5096293410#2058316912,0,0.0007045422098599374,0
10530767652#1903466347,0,0.053033679723739624,0
4680203965#4643011415,0,0.0005884332349523902,0
309312101477#4623934568,0,0.9205301403999329,1
4451089335#2254264382,0,0.39070817828178406,0
2452901483#343200247912,0,0.0013707045000046492,0
4285709211#4316999082,0,0.7588390707969666,1
309312102749#1718471304,0,0.011179285123944283,0
14613461939#4658620132,0,0.0004962724051438272,0
5041670056#4913742546,0,0.25636419653892517,0
1382214880#2133358535,0,0.8785582780838013,1
3214249597#60367707728,0,0.0014182275626808405,0
4215038721#2056478070,0,0.0015552745899185538,0
150594502346#2059052537,0,0.0006083695334382355,0
3633572726#2092610533,0,0.6014875173568726,1
1427286361#1477293192,1,0.5976098775863647,1
18465721026#4495044650,0,0.0011923862621188164,0
1656969942#1654102057,1,0.5941081047058105,1
3075628047#2027838359,0,0.0009046226041391492,0
4232666143#4657354285,0,0.15966209769248962,0
79993360240#364679238122,0,0.0007940559298731387,0
4579172309#3557197892,0,0.08043181896209717,0
2054657150#4636381625,0,0.17844520509243011,0
49857216438#4346970606,0,0.04934387654066086,0
4535949395#4479096588,0,0.0005946916062384844,0
343200247912#4623934568,0,0.005155877210199833,0
4620685919#2056662276,0,0.0008544582524336874,0
4663785560#4667944802,0,0.6154622435569763,1
4065721591#3485676898,0,0.0007146424031816423,0
2180579787#2183963548,0,0.8801063895225525,1
87820911338#3791139342,0,0.0032063492108136415,0
4658620132#2298730254,0,0.01388716883957386,0
3349756713#167570408533,0,0.000665069732349366,0
4384403228#1721524699,0,0.0009753183112479746,0
4195993580#1646275700,0,0.21485920250415802,0
4450888165#1780678934,0,0.191229909658432,0
3860948251#2058132898,0,0.030866244807839394,0
4274235353#86283717806,0,0.0036314220633357763,0
422592070627#4631852445,0,0.001910568680614233,0
4538419241#1395111624,0,0.00437766220420599,0
3550979323#564144132292,0,0.3088975250720978,0
4215058789#4057032761,1,0.9366512894630432,1
5096293410#1848008894,0,0.0007570263114757836,0
2061673563#3934602500,0,0.3142538070678711,0
5210078086#1565925308,0,0.00046271385508589447,0
2551494872#5003601219,0,0.20476335287094116,0
5185236541#4196030610,0,0.04199422150850296,0
10530767652#3487828521,0,0.5912288427352905,1
2159739481#1694379811,0,0.21859528124332428,0
53263229623#53263275323,0,0.08167927712202072,0
1537709317#1537709311,0,0.04535064101219177,0
3903241588#4943818903,0,0.01525965891778469,0
5037293131#2135316663,0,0.0025708412285894156,0
3259289288#7026230674,0,0.6585036516189575,1
2062766088#4643898157,0,0.009509739466011524,0
1374772550#1398443073,1,0.8043055534362793,1
146011937628#1656969942,0,0.7582544088363647,1
47752312088#4140165052,0,0.0015202159993350506,0
1994805938#2199135578,0,0.6475756168365479,1
4206224036#4659194738,0,0.001139861880801618,0
1430988070#2359435242,0,0.5769346356391907,1
4155510577#4040016243,0,0.3061945140361786,0
1316058339#1319944364,0,0.9447304010391235,1
3628533316#3954668240,0,0.0014711719704791903,0
3926867260#3361906432,1,0.5177187323570251,1
4226659635#4232471781,0,0.05671102553606033,0
3831256267#292830032329,0,0.0018360811518505216,0
1721524699#2114049002,0,0.0035051286686211824,0
1386747994#1395111624,1,0.6944087147712708,1
1528865186#2057145715,0,0.4268297553062439,0
3550979323#4157551094,0,0.000526293704751879,0
3501281334#4150903563,0,0.5390381813049316,1
2062770841#422592070627,0,0.0012636026367545128,0
4223043910#1867286717,0,0.138523668050766,0
4057032761#2163049577,0,0.006487624254077673,0
3361906432#3411721643,0,0.7450169920921326,1
3431879179#4572374020,0,0.0003543508646544069,0
3612961288#3999176481,0,0.07871980965137482,0
38406123057#4642512906,0,0.1925104409456253,0
2057145715#2063588766,0,0.00117549451533705,0
45531943201#5027483278,0,0.4323488175868988,0
124021630369#2727127831,0,0.0005090611521154642,0
3363370353#3419405027,0,0.42500802874565125,0
2058278464#1635692869,0,0.0010641193948686123,0
14613469834#314601953357,0,0.0012478568824008107,0
3347114660#4272137501,0,0.7754089832305908,1
3403917033#4316999113,0,0.0012732738396152854,0
4581502608#1537709308,0,0.0012960389722138643,0
4828387554#3849817492,0,0.020866531878709793,0
1741741476#4680204120,0,0.2845654785633087,0
4804861605#3470148182,0,0.003248706227168441,0
1415647813#7161172305,0,0.05676039680838585,0
1565913509#1456843034,0,0.0005826064734719694,0
2148153592#2113760999,0,0.7009820938110352,1
1528865186#4489521100,0,0.0009418897097930312,0
5007075941#5027483278,0,0.7990041375160217,1
4840773591#4841409785,0,0.0004916894831694663,0
187508564338#2064229512,0,0.0008812929154373705,0
212771874474#4755359264,0,0.4837545156478882,0
4628467232#4065721591,0,0.002620815299451351,0
580549064505#3881831374,0,0.0009007088374346495,0
3920807098#1709057480,0,0.0023058238439261913,0
1312695289#3044853716,0,0.08307424187660217,0
4534359957#187508564338,0,0.02379884384572506,0
4900378668#2199135578,0,0.005719918292015791,0
18467925256#18465851371,0,0.06757326424121857,0
49857216438#3609077013,0,0.0006424227613024414,0
2066624968#4570764341,0,0.6876369118690491,1
3954668240#3054671141,0,0.0066993748769164085,0
5087832312#5090005101,0,0.27050697803497314,0
1751364880#1502384801,1,0.9778034687042236,1
4742698844#1843271409,0,0.0012806375743821263,0
1840606003#1319944364,0,0.8105744123458862,1
50602309472#60367707728,1,0.576328456401825,1
1453532038#1646275700,0,0.3034250736236572,0
1696095096#1627738213,0,0.0008543776930309832,0
2059052537#14613588147,0,0.0005359899951145053,0
2359435242#2116342008,0,0.9281855821609497,1
5167083430#18465721026,0,0.6313362717628479,1
2070791273#1419344414,1,0.7295979261398315,1
5007075941#1778563595,0,0.005038340575993061,0
4129122420#1398682725,1,0.9796018600463867,1
4657354285#18467669365,0,0.0014960976550355554,0
4993036319#113196401893,1,0.48132967948913574,0
3108657350#2111818909,0,0.6205359101295471,1
3032709817#2075240892,0,0.001137913903221488,0
109165560395#2059052537,0,0.0006951989489607513,0
4643943359#2062766088,0,0.008414079435169697,0
4439737347#4439737367,0,0.03478505089879036,0
4401870234#1416301524,0,0.001404708600603044,0
3032709817#4715847880,0,0.0014700614847242832,0
1634282673#1712570793,0,0.8918038010597229,1
3408556286#4900256072,0,0.0006483797333203256,0
4584646241#1497939109,0,0.008271480910480022,0
4437827660#4439737367,0,0.03146642819046974,0
1316058339#2058316912,0,0.0005792422452941537,0
146011937628#3061887519,0,0.8570316433906555,1
79993360240#3055576029,0,0.6638931035995483,1
1951195150#4755359264,0,0.002442970871925354,0
237523614768#435372126625,0,0.020992284640669823,0
1696438060#1415647813,1,0.9495536684989929,1
2059400154#2113760999,0,0.6479274034500122,1
4439737367#4536450435,0,0.5587858557701111,1
3551872495#4792436579,0,0.0007374243577942252,0
3050045988#2074458538,0,0.1586843878030777,0
2115151765#1728174555,0,0.0027994343545287848,0
111110399548#150594502346,0,0.6569883823394775,1
38202857246#2148153592,0,0.0005599537398666143,0
2977755545#4195960848,0,0.0011953258654102683,0
4444196403#5215138753,0,0.0028823071625083685,0
7161172172#7161173338,0,0.6700171232223511,1
18468687381#18468695966,0,0.18374790251255035,0
3628839716#3474685537,0,0.7822316884994507,1
3628533316#2092174215,0,0.0009081958560273051,0
4841409785#4417818851,0,0.10476263612508774,0
4470296934#1816929342,0,0.0003743000270333141,0
1438483240#2062845102,1,0.6812006831169128,1
3880409698#3651289412,0,0.004640517756342888,0
107725292534#2112576214,1,0.8574988842010498,1
86626661064#2314360284,0,0.00047225283924490213,0
4593095274#4401870234,0,0.022700967267155647,0
2075914534#4944579314,0,0.001569705898873508,0
18466202308#4348295931,0,0.0010161380050703883,0
1574873794#1696095096,1,0.8389528393745422,1
4439426144#97115452949,0,0.003560821758583188,0
4662042966#4335156801,0,0.039645493030548096,0
2092610536#4643943359,0,0.002079245401546359,0
4451342506#4479096588,0,0.1685987263917923,0
4470296934#3477269989,0,0.0005517140380106866,0
4748650954#4572636295,0,0.35663890838623047,0
2054657143#4653616782,0,0.010233502835035324,0
2268287413#146778888902,0,0.1160358190536499,0
4316999113#4348295931,1,0.5233350992202759,1
5197586202#4439737347,0,0.0006132684648036957,0
4285491833#2066624973,0,0.00642506405711174,0
3926916973#4535930871,0,0.16373269259929657,0
2977755545#4196030610,0,0.7527505159378052,1
3451234547#3551393318,1,0.5624381303787231,1
4898730640#2063588766,0,0.0007680085254833102,0
1472057117#336556403061,0,0.24422211945056915,0
2115528606#3988152389,0,0.08097100257873535,0
2062867476#2060355842,0,0.0033702736254781485,0
3603201749#2296451977,0,0.0034994769375771284,0
3043492443#4636381625,0,0.0027224505320191383,0
156277208014#1775497794,0,0.0007808837690390646,0
1497939109#2159739481,0,0.7407440543174744,1
2054733437#4439737367,0,0.0005052229389548302,0
38202857246#1951195150,0,0.001622514333575964,0
4206269897#3299599421,0,0.17791612446308136,0
4843831604#4993036319,0,0.710748553276062,1
107725296889#107725292534,0,0.0716291293501854,0
2061673563#2066535766,0,0.000462595431599766,0
2070791273#2175801910,0,0.7175424695014954,1
4210986952#4247271139,0,0.05737278610467911,0
2061309144#1543155210,0,0.14706838130950928,0
4179651570#4272137501,0,0.768913209438324,1
1848008894#1951195150,1,0.5256237387657166,1
4943818903#4385421396,0,0.003511054441332817,0
2314360284#1548108669,0,0.001907958067022264,0
1438483240#1570945860,0,0.9047436714172363,1
1520168707#2168053392,0,0.12028438597917557,0
2120472151#156277514294,0,0.0017910310998558998,0
2060185514#2057145715,0,0.26413851976394653,0
2071751695#4722721497,0,0.004241166170686483,0
4209814745#157726428514,0,0.002254705410450697,0
2056128836#2111818909,0,0.0015787165611982346,0
2176735919#2016866277,1,0.9658282995223999,1
3791139342#3967431643,0,0.0015070553636178374,0
2057811649#2068623358,0,0.21128389239311218,0
3633360460#435372126625,0,0.0007997603970579803,0
3913410158#3245545040,1,0.7165113687515259,1
5031406959#4952978442,0,0.8959723114967346,1
86283717806#1456843034,0,0.0005193818360567093,0
156274514359#4535949395,0,0.9523040056228638,1
2336490445#3075628047,0,0.19585609436035156,0
4804861605#1848008894,0,0.004944434855133295,0
4584646241#3949154929,0,0.597722053527832,1
2062782802#2062766801,0,0.40089088678359985,0
4952978442#1313607746,0,0.004492939915508032,0
14613588147#3880409698,0,0.0006588845863007009,0
117154450703#111110399548,0,0.49244561791419983,0
4667944802#3772512066,0,0.47017285227775574,0
3648904906#3648904752,0,0.6684203147888184,1
5173394727#4161797606,0,0.000506046402733773,0
1816929342#1694379811,0,0.005720211658626795,0
38202856033#38448881724,0,0.5040042400360107,1
3550931655#2066246683,0,0.4831247925758362,0
1914706723#1905948078,0,0.6160711050033569,1
138963214044#4730645460,0,0.001050675055012107,0
4219781521#2181531828,0,0.0016715910751372576,0
4973150488#2455800880,0,0.896263599395752,1
2058222393#3408556286,0,0.0006926229107193649,0
2180579787#2026258516,0,0.8555755019187927,1
343200247912#1477156406,0,0.001103670452721417,0
2064727359#4272885125,0,0.3544434607028961,0
4662042966#4024663252,0,0.02194167673587799,0
3404019592#3299599421,0,0.0013360687298700213,0
4535949395#2058132898,0,0.0018929472425952554,0
3637042235#4327866563,0,0.003941412083804607,0
5167083430#2977755545,0,0.0021629382390528917,0
14613465315#4972894677,0,0.6843656897544861,1
5174571094#2254264382,0,0.7337518334388733,1
4933360994#3046471496,0,0.0026364366058260202,0
2111351705#2111349786,0,0.19268427789211273,0
3629624977#2063839578,0,0.42391830682754517,0
4256622048#4256926363,0,0.18645521998405457,0
4210985419#2135316663,0,0.0014658879954367876,0
3290843987#4479424072,0,0.8270267248153687,1
4898626808#2058132898,0,0.08760238438844681,0
336556403061#4161797606,0,0.389170378446579,0
1920503864#4259429802,0,0.4068041741847992,0
2055448044#5018023921,0,0.00042166211642324924,0
2114049002#309670736915,0,0.001321562216617167,0
4499147142#4929499262,0,0.3884046971797943,0
3772512066#3626237468,1,0.7787110805511475,1
173652977366#197910587768,0,0.47665897011756897,0
2159739481#1438326380,0,0.7066947817802429,1
146777938215#2067179166,0,0.6743226051330566,1
2057811649#4680203965,0,0.8157166242599487,1
4700047151#3055576029,0,0.4754706025123596,0
1453527936#2359435242,0,0.8116405606269836,1
2066509477#4628482537,0,0.6937685012817383,1
5067776785#2111818909,0,0.5333945751190186,1
4536450435#41375214069,0,0.004366014152765274,0
1848008894#18469192585,0,0.001006987993605435,0
14613464473#54158093151,0,0.0598866306245327,0
2057685237#4444196403,0,0.004663002211600542,0
4673557611#4718263231,0,0.20328311622142792,0
14613464473#2062045929,0,0.00045186400529928505,0
4659194738#4973150488,0,0.0006464296602644026,0
3612961288#4130010417,1,0.49643078446388245,0
4755359264#5018368651,0,0.0030451978091150522,0
3988152389#4451089335,0,0.8469009399414062,1
4479424072#4196598949,0,0.9409096240997314,1
1817644740#3926867260,0,0.7829679250717163,1
3603201749#4636446230,0,0.7279056906700134,1
3628533316#5128222238,0,0.0007811803370714188,0
4285709207#4348295931,0,0.7581927180290222,1
4746512285#87820905399,0,0.0008268518722616136,0
4176217131#4353960088,0,0.0023331705015152693,0
1741741476#2068623358,0,0.695442259311676,1
4195993580#1816430010,0,0.10344092547893524,0
4451289887#4470296934,0,0.0006896838312968612,0
5121642074#156893097471,0,0.4460945427417755,0
4147080749#4538419241,0,0.0006257189670577645,0
2112576214#4261185678,0,0.07759814709424973,0
3419405027#3404019551,0,0.21250638365745544,0
3108657350#2148153592,0,0.0026996852830052376,0
1419344414#2027838359,0,0.6461833715438843,1
4657354311#156277207697,0,0.0032749944366514683,0
14613465315#1592254485,0,0.001140520558692515,0
2163049577#4065797638,0,0.0032326120417565107,0
2338131041#5128222238,0,0.0015208784025162458,0
4214739605#4941134416,0,0.6001933813095093,1
1548108669#5163452200,0,0.0008772726287133992,0
4808134153#2007847537,0,0.018297147005796432,0
4150903563#4065795443,0,0.9483814239501953,1
4195960848#4145496082,0,0.7110864520072937,1
2168053481#4589595738,0,0.07397675514221191,0
4223934140#4589820532,0,0.7653089761734009,1
3651289412#1765891797,0,0.6189360022544861,1
2114341514#18467925256,0,0.2020319700241089,0
4129122420#3400442486,0,0.961488664150238,1
3438816692#1415647813,0,0.8459669351577759,1
2062845102#5197586202,0,0.0006096055149100721,0
4289077889#18468695966,0,0.007769820746034384,0
564144132292#138963214044,0,0.008123897947371006,0
2359474749#1594535010,1,0.9247317910194397,1
1878732185#1914706723,0,0.8378218412399292,1
2075416140#4635981164,0,0.9367725253105164,1
7026230674#156277514294,0,0.0011139309499412775,0
3501285885#395685899087,0,0.36008238792419434,0
2199135578#113196401893,0,0.001748660346493125,0
2057342439#1810185303,0,0.0009529250091873109,0
2026258520#2181531828,1,0.8344053030014038,1
4589678847#2168053481,0,0.03875649720430374,0
5041670056#2063588766,0,0.8946171998977661,1
1696208496#2027838359,0,0.9185395240783691,1
4456625974#4750249486,0,0.7163869142532349,1
3282474651#5090005101,0,0.028587082400918007,0
2062766088#2062782802,0,0.6195448040962219,1
4451288784#3446029041,0,0.7696692943572998,1
3896015808#5174571094,0,0.01939614862203598,0
1778563595#197910587768,0,0.0061760940589010715,0
2054733437#2070908197,0,0.0005224060150794685,0
2135316663#1312695289,0,0.7593984007835388,1
3517506225#4658620132,0,0.0006926776259206235,0
4658620132#3054671141,0,0.1822195053100586,0
2074458538#2026258520,0,0.0025600669905543327,0
38202856033#2168053481,0,0.0010292546357959509,0
4456625974#2061448087,0,0.0023886996787041426,0
174006932062#5173394727,0,0.0007742465240880847,0
3882201915#4391918874,0,0.24959534406661987,0
4514269980#4523728345,0,0.5312296152114868,1
4549189933#1816929342,0,0.8223422765731812,1
4643943359#435372126625,0,0.02187398076057434,0
174006932062#4004772536,0,0.0022214530035853386,0
3754155310#2027929598,0,0.14888007938861847,0
2061022206#2057685237,0,0.001235174247995019,0
2069139175#1816428069,0,0.533595085144043,1
2159452221#32236834289,0,0.001014701439999044,0
3052180518#2061673563,0,0.45158904790878296,0
4570764341#3044853716,0,0.6712110638618469,1
2062075977#2065201243,0,0.9630364775657654,1
4145496082#173652977366,0,0.0018539628945291042,0
4712246454#3551393130,0,0.0005863125552423298,0
2059124992#1395111624,0,0.0007783807814121246,0
4157381557#4247271139,0,0.054014794528484344,0
5174571094#376973981474,0,0.01679493673145771,0
3727491058#4289086328,0,0.00040098841418512166,0
4065721591#1696095096,0,0.7280657887458801,1
4435686270#1696095096,0,0.6615042090415955,1
2199135578#2120155505,0,0.5796428918838501,1
2111872187#3227376447,0,0.0019016150617972016,0
14613469834#3501285885,0,0.0013945531100034714,0
3603201749#3926867260,0,0.0014174869284033775,0
4145496082#2329543699,0,0.0014388031559064984,0
4285491833#1920503864,0,0.6074268817901611,1
1633806208#2055377631,0,0.6671667098999023,1
3043492443#5163452200,0,0.0014200411969795823,0
2270062912#3551872495,1,0.9371383190155029,1
2114049002#4623949166,0,0.6297659277915955,1
4991881534#1712570939,0,0.0008083308348432183,0
4040016243#3050045988,0,0.6367185711860657,1
2007934907#4797396841,0,0.0005812306771986187,0
2003336437#4259241183,0,0.0007281205034814775,0
4165585148#4210986952,0,0.0007147118449211121,0
4015322905#4015422065,1,0.8432573676109314,1
3806980943#4943818903,1,0.5217264294624329,1
3214249597#2159452221,0,0.6600167155265808,1
2359435242#106964376935,0,0.0005410768208093941,0
1307874587#2059052537,0,0.010198940522968769,0
1711852573#2111351705,0,0.013532455079257488,0
4570764341#8431814058,0,0.0007281048456206918,0
2165015487#1953270965,0,0.04018378257751465,0
4589678847#3628839722,0,0.00045962538570165634,0
10175162517#4656986610,0,0.0003778242680709809,0
4405676807#146011948003,0,0.0006640867795795202,0
4317041484#2119476678,0,0.0026932416949421167,0
2176735919#1382214880,0,0.9105743765830994,1
2115528606#1592254485,0,0.0010966784320771694,0
2455800880#2455842713,0,0.14203841984272003,0
4450602322#4579172309,0,0.8690876960754395,1
1639219119#1565925308,0,0.0007601119577884674,0
4157381557#4910561821,0,0.1959395706653595,0
4384403228#3709672083,0,0.4856511652469635,0
4223004786#3633572726,0,0.0004820924950763583,0
2055886100#4570764341,0,0.5358155369758606,1
2455800880#4897048724,0,0.006248988676816225,0
1394397775#1565925308,0,0.8765465021133423,1
2079581946#2296451977,0,0.023193195462226868,0
3669306485#4157496031,0,0.0019089472480118275,0
1639901072#4722721497,0,0.001235573785379529,0
2159452221#3214249595,0,0.7848029732704163,1
4780994423#5060996735,0,0.0017818993655964732,0
4437827660#4155408706,0,0.7117010354995728,1
4495500756#4385184631,1,0.8860733509063721,1
4232471781#4232666143,0,0.019704634323716164,0
3474685537#1646206864,0,0.0008860767120495439,0
2026258521#4542321633,0,0.01165775116533041,0
2115528606#6015919609,0,0.001322672818787396,0
4417818851#5173394727,0,0.0007110114092938602,0
2551494872#3061887519,1,0.5591992735862732,1
3026064813#3630377420,0,0.11130505800247192,0
3490539439#4065795443,0,0.0018497416749596596,0
2062770841#1374772550,0,0.8620945811271667,1
3461052410#1778563597,0,0.9291873574256897,1
4656986610#4589595738,0,0.05672217532992363,0
4214739605#4405676807,0,0.021976061165332794,0
3635733776#4716933437,0,0.0005898355739191175,0
4071233134#4451288784,1,0.907611072063446,1
4327866563#2058563113,0,0.003064837073907256,0
4952978442#1646144729,0,0.02014235407114029,0
4643011415#3359180524,1,0.9294819235801697,1
580549064505#4657354294,0,0.0014215105911716819,0
2055377631#5037293131,0,0.5118545293807983,1
4285491833#1318260275,0,0.0004958792123943567,0
79993360240#1570945860,0,0.0008743560174480081,0
22859701254#50602314209,0,0.0003616069443523884,0
38202856033#4943818903,0,0.480470210313797,0
4572636295#4633378534,0,0.2535475790500641,0
3913410158#4206267336,0,0.72454434633255,1
2058278464#3529095384,0,0.016661515459418297,0
3050152494#2054817755,0,0.05116148293018341,0
107725292534#107725290582,0,0.1641768515110016,0
2066509477#2452901483,0,0.9885665774345398,1
4150903563#3487828521,0,0.8921039700508118,1
2057051387#3551872495,0,0.3270680010318756,0
4200562083#4536450435,0,0.7528058886528015,1
202363939789#10530767652,0,0.07231174409389496,0
1701333847#1374772550,0,0.5265696048736572,1
4735432768#4206242446,1,0.8729463815689087,1
5014897285#3474685536,0,0.011010735295712948,0
38448881724#5095503840,0,0.1457619071006775,0
2079581946#2070908197,0,0.4928852915763855,0
4716933437#1811606488,0,0.6895628571510315,1
1312695289#2066624968,0,0.09001925587654114,0
212771874474#187508564338,0,0.9353217482566833,1
2026069710#4589830735,0,0.003175203688442707,0
4451289887#3446029041,0,0.8687193989753723,1
2074019451#4385069368,0,0.0019147989805787802,0
4495500756#3550979323,0,0.0017665623454377055,0
3400442486#2059052537,0,0.0013847069349139929,0
4206224036#4206267336,0,0.12844271957874298,0
1477156406#4157280271,0,0.7736623287200928,1
4204386191#1416301524,0,0.8932592272758484,1
2057685237#4147080749,0,0.042988743633031845,0
2056662276#100995265790,0,0.5747140049934387,1
3555205657#4150903563,0,0.507409393787384,1
4323500485#4748650954,0,0.8225137591362,1
3594649033#4700047151,0,0.697104811668396,1
3044025040#4210985419,0,0.0010839913738891482,0
4644140313#4065721591,0,0.9327620267868042,1
3896058143#1816929342,0,0.0006615354213863611,0
1818739935#2065201243,0,0.0036655208095908165,0
4223934140#201663692217,0,0.7742688059806824,1
4442900590#4451289887,0,0.1655259132385254,0
4205538788#4218561827,0,0.0005909657920710742,0
113196401893#2058316912,0,0.9504739046096802,1
237523614768#1574873794,0,0.0034442555624991655,0
4551054156#4535949395,0,0.8730898499488831,1
4206224036#4746144353,0,0.0012699782382696867,0
3236601708#3269719212,1,0.7761711478233337,1
2314360284#4259429802,0,0.0008941928972490132,0
4495044650#1497939109,0,0.0008498082170262933,0
3477269989#2275666316,0,0.0008677473524585366,0
1537709308#4209814745,1,0.4917391836643219,0
1574873794#4730645460,0,0.00212223082780838,0
4077473357#3446029040,0,0.5673215389251709,1
4065795443#3501281334,0,0.6911958456039429,1
2268287413#2359474749,0,0.22191739082336426,0
1696208496#2070791273,0,0.6981733441352844,1
4604457043#4511530729,1,0.8837898373603821,1
125323389433#50602309472,0,0.0005489803152158856,0
3363370353#3404019551,0,0.08776319772005081,0
3669306485#3289002505,0,0.0014212175738066435,0
5214033793#5031406959,0,0.883945107460022,1
2120851333#156893097471,0,0.0006695629563182592,0
314601953357#2055377631,0,0.0015458592679351568,0
2061448091#4209814745,0,0.6282694339752197,1
1701470611#1472057117,0,0.02589425817131996,0
41713266437#5007075941,0,0.7240237593650818,1
4155510577#1951195150,0,0.8355951309204102,1
4551054156#4391919171,0,0.0012519879965111613,0
2069139175#4384414279,0,0.0006659792852587998,0
1537709308#87720200914,0,0.06557400524616241,0
1472057117#1728174555,0,0.33221933245658875,0
2078835030#4417849752,0,0.0007326230988837779,0
4291077418#2062045929,0,0.0006376626552082598,0
1920503864#4457149562,0,0.0004328016366343945,0
106964376935#10530767652,0,0.0005025802529416978,0
3628839717#3451234547,0,0.44082435965538025,0
1741741476#1438483240,0,0.7784022092819214,1
21269204096#3046471496,0,0.09415303170681,0
2268304430#3648904752,0,0.0012898152926936746,0
3712801411#4900378668,0,0.001858757808804512,0
395685899087#4196521320,0,0.7095130681991577,1
1307874587#1818739935,1,0.763803243637085,1
4499147142#5182742886,0,0.04680894687771797,0
2120472151#3903241588,0,0.0016488706460222602,0
1520168707#2056662276,0,0.0018104445189237595,0
138962728028#4636381625,1,0.7214924693107605,1
4285709207#1816430010,0,0.0200800858438015,0
291173146171#38448881724,0,0.004006186965852976,0
2057051387#3419405027,1,0.9070242047309875,1
4040016243#3836576451,0,0.0011059163371101022,0
2064727359#86283717806,0,0.20706701278686523,0
3055576029#4726704241,1,0.3364471197128296,0
4820163687#4323500485,0,0.9117437601089478,1
1751364880#4514269980,0,0.12782599031925201,0
2069985286#373850283306,0,0.006609241012483835,0
4635981164#4623570105,0,0.9397633671760559,1
4330455313#4165585148,0,0.5969017744064331,1
2168053481#1520168707,0,0.38190996646881104,0
8431809688#3043492443,0,0.0007852890994399786,0
2057051388#156893097471,0,0.0004890374257229269,0
14613460476#3403897392,0,0.0007325749029405415,0
1816430010#1321409006,0,0.17243078351020813,0
5169557343#3269719212,0,0.0028202368412166834,0
4454965094#4663785560,0,0.0006167740211822093,0
2159452221#4570764341,0,0.6823999881744385,1
292830032329#3628533316,0,0.0006462199380621314,0
4435686270#580549064505,0,0.9601064920425415,1
2111349786#2111350136,0,0.03466280922293663,0
4570764341#4705583754,0,0.0015849468763917685,0
5027483278#5018023921,0,0.6480497121810913,1
3290843987#97115452949,0,0.0010851139668375254,0
1718471304#6871473475,0,0.7221858501434326,1
3550979323#4893633475,0,0.0008163872407749295,0
2339749085#2338131041,0,0.18478824198246002,0
2727127831#3860948251,0,0.08167985081672668,0
3551393130#4330455313,0,0.0010829566745087504,0
5169557343#2117967935,0,0.000883562199305743,0
1778563597#3485676898,0,0.753258228302002,1
156893097471#1701470611,0,0.0017476285574957728,0
4414530598#2175801910,0,0.21992214024066925,0
4572380856#2064727359,0,0.002867450239136815,0
4384414279#4353960088,0,0.9096711277961731,1
2066624973#1312695289,0,0.03195828199386597,0
5182742886#4746144353,0,0.0005466786096803844,0
10175162517#4712246454,0,0.00033093077945522964,0
4452060617#4456625974,0,0.8097490072250366,1
110232280082#1816430010,0,0.01859755627810955,0
2071751695#18468695966,0,0.8842901587486267,1
4662042966#4668248026,0,0.5622313022613525,1
53263229623#4514269980,0,0.000930634792894125,0
5173394727#3061887519,0,0.6534726023674011,1
138962685339#3487828521,0,0.0009300568490289152,0
4761512241#2119398744,0,0.0011644684709608555,0
5018368651#7161172305,0,0.5599797964096069,1
4034038494#2007329552,0,0.015605710446834564,0
2120155505#4272137501,0,0.8026408553123474,1
2003336437#1311812490,0,0.7993826270103455,1
2115151765#2199135578,0,0.5522945523262024,1
18467669365#2068436073,0,0.27411773800849915,0
4157381557#4210986952,0,0.027879895642399788,0
4542321633#4530026053,1,0.7964985966682434,1
4623949169#4623949166,0,0.02216201089322567,0
4218561827#3920807098,0,0.730486273765564,1
4435528162#4619195159,0,0.0006200126954354346,0
4274235353#4643938191,0,0.001636108267121017,0
4272887201#3669306485,1,0.9017643928527832,1
2114716134#2113288221,0,0.03241359815001488,0
5169557343#1627738213,0,0.0011333379661664367,0
4439737347#3042764047,0,0.8964093923568726,1
4397595587#4223043910,0,0.8712543249130249,1
1694379812#1694379811,0,0.6989246010780334,1
4893633475#2113288221,0,0.003366321325302124,0
4514269980#4202041822,0,0.1969892978668213,0
18468188878#2071751695,0,0.9230949878692627,1
4792436579#2977755545,0,0.001158134313300252,0
5163452200#3637042235,0,0.0017637275159358978,0
1688824936#2003336437,0,0.6918261051177979,1
156276677247#4662042966,0,0.0004816754662897438,0
4898626808#2026258516,0,0.0011962491553276777,0
4209814745#2060257095,0,0.0007956119952723384,0
19705527158#3628839716,0,0.0005079596303403378,0
3949154897#4584646241,0,0.6164950728416443,1
4929499262#4828387554,0,0.4757336676120758,0
2298730254#4450888165,0,0.0016055592568591237,0
3644272514#4442900590,0,0.9404618144035339,1
4898730640#3903241588,0,0.0019406344508752227,0
4157496031#1520168707,1,0.1363997608423233,0
2336490445#18465721026,0,0.0009732085163705051,0
1520168707#97014870931,0,0.0005772735457867384,0
4943160331#5208946130,0,0.8058313727378845,1
1712080073#4024663252,0,0.0026135409716516733,0
3913410158#4705583754,0,0.48111116886138916,0
1848008894#4272137501,0,0.0013824938796460629,0
4628867825#2168053481,0,0.14249728620052338,0
3446029032#1694379812,0,0.6934178471565247,1
2122362220#4316999113,0,0.7550948262214661,1
3889395495#4202041822,0,0.0008374525350518525,0
4662042966#4718263231,0,0.5997588038444519,1
2026258519#2026258524,0,0.6988447904586792,1
3408556286#3043492443,1,0.9304249286651611,1
4450888165#1962074579,0,0.4672479033470154,0
3648904906#111110399548,0,0.0017793424194678664,0
4913742546#2055448044,0,0.7091161012649536,1
3880409698#2079572106,0,0.003411900019273162,0
1537709317#4165585148,0,0.00046171961002983153,0
2092938385#1778563597,0,0.001980716595426202,0
4289077889#1743052872,0,0.0018027544720098376,0
4448830722#4792436579,0,0.39411661028862,0
1646144729#1313607746,1,0.8833433389663696,1
2062845102#5087832312,0,0.013645971193909645,0
1688824936#2175801910,0,0.0011323806829750538,0
3709672083#2057986140,0,0.0064659095369279385,0
3691000538#1684789889,0,0.35205572843551636,0
4897048724#1811606488,0,0.012201889418065548,0
4643718292#2296451977,0,0.13007907569408417,0
4442900590#4451288784,0,0.44002965092658997,0
2117948923#4536450435,0,0.024460861459374428,0
2060253226#1565913509,0,0.050117526203393936,0
2064229512#2119476678,0,0.00084020133363083,0
4657354285#580549064505,0,0.0012358679668977857,0
18465851371#10530767652,0,0.7312282919883728,1
2069139175#1816430010,0,0.03597921133041382,0
124021630369#4027742647,0,0.0003549669054336846,0
4454965094#2066624968,0,0.009389032609760761,0
4551054156#156277208014,1,0.5818957686424255,1
2060253226#5123189265,0,0.0006505163619294763,0
4811798618#117277915830,0,0.3727015256881714,0
5210078086#2154491220,0,0.020215746015310287,0
3043492443#2117948923,0,0.0009638659539632499,0
3282474651#3259289288,1,0.6221132278442383,1
3299598934#189546061243,0,0.0004555761406663805,0
3439202323#3949154897,0,0.0005791994626633823,0
2060257095#5169257472,0,0.0017737122252583504,0
5154681248#138963214044,0,0.0022832343820482492,0
3949154929#3949154897,0,0.3502066731452942,0
4232666143#2059400154,0,0.136738583445549,0
4176217131#4204386191,0,0.07104086130857468,0
4536041187#3949154929,0,0.874114453792572,1
138963214044#3245545040,0,0.0011556112440302968,0
1477293192#4479070818,0,0.0016709394985809922,0
2111351705#1637980981,0,0.017474891617894173,0
1921223120#14613460476,0,0.004725125152617693,0
1743052872#2133358535,0,0.7751603126525879,1
276611684552#5090005101,0,0.0007550173322670162,0
4841409785#1867286717,0,0.21726158261299133,0
3485676898#5059261580,0,0.0008062926353886724,0
4298588573#4718263231,0,0.8130854964256287,1
2062075980#2114341514,0,0.9578073620796204,1
3287805133#4291077418,0,0.5297085642814636,1
178258449477#4898730640,0,0.42096254229545593,0
3630377420#3651289412,1,0.9145212173461914,1
2452901483#2054657150,0,0.9033244848251343,1
292830032329#2118416856,0,0.001896897447295487,0
4943160331#86626661064,0,0.19662228226661682,0
4456625974#1395111624,0,0.011024301871657372,0
2064955879#207035576772,0,0.2598761320114136,0
8431814058#2062075977,1,0.8134785890579224,1
3501285885#4613276653,0,0.7637040615081787,1
4161797606#1594535012,0,0.0006708509172312915,0
4993036319#3108657350,0,0.13610462844371796,0
4643718292#2067179166,0,0.08463368564844131,0
4442900590#3446029041,0,0.7488654255867004,1
1639699607#1416827061,0,0.8307150602340698,1
2168053392#4642854804,0,0.2701007127761841,0
4620261674#2062867476,0,0.022282378748059273,0
3474372520#2062867476,0,0.42828571796417236,0
3860948251#2175801910,0,0.001011993852443993,0
3108657350#4998365450,0,0.5228579640388489,1
1438483240#4628482537,0,0.0010563310934230685,0
2168053481#4261185678,0,0.0011773905716836452,0
4454991968#3431879179,0,0.3044195771217346,0
1416827061#1782357780,0,0.0007517679478041828,0
1752749942#2063588766,0,0.9164016842842102,1
2062045929#4538419241,0,0.0038191427011042833,0
1548108669#4659194738,1,0.7717428803443909,1
4929499262#3709672083,0,0.0005647355574183166,0
4147080749#1694379812,0,0.00110421993304044,0
4209814745#1537709317,0,0.4289800226688385,0
2070791273#2027838359,0,0.8463086485862732,1
3637042235#4040016243,0,0.5703259110450745,1
2150036453#2026258520,0,0.0006274583283811808,0
10530767652#4145496082,0,0.04827597364783287,0
4027742647#3557197892,0,0.5390523076057434,1
4943818903#4735503306,0,0.24567249417304993,0
50602314209#50602309472,0,0.12596669793128967,0
1316556785#1311812490,0,0.0013049887493252754,0
1318260275#1951195150,0,0.03890572488307953,0
1712570793#1712570939,0,0.8376296758651733,1
2092610519#2113288221,0,0.0004243565781507641,0
3628839722#3513178266,0,0.6065646409988403,1
5208946130#86626661064,0,0.6822077035903931,1
2027890207#2154491220,0,0.04687686264514923,0
4435913614#4289086328,0,0.1290615051984787,0
1647227082#1688824936,1,0.893243134021759,1
4285709207#1477156406,0,0.09025678038597107,0
2027929598#3431879179,0,0.7273781299591064,1
2066624973#2115528606,0,0.0009759778622537851,0
4658956014#2122362220,0,0.1643960177898407,0
4898626808#2314360284,0,0.39678090810775757,0
1875282048#4391919171,0,0.3450694978237152,0
1394397775#2059483876,0,0.682485818862915,1
4589929428#4535941097,1,0.5887095332145691,1
70183897754#5215138753,0,0.0005125367897562683,0
107725296889#4261185678,0,0.7849324941635132,1
146777938215#4636446230,0,0.00039117419510148466,0
364679238122#4536450435,0,0.06092687323689461,0
4993036319#4851901157,0,0.9016813039779663,1
4353960088#2057986140,0,0.3943364918231964,0
1718471304#4628467232,0,0.951959490776062,1
5123189265#5018368651,0,0.37642014026641846,0
4439426144#3227376447,0,0.0006877158302813768,0
183335907108#2135316663,0,0.002037255559116602,0
4454991968#3349756713,0,0.02635086327791214,0
3501281334#3487828521,0,0.5244733095169067,1
4683006694#1382214880,0,0.08898774534463882,0
1453532038#4401870234,0,0.4241887927055359,0
5109193415#4214739605,0,0.6884119510650635,1
1765891797#4715847880,0,0.7131587266921997,1
4285491833#4149299298,0,0.0016465246444568038,0
3772512066#146011937628,0,0.0004676598182413727,0
4451124306#3124123344,0,0.0020498274825513363,0
5169257472#5169253299,0,0.11323852092027664,0
2118416856#2061673563,1,0.8614418506622314,1
1477156406#4746512285,0,0.0010859319008886814,0
156277193948#2296451977,0,0.0032905167900025845,0
4256622048#292830032329,0,0.0004422300844453275,0
1312695289#2176735919,0,0.0007261629216372967,0
2296574953#4643718292,0,0.4077918529510498,0
50602314209#11087571368,0,0.7421934008598328,1
4259241183#3637042235,0,0.6932727694511414,1
2168053481#4619195159,1,0.9203594326972961,1
2057986140#4589830735,0,0.0064454516395926476,0
3026064813#3691000538,0,0.34276437759399414,0
2074458538#1951195150,0,0.09313876926898956,0
4643898157#2078774568,1,0.8737397789955139,1
4272843119#2064727359,1,0.8616389036178589,1
4572636295#4323500485,0,0.5945258736610413,1
4792436579#2183428945,0,0.0026326216757297516,0
1847712017#138962728028,0,0.01503516361117363,0
48926966870#3026064813,0,0.010005367919802666,0
2163049577#4065795443,0,0.0655149519443512,0
2066246683#3236601708,0,0.5981522798538208,1
3626237468#4718263231,0,0.878790557384491,1
1696208496#1416528046,0,0.6073197722434998,1
4643898157#2063706226,0,0.9334660172462463,1
2119476678#3903296442,0,0.618841290473938,1
2359435242#18467669365,1,0.9494080543518066,1
2026258521#2180579787,0,0.8555755019187927,1
3446029041#4206267336,0,0.0011002703104168177,0
5041670056#1696208496,0,0.0008846560376696289,0
2359348328#2054753273,0,0.0032956660725176334,0
4643943359#2056478070,0,0.8059186339378357,1
3363370353#1847712017,0,0.6234596967697144,1
4642512906#4636446230,0,0.49552541971206665,0
18465851371#2065201243,0,0.5251830220222473,1
156277208014#156274514359,0,0.610610842704773,1
2058316912#1537709304,0,0.0016386377392336726,0
1637581644#1497939109,0,0.057203151285648346,0
2168053392#4619195159,0,0.10550086200237274,0
1905948078#2168053481,0,0.003943010699003935,0
2054657150#2066509477,0,0.9537688493728638,1
4538332005#4643943359,0,0.0014975493540987372,0
2075416140#2066535766,1,0.8787998557090759,1
6015919609#4643718292,0,0.0917031466960907,0
4643718292#4944579314,0,0.9383457899093628,1
187508564338#4348295931,0,0.02497878670692444,0
4015322905#4401870234,0,0.13236011564731598,0
4542321633#1502384801,0,0.013242858462035656,0
1639219119#3495408683,0,0.030082259327173233,0
1751247315#4450602322,0,0.0013194498606026173,0
2135054445#373850284448,0,0.3321163058280945,0
4197138413#156277193948,0,0.000429896404966712,0
3403897392#3926916973,0,0.9674051403999329,1
3882201915#3903241588,0,0.14202114939689636,0
4165585148#4353960088,0,0.1382848471403122,0
4272137501#1994805938,0,0.5814657211303711,1
4542386587#5173394727,0,0.005694132298231125,0
2056128836#1438326380,0,0.0021660258062183857,0
1565912494#4202041822,0,0.007055509369820356,0
4200577198#1472057117,0,0.07638991624116898,0
4680204120#2057811649,0,0.42058953642845154,0
4657354294#4256926363,0,0.07584290206432343,0
3431879179#3754155310,0,0.44370904564857483,0
2064730522#3648904752,1,0.768557071685791,1
4657354311#2165015487,0,0.0011514088837429881,0
14613461939#4972894677,0,0.710629940032959,1
4840773591#156274514359,0,0.9784457683563232,1
3259289288#7161172305,0,0.4126187264919281,0
1386747994#4781194041,0,0.0065145292319357395,0
2026258516#2007329552,0,0.5082616209983826,1
38448881724#4959321228,0,0.0408133827149868,0
4668248026#38202856033,0,0.09440945833921432,0
4551054156#14613456118,0,0.001326242694631219,0
4843831604#113196401893,0,0.41493555903434753,0
4391919171#4584646241,0,0.1131528839468956,0
2062045929#106964376935,0,0.37076249718666077,0
3363370353#2057051387,0,0.9295554757118225,1
1311812490#1647227082,0,0.4852691888809204,0
2455800880#2057051387,0,0.006031555123627186,0
2268304430#2359474749,0,0.9619004726409912,1
2268287413#2268304430,0,0.1909739375114441,0
3770456617#3485676898,0,0.0009108541416935623,0
1570945860#3633360460,0,0.7012747526168823,1
2064414260#4589929428,0,0.0011388004058972,0
276611684552#4479070818,0,0.0011372643057256937,0
1654102057#1921223120,1,0.5029125213623047,1
54161674630#75959618233,0,0.001618257723748684,0
4479096588#4699510653,0,0.5329411029815674,1
3806980943#38448881724,0,0.4206081032752991,0
4457149562#219547393842,0,0.02125694788992405,0
3709672083#4353960088,0,0.9017859697341919,1
146011937628#5173394727,0,0.8971213698387146,1
4454965094#4015422065,0,0.0010826188372448087,0
4619195159#4454991968,0,0.0009204482194036245,0
38406123057#91686025987,0,0.7230831980705261,1
4353960088#5197586202,0,0.0032269214279949665,0
4226659635#4226659634,0,0.3587414026260376,0
4201830454#3626237468,0,0.008229739964008331,0
3628839716#3513178266,0,0.604875385761261,1
4542321633#4451289887,0,0.040379662066698074,0
4451342506#4479095804,0,0.5906578898429871,1
4535949395#156277193948,0,0.7961606383323669,1
4346970606#4034038494,1,0.44051557779312134,0
53263275323#4763332016,0,0.0005046388832852244,0
2007847537#1594535010,0,0.0010896091116592288,0
212394033260#4214739605,0,0.0288022942841053,0
1634282673#309312101477,0,0.0012804483994841576,0
2074458538#4155510577,0,0.3685225248336792,0
4232666143#4683006694,0,0.0007411190890707076,0
4215038721#4451124293,0,0.8811576962471008,1
167570408533#4631852445,0,0.05457383021712303,0
3633572726#2727127831,0,0.005855748429894447,0
4535949395#4840773591,0,0.12664660811424255,0
4657354294#4226659634,1,0.38806986808776855,0
1477156406#2343156405,0,0.48117291927337646,0
3551393130#125323389433,0,0.5807806253433228,1
4720389596#46983614517,0,0.00031575854518450797,0
4200577198#202363939789,0,0.9539126753807068,1
1574873794#3501285885,0,0.11586010456085205,0
4272887201#3648904906,0,0.8587949872016907,1
2298730254#3050152494,0,0.16678127646446228,0
11087571368#2063839578,0,0.0005939373513683677,0
2066535766#2079572106,0,0.9037814140319824,1
8431809688#2054753273,0,0.0009816010715439916,0
4755359264#22859701254,0,0.019268371164798737,0
3474372520#3470148182,0,0.043246079236269,0
373850284448#4658620132,0,0.004222780000418425,0
41713266437#5090085713,0,0.001860830932855606,0
4613276653#2058316912,0,0.001338356640189886,0
4644140313#395685899087,0,0.685989260673523,1
1712570939#1712573177,0,0.774742066860199,1
5185236541#3052180518,0,0.0019246028969064355,0
1740857110#1751247315,1,0.7690029740333557,1
3644272514#4452550298,0,0.011658938601613045,0
1415554755#1419344414,0,0.15743707120418549,0
2111351705#1810185303,0,0.0012713209725916386,0
2314360284#7161172305,0,0.0008878256194293499,0
4442900590#4644140313,0,0.0013416116125881672,0
4200577198#1728174555,0,0.1968681663274765,0
2003336437#113196401893,0,0.0011341635836288333,0
5174571094#1500022510,0,0.6917071342468262,1
4003298247#4149299298,0,0.0011654194677248597,0
5104418469#2154491220,0,0.003430739976465702,0
3651289412#1321409006,0,0.008616557344794273,0
87820905399#3439202323,0,0.002795334905385971,0
4570764341#138962685339,0,0.03486020117998123,0
18468687381#18468188878,0,0.3525412082672119,0
34888001864#4663785560,0,0.0010052650468423963,0
373850283306#1671393307,0,0.011397935450077057,0
421393369392#2063839578,0,0.006573774386197329,0
4542039020#1318260275,0,0.0012746892170980573,0
3050045988#5318769457,0,0.007930424064397812,0
4401870234#2026258520,0,0.25542911887168884,0
3474685536#4972894326,0,0.0005179321160539985,0
1810185303#3551393318,0,0.2877046465873718,0
1712573177#1816427364,0,0.9708095192909241,1
1395111624#183335907108,0,0.0014996135141700506,0
5169253299#2270062912,0,0.0005263586645014584,0
1318260275#2074458538,0,0.8136550784111023,1
4210986952#4910561821,0,0.2370971143245697,0
4274235353#3806980943,0,0.0011755168670788407,0
2604119334#18469192585,0,0.13150238990783691,0
4589830735#2063839578,0,0.1270117461681366,0
107725290582#4479095804,1,0.18103130161762238,0
4435528162#3836576451,1,0.809182345867157,1
4157381557#5041670056,0,0.1453753560781479,0
2058316912#106964376935,0,0.43840253353118896,0
38406123057#29299331674,0,0.2309793382883072,0
5214033793#3401731422,0,0.00038186577148735523,0
4712246454#4195960848,0,0.00047261270810849965,0
4489521100#1694379812,0,0.003957889508455992,0
5174571094#4205424867,0,0.07401233166456223,0
3633360460#3214249595,0,0.0006866541807539761,0
292830032329#4065795443,0,0.002191623207181692,0
4206812485#53263275323,0,0.0009418465779162943,0
4797396841#3359180524,0,0.0011361419456079602,0
1500022510#3988152389,0,0.11492498219013214,0
4750249486#3612961288,0,0.7992201447486877,1
4272843119#4317041484,0,0.9083234667778015,1
1401982678#8431814058,0,0.14354974031448364,0
4346970606#1914403252,0,0.002017400460317731,0
1712570793#1778563597,1,0.8886234760284424,1
1316058339#2058563113,0,0.058975718915462494,0
14613460476#54158093151,0,0.10902232676744461,0
4952978442#1395111624,0,0.0006392492796294391,0
303600075141#4219781521,0,0.8856813907623291,1
2027890207#2058316912,0,0.004124992992728949,0
125323389433#4232666143,0,0.0004389543319121003,0
1743052872#4348295931,0,0.10406209528446198,0
5007075941#45531943201,0,0.7021534442901611,1
4223043910#4761512241,0,0.002231865655630827,0
2007934907#2055377631,0,0.7953236103057861,1
167570408533#3881831374,0,0.0029255938716232777,0
4206269897#3860948251,0,0.3202933967113495,0
6871473475#3438816692,0,0.2089216560125351,0
2183968048#2026258520,0,0.8330841064453125,1
197910587768#117277915830,0,0.7351090908050537,1
18465851371#1867286717,0,0.0006512722466140985,0
2115528606#5027483278,0,0.0009620906785130501,0
2604119334#54158093151,0,0.8811091184616089,1
1640340946#3727491058,0,0.6394379138946533,1
373850283306#3052944481,0,0.002502185758203268,0
4316999082#4828387554,0,0.0008783223456703126,0
2079572106#1639901072,0,0.8907203078269958,1
5169557343#4746512285,0,0.5490034222602844,1
2069985286#4215027256,0,0.0006053785909898579,0
3754155310#2069774757,0,0.8206087946891785,1
3628839716#3628839722,0,0.2565965950489044,0
5007075941#54161674630,0,0.852836549282074,1
8431809688#1811606488,0,0.000720879586879164,0
1843271409#3052180518,0,0.0005229234229773283,0
4635981164#4699280965,0,0.02100692130625248,0
173652977366#69710193399,0,0.004852441139519215,0
2055255869#1312695289,0,0.00037224357947707176,0
4285709211#4260680249,0,0.4949519634246826,0
2066509477#3727491058,0,0.7428447604179382,1
14613460476#14613588147,0,0.08034776151180267,0
4628467232#4620294540,0,0.9721966981887817,1
4196598949#3290843987,1,0.9153436422348022,1
87720200914#1843271409,0,0.0005818814388476312,0
3550931655#1382214880,0,0.058042291551828384,0
4256926363#3408556286,0,0.000589550647418946,0
1646206864#2064955879,0,0.007534747011959553,0
2604119334#3487828521,0,0.006753440946340561,0
4435686270#4613276653,0,0.7388637661933899,1
2064955879#1639699607,1,0.7589626908302307,1
3485676898#1386747994,0,0.002548700198531151,0
2120155505#4145588659,0,0.7986472249031067,1
2247165276#1847712017,0,0.8218514919281006,1
1533602348#3359180052,0,0.5640814304351807,1
3052165975#1316556785,1,0.8678027987480164,1
4542386587#4454965094,0,0.0022944228257983923,0
5060996735#2075240892,0,0.0006196889444254339,0
1848008894#121528725386,0,0.0012035008985549212,0
3691000538#3651289412,0,0.2845648229122162,0
2154491220#3114734058,0,0.9153020977973938,1
2452901483#2062770841,0,0.0007153111509978771,0
4570764341#4658956014,0,0.00393138499930501,0
1953270965#4479070818,0,0.0008702417835593224,0
2268304430#2359348328,0,0.06141820177435875,0
2181531828#2183963548,0,0.814720630645752,1
3709672083#4636381625,0,0.0010851650731638074,0
4323500485#14613469834,0,0.0007675860542804003,0
2067179166#4024663252,0,0.0007986120181158185,0
4451124293#2359348328,0,0.0007837527664378285,0
11087571368#2057051387,0,0.00457749143242836,0
4841409785#3474372520,0,0.0009461548761464655,0
5018368651#4542039020,0,0.023604827001690865,0
60367707728#87720200914,0,0.6954226493835449,1
1710094724#1438326380,0,0.0026935837231576443,0
3075628047#3056067914,0,0.014863920398056507,0
4223004786#5018389488,0,0.07770519703626633,0
1721524699#4215027256,0,0.002020567189902067,0
1712570939#3477269989,0,0.0069318730384111404,0
2113288221#2111351705,0,0.03882014378905296,0
1741741476#4680203965,1,0.2685091495513916,0
5041670056#4910561821,0,0.1396544724702835,0
1743052872#3050152494,0,0.8915054202079773,1
1321409006#1557919756,1,0.8528193235397339,1
2111349786#3903296442,0,0.8718962669372559,1
1401982678#138962685339,0,0.002477554837241769,0
2296451977#2070627808,0,0.6294069886207581,1
2056078364#1574873794,0,0.0008997725672088563,0
4755359264#4943818903,0,0.7061089277267456,1
4317041484#3669306485,0,0.35685020685195923,0
1416827061#2064955879,0,0.5887473821640015,1
2169220658#5197586202,0,0.4389694631099701,0
2057986140#4165585148,0,0.6776561141014099,1
91686025987#4535949395,0,0.006474090274423361,0
18466210670#2159739481,0,0.000717021175660193,0
2551494872#48926966870,0,0.0004467192920856178,0
1743052872#4683006694,0,0.0010113419266417623,0
1847712017#2057051387,0,0.5307183861732483,1
1528865186#3046729281,0,0.16068466007709503,0
3972924699#2060185514,0,0.0006962887127883732,0
373850283306#2135054445,0,0.3343659043312073,0
3435281641#4129122420,0,0.3897720277309418,0
3269719212#2092610533,0,0.23858249187469482,0
4828654874#4631852445,0,0.12818925082683563,0
38202856033#138962685339,0,0.0005903420387767255,0
4538003565#2066246683,0,0.00149821606464684,0
3849817492#5182742886,0,0.02375689335167408,0
3403897392#1711852573,0,0.7056053280830383,1
1565913509#1528865186,0,0.5319288372993469,1
4256926363#2120155505,0,0.0007318408461287618,0
4549189933#1817644740,0,0.5757999420166016,1
1711852573#2075914534,0,0.5123976469039917,1
4604457043#5067776785,0,0.7849282026290894,1
2058222393#1326086493,0,0.482337087392807,0
1778563595#1816427364,0,0.6222559809684753,1
5173394727#5003601219,0,0.8692598342895508,1
1374772535#1398443073,0,0.185120090842247,0
3431879179#1951195150,0,0.0013931499561294913,0
5128222238#3551393130,0,0.3131280243396759,0
3772512066#4662042966,1,0.7957122921943665,1
4549189933#2150036453,0,0.3376052677631378,0
111568230982#4202096119,0,0.5899004936218262,1
29608029868#5163452200,0,0.053916845470666885,0
2062045929#4672808661,0,0.7258874177932739,1
2067377960#1701470611,0,0.8059175610542297,1
2114049002#3929215225,0,0.0018251974834129214,0
3438816692#1696438060,0,0.6449974179267883,1
10175162517#3289002505,0,0.63676518201828,1
2026258520#2026258516,0,0.6991573572158813,1
5167083430#2061673563,0,0.0009225800749845803,0
47752312088#4439737347,0,0.0010196261573582888,0
5169257472#18465816919,0,0.9145890474319458,1
1312695289#2027890207,0,0.0008216362912207842,0
3046471496#2111872187,1,0.8893187642097473,1
97115452949#5037293131,0,0.84745192527771,1
4200577198#4804861605,0,0.0005241984617896378,0
1701333847#4200577198,0,0.22616055607795715,0
1951195150#87820905399,0,0.0006054657278582454,0
3411721643#1816929342,0,0.8291022777557373,1
4256622048#4450602322,0,0.0004254000959917903,0
3612961288#4662042966,0,0.0013866203371435404,0
3438816692#4628467232,1,0.8327102065086365,1
197910587768#110232280082,0,0.8798326849937439,1
2092610536#1882929309,1,0.8564301133155823,1
3798986721#3054671141,0,0.0014146845787763596,0
4149299298#4259241183,0,0.0010568625293672085,0
2118416856#2116342008,0,0.4444490075111389,0
2113093450#4643718292,0,0.8420232534408569,1
1311812490#4620261674,0,0.0009036245755851269,0
2112794415#4232471781,0,0.01892802119255066,0
102514982310#2168053392,0,0.0006886937189847231,0
2359435242#3934602500,0,0.1874748319387436,0
4642854804#4589595738,0,0.4119042456150055,0
487126887411#55721888445,0,0.0005730472039431334,0
4391918874#4391919171,0,0.6520262360572815,1
69710193399#3517506225,0,0.002990611596032977,0
3633360460#4680203965,0,0.8683050274848938,1
55721888445#3529095384,1,0.8293205499649048,1
2296574953#1347237190,0,0.07302406430244446,0
2060185514#2060185518,0,0.023213926702737808,0
2058316912#87820911338,0,0.00117491465061903,0
2133358535#202363939789,0,0.0015549621311947703,0
4535941097#4633378534,0,0.10892997682094574,0
3359180524#4226659634,0,0.00034633613540790975,0
2071751695#2063706226,0,0.8960254192352295,1
2056478070#2027929598,0,0.001298551564104855,0
156893097471#110232280082,0,0.488322377204895,0
2055886100#3214249595,0,0.7106902599334717,1
2183968048#2183428945,0,0.9310904145240784,1
2057051387#3954668240,0,0.7940670251846313,1
3236601708#1882929309,0,0.6550022959709167,1
111110399548#4354044382,0,0.001542998943477869,0
2343156405#4157280271,1,0.26868411898612976,0
2062045929#111110399548,0,0.0009531720425002277,0
2026069710#4065797638,0,0.0007097654743120074,0
2113760999#2062782802,0,0.43697476387023926,0
87720200914#4642512906,0,0.0005151102668605745,0
3259289288#5018368651,0,0.5699772834777832,1
2275666316#5014897285,0,0.002108394168317318,0
2057811649#2062845102,0,0.7246342301368713,1
1318260275#4259241183,0,0.10883326083421707,0
14613464473#2026258524,0,0.0005779694183729589,0
5174571094#1594535012,0,0.0004748681094497442,0
4628482537#2064730522,0,0.03675912320613861,0
2111350136#3903296442,0,0.8959518074989319,1
5018368651#4572380856,0,0.0020713077392429113,0
3042764047#2055886100,0,0.0005606725462712348,0
19705527158#5165108496,0,0.47885605692863464,0
117277915830#4680095395,0,0.006934568751603365,0
1878732185#4536450435,0,0.0008104745647870004,0
2183963548#4825375981,0,0.002554598730057478,0
3050152494#2071751695,0,0.00093870609998703,0
4643011415#3594649033,0,0.6081980466842651,1
4877427884#4454991968,0,0.000539225700777024,0
1477293192#1688824936,0,0.8731887936592102,1
1654102057#50602314209,0,0.000590724463108927,0
4470296934#2054817755,0,0.08779563009738922,0
4623949169#187508564338,0,0.0011381669901311398,0
4272887201#4272843119,0,0.6345046162605286,1
3628533316#1419344414,0,0.0008702355553396046,0
156274514359#4595088087,0,0.7600582242012024,1
3052944481#4335156801,1,0.8564187288284302,1
4200562083#4439737367,0,0.6337085366249084,1
4024663252#4465664542,0,0.05813158303499222,0
202363939789#2079581946,0,0.716346025466919,1
4416668620#1867286717,0,0.33884692192077637,0
4285491833#4348295931,0,0.8672865629196167,1
4643943359#2067179166,0,0.037495315074920654,0
4867542841#4943160331,1,0.9169532060623169,1
5037293131#3999176481,0,0.0006493109976872802,0
4483987744#4385069368,1,0.9523216485977173,1
21269204096#2057986140,0,0.0006271420861594379,0
18465721026#2175801910,0,0.0017640783917158842,0
146011948003#4705583754,0,0.0006128550739958882,0
4215038721#2122362220,0,0.01580215059220791,0
1497880313#1694379812,1,0.8148942589759827,1
2176735919#2111818909,0,0.0012874372769147158,0
2055377631#3835278364,1,0.9492606520652771,1
2065354050#1639901072,0,0.0010555137414485216,0
4973150488#14613465315,0,0.6465746760368347,1
4195960848#3477269989,0,0.6328736543655396,1
54161674630#1650171814,0,0.11008400470018387,0
4808134153#5182742886,0,0.0007137837819755077,0
3896058143#4542039020,0,0.016308657824993134,0
4417849752#395685899087,0,0.0010356178972870111,0
4808134153#3214249597,0,0.0022407795768231153,0
4215038721#4465664542,0,0.9387176632881165,1
1727736762#2069774757,0,0.010301224887371063,0
1696208496#1419344414,0,0.7434229850769043,1
1696095096#4613276653,0,0.6108798384666443,1
2056128836#4658956014,0,0.00045622739708051085,0
1319944364#3882026745,0,0.1668301671743393,0
4623947495#4623934568,0,0.037036996334791183,0
5181571321#32236834289,1,0.8848478198051453,1
4499147142#3849817492,0,0.030321333557367325,0
4667944802#4662042966,0,0.31739041209220886,0
4715847880#4401870234,0,0.012443856336176395,0
4642512906#2297005450,0,0.45460107922554016,0
2065201243#4327866563,0,0.004700441844761372,0
18466210670#18468690620,0,0.22465449571609497,0
21269204096#2135316663,0,0.0011566767934709787,0
4643898157#18468188878,0,0.3598821461200714,0
4643938191#4642512906,0,0.48131263256073,0
2064229512#1671393307,0,0.0019215085776522756,0
3056067914#1818739935,0,0.018544763326644897,0
2235828707#2063588766,0,0.00048368237912654877,0
8431809688#8431814058,0,0.03960755839943886,0
4700047151#4643011415,0,0.22755910456180573,0
3289002505#4150903563,0,0.8449010848999023,1
2092174215#4195960848,0,0.0018616440938785672,0
4200562083#3042764047,1,0.6991434693336487,1
4748650954#4589929428,0,0.7359636425971985,1
2247165276#3363370353,1,0.643996000289917,1
4623947495#3304467506,0,0.0013876620214432478,0
1415647813#2092610533,0,0.014917346648871899,0
1537709311#1778563602,0,0.001000358141027391,0
4755359264#6871473475,0,0.004514736123383045,0
124021630369#21269204096,0,0.5850213170051575,1
4130010417#4792436579,0,0.3097854554653168,0
4439737367#4435528162,0,0.3758178651332855,0
4712246454#1775497794,0,0.000486964825540781,0
107725292534#4451342506,0,0.7380194664001465,1
4465664542#4451124293,0,0.060853760689496994,0
2061309144#1394397775,0,0.6905902624130249,1
2114716134#2111350136,0,0.0225770715624094,0
3972924699#3052165975,0,0.0020910545717924833,0
3798986721#3831256267,0,0.0023920517414808273,0
1728174555#3403917033,0,0.010654852725565434,0
4644140313#376973981474,0,0.4150618612766266,0
3882201915#2075914534,0,0.005237892270088196,0
102514982310#167570408533,0,0.43083158135414124,0
3245545040#4218561827,0,0.0016614634077996016,0
3107598853#4479424072,0,0.9020968675613403,1
2336490445#2059052537,0,0.018826980143785477,0
2057051388#4781194041,0,0.000722344673704356,0
18465721026#4354044382,0,0.0014706867514178157,0
189546061243#5121642074,0,0.2822832763195038,0
4643938191#29299331674,0,0.5188415050506592,1
1951195150#4899954714,0,0.0017876856727525592,0
187508564338#2016866277,0,0.002404643688350916,0
4179651570#2115151765,0,0.6787622570991516,1
4065795443#4291077418,0,0.8448296785354614,1
3835278364#4321048267,0,0.9322266578674316,1
3669306485#3282474651,0,0.004957889206707478,0
2058132898#4572380856,0,0.8957392573356628,1
4673557611#4439737367,0,0.0038434474263340235,0
156277193948#156277207697,0,0.012236951850354671,0
4471122121#50602309472,0,0.536495566368103,1
4700047151#3299598934,1,0.4739769995212555,0
3474685536#4223934140,0,0.0934760570526123,0
303600075141#4828387554,0,0.00046684607514180243,0
4495500756#2061022206,0,0.0022435029968619347,0
4147080749#4353960088,0,0.03660308197140694,0
4680204120#4680203965,0,0.04579973965883255,0
1574873794#2254264382,0,0.0006869838107377291,0
4897048724#3628533316,0,0.0012564822100102901,0
3363370353#5197586202,0,0.0007093363674357533,0
14613435427#4195960848,0,0.0006656582118012011,0
18468188878#4470296934,0,0.002304862020537257,0
2159739481#3445564730,0,0.018210623413324356,0
145960681701#86626661064,1,0.48373013734817505,0
2183963548#2026258516,0,0.8143049478530884,1
3052944481#1688824936,0,0.0013263860018923879,0
343200247912#1751364880,0,0.01720884069800377,0
4535930871#4195960848,0,0.008013715036213398,0
4867542841#5154681248,0,0.6827854514122009,1
2455800880#4687116172,0,0.011005709879100323,0
3363370353#2054781193,0,0.8066645860671997,1
2115151765#3347114660,0,0.5946625471115112,1
4004772536#121528725386,0,0.0013351578963920474,0
3968945784#3967431643,0,0.8858137130737305,1
580549064505#4572374020,0,0.0008070812909863889,0
4840773591#14613469834,0,0.8164258003234863,1
79993360240#1533602348,1,0.9072734117507935,1
2092610533#156277193948,0,0.0030545855406671762,0
212394033260#157726428514,0,0.8495780825614929,1
2977755545#4535930871,0,0.012407653965055943,0
1867286717#4397595587,0,0.4894666075706482,0
4746144353#6871473475,1,0.9342002272605896,1
2053826326#2066624968,0,0.0009312171605415642,0
5095503840#5018023921,0,0.7697048187255859,1
2148153592#2114975127,0,0.0008139884448610246,0
4841409785#1867262556,0,0.08782000094652176,0
4549189933#3411721643,0,0.9366111755371094,1
1438441444#3304467506,0,0.017276691272854805,0
18465816919#18468690620,0,0.5044556260108948,1
4972894326#4973150488,0,0.05485768988728523,0
2003710867#3651289412,0,0.3347774147987366,0
4385421396#2359348328,0,0.006353357341140509,0
1778563602#1778563597,0,0.06062186881899834,0
1701333847#1701333916,0,0.035937804728746414,0
2079572106#1816430010,0,0.002482594223693013,0
1437868238#2075914534,0,0.21238701045513153,0
1816428069#4620261674,0,0.004844172857701778,0
87820911338#4643938191,0,0.022144068032503128,0
4658620132#5181571321,0,0.0012244239915162325,0
18465816919#18465721026,0,0.25443705916404724,0
1415554755#4538332005,0,0.0011530976044014096,0
4231111906#4657354311,1,0.23986972868442535,0
4416668620#4397595587,0,0.8084392547607422,1
2079572106#2064955879,1,0.9150204062461853,1
38202856033#45531943201,0,0.16173887252807617,0
4451124306#4465664542,0,0.12755697965621948,0
157726428514#1818739935,0,0.0008716616430319846,0
2026258519#2026258516,0,0.8176296353340149,1
4405676807#4218561827,0,0.6935508847236633,1
3408556286#3648904752,0,0.0010785614140331745,0
1416827061#2117967935,0,0.5508341193199158,1
1878732185#1565925308,0,0.9034081101417542,1
3609077013#4972894677,0,0.0002931349154096097,0
4451124293#156277207697,0,0.001373225706629455,0
3920807098#4214739605,0,0.8422853350639343,1
1537709308#1537709304,0,0.06181526184082031,0
2068623358#4680204120,0,0.6510382294654846,1
4536041187#3949154897,0,0.8078543543815613,1
4972894326#4972894677,0,0.2180645912885666,0
1646144729#4218561827,0,0.0031615367624908686,0
4200577198#2070908197,0,0.4657372534275055,0
3754155310#4658620132,0,0.8945047855377197,1
1816427364#2111349786,0,0.0020816726610064507,0
3026064813#3798986721,0,0.11475272476673126,0
1653994308#4435686270,0,0.8218621611595154,1
114453608394#189546061243,0,0.6118748188018799,1
4405676807#5090005101,0,0.31129252910614014,0
4385421396#1712570939,0,0.0038130232132971287,0
4643011415#3359180052,0,0.8841181993484497,1
4620294540#1718471304,0,0.6238841414451599,1
4451288784#2135316663,0,0.004293949343264103,0
4952978442#5214033793,0,0.1327902227640152,0
4549189933#14613588147,0,0.0004513489257078618,0
2092174215#1453532038,0,0.3852497339248657,0
3637042235#3972924699,0,0.5700947046279907,1
2066535766#2117967935,0,0.6976432800292969,1
4321048267#100995265790,0,0.8663260340690613,1
157726428514#102514982310,0,0.23241889476776123,0
4811798618#121528725386,0,0.6459020376205444,1
1307874587#2336490445,0,0.5089290142059326,1
3628839717#4750249486,0,0.008322867564857006,0
1416301524#2058563113,1,0.34006670117378235,0
4742698844#53263229623,1,0.6269698143005371,1
5318769457#5169557343,0,0.9424228072166443,1
2296451977#174006932062,0,0.0012969959061592817,0
3075628047#1307874587,0,0.8133024573326111,1
1537709304#4206267336,0,0.000683821621350944,0
3477269989#3474685536,0,0.8621675372123718,1
3470148182#7161172172,0,0.0006634693709202111,0
2168053392#4157496031,0,0.026986397802829742,0
4206224036#3580539229,1,0.876661479473114,1
2016866277#2111041560,0,0.9692148566246033,1
3529095384#46983614517,0,0.0006716851494275033,0
38202856033#3628839716,0,0.001285400940105319,0
4828387554#3032709817,1,0.9623690247535706,1
4354044382#1696208496,0,0.30649930238723755,0
4572374020#4232666143,0,0.0005707573145627975,0
1684789889#4687116172,0,0.03453895077109337,0
2057685237#2058222393,1,0.7463971376419067,1
1347237190#237523614768,0,0.7177278995513916,1
111568230982#1456843034,0,0.0356910303235054,0
10175162517#3289002540,0,0.7382567524909973,1
1920503864#4316999113,0,0.3513658046722412,0
4408616491#2314360284,0,0.0008294840226881206,0
3709672083#4444196403,0,0.29775378108024597,0
4589678847#4589595738,1,0.9931635856628418,1
4411426624#3124123344,0,0.04866974055767059,0
5060996735#2064727359,0,0.67717045545578,1
38406123057#4393085087,0,0.0010641624685376883,0
4479096850#4479096588,0,0.5722095966339111,1
5104418469#7026230674,0,0.0035996639635413885,0
3403897392#2075914534,1,0.9104598164558411,1
183335907108#3108657350,0,0.0008085688459686935,0
2343156405#1438326380,0,0.48347437381744385,0
106964376935#14613464473,0,0.0003846014151349664,0
4763332016#5210078086,0,0.9113525152206421,1
3903296442#4003298247,0,0.0007060347707010806,0
4579172309#4027742647,0,0.41815993189811707,0
4206269897#3259289288,0,0.0016877682646736503,0
2359435242#2061673563,0,0.3771251142024994,0
3798986721#4523728345,0,0.004384421743452549,0
2003710867#2977755545,0,0.0007860627956688404,0
2159739481#2060185518,0,0.0027342140674591064,0
4176217131#4499147142,0,0.4965502619743347,0
2057145715#1565913509,0,0.4846539795398712,0
1634282673#202363939789,0,0.0019563864916563034,0
3972924699#1951195150,0,0.6438587307929993,1
378133536273#4972894326,0,0.0005975238746032119,0
5182742886#4828387554,0,0.009011102840304375,0
4514269980#3042764047,0,0.0006705441046506166,0
4628867825#2168053392,0,0.4960828423500061,0
4040016243#2027929598,0,0.0005692073027603328,0
1548108669#2113760999,0,0.0014719743048772216,0
1528865186#2060185514,0,0.4110162854194641,0
2070908197#1701470611,0,0.8555691242218018,1
3926916973#3896015808,0,0.0056139640510082245,0
4808134153#4206812485,0,0.0014648658689111471,0
4584646241#237523614768,0,0.000846002483740449,0
4570764341#2066624973,0,0.5340476036071777,1
3044025040#4840773591,0,0.07736879587173462,0
2297005450#5163452200,0,0.34106209874153137,0
307718000196#564144132292,1,0.9449900984764099,1
4065797638#4385069368,0,0.08907263725996017,0
38202856033#4755359264,0,0.6860456466674805,1
1533602348#87720200914,0,0.0005057177622802556,0
4584646241#1875282048,0,0.7579489350318909,1
3400442486#1438441444,1,0.7803872227668762,1
18468188878#18468695966,0,0.3380085229873657,0
183335907108#2060355842,0,0.0019057083409279585,0
1696438060#4620294540,0,0.5500466227531433,1
4658956014#3949154929,0,0.4511902332305908,0
174006932062#3603201749,0,0.0018798306118696928,0
1307874587#4495500756,0,0.01239730417728424,0
4027742647#54161674630,0,0.0007314475951716304,0
4414530598#4672808661,0,0.000610453833360225,0
1843271409#4279029102,0,0.7908664345741272,1
2124411604#4279029102,0,0.0024389568716287613,0
4479096588#4479095804,0,0.03932645171880722,0
2092174215#2056128836,0,0.0025663150008767843,0
1751247315#14613466961,0,0.001989740878343582,0
2339749085#4209814745,0,0.7728670239448547,1
3114734058#292830032329,0,0.0025682563427835703,0
117277915830#110232280082,0,0.710490882396698,1
1914706723#2054733437,0,0.556922972202301,1
2122362220#1920503864,1,0.7606594562530518,1
1778563595#4589820532,0,0.053055476397275925,0
2059052537#4180609537,0,0.0014735099393874407,0
4435566465#4748650954,0,0.5616950988769531,1
3903296442#2165015487,0,0.6530612707138062,1
2268287413#146777938215,1,0.911003828048706,1
7161173338#5123189265,0,0.532370388507843,1
18469192585#14613464473,0,0.788067102432251,1
53263229623#60367707728,0,0.7786222696304321,1
4952978442#4205424867,0,0.0010565650882199407,0
38202856033#4735503306,0,0.5363078713417053,1
3403917033#3404019551,0,0.0005480781546793878,0
4716933437#1640340946,0,0.8208314180374146,1
4746512285#4761512241,1,0.785449206829071,1
3648904752#106964376935,0,0.006764469668269157,0
1712570939#1778563597,0,0.8472660779953003,1
1727736762#1627587582,0,0.0007546181441284716,0
1818739935#4385184631,0,0.09701644629240036,0
237523614768#4680095395,1,0.8634628653526306,1
2135316663#2066624968,0,0.8022045493125916,1
2026258520#4195993580,0,0.5797563195228577,1
3050045988#4899954714,0,0.0022397958673536777,0
5183692300#1321409006,0,0.7210988998413086,1
1751364886#395685899087,0,0.003494173288345337,0
32236834289#3474372520,0,0.08115287870168686,0
3967431643#1751364886,0,0.9770978689193726,1
3287805133#3289002540,0,0.027508703991770744,0
1633806208#2056662276,0,0.5714985132217407,1
14613464513#4897048724,0,0.0045260656625032425,0
422592070627#4408616491,0,0.0010558099020272493,0
3290843987#4129122420,0,0.8501323461532593,1
5197586202#5090005101,0,0.001135367783717811,0
395685899087#4435686270,0,0.6260936260223389,1
2169220658#2053826326,0,0.6833430528640747,1
1818739935#2336490445,0,0.026548534631729126,0
4730645460#2118416856,0,0.0017933454364538193,0
2120472151#75959618233,0,0.0036202990449965,0
156276677247#4746144353,0,0.004550738725811243,0
2078835030#202363939789,0,0.3147222697734833,0
5087832312#4196521320,0,0.0006332421908155084,0
1497880313#2343156405,0,0.1744842827320099,0
4259241183#1951195150,0,0.7234184741973877,1
178258449477#3438816692,0,0.06396634876728058,0
1318260275#1848008894,0,0.33433568477630615,0
4579172309#2455800880,0,0.0010543062817305326,0
18468580547#18465816919,0,0.17872057855129242,0
174006932062#4683006694,0,0.0011995849199593067,0
4327866563#14613461654,0,0.039462462067604065,0
3920807098#4952978442,0,0.002938612597063184,0
29607392514#38406123057,1,0.5384506583213806,1
18465851371#2062075980,0,0.9523753523826599,1
6871473475#4628467232,0,0.15142376720905304,0
1639901072#4851901157,0,0.0007546268170699477,0
14613456118#2026258516,0,0.07398343086242676,0
2112576214#2169220658,0,0.0006785457371734083,0
4642854804#4656986610,0,0.06746535003185272,0
14613464513#14613461939,0,0.234095960855484,0
3404019592#3404019551,0,0.1253638118505478,0
14613435427#4712246454,1,0.903320848941803,1
2003710867#4298588573,0,0.0011305607622489333,0
2055886100#4593095274,0,0.04786055162549019,0
4226659635#4231111906,0,0.06634435802698135,0
107725290582#1456843034,0,0.0005716659361496568,0
1656969942#1921223120,0,0.9400982856750488,1
2054753273#1394397775,0,0.003204117063432932,0
4157381557#1751364880,0,0.001472713891416788,0
4483987744#4623570105,0,0.0024044252932071686,0
4470296934#3050152494,0,0.40110817551612854,0
4285709207#4165151066,0,0.8278676867485046,1
2075416140#4623570105,0,0.8543981909751892,1
3630377420#3470148182,0,0.08365444839000702,0
2092938385#5060996735,0,0.00042769688297994435,0
4929499262#4195993580,0,0.0013710511848330498,0
150594502346#189546061243,0,0.6514624357223511,1
4761512241#5210078086,0,0.7701711654663086,1
3926916973#3289002505,0,0.004918641876429319,0
2115880476#4408616491,1,0.8544411659240723,1
1728174555#1728174549,0,0.34839189052581787,0
4304261357#3835278364,0,0.0023791715502738953,0
4456625974#3612961288,0,0.7979946136474609,1
1840606003#1813034413,1,0.7982099056243896,1
2056662276#2007934907,0,0.7650831937789917,1
3612961288#4943818903,0,0.15927018225193024,0
4256622048#2069774757,0,0.0020538109820336103,0
138962728028#3501281334,0,0.01947319321334362,0
4206812485#4479424072,0,0.6466867327690125,1
1647227082#3949154929,0,0.002566477283835411,0
1751364880#4623949166,0,0.693696141242981,1
343200247912#1502384801,0,0.0025543980300426483,0
4451342506#4261185678,0,0.8646451234817505,1
4456625974#1541880573,0,0.0009531343239359558,0
4304261357#4339070553,0,0.7852814197540283,1
4680204120#1710094724,1,0.6928750872612,1
373850283306#2247165276,0,0.09245409816503525,0
38202857246#38202856033,0,0.9321438074111938,1
1867262556#3487828521,0,0.0007875642622821033,0
4223934140#4435566465,0,0.0007627287996001542,0
5181571321#1778563597,0,0.004403778351843357,0
8431809688#2007847537,0,0.003359077265486121,0
4414530598#2070791273,0,0.1031314879655838,0
1740857110#2056478070,0,0.0006391219794750214,0
4538419241#2062075977,0,0.0007304842001758516,0
156276677247#2078835030,0,0.0021662700455635786,0
4643898157#2071751695,0,0.8810634613037109,1
3044025040#4040016243,0,0.00046381738502532244,0
3114734058#2135316663,0,0.0009647870319895446,0
2069774757#4454991968,0,0.058333709836006165,0
3835278364#4479096850,0,0.0016267915489152074,0
29608029868#3349756713,0,0.0005466017173603177,0
3637042235#3050045988,1,0.5244847536087036,1
4027742647#3431879179,0,0.8942612409591675,1
4604457043#1816929342,0,0.0006744771380908787,0
4781194041#2064730522,0,0.0006935336859896779,0
3026064813#4715847880,1,0.904893696308136,1
5169257472#5167083430,0,0.8009780049324036,1
4426740219#4943818903,0,0.002412221161648631,0
7161172305#14613456118,0,0.0049162013456225395,0
4535949395#2007329552,0,0.0013974911998957396,0
3408556286#4899954714,0,0.0015580612234771252,0
2296493468#4840773591,0,0.9835953712463379,1
5185236541#18468580547,0,0.5523584485054016,1
4604457043#4898730640,0,0.8567402958869934,1
146778888902#2359474749,0,0.038209471851587296,0
4317041484#14613456118,0,0.0011123387375846505,0
4195960848#2254264382,0,0.009821147657930851,0
4535949395#156277208014,0,0.6327390074729919,1
4223043910#4417849752,0,0.7090983986854553,1
2339749085#2061448091,1,0.6070531010627747,1
4417818851#3408556286,0,0.017763949930667877,0
4004772536#1627587582,1,0.1145133525133133,0
4285709207#4260680249,0,0.3485530912876129,0
1316058339#4346970606,0,0.04379047453403473,0
2169220658#4641374150,0,0.0006372604984790087,0
2054753273#29299331674,0,0.007439149543642998,0
1456843034#75959618233,0,0.0006321721011772752,0
41713266437#2113288221,0,0.0014187077758833766,0
6871473475#4620294540,0,0.772195041179657,1
1816428069#5183692300,0,0.7718932628631592,1
2150036453#1817644740,0,0.06813272833824158,0
3474685536#4435528162,0,0.004796170629560947,0
3451234547#3628839716,0,0.46067240834236145,0
2062845102#3403897392,0,0.05232276767492294,0
4451342506#4623934568,0,0.004395458847284317,0
1637581644#1694379811,1,0.39765438437461853,0
1541880573#4893633475,0,0.2526990473270416,0
2296493468#4595088087,0,0.5969761610031128,1
197910587768#5121642074,1,0.8255589008331299,1
4024663252#1905948078,0,0.0004562186950352043,0
1847712017#2057051388,1,0.8341525793075562,1
2111351705#5067776785,0,0.002200847025960684,0
4628867825#5169257623,0,0.0009238445200026035,0
2359474749#2057051388,0,0.0014271186664700508,0
4797396841#1635692869,0,0.5326002836227417,1
18469192585#156276677247,0,0.0956016331911087,0
3630377420#4825375981,0,0.0016471572453156114,0
336556403061#1847712017,0,0.000266856950474903,0
18467925256#4748650954,0,0.001918417401611805,0
4417818851#2113760999,0,0.0009924930054694414,0
4534359957#1878732185,0,0.0018277403432875872,0
19705527158#2058316912,0,0.0004223069117870182,0
4620685919#4099641396,0,0.06439746171236038,0
1711852573#3052165975,0,0.002050643088296056,0
4479096850#4746144353,0,0.0006178489420562983,0
3485676898#2074458538,0,0.0031273167114704847,0
4353960088#2092938385,0,0.4585523307323456,0
1903466347#23230310067,0,0.0010945742251351476,0
4323500485#4542039020,0,0.0006156557938084006,0
309312101477#309312102749,0,0.355999231338501,0
5123189265#3282474651,0,0.6291452646255493,1
4941134416#4593095274,0,0.0006568894605152309,0
2062045929#1528865186,0,0.032151252031326294,0
4808134153#4620294540,1,0.8679727911949158,1
2053826326#4952978442,0,0.34952181577682495,0
3648904906#2064730522,0,0.9066394567489624,1
41375214069#3691000538,0,0.20501622557640076,0
2343156405#1770010645,0,0.02554171532392502,0
4385069368#3712801411,0,0.22983449697494507,0
46983614517#2092610536,0,0.000527102209161967,0
2183968048#2180579787,0,0.865576982498169,1
2297005450#50602309472,0,0.0009760899702087045,0
2016866277#4165151066,0,0.8853506445884705,1
2296574953#2070627808,0,0.4097893238067627,0
183335907108#4145496082,0,0.0008941941778175533,0
1684789889#2003710867,0,0.7823888063430786,1
2066535766#1639699607,0,0.6468717455863953,1
2058278464#4457149562,1,0.7685446739196777,1
4658956014#4628467232,0,0.002725259866565466,0
2064727359#3669306485,0,0.8485465049743652,1
2064727359#4317041484,0,0.6899082064628601,1
38448881724#4735432768,0,0.0008800324867479503,0
1718471304#2058278464,0,0.0019238548120483756,0
2115880476#1816427364,0,0.012773130089044571,0
4210986952#5041670056,1,0.5149819254875183,1
2061448087#2061448091,0,0.08174856752157211,0
14613466961#14613461939,0,0.36975979804992676,0
1497880313#1637581644,0,0.8289864659309387,1
4204386191#2066535766,0,0.0010345411719754338,0
11087571368#53263275323,0,0.7011495232582092,1
107725296889#4699510653,0,0.06964414566755295,0
3474685537#3628839717,1,0.7881680130958557,1
5090005101#4581502608,0,0.0008295453153550625,0
5210078086#2058563113,0,0.002025228226557374,0
4323500485#4535941097,0,0.7438939213752747,1
3052944481#4145496082,0,0.008996139280498028,0
5003601219#2065354050,0,0.002244538627564907,0
4205424867#2064730522,0,0.022724468261003494,0
4811798618#4057032761,0,0.0010692256037145853,0
4843831604#117277915830,0,0.003386244410648942,0
4417818851#4348295931,0,0.0013965453254058957,0
187508564338#3630377420,0,0.3288050591945648,0
2070908197#2067377960,0,0.4901789724826813,0
3359180524#1533602348,0,0.6389214396476746,1
1951195150#3754155310,0,0.0073483968153595924,0
2175801910#3770456617,0,0.1738634705543518,0
1671393307#4595088087,0,0.002511151833459735,0
55721888445#1701333847,0,0.001004282385110855,0
4157551094#201663692217,0,0.4780237376689911,0
2183968048#2026258521,0,0.8321220278739929,1
2060185514#1565913509,1,0.5490747690200806,1
487126887411#291173146171,1,0.9150402545928955,1
3791139342#4536450435,0,0.0028784149326384068,0
4820163687#4435566465,0,0.7409700751304626,1
5031406959#5197586202,0,0.37454748153686523,0
2065201243#2114341514,0,0.5188608169555664,1
18468188878#2068602973,1,0.8804882764816284,1
5095503840#2079581946,0,0.0004673500661738217,0
406088738482#18468687381,0,0.004841004032641649,0
307718000196#4628482537,0,0.0017804488306865096,0
2168053481#2168053392,0,0.03597138822078705,0
2296574953#2058316912,0,0.0006773139466531575,0
50016874555#49857216438,1,0.9059351682662964,1
5174571094#2113760999,0,0.000686931423842907,0
4755359264#3626237468,0,0.03348764404654503,0
2148153592#2116342008,0,0.0008528432808816433,0
3967431644#2061022206,0,0.0008782499353401363,0
1548108669#32236834289,0,0.004322826396673918,0
2062782802#183335907108,0,0.0007566465646959841,0
1347237190#4205424867,0,0.0018681224901229143,0
3882026745#3633572726,0,0.015635956078767776,0
5185236541#4748650954,0,0.0008127638720907271,0
1634282673#1752749942,0,0.00032324474886991084,0
4451289887#1419344414,0,0.0006087262881919742,0
2060185514#3474372520,0,0.001787053537555039,0
1718471304#1696438060,0,0.04978547990322113,0
4027742647#4450602322,0,0.37960609793663025,0
1684789889#1765891797,0,0.7675694227218628,1
3772512066#4718263231,0,0.10859350860118866,0
4635981164#4687116172,0,0.05649767071008682,0
2067571192#4536450435,0,0.41355279088020325,0
4991881534#2078835030,0,0.35198450088500977,0
2199135578#3347114660,0,0.6422038674354553,1
4401870234#1646275700,0,0.13366790115833282,0
1497939109#1497880313,0,0.1798068881034851,0
3290843987#19705527158,0,0.001991377677768469,0
1712570939#1816427364,0,0.9713218212127686,1
2026258524#2026258521,0,0.6988447904586792,1
4272887201#146011937628,0,0.00039898123941384256,0
1347237190#6871473475,0,0.00402023596689105,0
5318769457#3439202323,0,0.0008870642050169408,0
3635733776#4339070553,0,0.0009768783347681165,0
4176217131#2124411604,0,0.001011823769658804,0
4145496082#5018368651,0,0.0008840252994559705,0
3299599421#1543155210,0,0.0005890296888537705,0
48926966870#4900256072,1,0.8492558598518372,1
2066509477#1811606488,0,0.5195891857147217,1
2114716134#1953270965,1,0.5898873209953308,1
4451289887#3644272514,1,0.9697712063789368,1
1656969942#1665894324,1,0.8608293533325195,1
2169220658#5214033793,0,0.6619282960891724,1
4913742546#4210986952,0,0.26402661204338074,0
1848008894#3637042235,0,0.6771073937416077,1
3245545040#1709057480,0,0.0012733441544696689,0
21269204096#4180609537,0,0.0022529885172843933,0
5123189260#7161172172,0,0.7934802174568176,1
2066509477#4716933437,0,0.8961232304573059,1
2055448044#1752749942,0,0.7738600969314575,1
46983614517#4165585148,0,0.0013372888788580894,0
4206267336#4589820532,0,0.0010693070944398642,0
2235828707#2062075977,0,0.8803942799568176,1
1751247315#4530026053,0,0.001266151899471879,0
4511530729#178258449477,0,0.8900225758552551,1
3435281641#5174571094,0,0.004069679416716099,0
2115528606#1500022510,1,0.5795489549636841,1
111568230982#146778888902,0,0.0008346991962753236,0
4155408706#4439737367,0,0.720312237739563,1
3487828521#3289002540,1,0.9274982810020447,1
4077473357#3446029032,0,0.6414671540260315,1
4748650954#4535941097,0,0.24289274215698242,0
2168053392#4656986610,1,0.849328339099884,1
117154450703#5121642074,0,0.11354362219572067,0
97115452949#219547393842,0,0.0028969377744942904,0
4523728345#3929215225,0,0.05387597158551216,0
2114975127#4952978442,0,0.5082043409347534,1
1727736762#2112576214,0,0.0007281059515662491,0
113196401893#1635692869,0,0.9510614275932312,1
1565912494#2057145715,0,0.27714282274246216,0
174007019522#2115528606,0,0.007438681088387966,0
3400442486#4479424072,0,0.4587922990322113,0
34888001864#3880409698,0,0.5946561694145203,1
3043492443#4205424867,0,0.010352443903684616,0
2111351705#2114716134,0,0.02213238924741745,0
3490539439#5090005101,0,0.0005174164543859661,0
4456625974#3999176481,0,0.745547354221344,1
2254264382#4542039020,1,0.8445830345153809,1
3881831374#183335907108,0,0.001152536366134882,0
5067776785#4828654874,0,0.9084004759788513,1
2067179166#4780994423,0,0.001707393559627235,0
156893097471#1646144729,0,0.001014474779367447,0
4840773591#2067179166,0,0.0009603153448551893,0
2122362220#2062766801,0,0.0021205309312790632,0
309312102749#1347237190,0,0.5466505885124207,1
2066509477#2054657143,0,0.9498137831687927,1
5090005101#5109193415,0,0.40610799193382263,0
174007019522#121528725386,0,0.47371169924736023,0
150594502346#212394033260,0,0.7112135887145996,1
4024663252#4451124293,0,0.5278805494308472,1
41375214069#3903296442,0,0.001835098140873015,0
4941134416#4304261357,0,0.6439473628997803,1
3764759336#3550931655,0,0.00661132950335741,0
303600075141#1728174555,0,0.44485747814178467,0
1416827061#1639901072,0,0.902228832244873,1
2026069710#4991881551,0,0.005269363522529602,0
174006932062#3404019592,0,0.0006663341773673892,0
2159739481#1694379812,0,0.33339643478393555,0
3954668240#2054781193,0,0.8450132012367249,1
2061448091#1537709317,0,0.764716625213623,1
14613465315#4613276653,0,0.003461347194388509,0
4542039020#4746512285,0,0.722955048084259,1
4657354311#4657354285,0,0.07274869084358215,0
3920807098#4304261357,1,0.6168074607849121,1
157726428514#111110399548,0,0.5988807082176208,1
2111351705#2165015487,1,0.6237895488739014,1
5067776785#178258449477,0,0.886756956577301,1
2092610519#2092610536,0,0.4798484146595001,0
5104418469#38202857246,0,0.0006127505330368876,0
1374772535#2062770841,0,0.8069553375244141,1
75959618233#2063706226,0,0.001390607561916113,0
4385421396#4091921695,0,0.6488432288169861,1
4408616491#1637980981,0,0.0003333181666675955,0
4196521320#2054753273,0,0.0033639881294220686,0
3633360460#2068623358,1,0.7504831552505493,1
1528865186#2254264382,0,0.015522537752985954,0
3490539439#2113093450,0,0.06883976608514786,0
1818739935#4495500756,0,0.19095082581043243,0
4323500487#4323500485,0,0.07425624132156372,0
2007934907#5037293131,0,0.23504649102687836,0
5163452200#4643938191,0,0.6778705716133118,1
4620294540#1415647813,0,0.5487601161003113,1
4479096588#107725296889,0,0.28005093336105347,0
4991881534#303600075141,0,0.8880764245986938,1
1816427364#5183692300,0,0.4905494153499603,0
2079581946#3794247232,0,0.00046533928252756596,0
4384414279#4384403228,1,0.9769328832626343,1
1782357780#3359180524,0,0.0011156874243170023,0
2062075977#18467925256,0,0.9726306796073914,1
2069774757#4226659635,0,0.0014980912674218416,0
4542321633#4435913614,0,0.21563635766506195,0
4201830454#4327866563,0,0.0024538086727261543,0
46983614517#34888001864,1,0.850169837474823,1
2113093450#1639219119,1,0.9105088114738464,1
4781194041#3529095384,0,0.001489942311309278,0
1594535012#1594535010,0,0.22474712133407593,0
2159739481#1639901072,0,0.0007482953369617462,0
2314360284#2727127831,0,0.043507132679224014,0
2062766801#3926916973,1,0.6576194167137146,1
4623949169#1672066227,0,0.05666998773813248,0
1639390814#1712080073,0,0.7585296034812927,1
2092610536#4439426144,0,0.0036987876519560814,0
2056128836#309670736915,0,0.0020837332122027874,0
1312695289#4680095395,0,0.7946069240570068,1
5174571094#4210985419,0,0.3730176091194153,0
3954668240#4797396841,0,0.010593269020318985,0
4223043910#174007019522,0,0.0004183884593658149,0
5185236541#5167083430,0,0.8735288977622986,1
1386747994#2056128836,0,0.0007079053902998567,0
5197586202#5214033793,1,0.6788102388381958,1
5121642074#102514982310,0,0.1895388513803482,0
1903466347#10175162517,0,0.7243296504020691,1
156274514359#91686025987,0,0.028255753219127655,0
4642512906#3501281334,0,0.001336986431851983,0
2275666316#49857216438,0,0.0018183906795457006,0
4272885125#4317041484,1,0.8551381826400757,1
69710193399#2074019451,0,0.03400807082653046,0
4323500485#4435566465,1,0.8900080323219299,1
4755359264#49857216438,0,0.3035655617713928,0
1843271409#4393085087,0,0.0291439201682806,0
2062766088#3403897392,0,0.9118797779083252,1
2059483876#3525845999,0,0.0007701258873566985,0
5096293410#156277514294,0,0.005712470971047878,0
4209814745#4913742546,0,0.001243515987880528,0
1728174549#3603201749,0,0.9066532850265503,1
4215038721#4215027256,1,0.7019093036651611,1
2199135578#4549189933,0,0.0013817001599818468,0
4673557611#4620685919,1,0.6138263940811157,1
1537709304#1533602348,0,0.0029360668268054724,0
1701470611#2078835030,0,0.9322875738143921,1
1528865186#4781194041,0,0.001281460514292121,0
1951195150#4450602322,0,0.0013965725665912032,0
4915591396#5154681248,0,0.2779293954372406,0
7161173338#5018368651,0,0.5679364204406738,1
4840773591#125323389433,0,0.000588436028920114,0
2079572106#1639699607,1,0.8714087009429932,1
1415554755#2175801910,0,0.10214082896709442,0
2057051388#3550931655,0,0.0010816941503435373,0
4218561827#4214739605,0,0.8857404589653015,1
4444196403#3214249595,0,0.0019634098280221224,0
4572636295#4435566465,0,0.5662840008735657,1
4391918874#86283717806,0,0.012018046341836452,0
3648904906#4272843119,0,0.8620124459266663,1
5123189265#7161172305,0,0.4566900134086609,0
60367707728#11087571368,0,0.039094045758247375,0
4542321633#3052944481,0,0.0068143378011882305,0
1712570793#1712573177,0,0.885465681552887,1
3550979323#14613588147,1,0.9114725589752197,1
4915591396#4867542841,0,0.8605319261550903,1
2026258519#2026258520,0,0.6969179511070251,1
102514982310#4722721497,0,0.1763285994529724,0
2057051388#2247165276,0,0.5461595058441162,1
2175801910#1696208496,0,0.3774697184562683,0
18465851371#3487828521,0,0.6908268332481384,1
3044025040#3831256267,0,0.5949147939682007,1
4636446230#2061448087,0,0.0011230449890717864,0
3446029041#4077473357,0,0.6463664174079895,1
4572636295#38406123057,0,0.0005584959289990366,0
4439737347#4699510653,0,0.0014002082170918584,0
4898626808#3860948251,0,0.5716904401779175,1
3836676657#4530026053,0,0.5001065731048584,1
4022447951#3026064813,0,0.0026817519683390856,0
2133358535#2056078364,0,0.6993996500968933,1
1818739935#1316556785,0,0.0023223492316901684,0
4993036319#4316999082,0,0.001392290461808443,0
1647227082#1427286361,0,0.08336921036243439,0
2159452221#2199135578,0,0.0016621113754808903,0
3408556286#2068436073,0,0.020468473434448242,0
1318260275#2057051388,0,0.002299902494996786,0
4642854804#5165108496,0,0.0005706936353817582,0
3404019551#2057051388,0,0.6113166213035583,1
2062867476#18468188878,0,0.01781303808093071,0
1394397775#2060257095,0,0.7867635488510132,1
1778563595#1778563597,0,0.09942105412483215,0
157726428514#4998365450,0,0.05144640430808067,0
4843831604#2056478070,0,0.0005121951689943671,0
1813034413#1816430010,0,0.10603231191635132,0
4231111906#4226659634,0,0.03564939275383949,0
4223043910#4003298247,0,0.6266075372695923,1
117154450703#2062782802,0,0.0006013092934153974,0
2060253226#2054733437,0,0.008828862570226192,0
2059052537#4495500756,0,0.4474680423736572,0
4272843119#4348295931,0,0.001911461935378611,0
18468690620#5169257623,1,0.8684380650520325,1
4657354285#4657354294,0,0.7602121829986572,1
4179651570#1994805938,0,0.8809396624565125,1
2133358535#4200562083,0,0.004275061190128326,0
91686025987#29299331674,0,0.9050577282905579,1
4219781521#1712573177,0,0.008075998164713383,0
1374772550#3289002540,0,0.007899959571659565,0
2003710867#3635733776,0,0.34761372208595276,0
1497939109#5003601219,0,0.0003873732639476657,0
4408616491#4742698844,0,0.0006246069096960127,0
14613464473#4549189933,0,0.0006934481207281351,0
157726428514#121528725386,0,0.04605165496468544,0
1438326380#4157280271,0,0.8903525471687317,1
5109193415#4405676807,0,0.5561158061027527,1
1574873794#4196521320,0,0.6814844012260437,1
4157280271#1401982678,0,0.002206047996878624,0
4321048267#5037293131,0,0.7437447309494019,1
117154450703#114453608394,0,0.19147704541683197,0
5183692300#2062075980,0,0.0012137647718191147,0
3806980943#4348295931,0,0.0008085943409241736,0
1316058339#4915591396,0,0.0004686317697633058,0
1903466347#4065795443,0,0.5684660077095032,1
1840606003#4157280271,0,0.011189066804945469,0
4256926363#4657354311,0,0.02007422223687172,0
4952978442#5165108496,0,0.8417664170265198,1
3438816692#1709057480,0,0.6191447973251343,1
2281691154#5014897285,0,0.009958711452782154,0
5173394727#5104418469,0,0.0031791150104254484,0
3501281334#1646275700,0,0.0004282016889192164,0
4820163687#4748650954,0,0.6430708169937134,1
1778563595#1712570939,1,0.7915577292442322,1
2148153592#3594649033,0,0.0010822719195857644,0
4157496031#4619195159,0,0.7001537084579468,1
4391918874#4536041187,0,0.28615865111351013,0
201663692217#2062770841,0,0.0010578229557722807,0
1672066227#4261185678,0,0.0029954323545098305,0
4589929428#4572636295,0,0.5839201211929321,1
4201830454#4450888165,0,0.0010764739708974957,0
3349756713#4658620132,0,0.2818102538585663,0
4959321228#41713266437,0,0.7769184708595276,1
207035576772#1847712017,0,0.0010839073220267892,0
2059052537#3791139342,0,0.0009372284403070807,0
2111041560#4465664542,0,0.002447687555104494,0
2055886100#2329543699,0,0.05885781720280647,0
4523728345#4416668620,0,0.0009614400332793593,0
5169257623#18465816919,0,0.9123435020446777,1
2016866277#2133358535,0,0.9695791602134705,1
4534359957#4451288784,0,0.08685945719480515,0
1318260275#2079581946,0,0.0005615908885374665,0
4572636295#4323500487,1,0.835412323474884,1
2059052537#2062766088,0,0.0033919280394911766,0
1882929309#2066246683,0,0.7717217206954956,1
2268304430#1594535012,1,0.7145090699195862,1
4581502608#4718263231,0,0.0004079636128153652,0
3114734058#4384414279,0,0.001312951440922916,0
4157496031#5014897285,0,0.0006896549602970481,0
3236601708#3550931655,0,0.8916409611701965,1
4705583754#3249354040,1,0.8298810124397278,1
4176217131#4828387554,0,0.7676776051521301,1
5090005101#4699280965,0,0.0018190484261140227,0
4161797606#3359180052,0,0.0007480393978767097,0
4145588659#2199135578,0,0.45176810026168823,0
1326086493#2062766088,0,0.000793228973634541,0
2062075980#18467925256,0,0.9666177034378052,1
4726704241#2055886100,0,0.0009111288818530738,0
4572380856#3794247232,0,0.6574722528457642,1
3044853716#2066624968,0,0.05811247229576111,0
1319944364#3227376447,0,0.6808221936225891,1
314601953357#102514982310,0,0.1520160585641861,0
3495408683#4643943359,0,0.033049918711185455,0
5067776785#2135316663,0,0.0013613811461254954,0
4755359264#38448881724,0,0.7340851426124573,1
3972924699#2027929598,0,0.0008023771806620061,0
1574873794#3400442486,0,0.0026121903210878372,0
18469192585#435372126625,0,0.005387827288359404,0
2060185518#291173146171,0,0.0005025501013733447,0
2268287413#34888001864,0,0.00041880024946294725,0
2092610536#3269719212,0,0.2727341949939728,0
4623947495#406088738482,1,0.041336432099342346,0
4628867825#4619195159,0,0.01620589755475521,0
2007847537#2112794415,0,0.8744932413101196,1
1994805938#3347114660,0,0.6100685000419617,1
4452060617#4750249486,0,0.7971605062484741,1
1962074579#4091921695,0,0.7784298062324524,1
4165151066#1565925308,0,0.000520596164278686,0
1543155210#1565925308,1,0.8009650111198425,1
117154450703#189546061243,0,0.553472101688385,1
4437827660#3525845999,0,0.7333768606185913,1
4397595587#4781194041,0,0.6757152676582336,1
3052180518#1430988070,0,0.890045166015625,1
3043492443#2163049577,0,0.0009840838611125946,0
5197586202#4952978442,0,0.5536702275276184,1
2111041560#1637581644,0,0.07995333522558212,0
23230310067#4761512241,1,0.8615023493766785,1
3408556286#10530767652,0,0.0010982020758092403,0
4353960088#4384403228,0,0.7225461006164551,1
1848008894#3972924699,0,0.26406198740005493,0
2056128836#1816430010,0,0.022021211683750153,0
107725290582#4658620132,0,0.0003971394617110491,0
1696095096#4196521320,0,0.6564993858337402,1
4330455313#4511530729,0,0.0014113110955804586,0
5182742886#18466202308,1,0.9647385478019714,1
2065354050#1627738213,1,0.8265265226364136,1
1594535012#2026069710,0,0.09578070789575577,0
4206224036#4735432768,0,0.3622379004955292,0
3635733776#1684789889,0,0.057167794555425644,0
2007329552#1646275700,0,0.26183345913887024,0
1472057117#4991881551,0,0.090543732047081,0
4346970606#4589673799,0,0.015206134878098965,0
4542039020#4619195159,0,0.0019334558164700866,0
1811606488#4628482537,0,0.42665112018585205,0
2297005450#1633806208,0,0.0009341091499663889,0
2119398744#2111350136,1,0.8405985832214355,1
4218561827#4335156801,0,0.0036418701056391,0
1438441444#2063588766,0,0.0004576545616146177,0
1497939109#2343156405,0,0.10601922124624252,0
4644140313#1696095096,0,0.6143777370452881,1
4179651570#2281691154,0,0.7829439043998718,1
55721888445#1701333916,0,0.0015186287928372622,0
5181571321#14613435427,0,0.0007202121778391302,0
4825375981#21269204096,0,0.00559634855017066,0
3882201915#3949154897,0,0.1252766102552414,0
50602309472#3648904906,0,0.00188766373321414,0
1656969942#5003601219,0,0.8666728734970093,1
3551393130#1810185303,0,0.2630523443222046,0
4479096588#4285709207,0,0.0009039698634296656,0
14613461939#4327866563,0,0.002085581189021468,0
1416301524#3612961288,0,0.0009489227668382227,0
5059261580#4619195159,0,0.18180759251117706,0
53263275323#60367707728,0,0.7758427262306213,1
4004772536#3282474651,0,0.00087364437058568,0
3709672083#2275666316,0,0.0004475762543734163,0
3967431644#3044025040,0,0.0027757911011576653,0
3630377420#1696208496,0,0.0011307077948004007,0
4454965094#4454991968,0,0.016584396362304688,0
29299331674#4226659635,0,0.5775535106658936,1
3968945784#1502384801,0,0.10313133895397186,0
2062867476#3076859035,1,0.6862884163856506,1
3954668240#2247165276,0,0.1751234233379364,0
145960681701#4867542841,0,0.07008735090494156,0
138963214044#156276677247,0,0.03663742542266846,0
4454991968#2027929598,0,0.8053579926490784,1
4024663252#4215027256,0,0.0012275021290406585,0
3920807098#4722721497,0,0.689505934715271,1
4408616491#1816427364,0,0.029319006949663162,0
3555205657#3487828521,0,0.5894988179206848,1
3046471496#3108657350,0,0.0004958802019245923,0
1634282673#201663692217,0,0.03329087793827057,0
3474372520#3076859035,0,0.0020083675626665354,0
3289002505#4065797638,0,0.7076387405395508,1
1533602348#3299598934,0,0.6770592927932739,1
41375214069#1684789889,0,0.8015363812446594,1
4285709207#18465816919,0,0.002552646677941084,0
2092610533#2066246683,1,0.8133529424667358,1
1914706723#1565925308,0,0.7737406492233276,1
4391919171#4658956014,0,0.0040087164379656315,0
4534359957#3628533316,0,0.0016845681238919497,0
3363370353#2057051388,0,0.8449401259422302,1
4604457043#178258449477,0,0.8120834827423096,1
34888001864#4653616782,0,0.00046643352834507823,0
4335156801#2122362220,0,0.14352117478847504,0
1728174549#1472057117,1,0.9973215460777283,1
3972924699#4040016243,0,0.7223690152168274,1
2551494872#4223043910,0,0.0021603843197226524,0
2176735919#1743052872,0,0.921721339225769,1
2175801910#4538332005,0,0.0010056443279609084,0
4581502608#1395111624,0,0.0031664862763136625,0
2176735919#2133358535,0,0.7733049392700195,1
4746144353#4620294540,0,0.10985361039638519,0
114453608394#2079572106,0,0.001836865209043026,0
2297005450#29299331674,0,0.9462957382202148,1
4450602322#4658620132,0,0.11001671105623245,0
1728174549#336556403061,0,0.21733781695365906,0
54161674630#4015422065,0,0.6550825238227844,1
5167083430#18465816919,1,0.9207560420036316,1
4065721591#4015322905,0,0.0011091099586337805,0
4628867825#4589678847,0,0.11566491425037384,0
4256622048#4657354294,0,0.17951630055904388,0
2054657143#3628839722,0,0.0006518398295156658,0
4536450435#2058222393,0,0.0009847943438217044,0
2065201243#6871473475,0,0.2364511638879776,0
109165560395#2064229512,0,0.015617655590176582,0
1882929309#421393369392,0,0.0010315526742488146,0
3949154897#4549189933,0,0.0005931945634074509,0
3831256267#1840606003,0,0.00040598519262857735,0
50602314209#87720200914,0,0.6781688332557678,1
38448881724#2065201243,0,0.013361010700464249,0
4589673799#50016874555,0,0.0006558147724717855,0
4397595587#4417849752,0,0.8562352657318115,1
4535930871#1557919756,0,0.0025290006306022406,0
4657354294#97115452949,0,0.0006932690739631653,0
3501285885#14613461654,0,0.2392701953649521,0
3404019592#3419405027,0,0.5132564306259155,1
4140165052#4385421396,0,0.8266031742095947,1
1671393307#2120472151,0,0.36103662848472595,0
1962074579#3245545040,0,0.01383907999843359,0
2078774568#2063706226,0,0.3347035050392151,0
1816430010#34888001864,0,0.0009646436665207148,0
2111349786#1953270965,0,0.6459667682647705,1
1694379811#4391919171,0,0.0010661447886377573,0
4132281843#1472057117,0,0.3742786943912506,0
4247271139#5041670056,0,0.22738543152809143,0
156277207697#156277208014,0,0.8699395656585693,1
3920807098#4941134416,0,0.1858745962381363,0
4781194041#29299331674,0,0.0009894774993881583,0
4530026053#4289086328,0,0.6368361115455627,1
3408556286#4452550298,0,0.0013496630126610398,0
2119476678#2165015487,0,0.9797971844673157,1
4755359264#1710094724,0,0.02580256015062332,0
1313607746#1782357780,0,0.0741194412112236,0
14613469834#4644140313,0,0.0010569411097094417,0
4195993580#4391919171,0,0.04890788346529007,0
3949154897#1646275700,0,0.06950477510690689,0
2026258519#2181531828,0,0.818909764289856,1
5154681248#86626661064,0,0.11668375879526138,0
212771874474#4667944802,0,0.0003157468163408339,0
422592070627#3361906432,0,0.0036856825463473797,0
5060996735#5090085713,0,0.00886951107531786,0
4722721497#2060253226,0,0.0009246608824469149,0
4452550298#1816427364,0,0.013509850017726421,0
2057051388#2057051387,0,0.03413217514753342,0
2055886100#2133358535,0,0.0039663673378527164,0
2053826326#5197586202,0,0.5398202538490295,1
3648904906#3669306485,0,0.7504819631576538,1
3236601708#3809186919,0,0.6549179553985596,1
4451124293#4452550298,1,0.7297990322113037,1
3648904752#4272843119,0,0.8949980139732361,1
1718471304#1374772535,0,0.09829746186733246,0
1646206864#3474372520,0,0.0007651796331629157,0
4659194738#19705527158,0,0.05008256807923317,0
5018389488#4155510577,0,0.00026065396377816796,0
1684789889#3026064813,0,0.7598459124565125,1
1427286361#1765891797,0,0.0012453775852918625,0
4451089335#4699280965,0,0.0006791554624214768,0
2055377631#97115452949,0,0.6796708703041077,1
2113093450#4944579314,0,0.9143256545066833,1
1751364886#1751364880,0,0.8035262823104858,1
4411426624#4071233134,0,0.6787357330322266,1
4200562083#1843271409,0,0.3163130581378937,0
3999176481#1994805938,0,0.0017541534034535289,0
2551494872#1656969942,0,0.21778574585914612,0
5027483278#1711687490,0,0.0011135516688227654,0
1313607746#3920807098,0,0.004048256203532219,0
5060996735#3648904906,1,0.9634943604469299,1
291173146171#2060185514,0,0.0004745538462884724,0
3949154929#3903241588,0,0.7466539144515991,1
1780678934#1639390814,0,0.0005454047932289541,0
1537709317#4145496082,0,0.0018046277109533548,0
4452550298#4215027256,0,0.2929271161556244,0
1537709311#4452550298,0,0.00115061120595783,0
3446029032#4206267336,0,0.0009390156483277678,0
4291077418#3289002540,0,0.7979750037193298,1
3791139342#70183897754,0,0.0016343039460480213,0
1701470611#336556403061,0,0.23164068162441254,0
4157551094#2115151765,0,0.3807384669780731,0
4057032761#4024663252,0,0.25599998235702515,0
1326086493#3794247232,0,0.003727066097781062,0
4726704241#79993360240,0,0.6543260812759399,1
1818739935#2275666316,0,0.0021018642000854015,0
4205424867#4022447951,0,0.0025391732342541218,0
1718471304#4657354311,0,0.0030035930685698986,0
2066624973#4680095395,0,0.6214650869369507,1
4700047151#3359180052,0,0.6514531373977661,1
4910561821#4247271139,0,0.24927683174610138,0
4755359264#187508564338,0,0.43089982867240906,0
2727127831#4572380856,1,0.8276952505111694,1
4780994423#5318769457,0,0.4996194839477539,0
1817644740#4261185678,0,0.0008799570496194065,0
3889395495#4781194041,0,0.0006441483274102211,0
2066246683#1818739935,0,0.0015251131262630224,0
2119398744#1953270965,0,0.8861516118049622,1
3361906432#1817644740,0,0.7483863234519958,1
4726704241#4700047151,0,0.6576004028320312,1
4572636295#4820163687,0,0.8802704215049744,1
2066535766#1500022510,0,0.0008756837924011052,0
3107598853#580549064505,0,0.0006562292692251503,0
1905948078#2059483876,0,0.4644424021244049,0
14613460476#2056478070,0,0.0010556047782301903,0
3401731422#4952978442,0,0.0004239087866153568,0
5090005101#4214739605,0,0.44195351004600525,0
1701333915#3529095384,0,0.001362898969091475,0
2055886100#4804861605,0,0.0012376190861687064,0
3635733776#4715847880,0,0.29455623030662537,0
18468687381#2063706226,0,0.8732709288597107,1
114453608394#1639901072,0,0.001639430527575314,0
146778888902#4730645460,0,0.0009348280145786703,0
2007847537#4523728345,0,0.22478708624839783,0
2079581946#2078835030,0,0.08887334913015366,0
4589830735#4534359957,0,0.2688077390193939,0
2133358535#1497880313,0,0.0561559833586216,0
2054781193#1914403252,0,0.0011933078058063984,0
91686025987#5163452200,0,0.7400968670845032,1
487126887411#4470296934,0,0.004723042715340853,0
2120155505#4179651570,0,0.8711528778076172,1
2026258524#2026258520,0,0.12453025579452515,0
3289002505#3287805133,0,0.03884738311171532,0
4495044650#2061673563,0,0.00035051562008447945,0
1962074579#54161674630,0,0.0016410632524639368,0
4623947495#1847712017,0,0.0008966560126282275,0
4316999113#1321409006,0,0.0022973467130213976,0
174006932062#174007019522,0,0.061168406158685684,0
4024663252#4451124306,1,0.7451379895210266,1
2027929598#2069774757,0,0.05822611227631569,0
4755359264#4643718292,0,0.017147867009043694,0
4327866563#4457149562,0,0.0057652052491903305,0
156277514294#307718000196,0,0.2689518630504608,0
2180579787#2026258519,0,0.8555755019187927,1
4535949395#4595088087,0,0.9635100960731506,1
4161797606#4991881534,0,0.342372328042984,0
3612961288#1867262556,0,0.0011047138832509518,0
3513178266#1347237190,0,0.0010615501087158918,0
1816427364#303600075141,0,0.0015322924591600895,0
3934602500#4196598949,0,0.0012803124263882637,0
2055448044#3289002540,0,0.0008563529700040817,0
5123189260#3282474651,0,0.7337304949760437,1
41375214069#7161172305,1,0.4971194267272949,0
3501281334#1646206864,0,0.0007130029844120145,0
4672808661#1635692869,0,0.4037224054336548,0
3477269989#3628839722,1,0.7771340608596802,1
1867286717#4417818851,0,0.656913697719574,1
3550979323#4898626808,0,0.0004980170051567256,0
3551393130#4065721591,0,0.0013127438724040985,0
14613461939#2069774757,0,0.0005678144516423345,0
4623949169#4851901157,0,0.0017774495063349605,0
309312102749#364679238122,1,0.4234994649887085,0
2058148983#3501281334,0,0.0005717822932638228,0
2064414260#1520168707,0,0.0010355666745454073,0
3485676898#4551054156,0,0.000623977102804929,0
3709672083#4705583754,0,0.001385975512675941,0
4943818903#38448881724,0,0.4561227262020111,0
3926916973#2075914534,0,0.9479222893714905,1
4298588573#3881831374,0,0.01950666308403015,0
1694379811#1497880313,0,0.8378969430923462,1
102514982310#4538332005,0,0.0016133085591718554,0
2135054445#2069985286,1,0.8803094625473022,1
4926426630#4215038721,0,0.686769962310791,1
4972894326#2062867476,0,0.0021783942356705666,0
3683502845#3644272514,0,0.6755109429359436,1
2062766088#2062766801,0,0.3603656589984894,0
4828654874#1770010645,0,0.825104832649231,1
41713266437#111110399548,0,0.005783595610409975,0
2336490445#3860948251,0,0.00043918724986724555,0
2054753273#3926867260,0,0.8550688624382019,1
4499147142#1416301524,0,0.040290068835020065,0
4195960848#4197138413,0,0.00794677808880806,0
1818739935#117154450703,0,0.0010292924707755446,0
41375214069#4804861605,0,0.04764082655310631,0
4256926363#4479424072,0,0.0006073626573197544,0
4726704241#3299598934,0,0.8321733474731445,1
2065201243#2062075980,0,0.9616971015930176,1
4210986952#2063588766,0,0.6720593571662903,1
1312695289#2159452221,0,0.12713222205638885,0
1537709317#4077473357,0,0.03501010686159134,0
3926916973#3050152494,0,0.002910387236624956,0
29608029868#2297005450,0,0.20783504843711853,0
4929499262#3304467506,0,0.7931102514266968,1
1843271409#53263229623,0,0.001045386423356831,0
4451289887#4451288784,0,0.7285443544387817,1
4620261674#3470148182,1,0.834195077419281,1
4897048724#3848611844,0,0.004820682108402252,0
1951195150#4454991968,0,0.0007104671676643193,0
4633378534#4748650954,0,0.20069681107997894,0
1701333915#1701333916,1,0.8326839208602905,1
3580539229#3245545040,0,0.7296549677848816,1
4405676807#1921223120,0,0.0009425217285752296,0
2026258520#4346970606,0,0.08097990602254868,0
1374772535#4820163687,0,0.0006717904470860958,0
5027483278#117154450703,0,0.000775905093178153,0
2075914534#1721524699,0,0.4238077700138092,0
4091921695#4140165052,1,0.8438478708267212,1
197910587768#4811798618,0,0.8248667120933533,1
4797396841#2058316912,0,0.5341258645057678,1
2061448087#1537709308,0,0.8173052072525024,1
5031406959#5165108496,1,0.8156521320343018,1
1712570793#1816427364,0,0.9708095192909241,1
4149299298#2336490445,0,0.000870903255417943,0
1565912494#1565913509,0,0.13553346693515778,0
138962728028#2061022206,0,0.2128543108701706,0
3361906432#4549189933,0,0.7795864939689636,1
3727491058#2054657143,0,0.41674208641052246,0
4535941097#4535949395,0,0.0006976440199650824,0
2159739481#1548108669,0,0.0003919270820915699,0
2062766801#1457252585,0,0.22272393107414246,0
1635692869#106964376935,0,0.5100254416465759,1
3044853716#2133358535,0,0.018399527296423912,0
2064229512#4435686270,0,0.00043853544048033655,0
2296493468#2183428945,0,0.0010255958186462522,0
3551393130#3551393318,0,0.02364576794207096,0
1427286361#2064414260,0,0.939947247505188,1
3501285885#4633378534,0,0.00718565983697772,0
2115880476#2296451977,0,0.0009194235899485648,0
2066624973#4893633475,0,0.0006578442407771945,0
3551393130#3451234547,0,0.5932781100273132,1
3626237468#4662042966,0,0.9126014709472656,1
4145588659#3806980943,0,0.0016098798951134086,0
102514982310#114453608394,1,0.4774797558784485,0
1415554755#1696208496,0,0.10114704817533493,0
2115528606#3770456617,0,0.0005120255518704653,0
2056128836#4272137501,0,0.055233873426914215,0
4687116172#2296451977,0,0.01407628133893013,0
2054657150#5059261580,0,0.0011509900214150548,0
1543155210#4926426630,0,0.0010194751666858792,0
2154491220#3628533316,0,0.001576968701556325,0
4780994423#157726428514,0,0.0011580261634662747,0
2343156405#2056078364,0,0.015880877152085304,0
3972924699#4840773591,0,0.00039910885971039534,0
4150903563#4687116172,0,0.09426546096801758,0
4763332016#1653994308,0,0.0008935967343859375,0
4893633475#4426740219,0,0.0888105109333992,0
2054657150#3727491058,0,0.5313072204589844,1
54158093151#3403897392,0,0.0005999657441861928,0
3445564730#3114734058,0,0.001075018779374659,0
1537709304#1537709311,0,0.044964760541915894,0
4589830735#1477293192,0,0.0028810056392103434,0
2075240892#2275666316,0,0.00205994606949389,0
3042764047#4536450435,0,0.5035505294799805,1
4439737347#4155408706,0,0.68503338098526,1
2281691154#1701333847,0,0.025993863120675087,0
18465851371#1401982678,1,0.928398609161377,1
2053826326#2114975127,0,0.6836499571800232,1
1741741476#3446029041,0,0.009036102332174778,0
4667944802#3626237468,0,0.8931722044944763,1
1640340946#1847712017,0,0.0020177029073238373,0
4065795443#3487828521,0,0.7810184359550476,1
125323389433#2159739481,0,0.0006488148937933147,0
1875282048#4867542841,0,0.0003527288499753922,0
2069985286#2007847537,0,0.0012614597799256444,0
4161797606#4452060617,0,0.00167152751237154,0
1817644740#3831256267,0,0.74131840467453,1
1472057117#4219781521,0,0.3542501628398895,0
7161172172#114453608394,0,0.0034458076115697622,0
2336490445#1398443073,0,0.0008547335746698081,0
3404019592#2057051388,0,0.37982022762298584,0
4663785560#38202857246,0,0.0344952829182148,0
29608029868#2062867476,0,0.004293584264814854,0
2057685237#4391918874,0,0.0015920738223940134,0
29608029868#4643938191,0,0.5549704432487488,1
2062782802#1721524699,1,0.8487905263900757,1
4542039020#4633378534,0,0.0006329742609523237,0
2551494872#1654102057,0,0.6513528823852539,1
4633378534#4589929428,0,0.4754571318626404,0
4657354311#7161172172,0,0.001397215761244297,0
60367707728#4742698844,0,0.6349373459815979,1
4132281843#303600075141,0,0.45936229825019836,0
1765891797#2003710867,0,0.332509309053421,0
124021630369#3214249597,0,0.0011577388504520059,0
4536450435#4279029102,0,0.5336735844612122,1
2296451977#2092610533,0,0.0011179912835359573,0
4384414279#4435913614,0,0.0018667563563212752,0
4877427884#2338131041,0,0.0007997775683179498,0
1497880313#1477156406,0,0.5229872465133667,1
4165585148#3709672083,0,0.7251477241516113,1
3054434630#1721524699,0,0.03556935116648674,0
4820163687#4479070818,1,0.9347337484359741,1
107725296889#2092174215,0,0.0016387742944061756,0
2165015487#3609077013,0,0.002119530225172639,0
4840773591#174006932062,0,0.0005445889546535909,0
3435281641#3485676898,0,0.0019444338977336884,0
3474372520#2060355842,0,0.004711613524705172,0
173652977366#4811798618,0,0.9306326508522034,1
114453608394#4613276653,0,0.001171980402432382,0
7161172172#7161172305,0,0.36023804545402527,0
2180579787#60367707728,0,0.03139268606901169,0
4973150488#4972894677,0,0.02812359482049942,0
1710094724#3633360460,0,0.8034752011299133,1
4231111906#4232666143,0,0.13537685573101044,0
4604457043#4667944802,0,0.0008057699305936694,0
4196030610#3949154897,0,0.0005148490890860558,0
4683006694#4289077889,1,0.8440647125244141,1
4479070818#3054671141,0,0.0004988491418771446,0
3236601708#1878732185,0,0.0004509599239099771,0
106964376935#4843831604,0,0.43945997953414917,0
4155408706#4279029102,1,0.9290112853050232,1
4943818903#4620685919,0,0.5158979296684265,1
4408616491#4200562083,0,0.0059325117617845535,0
4289086328#4289077889,0,0.1358328014612198,0
4450888165#4385421396,0,0.44930577278137207,0
4129122420#3107598853,0,0.8765894770622253,1
107725296889#4900378668,0,0.01124559435993433,0
4215038721#4024663252,0,0.45206740498542786,0
3860948251#3794247232,0,0.0507933646440506,0
2055255869#4411426624,0,0.0008707908564247191,0
5173394727#121528725386,0,0.0009055642876774073,0
2054657150#3411721643,0,0.006875720806419849,0
3551393130#2111349786,0,0.0014021263923496008,0
4499147142#1646206864,1,0.8201221823692322,1
2359474749#2359348328,0,0.11127694696187973,0
146778888902#146777938215,0,0.035996418446302414,0
1740857110#3408556286,0,0.0008826584671624005,0
2314360284#4536450435,0,0.005759694613516331,0
3968945784#4495500756,0,0.0160517618060112,0
124021630369#4202041822,0,0.002053839387372136,0
2058316912#1775497794,0,0.0042936294339597225,0
4470296934#4165151066,1,0.8302306532859802,1
3400442486#3603201749,0,0.0042403568513691425,0
2181531828#2183428945,0,0.7867915630340576,1
309670736915#4247271139,0,0.0006074184784665704,0
4471122121#53263229623,0,0.8294464349746704,1
3404019551#1634282673,0,0.000498753332067281,0
197910587768#156893097471,0,0.7826180458068848,1
4657354285#4256926363,0,0.09654170274734497,0
3501281334#3289002540,0,0.7731776833534241,1
5037293131#97014870931,1,0.7044892907142639,1
4535930871#3968945784,0,0.27884814143180847,0
4272887201#4272885125,0,0.4024566411972046,0
4808134153#2069774757,0,0.024964716285467148,0
4657354311#4933360994,0,0.0670434758067131,0
1497880313#1438326380,0,0.7128141522407532,1
4699510653#107725292534,0,0.08760583400726318,0
4385184631#49857216438,0,0.0018614234868437052,0
3495408683#189546061243,0,0.0018256849143654108,0
8431814058#1557919756,0,0.012599385343492031,0
4572374020#4730645460,1,0.9227509498596191,1
3287805133#4065797638,0,0.6681009531021118,1
4636381625#3046729281,0,0.001445593312382698,0
4346970606#4742698844,0,0.0006902167806401849,0
5067776785#3108657350,0,0.6921742558479309,1
2111818909#1770010645,0,0.8812474608421326,1
4223043910#174006932062,0,0.0004188232123851776,0
4065795443#3289002540,0,0.8035573363304138,1
4321048267#2055377631,0,0.9293198585510254,1
4259241183#4155510577,1,0.899466872215271,1
1541880573#4202041822,0,0.8878464102745056,1
29607392514#3445564730,0,0.0015917267883196473,0
4715847880#32236834289,0,0.0014003542019054294,0
4657354285#4226659634,0,0.49490779638290405,0
422592070627#1694379811,0,0.0007583643309772015,0
2268304430#146778888902,0,0.059354592114686966,0
4900378668#1903466347,1,0.6685144305229187,1
3628533316#207035576772,1,0.7917407751083374,1
5031406959#4065795443,0,0.0005584570462815464,0
4840773591#4659194738,0,0.0006321709370240569,0
4662042966#2074019451,0,0.003797362558543682,0
3896015808#4530026053,0,0.0031353917438536882,0
1456843034#3076859035,0,0.0007802622858434916,0
2068623358#2059052537,0,0.0027566547505557537,0
2199135578#1810185303,0,0.01040884479880333,0
1712570939#1727736762,0,0.8544201254844666,1
3557197892#2069774757,1,0.7503139972686768,1
2075914534#3403917033,0,0.07829555869102478,0
1778563602#1634282673,0,0.14722037315368652,0
422592070627#4435686270,0,0.09374547004699707,0
38202857246#1543155210,0,0.0004276497638784349,0
4416668620#3629624977,0,0.001738857594318688,0
1543155210#1951195150,0,0.0003702102694660425,0
5167083430#3446029032,0,0.0006390464841388166,0
3042764047#4437827660,0,0.7287606596946716,1
3764759336#3513178266,0,0.7249734401702881,1
4155510577#3967431644,0,0.0014112923527136445,0
111568230982#2058132898,1,0.8154124021530151,1
4417849752#1867286717,0,0.4823019206523895,0
3461052410#1318260275,0,0.0005722238565795124,0
4223934140#1639390814,0,0.000830011791549623,0
4285709211#4285709207,0,0.5037550330162048,1
5060996735#4317041484,0,0.6089174747467041,1
1878732185#2060257095,0,0.6523696184158325,1
4321048267#2056662276,1,0.9053921103477478,1
1594535010#111110399548,0,0.004736973904073238,0
1778563595#4232471781,0,0.0005455355276353657,0
1438441444#1398682725,0,0.6929295659065247,1
3403917033#3926916973,0,0.4299356937408447,0
5007075941#2112576214,0,0.0011998090194538236,0
3245545040#1541880573,0,0.14463166892528534,0
2120155505#2115151765,0,0.9553187489509583,1
1321409006#1813034413,0,0.8093274831771851,1
4129122420#4196598949,0,0.8379059433937073,1
1457252585#3972924699,0,0.0006374614895321429,0
2359435242#3052180518,0,0.9187270998954773,1
4643898157#4285709211,0,0.005869387648999691,0
2007934907#100995265790,1,0.9058712720870972,1
2003710867#4551054156,0,0.004766410682350397,0
3124123344#580549064505,0,0.0013655383372679353,0
14613461654#14613461939,0,0.3066032826900482,0
4687116172#18467669365,0,0.01596277579665184,0
5181571321#1951195150,0,0.0008259061141870916,0
303600075141#336556403061,0,0.7655972242355347,1
314601953357#22859701254,0,0.0034383798483759165,0
3831256267#1816929342,0,0.8907443284988403,1
4231111906#4636446230,0,0.6377401351928711,1
4715847880#2003710867,0,0.9241750240325928,1
1843271409#4285709211,0,0.01578482799232006,0
4272887201#2064730522,0,0.9179903864860535,1
309670736915#4712246454,0,0.0005913974600844085,0
97014870931#2055377631,0,0.18326525390148163,0
2092610533#156277208014,0,0.0007666496094316244,0
3446029041#3683502845,1,0.6704431176185608,1
2092610536#2092610533,0,0.11120247840881348,0
1639832922#4623570105,0,0.008182811550796032,0
4285709207#4285491833,0,0.5276684165000916,1
4471122121#4465664542,0,0.001498439465649426,0
1634282673#1778563597,0,0.11714236438274384,0
1751247315#4915591396,0,0.003339021699503064,0
4091921695#3926916973,0,0.00399727001786232,0
4437827660#2056662276,0,0.0008137430413626134,0
4840773591#174007019522,0,0.0014565956080332398,0
4157496031#4451289887,0,0.0010089619318023324,0
3299599421#14613435427,0,0.000580575957428664,0
1712080073#1711852573,0,0.13606582581996918,0
1574873794#3445564730,0,0.0008273061830550432,0
2338916683#1438483240,0,0.0027155226562172174,0
309312101477#4003298247,0,0.0014559748815372586,0
4346970606#156277208014,0,0.0005611216183751822,0
2068623358#1710094724,0,0.8300867080688477,1
86283717806#1694379811,0,0.0016119342762976885,0
2059124992#4385184631,0,0.08097758144140244,0
5031406959#2114975127,0,0.3646334409713745,0
4285491833#2061309144,0,0.0007780648884363472,0
2275666316#3474685536,0,0.0004142357502132654,0
1537709308#1537709317,0,0.06112898141145706,0
4451124306#86626661064,0,0.0013476163148880005,0
1665894324#1921223120,0,0.63068026304245,1
4393085087#4680204120,0,0.001795120071619749,0
3949154897#1650171814,0,0.02593955770134926,0
54158093151#4748650954,0,0.0006380119011737406,0
3050045988#18468690620,0,0.000793789979070425,0
4210985419#3411721643,0,0.0003465891641099006,0
4206812485#3642422898,0,0.8906348943710327,1
2117967935#4623570105,0,0.40854138135910034,0
2275666316#174007019522,0,0.0009971524123102427,0
4215038721#4699510653,0,0.0010547246783971786,0
2112576214#4479096588,0,0.06645853817462921,0
1740857110#4451288784,0,0.0005731283454224467,0
4346970606#4797396841,0,0.00048376512131653726,0
1634282673#1633806208,0,0.0006577937165275216,0
1321409006#1816428069,0,0.781969428062439,1
4479070818#4748650954,0,0.47105804085731506,0
4538003565#4589929428,0,0.0017572338692843914,0
1472057117#3287805133,0,0.15458886325359344,0
3404019551#2247165276,0,0.5843729376792908,1
4620685919#3806980943,0,0.7432123422622681,1
3881831374#6015919609,0,0.003392442362383008,0
1656969942#3061887519,0,0.7001038193702698,1
4099641396#4298588573,0,0.6202624440193176,1
4972894326#14613464513,0,0.6502739191055298,1
3439202323#1780678934,0,0.011459102854132652,0
1430988070#1875282048,0,0.0015246709808707237,0
1778563602#1727736762,1,0.29761505126953125,0
157726428514#189546061243,0,0.6468489766120911,1
422592070627#3633572726,0,0.002088223583996296,0
1751364886#4623949169,0,0.2109755426645279,0
86626661064#5018389488,0,0.4615840017795563,0
1701333847#1374772535,1,0.9474633932113647,1
3054671141#4022447951,0,0.0044111767783761024,0
1650171814#5208946130,0,0.0010989101137965918,0
1533602348#4726704241,0,0.462898313999176,0
4643943359#4944579314,0,0.967261016368866,1
2111351705#2111350136,0,0.021024368703365326,0
4658956014#4536450435,0,0.001754104276187718,0
2053826326#422592070627,0,0.4896791875362396,0
174006932062#121528725386,0,0.4951190650463104,0
2150036453#1816929342,0,0.382497638463974,0
5104418469#3403897392,0,0.0006657257908955216,0
3727491058#1811606488,0,0.7287554740905762,1
4417849752#4416668620,1,0.8254411816596985,1
1326086493#5215138753,0,0.6805882453918457,1
4214739605#3609077013,0,0.0008398627396672964,0
2070908197#376973981474,0,0.00081961031537503,0
2068623358#4631852445,0,0.010567262768745422,0
2055377631#4289077889,0,0.0019014285644516349,0
3934602500#1430988070,0,0.11794672906398773,0
4726704241#4643011415,0,0.30722373723983765,0
5173394727#4973150488,0,0.0014379320200532675,0
4405676807#4219781521,0,0.0012363354908302426,0
3633572726#3550931655,0,0.8356100916862488,1
4538332005#1316058339,0,0.0007343481993302703,0
4808134153#1415647813,0,0.7872039079666138,1
5087832312#1696438060,0,0.07096686214208603,0
1882929309#1316058339,0,0.000514878542162478,0
4206267336#1419344414,0,0.001671736827120185,0
1416528046#2175801910,1,0.6464678645133972,1
4077473357#4877427884,0,0.000692173489369452,0
2058563113#1520168707,0,0.0007658741087652743,0
2066624968#4631852445,0,0.0011228796793147922,0
2060355842#421393369392,1,0.9047627449035645,1
4451089335#1743052872,0,0.0008021825924515724,0
4570764341#4722721497,0,0.006612206809222698,0
3513178266#4202041822,0,0.022874243557453156,0
2057811649#1710094724,0,0.7184292078018188,1
2111350136#564144132292,0,0.0004367274232208729,0
3477269989#3474685537,0,0.8401983976364136,1
2175801910#2027838359,0,0.8739544153213501,1
314601953357#1770010645,0,0.0009295231429859996,0
4959321228#1497880313,0,0.028593558818101883,0
4584646241#4391918874,0,0.8642863631248474,1
1374772535#4657354311,0,0.010877622291445732,0
3791139342#3967431644,0,0.0011445889249444008,0
4417818851#2055255869,0,0.020323188975453377,0
2168053392#4589678847,0,0.06779458373785019,0
41375214069#2062845102,0,0.002706224098801613,0
1712080073#1711687490,0,0.17278026044368744,0
21269204096#4205538788,0,0.0005228551453910768,0
4781194041#4841409785,1,0.8857901096343994,1
4898730640#4828654874,1,0.608237087726593,1
4899954714#3806980943,0,0.0010522031225264072,0
364679238122#1701333916,0,0.0016424520872533321,0
2148153592#2059400154,0,0.5339642763137817,1
3056067914#2336490445,0,0.0020435426849871874,0
14613461654#14613466961,0,0.09188593178987503,0
2057811649#237523614768,0,0.002971111563965678,0
2057051388#3954668240,0,0.8546025156974792,1
4589595738#2113760999,0,0.0008065837901085615,0
4285491833#4285709211,0,0.6900284886360168,1
48926966870#2054753273,0,0.34171736240386963,0
3628839717#4335156801,0,0.005113877356052399,0
2068623358#4680203965,0,0.7166539430618286,1
3054671141#3517506225,0,0.05635805055499077,0
4495044650#4735503306,0,0.04200361669063568,0
3764759336#2115880476,0,0.6255376935005188,1
1684789889#4715847880,0,0.77787184715271,1
4662042966#4663785560,0,0.3544057011604309,0
4680204120#79993360240,0,0.001275869901292026,0
1374772550#1701333915,0,0.9037531018257141,1
3044853716#2055886100,0,0.8029043078422546,1
1951195150#4808134153,0,0.0017200836446136236,0
4635981164#3107598853,0,0.0009509519441053271,0
138962685339#276611684552,1,0.9527533054351807,1
4643011415#1533602348,0,0.6305099725723267,1
4256926363#4933360994,0,0.02764129638671875,0
2115880476#4034038494,0,0.14583420753479004,0
4215058789#4215038721,0,0.08687867224216461,0
3628839722#3628839717,0,0.13950392603874207,0
1646275700#1816430010,0,0.5473537445068359,1
124021630369#3683502845,0,0.0007092913729138672,0
4479095804#4479096850,0,0.2963665723800659,0
4699510653#107725290582,0,0.06874562054872513,0
3517506225#1914403252,1,0.7877837419509888,1
2183963548#2026258519,0,0.8246778845787048,1
1537709317#2338916683,1,0.7657121419906616,1
4755359264#314601953357,0,0.0011186475167050958,0
3107598853#1438441444,0,0.8556976914405823,1
4439737367#4435913614,0,0.02968238666653633,0
3550979323#3259289288,0,0.0009594173170626163,0
2176735919#2056078364,0,0.41054466366767883,0
4439426144#4256622048,0,0.0004938532365486026,0
4065795443#4439737367,0,0.013849997892975807,0
2066509477#5037293131,0,0.02153139002621174,0
1500022510#5087832312,0,0.013144025579094887,0
4317041484#4327866563,0,0.003344387747347355,0
4040016243#2057145715,0,0.0008331342251040041,0
1867286717#4781194041,0,0.45307210087776184,0
2163049577#2114049002,0,0.7591615915298462,1
237523614768#5128222238,0,0.0068487124517560005,0
4435528162#3836676657,0,0.7607309222221375,1
364679238122#4658620132,0,0.0036484648007899523,0
3061887519#5003601219,0,0.5681688785552979,1
1326086493#4893633475,0,0.002962404629215598,0
2066535766#487126887411,0,0.0011304337531328201,0
3359180052#3594649033,1,0.5162132978439331,1
41713266437#54161674630,0,0.8201056122779846,1
2183968048#2183963548,0,0.9310904145240784,1
4140165052#4426740219,0,0.6648280620574951,1
2111872187#2067179166,0,0.0016447219531983137,0
4653616782#2054657150,0,0.01471997331827879,0
3889395495#4893633475,0,0.0011180434376001358,0
2067571192#5087832312,0,0.03903208673000336,0
1543155210#1878732185,0,0.19897013902664185,0
4680095395#1727736762,0,0.0008830231381580234,0
1778563597#156277207697,0,0.0008603585883975029,0
3794247232#111568230982,0,0.8587998747825623,1
2296451977#2296574953,0,0.013979095965623856,0
3032709817#1627738213,0,0.0027136392891407013,0
336556403061#1728174555,0,0.4876706302165985,0
4323500487#4479070818,0,0.09316583722829819,0
4851901157#4285709207,0,0.002866508439183235,0
4219781521#564144132292,0,0.0024296839255839586,0
3043492443#4354044382,0,0.002777844201773405,0
3490539439#4015322905,0,0.0003840565914288163,0
4393085087#3881831374,1,0.8099592924118042,1
2075416140#3044853716,0,0.0010878251632675529,0
4479096588#4289077889,0,0.0009952641557902098,0
4209814745#3920807098,0,0.0009394988883286715,0
4495500756#18465816919,0,0.0012306642020121217,0
1437868238#4589673799,0,0.002263623056933284,0
4165151066#3683502845,0,0.0017179773421958089,0
5154681248#157726428514,0,0.001074436237104237,0
2074019451#3968945784,0,0.002159623894840479,0
3108657350#1784900254,0,0.028741030022501945,0
376973981474#4157496031,0,0.0007906510727480054,0
1751364880#4619195159,0,0.0006932614487595856,0
4157551094#4272137501,0,0.7111701965332031,1
4898626808#3124123344,0,0.0015997239388525486,0
97014870931#3637042235,0,0.0006888978532515466,0
2056662276#97014870931,0,0.1326545625925064,0
4479095804#4261185678,0,0.09352783113718033,0
53263275323#1394397775,0,0.0007448951946571469,0
2060355842#22859701254,0,0.0014245198108255863,0
1671393307#3056067914,0,0.0008794541354291141,0
4071233134#3446029032,0,0.7270572781562805,1
4915591396#2727127831,0,0.0004889632691629231,0
7161172172#5214033793,0,0.0013528133276849985,0
564144132292#111568230982,0,0.0005610240041278303,0
146011937628#1921223120,0,0.7901844382286072,1
3259289288#5123189260,0,0.5836713314056396,1
2359348328#4750249486,0,0.0006920494488440454,0
1430988070#2116342008,1,0.6464882493019104,1
3446029040#2329543699,0,0.0013981934171169996,0
3896015808#4668248026,0,0.0015566718066111207,0
2066509477#4657354311,0,0.001484556938521564,0
3259289288#4435913614,0,0.0009206363465636969,0
1374772535#156277207697,0,0.0028643461409956217,0
2180579787#2183428945,0,0.9170297980308533,1
3954668240#1847712017,0,0.6598799824714661,1
4538332005#54158093151,0,0.0009610590641386807,0
4450602322#2114341514,0,0.0018535100389271975,0
3555205657#3501281334,0,0.7965752482414246,1
1727736762#4397595587,0,0.0005823610699735582,0
1780678934#4140165052,0,0.020154064521193504,0
3967431644#2062782802,0,0.0033102710731327534,0
2455800880#14613465315,0,0.39262649416923523,0
2056078364#3050152494,0,0.6008595824241638,1
2114975127#4179651570,0,0.0008410075097344816,0
4179651570#276611684552,0,0.007932746782898903,0
4628467232#1415647813,0,0.954083263874054,1
14613464513#14613461654,0,0.11189816892147064,0
2059400154#4004772536,0,0.0006230149883776903,0
2059052537#3056067914,0,0.17676833271980286,0
4408616491#5090085713,0,0.01586543582379818,0
2068602973#2066624973,0,0.06655120849609375,0
54161674630#5095503840,0,0.7761118412017822,1
4929499262#3032709817,0,0.8997670412063599,1
2339749085#14613465315,0,0.0010719789424911141,0
2059052537#1818739935,0,0.025921117514371872,0
38406123057#2297005450,0,0.6409755349159241,1
4291077418#45531943201,0,0.012112036347389221,0
4417818851#2339749085,0,0.001488937996327877,0
3236601708#2092610533,0,0.05235662683844566,0
2003336437#1647227082,0,0.4589400887489319,0
4742698844#87720200914,0,0.3671507239341736,0
4260680249#4165151066,0,0.3933766782283783,0
1921223120#5059261580,0,0.0015817267121747136,0
4454965094#5163452200,0,0.002300489926710725,0
5090005101#4393085087,0,0.004847127478569746,0
4129122420#1438441444,0,0.885326623916626,1
2060185514#1711687490,0,0.002571187214925885,0
5163452200#29607392514,0,0.3645547032356262,0
2055255869#4209814745,0,0.0005617871065624058,0
2092938385#4384414279,0,0.015106978826224804,0
1816428069#1816427364,0,0.5973771810531616,1
2168053392#4589595738,0,0.06593362241983414,0
7161172172#5018368651,0,0.69487464427948,1
2007847537#4715847880,0,0.017576035112142563,0
3501285885#1653994308,0,0.8240060210227966,1
156274514359#3214249595,0,0.0011564717860892415,0
2338131041#1537709311,0,0.6802822947502136,1
1712080073#3052165975,0,0.0032919638324528933,0
1816929342#1817644740,1,0.9227506518363953,1
3772512066#4735503306,0,0.04633157700300217,0
4746144353#4972894326,0,0.0010657852981239557,0
45531943201#41713266437,0,0.6352214217185974,1
4210985419#4893633475,0,0.5414478182792664,1
1784900254#2069774757,0,0.0006213312153704464,0
4657354294#3404019551,0,0.0007379407179541886,0
53263275323#4653616782,0,0.6851285099983215,1
3835278364#2007934907,0,0.8973947167396545,1
4196521320#4641374150,0,0.0007785847992636263,0
23230310067#5169557343,1,0.9204437732696533,1
4204386191#3849817492,1,0.8663239479064941,1
1816428069#1840606003,0,0.8020194172859192,1
2135316663#5104418469,0,0.0016141796950250864,0
2056478070#1639219119,0,0.7616974711418152,1
2066535766#1416827061,0,0.8364077806472778,1
4941134416#4218561827,0,0.3222928047180176,0
3882201915#3949154929,0,0.10487623512744904,0
4022447951#3754155310,0,0.21819953620433807,0
4209814745#1537709304,0,0.45123979449272156,0
201663692217#406088738482,0,0.33578789234161377,0
3461052410#5027483278,0,0.06074144318699837,0
4272137501#4214739605,0,0.12388642877340317,0
1778563595#1537709311,0,0.001000358141027391,0
3644272514#3446029040,0,0.8421586155891418,1
19705527158#107725292534,0,0.0005157229024916887,0
70183897754#4536450435,0,0.0034685092978179455,0
53263229623#3860948251,0,0.0004082320083398372,0
2359348328#2067179166,1,0.7716366052627563,1
4726704241#3594649033,0,0.8068068623542786,1
4972894677#2455842713,0,0.8145403861999512,1
4256926363#4542386587,0,0.0009476501727476716,0
2059124992#5210078086,0,0.0014005668926984072,0
3968945784#4687116172,0,0.9575667977333069,1
7161173338#1696208496,0,0.0016639772802591324,0
102514982310#121528725386,0,0.8560789227485657,1
1712570793#3438816692,0,0.00349202542565763,0
219547393842#5174571094,0,0.0005616990383714437,0
8431814058#1867286717,0,0.0006826635217294097,0
1878732185#1394397775,0,0.6927696466445923,1
1728174549#4132281843,0,0.8996891379356384,1
1637980981#3551393130,0,0.0005422128597274423,0
2092610536#4071233134,0,0.010458086617290974,0
4763332016#2067571192,0,0.002114106435328722,0
2063588766#1316556785,0,0.0008322682115249336,0
3648904906#4317041484,0,0.15707531571388245,0
1665894324#1765891797,0,0.003947179764509201,0
3555205657#3287805133,0,0.8050214052200317,1
2058316912#4843831604,0,0.15252624452114105,0
4057032761#4451124293,0,0.8126780390739441,1
1627587582#4259429802,0,0.0018086065538227558,0
4840773591#3727491058,0,0.00500793382525444,0
4619195159#1520168707,0,0.8006858825683594,1
1780678934#1782357780,1,0.5027437210083008,1
3580539229#3249354040,0,0.9480035901069641,1
1386747994#2062045929,0,0.003912832587957382,0
5167083430#5169253299,0,0.6712561845779419,1
5007075941#3477269989,0,0.03653718903660774,0
4451289887#2551494872,0,0.00076974619878456,0
4705583754#4489521100,0,0.0011073020286858082,0
5169557343#4542039020,0,0.4527820646762848,0
1594535010#2026069710,0,0.13719438016414642,0
373850283306#373850284448,1,0.8244047164916992,1
4792436579#2168053481,0,0.00043561210623010993,0
3926916973#1721524699,0,0.2728745639324188,0
3114734058#2159739481,0,0.027705056592822075,0
2116342008#3052180518,0,0.900179386138916,1
4231111906#97115452949,0,0.0012568155070766807,0
109165560395#189546061243,0,0.6864446401596069,1
4993036319#580549064505,0,0.0008806863334029913,0
1438326380#4289086328,0,0.0030740806832909584,0
8431814058#2114341514,0,0.8636487126350403,1
4003298247#1784900254,0,0.0007466463721357286,0
4285709211#4316999113,0,0.7843350768089294,1
4623934568#183335907108,0,0.0049167354591190815,0
2007934907#97014870931,0,0.24409019947052002,0
1818739935#2338916683,0,0.0017063543200492859,0
3860948251#3299599421,0,0.012437230907380581,0
1415554755#3691000538,0,0.0007821591570973396,0
3487828521#4448830722,0,0.001506391679868102,0
38202856033#4663785560,0,0.04158642888069153,0
2056662276#2055377631,0,0.07756739854812622,0
1951195150#107725292534,0,0.0005094257066957653,0
2070627808#2092610536,0,0.0005057623493485153,0
1398682725#3435281641,0,0.17053218185901642,0
4479095804#4699510653,0,0.10574955493211746,0
3419405027#2026258520,0,0.0033307911362499,0
1313607746#4972894326,0,0.0009163354989141226,0
4411426624#3304467506,0,0.004159823525696993,0
5027483278#2111350136,0,0.0008528513717465103,0
3403917033#406088738482,0,0.415578156709671,0
4658956014#2054817755,0,0.0020289092790335417,0
1497939109#4735432768,0,0.000845646602101624,0
4620294540#3438816692,0,0.8712377548217773,1
2235828707#2062075980,1,0.9010468125343323,1
2054733437#1878732185,0,0.6509533524513245,1
1962074579#4140165052,0,0.7181050181388855,1
4720389596#4289077889,0,0.0005309314001351595,0
4623949166#4004772536,0,0.0004972248570993543,0
4716933437#4897048724,0,0.005446802359074354,0
564144132292#2062075977,0,0.0024645598605275154,0
4933360994#3487828521,0,0.006213673390448093,0
4915591396#5208946130,1,0.7965021133422852,1
1816428069#1813034413,0,0.40867581963539124,0
2119476678#2119398744,0,0.057792313396930695,0
4274235353#1752749942,0,0.0006220858194865286,0
5123189265#7161172172,1,0.45867258310317993,0
1709057480#4620294540,0,0.802233874797821,1
14613461654#4201830454,0,0.003952344413846731,0
3451234547#3513178266,0,0.3333051800727844,0
4145496082#4077473357,0,0.025780539959669113,0
2114049002#3848611844,0,0.009591679088771343,0
4973150488#14613466961,0,0.6085655689239502,1
2117967935#3794247232,0,0.003959869500249624,0
29607392514#2297005450,0,0.38960763812065125,0
3054434630#2062766801,0,0.17819957435131073,0
4620261674#4195960848,0,0.0008175810216926038,0
2120851333#1311812490,1,0.32060983777046204,0
1701333915#1701333847,0,0.014117707498371601,0
29608029868#29607392514,0,0.07266560196876526,0
1438326380#1497939109,1,0.8294637799263,1
4414530598#5060996735,0,0.0009372909553349018,0
2026258521#2183428945,1,0.8322054147720337,1
5182742886#4929499262,0,0.046918340027332306,0
46983614517#4643718292,0,0.001408201060257852,0
3517506225#4354044382,0,0.0008784194360487163,0
2118416856#4339070553,0,0.004009649623185396,0
4437827660#1843271409,1,0.6469565033912659,1
4259429802#4973150488,0,0.0007637980161234736,0
4792436579#4750249486,1,0.8669821619987488,1
1882929309#3550931655,0,0.5788364410400391,1
4538332005#1696208496,0,0.0009011380607262254,0
1727736762#1712573177,0,0.8544201254844666,1
4877427884#4454965094,0,0.0005939467228017747,0
5214033793#4699280965,0,0.0005527504836209118,0
2183963548#2026258521,0,0.8246778845787048,1
3633572726#307718000196,0,0.003485637716948986,0
1672066227#21269204096,0,0.0006155170267447829,0
3882201915#4584646241,0,0.4075467586517334,0
4157496031#4197138413,0,0.004887529648840427,0
4157551094#2066624968,0,0.0012302282266318798,0
2111041560#1497880313,0,0.0273385439068079,0
3495408683#4897048724,1,0.5799317955970764,1
4003298247#4417849752,0,0.2888413667678833,0
102514982310#2114716134,0,0.0011547704925760627,0
3798986721#48926966870,0,0.0044695003889501095,0
4898730640#3289002505,0,0.004999838303774595,0
4797396841#113196401893,0,0.9068083167076111,1
2054657150#2054657143,0,0.08268461376428604,0
1728174555#2067377960,0,0.09993774443864822,0
4416668620#4841409785,0,0.06522422283887863,0
5165108496#5197586202,0,0.6439922451972961,1
4742698844#4653616782,0,0.6686785817146301,1
1694379811#2298730254,0,0.010369452647864819,0
4015422065#5018023921,0,0.319099485874176,0
87820911338#2168053392,0,0.0017362100770696998,0
29608029868#29299331674,0,0.2800087034702301,0
1743052872#2056078364,0,0.8855799436569214,1
2176735919#4470296934,0,0.9276266098022461,1
4750249486#3999176481,0,0.8040021657943726,1
4628867825#1570945860,0,0.0007122199167497456,0
4720389596#4223043910,0,0.0010222153505310416,0
2058222393#2270062912,0,0.0007104343385435641,0
4027742647#2117967935,0,0.0033615143038332462,0
373850284448#2114975127,0,0.000507307646330446,0
2061309144#1878732185,0,0.07871746271848679,0
4642512906#4933360994,0,0.6079185009002686,1
49857216438#4893633475,0,0.18147724866867065,0
110232280082#4437827660,0,0.01770840771496296,0
10530767652#156277208014,0,0.0028405585326254368,0
4279029102#2235828707,0,0.009191969409584999,0
38448881724#1696095096,0,0.0013174602063372731,0
1528865186#4536041187,0,0.03296303376555443,0
1951195150#4040016243,0,0.7963270545005798,1
5318769457#4157280271,0,0.0013406177749857306,0
3988152389#3999176481,1,0.861842691898346,1
4165585148#2092938385,0,0.8539396524429321,1
1594535010#107725290582,0,0.0003290579479653388,0
4071233134#3446029041,0,0.6442797780036926,1
1765891797#4130010417,0,0.008532378822565079,0
97115452949#1633806208,1,0.7894417643547058,1
1416528046#1438441444,0,0.0015566627262160182,0
3770456617#1415554755,0,0.6117084622383118,1
4317041484#3648904752,0,0.20111370086669922,0
53263275323#50602309472,0,0.8072936534881592,1
1953270965#2113288221,0,0.8368951678276062,1
1438326380#1694379811,0,0.11249158531427383,0
1905948078#1565925308,0,0.7422323822975159,1
4140165052#4450888165,0,0.16308778524398804,0
1743052872#2111041560,0,0.8168620467185974,1
21269204096#173652977366,0,0.0022910109255462885,0
4673557611#4735503306,0,0.44484129548072815,0
4397595587#4841409785,0,0.11368056386709213,0
5003601219#146011937628,1,0.8371727466583252,1
4913742546#1570945860,0,0.0007874089060351253,0
18468580547#5167083430,0,0.7243070006370544,1
580549064505#1696208496,0,0.002258115913718939,0
2115880476#3551393130,0,0.01767122931778431,0
3626237468#4099641396,0,0.24196167290210724,0
2120851333#1477293192,0,0.7755020260810852,1
1711687490#4091921695,0,0.0015840153209865093,0
4247271139#4726704241,0,0.0006429373170249164,0
4232471781#4657354285,1,0.2614078223705292,0
2092174215#1637980981,1,0.589005708694458,1
87820905399#3490539439,0,0.5800489187240601,1
4316999082#3949154897,0,0.003833858063444495,0
4825375981#4180609537,1,0.2529014050960541,0
3626237468#1953270965,0,0.004928531125187874,0
2343156405#2159739481,0,0.8948520421981812,1
5087832312#1415647813,0,0.12293291836977005,0
146011937628#1654102057,0,0.7610417008399963,1
2135316663#2159452221,0,0.7234647870063782,1
4157551094#291173146171,0,0.13218216598033905,0
4840773591#4579172309,0,0.0006295962375588715,0
2060253226#3046729281,1,0.8161750435829163,1
4514269980#4893633475,0,0.7784494161605835,1
1635692869#4851901157,0,0.6579157710075378,1
4581502608#4538003565,0,0.002796605695039034,0
3359180052#4589929428,0,0.005964044481515884,0
2235828707#1401982678,0,0.11432194709777832,0
4631852445#2114049002,0,0.010632277466356754,0
2058132898#3794247232,0,0.6714702248573303,1
1640340946#2061022206,0,0.8828134536743164,1
2056128836#4260680249,0,0.25216636061668396,0
4730645460#4636446230,0,0.056056566536426544,0
156893097471#174006932062,0,0.40387460589408875,0
1867262556#7026230674,0,0.0004640624101739377,0
4439737367#34888001864,0,0.0005439213127829134,0
2071751695#18468687381,1,0.8804882764816284,1
2159452221#2055886100,0,0.8696620464324951,1
91686025987#2604119334,0,0.004543658811599016,0
4471122121#4653616782,1,0.46629512310028076,0
3404019551#4658620132,0,0.0006398932891897857,0
2336490445#2120472151,0,0.00042850346653722227,0
4658620132#309670736915,0,0.0015635712770745158,0
3445564730#2135316663,0,0.0009469890501350164,0
1671393307#4022447951,0,0.0007545236148871481,0
4479070818#3249354040,0,0.000702237302903086,0
4643898157#2135316663,0,0.015503406524658203,0
3967431643#4495500756,0,0.0022466550581157207,0
4451289887#3446029040,0,0.6945390105247498,1
4893633475#2112794415,0,0.07989323139190674,0
2079581946#4454991968,0,0.028505804017186165,0
4843831604#4851901157,0,0.8246913552284241,1
1477156406#2159739481,1,0.7281388640403748,1
2057145715#2338916683,0,0.07954725623130798,0
38406123057#5163452200,0,0.8219972252845764,1
3439202323#1438326380,0,0.000934146111831069,0
47752312088#4755359264,0,0.8979279398918152,1
18469192585#3411721643,0,0.0008448471780866385,0
3282474651#2270062912,0,0.002650463953614235,0
3052180518#1453527936,1,0.9466465711593628,1
4201830454#14613464513,0,0.0029535635840147734,0
3513178266#1751247315,0,0.0008415101328864694,0
5197586202#19705527158,0,0.6420402526855469,1
3628839717#3628839716,0,0.19685134291648865,0
2067377960#1701333847,0,0.22854577004909515,0
4200577198#2199135578,0,0.0012441379949450493,0
3249354040#3245545040,0,0.8859596848487854,1
292830032329#70183897754,0,0.004956127144396305,0
1497880313#4414530598,0,0.0012044309405609965,0
4065795443#3289002505,0,0.804309070110321,1
4900378668#1472057117,0,0.16051243245601654,0
1813034413#406088738482,0,0.194020614027977,0
4015422065#1640340946,0,0.0006330985925160348,0
6015919609#1639219119,0,0.5158845782279968,1
3648904752#2270062912,0,0.7805710434913635,1
2060185518#1528865186,0,0.3687339723110199,0
3628839722#3451234547,0,0.46243026852607727,0
2092610533#4926426630,0,0.019293183460831642,0
110232280082#54158093151,0,0.000533979560714215,0
2061448091#111568230982,0,0.001621313625946641,0
2270062912#4439426144,0,0.001629330450668931,0
4534359957#4077473357,0,0.021214816719293594,0
2183968048#2181531828,0,0.917252779006958,1
1882929309#3809186919,1,0.8584648966789246,1
4451288784#146011948003,0,0.000364996783901006,0
1951195150#4658620132,0,0.010958408936858177,0
4205424867#3075628047,0,0.009665564633905888,0
2056078364#1382214880,1,0.9052574634552002,1
3347114660#4145588659,0,0.7779861688613892,1
3903241588#4536041187,0,0.6417404413223267,1
2120851333#4619195159,0,0.2765764892101288,0
4589820532#3477269989,0,0.9374624490737915,1
4579172309#4658620132,0,0.02778010629117489,0
2551494872#1921223120,0,0.5354708433151245,1
54161674630#29299331674,0,0.00902682077139616,0
5128222238#5183692300,0,0.8707740306854248,1
2268287413#2359348328,0,0.44356676936149597,0
4003298247#5163452200,0,0.0011709616519510746,0
2058316912#4700047151,0,0.0009738995577208698,0
2117967935#18465851371,0,0.0011115479283034801,0
1472057117#303600075141,0,0.5469088554382324,1
50602309472#11087571368,0,0.6408912539482117,1
3934602500#3052180518,0,0.5004733800888062,1
4439737347#3044853716,0,0.0012776447692885995,0
4898730640#406088738482,0,0.0177348293364048,0
5037293131#4015322905,0,0.000715184083674103,0
1438441444#4206812485,0,0.3725072145462036,0
2069774757#4735503306,0,0.04071592912077904,0
1537709308#1537709311,0,0.08376482874155045,0
1541880573#4514269980,0,0.08615658432245255,0
7161172305#7161173338,0,0.1783154010772705,0
2119476678#4339070553,0,0.03204406425356865,0
1639219119#2296451977,0,0.265809565782547,0
5169257472#3709672083,0,0.06283306330442429,0
4057032761#3633572726,0,0.0010130333248525858,0
4944579314#1656969942,0,0.0016862215707078576,0
4223004786#5208946130,0,0.21949699521064758,0
4570764341#3214249595,0,0.6060736775398254,1
4289077889#1701333915,0,0.0007941085495986044,0
4411426624#4205424867,0,0.028558608144521713,0
4581502608#4680204120,0,0.0006973565323278308,0
3513178266#3628839717,0,0.6076997518539429,1
3245545040#3629624977,0,0.6208339929580688,1
5182742886#5027483278,0,0.0004916501347906888,0
3107598853#4206812485,1,0.8447472453117371,1
5095503840#45531943201,0,0.5293624401092529,1
4057032761#4215027256,0,0.7114758491516113,1
4589820532#1778563597,0,0.044995468109846115,0
2063706226#2068602973,0,0.3350304663181305,0
2059483876#1543155210,0,0.39734718203544617,0
3630377420#4623570105,0,0.006472195498645306,0
4672808661#106964376935,0,0.38129642605781555,0
1665894324#2551494872,0,0.48200201988220215,0
2068623358#1570945860,0,0.6614686846733093,1
2062845102#4218561827,0,0.08673465251922607,0
2058222393#4165585148,0,0.020384130999445915,0
4657354311#4316999082,0,0.0010968429269269109,0
49857216438#5014897285,0,0.07028894126415253,0
4572380856#2079581946,0,0.0009366249432787299,0
3214249595#2066624973,0,0.5859645009040833,1
1438441444#4479424072,0,0.8852605819702148,1
4205424867#2059052537,1,0.8282574415206909,1
2061448087#1537709304,1,0.68958979845047,1
4219781521#4200577198,0,0.03691977262496948,0
1656969942#5173394727,0,0.5193372964859009,1
3487828521#3712801411,0,0.006640562321990728,0
2026258519#3044025040,0,0.0008955866214819252,0
1453532038#2118416856,0,0.00937501061707735,0
1696438060#1709057480,0,0.594896137714386,1
4034038494#3445564730,0,0.6918317675590515,1
4479070818#4572636295,0,0.8296029567718506,1
3835278364#1633806208,0,0.4629465341567993,0
23230310067#4542039020,0,0.35639211535453796,0
1816430010#2007329552,0,0.7326504588127136,1
2061309144#8431814058,0,0.0006552333943545818,0
4272843119#3836576451,0,0.053511202335357666,0
1962074579#2056128836,0,0.8073068857192993,1
4259429802#4316999113,0,0.48931944370269775,0
4840773591#2069985286,0,0.007380455266684294,0
4620294540#4200562083,0,0.003542919410392642,0
49857216438#3359180052,0,0.0006704271654598415,0
5018389488#5208946130,0,0.1084383875131607,0
2079572106#1416827061,0,0.7613370418548584,1
3831256267#2054753273,1,0.9460238218307495,1
4161797606#303600075141,0,0.5271838903427124,1
3525845999#1816428069,0,0.0009909826330840588,0
1565912494#1528865186,0,0.32112011313438416,0
2062766801#3403897392,0,0.9662142992019653,1
174006932062#150594502346,0,0.08486174792051315,0
4401870234#3628533316,0,0.0008983197622001171,0
3630377420#4900256072,0,0.0008057979866862297,0
4437827660#4439737347,0,0.020257435739040375,0
1684789889#3630377420,0,0.7849792242050171,1
1867262556#1867286717,0,0.8303008079528809,1
2054781193#4439737347,0,0.0039010916370898485,0
4354044382#18468580547,0,0.0014171934453770518,0
3903296442#2119398744,0,0.7243724465370178,1
4667944802#4668248026,0,0.5649550557136536,1
97014870931#4223934140,0,0.0004320896987337619,0
4226659635#4910561821,0,0.0005574041279032826,0
3403917033#3403897392,0,0.10563317686319351,0
307718000196#2270062912,0,0.0018779607489705086,0
3401731422#4628482537,0,0.0019182878313586116,0
4219781521#4015422065,0,0.0008383208187296987,0
4530026053#4157496031,0,0.00037675871863029897,0
1813034413#1319944364,0,0.9113182425498962,1
3642422898#4196598949,0,0.9068285822868347,1
4452060617#4451089335,1,0.6660546660423279,1
2064730522#4272885125,0,0.8412430882453918,1
113196401893#1637581644,0,0.028039516881108284,0
4943160331#2176735919,0,0.0003349328471813351,0
4323500487#4748650954,0,0.6168913245201111,1
50602314209#2117948923,0,0.0006445428589358926,0
2055255869#2027890207,1,0.25552380084991455,0
3926867260#4202096119,0,0.0007754209800623357,0
4201830454#292830032329,1,0.8541930317878723,1
2169220658#2114975127,1,0.960648775100708,1
2071751695#2078774568,0,0.49746057391166687,0
3419405027#3954668240,0,0.8042407035827637,1
3557197892#2027929598,0,0.0622178316116333,0
5174571094#4452550298,0,0.0008421334205195308,0
29607392514#4642512906,0,0.21160608530044556,0
3269719212#50602309472,0,0.0015138095477595925,0
5096293410#5104418469,1,0.6321668028831482,1
2062845102#4680203965,0,0.7768506407737732,1
4534359957#4435913614,1,0.8576247096061707,1
3929215225#3882026745,1,0.8112030625343323,1
4435686270#4065721591,0,0.9071937203407288,1
4450888165#4260680249,0,0.0009819003753364086,0
4750249486#4780994423,0,0.03939646854996681,0
107725296889#107725290582,0,0.17189811170101166,0
1565925308#2060257095,0,0.6139416098594666,1
4867542841#1751247315,0,0.0025737148243933916,0
2114716134#2111349786,0,0.020859163254499435,0
212771874474#1565913509,0,0.0008171359077095985,0
1743052872#4130010417,0,0.0008848588331602514,0
4536041187#4658956014,0,0.19932949542999268,0
2003336437#2057342439,0,0.001270617707632482,0
3054434630#3926916973,0,0.459997296333313,0
3501281334#4730645460,0,0.308157742023468,0
2452901483#2061022206,0,0.8113650679588318,1
2604119334#564144132292,0,0.44627025723457336,0
14613466961#4657354311,0,0.0011964478762820363,0
1565912494#1438483240,0,0.0035683196038007736,0
3999176481#4452060617,0,0.7965783476829529,1
3881831374#1565925308,0,0.0012291665188968182,0
4623949169#1751364880,0,0.6171795129776001,1
1639901072#2117967935,1,0.7664859890937805,1
4057032761#3848611844,0,0.017788412049412727,0
4132281843#1728174555,0,0.5631440281867981,1
4972894677#3236601708,0,0.0008793409215286374,0
2075416140#2117967935,0,0.42646855115890503,0
2135054445#4572636295,0,0.0009032122907228768,0
2026258519#2026258521,0,0.8176296353340149,1
4426740219#4643011415,0,0.0005099443369545043,0
2112576214#1671393307,0,0.0021423245780169964,0
4451089335#4130010417,0,0.4203146696090698,0
14613465315#14613461939,0,0.9210650324821472,1
1627738213#2068623358,0,0.0006972365663386881,0
4843831604#4672808661,0,0.7955775856971741,1
3637042235#1318260275,0,0.1171332597732544,0
4439737367#3042764047,0,0.9430485367774963,1
3882026745#4536041187,0,0.01526420284062624,0
3727491058#2452901483,0,0.6681109070777893,1
4536450435#1635692869,0,0.0010418032761663198,0
4435528162#4542321633,0,0.846939742565155,1
2063706226#18468188878,0,0.8885411620140076,1
10530767652#2092610536,0,0.0009179648477584124,0
3487828521#2069985286,0,0.0005557436379604042,0
2112576214#4451342506,0,0.5411630272865295,1
6015919609#18469192585,0,0.5542895197868347,1
7161173338#5123189260,1,0.6799592971801758,1
5018023921#2183968048,0,0.0015211246209219098,0
3044853716#2066624973,0,0.8973085880279541,1
2058316912#4672808661,1,0.5798099637031555,1
4232666143#4256926363,1,0.5708067417144775,1
2120472151#2275666316,0,0.0008009147131815553,0
4900256072#4572636295,0,0.0009765713475644588,0
1782357780#4091921695,0,0.09182664752006531,0
156276677247#1640340946,0,0.0004057828336954117,0
2070908197#4572374020,0,0.0003481799503788352,0
1502384801#4535930871,0,0.017712457105517387,0
1770010645#5067776785,0,0.9146702289581299,1
1778563602#1416301524,0,0.0012460295110940933,0
1701470611#3836676657,0,0.0033224690705537796,0
22859701254#4641374150,0,0.0008588956552557647,0
3580539229#86283717806,0,0.0016755196265876293,0
1696095096#2065354050,0,0.0010608378797769547,0
5169257472#3026064813,0,0.009209048002958298,0
4323500487#1477293192,0,0.0015424335142597556,0
8431814058#4680204120,0,0.01068416703492403,0
1775497794#4196030610,0,0.00706841517239809,0
3044025040#4034038494,0,0.0005362631054595113,0
2067571192#2069139175,0,0.43984389305114746,0
5067776785#4511530729,0,0.4029730260372162,0
1398443073#18468188878,0,0.8585649728775024,1
2114716134#2165015487,0,0.7298938035964966,1
2118416856#2068436073,0,0.9481984972953796,1
8431809688#2235828707,0,0.8455725908279419,1
3794247232#2114975127,0,0.0005669132806360722,0
150594502346#3628839722,0,0.0008101777057163417,0
4900378668#10530767652,0,0.2773534655570984,0
4454991968#4202096119,0,0.0012137549929320812,0
3359180524#79993360240,0,0.7919714450836182,1
4339070553#4015322905,0,0.001035819761455059,0
4157381557#2055448044,1,0.8296991586685181,1
3477269989#3896058143,0,0.5829556584358215,1
14613466961#3764759336,0,0.0004707887419499457,0
6015919609#2056478070,1,0.7767744660377502,1
4206269897#4898626808,1,0.7537286281585693,1
4157280271#1694379811,0,0.3631865978240967,0
5173394727#1867286717,0,0.0016234058421105146,0
2079572106#2117967935,0,0.5507028102874756,1
2119476678#2111349786,1,0.6259510517120361,1
1712570939#1634282673,0,0.871479868888855,1
7026230674#14613461654,0,0.0009474439430050552,0
79993360240#2338131041,0,0.0013466598466038704,0
18465851371#2114341514,0,0.5116395354270935,1
4952978442#2169220658,0,0.6574544906616211,1
3525845999#4439737347,0,0.9172972440719604,1
2977755545#1672066227,0,0.016462167724967003,0
3046471496#2078835030,0,0.0013021767372265458,0
3026064813#173652977366,0,0.014686517417430878,0
3642422898#3290843987,0,0.686628520488739,1
97014870931#100995265790,0,0.03146437183022499,0
4643938191#2297005450,1,0.7738902568817139,1
2268304430#4643938191,0,0.0006307758740149438,0
2058132898#2727127831,0,0.11593332141637802,0
2064727359#421393369392,0,0.07810132205486298,0
4538003565#5031406959,0,0.0008732362184673548,0
3299598934#3594649033,0,0.6778020262718201,1
110232280082#4811798618,0,0.7466880679130554,1
50016874555#4673557611,0,0.019389275461435318,0
4479096588#2168053481,0,0.0007778758299537003,0
4755359264#3806980943,0,0.5993992686271667,1
4657354285#1711852573,0,0.0019093514420092106,0
2060257095#1914706723,0,0.42391321063041687,0
2061022206#1811606488,0,0.8532096743583679,1
4840773591#4551054156,0,0.9282611608505249,1
14613464473#156277514294,0,0.07965803891420364,0
3032709817#3299598934,0,0.0011788483243435621,0
124021630369#2111872187,0,0.0951596051454544,0
2064229512#2120472151,1,0.6988857388496399,1
14613469834#4551054156,0,0.06172788515686989,0
4215058789#1533602348,0,0.0004862945934291929,0
4226659634#4232471781,0,0.06877389550209045,0
3446029040#1533602348,0,0.0014932985650375485,0
4755359264#4735503306,0,0.7930296063423157,1
4495044650#50016874555,0,0.044317711144685745,0
4272885125#3648904752,0,0.03666462376713753,0
3968945784#2068436073,0,0.028039829805493355,0
146011937628#2551494872,0,0.6396213173866272,1
4259241183#3050045988,0,0.5809601545333862,1
1741741476#4435913614,0,0.001188655965961516,0
2074019451#4205538788,0,0.0005921297706663609,0
2078835030#4687116172,0,0.007281345780938864,0
4746512285#2058316912,0,0.0006626358372159302,0
2092610533#4471122121,0,0.00042504159500822425,0
5027483278#41713266437,0,0.823056161403656,1
1415647813#1718471304,0,0.8633686304092407,1
4435686270#3501285885,0,0.24803473055362701,0
2068602973#4330455313,0,0.1506791114807129,0
4150903563#4718263231,0,0.004657304380089045,0
4411426624#146777938215,0,0.0011783179361373186,0
18468580547#18466210670,0,0.18837282061576843,0
4828654874#2247165276,0,0.0009484333568252623,0
2455800880#4259241183,0,0.0006330228643491864,0
4680204120#2359435242,0,0.001439117593690753,0
3770456617#1419344414,0,0.38127440214157104,0
2066535766#4623570105,0,0.6543171405792236,1
4499147142#18466202308,0,0.9461761116981506,1
4489521100#2069985286,0,0.0008882097899913788,0
3934602500#376973981474,0,0.000583705841563642,0
3551872495#4155510577,0,0.0005247503868304193,0
4444196403#4147080749,0,0.04750209301710129,0
2111350136#4414530598,0,0.0005718207103200257,0
4667944802#4641374150,1,0.7910929918289185,1
3404019592#4147080749,0,0.0002898058737628162,0
2092610519#3809186919,0,0.2036614865064621,0
4620261674#3076859035,0,0.0022800418082624674,0
4471122121#4439737347,0,0.0006372735369950533,0
3056067914#1307874587,0,0.13637568056583405,0
1321409006#5128222238,0,0.049741581082344055,0
4195993580#1453532038,0,0.3912838399410248,0
4623949166#4619195159,0,0.0005957465036772192,0
86283717806#69710193399,1,0.8787406086921692,1
309312102749#3485676898,0,0.0013451863778755069,0
183335907108#2054817755,0,0.0013830331154167652,0
1520168707#18466210670,0,0.006639744620770216,0
2060257095#2059483876,0,0.2705914378166199,0
4662042966#4641374150,0,0.8512300848960876,1
2068602973#2071751695,0,0.3533763587474823,0
156277208014#156277193948,0,0.00999786052852869,0
4643011415#3055576029,0,0.36605727672576904,0
3934602500#2068436073,1,0.796606719493866,1
2064955879#2117967935,0,0.618248462677002,1
303600075141#4991881551,1,0.8229712247848511,1
41713266437#2069139175,0,0.03838275000452995,0
4397595587#4417818851,1,0.7997753024101257,1
60367707728#4417818851,0,0.0007964115357026458,0
2027929598#4579172309,0,0.8219740986824036,1
1637980981#4034038494,0,0.007256599143147469,0
4219781521#4991881534,1,0.7739834785461426,1
1307874587#117154450703,0,0.0018861881690099835,0
4828654874#4867542841,0,0.0004169340245425701,0
3831256267#4943818903,0,0.000518440327141434,0
1816428069#4195960848,0,0.0027793399058282375,0
2078774568#4330455313,0,0.006140579469501972,0
3949154929#3967431643,0,0.0011074297362938523,0
4549189933#3044025040,1,0.8394798040390015,1
8431814058#2065201243,0,0.9096388816833496,1
2296574953#4687116172,0,0.012035627849400043,0
1374772535#1374772550,0,0.11992478370666504,0
4926426630#4452550298,0,0.09387151896953583,0
4397595587#5214033793,0,0.0008894110796973109,0
1778563602#1778563595,0,0.19200442731380463,0
3612961288#4448830722,0,0.8688485026359558,1
2079572106#4623570105,0,0.7318260073661804,1
1541880573#4155510577,0,0.002683252329006791,0
3290843987#3107598853,0,0.9209782481193542,1
4991881534#4991881551,0,0.32834237813949585,0
4700047151#4247271139,0,0.0006275246851146221,0
4899954714#4699280965,1,0.8145613670349121,1
156274514359#4385069368,0,0.05825905129313469,0
4247271139#4015322905,0,0.00040402039303444326,0
4285709207#4316999113,0,0.7526304721832275,1
421393369392#564144132292,0,0.0006840770947746933,0
4657354285#435372126625,0,0.0007158505613915622,0
4157381557#4913742546,0,0.3060152530670166,0
174006932062#1694379811,0,0.00046093270066194236,0
1639390814#1639832922,0,0.5447508692741394,1
1951195150#4643718292,0,0.0012784578138962388,0
173652977366#156893097471,0,0.8002267479896545,1
4499147142#4828387554,0,0.14247283339500427,0
4206224036#4705583754,0,0.5366306900978088,1
1727736762#4209814745,0,0.0013870852999389172,0
49857216438#3712801411,0,0.5026759505271912,1
1639901072#4623570105,0,0.8164489269256592,1
1770010645#4898730640,0,0.5332213044166565,1
4426740219#4385421396,1,0.7376478314399719,1
1457252585#1711687490,0,0.5671291351318359,1
2297005450#4636446230,0,0.7591731548309326,1
3648904906#4755359264,0,0.0013074104208499193,0
2180579787#3954668240,0,0.0008296188316307962,0
2007934907#1633806208,0,0.23546789586544037,0
2054733437#2060257095,0,0.8198856711387634,1
3304467506#4129122420,0,0.14259973168373108,0
2054657143#4900256072,0,0.1792847216129303,0
4643718292#18469192585,0,0.6689130663871765,1
14613461939#2455800880,0,0.5515134334564209,1
3920807098#3635733776,0,0.001433876808732748,0
1688824936#343200247912,0,0.005134552251547575,0
18468695966#4643898157,0,0.25910454988479614,0
14613460476#138962728028,0,0.0023736965376883745,0
4499147142#4718263231,0,0.013978498056530952,0
1671393307#1456843034,1,0.034403979778289795,0
1639832922#3403897392,0,0.25102025270462036,0
3806980943#1712570793,0,0.0008602823363617063,0
3967431644#1565912494,0,0.002547517651692033,0
4077473357#5181571321,0,0.0011387011036276817,0
97115452949#4321048267,0,0.62251216173172,1
4941134416#5109193415,1,0.8127945065498352,1
23230310067#5210078086,0,0.5386015772819519,1
2119398744#3236601708,0,0.002347351983189583,0
1537709317#4195960848,0,0.0008751327986828983,0
19705527158#4952978442,1,0.7941815853118896,1
4272885125#1548108669,0,0.005156523082405329,0
4393085087#2070627808,0,0.0008501629345119,0
2117948923#4944579314,0,0.0012862802250310779,0
156277207697#2452901483,0,0.010385839268565178,0
3651289412#5210078086,0,0.0175920482724905,0
4065721591#1653994308,1,0.8608686327934265,1
1438483240#1398682725,0,0.0006974642165005207,0
4589595738#4628867825,0,0.05979764088988304,0
2183428945#5121642074,0,0.022142967209219933,0
2062770841#4206269897,0,0.05617309734225273,0
4511530729#3108657350,0,0.5656554698944092,1
1374772535#2133358535,0,0.008529906161129475,0
4385184631#4944579314,0,0.00211756257340312,0
2057342439#3798986721,1,0.7164417505264282,1
2078835030#4657354294,0,0.08957568556070328,0
1727736762#4099641396,0,0.002988613210618496,0
422592070627#4589830735,0,0.012865055352449417,0
2113093450#1416301524,0,0.07388409972190857,0
3926867260#3831256267,0,0.9333438277244568,1
14613466961#14613464513,0,0.901579737663269,1
1784900254#4274235353,1,0.799256443977356,1
3594649033#1718471304,0,0.0014496068470180035,0
4991881551#4132281843,0,0.25188228487968445,0
2343156405#1637581644,0,0.013570278882980347,0
2055377631#100995265790,0,0.6451024413108826,1
2135316663#2159739481,0,0.0015971557004377246,0
2180579787#2181531828,0,0.5342100262641907,1
5095503840#4959321228,0,0.012343957088887691,0
2455842713#3791139342,0,0.0006183584919199347,0
2336490445#2059124992,1,0.6250233054161072,1
1654102057#4551054156,0,0.000806745607405901,0
2254264382#2016866277,0,0.001942246570251882,0
4339070553#14613435427,0,0.0004921307554468513,0
11087571368#87720200914,1,0.7144859433174133,1
3517506225#97115452949,0,0.0021157185547053814,0
2455800880#2060185518,0,0.0008833412430249155,0
2057051388#4972894677,0,0.0026932479813694954,0
4705583754#1816428069,0,0.015389354899525642,0
201663692217#1650171814,0,0.03884962573647499,0
4746512285#2254264382,0,0.37195974588394165,0
3727491058#2061022206,0,0.8324100375175476,1
1817644740#3411721643,0,0.7325429320335388,1
3446029032#3446029040,0,0.06714041531085968,0
3772512066#4620685919,0,0.028856532648205757,0
5037293131#2056662276,0,0.6234919428825378,1
34888001864#2027890207,0,0.0010503152152523398,0
4898730640#1994805938,0,0.0007871268899179995,0
4991881551#4161797606,0,0.2705811560153961,0
2027890207#4327866563,0,0.0007116665947251022,0
4763332016#4542039020,0,0.8130844831466675,1
1782357780#4450888165,0,0.33798545598983765,0
2074019451#2063839578,1,0.8815876245498657,1
3044025040#14613456118,0,0.001376996748149395,0
38448881724#22859701254,0,0.009082741104066372,0
309670736915#14613456118,1,0.8118747472763062,1
5169257472#5169257623,0,0.7077106237411499,1
2069139175#5109193415,0,0.021801840513944626,0
3438816692#3644272514,0,0.002555546350777149,0
4065795443#2092610536,0,0.014006680808961391,0
178258449477#1770010645,0,0.9305952787399292,1
5109193415#2067571192,0,0.019133171066641808,0
3628839716#3474685536,1,0.7843638062477112,1
2060185514#1592254485,0,0.4539062976837158,0
2183968048#2026258519,1,0.8407133221626282,1
1312695289#1816428069,0,0.0008115561795420945,0
1671393307#75959618233,0,0.003007488325238228,0
3896015808#1684789889,1,0.8677688837051392,1
2111350136#4511530729,0,0.003699683817103505,0
4549189933#3926867260,0,0.739560604095459,1
4479070818#1770010645,0,0.0037087714299559593,0
1537709317#1453527936,0,0.0017762173665687442,0
4898730640#4335156801,0,0.0018695937469601631,0
3470148182#4155510577,0,0.0010268184123560786,0
212394033260#167570408533,0,0.691677451133728,1
1639219119#4643943359,0,0.46466028690338135,0
4465664542#2298730254,0,0.004220675211399794,0
2060185518#2154491220,0,0.007951328530907631,0
4623949166#4687116172,0,0.9269953370094299,1
3485676898#1778563595,0,0.43946269154548645,0
3555205657#1438441444,0,0.013860766775906086,0
4327866563#4534359957,0,0.002848193049430847,0
5210078086#4746512285,0,0.6298527121543884,1
4820163687#4323500487,0,0.9193695187568665,1
19705527158#2169220658,0,0.4924362301826477,0
3403897392#2063839578,0,0.005447864066809416,0
146778888902#219547393842,1,0.9401460289955139,1
4589595738#3637042235,0,0.00035909280995838344,0
2074019451#2135054445,0,0.0007009261171333492,0
3967431644#2057342439,0,0.0007615743088535964,0
1696095096#1653994308,0,0.03396042808890343,0
4161797606#1728174555,1,0.9893630146980286,1
2067377960#1701333915,0,0.406061589717865,0
2054657143#2452901483,0,0.9445058703422546,1
146778888902#4457149562,0,0.025745777413249016,0
2118416856#2359348328,0,0.0027551515959203243,0
4572374020#2056078364,0,0.0010428553214296699,0
1711852573#4495500756,0,0.0588841438293457,0
70183897754#1741741476,0,0.00186644634231925,0
2114975127#5197586202,0,0.40032121539115906,0
2064414260#2003336437,1,0.671412467956543,1
3626237468#4495044650,0,0.30238646268844604,0
4589595738#3809186919,0,0.0005298508331179619,0
4210986952#1477293192,0,0.0629541352391243,0
2120851333#2064414260,0,0.7392129898071289,1
2078774568#2059483876,0,0.0014688119990751147,0
2235828707#1415647813,0,0.34255358576774597,0
4272887201#5174571094,0,0.0010980337392538786,0
3474685536#3551393130,0,0.36196690797805786,0
1438441444#3290843987,0,0.9000461101531982,1
435372126625#1639832922,0,0.00035680801374837756,0
4926426630#4465664542,1,0.788385808467865,1
3290843987#4206812485,0,0.9217373132705688,1
4004772536#2120472151,0,0.0023061870597302914,0
156893097471#5167083430,0,0.0004562428512144834,0
2114049002#2113760999,0,0.07173039764165878,0
4840773591#4595088087,0,0.971350908279419,1
4321048267#3043492443,0,0.003786153392866254,0
4439426144#8431809688,0,0.0002882206463254988,0
3501281334#4065797638,0,0.5825300216674805,1
3920807098#4205538788,0,0.0005689651588909328,0
2183428945#2183963548,0,0.8663249611854553,1
3882201915#4536041187,0,0.08603797852993011,0
4781194041#4417849752,0,0.21375904977321625,0
4489521100#4523728345,0,0.0015001011779531837,0
4720389596#4202096119,0,0.00047886796528473496,0
4232666143#4226659635,0,0.08932925015687943,0
2074019451#3903241588,0,0.0018140027532353997,0
4479095804#2112576214,0,0.7536976337432861,1
3289002540#4065797638,0,0.8570711612701416,1
207035576772#4195993580,0,0.0008546826429665089,0
1570945860#2057811649,1,0.5813562273979187,1
156277207697#4323500485,0,0.0009695810731500387,0
3259289288#4495500756,0,0.001821493380703032,0
3446029040#3446029041,0,0.06172942370176315,0
4549189933#3403917033,0,0.0008659286540932953,0
1639699607#1639901072,0,0.5388005971908569,1
4642854804#4628867825,1,0.9941600561141968,1
2007329552#5123189265,0,0.0019033055286854506,0
4479095804#1316556785,0,0.0008372156298719347,0
1537709304#422592070627,0,0.0005454045021906495,0
4657354285#4256622048,0,0.43241459131240845,0
4470296934#2111818909,0,0.0008920896798372269,0
4820163687#4589929428,0,0.07759002596139908,0
3903241588#3949154897,1,0.7382797598838806,1
4057032761#4451124306,0,0.8814111948013306,1
2003336437#1427286361,0,0.47353243827819824,0
4385184631#2336490445,0,0.1455797702074051,0
4209814745#3929215225,0,0.0008171970257535577,0
4442900590#3446029040,1,0.8802235722541809,1
4680203965#1438483240,0,0.8653118014335632,1
4471122121#2060185514,0,0.011723741888999939,0
4943160331#3076859035,0,0.005739221815019846,0
1634282673#1778563595,0,0.15111617743968964,0
5169253299#5181571321,0,0.0005982908769510686,0
4479096850#3712801411,0,0.0006803481373935938,0
156274514359#14613469834,0,0.850337564945221,1
303600075141#18468580547,0,0.0012803575955331326,0
1728174549#303600075141,0,0.429897278547287,0
2092610533#2092610519,0,0.663468599319458,1
487126887411#4157551094,0,0.011972418986260891,0
4129122420#3642422898,0,0.12371547520160675,0
1813034413#4628467232,0,0.005487377289682627,0
146011937628#146011948003,0,0.19507870078086853,0
4435528162#2135054445,0,0.000588936498388648,0
18467669365#1920503864,0,0.0023827471304684877,0
4623947495#309312101477,0,0.9447085857391357,1
4065797638#1903466347,0,0.1810634881258011,0
4489521100#1694379811,0,0.0041898987255990505,0
1694379812#2016866277,0,0.08464202284812927,0
3446029041#3644272514,0,0.7814829349517822,1
2199135578#4179651570,0,0.6285693049430847,1
1962074579#2066624968,0,0.0016742916777729988,0
2116342008#2061673563,0,0.8111225366592407,1
14613465315#14613466961,0,0.3400125205516815,0
4572380856#111568230982,0,0.7712185382843018,1
5031406959#2058316912,0,0.000759179936721921,0
3485676898#1816427364,0,0.9206113815307617,1
4972894326#2455842713,0,0.7804676294326782,1
5154681248#3495408683,0,0.002140115713700652,0
4099641396#4718263231,1,0.48697036504745483,0
3439202323#91686025987,0,0.0010972118470817804,0
1457252585#1312695289,0,0.00036872373311780393,0
3903241588#2064229512,0,0.0002581363369245082,0
1770010645#4604457043,0,0.8496785759925842,1
3637042235#1951195150,0,0.6277832388877869,1
2169220658#5031406959,0,0.3573578894138336,0
156893097471#4811798618,0,0.949903130531311,1
4673557611#6871473475,0,0.06643904000520706,0
3988152389#4456625974,0,0.8890318274497986,1
14613460476#14613464473,0,0.1999364048242569,0
1816430010#1453532038,0,0.07693731039762497,0
1639390814#2062766801,0,0.42243561148643494,0
4536450435#4155408706,0,0.7169745564460754,1
4206242446#4705583754,0,0.5135836601257324,1
4196598949#4354044382,0,0.0012793525820598006,0
1782357780#4140165052,0,0.02539611980319023,0
4657354294#3287805133,0,0.43779662251472473,0
2064955879#1751364886,0,0.002780004870146513,0
2054817755#2298730254,1,0.6169392466545105,1
38448881724#38202857246,1,0.47877055406570435,0
3551393318#3474685537,0,0.3475179970264435,0
2066246683#4589820532,0,0.16006609797477722,0
4304261357#4495044650,0,0.0074699814431369305,0
1419344414#1502384801,0,0.0010474903974682093,0
4132281843#336556403061,1,0.9351251125335693,1
2078774568#18468687381,0,0.9080767631530762,1
1727736762#18467669365,0,0.0007907896651886404,0
1810185303#4972894677,0,0.0006918220315128565,0
4451089335#4750249486,0,0.7345346212387085,1
2057685237#5215138753,0,0.17259596288204193,0
1497939109#3642422898,0,0.0005516656674444675,0
1751364886#145960681701,0,0.002604079432785511,0
3551393318#2070627808,0,0.0005716449813917279,0
2092938385#4384403228,0,0.011907316744327545,0
4746512285#5174571094,0,0.9474989175796509,1
5041670056#2296451977,0,0.0005556168034672737,0
4742698844#11087571368,0,0.5772598385810852,1
1875282048#4015322905,0,0.00048534918460063636,0
3403917033#3054434630,0,0.7924906015396118,1
4843831604#4797396841,0,0.5535928010940552,1
3359180052#4726704241,0,0.9461511373519897,1
4589673799#4593095274,0,0.830751359462738,1
87720200914#53263275323,0,0.7510920763015747,1
4289086328#4542321633,0,0.7765177488327026,1
4200562083#4099641396,0,0.0007120316149666905,0
1634282673#2069139175,0,0.013415216468274593,0
4426740219#1541880573,0,0.4900415539741516,0
4523728345#1816428069,0,0.028827957808971405,0
2003336437#4215027256,0,0.0012120329774916172,0
3446029032#4442900590,0,0.885534942150116,1
1953270965#3712801411,0,0.03642270341515541,0
4457149562#1594535012,0,0.6066416501998901,1
2176735919#3050152494,0,0.4740665853023529,0
14613461654#2455842713,0,0.6266354918479919,1
2062075980#2062075977,0,0.03764285892248154,0
4416668620#4223043910,0,0.22215676307678223,0
1316058339#4643011415,0,0.0017055884236469865,0
18469192585#2003336437,0,0.0013430453836917877,0
4321048267#1565912494,0,0.0012576375156641006,0
4316999082#4285709207,0,0.7693694829940796,1
1319944364#4353960088,0,0.0005684570060111582,0
2054781193#3043492443,0,0.0010085687972605228,0
1537709311#2061448087,0,0.8620399236679077,1
18465851371#4635981164,0,0.009432412683963776,0
4451089335#3999176481,0,0.8746956586837769,1
1565913509#3046729281,0,0.11073153465986252,0
5169253299#3603201749,0,0.0006560720503330231,0
2452901483#406088738482,0,0.0003769520262721926,0
2604119334#1656969942,0,0.01326464768499136,0
4499147142#4204386191,0,0.02606474608182907,0
4483987744#1727736762,0,0.006280806381255388,0
50016874555#2026258516,0,0.10763068497180939,0
3880409698#5154681248,0,0.001658440101891756,0
4323500487#3517506225,0,0.0012433999218046665,0
1639219119#1696438060,0,0.0016769079957157373,0
4620261674#4444196403,0,0.0005366713739931583,0
102514982310#4811798618,0,0.44270139932632446,0
4659194738#4572374020,0,0.003457083133980632,0
4542386587#4538332005,1,0.9363646507263184,1
38406123057#29608029868,0,0.6407873630523682,1
3988152389#4828654874,0,0.10865983366966248,0
2060355842#5154681248,0,0.0017432741587981582,0
4247271139#5059261580,0,0.6932313442230225,1
4231111906#4581502608,0,0.00046323699643835425,0
3401731422#1565912494,0,0.0008177220588549972,0
4867542841#3881831374,0,0.002208003308624029,0
2120155505#3446029041,0,0.00046348257455974817,0
4943818903#38202857246,0,0.5050904154777527,1
2064414260#1311812490,0,0.7695583701133728,1
1520168707#2112794415,0,0.0008214742410928011,0
2314360284#3124123344,0,0.0016272205393761396,0
4499147142#3032709817,0,0.7817077040672302,1
1905948078#2061309144,0,0.4013291001319885,0
1778563602#4346970606,0,0.6011673212051392,1
4247271139#4913742546,0,0.42707279324531555,0
5169257472#18465721026,0,0.4765370786190033,0
4209814745#2338131041,0,0.7224907875061035,1
4735432768#4584646241,0,0.000660188845358789,0
307718000196#2092610533,0,0.0014661044115200639,0
2062766088#2113760999,1,0.3363991975784302,0
3050152494#4348295931,0,0.05348621681332588,0
2111041560#2133358535,0,0.31215205788612366,0
5090005101#4620261674,0,0.0014041715767234564,0
4656986610#4589678847,0,0.06387144327163696,0
4024663252#3474685536,0,0.0022664053831249475,0
47752312088#38202856033,1,0.7978054285049438,1
1382214880#2016866277,0,0.8927804827690125,1
121528725386#3594649033,0,0.0011094253277406096,0
3474372520#4620261674,0,0.018842587247490883,0
3882026745#2058148983,0,0.01994256302714348,0
2026258516#3451234547,0,0.0033187048975378275,0
5027483278#54161674630,1,0.21051743626594543,0
87820905399#183335907108,0,0.0011232728138566017,0
1765891797#4623949169,0,0.02541390061378479,0
14613588147#2062770841,0,0.0007686247117817402,0
2066624973#2066624968,0,0.12498140335083008,0
4452060617#3612961288,0,0.8340396285057068,1
2075914534#1712080073,0,0.2180936187505722,0
4321048267#207035576772,0,0.005807031411677599,0
23230310067#2359474749,0,0.00045214020065031946,0
4730645460#1639219119,0,0.00914634857326746,0
1727736762#1778563597,0,0.23363089561462402,0
3999176481#343200247912,0,0.003803364932537079,0
2066624973#2159452221,0,0.9038181900978088,1
1634282673#1712573177,1,0.8511894345283508,1
1741741476#2057811649,0,0.5408589839935303,1
4071233134#3913410158,0,0.0010531789157539606,0
2059124992#4523728345,0,0.0005603541503660381,0
4223043910#4877427884,0,0.000897121848538518,0
41713266437#4712246454,0,0.0007514878525398672,0
3299599421#3124123344,0,0.868718683719635,1
309312102749#4623934568,0,0.8745236992835999,1
4391918874#1875282048,0,0.5550798177719116,1
3446029032#3446029041,0,0.01959315873682499,0
5182742886#4176217131,0,0.4587429165840149,0
2057986140#107725296889,0,0.00047240371350198984,0
4998365450#2111818909,0,0.8559859991073608,1
4633378534#4323500485,0,0.7438939213752747,1
1712573177#3806980943,0,0.0008857260108925402,0
14613461654#4730645460,0,0.0005170779768377542,0
4065795443#4065797638,0,0.02720019407570362,0
4581502608#4149299298,1,0.8377252817153931,1
2065201243#18467925256,1,0.2020319700241089,0
2111351705#2119476678,0,0.6909642219543457,1
2016866277#2056078364,0,0.9241017699241638,1
4910561821#4913742546,0,0.20796117186546326,0
3903241588#3513178266,0,0.002552397781983018,0
1633806208#97014870931,0,0.5988451838493347,1
4991881551#4451342506,0,0.008814061991870403,0
3629624977#3913410158,0,0.9092649817466736,1
3913410158#4180609537,0,0.001172456075437367,0
2727127831#111568230982,0,0.6600465178489685,1
18468690620#5167083430,0,0.9481357336044312,1
4589673799#1312695289,0,0.1672433763742447,0
8431814058#2235828707,0,0.7560681700706482,1
87820911338#3490539439,1,0.8895566463470459,1
4715847880#3691000538,0,0.2165803164243698,0
3445564730#4680095395,0,0.0007964164251461625,0
4226659635#4256622048,1,0.88917475938797,1
4157551094#4179651570,0,0.12342927604913712,0
2060257095#2061309144,1,0.7292680144309998,1
2063588766#5059261580,0,0.9223472476005554,1
10530767652#2339749085,0,0.0024259251076728106,0
4735432768#3913410158,0,0.5519771575927734,1
45531943201#4959321228,1,0.7054291367530823,1
2070791273#156274514359,0,0.0012901949230581522,0
2064955879#4147080749,0,0.0014727222733199596,0
1718471304#3551872495,0,0.0009937264258041978,0
46983614517#55721888445,0,0.0006090198876336217,0
3404019592#2054781193,1,0.8678854703903198,1
3809186919#2066246683,0,0.7794666290283203,1
1319944364#1321409006,0,0.8857335448265076,1
4538419241#4538003565,1,0.847487211227417,1
1953270965#2119476678,0,0.926503598690033,1
2150036453#3411721643,1,0.7361461520195007,1
2296493468#4155408706,0,0.0018612418789416552,0
5018023921#45531943201,0,0.319823682308197,0
107725290582#4261185678,0,0.811958909034729,1
2064955879#3299599421,0,0.018646251410245895,0
4636446230#2066624973,0,0.0012418642872944474,0
3913410158#4206224036,0,0.461250364780426,0
4470296934#3809186919,0,0.001194623066112399,0
2254264382#1500022510,0,0.34676647186279297,0
1701333915#1398443073,0,0.919362485408783,1
343200247912#435372126625,1,0.012261505238711834,0
3903241588#4155510577,0,0.0026229312643408775,0
47752312088#3806980943,0,0.6853130459785461,1
1319944364#3896058143,0,0.02534906007349491,0
1592254485#1528865186,1,0.5856529474258423,1
4304261357#5090005101,0,0.7917950749397278,1
1778563595#1712570793,0,0.8919817805290222,1
2078774568#18468188878,0,0.8468235731124878,1
4285491833#4259429802,0,0.06768237054347992,0
3791139342#4223004786,1,0.9191350936889648,1
1709057480#4808134153,0,0.2450418621301651,0
336556403061#4538419241,0,0.0009330089087598026,0
3691000538#2003710867,0,0.3846585154533386,0
3896015808#3691000538,0,0.13665710389614105,0
1416528046#1415554755,0,0.32627275586128235,0
3770456617#4354044382,0,0.11810905486345291,0
5104418469#5018368651,0,0.029102355241775513,0
3628839722#4680203965,0,0.004707360174506903,0
156277193948#4439426144,0,0.03281626105308533,0
1639699607#4623570105,0,0.8953213095664978,1
3404019551#364679238122,0,0.0010634626960381866,0
156276677247#14613460476,0,0.646153450012207,1
3401731422#4426740219,0,0.0032786838710308075,0
4435528162#2055377631,0,0.0005485336296260357,0
4581502608#1316556785,0,0.0022770098876208067,0
2183428945#1867286717,0,0.0020307444501668215,0
3400442486#3926867260,0,0.004069573245942593,0
3401731422#5109193415,0,0.0004862546920776367,0
4196521320#4435686270,0,0.7528166174888611,1
3550931655#1634282673,0,0.0013494470622390509,0
3061887519#49857216438,0,0.0008057373343035579,0
2057051387#3903296442,0,0.0005236619035713375,0
7161173338#4542039020,0,0.20337069034576416,0
2175801910#1816430010,0,0.0015601292252540588,0
4202041822#2150036453,0,0.015078015625476837,0
4680203965#1570945860,1,0.5647663474082947,1
5165108496#2053826326,0,0.44815894961357117,0
3881831374#3054434630,0,0.0008515091612935066,0
2281691154#4145588659,0,0.8444170355796814,1
1816428069#110232280082,0,0.002471599029377103,0
303600075141#4200577198,0,0.6011176109313965,1
5185236541#5169253299,0,0.588241696357727,1
4176217131#3849817492,0,0.017934352159500122,0
4620685919#38202856033,0,0.5105680823326111,1
3612961288#276611684552,0,0.0005100782727822661,0
2058148983#4226659635,0,0.0007644938305020332,0
2026069710#4202096119,0,0.0011543729342520237,0
1994805938#2235828707,0,0.00118822802323848,0
4204386191#4828387554,0,0.03965939208865166,0
2199135578#2281691154,0,0.4794146716594696,0
1430988070#1640340946,0,0.0007976677734404802,0
4391919171#86283717806,0,0.0013832544209435582,0
4716933437#4628482537,1,0.6394414305686951,1
2064955879#2066535766,0,0.8702972531318665,1
3487828521#2114049002,0,0.580712080001831,1
4206269897#4339070553,0,0.0008214390836656094,0
4215058789#2026069710,0,0.0007992118480615318,0
4218561827#4339070553,0,0.06467647105455399,0
125323389433#201663692217,0,0.8390658497810364,1
5215138753#1653994308,0,0.0005052385968156159,0
2118416856#5018389488,0,0.0015039400896057487,0
1775497794#1672066227,1,0.762248158454895,1
4451289887#4071233134,0,0.9610828757286072,1
3967431643#3967431644,0,0.01944730617105961,0
2075416140#14613469834,0,0.033175382763147354,0
3848611844#2113760999,0,0.09460745006799698,0
1878732185#1905948078,0,0.7550293803215027,1
2113288221#2111349786,0,0.035919081419706345,0
1921223120#1765891797,0,0.00473620742559433,0
5123189260#7026230674,0,0.7016524076461792,1
1574873794#4653616782,0,0.002972929971292615,0
4354044382#2027838359,0,0.3296411633491516,0
4470296934#1920503864,0,0.30484136939048767,0
14613464513#14613465315,0,0.47543472051620483,0
2063839578#4570764341,0,0.002594652818515897,0
4479424072#3642422898,1,0.5411785840988159,1
4004772536#1477293192,0,0.8769358396530151,1
5123189265#4755359264,0,0.013933083973824978,0
2111351705#4643938191,0,0.0010587131837382913,0
4197138413#2122362220,0,0.3515384793281555,0
4426740219#4673557611,0,0.007198982872068882,0
4065797638#4147080749,0,0.014803040772676468,0
2055886100#3259289288,0,0.0009390156483277678,0
2118416856#2359435242,0,0.2864921987056732,0
2150036453#3474685537,0,0.0005062094423919916,0
1321409006#19705527158,0,0.0007885998929850757,0
3896058143#3764759336,0,0.7209683656692505,1
1694379811#4289086328,0,0.020449332892894745,0
1520168707#4656986610,0,0.30952078104019165,0
5007075941#4959321228,0,0.85105299949646,1
1477156406#2124411604,0,0.009973833337426186,0
18469192585#4636381625,0,0.0054005468264222145,0
1633806208#4321048267,0,0.7293822169303894,1
2119398744#2113288221,0,0.7819468975067139,1
2058278464#4408616491,0,0.0012315624626353383,0
1840606003#3227376447,0,0.9322236776351929,1
1557919756#4549189933,0,0.001038731075823307,0
3882026745#5090085713,0,0.5721007585525513,1
4570764341#3214249597,0,0.6115770936012268,1
3644272514#4071233134,0,0.40129584074020386,0
3227376447#2059400154,0,0.0005409927689470351,0
3628839722#5123189265,0,0.01590927317738533,0
1639390814#4825375981,0,0.0010760315926745534,0
2111872187#4699510653,0,0.0006465744227170944,0
5014897285#5104418469,0,0.0021710216533392668,0
4897048724#5208946130,0,0.002653001341968775,0
2056128836#4140165052,0,0.4937567412853241,0
2297005450#4202096119,0,0.01929572969675064,0
2111350136#4893633475,0,0.0024288969580084085,0
5059261580#4910561821,1,0.9677733182907104,1
4735432768#3629624977,0,0.9511933326721191,1
3648904752#4272887201,0,0.8039243221282959,1
14613465315#2455842713,0,0.7400539517402649,1
91686025987#4933360994,0,0.03658854961395264,0
4435528162#4435913614,0,0.43657296895980835,0
3967431644#4687116172,0,0.9122415781021118,1
4735432768#3580539229,0,0.9394758343696594,1
2329543699#4593095274,0,0.3759877383708954,0
207035576772#1665894324,0,0.00048248187522403896,0
2058222393#4195960848,0,0.006120837293565273,0
4215058789#4323500487,0,0.0008502512355335057,0
4716933437#2452901483,0,0.8644353151321411,1
5123189265#5123189260,0,0.6102457642555237,1
4843831604#1635692869,0,0.36987587809562683,0
3487828521#2007847537,0,0.015457630157470703,0
3669306485#5060996735,1,0.7943193912506104,1
2065201243#1374772535,0,0.0027573667466640472,0
1398443073#202363939789,0,0.5530222058296204,1
2159739481#4201830454,0,0.0023697433061897755,0
3513178266#3551393130,1,0.7142480611801147,1
2066246683#1438441444,0,0.011207737028598785,0
3403897392#2329543699,0,0.0006092724506743252,0
4641374150#4933360994,0,0.00851872656494379,0
3054434630#309670736915,0,0.021090280264616013,0
2075914534#4811798618,0,0.0005397882196120918,0
10530767652#14613460476,0,0.0005185572081245482,0
4215058789#4323500485,0,0.0008888214942999184,0
1656969942#2054817755,0,0.002080459613353014,0
3831256267#1813034413,0,0.0006831236532889307,0
4653616782#50602309472,0,0.36041587591171265,0
2027838359#1415554755,1,0.028887320309877396,0
183335907108#4825375981,0,0.001376893138512969,0
1565912494#2060253226,0,0.041118498891592026,0
4219781521#1701470611,0,0.12373102456331253,0
4330455313#1665894324,0,0.0009922849712893367,0
1712570939#3806980943,0,0.001007257611490786,0
4673557611#4943818903,0,0.2937206029891968,0
4272137501#2054733437,0,0.0014003334799781442,0
102514982310#197910587768,0,0.7275550365447998,1
4451124306#4451124293,0,0.1094328761100769,0
4699510653#4451342506,1,0.49432674050331116,0
2067179166#4672808661,0,0.001369957346469164,0
4715847880#3896015808,0,0.37662696838378906,0
3050152494#2111041560,1,0.6324822306632996,1
4435913614#3836676657,0,0.061420317739248276,0
3107598853#4196598949,0,0.9024328589439392,1
1878732185#2059483876,0,0.3415496051311493,0
1775497794#2067179166,0,0.0010255825472995639,0
3026064813#117277915830,0,0.06202183663845062,0
4003298247#4495500756,0,0.0010843084892258048,0
2059400154#3848611844,0,0.13219429552555084,0
4998365450#4223043910,0,0.0005854096380062401,0
4057032761#4215038721,0,0.8445430397987366,1
4289086328#3836676657,0,0.5666314363479614,1
2359348328#146778888902,0,0.050712745636701584,0
1775497794#2026258520,0,0.010324030183255672,0
2057051387#4972894677,0,0.002658347599208355,0
4034038494#1816430010,0,0.03817844018340111,0
1520168707#125323389433,0,0.00041893860907293856,0
2071751695#54158093151,0,0.023974161595106125,0
2118416856#1453527936,0,0.21068429946899414,0
3269719212#29608029868,0,0.00620128633454442,0
3626237468#4943818903,0,0.22426223754882812,0
5095503840#41713266437,1,0.875271201133728,1
4155408706#3042764047,0,0.9147703647613525,1
1537709317#1537709304,0,0.059128548949956894,0
4623934568#5060996735,0,0.0008556511020287871,0
4595088087#2604119334,0,0.010380415245890617,0
4202041822#4893633475,0,0.24725982546806335,0
49857216438#212771874474,0,0.5360399484634399,1
3770456617#1696208496,0,0.25133755803108215,0
2111041560#2176735919,0,0.6901326179504395,1
1637980981#1816430010,0,0.004781251773238182,0
2070627808#4643718292,0,0.6895285248756409,1
4304261357#4218561827,0,0.5887582302093506,1
4201830454#2007329552,0,0.0018635846208781004,0
47752312088#38202857246,0,0.7978054285049438,1
4247271139#2063588766,0,0.8035253882408142,1
5169557343#5210078086,0,0.6228544116020203,1
1882929309#2092610519,1,0.49411696195602417,0
5087832312#4223004786,0,0.0004668627807404846,0
4065797638#1639832922,0,0.0014451266033574939,0
5018368651#7026230674,1,0.5428087711334229,1
4435913614#4898626808,0,0.0011807510163635015,0
2057145715#2060185518,1,0.351653128862381,0
3967431643#1740857110,0,0.00048153038369491696,0
3551393130#3474685537,0,0.2698368728160858,0
2135316663#4653616782,0,0.0012767239240929484,0
2068623358#1592254485,0,0.0008166303159669042,0
378133536273#69710193399,0,0.6969156861305237,1
4658620132#2027929598,0,0.03628934919834137,0
4572380856#4204386191,0,0.0013103835517540574,0
4205538788#2075240892,1,0.9289389848709106,1
4841409785#4417849752,0,0.03892497345805168,0
4898626808#2727127831,0,0.05550054833292961,0
117154450703#109165560395,0,0.8024283647537231,1
4099641396#5018023921,0,0.000708609411958605,0
4471122121#60367707728,0,0.7510702013969421,1
1472057117#4161797606,0,0.20103347301483154,0
69710193399#4635981164,0,0.003923878539353609,0
2003710867#1646206864,0,0.0008775313617661595,0
3108657350#2359435242,0,0.0008333839359693229,0
3849817492#110232280082,0,0.0009375932859256864,0
4551054156#156274514359,0,0.5170567631721497,1
2113093450#4643943359,0,0.9331687688827515,1
38406123057#1882929309,0,0.0012902466114610434,0
1438441444#3435281641,0,0.5435873866081238,1
2062782802#2057986140,0,0.0015014145756140351,0
1914403252#4572636295,0,0.000744429649785161,0
276611684552#4619195159,0,0.0005463472916744649,0
156277514294#4226659635,0,0.0012860781280323863,0
2059124992#1818739935,0,0.08402958512306213,0
4589678847#1520168707,0,0.6146965026855469,1
4642512906#4748650954,0,0.0005608941428363323,0
1639832922#1437868238,0,0.7768744826316833,1
87820911338#18468687381,0,0.009912368841469288,0
3359180524#3359180052,0,0.8143064975738525,1
4825375981#5165108496,0,0.0007141464157029986,0
1920503864#1951195150,0,0.0024167473893612623,0
4781194041#2057342439,0,0.0005277686286717653,0
4201830454#1416528046,0,0.0008887770236469805,0
4620685919#38202857246,0,0.494000643491745,0
4354044382#1415554755,0,0.679185688495636,1
4761512241#4763332016,0,0.7929937839508057,1
4973150488#2455842713,0,0.4867591857910156,0
4214739605#4643938191,0,0.0023885078262537718,0
4514269980#3628533316,0,0.0013536575715988874,0
4384403228#4165585148,0,0.015818540006875992,0
3474685536#3474685537,0,0.11290331929922104,0
4071233134#3683502845,0,0.1570398062467575,0
4535930871#4687116172,0,0.9615944027900696,1
3052180518#4499147142,0,0.0009628440020605922,0
2062782802#3044025040,0,0.1350291520357132,0
1313607746#1921223120,0,0.0009969857055693865,0
4155510577#156893097471,0,0.007225201465189457,0
5095503840#5208946130,0,0.0006362085114233196,0
3361906432#2150036453,0,0.016703175380825996,0
4933360994#4657354294,0,0.028348926454782486,0
3214249597#4155510577,0,0.0008790435967966914,0
580549064505#376973981474,0,0.10142455995082855,0
5123189260#5018368651,0,0.48781442642211914,0
157726428514#4644140313,0,0.0011616466799750924,0
4417818851#1867262556,0,0.4316607415676117,0
4643943359#6015919609,0,0.038965918123722076,0
3075628047#14613588147,0,0.0006980497273616493,0
111110399548#167570408533,0,0.7663875222206116,1
4720389596#100995265790,0,0.0005843468243256211,0
4205538788#4195993580,0,0.0007100718794390559,0
1780678934#4426740219,0,0.024478890001773834,0
4442900590#3114734058,0,0.028161266818642616,0
5014897285#212771874474,0,0.6418845653533936,1
3487828521#1347237190,0,0.0034917748998850584,0
1712573177#1778563597,0,0.803361713886261,1
1311812490#3485676898,0,0.003427964635193348,0
4699510653#2064955879,0,0.0006482583121396601,0
4348295931#4285709211,0,0.8387575745582581,1
1710094724#1570945860,0,0.6217634677886963,1
18465816919#18466210670,0,0.371031254529953,0
4196030610#91686025987,0,0.0008614955586381257,0
183335907108#4327866563,1,0.8783062100410461,1
4354044382#4570764341,0,0.001604912686161697,0
4755359264#4620685919,0,0.6846004128456116,1
3926916973#2062766088,0,0.7477781176567078,1
1382214880#3439202323,0,0.0026510993484407663,0
2092938385#5215138753,0,0.03022364154458046,0
4572380856#4746144353,0,0.040216054767370224,0
1656969942#5121642074,0,0.0008478355593979359,0
4680204120#54161674630,0,0.009252019226551056,0
5027483278#4015422065,0,0.4121363162994385,0
1712570939#75959618233,0,0.0018024275777861476,0
2027929598#4027742647,0,0.28355589509010315,0
1520168707#14613456118,0,0.0022089225240051746,0
1416301524#3525845999,0,0.0009768421296030283,0
1565912494#3046729281,0,0.07201851904392242,0
4327866563#4900378668,0,0.002586158225312829,0
3968945784#4623949166,1,0.991980791091919,1
4261185678#1671393307,0,0.005244194529950619,0
2075240892#3477269989,0,0.003743253881111741,0
167570408533#189546061243,0,0.6397485136985779,1
1752749942#4157381557,0,0.7979035377502441,1
3076859035#187508564338,0,0.000498626905027777,0
4354044382#2175801910,0,0.2457033097743988,0
4317041484#2064730522,0,0.8092076182365417,1
1477293192#2027838359,0,0.002065337495878339,0
4579172309#4454991968,1,0.8984845876693726,1
4065721591#4613276653,0,0.9128512144088745,1
4435528162#4226659635,0,0.000830000382848084,0
3446029032#2124411604,0,0.0016427633818238974,0
4926426630#3056067914,0,0.05480358004570007,0
4581502608#1457252585,0,0.0017666227649897337,0
4339070553#4015422065,0,0.0006803737487643957,0
2359348328#146777938215,0,0.9408959746360779,1
4034038494#4219781521,0,0.008106637746095657,0
106964376935#2298730254,0,0.0007139388471841812,0
3644272514#4165151066,0,0.0020931910257786512,0
1752749942#4726704241,0,0.0006190245621837676,0
4226659634#4259241183,0,0.0007149315788410604,0
4549189933#3054434630,0,0.0009749620803631842,0
3648904906#4195993580,0,0.0038250957150012255,0
121528725386#2062770841,0,0.0009138009627349675,0
1541880573#2150036453,0,0.007942385040223598,0
3988152389#2119476678,0,0.007790138944983482,0
4206267336#4260680249,0,0.002071716822683811,0
4941134416#4604457043,0,0.22078242897987366,0
124021630369#3046471496,0,0.055548928678035736,0
1903466347#207035576772,0,0.0013851751573383808,0
1818739935#18466202308,0,0.0024307381827384233,0
2061673563#1430988070,0,0.3790605664253235,0
307718000196#14613464473,0,0.007239018566906452,0
4196521320#4613276653,0,0.7361182570457458,1
1688824936#2069774757,0,0.0010335644474253058,0
1427286361#1688824936,0,0.41577696800231934,0
4202041822#3626237468,0,0.0013738300185650587,0
4642512906#5163452200,0,0.4307146370410919,0
5090085713#4523728345,0,0.9168316721916199,1
18467925256#2183963548,0,0.007253106217831373,0
3043492443#4993036319,0,0.0018699923530220985,0
4145588659#1994805938,0,0.7450186014175415,1
14613460476#4748650954,0,0.001428319257684052,0
1398682725#5095503840,0,0.0036347361747175455,0
14613461654#146011937628,0,0.02937437780201435,0
3628533316#4195993580,0,0.002026474801823497,0
1914403252#3289002540,0,0.0010207914747297764,0
5185236541#4197138413,0,0.0007298113196156919,0
178258449477#4998365450,0,0.8677634000778198,1
2079581946#4746144353,0,0.0009160623303614557,0
4448830722#4451089335,0,0.8274354338645935,1
4589830735#4411426624,1,0.7152836322784424,1
3926867260#4530026053,0,0.000652163231279701,0
3967431643#3299598934,0,0.000670701963827014,0
2059052537#4385184631,0,0.6341594457626343,1
4176217131#1903466347,0,0.014220093376934528,0
2026069710#87820905399,1,0.8381446599960327,1
4454991968#4534359957,0,0.0005223968182690442,0
3050045988#4247271139,0,0.0010578623041510582,0
4657354311#4657354294,0,0.08948302268981934,0
1316556785#4132281843,0,0.00042041827691718936,0
3691000538#2007934907,0,0.000779870490077883,0
1701333916#1398443073,0,0.9217256903648376,1
4631852445#2065354050,0,0.0009217145852744579,0
4206267336#3629624977,1,0.6568282246589661,1
4735432768#3431879179,0,0.05676519498229027,0
5208946130#580549064505,0,0.0006895192200317979,0
1497939109#157726428514,0,0.0004901887732557952,0
2026258516#2183968048,0,0.8321220278739929,1
4202096119#3794247232,0,0.5881394147872925,1
4943160331#3968945784,0,0.00035833363654091954,0
4479095804#107725296889,0,0.39065805077552795,0
3287805133#4657354285,0,0.5713664293289185,1
1477156406#1438326380,0,0.037970393896102905,0
212394033260#111110399548,0,0.8482156991958618,1
29299331674#5163452200,0,0.895535409450531,1
23230310067#4763332016,0,0.47082409262657166,0
1574873794#4613276653,0,0.8039024472236633,1
4828654874#178258449477,0,0.902228832244873,1
2062867476#111568230982,0,0.005348757840692997,0
2067377960#1477156406,0,0.0006818062975071371,0
54161674630#5018023921,0,0.7498907446861267,1
1565913509#3889395495,0,0.34863242506980896,0
2063588766#4913742546,1,0.8636796474456787,1
5215138753#4165585148,0,0.2383279949426651,0
373850284448#1951195150,0,0.0005680418107658625,0
3831256267#5123189260,0,0.001150800846517086,0
1847712017#2062045929,0,0.004388920031487942,0
3245545040#4206267336,0,0.5179728865623474,1
4589820532#2058316912,0,0.0010868307435885072,0
2977755545#4720389596,0,0.0008569088531658053,0
4643718292#4643943359,0,0.05253303050994873,0
2070627808#3727491058,0,0.0007635735091753304,0
113196401893#2054753273,0,0.0008413317264057696,0
5208946130#4867542841,0,0.45557957887649536,0
3445564730#2314360284,0,0.006502886768430471,0
4289086328#4435528162,0,0.8168057203292847,1
45531943201#54161674630,0,0.5333396792411804,1
4536041187#4584646241,1,0.7633988857269287,1
4642854804#2168053481,0,0.11070267856121063,0
1401982678#2062075980,0,0.20056644082069397,0
1718471304#3967431643,0,0.012235994450747967,0
4145588659#4157551094,0,0.2795911431312561,0
4841409785#4223043910,0,0.008918204344809055,0
4022447951#2068436073,0,0.05734296515583992,0
3612961288#4451089335,0,0.5963330268859863,1
3054671141#3349756713,1,0.6248608231544495,1
1416301524#4176217131,0,0.03010159730911255,0
3404019592#2247165276,0,0.20636039972305298,0
4260680249#2122362220,0,0.6175796389579773,1
1627738213#4542039020,0,0.0014305346412584186,0
4581502608#1951195150,0,0.0029803242068737745,0
87720200914#53263229623,0,0.6719496250152588,1
3882201915#4658956014,0,0.22652840614318848,0
4411426624#3683502845,0,0.23657569289207458,0
4643898157#18468687381,0,0.2641015946865082,0
2338131041#2338916683,0,0.18478824198246002,0
87720200914#4653616782,0,0.9008971452713013,1
4898730640#1453527936,0,0.0011013345792889595,0
3683502845#3446029040,0,0.7754833102226257,1
4414530598#1696208496,0,0.4807147979736328,0
4653616782#53263229623,0,0.6026591658592224,1
4451089335#4456625974,0,0.9570891857147217,1
4004772536#3050045988,0,0.0006064857007004321,0
5174571094#4411426624,0,0.6650602221488953,1
4631852445#4722721497,1,0.7230336666107178,1
4391918874#3949154897,0,0.04369479417800903,0
4150903563#2066535766,0,0.0005393613828346133,0
4180609537#183335907108,0,0.012028230354189873,0
2159739481#3461052410,0,0.010235203430056572,0
4448830722#4456625974,1,0.8343574404716492,1
1646144729#4157551094,0,0.008344964124262333,0
4840773591#156277193948,1,0.7625182271003723,1
3474685536#1319944364,0,0.08561981469392776,0
3435281641#3304467506,0,0.8173720836639404,1
4165585148#3551393130,0,0.0021096256095916033,0
4643943359#87820911338,0,0.08601677417755127,0
5163452200#3076859035,0,0.00043828535126522183,0
5128222238#4195993580,0,0.00320978881791234,0
1765891797#3691000538,0,0.8643128275871277,1
2057051387#3404019592,0,0.27981728315353394,0
145960681701#3831256267,0,0.007926196791231632,0
2296451977#4589830735,0,0.014498610980808735,0
18467669365#2067179166,0,0.013117671944200993,0
4530026053#2270062912,0,0.001255503506399691,0
4196030610#4206269897,0,0.06693582236766815,0
2455842713#4405676807,0,0.001054449356161058,0
4593095274#3214249597,0,0.11376560479402542,0
14613465315#14613461654,0,0.234095960855484,0
2057811649#1438483240,1,0.566657304763794,1
3044853716#53263229623,0,0.0030514884274452925,0
3108657350#2003336437,0,0.0010129334405064583,0
4321048267#2055255869,0,0.001408404903486371,0
46983614517#4589830735,0,0.000983030186034739,0
3551393318#3474685536,0,0.25789541006088257,0
2062845102#97115452949,0,0.0006047641509212554,0
4483987744#1765891797,0,0.0016343171009793878,0
219547393842#2112794415,0,0.000915895972866565,0
4720389596#4877427884,1,0.9911994338035583,1
4439737347#4200562083,0,0.5233972072601318,1
2026258524#2183428945,0,0.8467378616333008,1
309312102749#3967431643,0,0.018492775037884712,0
3920807098#4405676807,0,0.6556168794631958,1
1654102057#1665894324,1,0.9755493998527527,1
4450602322#3557197892,0,0.15580466389656067,0
4401870234#4195993580,0,0.23717522621154785,0
23230310067#3626237468,0,0.0008606718038208783,0
2180579787#2026258524,1,0.8128345012664795,1
5154681248#111568230982,0,0.00029444604297168553,0
1574873794#1453527936,0,0.00108978187199682,0
1326086493#4165585148,0,0.5105371475219727,1
4210986952#3612961288,0,0.00048063203576020896,0
3551872495#4261185678,0,0.0016837101429700851,0
4176217131#18466202308,0,0.9434353113174438,1
4542039020#1639832922,0,0.0014697437873110175,0
4900378668#3487828521,0,0.7139001488685608,1
4316999113#4316999082,0,0.5176185369491577,1
4763332016#3626237468,0,0.0009474439430050552,0
1537709317#2061448087,0,0.8184866309165955,1
3836576451#4542321633,0,0.21983444690704346,0
10530767652#421393369392,0,0.0007716461550444365,0
3628839716#2092610533,0,0.003395325969904661,0
4867542841#173652977366,0,0.0009780718246474862,0
4157280271#1694379812,0,0.8757556080818176,1
1574873794#395685899087,0,0.3395509719848633,0
38202857246#2055448044,0,0.0005612756940536201,0
4015322905#1565925308,0,0.00038126882282085717,0
3580539229#3629624977,0,0.1341659277677536,0
2154491220#4642854804,0,0.0009697773493826389,0
3831256267#1696208496,0,0.0006235347827896476,0
4384403228#4330455313,0,0.017462385818362236,0
3400442486#3435281641,0,0.3389844000339508,0
107725290582#50016874555,0,0.00044691201765090227,0
2298730254#50016874555,0,0.0018290587468072772,0
4943818903#2058563113,0,0.0024093370884656906,0
2054733437#2059483876,1,0.9390395879745483,1
3363370353#3404019592,0,0.09745476394891739,0
167570408533#173652977366,0,0.07729630917310715,0
1528865186#2296574953,0,0.0012873569503426552,0
1477293192#2064414260,0,0.8531733155250549,1
146011937628#212394033260,0,0.0007179719395935535,0
3052944481#5210078086,0,0.00428729597479105,0
4944579314#6015919609,0,0.8957417607307434,1
2116342008#1711852573,0,0.0050316667184233665,0
4589673799#1727736762,0,0.005895619280636311,0
2079572106#4635981164,1,0.9186462163925171,1
4572636295#145960681701,0,0.000899761391337961,0
18468695966#2063706226,1,0.8753020763397217,1
4535930871#4623949169,1,0.9881058931350708,1
2061448091#1537709304,0,0.8377466201782227,1
2074019451#4335156801,0,0.02130925841629505,0
4755359264#38202857246,0,0.6505323648452759,1
2118416856#114453608394,0,0.0011358150513842702,0
6871473475#2114341514,0,0.2364511638879776,0
4755359264#4673557611,0,0.7702204585075378,1
54161674630#4959321228,0,0.7597802877426147,1
3485676898#1639390814,0,0.0011734047438949347,0
4514269980#3061887519,0,0.0013887210516259074,0
2114341514#4536450435,0,0.01191838551312685,0
4157280271#1811606488,0,0.0006924383924342692,0
2064414260#3903241588,0,0.000579270941670984,0
5027483278#4959321228,0,0.9033843874931335,1
2026258516#2026258521,0,0.8176296353340149,1
4195993580#4584646241,0,0.01604905165731907,0
2062845102#4261185678,0,0.00076151336543262,0
4444196403#2092938385,0,0.021260173991322517,0
1921223120#146011948003,0,0.7236687541007996,1
187508564338#45531943201,0,0.9252097010612488,1
1721524699#4149299298,0,0.002910100854933262,0
4489521100#2120851333,0,0.003079037182033062,0
4291077418#3289002505,0,0.7440989017486572,1
3835278364#5037293131,0,0.7518710494041443,1
1810185303#1650171814,0,0.38378259539604187,0
1477293192#1627587582,0,0.30465802550315857,0
4206242446#4197138413,0,0.0017786514945328236,0
2169220658#373850284448,0,0.0005609951913356781,0
2092610536#3236601708,0,0.021658344194293022,0
3214249597#3214249595,0,0.9100320339202881,1
1557919756#2075240892,0,0.0006479445728473365,0
18468580547#18465721026,0,0.1201864704489708,0
34888001864#3431879179,0,0.004607091657817364,0
3361906432#29299331674,0,0.000874581397511065,0
4161797606#1728174549,0,0.2371290773153305,0
2026258516#2026258524,0,0.6988447904586792,1
4495500756#2336490445,0,0.09217365086078644,0
4130010417#4972894677,0,0.0009930506348609924,0
2066535766#1646144729,0,0.0005582362064160407,0
4226659634#4232666143,0,0.06841025501489639,0
18468690620#5169557343,0,0.0009913424728438258,0
2281691154#4663785560,0,0.0009355658548884094,0
2054781193#1847712017,0,0.56686931848526,1
3630377420#1627587582,0,0.003094326239079237,0
3529095384#1701333847,0,0.0007723593153059483,0
