pair_id,label,probability,prediction
2070627808#2056478070,0,0.17157500982284546,0
4479070818#4323500485,0,0.07045206427574158,0
2455800880#4972894326,0,0.4838268458843231,0
4593095274#3214249595,0,0.028494535014033318,0
4206242446#4206267336,0,0.9685901999473572,1
3551393318#3513178266,0,0.7487778663635254,1
2078774568#4672808661,0,0.0005097073735669255,0
4643718292#4200577198,0,0.02808593399822712,0
4401870234#2058148983,0,0.012972290627658367,0
2069774757#3431879179,0,0.04681936278939247,0
4256622048#4346970606,0,0.0008089951006695628,0
3764759336#4034038494,0,0.05866937339305878,0
2114341514#2062075977,0,0.916968047618866,1
6015919609#1557919756,0,0.010288247838616371,0
1701333916#2026258516,0,0.0003708594886120409,0
3903296442#1953270965,0,0.49270859360694885,0
4435686270#1574873794,0,0.34355777502059937,0
18465816919#2057811649,0,0.0006214556051418185,0
1728174549#4991881534,0,0.6035793423652649,1
8431814058#1627587582,0,0.0011490663746371865,0
4804861605#4780994423,1,0.9315662980079651,1
4851901157#1326086493,0,0.0004869219264946878,0
1639219119#2296574953,0,0.08336032181978226,0
2062845102#2235828707,0,0.003710396122187376,0
4656986610#1437868238,0,0.00023753289133310318,0
1818739935#4457149562,0,0.0005256281583569944,0
4641374150#2115880476,0,0.0004810908285435289,0
1438441444#3642422898,0,0.6265828013420105,1
3836576451#3836676657,0,0.3004739284515381,0
1914706723#3054671141,0,0.0012323926202952862,0
2057342439#4206269897,0,0.0007984091644175351,0
3108657350#178258449477,0,0.492207407951355,0
4435528162#4530026053,0,0.44356685876846313,0
4232666143#3055576029,0,0.0006036446429789066,0
2059400154#1639390814,0,0.4520896375179291,0
1401982678#8431809688,0,0.14517167210578918,0
4867542841#4659194738,0,0.015887897461652756,0
3044025040#3411721643,0,0.9325168132781982,1
4581502608#4538419241,0,0.006126891355961561,0
1905948078#1394397775,1,0.7327966690063477,1
1701333916#1374772535,0,0.7092373371124268,1
3557197892#2247165276,0,0.0016698072431609035,0
1537709311#4209814745,0,0.378889799118042,0
4572636295#4535941097,0,0.3874676525592804,0
5037293131#4898626808,0,0.0018877022666856647,0
5096293410#1457252585,0,0.0003822042781393975,0
2026258521#2026258520,0,0.7128320932388306,1
4354044382#1416528046,0,0.8676326274871826,1
1639219119#2359435242,0,0.0005310943815857172,0
14613469834#4535949395,1,0.7006546854972839,1
4589595738#4619195159,0,0.09641800075769424,0
4451288784#3446029040,0,0.7133975028991699,1
2058563113#202363939789,0,0.01628754287958145,0
1437868238#4628867825,0,0.00029879764770157635,0
2068436073#4129122420,0,0.0008333406294696033,0
1640340946#1811606488,1,0.46773090958595276,0
102514982310#1914706723,0,0.0005561395082622766,0
4176217131#3032709817,0,0.9538490176200867,1
2114716134#3903296442,0,0.8581200838088989,1
4944579314#2055886100,0,0.0631432756781578,0
2275666316#1711687490,0,0.031166695058345795,0
2062770841#2067377960,1,0.8852747678756714,1
2977755545#50016874555,0,0.0006904078763909638,0
50602314209#4471122121,0,0.47260189056396484,0
4479096588#4261185678,1,0.30033373832702637,0
97115452949#4479095804,0,0.010664825327694416,0
3487828521#1594535010,0,0.0003764786815736443,0
6871473475#4065721591,0,0.00048521780990995467,0
2092174215#1816430010,0,0.016353638842701912,0
2183968048#1374772550,0,0.00043220710358582437,0
1914403252#4206242446,0,0.0004188645398244262,0
3289002540#3289002505,0,0.030243733897805214,0
4298588573#3772512066,0,0.858056902885437,1
3836676657#4542321633,0,0.12601841986179352,0
4022447951#14613456118,0,0.019462235271930695,0
29608029868#4915591396,0,0.0003220229991711676,0
4867542841#4657354294,0,0.0008646732312627137,0
3525845999#1316058339,0,0.0009382975404150784,0
3791139342#2314360284,0,0.027665752917528152,0
5018389488#4538419241,0,0.005053559318184853,0
1639390814#1430988070,0,0.00036859457031823695,0
2150036453#3926867260,0,0.20385821163654327,0
3642422898#3107598853,0,0.8151184320449829,1
1640340946#4408616491,0,0.0003103743074461818,0
4405676807#4304261357,0,0.6126563549041748,1
3882201915#4572374020,0,0.00243650795891881,0
75959618233#2135054445,0,0.005404958967119455,0
4973150488#1639390814,0,0.0009105826029554009,0
4304261357#4214739605,0,0.6339832544326782,1
4454965094#4450888165,1,0.8072817325592041,1
2111350136#2113288221,0,0.12442662566900253,0
2169220658#5165108496,0,0.553089439868927,1
1816428069#3227376447,0,0.765326738357544,1
2119398744#2165015487,0,0.8181643486022949,1
1784900254#97115452949,0,0.0007470570271834731,0
146777938215#364679238122,0,0.023835262283682823,0
8431809688#53263275323,0,0.00034920513280667365,0
4215038721#4726704241,0,0.0007854140712879598,0
2727127831#4202096119,0,0.8789231777191162,1
2062766801#2113760999,0,0.6427018046379089,1
4231111906#4232471781,0,0.05466276407241821,0
3794247232#2727127831,0,0.45352593064308167,0
3269719212#2066246683,0,0.4352841377258301,0
4003298247#4397595587,0,0.2550569772720337,0
4272843119#3836676657,0,0.03419801592826843,0
1811606488#2452901483,0,0.6694188714027405,1
2061309144#2059483876,0,0.29886385798454285,0
14613464513#146011937628,0,0.046842604875564575,0
3347114660#4687116172,0,0.0010073324665427208,0
3580539229#1701333916,0,0.00842992402613163,0
18468188878#4658620132,0,0.0005470236646942794,0
1840606003#4149299298,0,0.00047947134589776397,0
14613588147#14613464473,0,0.04526861757040024,0
3794247232#4898626808,0,0.025198301300406456,0
1646144729#1427286361,0,0.0008232095860876143,0
2054657150#4761512241,0,0.0009375147055834532,0
5318769457#5169257623,0,0.0007641023257747293,0
1635692869#2058316912,0,0.15555846691131592,0
2057685237#4165585148,0,0.015911901369690895,0
4489521100#3439202323,1,0.8645462989807129,1
2338916683#3770456617,0,0.0006008000345900655,0
3461052410#3259289288,0,0.0027900217100977898,0
5318769457#5210078086,1,0.5976607799530029,1
4259241183#2074458538,0,0.34948664903640747,0
4542039020#4761512241,1,0.8000307679176331,1
2066509477#1718471304,0,0.002182888798415661,0
4542386587#1656969942,0,0.4329908490180969,0
4210986952#46983614517,0,0.0003188659902662039,0
2124411604#4232471781,0,0.0005334217566996813,0
3628533316#3446029040,0,0.0013122963719069958,0
2604119334#2027890207,0,0.0005439469823613763,0
54158093151#4479070818,0,0.000749786093365401,0
2455800880#2118416856,0,0.001703188638202846,0
2027929598#4450602322,1,0.6161797642707825,1
3501285885#1639699607,0,0.0011364823440089822,0
2075914534#3054434630,0,0.09949471801519394,0
4483987744#5154681248,0,0.0004833113634958863,0
4643943359#2296451977,0,0.3131513297557831,0
5173394727#146011948003,1,0.9179858565330505,1
4687116172#1347237190,0,0.0010823888005688787,0
3882201915#2122362220,0,0.3589331805706024,0
1752749942#4247271139,1,0.7200961709022522,1
1770010645#55721888445,0,0.0008135770331136882,0
4699280965#1694379811,0,0.0007347157225012779,0
4130010417#4448830722,0,0.5819340348243713,1
1313607746#4726704241,0,0.00042150416993536055,0
4620685919#4718263231,0,0.03477069362998009,0
3609077013#3474372520,1,0.8673079013824463,1
4272885125#1701333916,0,0.0005962827708572149,0
4316999113#4176217131,0,0.0004307190247345716,0
3831256267#4542039020,0,0.0005974723026156425,0
1914403252#4479070818,0,0.0015100589953362942,0
2113288221#3903296442,1,0.8505546450614929,1
4804861605#4130010417,0,0.0020131184719502926,0
2068602973#2078774568,0,0.8332074284553528,1
157726428514#167570408533,1,0.5060022473335266,1
422592070627#14613456118,0,0.0032802862115204334,0
2092938385#2057986140,1,0.9743238687515259,1
1701333847#1398443073,0,0.5765509605407715,1
18466210670#4750249486,0,0.001149099669419229,0
4589678847#4619195159,0,0.037653204053640366,0
2111041560#2056078364,0,0.6313453316688538,1
3050045988#1951195150,0,0.5713315010070801,1
3227376447#1813034413,0,0.7322616577148438,1
3347114660#1427286361,0,0.0005692358245141804,0
117154450703#3999176481,0,0.0005016966606490314,0
4898626808#3046471496,0,0.003733554156497121,0
3108657350#5183692300,0,0.00801066029816866,0
1653994308#4613276653,0,0.8130123615264893,1
50602314209#53263275323,1,0.8581161499023438,1
2111041560#1694379812,0,0.26578137278556824,0
4034038494#2338916683,0,0.00035195576492697,0
2296493468#4535949395,0,0.9839125275611877,1
373850283306#3054671141,0,0.026531632989645004,0
100995265790#1633806208,0,0.4216502606868744,0
4635981164#4825375981,0,0.31894001364707947,0
4289086328#3836576451,0,0.5183037519454956,1
1557919756#1319944364,0,0.931316077709198,1
2092610519#3269719212,0,0.29974961280822754,0
3594649033#3359180524,0,0.592147946357727,1
5090005101#212394033260,0,0.04338712617754936,0
125323389433#4223934140,0,0.5151239633560181,1
4656986610#2168053481,0,0.16111193597316742,0
4259429802#4260680249,0,0.7309764623641968,1
3929215225#2007847537,0,0.7972965836524963,1
14613588147#54158093151,0,0.09816580265760422,0
4479096850#107725296889,1,0.15973398089408875,0
4161797606#4132281843,0,0.09680555760860443,0
1903466347#3487828521,0,0.07966487109661102,0
2058316912#4851901157,0,0.7272450923919678,1
1810185303#3557197892,0,0.02942565083503723,0
3236601708#1438326380,0,0.00047552966861985624,0
2124411604#4536041187,0,0.0011003101244568825,0
1684789889#2977755545,0,0.0018479264108464122,0
1382214880#2111041560,0,0.8551419973373413,1
18468695966#2068602973,0,0.8309943675994873,1
4926426630#114453608394,0,0.04773259907960892,0
2003710867#3630377420,0,0.8105286955833435,1
219547393842#2114341514,0,0.003752711694687605,0
378133536273#2455842713,0,0.002321937121450901,0
3404019592#1847712017,0,0.6848853826522827,1
2114341514#8431809688,1,0.8417285680770874,1
1533602348#3594649033,0,0.8886005878448486,1
2254264382#23230310067,0,0.6093713045120239,1
4667944802#3648904906,0,0.007341231219470501,0
2119476678#3644272514,0,0.022911008447408676,0
4215038721#4451124306,0,0.7844464182853699,1
4705583754#4735432768,0,0.032525282353162766,0
2007329552#5018368651,0,0.0008712165872566402,0
156277207697#3401731422,0,0.0004761226591654122,0
2111350136#19705527158,0,0.0003236863703932613,0
4687116172#107725290582,0,0.0022277007810771465,0
2026258516#1565913509,0,0.001164511777460575,0
2115151765#2281691154,0,0.5941640734672546,1
2455800880#4972894677,0,0.6146177649497986,1
10530767652#10175162517,1,0.6959209442138672,1
2079572106#2075416140,0,0.17311173677444458,0
4417849752#18467669365,0,0.0006997174932621419,0
1701333916#1543155210,0,0.00044647298636846244,0
1712080073#2314360284,0,0.0012917829444631934,0
564144132292#4232471781,0,0.002290530363097787,0
378133536273#1416827061,0,0.001187299145385623,0
4549189933#3114734058,0,0.003020854666829109,0
4623949166#1751364886,0,0.24586306512355804,0
3550979323#1816427364,0,0.000377560529159382,0
2074019451#2058148983,0,0.005234643816947937,0
4489521100#21269204096,0,0.00034829232026822865,0
1477156406#309312101477,0,0.0003792332427110523,0
3629624977#2111818909,0,0.002766482764855027,0
2338916683#2339749085,0,0.050362881273031235,0
3055576029#2115880476,0,0.00047858915058895946,0
22859701254#2117948923,1,0.9191678762435913,1
1497880313#4215038721,0,0.0010469516273587942,0
3439202323#2003336437,0,0.0026276069693267345,0
1537709317#4057032761,0,0.002353074960410595,0
1727736762#1712570793,0,0.8346584439277649,1
4623947495#309312102749,0,0.9025291800498962,1
4867542841#3896058143,0,0.0005087620811536908,0
3882201915#4391919171,1,0.6168813109397888,1
4298588573#4641374150,0,0.42806822061538696,0
1326086493#2057685237,0,0.3614524006843567,0
3648904752#3669306485,0,0.46745988726615906,0
3848611844#4451288784,0,0.006525945849716663,0
3648904752#2113288221,0,0.009777050465345383,0
3359180524#4726704241,0,0.8121914267539978,1
1646206864#4176217131,0,0.18942923843860626,0
2275666316#3052165975,0,0.0013118020724505186,0
4451342506#4157381557,0,0.0005727968527935445,0
3831256267#4549189933,0,0.7596967816352844,1
2066509477#97115452949,0,0.009858980774879456,0
5096293410#2058316912,0,0.0003572036512196064,0
10530767652#1903466347,0,0.0605197511613369,0
4680203965#4643011415,0,0.0006555169820785522,0
309312101477#4623934568,0,0.7711423635482788,1
4451089335#2254264382,0,0.3591538667678833,0
2452901483#343200247912,0,0.0011440810048952699,0
4285709211#4316999082,0,0.8278566598892212,1
309312102749#1718471304,0,0.00892416201531887,0
14613461939#4658620132,0,0.0002978385891765356,0
5041670056#4913742546,0,0.1901763379573822,0
1382214880#2133358535,0,0.7668412327766418,1
3214249597#60367707728,0,0.0009655149187892675,0
4215038721#2056478070,0,0.002168986713513732,0
150594502346#2059052537,0,0.00045280528138391674,0
3633572726#2092610533,0,0.5091368556022644,1
1427286361#1477293192,1,0.6037213802337646,1
18465721026#4495044650,0,0.0007609319873154163,0
1656969942#1654102057,1,0.8083911538124084,1
3075628047#2027838359,0,0.000748985621612519,0
4232666143#4657354285,0,0.0896184891462326,0
79993360240#364679238122,0,0.0003705444687511772,0
4579172309#3557197892,0,0.19421802461147308,0
2054657150#4636381625,0,0.2746140658855438,0
49857216438#4346970606,0,0.03891674429178238,0
4535949395#4479096588,0,0.000511418969836086,0
343200247912#4623934568,0,0.0034660790115594864,0
4620685919#2056662276,0,0.0009435131214559078,0
4663785560#4667944802,0,0.5748941898345947,1
4065721591#3485676898,0,0.0005649955710396171,0
2180579787#2183963548,0,0.8388345241546631,1
87820911338#3791139342,0,0.00828983448445797,0
4658620132#2298730254,0,0.05215005949139595,0
3349756713#167570408533,0,0.0007655555964447558,0
4384403228#1721524699,0,0.0007407572120428085,0
4195993580#1646275700,0,0.230093851685524,0
4450888165#1780678934,0,0.2214154303073883,0
3860948251#2058132898,0,0.0356462262570858,0
4274235353#86283717806,0,0.005914292298257351,0
422592070627#4631852445,0,0.0010725315660238266,0
4538419241#1395111624,0,0.003390770871192217,0
3550979323#564144132292,0,0.4974040687084198,0
4215058789#4057032761,1,0.90724778175354,1
5096293410#1848008894,0,0.0004499605274759233,0
2061673563#3934602500,0,0.4118284583091736,0
5210078086#1565925308,0,0.00031564568052999675,0
2551494872#5003601219,0,0.36530783772468567,0
5185236541#4196030610,0,0.18951641023159027,0
10530767652#3487828521,0,0.17579802870750427,0
2159739481#1694379811,0,0.2763465344905853,0
53263229623#53263275323,0,0.06503022462129593,0
1537709317#1537709311,0,0.06984993070363998,0
3903241588#4943818903,0,0.01745406910777092,0
5037293131#2135316663,0,0.0016940507339313626,0
3259289288#7026230674,0,0.788073718547821,1
2062766088#4643898157,0,0.008315082639455795,0
1374772550#1398443073,1,0.7692745327949524,1
146011937628#1656969942,0,0.7862328290939331,1
47752312088#4140165052,0,0.0015854556113481522,0
1994805938#2199135578,0,0.703019917011261,1
4206224036#4659194738,0,0.0006505749770440161,0
1430988070#2359435242,0,0.5091460347175598,1
4155510577#4040016243,0,0.41562607884407043,0
1316058339#1319944364,0,0.8848475813865662,1
3628533316#3954668240,0,0.0010201066033914685,0
3926867260#3361906432,1,0.4988965392112732,0
4226659635#4232471781,0,0.0945727527141571,0
3831256267#292830032329,0,0.0021037582773715258,0
1721524699#2114049002,0,0.0034820770379155874,0
1386747994#1395111624,1,0.8717473745346069,1
1528865186#2057145715,0,0.3546203672885895,0
3550979323#4157551094,0,0.00035673778620548546,0
3501281334#4150903563,0,0.37805691361427307,0
2062770841#422592070627,0,0.0008136546239256859,0
4223043910#1867286717,0,0.23605124652385712,0
4057032761#2163049577,0,0.012965260073542595,0
3361906432#3411721643,0,0.5927839875221252,1
3431879179#4572374020,0,0.0004813653649762273,0
3612961288#3999176481,0,0.1034332737326622,0
38406123057#4642512906,0,0.33657920360565186,0
2057145715#2063588766,0,0.001160033862106502,0
45531943201#5027483278,0,0.5731793642044067,1
124021630369#2727127831,0,0.000326763023622334,0
3363370353#3419405027,0,0.5320731997489929,1
2058278464#1635692869,0,0.00047381818876601756,0
14613469834#314601953357,0,0.0012352801859378815,0
3347114660#4272137501,0,0.8604541420936584,1
3403917033#4316999113,0,0.001491679809987545,0
4581502608#1537709308,0,0.0011968371691182256,0
4828387554#3849817492,0,0.041671741753816605,0
1741741476#4680204120,0,0.25028273463249207,0
4804861605#3470148182,0,0.003964483737945557,0
1415647813#7161172305,0,0.2287721484899521,0
1565913509#1456843034,0,0.0002957122924271971,0
2148153592#2113760999,0,0.633752167224884,1
1528865186#4489521100,0,0.000366551976185292,0
5007075941#5027483278,0,0.722456693649292,1
4840773591#4841409785,0,0.0006055993726477027,0
187508564338#2064229512,0,0.0009382027783431113,0
212771874474#4755359264,0,0.32218825817108154,0
4628467232#4065721591,0,0.0028651622124016285,0
580549064505#3881831374,0,0.0011262992629781365,0
3920807098#1709057480,0,0.002490005688741803,0
1312695289#3044853716,0,0.07465341687202454,0
4534359957#187508564338,0,0.011358736082911491,0
4900378668#2199135578,0,0.011303187347948551,0
18467925256#18465851371,0,0.09439896047115326,0
49857216438#3609077013,0,0.0005444490816444159,0
2066624968#4570764341,0,0.6610742807388306,1
3954668240#3054671141,0,0.01923283003270626,0
5087832312#5090005101,0,0.11055079102516174,0
1751364880#1502384801,1,0.9791486263275146,1
4742698844#1843271409,0,0.00239553302526474,0
1840606003#1319944364,0,0.851556658744812,1
50602309472#60367707728,1,0.5299947261810303,1
1453532038#1646275700,0,0.3642522096633911,0
1696095096#1627738213,0,0.0006221564253792167,0
2059052537#14613588147,0,0.0004785280325450003,0
2359435242#2116342008,0,0.8983059525489807,1
5167083430#18465721026,0,0.6597184538841248,1
2070791273#1419344414,1,0.6599172353744507,1
5007075941#1778563595,0,0.004008324351161718,0
4129122420#1398682725,1,0.9635471701622009,1
4657354285#18467669365,0,0.0006142819183878601,0
4993036319#113196401893,1,0.5088397860527039,1
3108657350#2111818909,0,0.6780964732170105,1
3032709817#2075240892,0,0.0005334324669092894,0
109165560395#2059052537,0,0.0005296594463288784,0
4643943359#2062766088,0,0.005984231363981962,0
4439737347#4439737367,0,0.04314238205552101,0
4401870234#1416301524,0,0.0007773052784614265,0
3032709817#4715847880,0,0.0010726077016443014,0
1634282673#1712570793,0,0.7781893014907837,1
3408556286#4900256072,0,0.0002752166474238038,0
4584646241#1497939109,0,0.014543982222676277,0
4437827660#4439737367,0,0.044437624514102936,0
1316058339#2058316912,0,0.0008104753796942532,0
146011937628#3061887519,0,0.7826197743415833,1
79993360240#3055576029,0,0.6398965716362,1
1951195150#4755359264,0,0.0038924389518797398,0
237523614768#435372126625,0,0.03880145773291588,0
1696438060#1415647813,1,0.906613290309906,1
2059400154#2113760999,0,0.7014859318733215,1
4439737367#4536450435,0,0.38200506567955017,0
3551872495#4792436579,0,0.0006657286430709064,0
3050045988#2074458538,0,0.09366796165704727,0
2115151765#1728174555,0,0.0017688905354589224,0
111110399548#150594502346,0,0.7658126950263977,1
38202857246#2148153592,0,0.0004433023277670145,0
2977755545#4195960848,0,0.0005895394133403897,0
4444196403#5215138753,0,0.0008968641050159931,0
7161172172#7161173338,0,0.505437433719635,1
18468687381#18468695966,0,0.28966251015663147,0
3628839716#3474685537,0,0.6968636512756348,1
3628533316#2092174215,0,0.0008549148333258927,0
4841409785#4417818851,0,0.14287157356739044,0
4470296934#1816929342,0,0.0003103044582530856,0
1438483240#2062845102,1,0.7604963779449463,1
3880409698#3651289412,0,0.0029649115167558193,0
107725292534#2112576214,1,0.9197186827659607,1
86626661064#2314360284,0,0.00040511766565032303,0
4593095274#4401870234,0,0.02723173052072525,0
2075914534#4944579314,0,0.0003829448251053691,0
18466202308#4348295931,0,0.0007837438024580479,0
1574873794#1696095096,1,0.8065268397331238,1
4439426144#97115452949,0,0.00688693393021822,0
4662042966#4335156801,0,0.036353420466184616,0
2092610536#4643943359,0,0.0013585803098976612,0
4451342506#4479096588,0,0.2585407793521881,0
4470296934#3477269989,0,0.0005944267031736672,0
4748650954#4572636295,0,0.5036791563034058,1
2054657143#4653616782,0,0.007221729960292578,0
2268287413#146778888902,0,0.07501979172229767,0
4316999113#4348295931,1,0.6957623362541199,1
5197586202#4439737347,0,0.0004035616002511233,0
4285491833#2066624973,0,0.003881562501192093,0
3926916973#4535930871,0,0.13440343737602234,0
2977755545#4196030610,0,0.8283246159553528,1
3451234547#3551393318,1,0.611216127872467,1
4898730640#2063588766,0,0.0005747094983235002,0
1472057117#336556403061,0,0.41701003909111023,0
2115528606#3988152389,0,0.037019357085227966,0
2062867476#2060355842,0,0.007938485592603683,0
3603201749#2296451977,0,0.0035364103969186544,0
3043492443#4636381625,0,0.003491318551823497,0
156277208014#1775497794,0,0.0004558442160487175,0
1497939109#2159739481,0,0.6863600015640259,1
2054733437#4439737367,0,0.00045734274317510426,0
38202857246#1951195150,0,0.0009231783915311098,0
4206269897#3299599421,0,0.17836596071720123,0
4843831604#4993036319,0,0.7190219163894653,1
107725296889#107725292534,0,0.029111290350556374,0
2061673563#2066535766,0,0.00034191334270872176,0
2070791273#2175801910,0,0.5965602993965149,1
4210986952#4247271139,0,0.11394850164651871,0
2061309144#1543155210,0,0.20920883119106293,0
4179651570#4272137501,0,0.5523679852485657,1
1848008894#1951195150,1,0.6017630100250244,1
4943818903#4385421396,0,0.011196994222700596,0
2314360284#1548108669,0,0.001586749916896224,0
1438483240#1570945860,0,0.942692756652832,1
1520168707#2168053392,0,0.2025919407606125,0
2120472151#156277514294,0,0.0011898006778210402,0
2060185514#2057145715,0,0.29298001527786255,0
2071751695#4722721497,0,0.0018719863146543503,0
4209814745#157726428514,0,0.004599433392286301,0
2056128836#2111818909,0,0.0007489655981771648,0
2176735919#2016866277,1,0.9482685923576355,1
3791139342#3967431643,0,0.0013521481305360794,0
2057811649#2068623358,0,0.36669376492500305,0
3633360460#435372126625,0,0.0008597931591793895,0
3913410158#3245545040,1,0.7423416376113892,1
5031406959#4952978442,0,0.7775377035140991,1
86283717806#1456843034,0,0.0007742107845842838,0
156274514359#4535949395,0,0.9289959669113159,1
2336490445#3075628047,0,0.23932518064975739,0
4804861605#1848008894,0,0.004516650456935167,0
4584646241#3949154929,0,0.7662126421928406,1
2062782802#2062766801,0,0.48801982402801514,0
4952978442#1313607746,0,0.003704365575686097,0
14613588147#3880409698,0,0.00034234795020893216,0
117154450703#111110399548,0,0.3567555844783783,0
4667944802#3772512066,0,0.5089773535728455,1
3648904906#3648904752,0,0.3857688307762146,0
5173394727#4161797606,0,0.0005655906861647964,0
1816929342#1694379811,0,0.004513427149504423,0
38202856033#38448881724,0,0.7748110294342041,1
3550931655#2066246683,0,0.6376335620880127,1
1914706723#1905948078,0,0.6433319449424744,1
138963214044#4730645460,0,0.002017971593886614,0
4219781521#2181531828,0,0.0008729707915335894,0
4973150488#2455800880,0,0.7423745393753052,1
2058222393#3408556286,0,0.0005871536559425294,0
2180579787#2026258516,0,0.8598983883857727,1
343200247912#1477156406,0,0.00041512263123877347,0
2064727359#4272885125,0,0.28140929341316223,0
4662042966#4024663252,0,0.05358056351542473,0
3404019592#3299599421,0,0.001114875660277903,0
4535949395#2058132898,0,0.0021070120856165886,0
3637042235#4327866563,0,0.0030735766049474478,0
5167083430#2977755545,0,0.0038671621587127447,0
14613465315#4972894677,0,0.6928188800811768,1
5174571094#2254264382,0,0.8370185494422913,1
4933360994#3046471496,0,0.0007876213639974594,0
2111351705#2111349786,0,0.16890917718410492,0
3629624977#2063839578,0,0.34043174982070923,0
4256622048#4256926363,0,0.2802436947822571,0
4210985419#2135316663,0,0.000756006280425936,0
3290843987#4479424072,0,0.6815597414970398,1
4898626808#2058132898,0,0.12035949528217316,0
336556403061#4161797606,0,0.22445319592952728,0
1920503864#4259429802,0,0.3622446656227112,0
2055448044#5018023921,0,0.0004658256657421589,0
2114049002#309670736915,0,0.0009932138491421938,0
4499147142#4929499262,0,0.5547312498092651,1
3772512066#3626237468,1,0.6694654226303101,1
173652977366#197910587768,0,0.6457076072692871,1
2159739481#1438326380,0,0.6988440155982971,1
146777938215#2067179166,0,0.5983667969703674,1
2057811649#4680203965,0,0.7499567270278931,1
4700047151#3055576029,0,0.5449830889701843,1
1453527936#2359435242,0,0.6121821999549866,1
2066509477#4628482537,0,0.8155958652496338,1
5067776785#2111818909,0,0.6060478687286377,1
4536450435#41375214069,0,0.001603059470653534,0
1848008894#18469192585,0,0.0008909441530704498,0
14613464473#54158093151,0,0.08750402927398682,0
2057685237#4444196403,0,0.00895782932639122,0
4673557611#4718263231,0,0.24392564594745636,0
14613464473#2062045929,0,0.0003516080032568425,0
4659194738#4973150488,0,0.0008329072152264416,0
3612961288#4130010417,1,0.49260419607162476,0
4755359264#5018368651,0,0.0024713450111448765,0
3988152389#4451089335,0,0.902840793132782,1
4479424072#4196598949,0,0.903318464756012,1
1817644740#3926867260,0,0.6965067982673645,1
3603201749#4636446230,0,0.8805901408195496,1
3628533316#5128222238,0,0.0004848953103646636,0
4285709207#4348295931,0,0.7611386775970459,1
4746512285#87820905399,0,0.0005866907304152846,0
4176217131#4353960088,0,0.0031781906727701426,0
1741741476#2068623358,0,0.7120293974876404,1
4195993580#1816430010,0,0.10771612823009491,0
4451289887#4470296934,0,0.0007523434469476342,0
5121642074#156893097471,0,0.5974138379096985,1
4147080749#4538419241,0,0.0005446883733384311,0
2112576214#4261185678,0,0.05957898125052452,0
3419405027#3404019551,0,0.4880126714706421,0
3108657350#2148153592,0,0.0038680185098201036,0
1419344414#2027838359,0,0.5770797729492188,1
4657354311#156277207697,0,0.0027567767538130283,0
14613465315#1592254485,0,0.0009188438416458666,0
2163049577#4065797638,0,0.002363301580771804,0
2338131041#5128222238,0,0.0006074605043977499,0
4214739605#4941134416,0,0.6372074484825134,1
1548108669#5163452200,0,0.00044308308861218393,0
4808134153#2007847537,0,0.007068120874464512,0
4150903563#4065795443,0,0.9437982439994812,1
4195960848#4145496082,0,0.4273551106452942,0
2168053481#4589595738,0,0.07162947952747345,0
4223934140#4589820532,0,0.7218269109725952,1
3651289412#1765891797,0,0.5768217444419861,1
2114341514#18467925256,0,0.3318750858306885,0
4129122420#3400442486,0,0.8739591836929321,1
3438816692#1415647813,0,0.8728870749473572,1
2062845102#5197586202,0,0.0005251146503724158,0
4289077889#18468695966,0,0.0026125183794647455,0
564144132292#138963214044,0,0.016170507296919823,0
2359474749#1594535010,1,0.7238714098930359,1
1878732185#1914706723,0,0.798069417476654,1
2075416140#4635981164,0,0.9388901591300964,1
7026230674#156277514294,0,0.001895833294838667,0
3501285885#395685899087,0,0.6908351182937622,1
2199135578#113196401893,0,0.0036323745734989643,0
2057342439#1810185303,0,0.0011049907188862562,0
2026258520#2181531828,1,0.8541175723075867,1
4589678847#2168053481,0,0.0615093819797039,0
5041670056#2063588766,0,0.8968591690063477,1
1696208496#2027838359,0,0.8037434220314026,1
4456625974#4750249486,0,0.795584499835968,1
3282474651#5090005101,0,0.11027509719133377,0
2062766088#2062782802,0,0.5013798475265503,1
4451288784#3446029041,0,0.7650948166847229,1
3896015808#5174571094,0,0.014092138968408108,0
1778563595#197910587768,0,0.008743648417294025,0
2054733437#2070908197,0,0.00036262377398088574,0
2135316663#1312695289,0,0.8254310488700867,1
3517506225#4658620132,0,0.0006373002543114126,0
4658620132#3054671141,0,0.268667608499527,0
2074458538#2026258520,0,0.001506345928646624,0
38202856033#2168053481,0,0.0006101987673901021,0
4456625974#2061448087,0,0.0036034113727509975,0
174006932062#5173394727,0,0.0005623852484859526,0
3882201915#4391918874,0,0.27626168727874756,0
4514269980#4523728345,0,0.6168777346611023,1
4549189933#1816929342,0,0.7757083773612976,1
4643943359#435372126625,0,0.038767047226428986,0
174006932062#4004772536,0,0.0016713532386347651,0
3754155310#2027929598,0,0.08578905463218689,0
2061022206#2057685237,0,0.0005385212134569883,0
2069139175#1816428069,0,0.719315230846405,1
2159452221#32236834289,0,0.00042179416050203145,0
3052180518#2061673563,0,0.5488260388374329,1
4570764341#3044853716,0,0.5129509568214417,1
2062075977#2065201243,0,0.9223028421401978,1
4145496082#173652977366,0,0.001294372952543199,0
4712246454#3551393130,0,0.000575460959225893,0
2059124992#1395111624,0,0.0004942966625094414,0
4157381557#4247271139,0,0.07962666451931,0
5174571094#376973981474,0,0.00934487022459507,0
3727491058#4289086328,0,0.0005076164961792529,0
4065721591#1696095096,0,0.37520599365234375,0
4435686270#1696095096,0,0.7546035051345825,1
2199135578#2120155505,0,0.6291287541389465,1
2111872187#3227376447,0,0.003041592426598072,0
14613469834#3501285885,0,0.002946025226265192,0
3603201749#3926867260,0,0.0018966475035995245,0
4145496082#2329543699,0,0.001818211516365409,0
4285491833#1920503864,0,0.6566429138183594,1
1633806208#2055377631,0,0.4606802761554718,0
3043492443#5163452200,0,0.001307032536715269,0
2270062912#3551872495,1,0.9036134481430054,1
2114049002#4623949166,0,0.5189908742904663,1
4991881534#1712570939,0,0.0010535873007029295,0
4040016243#3050045988,0,0.7180070877075195,1
2007934907#4797396841,0,0.0006244459073059261,0
2003336437#4259241183,0,0.00041717514977790415,0
4165585148#4210986952,0,0.0005843688850291073,0
4015322905#4015422065,1,0.7588496804237366,1
3806980943#4943818903,1,0.5848798155784607,1
3214249597#2159452221,0,0.6930181384086609,1
2359435242#106964376935,0,0.000829253694973886,0
1307874587#2059052537,0,0.01552928052842617,0
1711852573#2111351705,0,0.0181838721036911,0
4570764341#8431814058,0,0.0008954851073212922,0
2165015487#1953270965,0,0.04886839538812637,0
4589678847#3628839722,0,0.0005167390336282551,0
10175162517#4656986610,0,0.00032261363230645657,0
4405676807#146011948003,0,0.000527497788425535,0
4317041484#2119476678,0,0.002473266562446952,0
2176735919#1382214880,0,0.8909361958503723,1
2115528606#1592254485,0,0.0007800537860020995,0
2455800880#2455842713,0,0.22393445670604706,0
4450602322#4579172309,0,0.8242198824882507,1
1639219119#1565925308,0,0.0005032005137763917,0
4157381557#4910561821,0,0.27434244751930237,0
4384403228#3709672083,0,0.520143985748291,1
4223004786#3633572726,0,0.0003455811820458621,0
2055886100#4570764341,0,0.5302647948265076,1
2455800880#4897048724,0,0.0036126491613686085,0
1394397775#1565925308,0,0.5990205407142639,1
2079581946#2296451977,0,0.024545472115278244,0
3669306485#4157496031,0,0.0008201926830224693,0
1639901072#4722721497,0,0.0006551344995386899,0
2159452221#3214249595,0,0.6977240443229675,1
4780994423#5060996735,0,0.0015024556778371334,0
4437827660#4155408706,0,0.5189945697784424,1
4495500756#4385184631,1,0.7887702584266663,1
4232471781#4232666143,0,0.05627330765128136,0
3474685537#1646206864,0,0.0017307533416897058,0
2026258521#4542321633,0,0.048402879387140274,0
2115528606#6015919609,0,0.0005157015402801335,0
4417818851#5173394727,0,0.000402623787522316,0
2551494872#3061887519,1,0.7786332368850708,1
3026064813#3630377420,0,0.06087765842676163,0
3490539439#4065795443,0,0.002243322553113103,0
2062770841#1374772550,0,0.8166964054107666,1
3461052410#1778563597,0,0.8666418790817261,1
4656986610#4589595738,0,0.032760195434093475,0
4214739605#4405676807,0,0.04593731835484505,0
3635733776#4716933437,0,0.0005111863138154149,0
4071233134#4451288784,1,0.9317121505737305,1
4327866563#2058563113,0,0.002780673559755087,0
4952978442#1646144729,0,0.014886743389070034,0
4643011415#3359180524,1,0.8701465725898743,1
580549064505#4657354294,0,0.0008928622119128704,0
2055377631#5037293131,0,0.6345550417900085,1
4285491833#1318260275,0,0.00035175183438695967,0
79993360240#1570945860,0,0.0004457715549506247,0
22859701254#50602314209,0,0.0003836304822470993,0
38202856033#4943818903,0,0.4180867075920105,0
4572636295#4633378534,0,0.1753605455160141,0
3913410158#4206267336,0,0.7123037576675415,1
2058278464#3529095384,0,0.03222818672657013,0
3050152494#2054817755,0,0.09883617609739304,0
107725292534#107725290582,0,0.11113869398832321,0
2066509477#2452901483,0,0.9857586622238159,1
4150903563#3487828521,0,0.8975306749343872,1
2057051387#3551872495,0,0.2513277232646942,0
4200562083#4536450435,0,0.7899377942085266,1
202363939789#10530767652,0,0.08157482743263245,0
1701333847#1374772550,0,0.7529423832893372,1
4735432768#4206242446,1,0.8161332011222839,1
5014897285#3474685536,0,0.014567011035978794,0
38448881724#5095503840,0,0.2246936857700348,0
2079581946#2070908197,0,0.6790758371353149,1
4716933437#1811606488,0,0.7086569666862488,1
1312695289#2066624968,0,0.16011196374893188,0
212771874474#187508564338,0,0.9341892004013062,1
2026069710#4589830735,0,0.002683594124391675,0
4451289887#3446029041,0,0.7365646362304688,1
2074019451#4385069368,0,0.0011999952839687467,0
4495500756#3550979323,0,0.0026431193109601736,0
3400442486#2059052537,0,0.0008338748593814671,0
4206224036#4206267336,0,0.13750983774662018,0
1477156406#4157280271,0,0.6994391083717346,1
4204386191#1416301524,0,0.9118349552154541,1
2057685237#4147080749,0,0.036586545407772064,0
2056662276#100995265790,0,0.6500529050827026,1
3555205657#4150903563,0,0.40791741013526917,0
4323500485#4748650954,0,0.7572036981582642,1
3594649033#4700047151,0,0.49929752945899963,0
3044025040#4210985419,0,0.0005299000767990947,0
4644140313#4065721591,0,0.8772010803222656,1
3896058143#1816929342,0,0.0008339972118847072,0
1818739935#2065201243,0,0.006180225405842066,0
4223934140#201663692217,0,0.6578338742256165,1
4442900590#4451289887,0,0.19651415944099426,0
4205538788#4218561827,0,0.000519721070304513,0
113196401893#2058316912,0,0.9263781309127808,1
237523614768#1574873794,0,0.0016489482950419188,0
4551054156#4535949395,0,0.8307077884674072,1
4206224036#4746144353,0,0.0010341001907363534,0
3236601708#3269719212,1,0.7428662180900574,1
2314360284#4259429802,0,0.001330247730948031,0
4495044650#1497939109,0,0.0010173736372962594,0
3477269989#2275666316,0,0.0009225484100170434,0
1537709308#4209814745,1,0.38411757349967957,0
1574873794#4730645460,0,0.00191383040510118,0
4077473357#3446029040,0,0.703546941280365,1
4065795443#3501281334,0,0.39421772956848145,0
2268287413#2359474749,0,0.19959108531475067,0
1696208496#2070791273,0,0.6557416915893555,1
4604457043#4511530729,1,0.7955033183097839,1
125323389433#50602309472,0,0.0004538835200946778,0
3363370353#3404019551,0,0.0937366783618927,0
3669306485#3289002505,0,0.0012949019437655807,0
5214033793#5031406959,0,0.8795706033706665,1
2120851333#156893097471,0,0.00045428259181790054,0
314601953357#2055377631,0,0.0029321343172341585,0
2061448091#4209814745,0,0.576832115650177,1
1701470611#1472057117,0,0.03459576889872551,0
41713266437#5007075941,0,0.7459129691123962,1
4155510577#1951195150,0,0.6321115493774414,1
4551054156#4391919171,0,0.000795036437921226,0
2069139175#4384414279,0,0.00043774128425866365,0
1537709308#87720200914,0,0.0820341557264328,0
1472057117#1728174555,0,0.36054936051368713,0
2078835030#4417849752,0,0.0003905195335391909,0
4291077418#2062045929,0,0.0011655259877443314,0
1920503864#4457149562,0,0.00042648971430025995,0
106964376935#10530767652,0,0.000634646974503994,0
3628839717#3451234547,0,0.7222399711608887,1
1741741476#1438483240,0,0.7371690273284912,1
21269204096#3046471496,0,0.11227945238351822,0
2268304430#3648904752,0,0.0015006348257884383,0
3712801411#4900378668,0,0.0013758254935964942,0
395685899087#4196521320,0,0.7135147452354431,1
1307874587#1818739935,1,0.5654886364936829,1
4499147142#5182742886,0,0.13086935877799988,0
2120472151#3903241588,0,0.0013835402205586433,0
1520168707#2056662276,0,0.0026136182714253664,0
138962728028#4636381625,1,0.662421703338623,1
4285709207#1816430010,0,0.04766188934445381,0
291173146171#38448881724,0,0.0022130978759378195,0
2057051387#3419405027,1,0.8799343705177307,1
4040016243#3836576451,0,0.0011615919647738338,0
2064727359#86283717806,0,0.30065593123435974,0
3055576029#4726704241,1,0.4128304123878479,0
4820163687#4323500485,0,0.793560266494751,1
1751364880#4514269980,0,0.10475867986679077,0
2069985286#373850283306,0,0.005131943617016077,0
4635981164#4623570105,0,0.9238942861557007,1
4330455313#4165585148,0,0.5311933159828186,1
2168053481#1520168707,0,0.4850586950778961,0
8431809688#3043492443,0,0.000826599367428571,0
2057051388#156893097471,0,0.00046543750795535743,0
14613460476#3403897392,0,0.0004764777550008148,0
1816430010#1321409006,0,0.1946645975112915,0
5169557343#3269719212,0,0.0024117783177644014,0
4454965094#4663785560,0,0.00031933479476720095,0
2159452221#4570764341,0,0.6493012309074402,1
292830032329#3628533316,0,0.0007713950471952558,0
4435686270#580549064505,0,0.9492286443710327,1
2111349786#2111350136,0,0.09023352712392807,0
4570764341#4705583754,0,0.0010966621339321136,0
5027483278#5018023921,0,0.6393243670463562,1
3290843987#97115452949,0,0.0006526500801555812,0
1718471304#6871473475,0,0.7704117894172668,1
3550979323#4893633475,0,0.0006782473647035658,0
2339749085#2338131041,0,0.09690704196691513,0
2727127831#3860948251,0,0.09934891015291214,0
3551393130#4330455313,0,0.0007998430519364774,0
5169557343#2117967935,0,0.0007382871117442846,0
1778563597#3485676898,0,0.7427003979682922,1
156893097471#1701470611,0,0.002587231108918786,0
4414530598#2175801910,0,0.3693792223930359,0
4572380856#2064727359,0,0.0026518777012825012,0
4384414279#4353960088,0,0.923283040523529,1
2066624973#1312695289,0,0.03200066089630127,0
5182742886#4746144353,0,0.0004960063961334527,0
10175162517#4712246454,0,0.00027855977532453835,0
4452060617#4456625974,0,0.7211751341819763,1
110232280082#1816430010,0,0.03233973681926727,0
2071751695#18468695966,0,0.866948664188385,1
4662042966#4668248026,0,0.7314357161521912,1
53263229623#4514269980,0,0.0011203992180526257,0
5173394727#3061887519,0,0.8611875176429749,1
138962685339#3487828521,0,0.0009748403681442142,0
4761512241#2119398744,0,0.0014682163018733263,0
5018368651#7161172305,0,0.4692341685295105,0
4034038494#2007329552,0,0.04058315232396126,0
2120155505#4272137501,0,0.8450814485549927,1
2003336437#1311812490,0,0.8498973846435547,1
2115151765#2199135578,0,0.7835779786109924,1
18467669365#2068436073,0,0.1487158238887787,0
4157381557#4210986952,0,0.05221247300505638,0
4542321633#4530026053,1,0.806452214717865,1
4623949169#4623949166,0,0.01988859474658966,0
4218561827#3920807098,0,0.5979252457618713,1
4435528162#4619195159,0,0.0006098101148381829,0
4274235353#4643938191,0,0.0004965487169101834,0
4272887201#3669306485,1,0.8545980453491211,1
2114716134#2113288221,0,0.08066879957914352,0
5169557343#1627738213,0,0.000537443847861141,0
4439737347#3042764047,0,0.8586574792861938,1
4397595587#4223043910,0,0.748619019985199,1
1694379812#1694379811,0,0.7996115684509277,1
4893633475#2113288221,0,0.00598762184381485,0
4514269980#4202041822,0,0.370879203081131,0
18468188878#2071751695,0,0.9100937247276306,1
4792436579#2977755545,0,0.0010807017097249627,0
5163452200#3637042235,0,0.0008732017013244331,0
1688824936#2003336437,0,0.3616618812084198,0
156276677247#4662042966,0,0.0003677839122246951,0
4898626808#2026258516,0,0.0012730300659313798,0
4209814745#2060257095,0,0.000916460354346782,0
19705527158#3628839716,0,0.00047433111467398703,0
3949154897#4584646241,0,0.6102662682533264,1
4929499262#4828387554,0,0.39306023716926575,0
2298730254#4450888165,0,0.0016717996913939714,0
3644272514#4442900590,0,0.9349665641784668,1
4898730640#3903241588,0,0.0010502082295715809,0
4157496031#1520168707,1,0.3105691075325012,0
2336490445#18465721026,0,0.0004653077630791813,0
1520168707#97014870931,0,0.001160737476311624,0
4943160331#5208946130,0,0.687039315700531,1
1712080073#4024663252,0,0.006678176578134298,0
3913410158#4705583754,0,0.687768816947937,1
1848008894#4272137501,0,0.0010935012251138687,0
4628867825#2168053481,0,0.12554116547107697,0
3446029032#1694379812,0,0.6724544167518616,1
2122362220#4316999113,0,0.5586068034172058,1
3889395495#4202041822,0,0.0008386971312575042,0
4662042966#4718263231,0,0.7479270696640015,1
2026258519#2026258524,0,0.7326726913452148,1
3408556286#3043492443,1,0.9142504334449768,1
4450888165#1962074579,0,0.6229158043861389,1
3648904906#111110399548,0,0.0018502655439078808,0
4913742546#2055448044,0,0.7999809384346008,1
3880409698#2079572106,0,0.009131032973527908,0
1537709317#4165585148,0,0.00033181312028318644,0
2092938385#1778563597,0,0.001891645952127874,0
4289077889#1743052872,0,0.0016140323132276535,0
4448830722#4792436579,0,0.6513609886169434,1
1646144729#1313607746,1,0.7508990168571472,1
2062845102#5087832312,0,0.02705228514969349,0
1688824936#2175801910,0,0.0006950038950890303,0
3709672083#2057986140,0,0.011901247315108776,0
3691000538#1684789889,0,0.3819212317466736,0
4897048724#1811606488,0,0.01270375307649374,0
4643718292#2296451977,0,0.24883069097995758,0
4442900590#4451288784,0,0.334863543510437,0
2117948923#4536450435,0,0.03673587366938591,0
2060253226#1565913509,0,0.08632135391235352,0
2064229512#2119476678,0,0.0005741904024034739,0
4657354285#580549064505,0,0.0009173760190606117,0
18465851371#10530767652,0,0.6635212302207947,1
2069139175#1816430010,0,0.08832207322120667,0
124021630369#4027742647,0,0.0004404638893902302,0
4454965094#2066624968,0,0.010595709085464478,0
4551054156#156277208014,1,0.3114921748638153,0
2060253226#5123189265,0,0.0004146015562582761,0
4811798618#117277915830,0,0.5627642869949341,1
5210078086#2154491220,0,0.022574882954359055,0
3043492443#2117948923,0,0.0004704812017735094,0
3282474651#3259289288,1,0.7259851098060608,1
3299598934#189546061243,0,0.0004859544278588146,0
3439202323#3949154897,0,0.0005690036341547966,0
2060257095#5169257472,0,0.0018458825070410967,0
5154681248#138963214044,0,0.005400851834565401,0
3949154929#3949154897,0,0.2158425897359848,0
4232666143#2059400154,0,0.13925188779830933,0
4176217131#4204386191,0,0.028929132968187332,0
4536041187#3949154929,0,0.8752744793891907,1
138963214044#3245545040,0,0.000720268755685538,0
1477293192#4479070818,0,0.0005859667435288429,0
2111351705#1637980981,0,0.027528593316674232,0
1921223120#14613460476,0,0.006826321128755808,0
1743052872#2133358535,0,0.8413233757019043,1
276611684552#5090005101,0,0.0007312569650821388,0
4841409785#1867286717,0,0.1540786623954773,0
3485676898#5059261580,0,0.0008021241519600153,0
4298588573#4718263231,0,0.8164017796516418,1
2062075980#2114341514,0,0.928652286529541,1
3287805133#4291077418,0,0.7213311791419983,1
178258449477#4898730640,0,0.3707748055458069,0
3630377420#3651289412,1,0.9083744287490845,1
2452901483#2054657150,0,0.8929874300956726,1
292830032329#2118416856,0,0.0031017737928777933,0
4943160331#86626661064,0,0.14653177559375763,0
4456625974#1395111624,0,0.020415475592017174,0
2064955879#207035576772,0,0.20674028992652893,0
8431814058#2062075977,1,0.7689499258995056,1
3501285885#4613276653,0,0.6503022909164429,1
4161797606#1594535012,0,0.0004485511453822255,0
4993036319#3108657350,0,0.17811395227909088,0
4643718292#2067179166,0,0.10218467563390732,0
4442900590#3446029041,0,0.7455790638923645,1
1639699607#1416827061,0,0.7485085129737854,1
2168053392#4642854804,0,0.18118101358413696,0
4620261674#2062867476,0,0.039940714836120605,0
3474372520#2062867476,0,0.1416875272989273,0
3860948251#2175801910,0,0.0005593602545559406,0
3108657350#4998365450,0,0.6665699481964111,1
1438483240#4628482537,0,0.0014825345715507865,0
2168053481#4261185678,0,0.000702183460816741,0
4454991968#3431879179,0,0.29931017756462097,0
1416827061#1782357780,0,0.0004933603922836483,0
1752749942#2063588766,0,0.8667919635772705,1
2062045929#4538419241,0,0.008526925928890705,0
1548108669#4659194738,1,0.7076236605644226,1
4929499262#3709672083,0,0.00033848779276013374,0
4147080749#1694379812,0,0.0007032790454104543,0
4209814745#1537709317,0,0.5412535667419434,1
2070791273#2027838359,0,0.8138890266418457,1
3637042235#4040016243,0,0.5234320759773254,1
2150036453#2026258520,0,0.00040156717295758426,0
10530767652#4145496082,0,0.06583383679389954,0
4027742647#3557197892,0,0.5979499816894531,1
4943818903#4735503306,0,0.4418505132198334,0
50602314209#50602309472,0,0.1867205947637558,0
1316556785#1311812490,0,0.0009788591414690018,0
1318260275#1951195150,0,0.03616750240325928,0
1712570793#1712570939,0,0.8708404898643494,1
2092610519#2113288221,0,0.0006121515762060881,0
3628839722#3513178266,0,0.7423264384269714,1
5208946130#86626661064,0,0.6844724416732788,1
2027890207#2154491220,0,0.04940473288297653,0
4435913614#4289086328,0,0.10987532138824463,0
1647227082#1688824936,1,0.8785088062286377,1
4285709207#1477156406,0,0.03900081664323807,0
2027929598#3431879179,0,0.39118796586990356,0
2066624973#2115528606,0,0.00052601657807827,0
4658956014#2122362220,0,0.10538207739591599,0
4898626808#2314360284,0,0.5720964074134827,1
1875282048#4391919171,0,0.3781004250049591,0
1394397775#2059483876,0,0.7986384630203247,1
4589929428#4535941097,1,0.4585086405277252,0
70183897754#5215138753,0,0.0003507285437081009,0
107725296889#4261185678,0,0.8069559931755066,1
146777938215#4636446230,0,0.0003707926953211427,0
364679238122#4536450435,0,0.03760196641087532,0
4993036319#4851901157,0,0.941993236541748,1
4353960088#2057986140,0,0.44310426712036133,0
1718471304#4628467232,0,0.9663451313972473,1
5123189265#5018368651,0,0.49486902356147766,0
4439426144#3227376447,0,0.0004465317470021546,0
183335907108#2135316663,0,0.0009113346459344029,0
4454991968#3349756713,0,0.03255588561296463,0
3501281334#3487828521,0,0.6510249972343445,1
4683006694#1382214880,0,0.1122748926281929,0
1453532038#4401870234,0,0.324319064617157,0
5109193415#4214739605,0,0.7113507986068726,1
1765891797#4715847880,0,0.7307688593864441,1
4285491833#4149299298,0,0.0012280131923034787,0
3772512066#146011937628,0,0.0006354416254907846,0
4451124306#3124123344,0,0.0012126195942983031,0
5169257472#5169253299,0,0.09947898983955383,0
2118416856#2061673563,1,0.8128785490989685,1
1477156406#4746512285,0,0.0004886850947514176,0
156277193948#2296451977,0,0.003401766996830702,0
4256622048#292830032329,0,0.000426203798269853,0
1312695289#2176735919,0,0.0007069692364893854,0
2296574953#4643718292,0,0.5622216463088989,1
50602314209#11087571368,0,0.8418773412704468,1
4259241183#3637042235,0,0.7478095889091492,1
2168053481#4619195159,1,0.8810781240463257,1
2057986140#4589830735,0,0.0027396127115935087,0
3026064813#3691000538,0,0.5583077073097229,1
2074458538#1951195150,0,0.06803923845291138,0
4643898157#2078774568,1,0.885571300983429,1
4272843119#2064727359,1,0.8574163317680359,1
4572636295#4323500485,0,0.4438802897930145,0
4792436579#2183428945,0,0.00184668751899153,0
1847712017#138962728028,0,0.007080406416207552,0
48926966870#3026064813,0,0.010757974348962307,0
2163049577#4065795443,0,0.1262790560722351,0
2066246683#3236601708,0,0.694469690322876,1
3626237468#4718263231,0,0.8535683155059814,1
1696208496#1416528046,0,0.6023240685462952,1
4643898157#2063706226,0,0.9036514163017273,1
2119476678#3903296442,0,0.8272570371627808,1
2359435242#18467669365,1,0.8770269155502319,1
2026258521#2180579787,0,0.8598983883857727,1
3446029041#4206267336,0,0.000494551844894886,0
5041670056#1696208496,0,0.0007152484613470733,0
2359348328#2054753273,0,0.004979752469807863,0
4643943359#2056478070,0,0.7837423086166382,1
3363370353#1847712017,0,0.6676972508430481,1
4642512906#4636446230,0,0.547441840171814,1
18465851371#2065201243,0,0.7060596942901611,1
156277208014#156274514359,0,0.6298054456710815,1
2058316912#1537709304,0,0.0008654361590743065,0
1637581644#1497939109,0,0.054424598813056946,0
2168053392#4619195159,0,0.09509322047233582,0
1905948078#2168053481,0,0.005936210509389639,0
2054657150#2066509477,0,0.8830636739730835,1
4538332005#4643943359,0,0.0003948885132558644,0
2075416140#2066535766,1,0.7597927451133728,1
6015919609#4643718292,0,0.11986161023378372,0
4643718292#4944579314,0,0.8220266699790955,1
187508564338#4348295931,0,0.05113957077264786,0
4015322905#4401870234,0,0.32014065980911255,0
4542321633#1502384801,0,0.025337571278214455,0
1639219119#3495408683,0,0.018718399107456207,0
1751247315#4450602322,0,0.0007234576041810215,0
2135054445#373850284448,0,0.29154297709465027,0
4197138413#156277193948,0,0.0004137946816626936,0
3403897392#3926916973,0,0.9425464868545532,1
3882201915#3903241588,0,0.20459820330142975,0
4165585148#4353960088,0,0.20305486023426056,0
4272137501#1994805938,0,0.7992766499519348,1
4542386587#5173394727,0,0.0072991629131138325,0
2056128836#1438326380,0,0.0034194444306194782,0
1565912494#4202041822,0,0.0032744405325502157,0
4200577198#1472057117,0,0.05495765432715416,0
4680204120#2057811649,0,0.5731816291809082,1
4657354294#4256926363,0,0.14719326794147491,0
3431879179#3754155310,0,0.5701125264167786,1
2064730522#3648904752,1,0.8680641055107117,1
4657354311#2165015487,0,0.00041957208304665983,0
14613461939#4972894677,0,0.7742754220962524,1
4840773591#156274514359,0,0.9467799663543701,1
3259289288#7161172305,0,0.5840908885002136,1
1386747994#4781194041,0,0.013939224183559418,0
2026258516#2007329552,0,0.7263171076774597,1
38448881724#4959321228,0,0.15970826148986816,0
4668248026#38202856033,0,0.055265240371227264,0
4551054156#14613456118,0,0.0011536238016560674,0
4843831604#113196401893,0,0.417788565158844,0
4391919171#4584646241,0,0.08454566448926926,0
2062045929#106964376935,0,0.5823687314987183,1
3363370353#2057051387,0,0.8463889360427856,1
1311812490#1647227082,0,0.5317882895469666,1
2455800880#2057051387,0,0.011110145598649979,0
2268304430#2359474749,0,0.9725305438041687,1
2268287413#2268304430,0,0.18328694999217987,0
3770456617#3485676898,0,0.0006894134567119181,0
1570945860#3633360460,0,0.6891081929206848,1
2064414260#4589929428,0,0.0006324146525003016,0
276611684552#4479070818,0,0.0004264207964297384,0
1654102057#1921223120,1,0.7246934175491333,1
54161674630#75959618233,0,0.0016010572435334325,0
4479096588#4699510653,0,0.46747249364852905,0
3806980943#38448881724,0,0.5121898651123047,1
4457149562#219547393842,0,0.025168560445308685,0
3709672083#4353960088,0,0.9057194590568542,1
146011937628#5173394727,0,0.8599969744682312,1
4454965094#4015422065,0,0.0009696711204014719,0
4619195159#4454991968,0,0.0004330841184128076,0
38406123057#91686025987,0,0.7007842063903809,1
4353960088#5197586202,0,0.004213214386254549,0
4226659635#4226659634,0,0.20903436839580536,0
4201830454#3626237468,0,0.016764555126428604,0
3628839716#3513178266,0,0.7423264384269714,1
4542321633#4451289887,0,0.022053096443414688,0
4451342506#4479095804,0,0.48849374055862427,0
4535949395#156277193948,0,0.6853258609771729,1
4346970606#4034038494,1,0.6153103113174438,1
53263275323#4763332016,0,0.0005448103765957057,0
2007847537#1594535010,0,0.00054689880926162,0
212394033260#4214739605,0,0.02685871720314026,0
1634282673#309312101477,0,0.0005590615328401327,0
2074458538#4155510577,0,0.26415765285491943,0
4232666143#4683006694,0,0.0010617028456181288,0
4215038721#4451124293,0,0.8561739325523376,1
167570408533#4631852445,0,0.02305663749575615,0
3633572726#2727127831,0,0.010033093392848969,0
4535949395#4840773591,0,0.26950058341026306,0
4657354294#4226659634,1,0.46555984020233154,0
1477156406#2343156405,0,0.5786743760108948,1
3551393130#125323389433,0,0.7259575128555298,1
4720389596#46983614517,0,0.000296529324259609,0
4200577198#202363939789,0,0.9614278674125671,1
1574873794#3501285885,0,0.11659644544124603,0
4272887201#3648904906,0,0.7720864415168762,1
2298730254#3050152494,0,0.158225879073143,0
11087571368#2063839578,0,0.0007881051278673112,0
2066535766#2079572106,0,0.79567551612854,1
8431809688#2054753273,0,0.0010255132801830769,0
4755359264#22859701254,0,0.019524451345205307,0
3474372520#3470148182,0,0.13313941657543182,0
373850284448#4658620132,0,0.0027206321246922016,0
41713266437#5090085713,0,0.003343176795169711,0
4613276653#2058316912,0,0.00047855856246314943,0
4644140313#395685899087,0,0.7607750296592712,1
1712570939#1712573177,0,0.8327273726463318,1
5185236541#3052180518,0,0.0015251131262630224,0
1740857110#1751247315,1,0.5215409994125366,1
3644272514#4452550298,0,0.009729289449751377,0
1415554755#1419344414,0,0.2547646164894104,0
2111351705#1810185303,0,0.001431871671229601,0
2314360284#7161172305,0,0.0006361250998452306,0
4442900590#4644140313,0,0.0015578987076878548,0
4200577198#1728174555,0,0.35582128167152405,0
2003336437#113196401893,0,0.00036337715573608875,0
5174571094#1500022510,0,0.7504873275756836,1
4003298247#4149299298,0,0.0005852244212292135,0
5104418469#2154491220,0,0.004418124444782734,0
3651289412#1321409006,0,0.007296192459762096,0
87820905399#3439202323,0,0.004556732252240181,0
4570764341#138962685339,0,0.044266704469919205,0
18468687381#18468188878,0,0.5393697023391724,1
34888001864#4663785560,0,0.00040750164771452546,0
373850283306#1671393307,0,0.005855562165379524,0
421393369392#2063839578,0,0.01104852743446827,0
4542039020#1318260275,0,0.0005468826275318861,0
3050045988#5318769457,0,0.008335806429386139,0
4401870234#2026258520,0,0.3682396411895752,0
3474685536#4972894326,0,0.0009204478119499981,0
1810185303#3551393318,0,0.3447757065296173,0
1712573177#1816427364,0,0.9635189771652222,1
1395111624#183335907108,0,0.0013402713229879737,0
5169253299#2270062912,0,0.00045829653390683234,0
1318260275#2074458538,0,0.8365082740783691,1
4210986952#4910561821,0,0.24698655307292938,0
4274235353#3806980943,0,0.0011425948468968272,0
2604119334#18469192585,0,0.0857408419251442,0
4589830735#2063839578,0,0.1482483148574829,0
107725290582#4479095804,1,0.15746591985225677,0
4435528162#3836576451,1,0.7953202724456787,1
4157381557#5041670056,0,0.18076346814632416,0
2058316912#106964376935,0,0.757363498210907,1
38406123057#29299331674,0,0.29528072476387024,0
5214033793#3401731422,0,0.0006860949215479195,0
4712246454#4195960848,0,0.0003294851921964437,0
4489521100#1694379812,0,0.012139848433434963,0
5174571094#4205424867,0,0.06497503072023392,0
3633360460#3214249595,0,0.0005157056730240583,0
292830032329#4065795443,0,0.0015395134687423706,0
4206812485#53263275323,0,0.0004265346215106547,0
4797396841#3359180524,0,0.0005122774164192379,0
1500022510#3988152389,0,0.10455314069986343,0
4750249486#3612961288,0,0.8785699605941772,1
4272843119#4317041484,0,0.9104224443435669,1
1401982678#8431814058,0,0.13903839886188507,0
4346970606#1914403252,0,0.0017014439217746258,0
1712570793#1778563597,1,0.9016351699829102,1
1316058339#2058563113,0,0.022786879912018776,0
14613460476#54158093151,0,0.10517202317714691,0
4952978442#1395111624,0,0.0006384139414876699,0
303600075141#4219781521,0,0.7322100400924683,1
2027890207#2058316912,0,0.002558893756940961,0
125323389433#4232666143,0,0.0004349749069660902,0
1743052872#4348295931,0,0.29343780875205994,0
5007075941#45531943201,0,0.6960757970809937,1
4223043910#4761512241,0,0.001515695359557867,0
2007934907#2055377631,0,0.7031165957450867,1
167570408533#3881831374,0,0.0025741520803421736,0
4206269897#3860948251,0,0.4946388006210327,0
6871473475#3438816692,0,0.22487545013427734,0
2183968048#2026258520,0,0.8861116170883179,1
197910587768#117277915830,0,0.7479827404022217,1
18465851371#1867286717,0,0.0003609384293667972,0
2115528606#5027483278,0,0.0005990506033413112,0
2604119334#54158093151,0,0.8883269429206848,1
1640340946#3727491058,0,0.7653573155403137,1
373850283306#3052944481,0,0.003674268489703536,0
4316999082#4828387554,0,0.00046800318523310125,0
2079572106#1639901072,0,0.7811169624328613,1
5169557343#4746512285,0,0.6169255375862122,1
2069985286#4215027256,0,0.0006991365808062255,0
3754155310#2069774757,0,0.7556204199790955,1
3628839716#3628839722,0,0.26859399676322937,0
5007075941#54161674630,0,0.85569167137146,1
8431809688#1811606488,0,0.0006719226948916912,0
1843271409#3052180518,0,0.0004700519784819335,0
4635981164#4699280965,0,0.015481727197766304,0
173652977366#69710193399,0,0.0023760588373988867,0
2055255869#1312695289,0,0.0003170743875671178,0
4285709211#4260680249,0,0.5430472493171692,1
2066509477#3727491058,0,0.8162183165550232,1
14613460476#14613588147,0,0.060386378318071365,0
4628467232#4620294540,0,0.9481908082962036,1
4196598949#3290843987,1,0.849904477596283,1
87720200914#1843271409,0,0.0008809432038106024,0
3550931655#1382214880,0,0.03978782519698143,0
4256926363#3408556286,0,0.0005111256032250822,0
1646206864#2064955879,0,0.005933670327067375,0
2604119334#3487828521,0,0.011153092607855797,0
4435686270#4613276653,0,0.5282137989997864,1
2064955879#1639699607,1,0.7782503366470337,1
3485676898#1386747994,0,0.0026145479641854763,0
2120155505#4145588659,0,0.792518138885498,1
2247165276#1847712017,0,0.676224946975708,1
1533602348#3359180052,0,0.5268635749816895,1
3052165975#1316556785,1,0.8127256631851196,1
4542386587#4454965094,0,0.0009129659738391638,0
5060996735#2075240892,0,0.0004740379808936268,0
1848008894#121528725386,0,0.0010996839264407754,0
3691000538#3651289412,0,0.4877634346485138,0
2154491220#3114734058,0,0.8877667784690857,1
2452901483#2062770841,0,0.0005579651915468276,0
4570764341#4658956014,0,0.003541636513546109,0
1953270965#4479070818,0,0.0005911911721341312,0
2268304430#2359348328,0,0.03516346216201782,0
2181531828#2183963548,0,0.8254253268241882,1
3709672083#4636381625,0,0.0010656253434717655,0
4323500485#14613469834,0,0.0012043064925819635,0
2067179166#4024663252,0,0.0006141323829069734,0
4451124293#2359348328,0,0.0008539158734492958,0
11087571368#2057051387,0,0.0058838683180511,0
4841409785#3474372520,0,0.0004989718436263502,0
5018368651#4542039020,0,0.06836818903684616,0
60367707728#87720200914,0,0.6364880204200745,1
1710094724#1438326380,0,0.001376710250042379,0
3075628047#3056067914,0,0.019982537254691124,0
4223004786#5018389488,0,0.12459505349397659,0
1721524699#4215027256,0,0.001298389513976872,0
1712570939#3477269989,0,0.011689229868352413,0
2113288221#2111351705,0,0.0914263129234314,0
1741741476#4680203965,1,0.3331380784511566,0
5041670056#4910561821,0,0.1548045128583908,0
1743052872#3050152494,0,0.8223208785057068,1
1321409006#1557919756,1,0.8615713715553284,1
2111349786#3903296442,0,0.8475191593170166,1
1401982678#138962685339,0,0.00224126479588449,0
2296451977#2070627808,0,0.6597325801849365,1
2056078364#1574873794,0,0.0008397919591516256,0
4755359264#4943818903,0,0.5056636929512024,1
4317041484#3669306485,0,0.49515190720558167,0
1416827061#2064955879,0,0.4957726299762726,0
2169220658#5197586202,0,0.6485115885734558,1
2057986140#4165585148,0,0.5601877570152283,1
91686025987#4535949395,0,0.0077530089765787125,0
18466210670#2159739481,0,0.00047805867507122457,0
2551494872#48926966870,0,0.0008114119991660118,0
1743052872#4683006694,0,0.0012538621667772532,0
1847712017#2057051387,0,0.5513996481895447,1
1528865186#3046729281,0,0.1732526421546936,0
3972924699#2060185514,0,0.0004240104171913117,0
373850283306#2135054445,0,0.28476372361183167,0
3435281641#4129122420,0,0.174763023853302,0
3269719212#2092610533,0,0.23519152402877808,0
4828654874#4631852445,0,0.13256467878818512,0
38202856033#138962685339,0,0.0005407200660556555,0
4538003565#2066246683,0,0.0017988604959100485,0
3849817492#5182742886,0,0.02532312460243702,0
3403897392#1711852573,0,0.7558782696723938,1
1565913509#1528865186,0,0.5554379820823669,1
4256926363#2120155505,0,0.0011410019360482693,0
4549189933#1817644740,0,0.5149548649787903,1
1711852573#2075914534,0,0.5356427431106567,1
4604457043#5067776785,0,0.8400821089744568,1
2058222393#1326086493,0,0.39772719144821167,0
1778563595#1816427364,0,0.8309841752052307,1
5173394727#5003601219,0,0.851837158203125,1
1374772535#1398443073,0,0.10795065760612488,0
3431879179#1951195150,0,0.0005215848213993013,0
5128222238#3551393130,0,0.30939850211143494,0
3772512066#4662042966,1,0.8485120534896851,1
4549189933#2150036453,0,0.4500183165073395,0
111568230982#4202096119,0,0.6199087500572205,1
29608029868#5163452200,0,0.08766180276870728,0
2062045929#4672808661,0,0.8624871969223022,1
2067377960#1701470611,0,0.7848802804946899,1
2114049002#3929215225,0,0.0017672518733888865,0
3438816692#1696438060,0,0.5961463451385498,1
10175162517#3289002505,0,0.3894410729408264,0
2026258520#2026258516,0,0.7128320932388306,1
5167083430#2061673563,0,0.0026195766404271126,0
47752312088#4439737347,0,0.0004537165514193475,0
5169257472#18465816919,0,0.9061402678489685,1
1312695289#2027890207,0,0.000568895717151463,0
3046471496#2111872187,1,0.8817319273948669,1
97115452949#5037293131,0,0.8258981704711914,1
4200577198#4804861605,0,0.000506462121848017,0
1701333847#4200577198,0,0.38186490535736084,0
1951195150#87820905399,0,0.0004266216419637203,0
3411721643#1816929342,0,0.6684194803237915,1
4256622048#4450602322,0,0.0003368309116922319,0
3612961288#4662042966,0,0.0015046334592625499,0
3438816692#4628467232,1,0.8266066908836365,1
197910587768#110232280082,0,0.7042847275733948,1
2092610536#1882929309,1,0.8640874624252319,1
3798986721#3054671141,0,0.0017285962821915746,0
4149299298#4259241183,0,0.00046937409206293523,0
2118416856#2116342008,0,0.535382866859436,1
2113093450#4643718292,0,0.8657492995262146,1
1311812490#4620261674,0,0.00048001212417148054,0
2112794415#4232471781,0,0.04062240943312645,0
102514982310#2168053392,0,0.0005540343117900193,0
2359435242#3934602500,0,0.19498297572135925,0
4642854804#4589595738,0,0.36344578862190247,0
487126887411#55721888445,0,0.0005400368245318532,0
4391918874#4391919171,0,0.762686014175415,1
69710193399#3517506225,0,0.0026434639003127813,0
3633360460#4680203965,0,0.8773559331893921,1
55721888445#3529095384,1,0.8336135149002075,1
2296574953#1347237190,0,0.09389066696166992,0
2060185514#2060185518,0,0.05749674141407013,0
2058316912#87820911338,0,0.0005210126983001828,0
2133358535#202363939789,0,0.0013637669617310166,0
4535941097#4633378534,0,0.09023776650428772,0
3359180524#4226659634,0,0.0005080853006802499,0
2071751695#2063706226,0,0.9445484280586243,1
2056478070#2027929598,0,0.0019290129421278834,0
156893097471#110232280082,0,0.4329986870288849,0
2055886100#3214249595,0,0.5590899586677551,1
2183968048#2183428945,0,0.8960410356521606,1
2057051387#3954668240,0,0.6708164215087891,1
3236601708#1882929309,0,0.7591332197189331,1
111110399548#4354044382,0,0.001320214243605733,0
2343156405#4157280271,1,0.39328035712242126,0
2062045929#111110399548,0,0.0005495627410709858,0
2026069710#4065797638,0,0.0005846502026543021,0
2113760999#2062782802,0,0.4620141386985779,0
87720200914#4642512906,0,0.0004364183987490833,0
3259289288#5018368651,0,0.49135908484458923,0
2275666316#5014897285,0,0.0032836494501680136,0
2057811649#2062845102,0,0.7631412148475647,1
1318260275#4259241183,0,0.1292964518070221,0
14613464473#2026258524,0,0.0003361886483617127,0
5174571094#1594535012,0,0.0004093040188308805,0
4628482537#2064730522,0,0.04953482374548912,0
2111350136#3903296442,0,0.8446921110153198,1
5018368651#4572380856,0,0.0008176351548172534,0
3042764047#2055886100,0,0.0007696016109548509,0
19705527158#5165108496,0,0.548168957233429,1
117277915830#4680095395,0,0.013863726519048214,0
1878732185#4536450435,0,0.0004783916810993105,0
2183963548#4825375981,0,0.0017630256479606032,0
3050152494#2071751695,0,0.0008376820478588343,0
4643011415#3594649033,0,0.6428366303443909,1
4877427884#4454991968,0,0.00044562536641024053,0
1477293192#1688824936,0,0.9159525632858276,1
1654102057#50602314209,0,0.0003041028685402125,0
4470296934#2054817755,0,0.10632985085248947,0
4623949169#187508564338,0,0.0010588549776002765,0
4272887201#4272843119,0,0.5473155975341797,1
3628533316#1419344414,0,0.0008340603671967983,0
156274514359#4595088087,0,0.6626403331756592,1
3052944481#4335156801,1,0.8497093915939331,1
4200562083#4439737367,0,0.5929670929908752,1
4024663252#4465664542,0,0.16509391367435455,0
202363939789#2079581946,0,0.7373184561729431,1
4416668620#1867286717,0,0.3721310496330261,0
4285491833#4348295931,0,0.8297078013420105,1
4643943359#2067179166,0,0.11721483618021011,0
4867542841#4943160331,1,0.7547357082366943,1
5037293131#3999176481,0,0.0006274065817706287,0
4483987744#4385069368,1,0.9650015830993652,1
21269204096#2057986140,0,0.00033319712383672595,0
18465721026#2175801910,0,0.0005063667776994407,0
146011948003#4705583754,0,0.0003650851722341031,0
4215038721#2122362220,0,0.0021541272290050983,0
1497880313#1694379812,1,0.7643501162528992,1
2176735919#2111818909,0,0.0029750890098512173,0
2055377631#3835278364,1,0.9351766109466553,1
2065354050#1639901072,0,0.0010530805448070168,0
4973150488#14613465315,0,0.6685506105422974,1
4195960848#3477269989,0,0.7115921378135681,1
54161674630#1650171814,0,0.07667000591754913,0
4808134153#5182742886,0,0.0005738001200370491,0
3896058143#4542039020,0,0.021844903007149696,0
4417849752#395685899087,0,0.00046679313527420163,0
4808134153#3214249597,0,0.003013418987393379,0
4215038721#4465664542,0,0.9267604947090149,1
1727736762#2069774757,0,0.01223307941108942,0
1696208496#1419344414,0,0.6719408631324768,1
1696095096#4613276653,0,0.671118438243866,1
2056128836#4658956014,0,0.00041618928662501276,0
1319944364#3882026745,0,0.21227356791496277,0
4623947495#4623934568,0,0.049196816980838776,0
5181571321#32236834289,1,0.7942684888839722,1
4499147142#3849817492,0,0.01543410774320364,0
4667944802#4662042966,0,0.347543329000473,0
4715847880#4401870234,0,0.009209031239151955,0
4642512906#2297005450,0,0.4912012815475464,0
2065201243#4327866563,0,0.002133007626980543,0
18466210670#18468690620,0,0.22031378746032715,0
21269204096#2135316663,0,0.0007266419706866145,0
4643898157#18468188878,0,0.602264940738678,1
4643938191#4642512906,0,0.3901175856590271,0
2064229512#1671393307,0,0.006416634190827608,0
3056067914#1818739935,0,0.01408529095351696,0
2235828707#2063588766,0,0.0009067027131095529,0
8431809688#8431814058,0,0.08593600988388062,0
4700047151#4643011415,0,0.2058848738670349,0
3289002505#4150903563,0,0.8665966391563416,1
2092174215#4195960848,0,0.0015832703793421388,0
4200562083#3042764047,1,0.716352641582489,1
4748650954#4589929428,0,0.6234638094902039,1
2247165276#3363370353,1,0.7331613898277283,1
4623947495#3304467506,0,0.0006693670875392854,0
1415647813#2092610533,0,0.007745064329355955,0
1537709311#1778563602,0,0.0005597800482064486,0
4755359264#6871473475,0,0.00426845345646143,0
124021630369#21269204096,0,0.5610895156860352,1
4130010417#4792436579,0,0.43384695053100586,0
4439737367#4435528162,0,0.4449250102043152,0
4712246454#1775497794,0,0.0003979599568992853,0
107725292534#4451342506,0,0.6830363273620605,1
4465664542#4451124293,0,0.13106216490268707,0
2061309144#1394397775,0,0.7998061180114746,1
2114716134#2111350136,0,0.0628894716501236,0
3972924699#3052165975,0,0.0017312091076746583,0
3798986721#3831256267,0,0.0022491393610835075,0
1728174555#3403917033,0,0.00773981399834156,0
4644140313#376973981474,0,0.33221250772476196,0
3882201915#2075914534,0,0.004068533889949322,0
102514982310#167570408533,0,0.6453272700309753,1
3245545040#4218561827,0,0.0015702171949669719,0
3107598853#4479424072,0,0.8924109935760498,1
2336490445#2059052537,0,0.0814446285367012,0
2057051388#4781194041,0,0.0008191433735191822,0
18465721026#4354044382,0,0.00039103213930502534,0
189546061243#5121642074,0,0.15110833942890167,0
4643938191#29299331674,0,0.6499555110931396,1
1951195150#4899954714,0,0.0031199536751955748,0
187508564338#2016866277,0,0.005716703366488218,0
4179651570#2115151765,0,0.6845153570175171,1
4065795443#4291077418,0,0.7917703986167908,1
3835278364#4321048267,0,0.960834264755249,1
3669306485#3282474651,0,0.005733863450586796,0
2058132898#4572380856,0,0.914573073387146,1
4673557611#4439737367,0,0.007488267496228218,0
156277193948#156277207697,0,0.019520357251167297,0
4471122121#50602309472,0,0.4465165436267853,0
4700047151#3299598934,1,0.4618630111217499,0
3474685536#4223934140,0,0.115266814827919,0
303600075141#4828387554,0,0.0003614301385823637,0
4495500756#2061022206,0,0.0029521076940000057,0
4147080749#4353960088,0,0.10003405809402466,0
4680204120#4680203965,0,0.06777825206518173,0
1574873794#2254264382,0,0.0003082560724578798,0
4897048724#3628533316,0,0.0007674159714952111,0
3363370353#5197586202,0,0.0006159977056086063,0
14613435427#4195960848,0,0.00029305723728612065,0
18468188878#4470296934,0,0.0012001404538750648,0
2159739481#3445564730,0,0.014977861195802689,0
145960681701#86626661064,1,0.5911182761192322,1
2183963548#2026258516,0,0.8678049445152283,1
3052944481#1688824936,0,0.000710550113581121,0
343200247912#1751364880,0,0.0077303028665483,0
4535930871#4195960848,0,0.009184246882796288,0
4867542841#5154681248,0,0.7129886150360107,1
2455800880#4687116172,0,0.008276030421257019,0
3363370353#2054781193,0,0.7802271842956543,1
2115151765#3347114660,0,0.6236048936843872,1
4004772536#121528725386,0,0.0013835884165018797,0
3968945784#3967431643,0,0.8918070197105408,1
580549064505#4572374020,0,0.0005073240608908236,0
4840773591#14613469834,0,0.7149558067321777,1
79993360240#1533602348,1,0.8998026251792908,1
2092610533#156277193948,0,0.0021714712493121624,0
212394033260#157726428514,0,0.8102272748947144,1
2977755545#4535930871,0,0.004433262161910534,0
1867286717#4397595587,0,0.3887656033039093,0
4746144353#6871473475,1,0.9595484733581543,1
2053826326#2066624968,0,0.0005465587601065636,0
5095503840#5018023921,0,0.8228088021278381,1
2148153592#2114975127,0,0.0006032325327396393,0
4841409785#1867262556,0,0.15166668593883514,0
4549189933#3411721643,0,0.9599780440330505,1
1438441444#3304467506,0,0.03935261443257332,0
18465816919#18468690620,0,0.5733182430267334,1
4972894326#4973150488,0,0.056204769760370255,0
2003710867#3651289412,0,0.25435489416122437,0
4385421396#2359348328,0,0.0029559852555394173,0
1778563602#1778563597,0,0.09897243231534958,0
1701333847#1701333916,0,0.009495175443589687,0
2079572106#1816430010,0,0.0023718690499663353,0
1437868238#2075914534,0,0.223842054605484,0
1816428069#4620261674,0,0.006026749033480883,0
87820911338#4643938191,0,0.02674485743045807,0
4658620132#5181571321,0,0.00042097672121599317,0
18465816919#18465721026,0,0.1631234735250473,0
1415554755#4538332005,0,0.0005772471195086837,0
4231111906#4657354311,1,0.205400750041008,0
4416668620#4397595587,0,0.7277605533599854,1
2079572106#2064955879,1,0.855534553527832,1
38202856033#45531943201,0,0.18267478048801422,0
4451124306#4465664542,0,0.17596067488193512,0
157726428514#1818739935,0,0.000786627468187362,0
2026258519#2026258516,0,0.8535598516464233,1
4405676807#4218561827,0,0.7908798456192017,1
3408556286#3648904752,0,0.0006751148030161858,0
1416827061#2117967935,0,0.6530331373214722,1
1878732185#1565925308,0,0.9055073857307434,1
3609077013#4972894677,0,0.0005471488111652434,0
4451124293#156277207697,0,0.0011827704729512334,0
3920807098#4214739605,0,0.8546926975250244,1
1537709308#1537709304,0,0.09199394285678864,0
2068623358#4680204120,0,0.7953580617904663,1
4536041187#3949154897,0,0.7892683148384094,1
4972894326#4972894677,0,0.1570470929145813,0
1646144729#4218561827,0,0.002296094549819827,0
4200577198#2070908197,0,0.5937332510948181,1
3754155310#4658620132,0,0.8087582588195801,1
1816427364#2111349786,0,0.0007748473435640335,0
3026064813#3798986721,0,0.09801645576953888,0
1653994308#4435686270,0,0.6402947902679443,1
114453608394#189546061243,0,0.30131828784942627,0
4405676807#5090005101,0,0.3095470070838928,0
4385421396#1712570939,0,0.006119279656559229,0
4643011415#3359180052,0,0.8557400107383728,1
4620294540#1718471304,0,0.8175039291381836,1
4451288784#2135316663,0,0.0015457747504115105,0
4952978442#5214033793,0,0.061926066875457764,0
4549189933#14613588147,0,0.00039690558332949877,0
2092174215#1453532038,0,0.24681609869003296,0
3637042235#3972924699,0,0.36099085211753845,0
2066535766#2117967935,0,0.6429886221885681,1
4321048267#100995265790,0,0.7537499070167542,1
157726428514#102514982310,0,0.215341255068779,0
4811798618#121528725386,0,0.6497901082038879,1
1307874587#2336490445,0,0.46818962693214417,0
3628839717#4750249486,0,0.01179184764623642,0
1416301524#2058563113,1,0.31927528977394104,0
4742698844#53263229623,1,0.5744874477386475,1
5318769457#5169557343,0,0.8631400465965271,1
2296451977#174006932062,0,0.0011469884775578976,0
3075628047#1307874587,0,0.652111291885376,1
1537709304#4206267336,0,0.0004090992151759565,0
3477269989#3474685536,0,0.8177720308303833,1
3470148182#7161172172,0,0.0005302244098857045,0
2168053392#4157496031,0,0.09445071965456009,0
4206224036#3580539229,1,0.9419521689414978,1
2016866277#2111041560,0,0.9571034908294678,1
3529095384#46983614517,0,0.0012313694460317492,0
38202856033#3628839716,0,0.0013085701502859592,0
4828387554#3032709817,1,0.9528212547302246,1
4354044382#1696208496,0,0.5359722375869751,1
4572374020#4232666143,0,0.0005748883704654872,0
1684789889#4687116172,0,0.051062166690826416,0
2057685237#2058222393,1,0.7877035737037659,1
1347237190#237523614768,0,0.8219254612922668,1
111568230982#1456843034,0,0.06968504190444946,0
10175162517#3289002540,0,0.3238525092601776,0
1920503864#4316999113,0,0.3780880570411682,0
4408616491#2314360284,0,0.0004386445798445493,0
3709672083#4444196403,0,0.6568211317062378,1
4589678847#4589595738,1,0.9946920275688171,1
4411426624#3124123344,0,0.019068684428930283,0
5060996735#2064727359,0,0.8277820944786072,1
38406123057#4393085087,0,0.002040513791143894,0
4479096850#4479096588,0,0.38515642285346985,0
5104418469#7026230674,0,0.007350890897214413,0
3403897392#2075914534,1,0.9371877312660217,1
183335907108#3108657350,0,0.0017435529734939337,0
2343156405#1438326380,0,0.6571705341339111,1
106964376935#14613464473,0,0.00034706643782556057,0
4763332016#5210078086,0,0.7648146152496338,1
3903296442#4003298247,0,0.0006451934459619224,0
4579172309#4027742647,0,0.39771005511283875,0
4206269897#3259289288,0,0.0010268741752952337,0
2359435242#2061673563,0,0.3838331401348114,0
3798986721#4523728345,0,0.004022728651762009,0
2003710867#2977755545,0,0.0007561733946204185,0
2159739481#2060185518,0,0.004699469543993473,0
4176217131#4499147142,0,0.5226545929908752,1
2057145715#1565913509,0,0.6213818788528442,1
1634282673#202363939789,0,0.0012316275388002396,0
3972924699#1951195150,0,0.6742540001869202,1
378133536273#4972894326,0,0.0006465566111728549,0
5182742886#4828387554,0,0.016837839037179947,0
4514269980#3042764047,0,0.0007985268021002412,0
4628867825#2168053392,0,0.3960816264152527,0
4040016243#2027929598,0,0.0003363992727827281,0
1548108669#2113760999,0,0.0016243436839431524,0
1528865186#2060185514,0,0.41260990500450134,0
2070908197#1701470611,0,0.8399630784988403,1
3926916973#3896015808,0,0.0031481783371418715,0
4808134153#4206812485,0,0.0011276276782155037,0
4584646241#237523614768,0,0.0005817766068503261,0
4570764341#2066624973,0,0.530426025390625,1
3044025040#4840773591,0,0.08200828731060028,0
2297005450#5163452200,0,0.20966419577598572,0
307718000196#564144132292,1,0.9325448870658875,1
4065797638#4385069368,0,0.06647920608520508,0
38202856033#4755359264,0,0.7053772211074829,1
1533602348#87720200914,0,0.0004118313954677433,0
4584646241#1875282048,0,0.6992045044898987,1
3400442486#1438441444,1,0.8505121469497681,1
18468188878#18468695966,0,0.5431662201881409,1
183335907108#2060355842,0,0.0009001704165711999,0
1696438060#4620294540,0,0.7270101308822632,1
4658956014#3949154929,0,0.5306021571159363,1
174006932062#3603201749,0,0.0010679928818717599,0
1307874587#4495500756,0,0.03661726787686348,0
4027742647#54161674630,0,0.0008577612461522222,0
4414530598#4672808661,0,0.0004780449962709099,0
1843271409#4279029102,0,0.7361571192741394,1
2124411604#4279029102,0,0.0053014070726931095,0
4479096588#4479095804,0,0.024764442816376686,0
2092174215#2056128836,0,0.002709560561925173,0
1751247315#14613466961,0,0.0018285730620846152,0
2339749085#4209814745,0,0.6930148601531982,1
3114734058#292830032329,0,0.0041917492635548115,0
117277915830#110232280082,0,0.7280582189559937,1
1914706723#2054733437,0,0.5840242505073547,1
2122362220#1920503864,1,0.8208128213882446,1
1778563595#4589820532,0,0.0794549509882927,0
2059052537#4180609537,0,0.0010978019563481212,0
4435566465#4748650954,0,0.5948113799095154,1
3903296442#2165015487,0,0.5271846055984497,1
2268287413#146777938215,1,0.7783237099647522,1
7161173338#5123189265,0,0.5764631032943726,1
18469192585#14613464473,0,0.8372048735618591,1
53263229623#60367707728,0,0.6427562236785889,1
4952978442#4205424867,0,0.00044860996422357857,0
38202856033#4735503306,0,0.5090892314910889,1
3403917033#3404019551,0,0.0005053722416050732,0
4716933437#1640340946,0,0.7795312404632568,1
4746512285#4761512241,1,0.8584578633308411,1
3648904752#106964376935,0,0.005554413888603449,0
1712570939#1778563597,0,0.8827173709869385,1
1727736762#1627587582,0,0.00046612328151240945,0
1818739935#4385184631,0,0.1339980810880661,0
237523614768#4680095395,1,0.9175286293029785,1
2135316663#2066624968,0,0.9314765930175781,1
2026258520#4195993580,0,0.605909526348114,1
3050045988#4899954714,0,0.0019202762050554156,0
5183692300#1321409006,0,0.6304851174354553,1
1751364886#395685899087,0,0.0017094356007874012,0
32236834289#3474372520,0,0.17029491066932678,0
3967431643#1751364886,0,0.9539619088172913,1
3287805133#3289002540,0,0.02175056003034115,0
1633806208#2056662276,0,0.36350271105766296,0
14613464513#4897048724,0,0.005132528021931648,0
422592070627#4408616491,0,0.0015926742926239967,0
3290843987#4129122420,0,0.8412550687789917,1
5197586202#5090005101,0,0.0006356188096106052,0
395685899087#4435686270,0,0.4937037229537964,0
2169220658#2053826326,0,0.6523812413215637,1
1818739935#2336490445,0,0.04574234411120415,0
4730645460#2118416856,0,0.0011332067660987377,0
2120472151#75959618233,0,0.003718368476256728,0
156276677247#4746144353,0,0.012084304355084896,0
2078835030#202363939789,0,0.3357524275779724,0
5087832312#4196521320,0,0.0008088505128398538,0
1497880313#2343156405,0,0.14222009479999542,0
4259241183#1951195150,0,0.5479636788368225,1
178258449477#3438816692,0,0.06970339268445969,0
1318260275#1848008894,0,0.3150482773780823,0
4579172309#2455800880,0,0.0006796459783799946,0
18468580547#18465816919,0,0.16013939678668976,0
174006932062#4683006694,0,0.0007320898585021496,0
4327866563#14613461654,0,0.03228291869163513,0
3920807098#4952978442,0,0.0012179008917883039,0
29607392514#38406123057,1,0.7927964925765991,1
18465851371#2062075980,0,0.917066216468811,1
6871473475#4628467232,0,0.18240052461624146,0
1639901072#4851901157,0,0.0012135261204093695,0
14613456118#2026258516,0,0.08895048499107361,0
2112576214#2169220658,0,0.00026770299882628024,0
4642854804#4656986610,0,0.08344396203756332,0
14613464513#14613461939,0,0.17963770031929016,0
3404019592#3404019551,0,0.23511755466461182,0
14613435427#4712246454,1,0.8556413650512695,1
2003710867#4298588573,0,0.0009645062382332981,0
2055886100#4593095274,0,0.015516404062509537,0
4226659635#4231111906,0,0.060963742434978485,0
107725290582#1456843034,0,0.0006184926023706794,0
1656969942#1921223120,0,0.8907802104949951,1
2054753273#1394397775,0,0.002220652997493744,0
4157381557#1751364880,0,0.0008582379086874425,0
4483987744#4623570105,0,0.004298771265894175,0
4470296934#3050152494,0,0.4573313593864441,0
4285709207#4165151066,0,0.5591249465942383,1
2075416140#4623570105,0,0.8372184038162231,1
3630377420#3470148182,0,0.054523222148418427,0
2092938385#5060996735,0,0.000356419594027102,0
4929499262#4195993580,0,0.0012747664004564285,0
150594502346#189546061243,0,0.6547963619232178,1
4761512241#5210078086,0,0.7334960103034973,1
3926916973#3289002505,0,0.009957968257367611,0
2115880476#4408616491,1,0.7388582825660706,1
1728174555#1728174549,0,0.5240693092346191,1
4304261357#3835278364,0,0.0020778735633939505,0
4456625974#3612961288,0,0.8099753260612488,1
1840606003#1813034413,1,0.8503574728965759,1
2056662276#2007934907,0,0.6747756600379944,1
3612961288#4943818903,0,0.265367329120636,0
4256622048#2069774757,0,0.0009516298305243254,0
138962728028#3501281334,0,0.021497556939721107,0
4206812485#4479424072,0,0.7491126656532288,1
1647227082#3949154929,0,0.0017286604270339012,0
1751364880#4623949166,0,0.6183647513389587,1
343200247912#1502384801,0,0.0018743898253887892,0
4451342506#4261185678,0,0.9045220613479614,1
4456625974#1541880573,0,0.0008471308974549174,0
4304261357#4339070553,0,0.7629566192626953,1
4680204120#1710094724,1,0.7010865211486816,1
373850283306#2247165276,0,0.1227482259273529,0
38202857246#38202856033,0,0.9534282684326172,1
1867262556#3487828521,0,0.0007521799416281283,0
4223934140#4435566465,0,0.0006746899452991784,0
5181571321#1778563597,0,0.006538162007927895,0
8431809688#2007847537,0,0.0029495235066860914,0
4414530598#2070791273,0,0.10612814128398895,0
1740857110#2056478070,0,0.000628024572506547,0
4538419241#2062075977,0,0.00034898382727988064,0
156276677247#2078835030,0,0.0019347997149452567,0
4643898157#2071751695,0,0.8602087497711182,1
3044025040#4040016243,0,0.0004907542024739087,0
3114734058#2135316663,0,0.0004808712110389024,0
2069774757#4454991968,0,0.04006074368953705,0
3835278364#4479096850,0,0.0008811060688458383,0
29608029868#3349756713,0,0.000698213349096477,0
3637042235#3050045988,1,0.5661695599555969,1
4027742647#3431879179,0,0.8909041881561279,1
4604457043#1816929342,0,0.0011256411671638489,0
4781194041#2064730522,0,0.0005955398664809763,0
3026064813#4715847880,1,0.9599503874778748,1
5169257472#5167083430,0,0.6105188727378845,1
4426740219#4943818903,0,0.0046995896846055984,0
7161172305#14613456118,0,0.010640120133757591,0
4535949395#2007329552,0,0.0008200977463275194,0
3408556286#4899954714,0,0.001995548140257597,0
2296493468#4840773591,0,0.984764814376831,1
5185236541#18468580547,0,0.5481784343719482,1
4604457043#4898730640,0,0.8114351034164429,1
146778888902#2359474749,0,0.031090322881937027,0
4317041484#14613456118,0,0.0007421443006023765,0
4195960848#2254264382,0,0.012109315022826195,0
4535949395#156277208014,0,0.6203930974006653,1
4223043910#4417849752,0,0.8282914161682129,1
2339749085#2061448091,1,0.6051205992698669,1
4417818851#3408556286,0,0.02437930926680565,0
4004772536#1627587582,1,0.09511137753725052,0
4285709207#4260680249,0,0.5671508312225342,1
1316058339#4346970606,0,0.06097613647580147,0
2169220658#4641374150,0,0.0003752790216822177,0
2054753273#29299331674,0,0.002698510652408004,0
1456843034#75959618233,0,0.0013522157678380609,0
41713266437#2113288221,0,0.0011389662977308035,0
6871473475#4620294540,0,0.929807722568512,1
1816428069#5183692300,0,0.8026620745658875,1
2150036453#1817644740,0,0.12858790159225464,0
3474685536#4435528162,0,0.0068905348889529705,0
3451234547#3628839716,0,0.7113587260246277,1
2062845102#3403897392,0,0.02295137755572796,0
4451342506#4623934568,0,0.00466180918738246,0
1637581644#1694379811,1,0.5433555245399475,1
1541880573#4893633475,0,0.2435118407011032,0
2296493468#4595088087,0,0.5423690676689148,1
197910587768#5121642074,1,0.8288725018501282,1
4024663252#1905948078,0,0.000619012163951993,0
1847712017#2057051388,1,0.8103651404380798,1
2111351705#5067776785,0,0.0019475884037092328,0
4628867825#5169257623,0,0.0009424336603842676,0
2359474749#2057051388,0,0.0010422648629173636,0
4797396841#1635692869,0,0.6416548490524292,1
18469192585#156276677247,0,0.0434415377676487,0
3630377420#4825375981,0,0.0010745959589257836,0
336556403061#1847712017,0,0.0005043210694566369,0
18467925256#4748650954,0,0.001350564998574555,0
4417818851#2113760999,0,0.0004892406868748367,0
4534359957#1878732185,0,0.0007740355795249343,0
19705527158#2058316912,0,0.0003405051538720727,0
4620685919#4099641396,0,0.11599600315093994,0
1711852573#3052165975,0,0.002339116297662258,0
4479096850#4746144353,0,0.0004678881086874753,0
3485676898#2074458538,0,0.0032041550148278475,0
4353960088#2092938385,0,0.2725542485713959,0
1903466347#23230310067,0,0.0009020069264806807,0
4323500485#4542039020,0,0.0005839092773385346,0
309312101477#309312102749,0,0.3572101891040802,0
5123189265#3282474651,0,0.6928536891937256,1
4941134416#4593095274,0,0.0008638777653686702,0
2062045929#1528865186,0,0.014828172512352467,0
4808134153#4620294540,1,0.7855943441390991,1
2053826326#4952978442,0,0.34096628427505493,0
3648904906#2064730522,0,0.8859789371490479,1
41375214069#3691000538,0,0.40374326705932617,0
2343156405#1770010645,0,0.023271743208169937,0
4385069368#3712801411,0,0.17268411815166473,0
46983614517#2092610536,0,0.000847921590320766,0
2183968048#2180579787,0,0.8348953723907471,1
2297005450#50602309472,0,0.0002928083995357156,0
2016866277#4165151066,0,0.8903804421424866,1
2296574953#2070627808,0,0.569908618927002,1
183335907108#4145496082,0,0.00044295931002125144,0
1684789889#2003710867,0,0.6436573266983032,1
2066535766#1639699607,0,0.6683775186538696,1
2058278464#4457149562,1,0.8862290382385254,1
4658956014#4628467232,0,0.0012396246893331409,0
2064727359#3669306485,0,0.6793203353881836,1
2064727359#4317041484,0,0.38097354769706726,0
38448881724#4735432768,0,0.0005802036612294614,0
1718471304#2058278464,0,0.00320481788367033,0
2115880476#1816427364,0,0.016025394201278687,0
4210986952#5041670056,1,0.6427192091941833,1
2061448087#2061448091,0,0.111569344997406,0
14613466961#14613461939,0,0.3197365701198578,0
1497880313#1637581644,0,0.869080662727356,1
4204386191#2066535766,0,0.0005248006200417876,0
11087571368#53263275323,0,0.7857781648635864,1
107725296889#4699510653,0,0.12247250229120255,0
3474685537#3628839717,1,0.6538220643997192,1
5090005101#4581502608,0,0.0004098303325008601,0
5210078086#2058563113,0,0.001383441500365734,0
4323500485#4535941097,0,0.5993946194648743,1
3052944481#4145496082,0,0.002978753298521042,0
5003601219#2065354050,0,0.0023055297788232565,0
4205424867#2064730522,0,0.04109866917133331,0
4811798618#4057032761,0,0.0006623826338909566,0
4843831604#117277915830,0,0.0065509905107319355,0
4417818851#4348295931,0,0.0005627439823001623,0
187508564338#3630377420,0,0.2685115933418274,0
2070908197#2067377960,0,0.5659387707710266,1
3359180524#1533602348,0,0.5802212357521057,1
1951195150#3754155310,0,0.004031091462820768,0
2175801910#3770456617,0,0.1101100966334343,0
1671393307#4595088087,0,0.0016131473239511251,0
55721888445#1701333847,0,0.000884811975993216,0
4157551094#201663692217,0,0.5519532561302185,1
2183968048#2026258521,0,0.838304340839386,1
2060185514#1565913509,1,0.43883103132247925,0
487126887411#291173146171,1,0.9156920313835144,1
3791139342#4536450435,0,0.005254662130028009,0
4820163687#4435566465,0,0.7982385158538818,1
5031406959#5197586202,0,0.4262358546257019,0
2065201243#2114341514,0,0.6017922759056091,1
18468188878#2068602973,1,0.86285001039505,1
5095503840#2079581946,0,0.0007405906799249351,0
406088738482#18468687381,0,0.001167279900982976,0
307718000196#4628482537,0,0.0023735363502055407,0
2168053481#2168053392,0,0.03164046257734299,0
2296574953#2058316912,0,0.0005592560628429055,0
50016874555#49857216438,1,0.9428039789199829,1
5174571094#2113760999,0,0.0007846024236641824,0
4755359264#3626237468,0,0.04067450761795044,0
2148153592#2116342008,0,0.0006664555403403938,0
3967431644#2061022206,0,0.0018237255280837417,0
1548108669#32236834289,0,0.006402128376066685,0
2062782802#183335907108,0,0.0005997927510179579,0
1347237190#4205424867,0,0.002633340423926711,0
3882026745#3633572726,0,0.017683029174804688,0
5185236541#4748650954,0,0.0006018012063577771,0
1634282673#1752749942,0,0.0003963017661590129,0
4451289887#1419344414,0,0.0005311219720169902,0
2060185514#3474372520,0,0.0009518248843960464,0
1718471304#1696438060,0,0.049631424248218536,0
4027742647#4450602322,0,0.5127901434898376,1
1684789889#1765891797,0,0.7100188732147217,1
3772512066#4718263231,0,0.2527323365211487,0
4635981164#4687116172,0,0.04137061908841133,0
2067571192#4536450435,0,0.3317619264125824,0
4991881534#2078835030,0,0.4360828399658203,0
2199135578#3347114660,0,0.4310942590236664,0
4401870234#1646275700,0,0.19491800665855408,0
1497939109#1497880313,0,0.25523218512535095,0
3290843987#19705527158,0,0.0013632721966132522,0
1712570939#1816427364,0,0.9635189771652222,1
2026258524#2026258521,0,0.7326726913452148,1
4272887201#146011937628,0,0.0004182510601822287,0
1347237190#6871473475,0,0.0018263488309457898,0
5318769457#3439202323,0,0.00046608035336248577,0
3635733776#4339070553,0,0.0010892883874475956,0
4176217131#2124411604,0,0.0005409432924352586,0
4145496082#5018368651,0,0.0014026525896042585,0
3299599421#1543155210,0,0.0004797118017449975,0
48926966870#4900256072,1,0.9271948337554932,1
2066509477#1811606488,0,0.6768043041229248,1
2114716134#1953270965,1,0.6951103210449219,1
4451289887#3644272514,1,0.960787832736969,1
1656969942#1665894324,1,0.8987628221511841,1
2169220658#5214033793,0,0.428912878036499,0
4913742546#4210986952,0,0.27633124589920044,0
1848008894#3637042235,0,0.7702152132987976,1
3245545040#1709057480,0,0.00042534375097602606,0
21269204096#4180609537,0,0.0017027744324877858,0
5123189260#7161172172,0,0.6783750653266907,1
2066509477#4716933437,0,0.9253293871879578,1
2055448044#1752749942,0,0.5361065864562988,1
46983614517#4165585148,0,0.0009194384911097586,0
4206267336#4589820532,0,0.0007065186509862542,0
2235828707#2062075977,0,0.8236264586448669,1
1751247315#4530026053,0,0.0014667139621451497,0
4511530729#178258449477,0,0.8215794563293457,1
3435281641#5174571094,0,0.007672425359487534,0
2115528606#1500022510,1,0.6196521520614624,1
111568230982#146778888902,0,0.0007956116460263729,0
4155408706#4439737367,0,0.6150261759757996,1
3487828521#3289002540,1,0.8927386403083801,1
4077473357#3446029032,0,0.6769670844078064,1
4748650954#4535941097,0,0.3377414643764496,0
2168053392#4656986610,1,0.7777755260467529,1
117154450703#5121642074,0,0.07957220077514648,0
97115452949#219547393842,0,0.0034522044006735086,0
4523728345#3929215225,0,0.0685064047574997,0
2114975127#4952978442,0,0.4197736978530884,0
1727736762#2112576214,0,0.0005561938160099089,0
113196401893#1635692869,0,0.9208691716194153,1
1565912494#2057145715,0,0.4085507094860077,0
174007019522#2115528606,0,0.004850986413657665,0
3400442486#4479424072,0,0.5766614675521851,1
34888001864#3880409698,0,0.5640336275100708,1
3043492443#4205424867,0,0.020726600661873817,0
2111351705#2114716134,0,0.08330459147691727,0
3490539439#5090005101,0,0.0004199680406600237,0
4456625974#3999176481,0,0.8879787921905518,1
2254264382#4542039020,1,0.7509369254112244,1
3881831374#183335907108,0,0.00046962648048065603,0
5067776785#4828654874,0,0.8253853917121887,1
2067179166#4780994423,0,0.0008656802820041776,0
156893097471#1646144729,0,0.0005422482499852777,0
4840773591#2067179166,0,0.0009802925633266568,0
2122362220#2062766801,0,0.004472371656447649,0
309312102749#1347237190,0,0.6524316072463989,1
2066509477#2054657143,0,0.9016993045806885,1
5090005101#5109193415,0,0.47366076707839966,0
174007019522#121528725386,0,0.46225735545158386,0
150594502346#212394033260,0,0.7053093910217285,1
4024663252#4451124293,0,0.5120207071304321,1
41375214069#3903296442,0,0.0011209773365408182,0
4941134416#4304261357,0,0.6833959817886353,1
3764759336#3550931655,0,0.01145008485764265,0
303600075141#1728174555,0,0.4917149543762207,0
1416827061#1639901072,0,0.8235993981361389,1
2026069710#4991881551,0,0.0032946309074759483,0
174006932062#3404019592,0,0.0006286952993832529,0
2159739481#1694379812,0,0.5315195322036743,1
3954668240#2054781193,0,0.8464512825012207,1
2061448091#1537709317,0,0.6731513142585754,1
14613465315#4613276653,0,0.0020797441247850657,0
4542039020#4746512285,0,0.584561288356781,1
4657354311#4657354285,0,0.06018783524632454,0
3920807098#4304261357,1,0.6440643668174744,1
157726428514#111110399548,0,0.6621094942092896,1
2111351705#2165015487,1,0.6772197484970093,1
5067776785#178258449477,0,0.8370258808135986,1
2092610519#2092610536,0,0.474139928817749,0
5104418469#38202857246,0,0.0006051957025192678,0
1374772535#2062770841,0,0.5455695986747742,1
75959618233#2063706226,0,0.0004440153716132045,0
4385421396#4091921695,0,0.8090839982032776,1
4408616491#1637980981,0,0.000348247354850173,0
4196521320#2054753273,0,0.004243229050189257,0
3633360460#2068623358,1,0.8526623249053955,1
1528865186#2254264382,0,0.01556062139570713,0
3490539439#2113093450,0,0.046412792056798935,0
1818739935#4495500756,0,0.13805978000164032,0
4323500487#4323500485,0,0.052791185677051544,0
2007934907#5037293131,0,0.12468977272510529,0
5163452200#4643938191,0,0.5894990563392639,1
4620294540#1415647813,0,0.6460392475128174,1
4479096588#107725296889,0,0.15715883672237396,0
4991881534#303600075141,0,0.8791594505310059,1
1816427364#5183692300,0,0.37884899973869324,0
2079581946#3794247232,0,0.00041107163997367024,0
4384414279#4384403228,1,0.9712954759597778,1
1782357780#3359180524,0,0.0010738765122368932,0
2062075977#18467925256,0,0.9601860642433167,1
2069774757#4226659635,0,0.001573805115185678,0
4542321633#4435913614,0,0.23637424409389496,0
4201830454#4327866563,0,0.0042018406093120575,0
46983614517#34888001864,1,0.8178225755691528,1
2113093450#1639219119,1,0.9323633313179016,1
4781194041#3529095384,0,0.0009734844206832349,0
1594535012#1594535010,0,0.42408645153045654,0
2159739481#1639901072,0,0.0006759488023817539,0
2314360284#2727127831,0,0.03606401011347771,0
2062766801#3926916973,1,0.697769820690155,1
4623949169#1672066227,0,0.032566361129283905,0
1639390814#1712080073,0,0.6436266899108887,1
2092610536#4439426144,0,0.012240457348525524,0
2056128836#309670736915,0,0.0018775684293359518,0
1312695289#4680095395,0,0.7604515552520752,1
5174571094#4210985419,0,0.40628549456596375,0
3954668240#4797396841,0,0.008933727629482746,0
4223043910#174007019522,0,0.0004657626268453896,0
5185236541#5167083430,0,0.8243727087974548,1
1386747994#2056128836,0,0.0003186016110703349,0
5197586202#5214033793,1,0.6314104795455933,1
5121642074#102514982310,0,0.11634335666894913,0
1903466347#10175162517,0,0.3862357437610626,0
156274514359#91686025987,0,0.04567182809114456,0
4642512906#3501281334,0,0.0008309851982630789,0
2275666316#49857216438,0,0.003513307310640812,0
4272885125#4317041484,1,0.7389408946037292,1
69710193399#2074019451,0,0.05786743760108948,0
4323500485#4435566465,1,0.868018388748169,1
4755359264#49857216438,0,0.1040373370051384,0
1843271409#4393085087,0,0.00916065089404583,0
2062766088#3403897392,0,0.8777440786361694,1
2059483876#3525845999,0,0.001188377384096384,0
5096293410#156277514294,0,0.014287500642240047,0
4209814745#4913742546,0,0.003640233539044857,0
1728174549#3603201749,0,0.8641461730003357,1
4215038721#4215027256,1,0.7807459831237793,1
2199135578#4549189933,0,0.0014639943838119507,0
4673557611#4620685919,1,0.796231210231781,1
1537709304#1533602348,0,0.002498096087947488,0
1701470611#2078835030,0,0.858954668045044,1
1528865186#4781194041,0,0.0014032123144716024,0
1951195150#4450602322,0,0.0009627843392081559,0
4915591396#5154681248,0,0.15220025181770325,0
7161173338#5018368651,0,0.49626240134239197,0
4840773591#125323389433,0,0.0004386228392831981,0
2079572106#1639699607,1,0.858173668384552,1
1415554755#2175801910,0,0.08838088810443878,0
2057051388#3550931655,0,0.0007264286396093667,0
4218561827#4214739605,0,0.9051857590675354,1
4444196403#3214249595,0,0.0012686899863183498,0
4572636295#4435566465,0,0.45999041199684143,0
4391918874#86283717806,0,0.02022850513458252,0
3648904906#4272843119,0,0.9028045535087585,1
5123189265#7161172305,0,0.5780882239341736,1
60367707728#11087571368,0,0.056559596210718155,0
4542321633#3052944481,0,0.0019086875254288316,0
1712570793#1712573177,0,0.8866007924079895,1
3550979323#14613588147,1,0.8509002923965454,1
4915591396#4867542841,0,0.743195116519928,1
2026258519#2026258520,0,0.845337450504303,1
102514982310#4722721497,0,0.21262364089488983,0
2057051388#2247165276,0,0.4643060863018036,0
2175801910#1696208496,0,0.24576686322689056,0
18465851371#3487828521,0,0.8197136521339417,1
3044025040#3831256267,0,0.6304255723953247,1
4636446230#2061448087,0,0.0008940873085521162,0
3446029041#4077473357,0,0.6750800609588623,1
4572636295#38406123057,0,0.0004924357635900378,0
4439737347#4699510653,0,0.0006479877629317343,0
4898626808#3860948251,0,0.575180172920227,1
3836676657#4530026053,0,0.5213755369186401,1
4022447951#3026064813,0,0.0018065657932311296,0
2133358535#2056078364,0,0.5958529710769653,1
1818739935#1316556785,0,0.007051104214042425,0
4993036319#4316999082,0,0.0012053571408614516,0
1647227082#1427286361,0,0.08344388753175735,0
2159452221#2199135578,0,0.000786479446105659,0
3408556286#2068436073,0,0.03261856734752655,0
1318260275#2057051388,0,0.0037797524128109217,0
4642854804#5165108496,0,0.0004518346977420151,0
3404019551#2057051388,0,0.5554042458534241,1
2062867476#18468188878,0,0.012528073973953724,0
1394397775#2060257095,0,0.8082304000854492,1
1778563595#1778563597,0,0.11992596089839935,0
157726428514#4998365450,0,0.05532695725560188,0
4843831604#2056478070,0,0.0003186493122484535,0
1813034413#1816430010,0,0.08075936138629913,0
4231111906#4226659634,0,0.02661856636404991,0
4223043910#4003298247,0,0.5803109407424927,1
117154450703#2062782802,0,0.0006240083021111786,0
2060253226#2054733437,0,0.008440684527158737,0
2059052537#4495500756,0,0.6706772446632385,1
4272843119#4348295931,0,0.0018748545553535223,0
18468690620#5169257623,1,0.8888891935348511,1
4657354285#4657354294,0,0.8370059132575989,1
4179651570#1994805938,0,0.752941906452179,1
2133358535#4200562083,0,0.009830701164901257,0
91686025987#29299331674,0,0.8670094609260559,1
4219781521#1712573177,0,0.01073943730443716,0
1374772550#3289002540,0,0.007503032218664885,0
2003710867#3635733776,0,0.34462469816207886,0
1497939109#5003601219,0,0.0004175131325609982,0
4408616491#4742698844,0,0.0005905477446503937,0
14613464473#4549189933,0,0.0006250508595257998,0
157726428514#121528725386,0,0.061168670654296875,0
1438326380#4157280271,0,0.8958536386489868,1
5109193415#4405676807,0,0.6222416758537292,1
1574873794#4196521320,0,0.5665861368179321,1
4157280271#1401982678,0,0.0032386649399995804,0
4321048267#5037293131,0,0.6811975836753845,1
117154450703#114453608394,0,0.09042815864086151,0
5183692300#2062075980,0,0.0017746428493410349,0
3806980943#4348295931,0,0.0006588189280591905,0
1316058339#4915591396,0,0.0004907904658466578,0
1903466347#4065795443,0,0.43646910786628723,0
1840606003#4157280271,0,0.05381246283650398,0
4256926363#4657354311,0,0.01868758536875248,0
4952978442#5165108496,0,0.720503032207489,1
3438816692#1709057480,0,0.5953497290611267,1
2281691154#5014897285,0,0.03919694572687149,0
5173394727#5104418469,0,0.0034496216103434563,0
3501281334#1646275700,0,0.0006386838504113257,0
4820163687#4748650954,0,0.8043422698974609,1
1778563595#1712570939,1,0.8730475306510925,1
2148153592#3594649033,0,0.0008570676436647773,0
4157496031#4619195159,0,0.4015434980392456,0
4391918874#4536041187,0,0.33169472217559814,0
201663692217#2062770841,0,0.0007623669225722551,0
1672066227#4261185678,0,0.0017171623185276985,0
4589929428#4572636295,0,0.6347278952598572,1
4201830454#4450888165,0,0.00041262261220254004,0
3349756713#4658620132,0,0.47882652282714844,0
4959321228#41713266437,0,0.8266211748123169,1
207035576772#1847712017,0,0.0011405032128095627,0
2059052537#3791139342,0,0.0005790030118077993,0
2111041560#4465664542,0,0.0009586822125129402,0
2055886100#2329543699,0,0.02569516748189926,0
4523728345#4416668620,0,0.0007506465190090239,0
5169257623#18465816919,0,0.9027447700500488,1
2016866277#2133358535,0,0.9641395211219788,1
4534359957#4451288784,0,0.10903532058000565,0
1318260275#2079581946,0,0.00035094242775812745,0
4572636295#4323500487,1,0.8647875785827637,1
2059052537#2062766088,0,0.0015601076884195209,0
1882929309#2066246683,0,0.9267056584358215,1
2268304430#1594535012,1,0.7026494741439819,1
4581502608#4718263231,0,0.00039108528289943933,0
3114734058#4384414279,0,0.0008776626782491803,0
4157496031#5014897285,0,0.0005709964316338301,0
3236601708#3550931655,0,0.8252962827682495,1
4705583754#3249354040,1,0.8727035522460938,1
4176217131#4828387554,0,0.8465107083320618,1
5090005101#4699280965,0,0.0012164360377937555,0
4161797606#3359180052,0,0.0008368422859348357,0
4145588659#2199135578,0,0.5709847807884216,1
1326086493#2062766088,0,0.0007694564992561936,0
2062075980#18467925256,0,0.9565784931182861,1
4726704241#2055886100,0,0.0007270031492225826,0
4572380856#3794247232,0,0.7425963282585144,1
3044853716#2066624968,0,0.06238607317209244,0
1319944364#3227376447,0,0.5737887024879456,1
314601953357#102514982310,0,0.14927120506763458,0
3495408683#4643943359,0,0.020624613389372826,0
5067776785#2135316663,0,0.0004966682754456997,0
4755359264#38448881724,0,0.6975377202033997,1
3972924699#2027929598,0,0.0007138256332837045,0
1574873794#3400442486,0,0.0009774663485586643,0
18469192585#435372126625,0,0.007666328456252813,0
2060185518#291173146171,0,0.0004438348987605423,0
2268287413#34888001864,0,0.00038788581150583923,0
2092610536#3269719212,0,0.17735899984836578,0
4623947495#406088738482,1,0.037388987839221954,0
4628867825#4619195159,0,0.028755201026797295,0
2007847537#2112794415,0,0.7898987531661987,1
1994805938#3347114660,0,0.7120561599731445,1
4452060617#4750249486,0,0.881405234336853,1
1962074579#4091921695,0,0.7856557965278625,1
4165151066#1565925308,0,0.0005593533278442919,0
1543155210#1565925308,1,0.7357978224754333,1
117154450703#189546061243,0,0.6199782490730286,1
4437827660#3525845999,0,0.7367485165596008,1
4397595587#4781194041,0,0.4748750627040863,0
3052180518#1430988070,0,0.8921924829483032,1
3043492443#2163049577,0,0.0006210420397110283,0
5197586202#4952978442,0,0.41305509209632874,0
2111041560#1637581644,0,0.043828316032886505,0
23230310067#4761512241,1,0.7697197794914246,1
3408556286#10530767652,0,0.0010434511350467801,0
4353960088#4384403228,0,0.7079271674156189,1
1848008894#3972924699,0,0.06751009076833725,0
2056128836#1816430010,0,0.014372484758496284,0
107725290582#4658620132,0,0.00031602298258803785,0
1696095096#4196521320,0,0.7284551858901978,1
4330455313#4511530729,0,0.0022951147984713316,0
5182742886#18466202308,1,0.9010908603668213,1
2065354050#1627738213,1,0.8431805968284607,1
1594535012#2026069710,0,0.1626596748828888,0
4206224036#4735432768,0,0.6485862731933594,1
3635733776#1684789889,0,0.08964020013809204,0
2007329552#1646275700,0,0.2606312334537506,0
1472057117#4991881551,0,0.11220778524875641,0
4346970606#4589673799,0,0.013471994549036026,0
4542039020#4619195159,0,0.0009103487827815115,0
1811606488#4628482537,0,0.4179317355155945,0
2297005450#1633806208,0,0.00042537800618447363,0
2119398744#2111350136,1,0.7888190746307373,1
4218561827#4335156801,0,0.0017860399093478918,0
1438441444#2063588766,0,0.0005008993903174996,0
1497939109#2343156405,0,0.06957106292247772,0
4644140313#1696095096,0,0.7903478145599365,1
4179651570#2281691154,0,0.7801653742790222,1
55721888445#1701333916,0,0.0010372758843004704,0
5181571321#14613435427,0,0.0002857643994502723,0
4825375981#21269204096,0,0.0026041523087769747,0
3882201915#3949154897,0,0.18739552795886993,0
50602309472#3648904906,0,0.0014365467941388488,0
1656969942#5003601219,0,0.7731348276138306,1
3551393130#1810185303,0,0.24590617418289185,0
4479096588#4285709207,0,0.00048448576126247644,0
14613461939#4327866563,0,0.0044989753514528275,0
1416301524#3612961288,0,0.0004143877886235714,0
5059261580#4619195159,0,0.2947825789451599,0
53263275323#60367707728,0,0.8121177554130554,1
4004772536#3282474651,0,0.0016666982555761933,0
3709672083#2275666316,0,0.00035972651676274836,0
3967431644#3044025040,0,0.004372027236968279,0
3630377420#1696208496,0,0.0005091293132863939,0
4454965094#4454991968,0,0.009368848986923695,0
29299331674#4226659635,0,0.4743422567844391,0
3968945784#1502384801,0,0.17510393261909485,0
2062867476#3076859035,1,0.7293647527694702,1
3954668240#2247165276,0,0.3957552909851074,0
145960681701#4867542841,0,0.08233223110437393,0
138963214044#156276677247,0,0.03874177113175392,0
4454991968#2027929598,0,0.7836240530014038,1
4024663252#4215027256,0,0.0007391590042971075,0
3920807098#4722721497,0,0.5972245931625366,1
4408616491#1816427364,0,0.04249538108706474,0
3555205657#3487828521,0,0.6230819821357727,1
3046471496#3108657350,0,0.00040738104144111276,0
1634282673#201663692217,0,0.05963609740138054,0
3474372520#3076859035,0,0.001756761223077774,0
3289002505#4065797638,0,0.8363109827041626,1
1533602348#3299598934,0,0.6006898283958435,1
41375214069#1684789889,0,0.8507810235023499,1
4285709207#18465816919,0,0.002926851622760296,0
2092610533#2066246683,1,0.7967347502708435,1
1914706723#1565925308,0,0.8030879497528076,1
4391919171#4658956014,0,0.007400603499263525,0
4534359957#3628533316,0,0.0006847567856311798,0
3363370353#2057051388,0,0.8948686718940735,1
4604457043#178258449477,0,0.6386114954948425,1
34888001864#4653616782,0,0.00047543743858113885,0
4335156801#2122362220,0,0.27976593375205994,0
1728174549#1472057117,1,0.9964320659637451,1
3972924699#4040016243,0,0.6685423851013184,1
2551494872#4223043910,0,0.0009544756612740457,0
2176735919#1743052872,0,0.9493981003761292,1
2175801910#4538332005,0,0.0003354283107910305,0
4581502608#1395111624,0,0.0023913909681141376,0
2176735919#2133358535,0,0.7067334651947021,1
4746144353#4620294540,0,0.08730655908584595,0
114453608394#2079572106,0,0.0032212897203862667,0
2297005450#29299331674,0,0.9126739501953125,1
4450602322#4658620132,0,0.07950880378484726,0
1728174549#336556403061,0,0.4290778636932373,0
54161674630#4015422065,0,0.6993199586868286,1
5167083430#18465816919,1,0.9261087775230408,1
4065721591#4015322905,0,0.0003376256790943444,0
4628867825#4589678847,0,0.237287700176239,0
4256622048#4657354294,0,0.47118255496025085,0
2054657143#3628839722,0,0.0005809498834423721,0
4536450435#2058222393,0,0.0008676303550601006,0
2065201243#6871473475,0,0.3083915710449219,0
109165560395#2064229512,0,0.0247147586196661,0
1882929309#421393369392,0,0.0011377318296581507,0
3949154897#4549189933,0,0.0006599758635275066,0
3831256267#1840606003,0,0.0003525797510519624,0
50602314209#87720200914,0,0.6840292811393738,1
38448881724#2065201243,0,0.006447977386415005,0
4589673799#50016874555,0,0.0007211461779661477,0
4397595587#4417849752,0,0.7277173399925232,1
4535930871#1557919756,0,0.0019987663254141808,0
4657354294#97115452949,0,0.0006100214086472988,0
3501285885#14613461654,0,0.15381057560443878,0
3404019592#3419405027,0,0.7407812476158142,1
4140165052#4385421396,0,0.7943312525749207,1
1671393307#2120472151,0,0.25588127970695496,0
1962074579#3245545040,0,0.012581542134284973,0
2078774568#2063706226,0,0.5877602100372314,1
1816430010#34888001864,0,0.0004237096291035414,0
2111349786#1953270965,0,0.6488579511642456,1
1694379811#4391919171,0,0.0008444202831014991,0
4132281843#1472057117,0,0.4201827049255371,0
4247271139#5041670056,0,0.3276140093803406,0
156277207697#156277208014,0,0.8698091506958008,1
3920807098#4941134416,0,0.3550630807876587,0
4781194041#29299331674,0,0.00048736538155935705,0
4530026053#4289086328,0,0.6243155002593994,1
3408556286#4452550298,0,0.0026319269090890884,0
2119476678#2165015487,0,0.9203072786331177,1
4755359264#1710094724,0,0.03473449870944023,0
1313607746#1782357780,0,0.06577326357364655,0
14613469834#4644140313,0,0.0013611535541713238,0
4195993580#4391919171,0,0.026080982759594917,0
3949154897#1646275700,0,0.12025924772024155,0
2026258519#2181531828,0,0.838304340839386,1
5154681248#86626661064,0,0.09395162761211395,0
212771874474#4667944802,0,0.00036259490298107266,0
422592070627#3361906432,0,0.003847261192277074,0
5060996735#5090085713,0,0.007922414690256119,0
4722721497#2060253226,0,0.0007043032674118876,0
4452550298#1816427364,0,0.009575458243489265,0
2057051388#2057051387,0,0.14249007403850555,0
2055886100#2133358535,0,0.009518955834209919,0
2053826326#5197586202,0,0.6824843883514404,1
3648904906#3669306485,0,0.6756232976913452,1
3236601708#3809186919,0,0.5734570026397705,1
4451124293#4452550298,1,0.8077110052108765,1
3648904752#4272843119,0,0.8598450422286987,1
1718471304#1374772535,0,0.09977050125598907,0
1646206864#3474372520,0,0.00046646283590234816,0
4659194738#19705527158,0,0.01870100386440754,0
5018389488#4155510577,0,0.00027786189457401633,0
1684789889#3026064813,0,0.8000341653823853,1
1427286361#1765891797,0,0.0011652229586616158,0
4451089335#4699280965,0,0.0007592797628603876,0
2055377631#97115452949,0,0.4193922281265259,0
2113093450#4944579314,0,0.8408131003379822,1
1751364886#1751364880,0,0.6114510297775269,1
4411426624#4071233134,0,0.508845329284668,1
4200562083#1843271409,0,0.510353684425354,1
3999176481#1994805938,0,0.005139325745403767,0
2551494872#1656969942,0,0.2477758526802063,0
5027483278#1711687490,0,0.0007903945515863597,0
1313607746#3920807098,0,0.009117668494582176,0
5060996735#3648904906,1,0.9256478548049927,1
291173146171#2060185514,0,0.00046923072659410536,0
3949154929#3903241588,0,0.629566490650177,1
1780678934#1639390814,0,0.0003751616459339857,0
1537709317#4145496082,0,0.0017448962898924947,0
4452550298#4215027256,0,0.19741271436214447,0
1537709311#4452550298,0,0.001630709390155971,0
3446029032#4206267336,0,0.00043560066842474043,0
4291077418#3289002540,0,0.9192038178443909,1
3791139342#70183897754,0,0.000805328949354589,0
1701470611#336556403061,0,0.151076078414917,0
4157551094#2115151765,0,0.31015780568122864,0
4057032761#4024663252,0,0.30484190583229065,0
1326086493#3794247232,0,0.005532600451260805,0
4726704241#79993360240,0,0.6818223595619202,1
1818739935#2275666316,0,0.003318069502711296,0
4205424867#4022447951,0,0.00908475462347269,0
1718471304#4657354311,0,0.002724929479882121,0
2066624973#4680095395,0,0.7670955061912537,1
4700047151#3359180052,0,0.5949925780296326,1
4910561821#4247271139,0,0.293087899684906,0
4755359264#187508564338,0,0.4061397314071655,0
2727127831#4572380856,1,0.6219857335090637,1
4780994423#5318769457,0,0.5440272092819214,1
1817644740#4261185678,0,0.0010923095978796482,0
3889395495#4781194041,0,0.0008501766715198755,0
2066246683#1818739935,0,0.0027838554233312607,0
2119398744#1953270965,0,0.8122276663780212,1
3361906432#1817644740,0,0.7039893269538879,1
4726704241#4700047151,0,0.5313935279846191,1
4572636295#4820163687,0,0.8064841032028198,1
2066535766#1500022510,0,0.0004970661248080432,0
3107598853#580549064505,0,0.0006078105652704835,0
1905948078#2059483876,0,0.5623241066932678,1
14613460476#2056478070,0,0.0009454474784433842,0
3401731422#4952978442,0,0.0009846226312220097,0
5090005101#4214739605,0,0.578045129776001,1
1701333915#3529095384,0,0.0009199839551001787,0
2055886100#4804861605,0,0.0012471748050302267,0
3635733776#4715847880,0,0.2946073114871979,0
18468687381#2063706226,0,0.8584786057472229,1
114453608394#1639901072,0,0.0022517924662679434,0
146778888902#4730645460,0,0.000788289587944746,0
2007847537#4523728345,0,0.15902183949947357,0
2079581946#2078835030,0,0.10224582254886627,0
4589830735#4534359957,0,0.13999341428279877,0
2133358535#1497880313,0,0.02307967282831669,0
2054781193#1914403252,0,0.0013141061645001173,0
91686025987#5163452200,0,0.7992721199989319,1
487126887411#4470296934,0,0.018971620127558708,0
2120155505#4179651570,0,0.8007712960243225,1
2026258524#2026258520,0,0.23013998568058014,0
3289002505#3287805133,0,0.026415375992655754,0
4495044650#2061673563,0,0.00042962413863278925,0
1962074579#54161674630,0,0.0011885088169947267,0
4623947495#1847712017,0,0.000849351636134088,0
4316999113#1321409006,0,0.0022366801276803017,0
174006932062#174007019522,0,0.0734528973698616,0
4024663252#4451124306,1,0.6498551368713379,1
2027929598#2069774757,0,0.07736348360776901,0
4755359264#4643718292,0,0.01698112115263939,0
4327866563#4457149562,0,0.011963436380028725,0
156277514294#307718000196,0,0.3157314658164978,0
2180579787#2026258519,0,0.8598983883857727,1
4535949395#4595088087,0,0.9569699168205261,1
4161797606#4991881534,0,0.4403381943702698,0
3612961288#1867262556,0,0.000658186967484653,0
3513178266#1347237190,0,0.00115224439650774,0
1816427364#303600075141,0,0.0009328448213636875,0
3934602500#4196598949,0,0.0007220123079605401,0
2055448044#3289002540,0,0.0005043013370595872,0
5123189260#3282474651,0,0.8283377885818481,1
41375214069#7161172305,1,0.5825681686401367,1
3501281334#1646206864,0,0.0006484439945779741,0
4672808661#1635692869,0,0.5467972755432129,1
3477269989#3628839722,1,0.868238627910614,1
1867286717#4417818851,0,0.7658548951148987,1
3550979323#4898626808,0,0.00040103981154970825,0
3551393130#4065721591,0,0.0006494672852568328,0
14613461939#2069774757,0,0.00044754231930710375,0
4623949169#4851901157,0,0.001111983205191791,0
309312102749#364679238122,1,0.651544988155365,1
2058148983#3501281334,0,0.0007945040124468505,0
2064414260#1520168707,0,0.0015617558965459466,0
3485676898#4551054156,0,0.0003542036283761263,0
3709672083#4705583754,0,0.0006124080973677337,0
4943818903#38448881724,0,0.42487263679504395,0
3926916973#2075914534,0,0.823763370513916,1
4298588573#3881831374,0,0.007618865929543972,0
1694379811#1497880313,0,0.7542001008987427,1
102514982310#4538332005,0,0.00099594471976161,0
2135054445#2069985286,1,0.8811094760894775,1
4926426630#4215038721,0,0.605417788028717,1
4972894326#2062867476,0,0.0022649005986750126,0
3683502845#3644272514,0,0.5645106434822083,1
2062766088#2062766801,0,0.215436190366745,0
4828654874#1770010645,0,0.8632622957229614,1
41713266437#111110399548,0,0.017291560769081116,0
2336490445#3860948251,0,0.0004355792480055243,0
2054753273#3926867260,0,0.8421140313148499,1
4499147142#1416301524,0,0.041250456124544144,0
4195960848#4197138413,0,0.009266183711588383,0
1818739935#117154450703,0,0.0013100410578772426,0
41375214069#4804861605,0,0.087031789124012,0
4256926363#4479424072,0,0.0003625800309237093,0
4726704241#3299598934,0,0.78041011095047,1
2065201243#2062075980,0,0.9333813190460205,1
4210986952#2063588766,0,0.5675002336502075,1
1312695289#2159452221,0,0.3534717857837677,0
1537709317#4077473357,0,0.016611255705356598,0
3926916973#3050152494,0,0.0019250609911978245,0
29608029868#2297005450,0,0.2054770290851593,0
4929499262#3304467506,0,0.7474693059921265,1
1843271409#53263229623,0,0.0006371362833306193,0
4451289887#4451288784,0,0.43726056814193726,0
4620261674#3470148182,1,0.9372661709785461,1
4897048724#3848611844,0,0.004005749244242907,0
1951195150#4454991968,0,0.0005003325059078634,0
4633378534#4748650954,0,0.42851054668426514,0
1701333915#1701333916,1,0.8061777949333191,1
3580539229#3245545040,0,0.6669481992721558,1
4405676807#1921223120,0,0.0009463599417358637,0
2026258520#4346970606,0,0.0662175640463829,0
1374772535#4820163687,0,0.00032766396179795265,0
5027483278#117154450703,0,0.0009199563646689057,0
2075914534#1721524699,0,0.2919599711894989,0
4091921695#4140165052,1,0.7000318765640259,1
197910587768#4811798618,0,0.8130661845207214,1
4797396841#2058316912,0,0.6416548490524292,1
2061448087#1537709308,0,0.6862594485282898,1
5031406959#5165108496,1,0.8927502632141113,1
1712570793#1816427364,0,0.9635189771652222,1
4149299298#2336490445,0,0.0007275739335455,0
1565912494#1565913509,0,0.056551579385995865,0
138962728028#2061022206,0,0.15793535113334656,0
3361906432#4549189933,0,0.8064004182815552,1
3727491058#2054657143,0,0.5295221209526062,1
4535941097#4535949395,0,0.0010275449603796005,0
2159739481#1548108669,0,0.0002744619851000607,0
2062766801#1457252585,0,0.21775253117084503,0
1635692869#106964376935,0,0.6744852662086487,1
3044853716#2133358535,0,0.019639508798718452,0
2064229512#4435686270,0,0.000485006021335721,0
2296493468#2183428945,0,0.0010409386595711112,0
3551393130#3551393318,0,0.01773250289261341,0
1427286361#2064414260,0,0.937901496887207,1
3501285885#4633378534,0,0.006077596917748451,0
2115880476#2296451977,0,0.0004808423691429198,0
2066624973#4893633475,0,0.00046958847087807953,0
3551393130#3451234547,0,0.6841274499893188,1
3626237468#4662042966,0,0.825663149356842,1
4145588659#3806980943,0,0.0013008583337068558,0
102514982310#114453608394,1,0.5628946423530579,1
1415554755#1696208496,0,0.10672582685947418,0
2115528606#3770456617,0,0.000445719895651564,0
2056128836#4272137501,0,0.030650516971945763,0
4687116172#2296451977,0,0.031109066680073738,0
2054657150#5059261580,0,0.0006721807876601815,0
1543155210#4926426630,0,0.0006329869502224028,0
2154491220#3628533316,0,0.002656699391081929,0
4780994423#157726428514,0,0.002320179482921958,0
2343156405#2056078364,0,0.022047068923711777,0
3972924699#4840773591,0,0.00031941209454089403,0
4150903563#4687116172,0,0.31776896119117737,0
4763332016#1653994308,0,0.0006423688610084355,0
4893633475#4426740219,0,0.09657366573810577,0
2054657150#3727491058,0,0.5844106078147888,1
54158093151#3403897392,0,0.00048529711784794927,0
3445564730#3114734058,0,0.000763026881031692,0
1537709304#1537709311,0,0.06625643372535706,0
4589830735#1477293192,0,0.002871536649763584,0
2075240892#2275666316,0,0.0021764878183603287,0
3042764047#4536450435,0,0.6071480512619019,1
4439737347#4155408706,0,0.48858195543289185,0
2281691154#1701333847,0,0.014081813395023346,0
18465851371#1401982678,1,0.9538012146949768,1
2053826326#2114975127,0,0.7463051080703735,1
1741741476#3446029041,0,0.011080089025199413,0
4667944802#3626237468,0,0.9425208568572998,1
1640340946#1847712017,0,0.0022914698347449303,0
4065795443#3487828521,0,0.7484650611877441,1
125323389433#2159739481,0,0.0006205313839018345,0
1875282048#4867542841,0,0.00030682815122418106,0
2069985286#2007847537,0,0.0005890302709303796,0
4161797606#4452060617,0,0.0016996030462905765,0
1817644740#3831256267,0,0.7132089138031006,1
1472057117#4219781521,0,0.4122427701950073,0
7161172172#114453608394,0,0.005237939767539501,0
2336490445#1398443073,0,0.00045232384582050145,0
3404019592#2057051388,0,0.41678571701049805,0
4663785560#38202857246,0,0.032969243824481964,0
29608029868#2062867476,0,0.003883489640429616,0
2057685237#4391918874,0,0.0018719122745096684,0
29608029868#4643938191,0,0.5076084136962891,1
2062782802#1721524699,1,0.7943488359451294,1
4542039020#4633378534,0,0.0004061369108967483,0
2551494872#1654102057,0,0.7555323839187622,1
4633378534#4589929428,0,0.5469827055931091,1
4657354311#7161172172,0,0.0023007832933217287,0
60367707728#4742698844,0,0.8947172164916992,1
4132281843#303600075141,0,0.34990304708480835,0
1765891797#2003710867,0,0.4020113945007324,0
124021630369#3214249597,0,0.0005492754862643778,0
4536450435#4279029102,0,0.5310031175613403,1
2296451977#2092610533,0,0.001709483563899994,0
4384414279#4435913614,0,0.0006359699182212353,0
4877427884#2338131041,0,0.0007323630270548165,0
1497880313#1477156406,0,0.6083728671073914,1
4165585148#3709672083,0,0.6411173939704895,1
3054434630#1721524699,0,0.024357037618756294,0
4820163687#4479070818,1,0.9226569533348083,1
107725296889#2092174215,0,0.001766853267326951,0
2165015487#3609077013,0,0.001792472554370761,0
4840773591#174006932062,0,0.0004748506471514702,0
3435281641#3485676898,0,0.0014832556480541825,0
3474372520#2060355842,0,0.011332164518535137,0
173652977366#4811798618,0,0.8072020411491394,1
114453608394#4613276653,0,0.0011906815925613046,0
7161172172#7161172305,0,0.32953768968582153,0
2180579787#60367707728,0,0.03652636706829071,0
4973150488#4972894677,0,0.025068750604987144,0
1710094724#3633360460,0,0.8255079388618469,1
4231111906#4232666143,0,0.11811687797307968,0
4604457043#4667944802,0,0.0020632862579077482,0
4196030610#3949154897,0,0.0005176204140298069,0
4683006694#4289077889,1,0.696769118309021,1
4479070818#3054671141,0,0.000437844981206581,0
3236601708#1878732185,0,0.0004370681126601994,0
106964376935#4843831604,0,0.38591763377189636,0
4155408706#4279029102,1,0.8699454069137573,1
4943818903#4620685919,0,0.7405847311019897,1
4408616491#4200562083,0,0.0026554162614047527,0
4289086328#4289077889,0,0.14296786487102509,0
4450888165#4385421396,0,0.19901764392852783,0
4129122420#3107598853,0,0.7685375213623047,1
107725296889#4900378668,0,0.019570577889680862,0
4215038721#4024663252,0,0.20765702426433563,0
3860948251#3794247232,0,0.04145396128296852,0
2055255869#4411426624,0,0.00045328467967920005,0
5173394727#121528725386,0,0.0005041189724579453,0
2054657150#3411721643,0,0.008185477927327156,0
3551393130#2111349786,0,0.0018714525504037738,0
4499147142#1646206864,1,0.8330220580101013,1
2359474749#2359348328,0,0.07957221567630768,0
146778888902#146777938215,0,0.020879726856946945,0
1740857110#3408556286,0,0.0013675738591700792,0
2314360284#4536450435,0,0.006180969066917896,0
3968945784#4495500756,0,0.07230697572231293,0
124021630369#4202041822,0,0.001491601811721921,0
2058316912#1775497794,0,0.0011496044462546706,0
4470296934#4165151066,1,0.8606584668159485,1
3400442486#3603201749,0,0.0023585183080285788,0
2181531828#2183428945,0,0.8034020066261292,1
309670736915#4247271139,0,0.00040809856727719307,0
4471122121#53263229623,0,0.7029430866241455,1
3404019551#1634282673,0,0.000530329009052366,0
197910587768#156893097471,0,0.8766928911209106,1
4657354285#4256926363,0,0.11409594863653183,0
3501281334#3289002540,0,0.7431804537773132,1
5037293131#97014870931,1,0.6598066091537476,1
4535930871#3968945784,0,0.18860770761966705,0
4272887201#4272885125,0,0.5517602562904358,1
4808134153#2069774757,0,0.026411788538098335,0
4657354311#4933360994,0,0.09293527901172638,0
1497880313#1438326380,0,0.6593657732009888,1
4699510653#107725292534,0,0.1398598551750183,0
4385184631#49857216438,0,0.0011579709826037288,0
3495408683#189546061243,0,0.0016093389131128788,0
8431814058#1557919756,0,0.004576655104756355,0
4572374020#4730645460,1,0.8114455938339233,1
3287805133#4065797638,0,0.818814754486084,1
4636381625#3046729281,0,0.00369626353494823,0
4346970606#4742698844,0,0.0007406873628497124,0
5067776785#3108657350,0,0.606503963470459,1
2111818909#1770010645,0,0.7866731286048889,1
4223043910#174006932062,0,0.0005246535874903202,0
4065795443#3289002540,0,0.7958409190177917,1
4321048267#2055377631,0,0.8845112323760986,1
4259241183#4155510577,1,0.8721404671669006,1
1541880573#4202041822,0,0.8778389692306519,1
29607392514#3445564730,0,0.002170747146010399,0
4715847880#32236834289,0,0.0012603314826264977,0
4657354285#4226659634,0,0.5793590545654297,1
422592070627#1694379811,0,0.0006692828610539436,0
2268304430#146778888902,0,0.032132428139448166,0
4900378668#1903466347,1,0.7939682602882385,1
3628533316#207035576772,1,0.7943550944328308,1
5031406959#4065795443,0,0.0005419333465397358,0
4840773591#4659194738,0,0.0007008059183135629,0
4662042966#2074019451,0,0.002998072188347578,0
3896015808#4530026053,0,0.0033333266619592905,0
1456843034#3076859035,0,0.0009151563281193376,0
2068623358#2059052537,0,0.0021298909559845924,0
2199135578#1810185303,0,0.017981721088290215,0
1712570939#1727736762,0,0.8281129598617554,1
3557197892#2069774757,1,0.7268823981285095,1
2075914534#3403917033,0,0.0931941419839859,0
1778563602#1634282673,0,0.29223141074180603,0
422592070627#4435686270,0,0.07973277568817139,0
38202857246#1543155210,0,0.0004001101478934288,0
4416668620#3629624977,0,0.0007416048320010304,0
1543155210#1951195150,0,0.0003153818834107369,0
5167083430#3446029032,0,0.0005373319145292044,0
3042764047#4437827660,0,0.7359215021133423,1
3764759336#3513178266,0,0.46990326046943665,0
4155510577#3967431644,0,0.0014694135170429945,0
111568230982#2058132898,1,0.750423789024353,1
4417849752#1867286717,0,0.5883728861808777,1
3461052410#1318260275,0,0.000398414907976985,0
4223934140#1639390814,0,0.0013915408635511994,0
4285709211#4285709207,0,0.7032118439674377,1
5060996735#4317041484,0,0.7136527299880981,1
1878732185#2060257095,0,0.5834392309188843,1
4321048267#2056662276,1,0.8386263847351074,1
1594535010#111110399548,0,0.004441755823791027,0
1778563595#4232471781,0,0.0007046235259622335,0
1438441444#1398682725,0,0.6199889183044434,1
3403917033#3926916973,0,0.5366548299789429,1
5007075941#2112576214,0,0.0010756989941000938,0
3245545040#1541880573,0,0.11988145858049393,0
2120155505#2115151765,0,0.843735933303833,1
1321409006#1813034413,0,0.6488900184631348,1
4129122420#4196598949,0,0.8290583491325378,1
1457252585#3972924699,0,0.00040805188473314047,0
2359435242#3052180518,0,0.8952288031578064,1
4643898157#4285709211,0,0.0023434143513441086,0
2007934907#100995265790,1,0.860231876373291,1
2003710867#4551054156,0,0.009802136570215225,0
3124123344#580549064505,0,0.000492098624818027,0
14613461654#14613461939,0,0.16034501791000366,0
4687116172#18467669365,0,0.010745067149400711,0
5181571321#1951195150,0,0.0004576336359605193,0
303600075141#336556403061,0,0.7172204256057739,1
314601953357#22859701254,0,0.003214250085875392,0
3831256267#1816929342,0,0.7442362308502197,1
4231111906#4636446230,0,0.6602101922035217,1
4715847880#2003710867,0,0.8713209629058838,1
1843271409#4285709211,0,0.04080444946885109,0
4272887201#2064730522,0,0.9278212189674377,1
309670736915#4712246454,0,0.0004465851525310427,0
97014870931#2055377631,0,0.24159950017929077,0
2092610533#156277208014,0,0.0004814544226974249,0
3446029041#3683502845,1,0.885125994682312,1
2092610536#2092610533,0,0.22113268077373505,0
1639832922#4623570105,0,0.01607690565288067,0
4285709207#4285491833,0,0.6630930304527283,1
4471122121#4465664542,0,0.0008969132322818041,0
1634282673#1778563597,0,0.22267667949199677,0
1751247315#4915591396,0,0.004233641549944878,0
4091921695#3926916973,0,0.004733218811452389,0
4437827660#2056662276,0,0.0004642719286493957,0
4840773591#174007019522,0,0.0013743037125095725,0
4157496031#4451289887,0,0.0007771175587549806,0
3299599421#14613435427,0,0.0004764688783325255,0
1712080073#1711852573,0,0.3039098381996155,0
1574873794#3445564730,0,0.0004298031562939286,0
2338916683#1438483240,0,0.0013337001437321305,0
309312101477#4003298247,0,0.0007416659500449896,0
4346970606#156277208014,0,0.0005791884032078087,0
2068623358#1710094724,0,0.7804921865463257,1
86283717806#1694379811,0,0.002043104963377118,0
2059124992#4385184631,0,0.08228425681591034,0
5031406959#2114975127,0,0.6033764481544495,1
4285491833#2061309144,0,0.0006140498444437981,0
2275666316#3474685536,0,0.0006052023964002728,0
1537709308#1537709317,0,0.0860125795006752,0
4451124306#86626661064,0,0.0005710429395548999,0
1665894324#1921223120,0,0.698453426361084,1
4393085087#4680204120,0,0.0009553523268550634,0
3949154897#1650171814,0,0.031897809356451035,0
54158093151#4748650954,0,0.0008039039676077664,0
3050045988#18468690620,0,0.0005671359249390662,0
4210985419#3411721643,0,0.000340846658218652,0
4206812485#3642422898,0,0.883938193321228,1
2117967935#4623570105,0,0.647068202495575,1
2275666316#174007019522,0,0.0008691085386089981,0
4215038721#4699510653,0,0.0012204250087961555,0
2112576214#4479096588,0,0.21263040602207184,0
1740857110#4451288784,0,0.0006502746255137026,0
4346970606#4797396841,0,0.0007415065774694085,0
1634282673#1633806208,0,0.0006479392759501934,0
1321409006#1816428069,0,0.7403347492218018,1
4479070818#4748650954,0,0.3877508342266083,0
4538003565#4589929428,0,0.0007707612821832299,0
1472057117#3287805133,0,0.12598064541816711,0
3404019551#2247165276,0,0.4149165153503418,0
4620685919#3806980943,0,0.7145999073982239,1
3881831374#6015919609,0,0.006274960935115814,0
1656969942#3061887519,0,0.8482493758201599,1
4099641396#4298588573,0,0.6761030554771423,1
4972894326#14613464513,0,0.7410237789154053,1
3439202323#1780678934,0,0.012251848354935646,0
1430988070#1875282048,0,0.0005444459384307265,0
1778563602#1727736762,1,0.3784116506576538,0
157726428514#189546061243,0,0.6533521413803101,1
422592070627#3633572726,0,0.002052509691566229,0
1751364886#4623949169,0,0.16602611541748047,0
86626661064#5018389488,0,0.6306177377700806,1
1701333847#1374772535,1,0.9221528768539429,1
3054671141#4022447951,0,0.01117648184299469,0
1650171814#5208946130,0,0.0005632505053654313,0
1533602348#4726704241,0,0.45485368371009827,0
4643943359#4944579314,0,0.8755508661270142,1
2111351705#2111350136,0,0.05922066420316696,0
4658956014#4536450435,0,0.0008688084199093282,0
2053826326#422592070627,0,0.6913650035858154,1
174006932062#121528725386,0,0.3333032727241516,0
2150036453#1816929342,0,0.4591742753982544,0
5104418469#3403897392,0,0.00035774637944996357,0
3727491058#1811606488,0,0.6571189761161804,1
4417849752#4416668620,1,0.922253429889679,1
1326086493#5215138753,0,0.6664040088653564,1
4214739605#3609077013,0,0.00130683952011168,0
2070908197#376973981474,0,0.0005170429940335453,0
2068623358#4631852445,0,0.013993200846016407,0
2055377631#4289077889,0,0.0020039062947034836,0
3934602500#1430988070,0,0.11488569527864456,0
4726704241#4643011415,0,0.37534889578819275,0
5173394727#4973150488,0,0.001308391336351633,0
4405676807#4219781521,0,0.0010820012539625168,0
3633572726#3550931655,0,0.9242550134658813,1
4538332005#1316058339,0,0.0005909216124564409,0
4808134153#1415647813,0,0.8319254517555237,1
5087832312#1696438060,0,0.09948086738586426,0
1882929309#1316058339,0,0.0007363976910710335,0
4206267336#1419344414,0,0.0006516854627989233,0
1416528046#2175801910,1,0.5814104080200195,1
4077473357#4877427884,0,0.00045385624980553985,0
2058563113#1520168707,0,0.000952222675550729,0
2066624968#4631852445,0,0.0016949671553447843,0
2060355842#421393369392,1,0.8664100170135498,1
4451089335#1743052872,0,0.0008246113429777324,0
4570764341#4722721497,0,0.010366776958107948,0
3513178266#4202041822,0,0.02130023017525673,0
2057811649#1710094724,0,0.6380545496940613,1
2111350136#564144132292,0,0.0004066930850967765,0
3477269989#3474685537,0,0.7888345122337341,1
2175801910#2027838359,0,0.7750714421272278,1
314601953357#1770010645,0,0.0008104252046905458,0
4959321228#1497880313,0,0.031088922172784805,0
4584646241#4391918874,0,0.7769788503646851,1
1374772535#4657354311,0,0.013655890710651875,0
3791139342#3967431644,0,0.0009456934058107436,0
4417818851#2055255869,0,0.018659597262740135,0
2168053392#4589678847,0,0.12760908901691437,0
41375214069#2062845102,0,0.001121541834436357,0
1712080073#1711687490,0,0.3843724727630615,0
21269204096#4205538788,0,0.0003067790239583701,0
4781194041#4841409785,1,0.9356327056884766,1
4898730640#4828654874,1,0.6482955813407898,1
4899954714#3806980943,0,0.0008188702631741762,0
364679238122#1701333916,0,0.0012954786652699113,0
2148153592#2059400154,0,0.4032754600048065,0
3056067914#2336490445,0,0.0027830321341753006,0
14613461654#14613466961,0,0.14829738438129425,0
2057811649#237523614768,0,0.0009385133744217455,0
2057051388#3954668240,0,0.8396557569503784,1
4589595738#2113760999,0,0.0003977579763159156,0
4285491833#4285709211,0,0.5854069590568542,1
48926966870#2054753273,0,0.46703842282295227,0
3628839717#4335156801,0,0.004716410301625729,0
2068623358#4680203965,0,0.7030227184295654,1
3054671141#3517506225,0,0.06327161192893982,0
4495044650#4735503306,0,0.03888816758990288,0
3764759336#2115880476,0,0.7647493481636047,1
1684789889#4715847880,0,0.7124711871147156,1
4662042966#4663785560,0,0.41361910104751587,0
4680204120#79993360240,0,0.0004812428669538349,0
1374772550#1701333915,0,0.8745099306106567,1
3044853716#2055886100,0,0.7107664942741394,1
1951195150#4808134153,0,0.0027981847524642944,0
4635981164#3107598853,0,0.000582633656449616,0
138962685339#276611684552,1,0.9246606230735779,1
4643011415#1533602348,0,0.5919031500816345,1
4256926363#4933360994,0,0.028847116976976395,0
2115880476#4034038494,0,0.12105640023946762,0
4215058789#4215038721,0,0.304126113653183,0
3628839722#3628839717,0,0.1779167354106903,0
1646275700#1816430010,0,0.5825421214103699,1
124021630369#3683502845,0,0.0005144262686371803,0
4479095804#4479096850,0,0.31793370842933655,0
4699510653#107725290582,0,0.11232081055641174,0
3517506225#1914403252,1,0.7125317454338074,1
2183963548#2026258519,0,0.838304340839386,1
1537709317#2338916683,1,0.7927882075309753,1
4755359264#314601953357,0,0.0010227169841527939,0
3107598853#1438441444,0,0.8093430995941162,1
4439737367#4435913614,0,0.1067388728260994,0
3550979323#3259289288,0,0.000636838492937386,0
2176735919#2056078364,0,0.618261992931366,1
4439426144#4256622048,0,0.0002963142469525337,0
4065795443#4439737367,0,0.009894774295389652,0
2066509477#5037293131,0,0.023242954164743423,0
1500022510#5087832312,0,0.025732863694429398,0
4317041484#4327866563,0,0.011171313002705574,0
4040016243#2057145715,0,0.0007278818520717323,0
1867286717#4781194041,0,0.34681662917137146,0
2163049577#2114049002,0,0.8234788179397583,1
237523614768#5128222238,0,0.0034232032485306263,0
4435528162#3836676657,0,0.7720564603805542,1
364679238122#4658620132,0,0.0030832511838525534,0
3061887519#5003601219,0,0.5283591151237488,1
1326086493#4893633475,0,0.004363921470940113,0
2066535766#487126887411,0,0.0004256658139638603,0
3359180052#3594649033,1,0.6490675210952759,1
41713266437#54161674630,0,0.8176295161247253,1
2183968048#2183963548,0,0.8664060831069946,1
4140165052#4426740219,0,0.5794758200645447,1
2111872187#2067179166,0,0.0019837107975035906,0
4653616782#2054657150,0,0.008023750968277454,0
3889395495#4893633475,0,0.0007324241450987756,0
2067571192#5087832312,0,0.032461632043123245,0
1543155210#1878732185,0,0.2925558090209961,0
4680095395#1727736762,0,0.0004921835497952998,0
1778563597#156277207697,0,0.0004103506507817656,0
3794247232#111568230982,0,0.7965902090072632,1
2296451977#2296574953,0,0.015434947796165943,0
3032709817#1627738213,0,0.0026587205938994884,0
336556403061#1728174555,0,0.3842845857143402,0
4323500487#4479070818,0,0.09847689419984818,0
4851901157#4285709207,0,0.0029447581619024277,0
4219781521#564144132292,0,0.002205967204645276,0
3043492443#4354044382,0,0.001612860825844109,0
3490539439#4015322905,0,0.0003305435529910028,0
4393085087#3881831374,1,0.9104002118110657,1
2075416140#3044853716,0,0.0005019642994739115,0
4479096588#4289077889,0,0.0011509746545925736,0
4209814745#3920807098,0,0.0012668492272496223,0
4495500756#18465816919,0,0.0006726579158566892,0
1437868238#4589673799,0,0.002763281110674143,0
4165151066#3683502845,0,0.002617042511701584,0
5154681248#157726428514,0,0.0009476397535763681,0
2074019451#3968945784,0,0.0023347248788923025,0
3108657350#1784900254,0,0.01487436331808567,0
376973981474#4157496031,0,0.0003270678280387074,0
1751364880#4619195159,0,0.0006563719362020493,0
4157551094#4272137501,0,0.8879265785217285,1
4898626808#3124123344,0,0.000624182284809649,0
97014870931#3637042235,0,0.0014708918752148747,0
2056662276#97014870931,0,0.11977453529834747,0
4479095804#4261185678,0,0.19598883390426636,0
53263275323#1394397775,0,0.0007146431016735733,0
2060355842#22859701254,0,0.002089658984914422,0
1671393307#3056067914,0,0.00047076764167286456,0
4071233134#3446029032,0,0.9073053598403931,1
4915591396#2727127831,0,0.00030306295957416296,0
7161172172#5214033793,0,0.0007016573217697442,0
564144132292#111568230982,0,0.0004744606849271804,0
146011937628#1921223120,0,0.811011791229248,1
3259289288#5123189260,0,0.39433184266090393,0
2359348328#4750249486,0,0.0004928818671032786,0
1430988070#2116342008,1,0.5979557633399963,1
3446029040#2329543699,0,0.0018842052668333054,0
3896015808#4668248026,0,0.0011009234003722668,0
2066509477#4657354311,0,0.0017782138893380761,0
3259289288#4435913614,0,0.0006866836338303983,0
1374772535#156277207697,0,0.00463164784014225,0
2180579787#2183428945,0,0.8902311325073242,1
3954668240#1847712017,0,0.6813949942588806,1
4538332005#54158093151,0,0.0008836252964101732,0
4450602322#2114341514,0,0.0013250975171104074,0
3555205657#3501281334,0,0.7284419536590576,1
1727736762#4397595587,0,0.0005145645700395107,0
1780678934#4140165052,0,0.023366078734397888,0
3967431644#2062782802,0,0.0021552867256104946,0
2455800880#14613465315,0,0.6575219035148621,1
2056078364#3050152494,0,0.45959919691085815,0
2114975127#4179651570,0,0.0008570195059292018,0
4179651570#276611684552,0,0.008739793673157692,0
4628467232#1415647813,0,0.9130915999412537,1
14613464513#14613461654,0,0.19187305867671967,0
2059400154#4004772536,0,0.00044294033432379365,0
2059052537#3056067914,0,0.18717236816883087,0
4408616491#5090085713,0,0.013738889247179031,0
2068602973#2066624973,0,0.02249395102262497,0
54161674630#5095503840,0,0.752147376537323,1
4929499262#3032709817,0,0.859704315662384,1
2339749085#14613465315,0,0.0005463665584102273,0
2059052537#1818739935,0,0.029651407152414322,0
38406123057#2297005450,0,0.659250795841217,1
4291077418#45531943201,0,0.021859070286154747,0
4417818851#2339749085,0,0.0008064927533268929,0
3236601708#2092610533,0,0.046993184834718704,0
2003336437#1647227082,0,0.34949707984924316,0
4742698844#87720200914,0,0.5233455300331116,1
4260680249#4165151066,0,0.37016525864601135,0
1921223120#5059261580,0,0.0005190905649214983,0
4454965094#5163452200,0,0.003080678405240178,0
5090005101#4393085087,0,0.004696762654930353,0
4129122420#1438441444,0,0.8283879160881042,1
2060185514#1711687490,0,0.003332790918648243,0
5163452200#29607392514,0,0.3651004433631897,0
2055255869#4209814745,0,0.00036909300251863897,0
2092938385#4384414279,0,0.039074890315532684,0
1816428069#1816427364,0,0.5135840177536011,1
2168053392#4589595738,0,0.12062808126211166,0
7161172172#5018368651,0,0.596375584602356,1
2007847537#4715847880,0,0.025050843134522438,0
3501285885#1653994308,0,0.8144751191139221,1
156274514359#3214249595,0,0.0005535771488212049,0
2338131041#1537709311,0,0.826572060585022,1
1712080073#3052165975,0,0.0026955429930239916,0
1816929342#1817644740,1,0.8277999758720398,1
3772512066#4735503306,0,0.04721920192241669,0
4746144353#4972894326,0,0.0012811730848625302,0
45531943201#41713266437,0,0.7230271100997925,1
4210985419#4893633475,0,0.38720226287841797,0
1784900254#2069774757,0,0.0009232629090547562,0
4657354294#3404019551,0,0.0007705935277044773,0
53263275323#4653616782,0,0.8086945414543152,1
3835278364#2007934907,0,0.8552113175392151,1
4196521320#4641374150,0,0.0005258932942524552,0
23230310067#5169557343,1,0.8818212747573853,1
4204386191#3849817492,1,0.8979436755180359,1
1816428069#1840606003,0,0.7610247135162354,1
2135316663#5104418469,0,0.0008500823751091957,0
2056478070#1639219119,0,0.654353141784668,1
2066535766#1416827061,0,0.7877466082572937,1
4941134416#4218561827,0,0.4085152745246887,0
3882201915#3949154929,0,0.1604505181312561,0
4022447951#3754155310,0,0.2533894181251526,0
4209814745#1537709304,0,0.431456059217453,0
201663692217#406088738482,0,0.1212892085313797,0
3461052410#5027483278,0,0.07717397809028625,0
4272137501#4214739605,0,0.08436635881662369,0
1778563595#1537709311,0,0.0005597800482064486,0
3644272514#3446029040,0,0.9575636386871338,1
19705527158#107725292534,0,0.0008435802301391959,0
70183897754#4536450435,0,0.0011820039944723248,0
53263229623#3860948251,0,0.00036233937134966254,0
2359348328#2067179166,1,0.7395685911178589,1
4726704241#3594649033,0,0.7147951126098633,1
4972894677#2455842713,0,0.6751106381416321,1
4256926363#4542386587,0,0.0003629763668868691,0
2059124992#5210078086,0,0.001198403537273407,0
3968945784#4687116172,0,0.975987434387207,1
7161173338#1696208496,0,0.000537139130756259,0
102514982310#121528725386,0,0.8085009455680847,1
1712570793#3438816692,0,0.001489537302404642,0
219547393842#5174571094,0,0.000378485769033432,0
8431814058#1867286717,0,0.0008368435082957149,0
1878732185#1394397775,0,0.6833296418190002,1
1728174549#4132281843,0,0.8816756010055542,1
1637980981#3551393130,0,0.0004535921907518059,0
2092610536#4071233134,0,0.00467711640521884,0
4763332016#2067571192,0,0.0008619820582680404,0
2063588766#1316556785,0,0.0005689794779755175,0
3648904906#4317041484,0,0.060034964233636856,0
1665894324#1765891797,0,0.005081946030259132,0
3555205657#3287805133,0,0.7680509090423584,1
2058316912#4843831604,0,0.38158661127090454,0
4057032761#4451124293,0,0.741371214389801,1
1627587582#4259429802,0,0.0008260588510893285,0
4840773591#3727491058,0,0.010024898685514927,0
4619195159#1520168707,0,0.6560801863670349,1
1780678934#1782357780,1,0.4746455252170563,0
3580539229#3249354040,0,0.9118490219116211,1
1386747994#2062045929,0,0.0028330860659480095,0
5167083430#5169253299,0,0.6048926711082458,1
5007075941#3477269989,0,0.024527965113520622,0
4451289887#2551494872,0,0.0005543470033444464,0
4705583754#4489521100,0,0.001397580374032259,0
5169557343#4542039020,0,0.5674173831939697,1
1594535010#2026069710,0,0.11582942306995392,0
373850283306#373850284448,1,0.6009758710861206,1
4792436579#2168053481,0,0.0004028113035019487,0
3926916973#1721524699,0,0.17757444083690643,0
3114734058#2159739481,0,0.015794016420841217,0
2116342008#3052180518,0,0.8187735080718994,1
4231111906#97115452949,0,0.00193250912707299,0
109165560395#189546061243,0,0.6290668845176697,1
4993036319#580549064505,0,0.0004110389272682369,0
1438326380#4289086328,0,0.0029851796571165323,0
8431814058#2114341514,0,0.8444664478302002,1
4003298247#1784900254,0,0.0006250517326407135,0
4285709211#4316999113,0,0.8293192386627197,1
4623934568#183335907108,0,0.0017395404865965247,0
2007934907#97014870931,0,0.2147340476512909,0
1818739935#2338916683,0,0.0006138149183243513,0
3860948251#3299599421,0,0.025930551812052727,0
1415554755#3691000538,0,0.00041797803714871407,0
3487828521#4448830722,0,0.0018631907878443599,0
38202856033#4663785560,0,0.032479915767908096,0
2056662276#2055377631,0,0.0463031567633152,0
1951195150#107725292534,0,0.0003416008548811078,0
2070627808#2092610536,0,0.0003467763599473983,0
1398682725#3435281641,0,0.0663883313536644,0
4479095804#4699510653,0,0.12955859303474426,0
3419405027#2026258520,0,0.0034707696177065372,0
1313607746#4972894326,0,0.0004624532302841544,0
4411426624#3304467506,0,0.0011458576191216707,0
5027483278#2111350136,0,0.0005201750318519771,0
3403917033#406088738482,0,0.6706371903419495,1
4658956014#2054817755,0,0.0024873660877346992,0
1497939109#4735432768,0,0.0006018247804604471,0
4620294540#3438816692,0,0.8689660429954529,1
2235828707#2062075980,1,0.8255390524864197,1
2054733437#1878732185,0,0.7029531598091125,1
1962074579#4140165052,0,0.8371885418891907,1
4720389596#4289077889,0,0.0004656087839975953,0
4623949166#4004772536,0,0.00029411190189421177,0
4716933437#4897048724,0,0.0230365339666605,0
564144132292#2062075977,0,0.002889252733439207,0
4933360994#3487828521,0,0.0056700557470321655,0
4915591396#5208946130,1,0.826911985874176,1
1816428069#1813034413,0,0.3435104191303253,0
2119476678#2119398744,0,0.09160032868385315,0
4274235353#1752749942,0,0.000606598739977926,0
5123189265#7161172172,1,0.47147268056869507,0
1709057480#4620294540,0,0.7768977880477905,1
14613461654#4201830454,0,0.0029282420873641968,0
3451234547#3513178266,0,0.29458358883857727,0
4145496082#4077473357,0,0.03697237744927406,0
2114049002#3848611844,0,0.013127940706908703,0
4973150488#14613466961,0,0.5767027139663696,1
2117967935#3794247232,0,0.0030341779347509146,0
29607392514#2297005450,0,0.21792960166931152,0
3054434630#2062766801,0,0.3267904818058014,0
4620261674#4195960848,0,0.00043996828026138246,0
2120851333#1311812490,1,0.24503177404403687,0
1701333915#1701333847,0,0.006698369048535824,0
29608029868#29607392514,0,0.05680768936872482,0
1438326380#1497939109,1,0.7370709776878357,1
4414530598#5060996735,0,0.0005454973434098065,0
2026258521#2183428945,1,0.8678049445152283,1
5182742886#4929499262,0,0.038514625281095505,0
46983614517#4643718292,0,0.0009304672130383551,0
3517506225#4354044382,0,0.000408415769925341,0
2118416856#4339070553,0,0.007882197387516499,0
4437827660#1843271409,1,0.5926883816719055,1
4259429802#4973150488,0,0.0005927167367190123,0
4792436579#4750249486,1,0.8513255715370178,1
1882929309#3550931655,0,0.5851805806159973,1
4538332005#1696208496,0,0.0004186294099781662,0
1727736762#1712573177,0,0.8346584439277649,1
4877427884#4454965094,0,0.000512516766320914,0
5214033793#4699280965,0,0.00034767561010085046,0
2183963548#2026258521,0,0.838304340839386,1
3633572726#307718000196,0,0.0027256940957158804,0
1672066227#21269204096,0,0.0003534967254381627,0
3882201915#4584646241,0,0.671734094619751,1
4157496031#4197138413,0,0.005332033149898052,0
4157551094#2066624968,0,0.0012452133232727647,0
2111041560#1497880313,0,0.031010529026389122,0
3495408683#4897048724,1,0.5879297256469727,1
4003298247#4417849752,0,0.4299145042896271,0
102514982310#2114716134,0,0.0009964253986254334,0
3798986721#48926966870,0,0.003530572634190321,0
4898730640#3289002505,0,0.0025490617845207453,0
4797396841#113196401893,0,0.7780669927597046,1
2054657150#2054657143,0,0.0996231660246849,0
1728174555#2067377960,0,0.22074022889137268,0
4416668620#4841409785,0,0.16852840781211853,0
5165108496#5197586202,0,0.7113009095191956,1
4742698844#4653616782,0,0.7702698111534119,1
1694379811#2298730254,0,0.010109723545610905,0
4015422065#5018023921,0,0.5785849690437317,1
87820911338#2168053392,0,0.0007582732941955328,0
29608029868#29299331674,0,0.2896499037742615,0
1743052872#2056078364,0,0.9513091444969177,1
2176735919#4470296934,0,0.9188188910484314,1
4750249486#3999176481,0,0.9125089645385742,1
4628867825#1570945860,0,0.000576836580876261,0
4720389596#4223043910,0,0.000402743520680815,0
2058222393#2270062912,0,0.0005908131715841591,0
4027742647#2117967935,0,0.003045611781999469,0
373850284448#2114975127,0,0.0005839468212798238,0
2061309144#1878732185,0,0.1309415102005005,0
4642512906#4933360994,0,0.6065236330032349,1
49857216438#4893633475,0,0.22267331182956696,0
110232280082#4437827660,0,0.008765355683863163,0
10530767652#156277208014,0,0.0008174365502782166,0
4279029102#2235828707,0,0.010110759176313877,0
38448881724#1696095096,0,0.0014001195086166263,0
1528865186#4536041187,0,0.017993226647377014,0
1951195150#4040016243,0,0.8275232911109924,1
5318769457#4157280271,0,0.0014836207265034318,0
3988152389#3999176481,1,0.8378591537475586,1
4165585148#2092938385,0,0.6574056148529053,1
1594535010#107725290582,0,0.00035946801654063165,0
4071233134#3446029041,0,0.820195198059082,1
1765891797#4130010417,0,0.018610011786222458,0
97115452949#1633806208,1,0.6193163394927979,1
1416528046#1438441444,0,0.0015343335689976811,0
3770456617#1415554755,0,0.317763090133667,0
4317041484#3648904752,0,0.2159164994955063,0
53263275323#50602309472,0,0.8408903479576111,1
1953270965#2113288221,0,0.8579803109169006,1
1438326380#1694379811,0,0.08140067756175995,0
1905948078#1565925308,0,0.6974137425422668,1
4140165052#4450888165,0,0.22211357951164246,0
1743052872#2111041560,0,0.8023890256881714,1
21269204096#173652977366,0,0.004083766136318445,0
4673557611#4735503306,0,0.5144821405410767,1
4397595587#4841409785,0,0.09063667058944702,0
5003601219#146011937628,1,0.8922669291496277,1
4913742546#1570945860,0,0.0009558270685374737,0
18468580547#5167083430,0,0.6493471264839172,1
580549064505#1696208496,0,0.0009479798609390855,0
2115880476#3551393130,0,0.02071170136332512,0
3626237468#4099641396,0,0.21365900337696075,0
2120851333#1477293192,0,0.43030214309692383,0
1711687490#4091921695,0,0.0048399497754871845,0
4247271139#4726704241,0,0.00039705997915007174,0
4232471781#4657354285,1,0.20791366696357727,0
2092174215#1637980981,1,0.7230231165885925,1
87820905399#3490539439,0,0.39678725600242615,0
4316999082#3949154897,0,0.0028847474604845047,0
4825375981#4180609537,1,0.42159485816955566,0
3626237468#1953270965,0,0.0030965572223067284,0
2343156405#2159739481,0,0.8469753265380859,1
5087832312#1415647813,0,0.11205095797777176,0
146011937628#1654102057,0,0.6023874878883362,1
2135316663#2159452221,0,0.6647320985794067,1
4157551094#291173146171,0,0.06998186558485031,0
4840773591#4579172309,0,0.0005899477982893586,0
2060253226#3046729281,1,0.8249643445014954,1
4514269980#4893633475,0,0.8399112820625305,1
1635692869#4851901157,0,0.7272450923919678,1
4581502608#4538003565,0,0.0045256298035383224,0
3359180052#4589929428,0,0.010338837280869484,0
2235828707#1401982678,0,0.2970619797706604,0
4631852445#2114049002,0,0.016474053263664246,0
2058132898#3794247232,0,0.7630160450935364,1
1640340946#2061022206,0,0.8550192713737488,1
2056128836#4260680249,0,0.32616573572158813,0
4730645460#4636446230,0,0.02791983261704445,0
156893097471#174006932062,0,0.4848933219909668,0
1867262556#7026230674,0,0.00045962014701217413,0
4439737367#34888001864,0,0.0007314248941838741,0
2071751695#18468687381,1,0.8489416241645813,1
2159452221#2055886100,0,0.814384400844574,1
91686025987#2604119334,0,0.004625261761248112,0
4471122121#4653616782,1,0.5465824604034424,1
3404019551#4658620132,0,0.0005478243110701442,0
2336490445#2120472151,0,0.0005518163670785725,0
4658620132#309670736915,0,0.0017731069820001721,0
3445564730#2135316663,0,0.0004974982002750039,0
1671393307#4022447951,0,0.0012618995970115066,0
4479070818#3249354040,0,0.0007372961263172328,0
4643898157#2135316663,0,0.004279025364667177,0
3967431643#4495500756,0,0.0012712852330878377,0
4451289887#3446029040,0,0.7344691157341003,1
4893633475#2112794415,0,0.07209517061710358,0
2079581946#4454991968,0,0.02033999003469944,0
4843831604#4851901157,0,0.7298162579536438,1
1477156406#2159739481,1,0.6705302000045776,1
2057145715#2338916683,0,0.020244771614670753,0
38406123057#5163452200,0,0.7114251852035522,1
3439202323#1438326380,0,0.0004889697884209454,0
47752312088#4755359264,0,0.8875683546066284,1
18469192585#3411721643,0,0.00037385604809969664,0
3282474651#2270062912,0,0.002150960499420762,0
3052180518#1453527936,1,0.9454103708267212,1
4201830454#14613464513,0,0.0019639397505670786,0
3513178266#1751247315,0,0.0005998239503242075,0
5197586202#19705527158,0,0.770576000213623,1
3628839717#3628839716,0,0.15538115799427032,0
2067377960#1701333847,0,0.25575369596481323,0
4200577198#2199135578,0,0.0009307904401794076,0
3249354040#3245545040,0,0.7921198606491089,1
292830032329#70183897754,0,0.004210646729916334,0
1497880313#4414530598,0,0.0007276560645550489,0
4065795443#3289002505,0,0.8412163853645325,1
4900378668#1472057117,0,0.21077603101730347,0
1813034413#406088738482,0,0.20769035816192627,0
4015422065#1640340946,0,0.00030513416277244687,0
6015919609#1639219119,0,0.5784175395965576,1
3648904752#2270062912,0,0.8502755165100098,1
2060185518#1528865186,0,0.2385002225637436,0
3628839722#3451234547,0,0.7024794816970825,1
2092610533#4926426630,0,0.010204574093222618,0
110232280082#54158093151,0,0.0003454095567576587,0
2061448091#111568230982,0,0.0007568564615212381,0
2270062912#4439426144,0,0.001464621047489345,0
4534359957#4077473357,0,0.02372850477695465,0
2183968048#2181531828,0,0.8808115720748901,1
1882929309#3809186919,1,0.830947995185852,1
4451288784#146011948003,0,0.00033101532608270645,0
1951195150#4658620132,0,0.00881410762667656,0
4205424867#3075628047,0,0.010961804538965225,0
2056078364#1382214880,1,0.9120498895645142,1
3347114660#4145588659,0,0.6346120238304138,1
3903241588#4536041187,0,0.5774204134941101,1
2120851333#4619195159,0,0.3507414162158966,0
4589820532#3477269989,0,0.9447261691093445,1
4579172309#4658620132,0,0.06788036972284317,0
2551494872#1921223120,0,0.5914976000785828,1
54161674630#29299331674,0,0.006026411894708872,0
5128222238#5183692300,0,0.8418807983398438,1
2268287413#2359348328,0,0.2630789875984192,0
4003298247#5163452200,0,0.0006196833564899862,0
2058316912#4700047151,0,0.0005415661726146936,0
2117967935#18465851371,0,0.0008663523476570845,0
1472057117#303600075141,0,0.4736970365047455,0
50602309472#11087571368,0,0.5939645171165466,1
3934602500#3052180518,0,0.7532159090042114,1
4439737347#3044853716,0,0.000674129172693938,0
4898730640#406088738482,0,0.012288943864405155,0
5037293131#4015322905,0,0.0003443459572736174,0
1438441444#4206812485,0,0.4663299024105072,0
2069774757#4735503306,0,0.0309042539447546,0
1537709308#1537709311,0,0.10073302686214447,0
1541880573#4514269980,0,0.16461101174354553,0
7161172305#7161173338,0,0.29666516184806824,0
2119476678#4339070553,0,0.01971546933054924,0
1639219119#2296451977,0,0.1604166179895401,0
5169257472#3709672083,0,0.049265310168266296,0
4057032761#3633572726,0,0.0010594507912173867,0
4944579314#1656969942,0,0.0011418109061196446,0
4223004786#5208946130,0,0.313896507024765,0
4570764341#3214249595,0,0.5208465456962585,1
4289077889#1701333915,0,0.00028015728457830846,0
4411426624#4205424867,0,0.1029961034655571,0
4581502608#4680204120,0,0.0009154842118732631,0
3513178266#3628839717,0,0.7416199445724487,1
3245545040#3629624977,0,0.532354474067688,1
5182742886#5027483278,0,0.0003486537898425013,0
3107598853#4206812485,1,0.8437125086784363,1
5095503840#45531943201,0,0.6866835951805115,1
4057032761#4215027256,0,0.674775242805481,1
4589820532#1778563597,0,0.07714956998825073,0
2063706226#2068602973,0,0.48046237230300903,0
2059483876#1543155210,0,0.32636573910713196,0
3630377420#4623570105,0,0.0062661245465278625,0
4672808661#106964376935,0,0.37728115916252136,0
1665894324#2551494872,0,0.778382420539856,1
2068623358#1570945860,0,0.6684778332710266,1
2062845102#4218561827,0,0.07814234495162964,0
2058222393#4165585148,0,0.053039319813251495,0
4657354311#4316999082,0,0.0013947044499218464,0
49857216438#5014897285,0,0.04742015525698662,0
4572380856#2079581946,0,0.001248804503120482,0
3214249595#2066624973,0,0.5973814129829407,1
1438441444#4479424072,0,0.7983036041259766,1
4205424867#2059052537,1,0.8900800347328186,1
2061448087#1537709304,1,0.7930060029029846,1
4219781521#4200577198,0,0.06475052982568741,0
1656969942#5173394727,0,0.5256235003471375,1
3487828521#3712801411,0,0.0068032704293727875,0
2026258519#3044025040,0,0.0007382744224742055,0
1453532038#2118416856,0,0.023082323372364044,0
1696438060#1709057480,0,0.6298885941505432,1
4034038494#3445564730,0,0.6759931445121765,1
4479070818#4572636295,0,0.839792788028717,1
3835278364#1633806208,0,0.627072811126709,1
23230310067#4542039020,0,0.6228059530258179,1
1816430010#2007329552,0,0.5952290296554565,1
2061309144#8431814058,0,0.0008577817352488637,0
4272843119#3836576451,0,0.041658639907836914,0
1962074579#2056128836,0,0.8094838261604309,1
4259429802#4316999113,0,0.563731849193573,1
4840773591#2069985286,0,0.004372712224721909,0
4620294540#4200562083,0,0.0035392579156905413,0
49857216438#3359180052,0,0.0006570128025487065,0
5018389488#5208946130,0,0.11437857896089554,0
2079572106#1416827061,0,0.6220801472663879,1
3831256267#2054753273,1,0.874581515789032,1
4161797606#303600075141,0,0.6091175079345703,1
3525845999#1816428069,0,0.0017465740675106645,0
1565912494#1528865186,0,0.5245117545127869,1
2062766801#3403897392,0,0.9100033044815063,1
174006932062#150594502346,0,0.0831875428557396,0
4401870234#3628533316,0,0.0007893675356172025,0
3630377420#4900256072,0,0.0007329491782002151,0
4437827660#4439737347,0,0.02723713219165802,0
1684789889#3630377420,0,0.7261317372322083,1
1867262556#1867286717,0,0.8912128806114197,1
2054781193#4439737347,0,0.002418413758277893,0
4354044382#18468580547,0,0.0004354005795903504,0
3903296442#2119398744,0,0.8139786124229431,1
4667944802#4668248026,0,0.48571696877479553,0
97014870931#4223934140,0,0.000464470183942467,0
4226659635#4910561821,0,0.0005887785227969289,0
3403917033#3403897392,0,0.10118076205253601,0
307718000196#2270062912,0,0.0010505464160814881,0
3401731422#4628482537,0,0.001684671500697732,0
4219781521#4015422065,0,0.0007160228560678661,0
4530026053#4157496031,0,0.0003185873501934111,0
1813034413#1319944364,0,0.9430002570152283,1
3642422898#4196598949,0,0.8387661576271057,1
4452060617#4451089335,1,0.7169132232666016,1
2064730522#4272885125,0,0.8854883313179016,1
113196401893#1637581644,0,0.014240500517189503,0
4943160331#2176735919,0,0.00036430760519579053,0
4323500487#4748650954,0,0.6048623919487,1
50602314209#2117948923,0,0.0003694343031384051,0
2055255869#2027890207,1,0.16747766733169556,0
3926867260#4202096119,0,0.0012822767021134496,0
4201830454#292830032329,1,0.8425602912902832,1
2169220658#2114975127,1,0.95867919921875,1
2071751695#2078774568,0,0.7571975588798523,1
3419405027#3954668240,0,0.7841646671295166,1
3557197892#2027929598,0,0.12415233999490738,0
5174571094#4452550298,0,0.0027536703273653984,0
29607392514#4642512906,0,0.2855342626571655,0
3269719212#50602309472,0,0.000780428119469434,0
5096293410#5104418469,1,0.6917149424552917,1
2062845102#4680203965,0,0.7095152139663696,1
4534359957#4435913614,1,0.8868964314460754,1
3929215225#3882026745,1,0.8717822432518005,1
4435686270#4065721591,0,0.9185739159584045,1
4450888165#4260680249,0,0.0012259171344339848,0
4750249486#4780994423,0,0.15845419466495514,0
107725296889#107725290582,0,0.059791870415210724,0
1565925308#2060257095,0,0.7574991583824158,1
4867542841#1751247315,0,0.0030374624766409397,0
2114716134#2111349786,0,0.04343872144818306,0
212771874474#1565913509,0,0.0005229772650636733,0
1743052872#4130010417,0,0.0017311323899775743,0
4536041187#4658956014,0,0.20743408799171448,0
2003336437#2057342439,0,0.0009280828526243567,0
3054434630#3926916973,0,0.37853479385375977,0
3501281334#4730645460,0,0.35595962405204773,0
2452901483#2061022206,0,0.8786992430686951,1
2604119334#564144132292,0,0.41496792435646057,0
14613466961#4657354311,0,0.0007451347773894668,0
1565912494#1438483240,0,0.002416823524981737,0
3999176481#4452060617,0,0.842555820941925,1
3881831374#1565925308,0,0.0018618478206917644,0
4623949169#1751364880,0,0.6123961806297302,1
1639901072#2117967935,1,0.6486384868621826,1
4057032761#3848611844,0,0.010566729120910168,0
4132281843#1728174555,0,0.6538709402084351,1
4972894677#3236601708,0,0.0013075274182483554,0
2075416140#2117967935,0,0.4505743682384491,0
2135054445#4572636295,0,0.0005993085214868188,0
2026258519#2026258521,0,0.8535598516464233,1
4426740219#4643011415,0,0.0005277980235405266,0
2112576214#1671393307,0,0.0011484228307381272,0
4451089335#4130010417,0,0.38517311215400696,0
14613465315#14613461939,0,0.8977896571159363,1
1627738213#2068623358,0,0.0005354954046197236,0
4843831604#4672808661,0,0.7427412867546082,1
3637042235#1318260275,0,0.15406134724617004,0
4439737367#3042764047,0,0.9151039719581604,1
3882026745#4536041187,0,0.057705316692590714,0
3727491058#2452901483,0,0.8297800421714783,1
4536450435#1635692869,0,0.0006230016588233411,0
4435528162#4542321633,0,0.918280303478241,1
2063706226#18468188878,0,0.8035001158714294,1
10530767652#2092610536,0,0.0007934451568871737,0
3487828521#2069985286,0,0.0007524419925175607,0
2112576214#4451342506,0,0.5510688424110413,1
6015919609#18469192585,0,0.6483038663864136,1
7161173338#5123189260,1,0.7348138093948364,1
5018023921#2183968048,0,0.0005800264771096408,0
3044853716#2066624973,0,0.9327569603919983,1
2058316912#4672808661,1,0.6465710997581482,1
4232666143#4256926363,1,0.5244479179382324,1
2120472151#2275666316,0,0.0010693565709516406,0
4900256072#4572636295,0,0.0011759939370676875,0
1782357780#4091921695,0,0.1363084316253662,0
156276677247#1640340946,0,0.0005035435897298157,0
2070908197#4572374020,0,0.0004592442128341645,0
1502384801#4535930871,0,0.022697873413562775,0
1770010645#5067776785,0,0.7630137205123901,1
1778563602#1416301524,0,0.0010743471793830395,0
1701470611#3836676657,0,0.0018578432500362396,0
22859701254#4641374150,0,0.00042703707003965974,0
3580539229#86283717806,0,0.0011288028908893466,0
1696095096#2065354050,0,0.0005906881997361779,0
5169257472#3026064813,0,0.011206215247511864,0
4323500487#1477293192,0,0.0007208390743471682,0
8431814058#4680204120,0,0.009443490765988827,0
1775497794#4196030610,0,0.008861951529979706,0
3044025040#4034038494,0,0.00036867131711915135,0
2067571192#2069139175,0,0.532522976398468,1
5067776785#4511530729,0,0.40443670749664307,0
1398443073#18468188878,0,0.918563961982727,1
2114716134#2165015487,0,0.8012959361076355,1
2118416856#2068436073,0,0.9352321624755859,1
8431809688#2235828707,0,0.7531583905220032,1
3794247232#2114975127,0,0.00026451764279045165,0
150594502346#3628839722,0,0.0012368649477139115,0
4900378668#10530767652,0,0.4651268720626831,0
4454991968#4202096119,0,0.0013747384073212743,0
3359180524#79993360240,0,0.6652647256851196,1
4339070553#4015322905,0,0.0005231091054156423,0
4157381557#2055448044,1,0.8359162211418152,1
3477269989#3896058143,0,0.5573614239692688,1
14613466961#3764759336,0,0.0003576082526706159,0
6015919609#2056478070,1,0.8537628650665283,1
4206269897#4898626808,1,0.7351292371749878,1
4157280271#1694379811,0,0.374454528093338,0
5173394727#1867286717,0,0.0011918741511180997,0
2079572106#2117967935,0,0.588910698890686,1
2119476678#2111349786,1,0.7180085778236389,1
1712570939#1634282673,0,0.7868169546127319,1
7026230674#14613461654,0,0.0005808660062029958,0
79993360240#2338131041,0,0.001016275491565466,0
18465851371#2114341514,0,0.6953173279762268,1
4952978442#2169220658,0,0.7243132591247559,1
3525845999#4439737347,0,0.8465934991836548,1
2977755545#1672066227,0,0.012729537673294544,0
3046471496#2078835030,0,0.0022231373004615307,0
3026064813#173652977366,0,0.007179637905210257,0
3642422898#3290843987,0,0.5641880035400391,1
97014870931#100995265790,0,0.04712953045964241,0
4643938191#2297005450,1,0.8254198431968689,1
2268304430#4643938191,0,0.0003968202508985996,0
2058132898#2727127831,0,0.2164529711008072,0
2064727359#421393369392,0,0.05316861346364021,0
4538003565#5031406959,0,0.0019341192673891783,0
3299598934#3594649033,0,0.556786060333252,1
110232280082#4811798618,0,0.5404186248779297,1
50016874555#4673557611,0,0.0276155024766922,0
4479096588#2168053481,0,0.0005248626694083214,0
4755359264#3806980943,0,0.4086099863052368,0
4657354285#1711852573,0,0.0016648870659992099,0
2060257095#1914706723,0,0.47693702578544617,0
2061022206#1811606488,0,0.8450154662132263,1
4840773591#4551054156,0,0.8593382239341736,1
14613464473#156277514294,0,0.07635612785816193,0
3032709817#3299598934,0,0.0015183548675850034,0
124021630369#2111872187,0,0.2628835141658783,0
2064229512#2120472151,1,0.8553445935249329,1
14613469834#4551054156,0,0.06805329024791718,0
4215058789#1533602348,0,0.0008865268318913877,0
4226659634#4232471781,0,0.23470929265022278,0
3446029040#1533602348,0,0.0019821489695459604,0
4755359264#4735503306,0,0.7732932567596436,1
4495044650#50016874555,0,0.1516314148902893,0
4272885125#3648904752,0,0.19054219126701355,0
3968945784#2068436073,0,0.029786422848701477,0
146011937628#2551494872,0,0.8702524304389954,1
4259241183#3050045988,0,0.48852184414863586,0
1741741476#4435913614,0,0.0008993298397399485,0
2074019451#4205538788,0,0.0005287149106152356,0
2078835030#4687116172,0,0.007542531471699476,0
4746512285#2058316912,0,0.0003416855470277369,0
2092610533#4471122121,0,0.0005837120115756989,0
5027483278#41713266437,0,0.8232631087303162,1
1415647813#1718471304,0,0.8614421486854553,1
4435686270#3501285885,0,0.30789709091186523,0
2068602973#4330455313,0,0.10568779706954956,0
4150903563#4718263231,0,0.008855529129505157,0
4411426624#146777938215,0,0.0004719324642792344,0
18468580547#18466210670,0,0.21744567155838013,0
4828654874#2247165276,0,0.001396851846948266,0
2455800880#4259241183,0,0.00045161336311139166,0
4680204120#2359435242,0,0.001078212633728981,0
3770456617#1419344414,0,0.35345062613487244,0
2066535766#4623570105,0,0.7160909175872803,1
4499147142#18466202308,0,0.960331916809082,1
4489521100#2069985286,0,0.00039078190457075834,0
3934602500#376973981474,0,0.00045486254384741187,0
3551872495#4155510577,0,0.00036975526018068194,0
4444196403#4147080749,0,0.041620947420597076,0
2111350136#4414530598,0,0.0003281131212133914,0
4667944802#4641374150,1,0.7903035283088684,1
3404019592#4147080749,0,0.0004880431806668639,0
2092610519#3809186919,0,0.3355085551738739,0
4620261674#3076859035,0,0.0015472671948373318,0
4471122121#4439737347,0,0.0004784461634699255,0
3056067914#1307874587,0,0.18221522867679596,0
1321409006#5128222238,0,0.1260332316160202,0
4195993580#1453532038,0,0.38395223021507263,0
4623949166#4619195159,0,0.0006823712028563023,0
86283717806#69710193399,1,0.8759651184082031,1
309312102749#3485676898,0,0.0038578459061682224,0
183335907108#2054817755,0,0.0012086066417396069,0
1520168707#18466210670,0,0.007443795446306467,0
2060257095#2059483876,0,0.530749499797821,1
4662042966#4641374150,0,0.6953632831573486,1
2068602973#2071751695,0,0.4811321198940277,0
156277208014#156277193948,0,0.02315218187868595,0
4643011415#3055576029,0,0.6650884747505188,1
3934602500#2068436073,1,0.819313108921051,1
2064955879#2117967935,0,0.23746788501739502,0
303600075141#4991881551,1,0.8367242217063904,1
41713266437#2069139175,0,0.036586832255125046,0
4397595587#4417818851,1,0.8763291239738464,1
60367707728#4417818851,0,0.0005613137036561966,0
2027929598#4579172309,0,0.7447839975357056,1
1637980981#4034038494,0,0.005037437658756971,0
4219781521#4991881534,1,0.7000638842582703,1
1307874587#117154450703,0,0.0053182910196483135,0
4828654874#4867542841,0,0.0005659026792272925,0
3831256267#4943818903,0,0.0009484085021540523,0
1816428069#4195960848,0,0.004801674745976925,0
2078774568#4330455313,0,0.0013584211701527238,0
3949154929#3967431643,0,0.0009921587770804763,0
4549189933#3044025040,1,0.8376309871673584,1
8431814058#2065201243,0,0.8646802306175232,1
2296574953#4687116172,0,0.03099164366722107,0
1374772535#1374772550,0,0.12863774597644806,0
4926426630#4452550298,0,0.08960454165935516,0
4397595587#5214033793,0,0.0009908991632983088,0
1778563602#1778563595,0,0.14235422015190125,0
3612961288#4448830722,0,0.8312214612960815,1
2079572106#4623570105,0,0.6817641854286194,1
1541880573#4155510577,0,0.002331771422177553,0
3290843987#3107598853,0,0.9362270832061768,1
4991881534#4991881551,0,0.31765446066856384,0
4700047151#4247271139,0,0.00035786983789876103,0
4899954714#4699280965,1,0.8114388585090637,1
156274514359#4385069368,0,0.1418135017156601,0
4247271139#4015322905,0,0.00036748425918631256,0
4285709207#4316999113,0,0.7386609315872192,1
421393369392#564144132292,0,0.0005758744082413614,0
4657354285#435372126625,0,0.0008477551164105535,0
4157381557#4913742546,0,0.2817639112472534,0
174006932062#1694379811,0,0.00044715829426422715,0
1639390814#1639832922,0,0.33596041798591614,0
1951195150#4643718292,0,0.0015118028968572617,0
173652977366#156893097471,0,0.8500949740409851,1
4499147142#4828387554,0,0.17119087278842926,0
4206224036#4705583754,0,0.7459412813186646,1
1727736762#4209814745,0,0.0009701728704385459,0
49857216438#3712801411,0,0.34205183386802673,0
1639901072#4623570105,0,0.5907658338546753,1
1770010645#4898730640,0,0.42645272612571716,0
4426740219#4385421396,1,0.8383939862251282,1
1457252585#1711687490,0,0.7588157057762146,1
2297005450#4636446230,0,0.6427551507949829,1
3648904906#4755359264,0,0.0008990766946226358,0
2180579787#3954668240,0,0.0006217923946678638,0
2007934907#1633806208,0,0.0900946781039238,0
2054733437#2060257095,0,0.6959988474845886,1
3304467506#4129122420,0,0.14475464820861816,0
2054657143#4900256072,0,0.17397044599056244,0
4643718292#18469192585,0,0.6424940824508667,1
14613461939#2455800880,0,0.7074934244155884,1
3920807098#3635733776,0,0.0013104360550642014,0
1688824936#343200247912,0,0.0009924089536070824,0
18468695966#4643898157,0,0.4403851628303528,0
14613460476#138962728028,0,0.002827784512192011,0
4499147142#4718263231,0,0.03096053935587406,0
1671393307#1456843034,1,0.02303975820541382,0
1639832922#3403897392,0,0.0964043140411377,0
3806980943#1712570793,0,0.0007921555661596358,0
3967431644#1565912494,0,0.001898628892377019,0
4077473357#5181571321,0,0.0007256875978782773,0
97115452949#4321048267,0,0.6158376336097717,1
4941134416#5109193415,1,0.7841442227363586,1
23230310067#5210078086,0,0.4463905990123749,0
2119398744#3236601708,0,0.0022515172604471445,0
1537709317#4195960848,0,0.0011613661190494895,0
19705527158#4952978442,1,0.8512513637542725,1
4272885125#1548108669,0,0.00216630008071661,0
4393085087#2070627808,0,0.0004950923612341285,0
2117948923#4944579314,0,0.0008054006611928344,0
156277207697#2452901483,0,0.025159761309623718,0
3651289412#5210078086,0,0.03923112899065018,0
4065721591#1653994308,1,0.6180008053779602,1
1438483240#1398682725,0,0.0008606701740063727,0
4589595738#4628867825,0,0.12438477575778961,0
2183428945#5121642074,0,0.02798689343035221,0
2062770841#4206269897,0,0.046957843005657196,0
4511530729#3108657350,0,0.49007660150527954,0
1374772535#2133358535,0,0.017279865220189095,0
4385184631#4944579314,0,0.0015169847756624222,0
2057342439#3798986721,1,0.6719377040863037,1
2078835030#4657354294,0,0.0734875425696373,0
1727736762#4099641396,0,0.0032321864273399115,0
422592070627#4589830735,0,0.0042195189744234085,0
2113093450#1416301524,0,0.03404141217470169,0
3926867260#3831256267,0,0.8306711316108704,1
14613466961#14613464513,0,0.8704058527946472,1
1784900254#4274235353,1,0.7489628791809082,1
3594649033#1718471304,0,0.001249375520274043,0
4991881551#4132281843,0,0.32295921444892883,0
2343156405#1637581644,0,0.030220909044146538,0
2055377631#100995265790,0,0.7711668014526367,1
2135316663#2159739481,0,0.0004117699572816491,0
2180579787#2181531828,0,0.4220212697982788,0
5095503840#4959321228,0,0.020211249589920044,0
2455842713#3791139342,0,0.0011788331903517246,0
2336490445#2059124992,1,0.43860504031181335,0
1654102057#4551054156,0,0.00042276227031834424,0
2254264382#2016866277,0,0.0011732946150004864,0
4339070553#14613435427,0,0.00027265300741419196,0
11087571368#87720200914,1,0.718250036239624,1
3517506225#97115452949,0,0.002661013975739479,0
2455800880#2060185518,0,0.0006074240081943572,0
2057051388#4972894677,0,0.009682645089924335,0
4705583754#1816428069,0,0.05302157625555992,0
201663692217#1650171814,0,0.019904782995581627,0
4746512285#2254264382,0,0.3055213391780853,0
3727491058#2061022206,0,0.7860497236251831,1
1817644740#3411721643,0,0.3623255789279938,0
3446029032#3446029040,0,0.037728480994701385,0
3772512066#4620685919,0,0.02442781813442707,0
5037293131#2056662276,0,0.6077994704246521,1
34888001864#2027890207,0,0.0005716604646295309,0
4898730640#1994805938,0,0.0009231225703842938,0
4991881551#4161797606,0,0.29575979709625244,0
2027890207#4327866563,0,0.00042184884659945965,0
4763332016#4542039020,0,0.7334954142570496,1
1782357780#4450888165,0,0.17131713032722473,0
2074019451#2063839578,1,0.9543783664703369,1
3044025040#14613456118,0,0.0010175058851018548,0
38448881724#22859701254,0,0.007853454910218716,0
309670736915#14613456118,1,0.8158218860626221,1
5169257472#5169257623,0,0.6923697590827942,1
2069139175#5109193415,0,0.02688714675605297,0
3438816692#3644272514,0,0.001368687255308032,0
4065795443#2092610536,0,0.010361206717789173,0
178258449477#1770010645,0,0.9353592991828918,1
5109193415#2067571192,0,0.0185538437217474,0
3628839716#3474685536,1,0.6956589818000793,1
2060185514#1592254485,0,0.5008842349052429,1
2183968048#2026258519,1,0.8695929050445557,1
1312695289#1816428069,0,0.0007809183443896472,0
1671393307#75959618233,0,0.0045269145630300045,0
3896015808#1684789889,1,0.7750858664512634,1
2111350136#4511530729,0,0.0022632936015725136,0
4549189933#3926867260,0,0.7306877374649048,1
4479070818#1770010645,0,0.0025077739264816046,0
1537709317#1453527936,0,0.0017902870895341039,0
4898730640#4335156801,0,0.0025530753191560507,0
3470148182#4155510577,0,0.0010221593547612429,0
212394033260#167570408533,0,0.5664634108543396,1
1639219119#4643943359,0,0.7404197454452515,1
4465664542#2298730254,0,0.0076203010976314545,0
2060185518#2154491220,0,0.010268853977322578,0
4623949166#4687116172,0,0.9362748861312866,1
3485676898#1778563595,0,0.5566865801811218,1
3555205657#1438441444,0,0.01600666716694832,0
4327866563#4534359957,0,0.0010722862789407372,0
5210078086#4746512285,0,0.5843759179115295,1
4820163687#4323500487,0,0.9013276696205139,1
19705527158#2169220658,0,0.5055064558982849,1
3403897392#2063839578,0,0.003180448431521654,0
146778888902#219547393842,1,0.9612439870834351,1
4589595738#3637042235,0,0.00035598594695329666,0
2074019451#2135054445,0,0.00055012694792822,0
3967431644#2057342439,0,0.0011031159665435553,0
1696095096#1653994308,0,0.053336251527071,0
4161797606#1728174555,1,0.981765866279602,1
2067377960#1701333915,0,0.5493738055229187,1
2054657143#2452901483,0,0.8998160362243652,1
146778888902#4457149562,0,0.04030740261077881,0
2118416856#2359348328,0,0.006403839215636253,0
4572374020#2056078364,0,0.0008001564419828355,0
1711852573#4495500756,0,0.10208433866500854,0
70183897754#1741741476,0,0.003174248617142439,0
2114975127#5197586202,0,0.5859055519104004,1
2064414260#2003336437,1,0.6262838244438171,1
3626237468#4495044650,0,0.2286570817232132,0
4589595738#3809186919,0,0.0003593344008550048,0
4210986952#1477293192,0,0.025547035038471222,0
2120851333#2064414260,0,0.5870586037635803,1
2078774568#2059483876,0,0.0004011382698081434,0
2235828707#1415647813,0,0.2664167881011963,0
4272887201#5174571094,0,0.0010825693607330322,0
3474685536#3551393130,0,0.3642803132534027,0
1438441444#3290843987,0,0.8572983145713806,1
435372126625#1639832922,0,0.0003523809718899429,0
4926426630#4465664542,1,0.8304838538169861,1
3290843987#4206812485,0,0.931033194065094,1
4004772536#2120472151,0,0.0011054071364924312,0
156893097471#5167083430,0,0.0010683744912967086,0
2114049002#2113760999,0,0.10318396985530853,0
4840773591#4595088087,0,0.9441209435462952,1
4321048267#3043492443,0,0.0022736238315701485,0
4439426144#8431809688,0,0.0003421732399147004,0
3501281334#4065797638,0,0.6934484243392944,1
3920807098#4205538788,0,0.000519721070304513,0
2183428945#2183963548,0,0.845737636089325,1
3882201915#4536041187,0,0.1980850100517273,0
4781194041#4417849752,0,0.18022526800632477,0
4489521100#4523728345,0,0.001048700069077313,0
4720389596#4202096119,0,0.0003776507219299674,0
4232666143#4226659635,0,0.12132993340492249,0
2074019451#3903241588,0,0.001700715976767242,0
4479095804#2112576214,0,0.8262417912483215,1
3289002540#4065797638,0,0.7147529721260071,1
207035576772#4195993580,0,0.0008005911367945373,0
1570945860#2057811649,1,0.6460225582122803,1
156277207697#4323500485,0,0.00047413515858352184,0
3259289288#4495500756,0,0.0008022640249691904,0
3446029040#3446029041,0,0.0383831225335598,0
4549189933#3403917033,0,0.0005547664477489889,0
1639699607#1639901072,0,0.4315452575683594,0
4642854804#4628867825,1,0.9950343370437622,1
2007329552#5123189265,0,0.0013436838053166866,0
4479095804#1316556785,0,0.0004131051537115127,0
1537709304#422592070627,0,0.00036075542448088527,0
4657354285#4256622048,0,0.4504990577697754,0
4470296934#2111818909,0,0.001037277397699654,0
4820163687#4589929428,0,0.10570437461137772,0
3903241588#3949154897,1,0.7841498255729675,1
4057032761#4451124306,0,0.7554525136947632,1
2003336437#1427286361,0,0.46425044536590576,0
4385184631#2336490445,0,0.21269762516021729,0
4209814745#3929215225,0,0.0014754054136574268,0
4442900590#3446029040,1,0.7575913667678833,1
4680203965#1438483240,0,0.831507682800293,1
4471122121#2060185514,0,0.009750250726938248,0
4943160331#3076859035,0,0.010932092554867268,0
1634282673#1778563595,0,0.2936909794807434,0
5169253299#5181571321,0,0.0003898293653037399,0
4479096850#3712801411,0,0.0004472009604796767,0
156274514359#14613469834,0,0.8448839783668518,1
303600075141#18468580547,0,0.0010708475019782782,0
1728174549#303600075141,0,0.5359735488891602,1
2092610533#2092610519,0,0.5215206742286682,1
487126887411#4157551094,0,0.03537583723664284,0
4129122420#3642422898,0,0.22279921174049377,0
1813034413#4628467232,0,0.0022496648598462343,0
146011937628#146011948003,0,0.11844443529844284,0
4435528162#2135054445,0,0.0005357981426641345,0
18467669365#1920503864,0,0.0007265847525559366,0
4623947495#309312101477,0,0.9560433030128479,1
4065797638#1903466347,0,0.1358180046081543,0
4489521100#1694379811,0,0.010664704255759716,0
1694379812#2016866277,0,0.06205858662724495,0
3446029041#3644272514,0,0.9547434449195862,1
2199135578#4179651570,0,0.6063270568847656,1
1962074579#2066624968,0,0.0022434121929109097,0
2116342008#2061673563,0,0.7639182209968567,1
14613465315#14613466961,0,0.30979862809181213,0
4572380856#111568230982,0,0.870326042175293,1
5031406959#2058316912,0,0.0004566218121908605,0
3485676898#1816427364,0,0.817115068435669,1
4972894326#2455842713,0,0.7222872376441956,1
5154681248#3495408683,0,0.0014814635505899787,0
4099641396#4718263231,1,0.6705023646354675,1
3439202323#91686025987,0,0.0012623491929844022,0
1457252585#1312695289,0,0.00041272907401435077,0
3903241588#2064229512,0,0.0003019370778929442,0
1770010645#4604457043,0,0.7229675054550171,1
3637042235#1951195150,0,0.4983433783054352,0
2169220658#5031406959,0,0.3613303005695343,0
156893097471#4811798618,0,0.8034171462059021,1
4673557611#6871473475,0,0.09793517738580704,0
3988152389#4456625974,0,0.8788809180259705,1
14613460476#14613464473,0,0.14521704614162445,0
1816430010#1453532038,0,0.17151860892772675,0
1639390814#2062766801,0,0.40838465094566345,0
4536450435#4155408706,0,0.727625846862793,1
4206242446#4705583754,0,0.5767821073532104,1
4196598949#4354044382,0,0.0015249554999172688,0
1782357780#4140165052,0,0.030068229883909225,0
4657354294#3287805133,0,0.33561789989471436,0
2064955879#1751364886,0,0.0045014345087111,0
2054817755#2298730254,1,0.6925815939903259,1
38448881724#38202857246,1,0.7739982008934021,1
3551393318#3474685537,0,0.4194071590900421,0
2066246683#4589820532,0,0.20264099538326263,0
4304261357#4495044650,0,0.013390082865953445,0
1419344414#1502384801,0,0.0005981030408293009,0
4132281843#336556403061,1,0.9188846349716187,1
2078774568#18468687381,0,0.8675687313079834,1
1727736762#18467669365,0,0.00044528167927637696,0
1810185303#4972894677,0,0.0006131831323727965,0
4451089335#4750249486,0,0.6762664318084717,1
2057685237#5215138753,0,0.11210644990205765,0
1497939109#3642422898,0,0.0007525754044763744,0
1751364886#145960681701,0,0.00256337015889585,0
3551393318#2070627808,0,0.0002763124939519912,0
2092938385#4384403228,0,0.02881246618926525,0
4746512285#5174571094,0,0.9075525403022766,1
5041670056#2296451977,0,0.00045514514204114676,0
4742698844#11087571368,0,0.8125411868095398,1
1875282048#4015322905,0,0.0009373409557156265,0
3403917033#3054434630,0,0.8487038016319275,1
4843831604#4797396841,0,0.4747083783149719,0
3359180052#4726704241,0,0.8801535367965698,1
4589673799#4593095274,0,0.7981173396110535,1
87720200914#53263275323,0,0.613396406173706,1
4289086328#4542321633,0,0.8714959025382996,1
4200562083#4099641396,0,0.00045566956396214664,0
1634282673#2069139175,0,0.010610900819301605,0
4426740219#1541880573,0,0.19025400280952454,0
4523728345#1816428069,0,0.0248363446444273,0
2003336437#4215027256,0,0.0004802537150681019,0
3446029032#4442900590,0,0.7893845438957214,1
1953270965#3712801411,0,0.02801501750946045,0
4457149562#1594535012,0,0.39304816722869873,0
2176735919#3050152494,0,0.561629593372345,1
14613461654#2455842713,0,0.6803919672966003,1
2062075980#2062075977,0,0.05797075852751732,0
4416668620#4223043910,0,0.2794922888278961,0
1316058339#4643011415,0,0.0006442969315685332,0
18469192585#2003336437,0,0.0005113880033604801,0
4321048267#1565912494,0,0.0015382239362224936,0
4316999082#4285709207,0,0.7440448999404907,1
1319944364#4353960088,0,0.0004387169028632343,0
2054781193#3043492443,0,0.0009430364589206874,0
1537709311#2061448087,0,0.7787472605705261,1
18465851371#4635981164,0,0.016689445823431015,0
4451089335#3999176481,0,0.9008889198303223,1
1565913509#3046729281,0,0.18196874856948853,0
5169253299#3603201749,0,0.001065242220647633,0
2452901483#406088738482,0,0.0003703896072693169,0
2604119334#1656969942,0,0.02578209526836872,0
4499147142#4204386191,0,0.03549133986234665,0
4483987744#1727736762,0,0.006009090691804886,0
50016874555#2026258516,0,0.3156242072582245,0
3880409698#5154681248,0,0.0011949450708925724,0
4323500487#3517506225,0,0.0023303262423723936,0
1639219119#1696438060,0,0.0011877595679834485,0
4620261674#4444196403,0,0.0004480440984480083,0
102514982310#4811798618,0,0.5666214823722839,1
4659194738#4572374020,0,0.0028925554361194372,0
4542386587#4538332005,1,0.91208815574646,1
38406123057#29608029868,0,0.7159163355827332,1
3988152389#4828654874,0,0.20057760179042816,0
2060355842#5154681248,0,0.0006946311332285404,0
4247271139#5059261580,0,0.6988937854766846,1
4231111906#4581502608,0,0.0008676688303239644,0
3401731422#1565912494,0,0.0010528467828407884,0
4867542841#3881831374,0,0.0034184956457465887,0
2120155505#3446029041,0,0.0007288007764145732,0
4943818903#38202857246,0,0.3935925364494324,0
2064414260#1311812490,0,0.836193859577179,1
1520168707#2112794415,0,0.000824744172859937,0
2314360284#3124123344,0,0.0012487235944718122,0
4499147142#3032709817,0,0.8043361306190491,1
1905948078#2061309144,0,0.555355429649353,1
1778563602#4346970606,0,0.6450909376144409,1
4247271139#4913742546,0,0.392293781042099,0
5169257472#18465721026,0,0.795359194278717,1
4209814745#2338131041,0,0.6361560225486755,1
4735432768#4584646241,0,0.00036585863563232124,0
307718000196#2092610533,0,0.001964905532076955,0
2062766088#2113760999,1,0.567663311958313,1
3050152494#4348295931,0,0.11450731754302979,0
2111041560#2133358535,0,0.6386098265647888,1
5090005101#4620261674,0,0.0006386418826878071,0
4656986610#4589678847,0,0.03664670139551163,0
4024663252#3474685536,0,0.0020066937431693077,0
47752312088#38202856033,1,0.8208608031272888,1
1382214880#2016866277,0,0.9172732830047607,1
121528725386#3594649033,0,0.0005183981265872717,0
3474372520#4620261674,0,0.015681693330407143,0
3882026745#2058148983,0,0.04914167523384094,0
2026258516#3451234547,0,0.0015367519808933139,0
5027483278#54161674630,1,0.3413180410861969,0
87820905399#183335907108,0,0.0026631939690560102,0
1765891797#4623949169,0,0.019734028726816177,0
14613588147#2062770841,0,0.0007872078567743301,0
2066624973#2066624968,0,0.07081880420446396,0
4452060617#3612961288,0,0.844398021697998,1
2075914534#1712080073,0,0.317190021276474,0
4321048267#207035576772,0,0.004589694086462259,0
23230310067#2359474749,0,0.0004354991251602769,0
4730645460#1639219119,0,0.025166291743516922,0
1727736762#1778563597,0,0.27367717027664185,0
3999176481#343200247912,0,0.004619395360350609,0
2066624973#2159452221,0,0.9069249629974365,1
1634282673#1712573177,1,0.7936739325523376,1
1741741476#2057811649,0,0.5358653664588928,1
4071233134#3913410158,0,0.0007349246880039573,0
2059124992#4523728345,0,0.0004444534133654088,0
4223043910#4877427884,0,0.0003064638876821846,0
41713266437#4712246454,0,0.00044217632967047393,0
3299599421#3124123344,0,0.8958331942558289,1
309312102749#4623934568,0,0.9190633296966553,1
4391918874#1875282048,0,0.5616125464439392,1
3446029032#3446029041,0,0.03965878114104271,0
5182742886#4176217131,0,0.27843284606933594,0
2057986140#107725296889,0,0.00037328674807213247,0
4998365450#2111818909,0,0.7528766989707947,1
4633378534#4323500485,0,0.5993946194648743,1
1712573177#3806980943,0,0.0007064503734000027,0
14613461654#4730645460,0,0.00036087786429561675,0
4065795443#4065797638,0,0.02438935823738575,0
4581502608#4149299298,1,0.8272008299827576,1
2065201243#18467925256,1,0.3714194595813751,0
2111351705#2119476678,0,0.8203946352005005,1
2016866277#2056078364,0,0.9107843637466431,1
4910561821#4913742546,0,0.18940824270248413,0
3903241588#3513178266,0,0.0037387916818261147,0
1633806208#97014870931,0,0.5993691682815552,1
4991881551#4451342506,0,0.002040649764239788,0
3629624977#3913410158,0,0.8654230833053589,1
3913410158#4180609537,0,0.00048242072807624936,0
2727127831#111568230982,0,0.5757412910461426,1
18468690620#5167083430,0,0.9525054693222046,1
4589673799#1312695289,0,0.1526567041873932,0
8431814058#2235828707,0,0.7546548843383789,1
87820911338#3490539439,1,0.7996373176574707,1
4715847880#3691000538,0,0.24474449455738068,0
3445564730#4680095395,0,0.0013086736435070634,0
4226659635#4256622048,1,0.9316927790641785,1
4157551094#4179651570,0,0.09535937756299973,0
2060257095#2061309144,1,0.6971227526664734,1
2063588766#5059261580,0,0.9158332943916321,1
10530767652#2339749085,0,0.003363008378073573,0
4735432768#3913410158,0,0.6118116974830627,1
45531943201#4959321228,1,0.7422215342521667,1
2070791273#156274514359,0,0.001836664043366909,0
2064955879#4147080749,0,0.002565182512626052,0
1718471304#3551872495,0,0.0012688199058175087,0
46983614517#55721888445,0,0.0009039875003509223,0
3404019592#2054781193,1,0.7506963610649109,1
3809186919#2066246683,0,0.7531488537788391,1
1319944364#1321409006,0,0.939430832862854,1
4538419241#4538003565,1,0.7852283120155334,1
1953270965#2119476678,0,0.814329981803894,1
2150036453#3411721643,1,0.6496841907501221,1
2296493468#4155408706,0,0.0016001451294869184,0
5018023921#45531943201,0,0.5983525514602661,1
107725290582#4261185678,0,0.8750625848770142,1
2064955879#3299599421,0,0.019885828718543053,0
4636446230#2066624973,0,0.001512517686933279,0
3913410158#4206224036,0,0.4904157817363739,0
4470296934#3809186919,0,0.0004853764839936048,0
2254264382#1500022510,0,0.2192145586013794,0
1701333915#1398443073,0,0.9029675126075745,1
343200247912#435372126625,1,0.02645336464047432,0
3903241588#4155510577,0,0.002270143711939454,0
47752312088#3806980943,0,0.5963584184646606,1
1319944364#3896058143,0,0.07875138521194458,0
1592254485#1528865186,1,0.540945827960968,1
4304261357#5090005101,0,0.779140293598175,1
1778563595#1712570793,0,0.9094375371932983,1
2078774568#18468188878,0,0.8782640099525452,1
4285491833#4259429802,0,0.0272931307554245,0
3791139342#4223004786,1,0.853426992893219,1
1709057480#4808134153,0,0.25538498163223267,0
336556403061#4538419241,0,0.0004333469842094928,0
3691000538#2003710867,0,0.3891357183456421,0
3896015808#3691000538,0,0.20893146097660065,0
1416528046#1415554755,0,0.32565805315971375,0
3770456617#4354044382,0,0.10847586393356323,0
5104418469#5018368651,0,0.051287345588207245,0
3628839722#4680203965,0,0.0027665826492011547,0
156277193948#4439426144,0,0.04228885844349861,0
1639699607#4623570105,0,0.8922685384750366,1
3404019551#364679238122,0,0.0005624343175441027,0
156276677247#14613460476,0,0.43385037779808044,0
3401731422#4426740219,0,0.005899281706660986,0
4435528162#2055377631,0,0.0004885006928816438,0
4581502608#1316556785,0,0.001122402143664658,0
2183428945#1867286717,0,0.0009965734789147973,0
3400442486#3926867260,0,0.00691057275980711,0
3401731422#5109193415,0,0.0005570328794419765,0
4196521320#4435686270,0,0.7029318809509277,1
3550931655#1634282673,0,0.0016562641831114888,0
3061887519#49857216438,0,0.0003656598855741322,0
2057051387#3903296442,0,0.00116086401976645,0
7161173338#4542039020,0,0.5058839917182922,1
2175801910#1816430010,0,0.0009734177147038281,0
4202041822#2150036453,0,0.036547429859638214,0
4680203965#1570945860,1,0.6283707618713379,1
5165108496#2053826326,0,0.6846439838409424,1
3881831374#3054434630,0,0.0007063914672471583,0
2281691154#4145588659,0,0.8692928552627563,1
1816428069#110232280082,0,0.0012535039568319917,0
303600075141#4200577198,0,0.7081887722015381,1
5185236541#5169253299,0,0.42321738600730896,0
4176217131#3849817492,0,0.037001173943281174,0
4620685919#38202856033,0,0.5101699233055115,1
3612961288#276611684552,0,0.00027287949342280626,0
2058148983#4226659635,0,0.0004219590628053993,0
2026069710#4202096119,0,0.0008669482194818556,0
1994805938#2235828707,0,0.001517990604043007,0
4204386191#4828387554,0,0.037264082580804825,0
2199135578#2281691154,0,0.6111791729927063,1
1430988070#1640340946,0,0.0007059650961309671,0
4391919171#86283717806,0,0.0020099978428333998,0
4716933437#4628482537,1,0.6784946918487549,1
2064955879#2066535766,0,0.8320602774620056,1
3487828521#2114049002,0,0.29137712717056274,0
4206269897#4339070553,0,0.00036680279299616814,0
4215058789#2026069710,0,0.0006495285779237747,0
4218561827#4339070553,0,0.09500999748706818,0
125323389433#201663692217,0,0.7903435230255127,1
5215138753#1653994308,0,0.0004832786216866225,0
2118416856#5018389488,0,0.0015122463228181005,0
1775497794#1672066227,1,0.6541109681129456,1
4451289887#4071233134,0,0.939241886138916,1
3967431643#3967431644,0,0.027045011520385742,0
2075416140#14613469834,0,0.09375118464231491,0
3848611844#2113760999,0,0.3335428237915039,0
1878732185#1905948078,0,0.7665491700172424,1
2113288221#2111349786,0,0.08539571613073349,0
1921223120#1765891797,0,0.014108411967754364,0
5123189260#7026230674,0,0.6248130202293396,1
1574873794#4653616782,0,0.0014986656606197357,0
4354044382#2027838359,0,0.6188297867774963,1
4470296934#1920503864,0,0.39509356021881104,0
14613464513#14613465315,0,0.3943488597869873,0
2063839578#4570764341,0,0.004719200078397989,0
4479424072#3642422898,1,0.3552331030368805,0
4004772536#1477293192,0,0.8183175921440125,1
5123189265#4755359264,0,0.012311090715229511,0
2111351705#4643938191,0,0.00046709447633475065,0
4197138413#2122362220,0,0.28892451524734497,0
4426740219#4673557611,0,0.01499585248529911,0
4065797638#4147080749,0,0.028037484735250473,0
2055886100#3259289288,0,0.0011890341993421316,0
2118416856#2359435242,0,0.364563524723053,0
2150036453#3474685537,0,0.00044143572449684143,0
1321409006#19705527158,0,0.0009251367882825434,0
3896058143#3764759336,0,0.5582860708236694,1
1694379811#4289086328,0,0.02024042047560215,0
1520168707#4656986610,0,0.2797457277774811,0
5007075941#4959321228,0,0.7981359362602234,1
1477156406#2124411604,0,0.005385114345699549,0
18469192585#4636381625,0,0.00286595500074327,0
1633806208#4321048267,0,0.5294818878173828,1
2119398744#2113288221,0,0.8478491306304932,1
2058278464#4408616491,0,0.0009626151295378804,0
1840606003#3227376447,0,0.9213590025901794,1
1557919756#4549189933,0,0.0004684475134126842,0
3882026745#5090085713,0,0.7576308250427246,1
4570764341#3214249597,0,0.5351020693778992,1
3644272514#4071233134,0,0.4887484610080719,0
3227376447#2059400154,0,0.0007392569095827639,0
3628839722#5123189265,0,0.013260147534310818,0
1639390814#4825375981,0,0.0007488877745345235,0
2111872187#4699510653,0,0.000395394628867507,0
5014897285#5104418469,0,0.0021693448070436716,0
4897048724#5208946130,0,0.003241367870941758,0
2056128836#4140165052,0,0.17726513743400574,0
2297005450#4202096119,0,0.02874801680445671,0
2111350136#4893633475,0,0.0045816125348210335,0
5059261580#4910561821,1,0.9356459975242615,1
4735432768#3629624977,0,0.9300866723060608,1
3648904752#4272887201,0,0.6894953846931458,1
14613465315#2455842713,0,0.7832842469215393,1
91686025987#4933360994,0,0.047691911458969116,0
4435528162#4435913614,0,0.35207268595695496,0
3967431644#4687116172,0,0.8510599732398987,1
4735432768#3580539229,0,0.9549964070320129,1
2329543699#4593095274,0,0.343201607465744,0
207035576772#1665894324,0,0.0002695462026167661,0
2058222393#4195960848,0,0.012571020051836967,0
4215058789#4323500487,0,0.00083234190242365,0
4716933437#2452901483,0,0.9386222958564758,1
5123189265#5123189260,0,0.45319271087646484,0
4843831604#1635692869,0,0.48127976059913635,0
3487828521#2007847537,0,0.02946200594305992,0
3669306485#5060996735,1,0.8125438094139099,1
2065201243#1374772535,0,0.0037098429165780544,0
1398443073#202363939789,0,0.7828165888786316,1
2159739481#4201830454,0,0.003141451394185424,0
3513178266#3551393130,1,0.6737528443336487,1
2066246683#1438441444,0,0.006829482968896627,0
3403897392#2329543699,0,0.0004527668934315443,0
4641374150#4933360994,0,0.005797217134386301,0
3054434630#309670736915,0,0.08110129833221436,0
2075914534#4811798618,0,0.0005113580264151096,0
10530767652#14613460476,0,0.00034771126229315996,0
4215058789#4323500485,0,0.0007906058453954756,0
1656969942#2054817755,0,0.0016049448167905211,0
3831256267#1813034413,0,0.00038905401015654206,0
4653616782#50602309472,0,0.34670311212539673,0
2027838359#1415554755,1,0.24005445837974548,0
183335907108#4825375981,0,0.0020321104675531387,0
1565912494#2060253226,0,0.17438964545726776,0
4219781521#1701470611,0,0.14126503467559814,0
4330455313#1665894324,0,0.00042144188773818314,0
1712570939#3806980943,0,0.0007834052084945142,0
4673557611#4943818903,0,0.42745745182037354,0
4272137501#2054733437,0,0.001670193625614047,0
102514982310#197910587768,0,0.6569854021072388,1
4451124306#4451124293,0,0.03228961303830147,0
4699510653#4451342506,1,0.6176478862762451,1
2067179166#4672808661,0,0.000685542298015207,0
4715847880#3896015808,0,0.5206812024116516,1
3050152494#2111041560,1,0.5390352606773376,1
4435913614#3836676657,0,0.15792220830917358,0
3107598853#4196598949,0,0.6995022892951965,1
1878732185#2059483876,0,0.4477826654911041,0
1775497794#2067179166,0,0.0007706595351919532,0
3026064813#117277915830,0,0.013790479861199856,0
4003298247#4495500756,0,0.0023847247939556837,0
2059400154#3848611844,0,0.12590216100215912,0
4998365450#4223043910,0,0.000581948843318969,0
4057032761#4215038721,0,0.8568581342697144,1
4289086328#3836676657,0,0.6337190866470337,1
2359348328#146778888902,0,0.04144391417503357,0
1775497794#2026258520,0,0.00583985261619091,0
2057051387#4972894677,0,0.00985985528677702,0
4034038494#1816430010,0,0.09693514555692673,0
1520168707#125323389433,0,0.0008212164393626153,0
2071751695#54158093151,0,0.018723133951425552,0
2118416856#1453527936,0,0.09981319308280945,0
3269719212#29608029868,0,0.0022060091141611338,0
3626237468#4943818903,0,0.09677804261445999,0
5095503840#41713266437,1,0.9580331444740295,1
4155408706#3042764047,0,0.9116032719612122,1
1537709317#1537709304,0,0.08089720457792282,0
4623934568#5060996735,0,0.0007232159841805696,0
4595088087#2604119334,0,0.014837829396128654,0
4202041822#4893633475,0,0.30122730135917664,0
49857216438#212771874474,0,0.2708538770675659,0
3770456617#1696208496,0,0.09772982448339462,0
2111041560#2176735919,0,0.7055347561836243,1
1637980981#1816430010,0,0.002481855219230056,0
2070627808#4643718292,0,0.7027872800827026,1
4304261357#4218561827,0,0.5879732966423035,1
4201830454#2007329552,0,0.0014299877220764756,0
47752312088#38202857246,0,0.8208608031272888,1
4247271139#2063588766,0,0.7371225953102112,1
5169557343#5210078086,0,0.57561856508255,1
1882929309#2092610519,1,0.6906851530075073,1
5087832312#4223004786,0,0.0004811465332750231,0
4065797638#1639832922,0,0.0035485124681144953,0
5018368651#7026230674,1,0.650917112827301,1
4435913614#4898626808,0,0.000962168094702065,0
2057145715#2060185518,1,0.44940629601478577,0
3967431643#1740857110,0,0.0007388544036075473,0
3551393130#3474685537,0,0.3608395755290985,0
2135316663#4653616782,0,0.0008751210989430547,0
2068623358#1592254485,0,0.000810634926892817,0
378133536273#69710193399,0,0.7227402329444885,1
4658620132#2027929598,0,0.007723564747720957,0
4572380856#4204386191,0,0.0005530864000320435,0
4205538788#2075240892,1,0.8664999008178711,1
4841409785#4417849752,0,0.04086974635720253,0
4898626808#2727127831,0,0.043324001133441925,0
117154450703#109165560395,0,0.7847837209701538,1
4099641396#5018023921,0,0.0007694780942983925,0
4471122121#60367707728,0,0.5895503759384155,1
1472057117#4161797606,0,0.15813565254211426,0
69710193399#4635981164,0,0.0034527359530329704,0
2003710867#1646206864,0,0.0006463156896643341,0
3108657350#2359435242,0,0.0010652458295226097,0
3849817492#110232280082,0,0.0017165272729471326,0
4551054156#156274514359,0,0.7542509436607361,1
2113093450#4643943359,0,0.9597352147102356,1
38406123057#1882929309,0,0.001228054752573371,0
1438441444#3435281641,0,0.4018152356147766,0
2062782802#2057986140,0,0.0007131014717742801,0
1914403252#4572636295,0,0.0010866614757105708,0
276611684552#4619195159,0,0.0004467559338081628,0
156277514294#4226659635,0,0.0020771094132214785,0
2059124992#1818739935,0,0.14019113779067993,0
4589678847#1520168707,0,0.3958844840526581,0
4642512906#4748650954,0,0.0002863605914171785,0
1639832922#1437868238,0,0.7382715940475464,1
87820911338#18468687381,0,0.020961109548807144,0
3359180524#3359180052,0,0.7782912254333496,1
4825375981#5165108496,0,0.00042398518417030573,0
1920503864#1951195150,0,0.001411000033840537,0
4781194041#2057342439,0,0.0003980100736953318,0
4201830454#1416528046,0,0.0018077398417517543,0
4620685919#38202857246,0,0.4539119005203247,0
4354044382#1415554755,0,0.6677716970443726,1
4761512241#4763332016,0,0.8646753430366516,1
4973150488#2455842713,0,0.3728378117084503,0
4214739605#4643938191,0,0.0007514413446187973,0
4514269980#3628533316,0,0.0005374953616410494,0
4384403228#4165585148,0,0.0167702604085207,0
3474685536#3474685537,0,0.17588473856449127,0
4071233134#3683502845,0,0.11881603300571442,0
4535930871#4687116172,0,0.9667114019393921,1
3052180518#4499147142,0,0.0006721270037814975,0
2062782802#3044025040,0,0.2157060205936432,0
1313607746#1921223120,0,0.0005728609976358712,0
4155510577#156893097471,0,0.01498463749885559,0
5095503840#5208946130,0,0.0005222340114414692,0
3361906432#2150036453,0,0.029681088402867317,0
4933360994#4657354294,0,0.03161105886101723,0
3214249597#4155510577,0,0.00042050625779666007,0
580549064505#376973981474,0,0.22038695216178894,0
5123189260#5018368651,0,0.6101517677307129,1
157726428514#4644140313,0,0.0013677061069756746,0
4417818851#1867262556,0,0.5639306306838989,1
4643943359#6015919609,0,0.02593451924622059,0
3075628047#14613588147,0,0.000609970826189965,0
111110399548#167570408533,0,0.8560050129890442,1
4720389596#100995265790,0,0.0005354153108783066,0
4205538788#4195993580,0,0.0007659908733330667,0
1780678934#4426740219,0,0.03340332582592964,0
4442900590#3114734058,0,0.01212345901876688,0
5014897285#212771874474,0,0.6560849547386169,1
3487828521#1347237190,0,0.01725521683692932,0
1712573177#1778563597,0,0.8827173709869385,1
1311812490#3485676898,0,0.0021110817324370146,0
4699510653#2064955879,0,0.0006084014312364161,0
4348295931#4285709211,0,0.7865456938743591,1
1710094724#1570945860,0,0.6352760791778564,1
18465816919#18466210670,0,0.26008695363998413,0
4196030610#91686025987,0,0.000805312767624855,0
183335907108#4327866563,1,0.8922584652900696,1
4354044382#4570764341,0,0.0007140245870687068,0
4755359264#4620685919,0,0.6411385536193848,1
3926916973#2062766088,0,0.7234593629837036,1
1382214880#3439202323,0,0.00238932017236948,0
2092938385#5215138753,0,0.08481746166944504,0
4572380856#4746144353,0,0.037233538925647736,0
1656969942#5121642074,0,0.0006810853956267238,0
4680204120#54161674630,0,0.012474634684622288,0
5027483278#4015422065,0,0.28520745038986206,0
1712570939#75959618233,0,0.0012984253698959947,0
2027929598#4027742647,0,0.2447229027748108,0
1520168707#14613456118,0,0.0027420029509812593,0
1416301524#3525845999,0,0.0006921009044162929,0
1565912494#3046729281,0,0.1252543032169342,0
4327866563#4900378668,0,0.0022478224709630013,0
3968945784#4623949166,1,0.9924128651618958,1
4261185678#1671393307,0,0.006984120700508356,0
2075240892#3477269989,0,0.0024023468140512705,0
167570408533#189546061243,0,0.6811940670013428,1
1752749942#4157381557,0,0.756949245929718,1
3076859035#187508564338,0,0.000347238703398034,0
4354044382#2175801910,0,0.5123723745346069,1
4317041484#2064730522,0,0.7319084405899048,1
1477293192#2027838359,0,0.0020179918501526117,0
4579172309#4454991968,1,0.8595322966575623,1
4065721591#4613276653,0,0.8860989212989807,1
4435528162#4226659635,0,0.0007957178167998791,0
3446029032#2124411604,0,0.005261051934212446,0
4926426630#3056067914,0,0.023291874676942825,0
4581502608#1457252585,0,0.0009487274801358581,0
4339070553#4015422065,0,0.0005687623634003103,0
2359348328#146777938215,0,0.8531137108802795,1
4034038494#4219781521,0,0.005588769447058439,0
106964376935#2298730254,0,0.0009992578998208046,0
3644272514#4165151066,0,0.002192781073972583,0
1752749942#4726704241,0,0.00046846806071698666,0
4226659634#4259241183,0,0.0006063018809072673,0
4549189933#3054434630,0,0.0005547664477489889,0
3648904906#4195993580,0,0.002252049744129181,0
121528725386#2062770841,0,0.001541394623927772,0
1541880573#2150036453,0,0.017227495089173317,0
3988152389#2119476678,0,0.008954383432865143,0
4206267336#4260680249,0,0.002160055562853813,0
4941134416#4604457043,0,0.3154659569263458,0
124021630369#3046471496,0,0.08119641244411469,0
1903466347#207035576772,0,0.0009756320505402982,0
1818739935#18466202308,0,0.0009176705498248339,0
2061673563#1430988070,0,0.35835468769073486,0
307718000196#14613464473,0,0.009872288443148136,0
4196521320#4613276653,0,0.6894204020500183,1
1688824936#2069774757,0,0.0006137183518148959,0
1427286361#1688824936,0,0.47099244594573975,0
4202041822#3626237468,0,0.0007203404675237834,0
4642512906#5163452200,0,0.4486278295516968,0
5090085713#4523728345,0,0.8529709577560425,1
18467925256#2183963548,0,0.007689084857702255,0
3043492443#4993036319,0,0.002972394460812211,0
4145588659#1994805938,0,0.8199214935302734,1
14613460476#4748650954,0,0.0020594559609889984,0
1398682725#5095503840,0,0.00169146410189569,0
14613461654#146011937628,0,0.10722494125366211,0
3628533316#4195993580,0,0.0008783691446296871,0
1914403252#3289002540,0,0.0004209012840874493,0
5185236541#4197138413,0,0.0008502629934810102,0
178258449477#4998365450,0,0.7999858260154724,1
2079581946#4746144353,0,0.0010176232317462564,0
4448830722#4451089335,0,0.7606807947158813,1
4589830735#4411426624,1,0.6168614625930786,1
3926867260#4530026053,0,0.000710436375811696,0
3967431643#3299598934,0,0.000651869922876358,0
2059052537#4385184631,0,0.5866039395332336,1
4176217131#1903466347,0,0.01313813216984272,0
2026069710#87820905399,1,0.6454827785491943,1
4454991968#4534359957,0,0.0002562897279858589,0
3050045988#4247271139,0,0.0009072618559002876,0
4657354311#4657354294,0,0.060238469392061234,0
1316556785#4132281843,0,0.0003792379575315863,0
3691000538#2007934907,0,0.0006946194916963577,0
1701333916#1398443073,0,0.9029675126075745,1
4631852445#2065354050,0,0.0006650270079262555,0
4206267336#3629624977,1,0.8126574158668518,1
4735432768#3431879179,0,0.10453131794929504,0
5208946130#580549064505,0,0.0007092667510733008,0
1497939109#157726428514,0,0.0005466692382469773,0
2026258516#2183968048,0,0.838304340839386,1
4202096119#3794247232,0,0.7058369517326355,1
4943160331#3968945784,0,0.0003737598017323762,0
4479095804#107725296889,0,0.2584748864173889,0
3287805133#4657354285,0,0.525120735168457,1
1477156406#1438326380,0,0.08994173258543015,0
212394033260#111110399548,0,0.7953594326972961,1
29299331674#5163452200,0,0.8972390294075012,1
23230310067#4763332016,0,0.6716172099113464,1
1574873794#4613276653,0,0.6797751188278198,1
4828654874#178258449477,0,0.8429574966430664,1
2062867476#111568230982,0,0.0046001304872334,0
2067377960#1477156406,0,0.00034000948653556406,0
54161674630#5018023921,0,0.6293177604675293,1
1565913509#3889395495,0,0.415130078792572,0
2063588766#4913742546,1,0.9365679621696472,1
5215138753#4165585148,0,0.17856144905090332,0
373850284448#1951195150,0,0.0005108343320898712,0
3831256267#5123189260,0,0.0008969033951871097,0
1847712017#2062045929,0,0.004156752955168486,0
3245545040#4206267336,0,0.7100529074668884,1
4589820532#2058316912,0,0.0015589123358950019,0
2977755545#4720389596,0,0.0009323734557256103,0
4643718292#4643943359,0,0.05862627923488617,0
2070627808#3727491058,0,0.0012857798719778657,0
113196401893#2054753273,0,0.0006272143800742924,0
5208946130#4867542841,0,0.2564747929573059,0
3445564730#2314360284,0,0.00333224143832922,0
4289086328#4435528162,0,0.7349722981452942,1
45531943201#54161674630,0,0.7545693516731262,1
4536041187#4584646241,1,0.6015195846557617,1
4642854804#2168053481,0,0.07550723105669022,0
1401982678#2062075980,0,0.2027837634086609,0
1718471304#3967431643,0,0.030840475112199783,0
4145588659#4157551094,0,0.3314625918865204,0
4841409785#4223043910,0,0.02581327222287655,0
4022447951#2068436073,0,0.07566554099321365,0
3612961288#4451089335,0,0.8386057615280151,1
3054671141#3349756713,1,0.8581852316856384,1
1416301524#4176217131,0,0.016578804701566696,0
3404019592#2247165276,0,0.2540302276611328,0
4260680249#2122362220,0,0.5981749296188354,1
1627738213#4542039020,0,0.0006078404258005321,0
4581502608#1951195150,0,0.0030911609064787626,0
87720200914#53263229623,0,0.6322184205055237,1
3882201915#4658956014,0,0.3769644498825073,0
4411426624#3683502845,0,0.16049717366695404,0
4643898157#18468687381,0,0.40653640031814575,0
2338131041#2338916683,0,0.10665828734636307,0
87720200914#4653616782,0,0.8086720108985901,1
4898730640#1453527936,0,0.0008522754651494324,0
3683502845#3446029040,0,0.9493178129196167,1
4414530598#1696208496,0,0.3038894832134247,0
4653616782#53263229623,0,0.6431240439414978,1
4451089335#4456625974,0,0.9318443536758423,1
4004772536#3050045988,0,0.0003955657593905926,0
5174571094#4411426624,0,0.5437566041946411,1
4631852445#4722721497,1,0.7773304581642151,1
4391918874#3949154897,0,0.06703503429889679,0
4150903563#2066535766,0,0.0004328707291278988,0
4180609537#183335907108,0,0.007039431948214769,0
2159739481#3461052410,0,0.034567929804325104,0
4448830722#4456625974,1,0.7487226724624634,1
1646144729#4157551094,0,0.00325897173024714,0
4840773591#156277193948,1,0.6340805888175964,1
3474685536#1319944364,0,0.0739532858133316,0
3435281641#3304467506,0,0.6647794842720032,1
4165585148#3551393130,0,0.0014760575722903013,0
4643943359#87820911338,0,0.0684879943728447,0
5163452200#3076859035,0,0.00021313979232218117,0
5128222238#4195993580,0,0.002337898127734661,0
1765891797#3691000538,0,0.7303778529167175,1
2057051387#3404019592,0,0.31970715522766113,0
145960681701#3831256267,0,0.013649501837790012,0
2296451977#4589830735,0,0.01922474056482315,0
18467669365#2067179166,0,0.025080787017941475,0
4530026053#2270062912,0,0.0015440857969224453,0
4196030610#4206269897,0,0.16974207758903503,0
2455842713#4405676807,0,0.0010102151427417994,0
4593095274#3214249597,0,0.14974406361579895,0
14613465315#14613461654,0,0.17181189358234406,0
2057811649#1438483240,1,0.7674183249473572,1
3044853716#53263229623,0,0.001428023329935968,0
3108657350#2003336437,0,0.0006296017090789974,0
4321048267#2055255869,0,0.0008359014755114913,0
46983614517#4589830735,0,0.0009341652039438486,0
3551393318#3474685536,0,0.3349369168281555,0
2062845102#97115452949,0,0.0011134996311739087,0
4483987744#1765891797,0,0.0014987876638770103,0
219547393842#2112794415,0,0.0006911208620294929,0
4720389596#4877427884,1,0.9887664914131165,1
4439737347#4200562083,0,0.6137529015541077,1
2026258524#2183428945,0,0.8876840472221375,1
309312102749#3967431643,0,0.03566458448767662,0
3920807098#4405676807,0,0.7778943181037903,1
1654102057#1665894324,1,0.9722626209259033,1
4450602322#3557197892,0,0.24463430047035217,0
4401870234#4195993580,0,0.2252238690853119,0
23230310067#3626237468,0,0.0006376419914886355,0
2180579787#2026258524,1,0.8427551984786987,1
5154681248#111568230982,0,0.0003378144756425172,0
1574873794#1453527936,0,0.00044086884008720517,0
1326086493#4165585148,0,0.5302110314369202,1
4210986952#3612961288,0,0.00047133027692325413,0
3551872495#4261185678,0,0.0020312557462602854,0
4176217131#18466202308,0,0.9455486536026001,1
4542039020#1639832922,0,0.0007800504099577665,0
4900378668#3487828521,0,0.4281059205532074,0
4316999113#4316999082,0,0.3859213590621948,0
4763332016#3626237468,0,0.0006478445138782263,0
1537709317#2061448087,0,0.6800200939178467,1
3836576451#4542321633,0,0.11708199232816696,0
10530767652#421393369392,0,0.0004775615525431931,0
3628839716#2092610533,0,0.005380141083151102,0
4867542841#173652977366,0,0.0006717309588566422,0
4157280271#1694379812,0,0.8097720146179199,1
1574873794#395685899087,0,0.5819411873817444,1
38202857246#2055448044,0,0.0003588272666092962,0
4015322905#1565925308,0,0.00035530360764823854,0
3580539229#3629624977,0,0.14990109205245972,0
2154491220#4642854804,0,0.0008141385624185205,0
3831256267#1696208496,0,0.0005102674476802349,0
4384403228#4330455313,0,0.04898149520158768,0
3400442486#3435281641,0,0.08202695846557617,0
107725290582#50016874555,0,0.0003800459089688957,0
2298730254#50016874555,0,0.004685670603066683,0
4943818903#2058563113,0,0.0027584421914070845,0
2054733437#2059483876,1,0.9418783783912659,1
3363370353#3404019592,0,0.13017109036445618,0
167570408533#173652977366,0,0.0671369656920433,0
1528865186#2296574953,0,0.0011297280434519053,0
1477293192#2064414260,0,0.7762642502784729,1
146011937628#212394033260,0,0.0006610529380850494,0
3052944481#5210078086,0,0.004507096018642187,0
4944579314#6015919609,0,0.7487716674804688,1
2116342008#1711852573,0,0.00350249488838017,0
4589673799#1727736762,0,0.002963108941912651,0
2079572106#4635981164,1,0.9158843159675598,1
4572636295#145960681701,0,0.001015568501316011,0
18468695966#2063706226,1,0.8578879833221436,1
4535930871#4623949169,1,0.9868848323822021,1
2061448091#1537709304,0,0.6997462511062622,1
2074019451#4335156801,0,0.018089305609464645,0
4755359264#38202857246,0,0.7027198076248169,1
2118416856#114453608394,0,0.0006434742826968431,0
6871473475#2114341514,0,0.3126548230648041,0
4755359264#4673557611,0,0.6997178196907043,1
54161674630#4959321228,0,0.7667703032493591,1
3485676898#1639390814,0,0.0015775056090205908,0
4514269980#3061887519,0,0.0012077735736966133,0
2114341514#4536450435,0,0.006434827111661434,0
4157280271#1811606488,0,0.0005383767420426011,0
2064414260#3903241588,0,0.00037937480374239385,0
5027483278#4959321228,0,0.7951856851577759,1
2026258516#2026258521,0,0.8535598516464233,1
4195993580#4584646241,0,0.00474201887845993,0
2062845102#4261185678,0,0.0003880731528624892,0
4444196403#2092938385,0,0.03094250150024891,0
1921223120#146011948003,0,0.714257538318634,1
187508564338#45531943201,0,0.9108721613883972,1
1721524699#4149299298,0,0.002335734898224473,0
4489521100#2120851333,0,0.004272131249308586,0
4291077418#3289002505,0,0.848190188407898,1
3835278364#5037293131,0,0.610794186592102,1
1810185303#1650171814,0,0.25721460580825806,0
1477293192#1627587582,0,0.34051287174224854,0
4206242446#4197138413,0,0.0033494173549115658,0
2169220658#373850284448,0,0.0005905398284085095,0
2092610536#3236601708,0,0.033561043441295624,0
3214249597#3214249595,0,0.8627657294273376,1
1557919756#2075240892,0,0.0009112287079915404,0
18468580547#18465721026,0,0.1528279036283493,0
34888001864#3431879179,0,0.019012082368135452,0
3361906432#29299331674,0,0.0015621143393218517,0
4161797606#1728174549,0,0.382355660200119,0
2026258516#2026258524,0,0.7326726913452148,1
4495500756#2336490445,0,0.19372040033340454,0
4130010417#4972894677,0,0.0018066990887746215,0
2066535766#1646144729,0,0.00026179314590990543,0
4226659634#4232666143,0,0.13921640813350677,0
18468690620#5169557343,0,0.0005238930461928248,0
2281691154#4663785560,0,0.0004299730353523046,0
2054781193#1847712017,0,0.5564025044441223,1
3630377420#1627587582,0,0.0020860496442764997,0
3529095384#1701333847,0,0.0006956181605346501,0
