pair_id,true_label,pred_label,confidence
29607392514#5163452200,0,0,0.00386767403175874
2061441544#4514271066,0,0,0.0033443032452867335
1401982309#4945702240,0,0,0.06362527148081068
2060192911#2060192915,0,0,0.20333247128465162
2016866277#2056078364,0,0,0.0020326134158390142
4450888165#1423044582,0,0,0.020912408456835816
109765155485#111110399548,0,0,0.002312475864682627
4624086112#3395466908,0,0,0.0049988693550483305
3929215225#1659519065,0,0,0.00360467338649538
2115678997#4435566465,0,0,0.0042053395608273375
1431887069#2054699471,0,0,7.799510696805265e-06
4735432768#2057573219,0,0,0.0029566547475098812
4998365450#3108657350,0,0,0.00360467338649538
2183968048#1456843034,0,0,0.00360467338649538
4526688599#4035397646,0,0,0.0033225833349519182
2055946129#5194366020,0,0,0.007309367301597881
2162682667#4658956014,0,0,0.03060860627086943
3046447657#4219594137,0,0,2.1705087624241623e-05
2640338192#2063888292,0,0,0.46322785929448124
4057038032#5010064143,0,0,0.0015633248168356124
5210263415#5210259386,0,0,0.044563838356599654
4735432768#2057552209,0,0,0.000999589085320524
227607176751#4548461997,0,0,0.00360467338649538
114693583065#2061309885,0,0,0.00360467338649538
2283920901#4514271066,0,0,0.00424532503072453
1425598204#4077027238,0,1,0.9154289170979568
1659951159#1780636692,0,0,0.12334173745986539
1401982309#4698569942,0,1,0.8865691134106507
3285703159#3072525687,0,0,0.0034029824381986923
3474743878#3816455026,0,0,0.00360467338649538
138960910846#1656969937,0,0,0.047591589489407476
391306865273#4256622048,0,0,0.00360467338649538
1639325148#5199216301,0,0,0.027767175464569836
3053472155#2137028345,1,1,0.9963323698020295
1316070394#1319944364,0,1,0.945454198136782
392281366488#4283786658,1,1,0.5144571392279512
1537709306#3591598898,0,0,0.004615258233347807
2163161399#2055581605,0,0,0.004228691978879448
2640338192#2150886701,0,1,0.9905339853155857
4206177048#4946289727,0,0,0.008351642497153509
4436356008#4159034451,0,0,0.0010040476144948162
4947650145#4261128456,0,0,0.0047011053038501175
2071864814#2070691342,0,0,0.0004713817583664738
124657516337#44498925795,0,0,0.0006525456347800246
90189177932#69609155599,0,1,0.6505384865898659
4425561518#3770456617,0,0,0.0034975031924619746
1487584016#3054084564,0,0,0.024378570034187724
4636508851#4232728984,0,0,0.0009101386250787915
4176537188#4356117363,0,0,0.003961625302895147
4532035181#364662576302,0,1,0.7233969288158998
1417009342#1354017991,0,0,0.0042333789228937565
3816455026#4108649868,0,1,0.5757772329620104
4199527734#37959222365,0,0,0.007394875321134027
4165151066#4470296934,1,0,0.004909507421318328
5210259474#5210260401,0,0,0.044563838356599654
314601336135#4448697469,0,0,0.07867506225516706
3972742243#3903280573,0,0,0.0037305300373730115
152713369272#2455894769,1,0,0.046449226841408696
3319075608#4538332005,0,0,0.0031699407393920584
4720990746#4720990747,0,0,7.150303587590934e-05
1634250118#2117971399,0,1,0.9678822762639158
2119478248#2114716134,1,0,0.07952647276483059
3230219871#5121642074,0,0,0.004432712328973749
4425561518#4425561412,0,0,0.001547821772790422
4742698844#2058531412,0,0,0.04660541352692956
1637980981#2118643101,0,0,0.004208352162458672
4529171819#4698569942,0,0,0.0010229641546105825
3446029032#3742463975,0,0,0.13510359627139557
4790633062#2297005450,0,0,0.0016181154523102286
2059124838#3806980943,0,0,0.0031979611148743215
4024663252#4454799835,0,0,0.0001449915824225625
1456843034#1590408241,1,0,0.004128306233583891
4479070818#4705427870,0,0,0.006950351981103197
1347237190#2296451977,0,0,0.0012349341458364634
3927439605#4188977524,0,1,0.9327448913525607
69055008791#90189177932,0,1,0.6505384865898659
2063888292#2063878463,0,0,8.775386101491755e-05
4256981120#4232666143,0,1,0.6406752361392478
4465664542#4188896319,0,0,0.056311559910738405
1410164195#69282286107,0,0,0.0007163134029025675
3870637640#1634282666,0,0,0.003672576820768482
1778986389#2120518542,1,0,0.002289916417779426
1661790023#2055601072,0,0,0.0013958120045739102
3578109143#3761153782,0,0,0.11627106357591585
1558033119#3972742243,0,0,0.005516268341981966
2162682667#1762522969,1,0,0.0355944593587264
1537709308#4111311078,0,0,0.00203417494426422
4451089335#4448830722,0,0,0.04583751151506597
1354017991#2118965491,1,0,0.0038492125530545035
4506633524#1592367367,0,0,0.03065652076269817
2114438559#2136847331,0,0,0.0005886536524386483
4261128456#4261128452,0,0,0.026088661920135543
1656969942#2026258519,0,0,0.00032870425189670307
4356117363#3017056355,0,0,0.004509183654718846
2068611560#3591598898,0,0,0.002505851434755612
138961977066#156277076551,0,0,0.008931269385196845
4206201723#3648903741,0,0,0.0023126057374514898
4774992939#90189177932,0,0,0.00360467338649538
4623017083#1639394625,0,0,0.002505851434755612
4636382579#4636508851,0,1,0.9652617996099636
5169257472#5169252712,0,0,0.002721312286712728
7161173338#5123189265,0,0,0.06270751316867706
3053472155#3081986781,0,1,0.823763517976244
2060836540#3926963318,0,0,0.00360467338649538
156276503685#2061441544,0,0,0.00360467338649538
4272887201#4272885125,0,0,0.06652975713703252
4691126574#4448697469,1,1,0.9990572259354039
4774992939#2165145983,0,0,0.0024820817873408016
3402256673#4680095395,0,0,0.01961814148254681
1434305170#1320992608,0,0,0.2150493124614605
2058531412#138960910846,0,0,0.06192522728901348
1535646713#1637980981,1,0,0.15043289967916457
370314330573#492316061640,0,1,0.9999762269830949
3913419748#3580539229,1,0,0.0003001938787246272
2359474749#3016942950,1,0,0.17829233722462265
4589775642#3836992879,1,0,0.14401573041136187
2183428945#2181531828,0,0,0.11816066016529873
2057120532#2057186115,0,0,1.3092080692504974e-05
5210263415#4070427569,0,0,0.00360467338649538
4636143697#4945702240,0,1,0.5706098211107766
3249354040#2359474749,0,0,0.00360467338649538
4327866563#6633392282,0,0,0.18190533205880124
2180579787#2119388082,0,0,0.17309957563311834
2118643101#18466210670,0,0,0.006973561005193885
4774992939#4451342506,0,0,0.0008005516752056027
1417009342#4529171819,0,0,9.648638770553948e-05
1416827061#1431851220,0,0,0.0004704155150842347
2070627808#1778563595,0,0,0.00251490217717991
1780636702#1716261756,0,0,0.01961838790428258
146778888902#2359348328,0,0,0.00147923599217204
1403216308#309312101477,0,0,0.0007679570545478449
212394033260#167570408533,0,0,0.0037616208589280864
1667001955#2059124992,1,0,0.019605034312250122
4623972834#4196030610,0,0,0.0015283592390610613
3934681694#4860360403,0,0,0.26507083445709306
14613461654#2455842713,0,0,0.0006683227807958227
1830525975#1818675501,0,0,0.15947312673040018
3060607943#1556785910,0,0,0.0032001921377943473
4256906448#107725296889,0,0,0.0006284890015950093
1965402836#1733350200,0,0,0.002731010615839003
3591598900#1805614122,0,0,0.025011842042981926
4226659635#3881629589,0,0,0.0016757989663467648
53263231637#53263277044,0,0,0.002792288428651858
4212827921#4057038032,0,0,0.00360467338649538
2640338192#4219594127,0,0,0.0014671915176546423
2057186102#3926967278,1,0,0.006309948403112803
302839388028#4524153991,0,0,0.0030017089162632862
4455655369#4451089335,0,0,0.00472785568407149
3644272514#3683502845,0,0,0.0030257928627655823
4034038494#1372557160,0,0,0.0033768018833201054
4272137501#1347237190,0,0,0.00360467338649538
2061673563#1430988070,0,0,0.0003152941502430955
4420971756#29299658960,0,0,0.0005659578834237239
121528725386#3601857963,0,0,0.0058502334269867505
4553673830#4768693982,0,0,0.007014099065628351
2057186102#2055946129,0,0,0.0005555897917498447
4808240601#4720990747,0,0,0.007548070241270607
2292556895#4526688596,0,0,0.014801396667931812
202581283129#2296537627,0,0,0.12707601453190523
3551952830#1537709308,0,0,0.0026488555878673853
2128656141#1885490974,1,0,0.03293184469418247
2060192915#2027457810,0,0,0.0014054994292049213
3766757689#4673557611,1,0,0.06773139951316547
4532014296#4526688599,0,0,0.0005375169537600031
4755359264#3766757689,0,0,0.005809494668926138
237523614768#18468082722,0,0,0.027822573645227642
5210259474#2067179166,0,0,0.0014671915176546423
3648903741#3081986781,0,0,0.00360467338649538
1500161456#5076405390,0,0,0.00360467338649538
5078702464#208339001895,0,0,0.00360467338649538
4129173722#4435666805,0,0,0.0011110114369883512
3836576451#11087571368,0,0,0.0022471910796707157
4226781300#14613455236,0,0,0.16863031175582346
3285703159#178615973311,0,0,0.00360467338649538
4454799835#1639901072,0,0,0.00360467338649538
4157551094#4179651570,0,0,0.005674732044223915
81553005637#5031079827,0,0,0.014006071279950797
114693583065#5194366020,0,0,0.00360467338649538
4530026055#4272885125,0,0,0.0014671915176546423
4623934568#309312102749,0,0,0.0003804599407199117
2059397275#3077307902,0,0,0.0062121313208177535
3712801411#3046447657,0,0,0.0013774783534423586
2183428945#4435586554,0,0,0.00360467338649538
1434312727#1479236028,1,0,0.0010581718522281183
2088554701#2739075334,1,0,0.022710394366662664
53263277044#53263229623,0,0,0.4479849788525018
4524153991#2062285767,0,0,0.00013541092987250927
4111311078#3931049291,0,0,0.04197407914780748
314601336135#14613464513,0,0,0.004099882947931954
5169252503#4624086112,0,0,0.00360467338649538
3017056355#4317041484,0,0,0.003961625302895147
1932250238#2088439298,0,0,0.015283321512217441
1429413488#2057685237,0,0,0.0003226372466068682
2111038059#3023688258,0,0,0.004118743060798772
2057146445#2112891471,0,0,1.3434707208321947e-05
203654552716#3986575237,0,0,0.00353663170537089
156277076551#18466210670,0,0,1.8859099549242167e-09
5210263415#5352675624,0,0,0.044563838356599654
3245545040#3580539229,0,0,0.0001708062513078925
4090681438#1307874587,0,0,0.08762270632136229
2671772709#4254790911,0,0,0.00034776880441613465
173652977366#167570408533,0,0,9.873885603268955e-06
3986575237#3287633018,0,0,0.03921942103586853
3995923367#3052165975,0,0,0.0031297420065138754
4285709207#2007329552,0,0,0.005767255553165794
4065724850#1401982309,0,1,0.8798102588351416
2058531416#2057082463,0,0,0.007951609695929132
4357742929#4878082767,0,0,0.0006516512107134334
4973150488#2455842712,0,0,0.4923916812687223
1727736762#1727736761,0,0,0.283741252579819
4327866563#2058563113,0,0,0.0020865065298564076
1429413488#2056156370,0,0,0.2316513817193614
4529171819#4877560558,0,0,0.005104883027060928
5163452200#12910266318,0,0,0.004903366948173517
492316061640#436617713935,0,1,0.6379370669174071
2055601072#2058663034,0,0,0.0020802707772420727
4385184737#88520940864,0,0,0.001779931116488232
2061352093#2063572073,0,0,0.0013084143634424484
1639325148#1483087858,1,0,0.3447968060986262
3683502845#3446029032,0,1,0.7101782615058504
2296451977#4643809596,0,0,0.0002327655931143366
4020730390#4155642921,0,1,0.699235105696093
2027457633#2027457810,0,1,0.5843221799118102
4777051438#2051253311,0,0,0.002800942409987528
1565925308#1778986389,0,0,4.4745432180025355e-05
3591598898#3903280573,0,0,0.0038378877623664034
2115880476#4435792377,1,0,0.026003026665573747
1667001955#4386494215,0,0,0.0011351892236495333
4529171819#4529171947,0,1,0.9956022604988034
4642512906#2112250533,0,0,0.003434481927547638
47752312088#52346437064,0,0,0.1865064089272124
3836992879#1537709306,0,0,0.001674328969905762
1818675501#1659519065,0,0,0.002716468345555761
3591598898#1833697097,0,0,0.001423357860981679
1830525975#4716857454,0,0,0.002822747073608813
2027839123#4241366976,0,0,0.004542634919021254
3978215502#4506633524,0,0,0.0028891839095391367
3052760872#5210259386,0,0,0.00360467338649538
3926963318#4185429549,1,0,0.007873813879981048
117277915830#4897862520,0,0,0.12393467832991432
2359572372#3903289669,1,0,0.08410923940681089
1701593387#3641396498,0,0,0.008276153974884548
4530026053#4542321633,1,0,0.014534717378472646
4256725997#4657354263,0,0,0.006071866087122934
1639275755#2640338192,0,0,0.0014671915176546423
29607898384#4591638149,0,0,0.008276153974884548
1902954948#81902710995,0,0,0.003189904969551909
4052058734#3816455026,0,1,0.5757772329620104
2296451977#5210263415,0,0,0.0011594061442111046
2111818909#4511530729,0,0,0.036173826551190086
2359474749#2268287413,0,0,0.05914183980145214
4662517140#25405387739,0,0,0.00015958739490480283
117154450703#1592253963,0,0,0.004138525585223704
4624086112#2359572372,0,0,0.005247161532975248
4386494215#4385184631,0,0,1.951056496668076e-05
4157551094#2118643101,0,0,0.00360467338649538
4346970606#4034038494,1,1,0.8342662914796776
4720990749#4720990746,0,0,0.00015240379794498183
2113712804#4448697469,0,0,0.02768357593531526
1778563597#1638853392,0,0,0.492621549836183
3972742243#3601857963,0,0,0.020528170182674884
7161172305#7026230674,0,0,0.05685693548918327
1905948078#2059483876,0,0,0.002215457951116221
4720990748#4720990746,0,0,1.9885653357733594e-05
5194582482#1590527066,0,0,0.0009050086833960348
1708981181#4071233134,0,0,0.00360467338649538
81902710995#60367620373,0,0,0.05671094839222106
4242849949#1430988070,0,0,0.00016558196235989226
1711846546#1394299795,0,0,0.2489005088266182
1372557160#1780636702,0,0,0.002976421306243415
4470296934#4212827921,0,0,0.00360467338649538
1920503864#4529171819,0,0,0.0017803934732399166
314601953357#2060189370,0,0,0.0008194238072488951
2063878463#3446029032,0,0,0.00034166917571847467
2058494409#7026230674,0,0,0.00360467338649538
4242891248#14613461654,0,0,0.00360467338649538
4455408499#3120043199,0,0,0.00438167948411776
1696577548#1659951159,0,0,0.0003869509178978571
1965402836#4776817109,0,0,0.00360467338649538
1479236023#1479236024,0,0,0.0002993891452932949
2054733437#1914706723,0,0,0.0009339294597922187
4530026053#4165151066,0,0,0.0032461670414088498
2117931367#2057858826,0,0,0.004316477279622436
2062633327#1888052788,0,0,0.00360467338649538
2058278464#3706865825,1,0,0.0005539825432632619
2071864814#4435666805,0,0,0.0051753567726181265
2113093450#4623017083,0,0,0.006275433346119696
2065023444#2073668282,0,0,0.004608926449988207
2661092323#4448830722,0,0,0.00360467338649538
4348295931#2122362220,0,0,0.00451457123881991
4824054256#41375214069,0,0,0.00360467338649538
3903280586#69282286107,0,0,0.002976421306243415
1592367367#1453532038,0,0,0.015028694208919642
14613465315#14613466961,0,0,5.871366924785195e-08
1667001955#2128656141,0,1,0.5112481202145676
156117434515#2057082379,0,1,0.9977207135974996
25244788647#3836676657,0,0,0.002822747073608813
4181867888#4716857454,0,0,0.0048671273141327066
2740883313#4808238795,0,0,0.0022938693095337975
3836576451#4469027502,0,0,0.0002452536172817458
4242696539#4242891248,0,1,0.9995955944909984
2056478070#1712570793,0,0,0.0030350797171857175
4215038721#4451124293,0,0,0.0014948773721657877
4451288784#3606108939,0,0,0.00021116426078618864
4256622048#4256981120,0,0,0.0016903835493933016
14613464513#379478718058,0,0,0.0014345094096612193
1430989592#1430988070,0,0,0.011682716763344503
2183968048#2183428945,0,0,0.005323755120056866
4742698844#11087571368,0,0,0.0037229018398671834
4897454823#4451342506,1,0,0.028969744266757698
4077473357#4534359957,0,0,0.0007393036592977929
4897454517#4261185678,0,0,0.057309970177977516
5194366020#2059124838,0,0,0.012219717265954461
1701470611#156116289986,0,0,0.00021330819144030274
5199216301#3934681694,0,0,0.012053984567696375
227607176751#1319944364,0,0,0.00360467338649538
4548461997#4076081471,0,0,0.00360467338649538
2298730254#4538335537,0,0,0.004114760805353956
1778563595#1727736761,0,1,0.9500634930058396
1431887069#314601336135,0,0,0.0002543729612206113
4823801269#4323500487,0,0,0.19201662538748493
4346970606#307410722133,0,0,0.010920496406115983
3487828519#3501315747,0,0,0.07405332370659404
4774992939#4636522140,0,0,0.0007946543472573881
1920503864#3927439605,0,0,0.0013103195599164876
146011937628#146011948003,0,0,0.08022385532110442
156277076551#18465721026,0,0,1.5782308877025688e-09
76198377822#4043193319,0,0,0.14499474614083904
2114390938#4444948728,0,0,0.04747231210048367
4589830735#4532014296,0,0,0.00023910643626949568
18466354888#1483087859,1,0,9.632066489762724e-05
90189177932#69055007639,0,1,0.6505384865898659
4633378534#156273955489,0,0,8.167652509452069e-05
4465664542#4454799835,1,0,0.0032646006633627973
4442900590#4077473357,0,0,1.1839258464871884e-05
4860360403#302839388028,0,0,0.004258634587770971
1667001955#303433622485,0,0,0.0012969156317522035
3290768654#2947790103,0,1,0.5262902819126034
1859920904#2067179166,0,0,0.028986339089174827
4219594137#4206201723,1,0,0.33186749606327315
2058531412#4589775642,0,0,0.0012110245463501285
1483087858#4469027502,0,0,1.4042167807068735e-06
1659519065#156276601478,0,0,0.0003824375262745028
1394416929#1556785910,0,0,0.00360467338649538
4285709207#4260680249,0,0,0.004511879817640527
2159160651#3043036534,0,0,0.024787363383434017
1877399023#4435792377,0,0,0.00029271882331865427
1646205905#2113439579,1,0,0.00023850939951354375
1431930648#2112891471,0,0,7.868187652761817e-06
2359113449#3120043199,0,0,0.04211154379945051
2070627808#1434305170,0,0,0.003740023455310776
4945702240#2073669601,0,1,0.9967409847384304
2059124838#2057898501,0,0,0.010909852005724642
10553947604#2051966916,0,0,0.00360467338649538
3988152389#167570408533,0,0,0.0001936545313326812
1639253622#3072525687,0,0,0.00360467338649538
3083904084#2292556895,0,0,0.0026300379267213676
1434312727#4584646241,0,0,0.007233057913943726
430837878381#1425598204,0,0,0.002816275655511501
156273955489#4623934568,0,0,0.003000040816352239
4878579203#106190147770,0,1,0.8401727829477386
3972742243#4623972652,0,0,0.0049760548755364755
3601857963#3591598900,0,0,0.00918395125912137
2061244620#1592253963,0,0,0.001848984346998489
2113712804#4636041770,0,0,0.3311395591926608
2057112219#3075628047,0,0,0.00360467338649538
5062861485#3973253490,0,0,0.0030350797171857175
1912538880#4272843119,0,0,0.032239862818724194
2115880476#4386494215,0,0,0.00360467338649538
3474685542#3474743878,0,0,0.2291599657790805
1483087859#1639325148,1,0,0.3447968060986262
7161173338#4776817109,0,0,6.890462874436831e-05
227607176751#3050152494,0,0,0.009525319499007976
3946838650#4020730390,0,0,0.0030350797171857175
173652977366#492316061640,0,0,0.00360467338649538
4450784429#4509158303,0,0,0.013819406210646644
3946838650#4168332323,0,1,0.9920609109064117
1914706723#4241366976,0,0,0.0014461492783058257
3395466908#2051253311,1,0,0.005853232417449412
190330815066#4356117363,0,0,0.00251490217717991
2112250533#1816512025,0,0,0.3744346360197792
6633440508#3806980943,0,0,0.0036388917685496133
18466601978#156117434515,0,0,0.08241304698706939
4031814900#4261128452,0,0,0.034351494713083235
1600123318#3926963318,0,0,0.0003817999994473996
4451342530#2115678997,0,0,0.0020349044690017915
4878082767#4242891248,0,1,0.6962595110456408
4232666143#29607392514,0,0,0.010069634419648645
4451124293#3319075608,0,0,0.0061122077166297405
90189177809#88520940864,1,1,0.8736233635583301
2050840604#3809186919,1,0,0.23825311103549796
3610178183#4215038721,0,0,0.0014275875851436442
3023688258#1727736762,0,0,0.004118743060798772
2068602973#2296537627,0,0,0.012868104550278866
4323500487#2114390938,0,0,0.006950351981103197
4823801269#4590516328,0,0,0.007230585662405219
2283920901#4401898255,0,0,0.0017286116934163347
4643809596#5194366020,0,0,0.0006508011361560927
3806980943#4274235353,0,0,0.00023962996494348893
5210259474#5210259386,0,0,0.044563838356599654
1565925307#1905948078,1,0,0.0024930677463774055
135028851546#4444948728,0,0,0.005477906441607871
2175800284#4241366976,0,0,0.0034975031924619746
5185595733#10553947604,0,0,0.0031699407393920584
2063873633#4538335537,0,0,0.0011395209383390566
1425289196#4643943359,0,0,0.021378513506319065
2068611560#2070627808,0,0,0.00017030182137700892
1646205905#2057211704,0,0,0.004994452069801916
3629624977#2057573219,0,0,0.0028363178537161526
1318626251#2060836540,0,0,0.00287892268876581
76198377822#4808238795,0,0,0.006094484467353357
2054699471#2057146445,0,0,1.3434707208321947e-05
2058563113#4532035181,0,0,0.0012721324933052298
117755505510#1600123318,0,0,0.00360467338649538
2070686849#1712137054,0,0,0.01281055855493706
1712570793#1638853392,0,0,0.042263645886131136
4705427870#2281691154,0,0,0.0013130503150585455
3628839717#3628839716,0,0,0.0035662685176588243
1875282048#4658956014,1,0,0.0012359290915237623
4529171819#2060836540,1,1,0.9947209541133212
1659951159#1659519065,0,0,0.0015931945137252824
90189177932#69607735174,0,1,0.9922422166931767
3451234547#3628839716,0,0,0.03332737553948505
3926963318#3652959253,0,0,0.007883645241925901
2056078364#1432014682,0,0,0.0028497697807617277
69609155599#69607735174,0,1,0.830321530933067
3986575237#4205424867,0,0,0.011762082578374987
373850284448#3602134198,0,0,0.006973561005193885
2057082463#4420971756,0,0,0.003914249236476259
3929215225#2054733437,0,0,0.00360467338649538
5067776785#4992689820,0,0,0.23085435197747325
3441097472#203654552716,0,0,0.002822747073608813
4897862520#1558033119,0,0,0.00360467338649538
110232280082#178615973311,1,0,0.0013240865135988606
3053472155#4665681736,0,1,0.9151758037207633
2088554701#5010064143,0,0,0.010911085814631167
2119398744#2065023449,0,0,0.0030350797171857175
4241366976#1416528046,0,0,0.004901140276202896
9062983415#44498925795,1,0,0.13379035934654618
1639412951#3487828519,0,0,0.015159550442091196
18467669365#5354187271,0,0,0.004199930821843394
1483087858#1639324466,1,0,0.3447968060986262
2058278464#314601336135,0,0,0.019689000322619284
3415143762#5060996735,1,0,0.14445908201034452
1696577548#1780636692,1,0,0.015628698634090558
4823801269#4572636292,0,0,0.16225615706837782
2111818909#5067776785,0,0,0.031864156020255566
60367620373#11087571368,0,0,0.014746123972797646
3474743878#4277564473,0,0,0.00360467338649538
4768693982#121528725386,0,0,0.005714397834224653
4452060617#1614597826,0,0,0.001295569305250178
4810275464#4623934568,0,0,0.003939244993743217
208339001895#109765155485,0,0,0.01959423494439341
3591598900#3903280567,0,0,0.0038378877623664034
3896058143#2117971015,0,0,0.050783906137971215
46983614517#4316999113,0,0,0.00360467338649538
2338131041#2339749085,0,1,0.999978277406358
7161172305#5123189260,0,0,0.05685693548918327
4572636292#4589929428,0,0,0.07354438735093081
3761484186#2057352941,0,1,0.7147718486192617
3418808231#2283920901,0,0,0.0017286116934163347
5076405390#3083904084,0,0,0.00360467338649538
4998365450#2111818909,0,0,0.0014671131806135221
1347237190#2296574953,0,0,0.0012349341458364634
4792436579#4036848581,0,0,0.00360467338649538
4635981164#2296451977,0,0,0.0005928850749315256
18466210670#18466354888,0,0,0.0049597379517531594
2076366005#5123189265,0,0,0.00251490217717991
4261128456#564144132292,0,0,0.002966074082858694
3474685542#3578109143,0,0,0.1396014882358998
2063873633#492316061640,0,0,0.0014673687525143322
4705427870#4285617569,0,0,0.0027090868554790954
156117434515#76198377822,1,1,0.9563525499726008
4808180492#1639394625,0,0,0.027737804540412875
2027839123#4425561412,0,0,0.0056189373757405256
2061673701#5031079827,0,0,0.0006863874199888925
3903280567#3903280573,0,0,0.0008765866589297997
2007329552#126501897635,0,0,0.017480432947694337
7026230674#1834023606,0,0,0.00251490217717991
391306865273#2114279054,0,0,0.0019145552512854988
3993296567#3072524524,0,0,0.02620536464777901
146011948003#232579778763,0,0,0.1361823601201161
2056727309#4202053398,0,0,0.003312561188328656
4943818903#3993041966,0,0,0.003509374492934242
4005134611#2119398744,0,0,0.01574208896454873
2051966916#2058663075,0,1,0.9049338223211837
2058663034#2055581605,0,0,0.0007886654096108194
3860775024#2056156370,0,1,0.9220615184352221
3993041966#4414530598,0,0,0.002380031811385334
1906908670#2077171978,1,0,0.0011360214960518702
2057146445#1592253963,1,0,9.220946783732389e-06
1590547354#1665894324,1,1,0.9884144751460197
3050152494#4241366976,0,0,0.002654219020700962
2068602973#2075393157,0,0,0.00042363296108151224
2057986140#4705427870,0,0,0.008617519449159927
4944579314#5194582482,0,0,0.005212730411937936
2055626030#2055626033,0,0,0.0001271564777669749
3995923367#5134159053,0,0,0.00360467338649538
4385184737#2340035845,0,0,0.002457638303024368
1446739157#3054084564,0,0,0.12605591126049737
3972766136#2281691154,0,0,0.01474351923174791
3915411982#3056884476,0,0,0.012101816967778014
407966480507#10553947604,0,0,0.0031699407393920584
109765155485#117755505510,0,0,0.0015596394172653091
2055946248#2066535766,0,0,0.00360467338649538
4327866563#18466601978,0,0,0.10758935721848827
1847716478#173652977366,0,0,0.0014671915176546423
3319075608#4215027256,0,0,0.002331142439915338
4705583754#3249354040,1,0,0.14198497750463246
2120518542#3706865825,0,0,0.00360467338649538
1640284457#2011670508,0,1,0.9996303807481463
1316070394#2740883313,0,0,0.2322475826610972
14613460476#2055298458,0,0,0.0014671915176546423
1318626251#1710182160,0,0,0.0012395524618286711
4274235353#3766757689,0,0,0.00023962996494348893
4720990747#2057202352,0,0,0.012269374231785233
2671772709#3045580653,0,0,0.003257257423871619
4584646241#370314330573,0,0,0.0006003599275042423
114401992972#4673557611,0,0,0.0024660997033050754
2111818909#4992689820,0,0,0.031864156020255566
2078213282#3633495980,0,0,0.006973561005193885
2057685237#1660889815,1,0,0.0033324125514347346
4774992939#135028851546,0,0,0.0017585781880361878
4285617569#4206304466,1,0,0.07721119594016902
3986575237#2183428945,0,0,0.00360467338649538
3972766136#4205424867,0,0,0.0032437934869209385
2138881484#4636041774,0,0,0.3862925518232102
3077743360#81553005637,0,0,0.014005707653568698
1759198091#2060189370,0,0,0.0033571585886857653
2115678997#4259293142,0,0,0.012788228994347048
3926741754#3729925561,0,0,0.003595647967527843
436617713935#455581610977,0,0,0.3272905793271155
81553005637#14613476507,0,0,0.003384704387159871
4285709207#4286394339,0,0,0.004452015033822005
69054998391#69055007639,0,1,0.7559274939328079
2059483876#3485676898,0,0,0.0013989533127467487
2061673563#3487828531,0,0,0.00360467338649538
4623788579#3601857963,0,0,0.004149714744476992
3915411982#4254790911,0,0,0.01052360230286004
2016866279#4297145562,0,0,0.00360467338649538
3551952830#4286394339,0,0,0.00360467338649538
3591598893#3903280567,0,0,0.0038378877623664034
4448830722#4455655369,1,1,0.9947629538783106
1805614122#3046471496,0,0,0.005785570940313815
2061244620#2112891471,0,0,0.024106189931292748
1667032705#1778796425,0,0,0.003676063901061911
25244788647#364662567901,0,0,0.004389633048841485
2059483876#1565925307,0,0,0.00027747342709206455
2026258519#2119388082,0,0,0.09960087270425702
4943818903#14190297481,0,0,0.006026584957216648
4589929428#4447023801,0,0,0.0064031178578680846
4636382579#2297005450,0,0,0.08626944352793753
29299658960#249652232743,0,0,0.0013013407628889855
4838534990#392281366488,0,0,0.04021349093497787
4768693982#110232280082,0,0,0.0002503342050171527
249652232743#303433622485,1,0,8.311671988896452e-06
2088554701#232579778763,0,0,0.01385613168547322
1902954948#4952427189,0,0,0.0030545367370850606
2117967935#1416827061,0,0,0.0002080400565892026
2060062994#4883922403,0,0,0.006243031908761758
4241366976#4176537188,0,0,0.003961625302895147
4185429549#4755359264,0,0,0.0032537648273542694
2297005450#5163452200,0,0,0.27892198844832805
4450784429#4391918874,0,0,0.0017829686670777398
1859920904#1743052872,0,0,0.04602160965097761
1780636692#1479236023,0,0,0.18395421133640438
5163452200#4944512773,0,0,0.029543284051229506
4202053398#1417015453,1,0,0.00032346562282230176
3445564730#3043036534,0,0,0.008746894319652873
18466601978#2661092323,1,0,0.05922149604621862
3913419748#2136847331,0,0,0.00360467338649538
2061309885#2056513884,1,0,4.401400634297167e-05
4205424867#3075628047,0,0,0.05377474498904732
4526688596#2268304430,0,0,0.003961625302895147
4065797638#4065797640,0,0,0.10038300328298752
2057858826#2057112219,0,0,0.00360467338649538
29299658960#5163452200,0,0,0.0023256155938115954
2059125338#1316070394,0,0,0.002754212018913224
3993296567#2523741989,0,0,0.03484336219403178
2359348328#3016942950,0,0,0.05914183980145214
2268304430#3706927247,1,0,0.028986339089174827
167570408533#4031814900,0,0,0.00014474281294183663
1565925307#4165151066,0,0,0.003596259159020583
1492507866#455581610977,0,0,0.07719406018923329
5010064143#7026230674,0,0,0.010458084595419323
4260680249#4165151066,0,0,0.0012203469517170018
2051253311#1592367367,0,0,0.00360467338649538
1417009342#2113439579,0,0,2.88146452769977e-05
107725296889#4451342522,0,0,0.016135999501631984
46983614517#1510345157,1,0,0.23986385204112098
3993041966#1430989592,0,0,0.002976421306243415
4792436579#3988152389,0,0,0.0042455114143459685
2063572073#2062633327,1,0,0.0028623787131831155
3415143762#124657516337,0,0,0.0031699407393920584
1758869231#2074388205,0,0,0.03544078509634588
4808180492#4261128456,0,0,0.001914715885137259
3108657350#4947650145,0,0,0.003183820111735145
5209073343#114693583065,0,0,0.024968408785326916
4150903702#3289002505,0,0,0.14013480761894276
2057898501#3023688258,0,0,0.00360467338649538
2058531416#4261128456,0,0,0.11675566343297411
1430988070#2359113449,1,0,0.00013736251821986047
1712570793#436617713935,0,0,0.04300688290268059
4944579314#2123106282,0,0,0.003384704387159871
4242849949#3052760872,0,0,0.003115973132381874
4623972652#1640284457,0,0,0.03818903596547058
2058531416#2058531412,0,0,0.17345544532803908
2056156370#2165015488,0,0,0.0030350797171857175
3913419748#4705583754,0,0,0.00021050585009956777
2058531416#4254790911,1,0,0.02395681764407255
2016866277#2016866279,0,0,0.004385257457887875
117755505510#1746603523,0,0,0.004049888514948408
1456843034#3055561351,0,0,0.00360467338649538
1655427579#2065699619,0,0,0.002822747073608813
4346970606#4070427569,0,0,0.06315162840143172
3652959254#3973253490,0,0,0.02281477452540971
4705427870#1565925308,0,0,0.003125271927430015
2070691342#4435666805,0,0,0.009059553002047784
5022594784#3742463975,0,0,0.03673977755171478
2073669601#4804117479,0,0,0.000986716287886982
1565925307#1778986389,0,0,4.4745432180025355e-05
1920503864#2122362220,1,0,0.0015167240743072389
2057146445#1639901072,0,0,0.00360467338649538
4451288784#3809186919,0,0,0.0006078017773005835
3474685537#3081749686,0,0,0.0023217430267181887
1316070394#167570408533,0,0,0.0022467563669450142
4442900590#3445905086,0,0,0.0334947045720521
4506633524#2070025653,0,0,0.0031699407393920584
1492507866#1638853392,0,0,0.0037080904590372065
1403216308#1684806079,0,0,0.04124564417412764
3761484186#3077307902,0,0,0.003789466000057024
3072525687#1415554755,0,0,0.0032537648273542694
4808240616#60367620373,0,0,0.00391057754795991
2055626034#1759198091,0,0,0.0033571585886857653
2055581605#3055561351,1,0,0.0014716060219161825
2056478070#3641396498,0,0,0.00211714317738269
1640284457#4206177048,0,0,0.4732444301171212
2296537627#18467725403,1,1,0.9714401858382371
1944864795#4065797638,0,0,0.003142445476180582
1665894324#1429413488,0,0,0.0026567120575301953
4226659634#4226659635,0,0,0.1713332646043031
2056078364#1743052872,0,0,0.005893544964727947
3032272329#4436356008,0,0,0.00022861597499010972
1639325148#1932250238,0,0,0.10860736074014092
114693583065#3235756553,0,0,0.027771200021842805
54158054598#2054699471,0,0,0.00360467338649538
2054733437#1708981181,0,0,0.00360467338649538
4808238795#1634250118,0,0,0.0028960288811135117
4592596123#2114279054,0,0,0.003377991170059842
3249354040#3913419748,0,0,0.0019042489336813379
3269719212#3081749686,0,0,0.00251490217717991
90189177809#87008148161,0,1,0.8736233635583301
2055946129#2059124838,1,0,0.0071212857477162906
4636446230#4420971756,1,0,0.00933511379249629
4606793746#4511530729,1,0,0.12409409788832464
4165283827#4206201723,0,0,0.0021042965814046907
4553673830#11087571368,1,0,0.05658561050041917
237523614768#4584646241,0,0,0.009525319499007976
4589775642#3913554478,0,0,0.36965141570344423
5062861485#4385069368,0,0,0.0033848185186396667
2051253311#2115880476,0,0,0.00360467338649538
7161172305#41375214069,1,0,0.0072896305911121125
18466522141#152713369272,0,0,0.027367115581787057
109165560395#111110399548,0,0,0.0019628426215951966
3496048657#3287633018,1,1,0.9590513025262842
3474685537#3578109143,0,0,0.1396014882358998
3287136303#3120043199,0,0,0.00360467338649538
167570408533#2027457805,0,0,0.000263208838450898
11087571368#53263277044,0,0,0.0002400984057723307
2088439298#1634282666,0,0,0.006322232384374291
4272885125#2057573219,0,0,0.012644816108626802
219547393842#4031814900,0,0,0.002188824741001052
1558033119#2298730254,1,0,0.08978431909359258
4705427870#4455408499,0,0,0.0028378718946265456
4623972652#14613461654,0,0,0.0023126057374514898
156116289986#2340035845,0,0,0.08469414244016328
2068654074#29298304831,0,0,0.0002923867899775086
3993041966#4451089335,0,0,0.008818075027800186
4804117479#4168332323,0,0,0.23278141367665722
4530026053#4530026055,0,0,2.936335355528803e-06
4226659634#4256906448,1,0,0.013856129316527329
4354044382#4425561518,0,0,0.0014531855511374851
3926967278#14613460476,0,0,0.005387147857013383
1667288610#4415227218,0,0,0.02351381423953997
4705427870#3926741754,0,0,0.0015432972702551229
1303518148#2066246683,0,0,0.009783105661349866
2060042758#4077027238,0,0,0.003968259726185928
2059125338#4878579203,0,0,0.00343698028664674
5169257472#124657516337,0,0,0.00360467338649538
2058531416#4256622048,0,0,0.001913744257330731
2059125338#4526652844,0,0,0.004221384726111644
18468580547#18466210670,0,0,4.2259817815675563e-10
4878261986#4998365450,0,0,0.00360467338649538
4226659635#4232471781,0,0,0.11042346742139156
1492507866#2070686849,0,0,0.0037899956217777057
1929467433#5209073343,0,0,0.25319705794818437
1882929309#2066246683,0,0,0.0017591895838041964
2060836540#4327866563,0,1,0.9639950263731084
1762522969#3949154929,0,0,0.0256240990089275
212771874474#4260680249,0,0,0.0032537648273542694
1877399023#109165560395,0,0,0.00360467338649538
4479070818#4323500487,0,0,0.3706793712760611
4129059855#110232280082,0,0,0.00360467338649538
4698569942#4297145562,0,1,0.8389529444832431
4532014296#3836676657,1,0,0.004585956818032622
3032272331#3032272329,0,0,2.3303104547866317e-08
6013639039#2067179166,0,0,0.0011483937110686507
4077027238#4036848581,0,1,0.9435714117498064
1812202957#1701593387,0,0,0.0024736956535742686
2071751695#156116289986,0,0,0.002426741853609371
135028851546#3621799271,0,0,0.0078705629726789
1483087859#4590233117,0,0,0.00010378233758168205
52346437064#4943818903,0,0,0.01667869913933485
4451342522#4451342506,0,0,0.04370167960477367
2117971015#3474685542,0,0,0.39275392136281095
1727736761#1778563597,0,1,0.9500634930058396
364662576302#370314330573,0,1,0.9978449137942713
2060189370#1759198080,0,0,0.0035296466764669393
4219594137#4165283827,0,0,0.011664915687272806
3580539229#3249354040,0,0,0.008985284963516907
2115678997#52346437064,0,0,0.014967109113898315
237523614768#4680095395,1,0,0.0007946976331679532
1394299795#2088439298,0,0,8.785889233824397e-06
2111346464#4716857454,0,0,0.003812397106921306
3230219871#2662986035,0,0,0.0021991823777353496
3942084480#1726591551,0,0,0.0018938231052486106
2058663034#2058663075,0,0,0.004845673732765825
4479096850#4897454488,0,0,0.0006624753540802457
1565925308#2297005450,0,0,0.0016719081725096085
14613460476#4471122121,0,0,0.009525319499007976
2165015488#2119398744,0,0,0.0020411448193348833
2114390938#4952427189,0,0,0.08320082814860702
2117967935#1432014682,0,0,0.00017507223281852758
4065724850#1639412951,1,1,0.9858424883173128
18466210670#18465721026,0,0,4.764192496260899e-10
315728832242#2111350136,0,0,0.009525319499007976
3715785447#1660889815,0,0,0.0034875722354269375
4226781300#415654814203,0,0,0.00360467338649538
4590516328#4589929428,0,0,0.005409059127259491
4414530598#2027839123,0,0,0.01252611275037111
3245545040#3629624977,0,0,0.00011977034638998825
492316061640#415654832276,0,1,0.6379370669174071
4323500487#4572636292,0,0,0.15373571197862018
3836576451#4526688598,1,0,0.09063727648229138
2296537627#4636143697,0,0,0.0007177594000686289
4636041770#4636508851,0,1,0.9652617996099636
2112891471#2057202352,0,0,0.0009051437791602879
117154450703#189546061243,0,0,0.00045708287987937795
114693583065#3045566056,0,0,0.01126362406411571
4206177048#3050152494,0,0,0.00360467338649538
1659519065#1320992607,0,0,9.101180846421634e-06
2159160651#3461052410,0,0,0.18572706614138815
2061244620#2057146445,0,0,0.0004435165161471542
11087571368#50602309472,0,0,0.003370368562223366
1655427579#14613461939,0,0,0.0007151180577951844
1727736762#1634282666,0,0,0.026896195565639693
18468695966#202581283129,0,0,0.02354671357546694
69054998391#1834023606,0,0,0.003384704387159871
2114438559#1640284457,0,0,0.00018000550031598068
4862024152#4316370583,1,0,0.17830125746601191
3986575237#156276503685,0,0,0.05003426515263228
4952427189#4444948728,0,0,0.009915991279028815
245814065042#379478718058,0,1,0.6709915595945899
4757328062#370314330573,0,0,0.009388955411113432
3926963318#3973253490,0,0,0.03508859141165701
152713369272#2455800880,0,0,0.03221085148562381
25244788647#3395466908,0,0,0.004389633048841485
54158062043#54158063899,0,0,0.05193869375128697
107725296889#4479096850,1,0,0.0690624892966349
2165145983#1326198016,0,0,0.0027560057623355005
81902710995#3441097472,0,0,0.00360467338649538
5185595733#4155642921,0,0,0.00360467338649538
3926967278#3474685537,0,0,0.001831055746297902
5067776785#4828653957,1,0,0.016578718281440898
5210260401#3289002505,0,0,0.0039906852878084835
415654814203#436617713935,1,1,0.9989220124386503
1932250238#1590408241,0,0,0.009333682453349422
1778563595#2057986140,0,0,0.08320082814860702
2268287413#146777938215,1,0,0.18714384645849852
7161173338#7161172305,0,0,2.2257081394822398e-05
3806980943#4215038721,0,0,0.018161663894713593
4451089335#4165922067,0,0,0.0032131567317530384
2092610536#1736318365,0,0,0.0004836868631183068
4454799835#4451124306,0,0,0.0016670865443641637
146778888902#1914706723,0,0,0.0004297427953355483
307410722133#203654552716,1,0,0.1392415549968386
3240377870#4777051438,0,0,0.33445024311022264
2056727309#3683502845,0,0,0.0014432820875588468
3949154929#2162682667,0,0,0.016858265888846934
3612961288#4636522140,0,0,0.0007126842232976373
2281691154#4272137501,0,0,0.007947586966551535
3269719212#2092610533,0,0,0.00035465848353080317
1847716478#54158093151,1,1,0.7131752334640634
3050152494#4506633524,0,0,0.002641050490626086
3525475722#14613461654,0,0,0.0006032340998562785
1417015453#1646205905,0,0,0.00017525189575258232
4129059855#4452060617,0,0,0.41880582252345994
4442444769#212771874474,0,0,0.00360467338649538
4945702240#3580539229,0,0,0.0014196784689669557
4509158303#4391919171,0,0,0.008748896403411525
18467669365#5206198663,0,0,0.002231375266950384
2060192911#407966480507,0,0,0.0031699407393920584
2111038059#2059125338,0,0,0.020784840732455546
4052058734#2092610533,0,0,0.0025351289835970786
1446739157#190330815066,0,0,0.0009003922737077283
3017056355#4357742929,0,0,0.004509183654718846
2061673563#4071233134,0,0,0.0047011053038501175
14613476507#2057082463,0,1,0.9892855556803237
4447023801#4633378534,0,0,0.0003034129001501952
4272843119#4317041484,0,0,0.11665583779761317
1552378116#3946838650,0,1,0.9974175205005625
1932250238#4532035181,0,0,0.004921484579725865
4471122121#50602309472,0,0,3.182022390213611e-05
4261128456#3016942950,0,0,0.01973399311932648
3934681694#14613588147,0,1,0.8369942767672902
2050840604#1736318365,0,0,0.006565646263059719
1423044582#4946289727,0,0,0.12143000821690976
3652959254#3806980943,0,0,0.0018406442735515282
2065023459#1415554755,0,0,0.0014671915176546423
3418808235#1834169653,0,0,0.023043856139796134
4161509156#4636446230,0,0,0.0005448617802010686
2136847331#1423044582,0,0,0.0172725774297317
4548461997#4534359957,0,0,0.00360467338649538
2070691342#4219594137,0,0,0.009059553002047784
4436356008#4591638149,0,0,0.009176407989598614
1590527066#3060607943,0,0,0.004569569043633897
4705583754#2066977172,0,0,0.0030350797171857175
1701470611#1479236024,0,0,0.00028969347441835003
1592253963#5352185903,0,0,0.0005221265098841034
3395466908#4862024152,0,0,0.006114598257225338
14613588147#4792436579,0,0,0.0011412379876362118
4242891248#4705427861,0,0,0.0007839483591761607
1859920904#3578109143,0,1,0.6919589923958962
2119478248#4705427870,0,0,0.004419180646541383
1394299795#1634250118,1,1,0.9408935051725271
1906908670#2065023459,0,0,0.01127178594359055
1479236024#4643941609,0,0,0.001343603024385821
3896058143#3862453322,0,0,0.07057356639776917
4226659634#1920503864,0,0,0.00360467338649538
4285709207#4165151066,0,0,0.0006337617757581902
3836576451#4018083310,0,0,5.418681509804633e-08
4150903702#4065797638,0,0,0.18202334788125693
1712137054#2075628492,0,0,0.01281055855493706
1774582761#3633495980,0,0,0.028694491096426338
200569781240#1614597826,0,0,0.005087294126934776
5078702464#3712801411,0,0,0.19667744963313932
4542321633#5194582482,0,0,0.000661615258022411
4024663252#2067179166,0,0,0.0011483937110686507
2122362220#4260680249,0,0,0.0011510329728023033
2016866285#4470296934,0,0,0.0054455590845291744
1723151709#1634250118,0,0,0.3811948480423776
4451342522#4261185678,0,0,0.029900418758070136
29607898384#2070627808,0,0,0.004287905917324858
109165560395#2219112205,0,0,0.00360467338649538
4673557611#4755359264,0,0,0.003982922314229455
183335907108#4327866563,1,1,0.8982810606699605
4944512773#29298304831,0,0,0.050463581050299404
2055581605#117755505510,0,0,0.00360467338649538
2359572372#2119398744,0,0,7.877576843737436e-05
4720990746#1558033119,0,0,0.0007147212455864796
4226659635#5123189260,0,0,0.00360467338649538
3926963318#1549897545,0,0,0.00360467338649538
3715877024#2111350136,0,0,0.029862814250703727
1812202957#88520940864,0,0,0.0004574021178149295
2181531828#2026258520,1,0,0.06444951128763989
364662567901#455581610977,1,1,0.6054212516160005
1425598204#4897454517,0,0,0.002330456787656821
7026230674#5123189260,0,0,0.06838547034000757
1759198080#90189178714,0,0,0.00360467338649538
3289002505#1780636702,0,0,0.00270495962765462
2058663034#4323500487,0,0,0.00360467338649538
1483087858#4590185312,1,0,0.00010378233758168205
2119493181#3050152494,1,0,5.242510626108084e-05
364662567901#364662576302,0,1,0.9999991208743882
4470296934#2016866277,0,0,0.006031415583570046
4316999082#10553947604,0,0,0.00360467338649538
2138881484#4415227218,0,0,0.007177840380778073
5123189260#4776817109,0,1,0.9722029032935927
4624086112#4070427569,0,0,0.10630044161748693
1639275755#4232666143,0,0,0.01662830774135391
2111350136#14613588147,0,0,0.00360467338649538
4205424867#2070691342,0,0,0.00360467338649538
4642512906#1416827061,0,0,0.0006474195227118338
69055007639#69607735174,0,1,0.6159614138493429
1778563595#2027839123,0,0,0.00360467338649538
1372557160#5185244731,0,0,0.00360467338649538
4720990746#156276503685,0,0,0.00011679382999794606
2113093450#4944579314,0,0,0.051481149493907793
90189177932#88520940864,1,1,0.8736233635583301
2063706226#4643941609,0,0,0.004441471262419564
2059397275#4242849949,0,0,0.003384704387159871
18468082722#302839388028,0,0,0.002034941166709797
2113439579#2118965491,0,0,0.00010391234216029003
4878082767#4242696539,0,1,0.9988672093541336
3415143762#4272887201,0,0,0.10588494424311024
3418808231#3418808235,0,0,0.015200005011560514
4643941609#2068602973,1,0,0.11867379562275705
2051253311#2073668282,0,0,0.0007122020297462978
364662576302#1537709306,0,0,0.0024393990473365384
4256981120#4256725997,0,0,0.002008126286237958
1634250118#4691126574,0,0,0.010465828202452883
3020557801#4883922403,0,0,0.0024820817873408016
2113712804#2138881484,0,0,0.021568976643904066
4465664542#4451124306,0,0,6.312481845069546e-07
4636508851#4589775642,0,0,0.012699217839405275
3415143762#1912538880,0,0,0.08093340992223487
2057352941#4643943359,0,0,0.024504689357826567
4297145562#4111311078,0,0,0.00360467338649538
5194366020#2055946248,0,0,0.028169433829981428
2051966916#2060290691,0,0,0.00360467338649538
2180579787#2183428945,0,0,0.005323755120056866
2054699471#2061244620,1,0,0.04861627097947491
2176434538#3896058143,0,0,0.00046391588908162887
4952427189#3621799271,0,0,0.009915991279028815
1716261756#1834023606,0,0,0.001269410988787622
4526688599#4530026055,1,0,2.6680066469338615e-07
302839388028#18466522141,0,0,0.09153603555483367
3903289669#2165015466,0,0,0.0032174635257866016
4317041484#3648904752,0,0,3.833129009331644e-06
4188896319#1906908670,0,0,0.00360467338649538
2062285767#81553005637,0,0,0.00360467338649538
2283920901#4705427870,0,0,0.0010450955844258018
1558033119#69607735174,0,0,0.08755109503166669
2113439579#2114048932,0,0,2.88146452769977e-05
2098280462#2176434538,0,0,0.012468867886977705
3075634363#2063572073,0,0,0.0013768038668283517
5199216295#5352185903,1,0,0.003097429061888856
3862453322#1805614122,0,0,8.528076400027918e-05
1667032705#2060189370,0,0,0.0014410764328108253
4742698844#53263229623,1,0,0.002238233461026713
4272887201#1912538880,0,0,0.08045872996033647
1659951159#1818675501,0,0,0.0009223879656865473
3496048657#91686025987,0,0,0.0019889700586649462
2098280462#373850283306,0,0,0.0064874871667069435
3451234547#3578109143,1,1,0.5484048181923372
2080829137#126501897635,1,1,0.9495045100870795
2067179166#4643943359,0,0,0.009397729545654127
2671772709#2058531412,0,0,0.00041839807990046374
146778888902#3016942950,0,0,0.001145893419899124
4090681438#4454799835,0,0,0.00024167844469705977
109765155485#110232280082,0,0,0.0010748165913289154
4272887201#3729925561,1,0,0.027475037076681762
2058278464#1708981181,0,0,0.0015668674536873984
3551952830#2058258958,1,0,0.0038907696727390915
4526688596#4530026053,0,0,2.936335355528803e-06
4584646241#4450784429,1,0,0.028272525487560665
2092610536#2092610533,0,1,0.9926781628528897
2057211704#2057120547,0,0,0.0035238453451110307
2088439298#117277915830,0,0,0.00211714317738269
1592253963#2061309885,0,0,1.0856528692825517e-05
2065699619#373850284448,0,0,0.014570765687503649
4636041774#2113712804,0,0,0.4702488682388333
2075628492#2073668282,0,0,1.2565939772625538e-06
117154450703#114453608394,0,0,0.011955236224622879
3081986781#3045580653,1,1,0.9978296493160936
2112250533#1696577548,0,0,0.030628117288656085
4538332005#2175800284,0,0,0.0031699407393920584
1434312727#1434305170,0,0,7.089985710344132e-05
4451089335#3988152389,0,0,0.0004554470103811287
3441097472#3245545040,0,0,0.00360467338649538
1403216308#2054736144,0,0,0.00026007154020934005
1456843034#4188977524,0,0,0.00360467338649538
2120525705#4442444769,0,0,0.006395198814363181
4665681736#3081986781,0,1,0.9151758037207633
3809186919#3269719212,0,0,8.185289837082493e-06
3451234547#2026258519,0,0,0.0002648491611206598
1847716478#3240377870,0,0,0.33445024311022264
2150886701#2063706226,0,0,0.0002497881664917719
3578109143#4624086112,0,0,0.0020013428047478813
3648904752#4272887201,0,0,0.07009234305243055
3648904752#3415143762,0,0,0.05650618619679715
3903280586#3602134198,0,0,0.0038378877623664034
2055946248#2026258520,0,0,0.002394191149299418
3942084480#3995923367,0,0,0.0004906935691364184
4635981164#2117967935,0,0,5.537157438955165e-05
2113288221#14613465315,0,0,0.00360467338649538
69055007639#4878082767,0,0,0.004333888264602923
18466354888#1492507866,0,0,0.0027210653128189855
2175800284#4414530598,0,0,0.005962589217336619
4454799835#4070427569,0,0,0.0012819951758158367
1888052788#2079578434,0,0,0.0036626557209339665
4897454517#107725296889,0,0,0.2692033702976214
2065023444#4623972652,0,0,0.0014671915176546423
18467725403#202581283129,0,0,0.420933761483634
109165560395#1639412951,0,0,0.001764765925001643
5199216300#4897862520,0,0,0.0014671915176546423
18468082722#156274815378,0,0,2.0082900229703953e-08
3926967278#2057120547,0,0,0.004228434069865086
1920503864#4286394339,0,0,0.005708259054501048
90189178714#90189177809,0,1,0.9978990160631961
4272885125#3632560565,0,0,0.002976421306243415
4205438611#4810275464,1,0,0.0016551682125101326
5123189260#7161173338,1,0,0.06270751316867706
4511530729#4705427861,0,0,0.003465062068685797
5022594784#1877399023,1,0,0.03782343302931652
4386494215#3903280581,0,0,0.0030601166106365295
2296537627#18468687381,0,0,0.48705660140970736
2162682667#2292556895,0,0,0.009347313668833929
4283786658#1905948078,0,0,0.00360467338649538
3632560565#3441097472,1,0,0.07510650182254601
5199216301#5210259474,1,0,0.02698088490131418
2063878463#2111346464,1,0,0.018281827267473395
2066977172#4768693982,0,0,0.0030350797171857175
4435586554#4316999113,0,0,0.00217524546372438
2054734592#1410164195,0,0,0.0010449671162619943
2092610533#1487584016,0,0,0.00352435281720266
1727736762#5134159053,0,0,0.0014650558386571206
4898730640#5067776785,0,0,0.02347546988598954
2061673563#4680095395,0,0,0.0031699407393920584
492316061640#4532035181,0,1,0.9654018806763834
121528725386#1929467433,0,0,0.00350757503371187
2068602973#2071751695,0,0,0.00031982521509435637
4878579203#379478718058,0,0,0.0036456624768631605
18468687381#4447023767,0,0,0.003919840050252217
2063572073#4261128456,0,0,0.0020333816867156083
4768693982#197910587768,0,0,0.0008252040349926677
3949154929#4658956014,0,0,0.0028711638530436326
4024663252#4215038721,0,0,0.001056222220441312
4274088675#2671772709,0,0,0.00034776880441613465
2070686849#2077171978,0,0,1.2565939772625538e-06
3972766136#4157551094,0,0,0.022767090629064363
2114716134#1394299795,0,0,0.001674241240134816
3513178266#2050429337,0,0,0.002822747073608813
3363359849#3232083339,0,0,0.0012081772001695237
2059125338#2057898501,0,0,0.012053365534976396
4642512906#2297005450,0,0,0.00034270611498970333
1875282048#5210259474,0,0,0.003384704387159871
1416827061#25244788647,0,0,0.00360467338649538
2739075334#109165560395,0,0,0.0020081176575287027
564144132292#4261128452,0,0,0.002966074082858694
3363374184#76198377822,0,1,0.6489803621859902
2119398744#3978215502,0,0,0.00360467338649538
4755359264#4757328062,1,0,0.0092995347669861
4285709207#3903289669,0,0,0.007358817933099702
174006932062#109165560395,0,0,0.00360467338649538
4623788579#4274235353,0,0,0.0022838803903266532
3927439605#4838534990,0,0,0.0022621093267675176
1912538880#5060996735,0,0,0.02057541419122182
3120043199#2118416856,0,0,0.20529348090275185
1888052788#4452060617,0,0,0.00360467338649538
4242849949#2115678997,0,0,0.00024447693743158243
3915411982#2065023444,0,0,0.006224726543087051
2016866285#2016866277,0,0,0.0020326134158390142
2057186168#3648904752,0,0,0.0011110114369883512
2057120532#2057211704,0,0,0.01046655959823881
5199216301#5210263415,0,0,0.044563838356599654
4242891248#4878261986,0,1,0.6962595110456408
4020730390#1932250238,0,0,0.014902591890861723
4455408499#4992689820,0,0,0.002976421306243415
2057275313#1318626251,0,0,0.0008475580366873657
370314330573#455581610977,0,1,0.8124328258081822
1446739157#5194582482,0,0,0.0008936591249566534
4072366761#4256622048,0,0,0.00360467338649538
18466354888#4469027502,0,0,2.5879072926742143e-07
117873856741#124657516337,1,0,0.24598351051329068
5022594784#3903280581,0,0,0.0032537648273542694
2057120547#2057186102,0,0,9.124116863050171e-06
1320992607#1434305170,1,0,0.2150493124614605
2118416856#5031079827,0,0,0.00360467338649538
4150903702#4188977524,0,0,0.4244078580671245
4636522140#3913554478,0,0,0.0029805438389511126
3913554478#69055007639,0,0,0.007032108601238465
4590233117#1483087858,0,0,0.00010378233758168205
2016866279#2119493181,0,0,0.0020326134158390142
18468580547#5169253299,0,0,0.0017708931951713306
4720990747#4808180492,0,0,0.020716281814847002
2268304430#2359348328,0,0,0.05914183980145214
2055626034#2055626031,0,0,0.0008498788625763495
1415554755#1416528046,0,0,0.010872215482026198
2065023453#2065023449,0,0,0.005560803961504291
4077027238#2063057962,0,0,0.003968259726185928
1535646713#2007329552,0,0,0.005266312813992211
4623017083#2068611560,0,0,0.004472784471383565
3766757689#4774992939,0,0,0.002330456787656821
2027457633#2113712804,0,0,0.49007798035484973
18468580547#5185244731,0,0,0.003924984655349669
1780636692#1830525975,0,0,6.319246968902227e-05
3287136303#2181531828,0,0,0.17309957563311834
2055946129#3445564730,0,0,0.005087294126934776
3053472155#5185595733,0,1,0.5268626344825544
1549897545#3072525687,1,0,0.046079930077698186
3986575237#3446029030,0,0,0.0028497697807617277
197910587768#5121642074,1,0,0.00360467338649538
3648903741#4272885125,0,0,0.003767270167959847
4662517140#2114390938,0,0,0.07757351025563404
87008148161#18465721026,0,0,0.0006607434242760139
314601336135#4450888165,0,0,0.07480593778129818
4108649868#3860775024,0,1,0.9335941769054237
4643943359#4623017083,0,0,0.0018834770255263908
4790633062#4808238795,0,0,0.0037939906095458345
4354044382#1415554755,0,0,0.002187095552166824
415654832276#436617713935,0,1,0.9854422643985985
18466601978#4825375981,0,0,0.023519417294119247
3652959254#3652959253,0,0,2.139630640171469e-05
1403216308#309312102749,0,0,0.0007679570545478449
1944864795#4065797640,0,0,0.003142445476180582
1830214692#4385069368,0,0,0.0007396792854593782
3729925561#1912538880,0,0,0.005250063729931152
1762522969#46983614517,0,0,0.00360467338649538
2947790103#190330815066,0,0,0.04609814167237251
4589830735#1639325148,0,0,0.0012899108189762434
3706927247#3706865825,0,0,0.0016757989663467648
29299658960#29607898384,0,0,0.0033764125152446903
4590516328#4479070818,0,0,0.0272249530608775
2061441544#3632560565,0,0,0.00360467338649538
3934681694#6013639039,0,0,0.0009877635688051592
4452228094#3881629589,0,0,0.0016757989663467648
6013639039#18468580547,0,0,0.0006961371063271944
4242849949#2118416856,0,0,0.1441841609926833
1479236025#1479236024,0,0,0.0002993891452932949
1780636692#4090681438,0,0,0.029782887287352316
4776817109#7161172305,0,0,6.20887316022454e-05
3652959254#1592367367,0,0,0.021336894499033154
4530026055#4532014296,0,0,0.00023799025962210812
2054736144#3988152389,0,0,0.003596259159020583
2177416829#1743052872,0,0,0.005893544964727947
2071793223#1833697097,0,0,0.003384704387159871
4274088675#4254790911,0,0,0.0015855079468002468
2063572073#1710182160,0,0,0.0012395524618286711
1479236025#1479236023,0,0,0.0010829464562184376
2050581826#1614597826,0,0,0.00360467338649538
4071233134#4735432768,0,0,0.00360467338649538
1906908670#2056513884,0,0,0.0031699407393920584
4108649868#3249354040,0,0,0.00360467338649538
25244788647#4636508851,0,0,0.00360467338649538
210012116583#2118643101,0,0,0.0022836933711655413
3770456617#1415554755,0,0,0.0023600799635340904
5210259474#2057146445,0,0,0.003384704387159871
2055626031#1759198080,0,0,0.00418764396488246
1432014682#1416827061,0,0,0.0001323083331873039
3230219871#1403216308,0,0,0.00328603841714405
2165145983#2055601072,1,0,0.0005276253469408429
4777051438#3075628047,0,0,0.20220791333718746
1944864795#174006932062,0,0,0.00360467338649538
2077171978#4705427870,0,0,0.0023489895601843482
2268304430#373850284448,0,0,0.002822747073608813
3363374184#14613465315,0,0,1.808336922070631e-05
4405823723#4202053398,0,0,0.0005584871484336824
2062633327#1708981181,0,0,0.00360467338649538
2060192915#2054733437,0,0,0.0035103816584966864
1875282048#4005134611,0,0,0.00360467338649538
2117967935#5199216300,0,0,0.0030350797171857175
3761153782#3474685542,0,0,0.1396014882358998
4150903702#3927439605,0,1,0.9327448913525607
14613476507#4261128452,0,0,0.006344728317141912
4018083310#3836676657,0,0,5.418681509804633e-08
3836992879#245814065042,0,0,0.001674328969905762
3033446767#4018083310,0,0,0.0006369814423985529
5354187271#5352185903,0,0,6.404786686912059e-05
406088738482#4590233117,0,0,0.030079340572961556
3245545040#3249354040,0,0,0.0015140195664065147
4277564473#4454799835,0,0,0.0017655977373095123
3052165975#4212827921,0,0,0.00360467338649538
2181531828#2026258519,0,0,0.06444951128763989
4401898255#3761484186,0,0,0.011884918081487865
1816427371#1723151709,0,0,0.013461843361697425
4254790911#4111311078,0,0,0.0005901396232181175
9746294364#4188896319,0,0,0.026368953762780555
4450968363#69607735174,0,0,0.004333888264602923
4943818903#4757328062,0,0,0.007819381163728236
1592253963#1431887069,0,0,9.2685272926594e-06
5210263415#5210260401,0,0,0.044563838356599654
4129173722#3032272329,0,0,0.0017296400499611508
5123189265#5094736780,0,1,0.968143578630314
2055626033#1778796425,1,0,0.0033571585886857653
5194582482#4897454517,0,0,0.06954757302476453
1535646713#2080829137,0,0,8.443111835718976e-06
370314330573#2063839578,0,0,0.003596259159020583
4259293142#4728076352,0,0,0.42013134880985603
1403928333#2056520022,1,0,7.587659147965695e-05
3451234547#3474685542,0,0,0.02580199598117815
3913410158#4735432768,0,0,0.00021050585009956777
2740883313#1905948078,0,0,0.002330456787656821
2296451977#2068611560,0,0,0.0008504336021898704
4534359957#1655427579,1,0,0.002526437525661217
18468687381#18468695966,0,0,0.29191466493553864
2058531416#2671772709,0,0,0.00041839807990046374
5010064143#1656969942,0,0,0.00010678780308790699
1639253622#2073669601,0,1,0.7266093397019509
1656969937#1656969942,0,1,0.7181565482990827
5206198663#5185595733,0,1,0.8417503156446648
2359113449#1830525969,0,0,0.019156109896977122
2078213282#232579778763,0,0,0.0026488555878673853
2671772709#2059109005,0,0,0.04868258816873617
3612961288#2065699619,0,0,0.002822747073608813
2054699471#2056513884,0,0,4.993223888365229e-05
25405387739#4952427189,0,0,0.00023392751689157139
2063873633#4436356008,0,0,0.005449213404679716
1805614122#1431851220,0,0,0.002505851434755612
1434312727#1320992607,0,0,0.002978903546769989
2062633327#4883922403,0,0,0.0028623787131831155
4451124306#4451124293,0,0,6.312481845069546e-07
5169252503#4031814900,0,0,0.0030350797171857175
2338916683#3551952830,0,0,0.008499440630870376
2359348328#2118416856,0,0,0.02145715781444131
2455894769#3287633018,0,0,0.010807369847300278
3644272514#3445905086,0,1,0.7101782615058504
4455408499#2118416856,0,0,0.13866593480519757
4451342506#4219594137,0,0,0.03581108290591813
2076366005#3240377870,0,0,0.00360467338649538
2661092323#4385184737,0,0,0.002229695461266113
4414530598#4425561518,0,0,0.00360467338649538
4202053398#1805614122,0,0,0.010604450898705348
4385184631#415654832276,0,0,0.00360467338649538
1430988070#4824054256,0,0,0.029061864234017354
3903280581#3601857963,0,0,0.0011953703515108429
4165922067#4401898255,0,0,0.009971954389085805
3240377870#3870637640,0,0,0.00360467338649538
1479236027#1552378116,0,0,0.0011594061442111046
4391919171#2296574953,0,0,0.002921249243061081
189546061243#208339001895,0,0,0.00360467338649538
4590185312#1639324466,1,1,0.6032983263410268
2183963548#2183968048,0,0,0.005323755120056866
4538335537#4538332005,1,0,0.033499771566196455
4538335537#2117971015,0,0,0.0005780326387240101
5169252503#1434312727,0,0,0.002103737503266059
4386494215#4442900590,0,0,0.002035016635587307
1905948078#5067776785,0,0,0.002976421306243415
3761153782#3474685537,0,0,0.1396014882358998
4720990747#4509158303,0,0,0.0030350797171857175
2016866285#1743052872,0,0,0.001433976449408892
3602134198#3903280573,1,0,0.008808930793377984
2114048932#2056727309,1,0,0.012665040554746819
4065797640#3487828531,0,0,0.0016328032881654858
2066246683#2092610533,1,0,0.01534300937552981
1318626251#1600123318,0,0,0.00360467338649538
4804117485#4168332323,0,0,0.23278141367665722
2058531412#2026069710,0,0,0.01262180297633045
3931049291#3846877365,0,0,0.0063752930711706325
4165922067#3418808235,0,0,0.009971954389085805
3290768654#3363359849,0,0,3.2903844023240814e-06
2060192911#1403216308,0,0,0.00148578783185123
1816427366#4209814745,0,0,0.00360467338649538
4524153991#2117967935,0,0,5.537157438955165e-05
4606793746#5067776785,0,0,0.12409409788832464
1510345157#4071233134,0,0,0.001280095983421973
3415143762#3729925561,0,0,0.016707415271886777
4034038494#1637980981,0,0,0.013899646686584903
2092610536#2070627808,0,0,0.005775517957734326
3474685542#3436663620,1,0,0.31350189650678856
5206198663#3081986781,0,1,0.823763517976244
2114716134#2113288221,0,0,0.0020369601745202437
5060996735#117154450703,0,0,0.00360467338649538
3108657350#4511530729,0,0,0.007570090502169682
2055626033#1759198091,0,0,0.0033571585886857653
2947790103#564144132292,0,0,0.002401389949062063
3978215502#4524153991,0,0,0.00360467338649538
2281691154#2523741989,0,0,0.005377602731677487
4828653957#4705427870,0,0,0.004160171139258275
1661790023#1492507866,0,0,0.0031699407393920584
4584646241#4511530729,0,0,0.00360467338649538
4897454823#4181867888,0,0,0.00360467338649538
2026258520#2183968048,0,0,0.06444951128763989
2050429337#4206201723,0,0,0.000534609834414097
4202053398#1646205905,0,0,0.00014663482743132545
4623934568#309312101477,0,0,0.0008435950460609315
4450968363#4385069368,1,0,3.798394270834714e-05
1816427371#1727736761,0,1,0.7982724852034321
6013639039#2296451977,0,0,2.99056972636345e-05
1759198080#1667032705,0,0,3.855555467293598e-06
4526688596#4526688599,0,0,1.0421850536680899e-07
5010064143#146011948003,1,0,0.1361823601201161
1410164195#1905948078,0,0,0.0015659779141974938
2292556895#436617713935,1,1,0.9998157784533327
4215038721#4215058789,0,0,0.0014671915176546423
2298730254#2058563113,0,0,0.001787946588307761
2057352941#3363359849,0,0,0.024504689357826567
4624086112#44498925795,0,0,0.006310211016991352
2114716134#4526688598,0,0,0.026052449763049098
18466354888#18468082722,0,0,2.0082900229703953e-08
4828653957#1639253622,0,0,0.006142029938145654
1425598204#4052058734,0,1,0.8993171703935718
4643943359#2296451977,0,0,3.7876805983701575e-06
2340035845#4209814745,0,0,0.00360467338649538
1326198015#2060290691,1,1,0.9683475731189374
2071751695#202581283129,0,0,0.0023013920143106427
126501897635#37959222365,0,0,0.004766718323291487
4206201723#2071864814,0,0,0.0013882755003371188
4199527734#5078702464,1,0,0.16046524575702725
232579778763#1656969942,0,0,0.00400590315042026
1885490974#1372557160,0,0,0.03353682229810255
1326198015#1326198016,0,1,0.9999998428674828
1556785910#1320992608,0,0,0.00360467338649538
4943818903#2163161399,0,0,0.0952689354749887
5163452200#1425289196,0,0,0.004122974671600118
4202053398#2057573219,0,0,0.0030350797171857175
1684806079#2060192911,0,0,0.41206780337595666
455581610977#364662576302,0,1,0.6054212516160005
2066535766#1431851220,0,0,0.009748463536769711
4636446230#2175800284,0,0,0.0042665690031132
564144132292#146778888902,0,0,0.0006936991716402668
3487828531#1903466347,0,0,0.051762498519279075
18468687381#2071751695,1,0,0.06098369467766393
4465664542#4090681438,0,0,0.10908187384791969
2057898501#2111038059,0,0,0.05629046264714481
3652959254#3926963318,0,0,0.015370390847505962
10175162517#2662986035,0,0,0.00360467338649538
3045566056#1549897545,0,0,0.02641859983634147
4425561412#4354044382,0,0,0.003900216201570626
5210263415#5352185903,0,0,0.00310521241343317
4261128452#2111038059,0,0,0.003622237706495032
4215038721#111110399548,0,0,0.002309505592290853
4043193319#2118643101,0,0,0.00360467338649538
4589775642#3474743878,0,0,0.0012746131264387962
4532035181#4590185312,0,0,0.0027967710904253733
3881629589#2057112219,1,1,0.8617717095370007
114453608394#4526652844,0,0,0.001441135899461538
4757328062#5094736780,0,0,0.0035324737454748615
1903466347#1944864795,0,0,0.20235693060126067
4538332005#4354044382,0,0,0.002401389949062063
81553005637#1430989592,0,0,0.002626737078756487
1778563597#4479096850,0,0,0.00251490217717991
4357742929#4242891248,1,0,0.0006516512107134334
2081884594#1416827061,0,0,0.002257725499199378
14613461939#14613465315,0,0,2.355023922098576e-06
1479236027#1830525975,0,0,0.001995469057133629
4323500487#4435566465,0,0,0.035173601390807004
4726073967#4357742929,0,0,0.003384793209935663
245814065042#4283786658,0,0,0.047111858696287166
2065023459#2070686849,0,0,0.004608926449988207
4259293142#2111350136,0,0,0.00360467338649538
1640284457#2136847331,0,0,0.00021884838896194615
3602134198#60367620373,0,0,0.008898279017389385
3997209484#2359572372,0,0,0.0047796064346881505
3363374184#4529171819,0,0,0.11272370096759148
4720990746#4790633062,1,0,0.015167951094699888
1565925308#2069985286,0,0,0.00360467338649538
138960910846#1639394625,1,0,0.012500342571113413
1888052788#2098280462,0,1,0.5363829077720248
4401898255#3418808231,0,0,0.015200005011560514
4877560558#4327866563,0,1,0.9246034941224645
2165145983#1592367367,0,0,0.00360467338649538
4897454517#5031079827,0,0,0.00360467338649538
2175800284#1416528046,0,0,0.0034975031924619746
3606108939#1510345157,0,0,0.0015243551592997175
54158062043#4824054256,0,0,0.004118743060798772
1816427366#1727736762,1,1,0.7982724852034321
1665894324#1656969937,1,1,0.9640490131587159
11087571368#3290768654,0,0,0.00360467338649538
2120518542#2054733437,0,0,0.002289916417779426
2359474749#3120043199,0,0,0.028986339089174827
4592596123#4591638149,1,0,0.43663829753422756
2051253311#2062233925,0,0,0.0012007187416813434
4327866563#53263231637,0,0,0.017900913846476945
4005134611#5022594784,0,0,0.0006417631931029237
2055626034#2055626030,0,0,8.749739370454715e-06
4589830735#4411426624,1,0,0.0034733327186493687
2057120532#54158063899,0,0,0.0014671915176546423
2661092323#2973532517,0,0,0.0014290755817533013
232579778763#4452228094,0,0,0.002976421306243415
114693583065#187508564338,0,0,0.03249897858347034
1711846546#2159160651,0,0,0.0417122166976801
14613461939#14613464513,0,0,1.225505233598123e-07
4145496082#4899954714,0,0,0.003384704387159871
1830525969#1479236027,0,0,0.0018880033661156752
3319075608#4024663252,0,0,0.0005365898542262036
1307874587#2340035845,0,0,0.008512153434904775
5169252712#2066246683,0,0,0.007171342507091791
1510345157#3072564418,0,0,0.00360467338649538
4750249486#4129059855,0,0,0.009387827873056113
202581283129#18468687381,0,0,0.0007927522748567634
1736318365#4272885125,0,0,0.0012110245463501285
2338131041#2117931367,1,0,0.007537058410590786
4804117479#1552378116,0,1,0.5274508819438217
4283786658#391306865273,0,0,0.08469414244016328
2163161399#4181867888,0,0,0.0004059441425055175
3436663620#3046471496,0,0,0.00360467338649538
2359474749#2268304430,0,0,0.17829233722462265
4838534990#1667288610,0,0,0.0022621093267675176
3692826364#41375214069,0,0,0.040109253051206155
4052058734#1429413488,0,1,0.8658850619748627
237523614768#2081884594,0,0,0.0030255521685882123
5354187271#4636041774,0,0,0.0045477458965517015
3083904084#392281366488,0,0,0.0016170556783082308
109765155485#117154450703,0,0,0.0005442992376123172
117277915830#110232280082,0,0,0.0002094839181816471
2114279054#303433622485,0,0,0.002173173588233417
1965402836#4450784429,0,0,0.012309845129397302
1711846546#4020730390,0,0,0.01327931836047504
1701593387#3913410158,0,0,0.00360467338649538
3591598898#4145496082,0,0,0.006246970145432579
4202053398#4206304466,0,0,0.00360467338649538
2016866285#1661790023,0,0,0.002822747073608813
2176434538#4436356008,0,0,0.004503011126129534
3418808235#4828655959,0,0,0.023043856139796134
2117967935#302839388028,0,0,0.00360467338649538
88520940864#4548461997,0,0,0.00360467338649538
1431851220#4524153991,1,0,0.00587713890640565
3629624977#3249354040,0,0,0.008985284963516907
36551936093#3474743878,0,0,0.0008512387105504047
1902954948#3995923367,0,0,0.00360467338649538
4526652844#2057898501,0,0,0.030500584892132275
2016866279#2016866285,0,0,0.0020326134158390142
53263277044#4553673830,0,0,0.003972293884766069
4188977524#4509158303,0,0,0.0030350797171857175
2671772709#3052169593,0,0,0.0071230469666187625
4065797638#4188896319,0,0,0.2579253935662654
1708981181#1416528046,0,0,0.0014671915176546423
4256906448#4643809596,0,0,0.0012349341458364634
4755359264#52346437064,0,0,0.09033800895102431
4006530352#3972766136,0,0,0.0046667553084834305
4633378534#4572636292,0,0,0.001366171316094556
1758869231#7026230674,0,0,0.0574447402012318
2057112219#3445905086,0,0,0.00360467338649538
114693583065#4768693982,0,0,0.013641051836865455
1403216308#2060192915,0,0,0.004756628130394325
117755505510#4034038494,0,0,0.16143958747630036
2071793223#4261128456,0,0,0.00360467338649538
183335907108#2060836540,0,0,0.37036112567220664
2065699619#4716857454,0,0,0.002822747073608813
3715785447#4529171819,0,0,0.016968131717914406
4479070818#4823801269,0,0,0.19201662538748493
2073669601#4065724850,0,1,0.9697331633938864
37959222365#36551936093,1,0,0.382835266247704
314601953357#2080829137,0,0,0.0011026386776732697
314601953357#3235756553,0,0,0.027771200021842805
4188896319#1903466347,0,0,0.04951956537202057
2661092323#4810275464,0,0,0.010305472536990379
455581610977#2740883313,0,0,0.07449674797727299
1456843034#4405823723,0,0,0.00360467338649538
1830525969#1816512025,1,0,0.00193003225494659
4526688596#4035397646,0,0,0.0029948845240260567
4636143697#2073669601,1,1,0.9515774049934019
1318626251#10175162517,0,0,0.00129773777120256
3633572726#1303518148,0,0,0.1126439818422363
18466601978#3715785447,0,0,5.976058778520099e-05
2057858826#200569781240,0,0,0.006602620686852377
415654814203#2292556895,1,1,0.9998157784533327
4286394339#2058258958,0,0,0.002976421306243415
4572636292#1423044582,0,0,0.022714966145673206
1656969937#2057120547,0,0,0.004467354506498304
1830525975#3395466908,0,0,0.00223123058138641
4354044382#18465721026,0,0,0.001640996751850993
117154450703#5121642074,0,0,0.0010401354944816008
6013639039#4348295931,0,0,0.0007365886913660863
2061673701#2061673563,0,0,0.0007362727300352037
6633440508#156276601478,0,0,0.09688052055810789
4548461997#379478718058,0,0,0.0034975031924619746
4878261986#4705427870,0,0,0.00858897072493711
4897454823#4451342530,0,0,0.007462589341681859
1403928333#2079578434,0,0,0.0015050691606666032
1830525969#1780636692,0,0,6.319246968902227e-05
4450784429#4658956014,0,0,0.0004434116569220334
4455655369#4750249486,0,0,0.06200068437125458
18465721026#3032272329,0,0,0.0018478443652999311
2165015488#2165015466,0,0,0.0007771465182180288
1434312727#1320992608,0,0,0.002978903546769989
2072319821#1316070394,0,0,0.2322475826610972
4572636292#4272887201,0,0,0.00360467338649538
4450784429#1834023606,0,0,0.002650366862250734
1638853392#4623017083,0,0,0.0029580734387786678
2111349786#3903289669,0,0,0.02126105734910219
4553673830#60367620373,0,0,0.05671094839222106
2065023459#2065023444,0,0,0.005560803961504291
1316070394#4346970606,0,0,0.05309463019167466
3495408683#4272885125,0,0,0.0012110245463501285
1453532038#2063888292,0,0,4.598902602504237e-05
90189178714#69054998391,0,1,0.6505384865898659
2027457633#1903466347,0,0,0.03799438175465162
3913410158#4705583754,0,0,0.00021050585009956777
2268287413#2123106282,0,0,0.003384704387159871
4542321633#4018083310,0,0,5.418681509804633e-08
4526688599#4530026053,0,0,6.6338731952898254e-06
5194582482#5076405390,0,0,0.09176041765117653
1403216308#2079578434,0,0,0.0015681289099641026
492316061640#364662576302,0,1,0.999997841099029
156116289986#2068602973,0,0,0.002882498791750956
2111349786#2165015488,1,0,0.11912803494394279
3319075608#4728076352,0,0,0.00360467338649538
4357742929#4945702240,0,0,0.001167793634154061
111110399548#4575249992,0,0,0.0031699407393920584
2165015466#2119478248,0,0,0.0020411448193348833
3761484186#303433622485,0,0,0.0004669380065537143
3621799271#1401982309,0,0,0.0261238841867919
2050840604#3633572726,0,0,0.004807639981199388
3934681694#4188977524,0,0,0.0008231681392974487
4720990746#4261185678,0,0,0.0007906237351813845
4810275464#3706865825,0,0,0.00360467338649538
4590516328#4572636292,0,0,0.019075155331846033
6633440508#6633392282,0,0,0.0006369637279814848
2114390938#3621799271,1,0,0.04747231210048367
4897454823#4643943359,0,0,0.00028486794178325995
4509158303#3578109143,0,0,0.004719272160673513
1929467433#197910587768,0,0,0.00360467338649538
4878082767#4705427870,0,0,0.012628367807920596
4643943359#4944579314,0,0,9.455778238294666e-06
4897454510#4897454488,0,0,5.244724501266753e-05
210012116583#4129173722,0,0,0.0011715811080505328
3927040910#2057186168,0,0,0.013076180858330363
1830525969#1716261756,0,0,0.0003007203971213141
2455842713#2026069710,0,0,0.00029724818823848243
1736318365#1882929309,0,0,0.002089838770775873
314601336135#2138881484,0,0,0.05934803587641572
4052058734#3860775024,0,1,0.8522415765850059
1416528046#4354044382,0,0,0.0017604863409429498
4471122121#10553947604,0,0,0.03637242793917795
4354044382#4414530598,0,0,0.0024252471305509296
1403216308#2143152116,0,0,0.0009347993773138921
2114279054#4673557611,0,1,0.8893637026638415
2055626031#210012116583,0,0,0.00360467338649538
379478718058#392281366488,0,0,0.0026790052040623472
1830214692#4691126574,0,0,0.013755135594589695
4072366761#4057038032,0,0,0.00770669908636615
2183968048#4584646241,0,0,0.0027902285341131327
2057202352#2061309885,0,0,0.0013001632412118595
5199216300#5210260401,1,0,0.11670251867815264
4790633062#54158093151,0,0,0.0012899108189762434
1429413488#4036848581,0,1,0.9012382269185278
4348295931#1743052872,0,0,0.0005923227236071559
14613455236#4260680249,0,0,0.00360467338649538
4111311078#2671772709,0,0,0.0037581152922675134
3046447657#3715869354,0,0,0.00360467338649538
3934681694#14613460476,0,0,0.3631161959762596
3606108939#114453608394,0,0,0.001020664922074354
4572636292#146011937628,0,0,0.00360467338649538
2054699471#2057202352,0,0,0.0009051437791602879
3487828519#4636143697,0,0,0.015159550442091196
1456843034#4538335537,0,0,0.00360467338649538
3628839717#3474685537,1,0,0.05530073082746623
1425289196#1320992607,0,0,0.00032204596724868644
14613465315#14613461654,0,0,5.871366924785195e-08
3072525687#5078702464,0,0,0.0014621824116685532
117755505510#2070025653,0,0,0.0016128224161751422
3742463975#156276601478,0,0,0.014819246176014524
2057186168#2057120547,0,0,2.0494471151711376e-06
14613588147#14613460476,0,0,0.0023539726439977832
4804117479#4804117485,0,0,0.012046633750760424
1834023606#4196030610,0,0,0.001455178130945561
50602309472#4242891248,0,0,0.005741925160692362
2058663034#178615973311,0,0,0.00360467338649538
4448830722#4129059855,0,0,0.22199067901348354
3363374184#245814065042,0,0,0.009525319499007976
1655427579#3692826364,0,0,0.0028497697807617277
3487828519#4065797638,1,0,0.0016328032881654858
436617713935#4221651134,0,0,0.00360467338649538
2054734592#3077307902,0,0,0.00502530866175244
2183963548#1778563595,0,0,0.00251490217717991
1830525975#1780636702,0,0,9.420643029858699e-05
2058663034#7161172305,0,0,0.00360467338649538
2297005450#29607392514,0,0,0.004592800923218554
4205438611#3995923367,0,0,0.0014671915176546423
4442444769#2340035845,0,0,0.00360467338649538
2060189370#3075634363,1,0,0.02197955931376797
3017056355#2061673701,0,0,0.003384793209935663
232579778763#146011937628,1,0,0.1361823601201161
2071864814#2050429337,0,0,0.0009677455442945368
5210259474#4530026055,0,0,0.0014671915176546423
4992689820#3415143762,0,0,0.0032769994577460807
2137028345#4259293142,0,0,0.48962199087414177
1733350200#4077473357,0,0,0.0022124548641100383
4232471781#4226659634,0,0,0.11042346742139156
4944512773#87008148161,0,0,0.0021452653912368055
2057275313#2062633327,0,0,0.0028623787131831155
2057275313#2057146445,0,0,0.0009371404425786143
2054699471#2112891471,0,0,0.0001121666760411178
4145496082#4448697469,0,0,0.0034537082290834516
1656969942#121528725386,0,0,0.0004119015071481806
4401898255#1349608070,0,0,0.003961625302895147
14613461939#4261128456,0,0,0.0002126999636019553
2061352093#2060062994,1,0,0.08080194056066423
4883922403#2057858826,0,0,0.0008426922704810188
1811511062#5010064143,0,0,0.00445752351677501
1727736762#4680095395,0,0,0.0014567464424683591
4938690872#2057082379,0,0,0.00360467338649538
1816427366#1816427371,0,0,0.4281870828015047
4272137501#3993296567,0,0,0.01673290776444514
2061673701#1430988070,0,0,0.003384704387159871
203654552716#4108691753,0,0,0.002822747073608813
2120518542#5169257472,0,0,0.00360467338649538
4070427569#3290768654,0,0,0.0014320062272355591
2065023449#2070686849,1,0,0.03153660934239592
2113288221#3633495980,0,0,0.00360467338649538
3287136303#2183963548,0,0,0.17309957563311834
373850283306#2455800880,0,0,0.002822747073608813
4592596123#1308273301,0,0,0.00360467338649538
2061673563#4455408499,0,0,0.0005015161786171501
2057202352#1592253963,0,0,0.03487019492994037
3712801411#1403216308,0,0,0.0023612769969431884
6633440508#54158054598,1,0,0.35712776843368316
69055008791#90189177809,0,1,0.6505384865898659
4254790911#4176537188,0,0,0.0007150075219238108
5210259386#2455800880,0,0,0.0013774783534423586
2056478070#4643943359,0,0,0.0008504336021898704
2058663034#3285703159,1,0,0.00360467338649538
5076405390#4720990747,0,0,0.00360467338649538
138961977066#1537709317,0,0,0.00360467338649538
106190147770#4838534990,1,1,0.9342019720525482
3806980943#1533725661,0,0,0.002822747073608813
1696577548#1816512025,0,0,0.006606345739887364
1816512025#69609155599,0,0,0.004333888264602923
3446029032#3446029030,0,0,0.011732528100023003
4451342506#4897454510,0,0,0.043983873890530475
3715240690#25244788647,0,1,0.6611742673054901
2066977172#2050581826,1,0,0.22646833289322468
126501897635#3913419748,0,0,0.00360467338649538
5163452200#29298304831,0,0,0.0023256155938115954
4274088675#2058531416,0,0,0.0009331886263298843
2296537627#2063706226,0,0,0.012453833569133923
3287136303#2026258520,0,0,0.3222022083485738
4471122121#60367620373,0,0,0.15723720272952016
1308273301#4755359264,0,0,0.00360467338649538
3072564418#1550894049,0,0,0.014803622037227477
4442900590#2058531412,0,0,0.002505851434755612
3278113988#315728832242,0,0,0.00360467338649538
303433622485#4272843119,0,0,0.002057875104480263
1667032705#2055626034,1,0,0.004518260549276934
5123189265#41375214069,0,0,0.056748382377999784
1394416929#1500161456,1,0,0.0014901145146884855
3926967278#3927040910,0,1,0.9999999445816243
3903280581#3903280573,0,0,5.424768985883735e-05
1762522969#4391918874,0,0,0.00360467338649538
1403216308#3870637640,0,0,0.004754677769112339
3445905086#3446029030,0,0,0.0030677431521122385
1549897545#4272137501,0,0,0.0015728370597863904
4642512906#2068654074,0,0,0.000336704695476715
3591598900#3972742243,1,0,0.07881313371101224
455581610977#4532035181,0,1,0.9409116827192536
4391919171#4450784429,0,0,0.01309713990735896
4024663252#4215027256,0,0,0.002331142439915338
4828653957#4111311078,0,0,0.0017190416364176557
1394299795#4532035181,0,0,0.002654219020700962
3926741754#2114049002,1,0,0.0034503874001735333
3120043199#2338131041,0,0,0.003384704387159871
14613476507#2114716134,0,0,0.00360467338649538
4897454517#4897454488,0,0,0.0015592007449126166
3496048657#4572636292,0,0,0.00360467338649538
1533725661#4592596123,0,0,0.0057822883359809635
1349608070#10553947604,0,0,0.00360467338649538
2123106282#3712801411,0,0,0.003384704387159871
54158062043#2296574953,0,0,0.007273133656201995
3245545040#3913410158,1,0,0.00024931034459881274
3446029032#4451288784,0,0,0.0005413158886803809
5022594784#2068654074,0,0,0.0019763992742925854
3706927247#2056078364,0,0,0.00360467338649538
11087571368#2119478248,0,0,0.0030573000651738947
29607898384#5163452200,0,0,0.00386767403175874
4206201723#3072524524,0,0,0.0019467796642059561
3995923367#3495408683,0,0,0.010513779524054741
2112891471#4623972834,0,0,0.00012671792584608953
1727736762#1549897545,0,0,0.003855679876401881
2177416829#2016866277,1,0,0.0020326134158390142
1888052788#4436356008,0,0,0.015946600130128517
4090681438#4385184737,0,0,0.002472983027794523
3652959254#4506633524,0,0,0.0004638374038220206
2114049002#14613466961,0,0,0.0014671915176546423
1347237190#430837878381,0,0,0.00360467338649538
2016866279#2056078364,1,0,0.0020326134158390142
3052760872#4232728984,0,0,0.0022173457368166215
3715877024#4031814900,0,0,0.0002933892480320111
29298304831#91686025987,0,0,0.00028055087298881786
1759198091#1667032705,0,0,9.708319836256229e-05
4261128452#3715877024,1,0,0.005482050376133542
4129059855#4451089335,0,0,0.009387827873056113
2115880476#3525475722,0,0,0.00360467338649538
2088554701#2122362220,0,0,0.001036295355926723
1556785910#3054084564,0,0,0.00360467338649538
2078213282#2113093450,0,0,0.0030350797171857175
3445905086#3602134198,0,0,0.004052799348895089
1736318365#2066246683,0,0,0.08988586306358826
4405823723#3632560565,0,0,0.014120140306935779
1778986389#2058494409,0,0,0.002290472185758886
6633440508#1818675501,0,0,0.0022612143514917997
2183963548#2177416829,0,0,0.00844563788238423
1759198080#2055626033,0,0,0.003682863475011842
2072319821#2117967935,0,0,0.00360467338649538
4636382579#4031814900,0,0,0.00621329135566962
4256906448#4256981120,0,0,0.0016903835493933016
2455800880#2455842712,0,0,0.459623616634019
1453532038#3903289669,0,0,0.02176290200828811
2058531416#4448697469,0,0,0.002301679304426584
4179651570#107725296889,0,0,0.0047796064346881505
4542321633#3836676657,0,0,4.1698569062037024e-08
1878732185#1905948078,0,0,0.002215457951116221
4944579314#6013639039,0,0,9.455778238294666e-06
14613464513#14613476507,0,0,1.7514651592960935e-06
18468695966#2296537627,0,1,0.5301582979161926
3495408683#3913554478,0,0,0.000365333886174145
4590516328#4447023801,0,0,0.0015761721288952905
4450784429#3949154929,0,0,0.00030829526118697194
4768693982#117755505510,0,0,0.0003353238540099268
4006530352#2281691154,0,0,0.013433348336173708
4215058789#3487828531,0,0,0.0014671915176546423
5169252712#5169253299,0,0,0.002103737503266059
5123189265#5194366020,0,0,0.00360467338649538
3445564730#4346970606,0,0,0.0016571806529389111
3997209484#3287633018,0,0,0.0032427481570465573
4606793746#212394033260,0,0,0.00360467338649538
3903280586#3903280581,0,0,0.0017131984929660545
2056929980#4705583754,0,0,0.00360467338649538
3445564730#3232083339,0,1,0.8971434582130298
1318626251#2057858826,0,0,0.0008475580366873657
1759198080#2055626034,0,0,0.004518260549276934
3836676657#4526688596,0,0,5.8258157883275366e-05
11087571368#1423044582,0,0,0.002780407335735082
2027457805#2138881484,0,0,0.054074437418826476
6013639039#4385184737,0,0,0.001240934674294307
4077027238#4274088675,0,0,0.0030350797171857175
2138881484#4274088675,0,0,0.001913744257330731
1434305170#1479236023,1,0,0.0007248982097676994
5010035639#309312101477,0,0,0.00360467338649538
9746294364#2092610536,0,0,0.0037925683748284253
4506633524#3846877365,0,0,7.062867241600835e-05
3742463975#4071233134,0,0,5.49713804332771e-06
4317041484#3648903741,0,0,6.38369049189632e-06
4065724850#4168332323,0,0,0.033268934658314986
4590516328#4451124306,0,0,0.0030573817598951204
2027457633#1758869231,0,0,0.0002268180322930047
12910266318#4673557611,0,0,0.00469254393793213
4526688598#4532014296,0,0,0.0002920114133741275
4658956014#4509158303,0,0,0.015896777409868258
1708981181#4415227218,0,0,0.00360467338649538
2059124992#4385184737,0,0,0.00041012485183795086
4448697469#4168332323,0,1,0.5239886390863888
1463883823#1614597826,1,0,0.0032043948841294946
4323500487#4215058789,0,0,0.03673977755171478
1550894049#2114279054,0,0,0.008487266689052874
3043036534#2092610533,0,0,0.1121697751243181
4241366976#1415554755,1,0,0.0033468220322817465
1816427366#1403928333,0,0,0.0016513673056863698
4636508845#2056478070,0,0,0.0095359851887551
1417009342#4202053398,0,0,8.595836893815817e-05
3881629589#4108691753,0,0,0.00360467338649538
3683502845#3446029030,0,1,0.7101782615058504
1805614122#3245545040,0,0,0.0010288015676386058
3591598898#3591598900,0,0,0.007950812858825294
3644272514#3632560565,0,0,0.00717975116817213
4735432768#4703840109,0,0,0.0022432641953719487
1667001955#4385184631,0,0,0.0023539401853981366
1634250118#2088439298,0,0,0.3649095451255837
2117967935#1639901072,1,0,0.0002080400565892026
4938690872#5010035639,1,0,0.004331348684330824
81902710995#3072564418,0,0,0.00023576440259514322
1780636702#1830525969,0,0,0.0003007203971213141
3836676657#3836576451,0,0,1.3686270047057616e-06
2061673563#4529171819,0,0,0.00018682744292062233
3934681694#1347237190,0,0,0.0009196025389782202
156277076551#1590527066,0,0,0.002821452840778106
4196030610#2071751695,0,0,8.694040517006444e-05
3903280573#4703840109,0,0,0.008276153974884548
4636508851#4636041774,0,1,0.9652617996099636
3043036534#1932250238,1,0,0.1772314384671538
4357742929#4878261986,0,0,0.0006516512107134334
3287136303#2119388082,0,0,0.24587967841819722
3846877365#5078702464,0,0,0.0033613914724938674
1778796425#1912538880,0,0,0.00360467338649538
2057552209#3633495980,0,0,0.012763157553701634
5354187271#5210259474,0,0,0.044563838356599654
4451342530#4261185678,0,0,0.029900418758070136
2069985286#60367620373,0,0,0.0051651454905702636
114401992972#5169252503,0,0,0.00360467338649538
4768693982#117277915830,0,0,0.0002480585069597612
4357742929#415654814203,0,0,0.00360467338649538
4878082767#167570408533,0,0,0.00360467338649538
1888052788#3032272329,1,0,0.20728396256871762
1320992607#1320992608,0,1,0.9678697666884581
3836992879#4018083310,0,0,5.418681509804633e-08
237523614768#1347237190,0,0,0.003321852151141743
18468580547#5169252503,0,0,0.008839530809456429
2062633327#1318626251,0,0,0.0028623787131831155
3485676898#2007329552,0,0,0.002650366862250734
4165922067#2026069710,0,0,0.00718523280633833
3816455026#1429413488,0,1,0.779308023050542
4451124293#4454799835,0,0,0.0016670865443641637
4860360403#4777051438,0,0,0.33445024311022264
3445564730#2947790103,0,0,0.009605879971423498
4242849949#3120043199,1,0,0.0027975112601868763
4636143697#1639253622,0,1,0.8734348703654642
1667001955#1885490974,0,0,0.03353682229810255
2058278464#2117931367,0,0,0.003909401947739183
3761484186#1394299795,0,0,0.019737402334685832
3249354040#4703840109,1,0,0.008985284963516907
1453532038#1711846546,0,0,0.0032832838187896356
18468687381#18467725403,0,0,0.07525585086658898
1778563595#1712570793,0,1,0.9996364249775568
36551936093#1320992608,0,0,0.003384704387159871
4425561518#4636446230,0,0,0.002976421306243415
4076081471#29607392514,0,0,0.002110842968949654
4435666805#4219594127,0,0,0.0024588928840795815
3633495980#3249354040,0,0,0.0036389961024150346
2056513884#2054736144,0,0,0.004969263069480598
3285703159#2060290691,0,0,0.011056810843433112
3075634363#1667032705,0,0,0.0015627027296849397
4391918874#3949154929,0,0,0.00359614393277602
4636382579#4636041770,0,1,0.7961053306588288
4643941609#4444948728,0,0,0.011037528943892148
3287136303#2183968048,0,0,0.24569006284120606
4755359264#3235756553,0,0,0.027771200021842805
3054084564#1500161456,0,0,0.003344703585057636
2118416856#1500161456,0,0,0.00967321989260337
3446029030#3742463975,0,1,0.7101782615058504
564144132292#1847716478,0,0,0.2569260894259659
1474190672#1711846546,0,0,0.003649489504267334
4286394339#2455800880,0,0,0.0011972491153586272
2074388205#3949154929,0,0,0.002444511586649837
4592596123#50016874555,0,0,0.014528863880721778
18466601978#4180609537,0,0,0.051117856429731656
2054736144#2120525705,0,0,0.00360467338649538
18468695966#2068602973,0,0,0.004590453649500746
3487828519#1453527936,0,0,0.0007051983424533348
2050840604#1882929309,0,0,0.013756737650543242
5163452200#91686025987,0,0,0.010948252343811705
3418808235#4221651134,1,1,0.8656009748437002
2114438559#1423044582,0,0,0.0008631760089882959
2058531416#4176537188,0,0,0.0005901396232181175
1550894049#1774582761,0,0,0.008276153974884548
4043193319#4877560558,0,0,0.19640863375612375
406088738482#2057120532,0,0,0.0012110245463501285
4036848581#4938690872,0,0,0.00360467338649538
109765155485#212394033260,0,0,0.00360467338649538
1316070394#117873856741,0,0,0.01003125262167218
3363359849#1394299795,0,0,1.7631288435160707e-06
2119388082#2026258520,0,0,0.09960087270425702
4401898255#3418808235,0,0,0.015200005011560514
4643943359#4451089335,0,0,0.0013774783534423586
183335907108#76198377822,0,0,0.16856545164834033
138960910846#2057186168,0,0,0.0022546830973428347
178615973311#3633572726,0,0,0.09997561080577984
2120525705#1510345157,0,0,0.004951737625294398
2455842713#146011937628,0,0,0.00360467338649538
1656969937#232579778763,0,0,0.006054567841396748
4435792377#4165283827,0,0,0.002731010615839003
4285491833#4348295931,0,0,0.002657491621973736
3474685537#2113288221,0,0,0.016381207095998985
29299658960#29607392514,0,0,0.002032191682355009
4065724850#3973253490,0,0,0.00360467338649538
4946289727#2057112219,0,0,0.004863039848037571
2061309885#430837878381,0,0,0.001929120073210744
1558033119#14613455236,0,0,0.010830022448024248
3474743878#3628839717,0,0,0.05530073082746623
2177416829#2016866279,0,0,0.0020326134158390142
2057275313#3942084480,0,0,0.003384704387159871
2062285767#1431851220,1,0,0.003988537353311132
88520940864#3761484186,0,0,0.0043949444242379915
3075634363#146011937628,0,0,0.00360467338649538
4808180492#4168332323,0,0,0.010099636184346008
455581610977#2063878463,0,0,0.0017683432218463246
50602309472#81902710995,0,0,0.035618609220690864
3993041966#4452060617,0,0,0.015023194125908952
2080829137#3485676898,0,0,0.002976421306243415
4636508845#4636041774,0,1,0.9652617996099636
5094736780#7026230674,1,0,0.0651388157831893
4221651134#2283920901,0,0,0.0056378229364400165
5078702464#2016866285,0,0,0.0048671273141327066
2661092323#4998365450,0,0,0.00360467338649538
4810275464#2455800880,0,0,0.00269032905377666
54158063899#14613455236,0,0,0.06520230496989379
2523741989#4006530352,0,0,0.004033763695951935
1415554755#2026258520,0,0,0.0005099540413243444
3633572726#2026069710,0,0,0.00360467338649538
4090681438#1667001955,0,0,0.13008730010003405
3108657350#5067776785,0,0,0.0020838041138322894
4828655959#54158054598,0,0,0.00360467338649538
14613465315#2455842713,0,0,0.00029456580318368525
4215027256#4354544112,0,0,0.0030350797171857175
4455408499#3513178266,0,0,0.0031699407393920584
3045580653#4584646241,0,0,0.009525319499007976
3446029030#3644272514,1,1,0.9476938350655204
4883922403#1710182160,0,0,0.0022625761164607803
18468695966#18467725403,0,1,0.9964968797116175
4425561518#3973253490,0,0,0.00360467338649538
4242849949#3287136303,0,0,0.00360467338649538
1778796425#1759198080,0,0,0.0033571585886857653
4447023801#4285491833,0,0,0.003682219749288506
1660889815#4943818903,0,0,0.00360467338649538
4188896319#3487828519,0,0,0.01680078895637843
4808240601#1639394625,0,0,0.07049259125250486
2058563113#18466601978,0,0,0.0008203286863202497
309312102749#1347237190,0,0,0.011231158757872922
3806980943#14190297481,0,1,0.5017080173185026
2055946129#2059977717,0,0,0.00360467338649538
2119388077#3287136303,0,0,0.24587967841819722
2055581605#2060192911,0,0,0.00602055833210101
2296574953#2070627808,0,0,0.003294913304730547
1316070394#4036848581,0,0,0.0339787904165632
2071864814#4206310186,0,0,0.0013882755003371188
4514271066#4828655959,0,0,0.003574861780277115
1308273301#4034038494,0,0,0.006839193602309133
4705427870#2057685237,0,0,0.0037721857453805133
314601953357#314601336135,0,0,0.0018466508749428554
4316999082#4804117485,0,0,0.003596259159020583
1932250238#4155642921,0,0,0.06374080096886577
2068654074#5163452200,1,0,0.01979489778061597
3230219871#2054736144,0,0,0.0015668668607136764
2112891471#4944579314,0,0,0.0007586368715492543
138961977066#18466210670,0,0,0.0006585032230233568
1549897545#4206201723,0,0,0.0023126057374514898
1638853392#25244788647,0,0,0.004389633048841485
1431851220#1639901072,0,0,2.2274124620123e-05
4506633524#2059977717,0,0,0.00360467338649538
4590233117#4590185312,0,0,3.868605182571444e-06
2063706226#2071751695,0,0,9.459698427353446e-05
2026258519#2180579787,0,0,0.011693596465887286
4111311078#3946838650,0,0,0.002273376673654235
3269719212#2092610536,0,0,0.00035465848353080317
3446029032#3445905086,0,0,0.0030677431521122385
2026258519#2119388077,0,0,0.09960087270425702
2339749085#5210259386,0,0,0.0028497697807617277
2268287413#2175800284,0,0,0.00360467338649538
4071233134#3683502845,0,0,5.49713804332771e-06
4155642921#3418808231,0,0,0.00360467338649538
3706927247#2057858826,0,0,0.002731010615839003
4526688598#3836676657,0,0,0.0019086086562139313
2062285767#2117967935,0,0,6.580007002995651e-05
3120043199#4623972652,0,0,0.00360467338649538
2054736144#2740883313,0,0,0.0046412103698819
2061352093#1816427371,0,0,0.0014068586583145372
41375214069#5123189260,0,0,0.056748382377999784
4532014296#4534359957,0,0,0.000670896350261757
2059109005#4111311078,0,0,0.0037581152922675134
5169253299#2114390938,0,0,0.00360467338649538
4825375981#4242849949,0,0,0.00360467338649538
4720990748#1818675501,0,0,0.011501890603178997
4256981120#4231111906,1,0,0.013856129316527329
4665681736#4804117485,0,0,0.00360467338649538
2056513884#2057202352,0,0,0.007564828271768014
1834023606#1780636702,0,0,0.001269410988787622
4256981120#1479236025,0,0,0.0012349341458364634
2057186115#1780636692,0,0,0.0012110245463501285
2057186168#1780636692,0,0,0.0012110245463501285
2111350136#1319944364,0,0,0.00360467338649538
5121642074#2060192915,0,0,0.003384704387159871
3602134198#18466522141,0,0,0.21134733679515827
1425598204#1429413488,1,1,0.8247311610100566
5185529458#1778563597,0,0,0.016975945001511034
4572636292#4447023801,0,1,0.9752558479288382
156273955489#4111311078,0,0,0.003865940896146907
4435586554#4232728984,0,0,0.0010407213784752512
2165145983#2056513884,0,0,0.0031699407393920584
4823801269#54158093151,0,0,0.03243896909580943
3729925561#3648903741,0,0,0.0032554032770887933
5199216301#1944864795,0,0,0.002138815475606188
1710182160#2071793223,0,0,0.0012395524618286711
25405387739#2114390938,0,0,0.0070106724202345545
14613460476#2075393157,0,0,2.5483023794026994e-05
3045580653#2078213282,0,1,0.999679174923297
1537709317#1537709306,0,0,0.2764881420632244
4254790911#2059109005,0,0,0.0002926648384379797
1638853392#2123106282,0,0,0.003384704387159871
4590185312#18468082722,0,0,3.488916463509286e-08
1487584016#1500161456,0,0,0.007281326035674269
4952427189#135028851546,0,0,0.0004193118909925434
3415143762#4317041484,0,0,0.015279091524884918
4635981164#4623972652,0,0,0.0010584788187288701
370314330573#1483087859,0,0,0.0036626557209339665
3591598900#4209814745,0,0,0.00360467338649538
4411426624#4071233134,0,0,0.019376979361469898
1639325148#1888052790,0,0,0.11887720338994529
2065023459#4179651570,0,0,0.0030350797171857175
4274088675#2057082463,0,0,0.013488482954002408
4129059855#3418808235,0,0,0.0031739189477708917
2455842712#2455894769,0,1,0.5772538663544476
4447023767#4590516328,0,0,0.13167333105326084
4348295931#4285709207,0,0,0.0016191809927768024
4470296934#1877399023,0,0,0.00571276885810669
2268287413#146778888902,0,0,0.00147923599217204
1403216308#3715240690,0,0,0.00360467338649538
4448830722#1627677359,0,0,0.00466562501632178
4242696539#2051966916,0,0,0.00360467338649538
3525475722#2455842712,0,0,0.05142629363869167
2165145983#4808180492,0,0,0.00187998758409938
2118416856#2061673563,1,0,0.0005320351812478262
3081986781#2137028345,0,0,0.11736017364401545
2058494409#4451089335,0,0,0.003697067618543809
109165560395#1425289196,0,0,0.0013364424210858539
3033446767#5067776785,0,0,0.12409409788832464
117873856741#1859920904,0,0,0.02778718214888841
2027457633#2027457805,0,1,0.5843221799118102
2057275313#2057858826,0,0,5.9254479664546e-05
4232728984#2061673563,0,0,0.0005269131458615076
2076366005#2055298458,0,0,0.00360467338649538
2058663075#1661790023,0,0,0.08615476667327038
4420971756#4705427870,0,0,0.000309468227600799
4034038494#2115880476,0,0,0.02557826475157043
3612961288#1646205905,0,0,0.0041104162286549565
5199216295#5210263415,0,0,0.00310521241343317
4327866563#4623972652,0,0,0.00228691284544204
2118965491#2114048932,0,0,2.88146452769977e-05
4179651570#3072524524,0,0,0.024409134460274054
2165015466#2111349786,0,0,0.001674241240134816
5185244731#4862024152,0,0,0.00360467338649538
4455655369#3988152389,0,0,0.008458390139884765
2059109005#2058531412,1,0,0.00035210684731347435
4444948728#3621799271,0,0,0.4556271105803984
5210259386#2338916683,0,0,0.0028497697807617277
3083904084#4838534990,0,0,0.002287867045029639
3077307902#3606108939,0,0,0.0024809106722527203
4277564473#2292556895,0,0,0.00360467338649538
4790633062#4808180492,0,0,0.0037939906095458345
4452228094#4450888165,1,1,0.5413660200827315
3075628047#2057082379,0,0,0.03349653871980195
4232666143#4226659635,0,0,0.1713332646043031
4705427870#4356117363,0,0,9.119714496836748e-05
14613455236#219547393842,0,0,0.011867397416597342
187508564338#2058531412,0,0,0.0014671915176546423
2947790103#4435792377,0,0,0.1906932991928985
455581610977#3474743878,0,0,0.0025998810270196635
3020557801#1308273301,1,1,0.8341858868182787
4261128456#3766757689,0,0,0.007232498169837115
4998365450#190330815066,0,0,0.017645827093039905
1965402836#2007329552,0,0,0.001617129149198979
2060192911#2054736144,1,0,0.0007077926740057594
3060607943#1660889815,0,0,0.0034875722354269375
1812202957#1811511062,1,0,0.23843358324195307
18466354888#156274815378,0,0,2.8225447158804653e-07
3628839716#3474743878,1,0,0.05530073082746623
5199216295#5199216300,0,0,6.434619030031064e-05
1537709308#1537709306,0,0,0.2764881420632244
407966480507#2063057962,0,0,0.0024895884204669976
1905948078#1354017991,0,0,0.0017650781328041039
2298730254#4447023767,0,0,0.003940690937851859
4623017083#1885490974,0,0,0.00360467338649538
4205424867#4386494215,0,0,0.0055171507563797975
3601857963#3591598893,0,0,0.007739594132669186
2339749085#364662576302,0,0,0.05855797424215468
2058531416#3915411982,1,0,0.4472108130033257
4159034451#1888052788,0,0,0.000279879351251049
1847716478#91686025987,0,0,0.011147166640886606
7161173338#3501315747,0,0,0.0015295682374902994
2065023444#2075628492,1,0,0.004608926449988207
2175800284#4425561412,0,0,0.0043416367634263354
4776817109#5123189265,0,1,0.9680711624095293
2057573219#3633495980,1,0,0.01703846933461624
2054734592#69282286107,1,1,0.9868837877630184
2113093450#6013639039,0,0,0.0016167042398562669
2007329552#114401992972,0,0,0.016605071116442778
1590547354#1656969937,1,1,0.9915569778227441
1830214692#4804117479,0,0,0.09274853993125697
4226659634#4232666143,0,0,0.1713332646043031
4180609537#1549897545,0,0,0.003855679876401881
2059109005#2058531416,0,0,0.00035210684731347435
314601953357#1733350200,0,0,0.0015160949439708502
4108649868#1505439079,0,1,0.9215179757181351
4354544112#4415227218,1,0,0.006148197297501784
1592367367#4272887201,0,0,0.00360467338649538
2114438559#4206177048,1,0,0.15121482435074407
69055007639#3461052410,0,0,0.00360467338649538
1906908670#2065023449,0,0,0.01127178594359055
3075634363#1778796425,0,0,0.0033571585886857653
1483087858#2092610533,0,0,0.32118849212125156
4346970606#3606108939,0,0,0.002051289945674436
3045566056#4532014296,0,0,0.0020620479066224833
4538375930#3652959253,1,0,0.022267422757127953
18466522141#2119388077,0,0,0.00360467338649538
1712570793#6633440508,0,0,0.07094940982721785
2088554701#4465664542,0,0,0.022429083347026257
3846877365#3652959254,0,0,0.00026406166550146785
4261128452#2057082463,0,0,0.3234598565365174
3612961288#4750249486,0,0,0.02968935071080202
3606108939#1537709317,0,0,0.001674328969905762
2061244620#2739075334,0,0,0.004078724788737813
4768693982#18467725403,0,0,0.0006697839745649486
4742698844#2050840604,0,0,0.004622977333352398
1592367367#1600123318,0,0,0.005870781662778301
1710182160#4828653957,0,0,0.003384704387159871
5194582482#3060607943,0,0,0.002138815475606188
1453532038#1492507866,1,1,0.927915456670397
1394416929#1590408241,0,0,0.0031699407393920584
4242696539#4878261986,0,1,0.9988672093541336
2111818909#4952427189,0,0,0.00360467338649538
5352675624#5352185903,0,0,0.0002372004736528159
4590233117#156274815378,0,0,1.6010172468092202e-06
1716261756#2128656141,0,0,0.0030350797171857175
4108649868#2060042758,0,0,0.010850543876266102
4451342506#1833697097,0,0,0.00016023067762500974
1905948078#1565925308,0,0,0.0024930677463774055
3441097472#183335907108,0,0,0.00360467338649538
1778796425#4323500487,0,0,0.00360467338649538
11087571368#53263229623,0,0,0.00627114227926928
2068654074#370314330573,0,0,0.0007002451576012768
364662567901#2092610536,0,0,0.012318565574601405
4354544112#5194582482,0,0,0.09641823604396868
4272843119#3648903741,0,0,0.020185295794567862
91686025987#29299658960,0,0,0.0011014206176638902
2061352093#2057858826,0,0,0.0009525560790577283
4538335537#4354044382,0,0,0.00020659271209673544
4720990749#4808240616,0,0,0.020716281814847002
1759198080#3072525687,0,0,0.002654219020700962
2063057962#2055601072,0,0,0.00360467338649538
4451089335#2359348328,0,0,0.003719955248838504
81902710995#53263229623,0,0,0.003972293884766069
3033446767#4828653957,0,0,0.23868849577574486
3075634363#4705427870,0,0,0.002859683872799031
1549897545#121528725386,0,0,0.005087294126934776
4589929428#4447023767,1,0,0.3823438025918425
2115678997#4705427870,0,0,0.0023129470684938357
4221651134#4825375981,0,0,0.002822747073608813
2058663075#2055601072,0,0,0.0020802707772420727
3578109143#3513178266,0,0,0.08346633684224922
237523614768#4450968363,0,0,0.000656163236239197
1888052790#4436356008,0,0,0.26749759181797605
4259293142#2057082463,0,0,0.00360467338649538
4944512773#3016942950,0,0,0.0018065065724749711
2073668282#2070686849,0,0,1.2565939772625538e-06
7161173338#7026230674,0,0,0.06270751316867706
1483087859#406088738482,0,0,0.37304704228526997
4442900590#3644272514,0,0,0.004410804401969056
54158062043#3395466908,0,0,0.00360467338649538
2060192915#2143152116,1,0,0.0036407848638010986
2268304430#2118416856,0,0,0.022824740869184977
1965402836#4386494215,0,0,0.00537388236700237
1463883823#3761153782,0,0,0.002822747073608813
18465721026#5169257472,0,0,0.008839530809456429
29299658960#29298304831,0,0,0.0001819898976325446
156277076551#3881629589,0,0,0.0014345094096612193
2455842713#2455842712,0,0,0.459623616634019
1903466347#9746294364,0,0,0.03840231549399269
2059483876#1903466347,0,0,0.0019846526822240545
4691126574#1552378116,0,1,0.6798657438822612
14613461939#2455800880,0,0,0.011680587802299296
167570408533#4297145562,0,0,0.00251490217717991
4256725997#1556785910,0,0,0.00360467338649538
2119388077#2119388082,0,0,0.2658205220812626
3986575237#4662517140,0,0,0.004284431020147906
2181531828#2180579787,0,0,0.005323755120056866
4212827921#1902954948,0,0,0.022154105613375292
3269719212#2066246683,0,0,0.032599294046148
2027457810#2138881484,0,0,0.054074437418826476
146778888902#1693941156,0,0,0.0008134024474502782
219547393842#3706865825,0,0,0.0016757989663467648
4623972652#2281691154,0,0,0.005169001175795162
2118416856#1453527936,0,1,0.667653436095831
1708981181#5078702464,0,0,0.0005976590099594301
2074388205#3230219871,0,0,0.00360467338649538
4530026055#152713369272,0,0,0.005233730557422439
4425561412#4636143697,0,0,0.0019542444711188357
2068611560#4944579314,0,0,8.87870720319538e-05
3606108939#1746603523,0,0,0.17910002801832345
1830214692#4804117485,0,0,0.09274853993125697
3485676898#3052169593,0,0,0.0020869101866364675
2057352941#2011670508,0,0,0.00360467338649538
117755505510#197910587768,0,0,0.0008252040349926677
53263277044#3445564730,0,0,0.007217172632500846
3641396498#2111349786,0,0,0.07446107563044864
1818675501#1816512025,0,0,0.0008992624295450957
1319944364#3474685537,0,0,0.0025236328304180417
2063572073#3496048657,0,0,0.03813733116575493
4883922403#4065724850,0,0,0.003384704387159871
200569781240#4945702240,0,0,0.00360467338649538
6013639039#2296574953,0,0,1.3661999290383243e-05
4471122121#53263231637,1,0,0.09468780476813639
3249354040#3913410158,0,0,0.0019042489336813379
212771874474#1639325148,0,0,0.0002985523026041111
2056478070#2068611560,0,0,0.0017346286904401781
3072524524#3972766136,0,0,0.0033753181150431837
1537709308#4209814745,1,0,0.00360467338649538
1712570793#1816427371,0,1,0.9913989203442944
2165145983#2297005450,0,0,0.0031699407393920584
1833697097#1710182160,0,0,0.0028497697807617277
76198377822#4862024152,0,0,0.00020614840730128088
4705427870#1902954948,0,0,0.00385970469090003
2359113449#4455408499,0,0,0.002466017834938929
1307874587#4386494215,1,0,0.007848446489325029
4590233117#2062285767,0,0,0.0012481332031467583
4448830722#4792436579,0,0,0.010309032751141459
2054736144#2056520022,0,0,0.0005779936788448515
3903289669#2063839578,0,0,0.003596259159020583
2057685237#4658956014,0,0,0.00360467338649538
4232728984#2061673701,0,0,0.0009607179691101973
2057186102#1726591551,0,0,0.0012110245463501285
3077307902#3446029032,0,0,0.002630133791663738
4705427870#2054699471,0,0,0.000734607878861212
1372557160#4221651134,0,0,0.19077760680615705
3240377870#3903280567,0,0,0.00360467338649538
1592367367#3973253490,0,0,0.041423727933208865
1847716478#3474743878,0,0,0.00360467338649538
2027457810#202581283129,0,0,0.0026195907677629767
3319075608#4215038721,0,0,0.0012167006161657712
4777051438#14613588147,0,0,0.10923697348268918
4435586554#2122362220,0,0,0.0005516630188308405
4259293142#5185595733,0,0,0.42013134880985603
2065023453#4705427870,0,0,0.0030350797171857175
1888052790#4159034451,0,0,0.000279879351251049
4385184737#4386494215,0,0,2.0367528678342837e-05
1780636702#1780636692,0,0,0.004186445677938144
3033446767#4511530729,0,0,0.12409409788832464
1639901072#1416827061,0,0,0.00018707602544824144
114401992972#50016874555,0,1,0.8363179621322198
1759198091#4591638149,0,0,0.008256925682490025
379478718058#3913419748,0,0,0.00360467338649538
3973253490#4506633524,1,0,0.04121994415707049
1778563597#1712570793,1,1,0.9996364249775568
4108649868#4052058734,1,1,0.9009616283532585
2165145983#4206304466,0,0,0.0016484771242881913
1847716478#4777051438,0,0,0.33445024311022264
2073668282#2065023459,0,0,0.004608926449988207
1456843034#302839388028,0,0,0.00360467338649538
4470296934#146777938215,0,0,0.00360467338649538
189546061243#114453608394,0,0,0.04151860533267264
2054736144#3870637640,0,0,0.004754677769112339
11087571368#1661790023,0,0,0.005019083111715668
110232280082#3474743878,0,0,0.004039309819698972
1655427579#227607176751,0,0,0.002343734184130541
4665681736#5206198663,0,1,0.9613719228138304
1479236027#2057275313,0,0,0.003384704387159871
4285709207#156273955489,0,0,0.0024820817873408016
4755359264#14190297481,0,0,0.003982922314229455
4455655369#4129059855,0,0,0.41880582252345994
3230219871#2079578434,1,0,0.00018990368977813
4808238795#29299658960,0,0,0.0004191191295020517
7026230674#3692826364,0,0,0.02819230978592648
5206198663#2661092323,0,0,0.0015952777733705666
4716857454#4212827921,0,0,0.003812397106921306
1712570793#1727736762,0,1,0.9479596458357231
2165145983#2051966916,0,0,0.03179047073454587
1711846546#4673557611,0,0,0.08681197487180008
1667001955#4952427189,0,0,0.00360467338649538
1326198015#2051966916,0,0,0.00360467338649538
2162682667#4509158303,0,0,0.0253397300035357
4165151066#3446029032,0,0,0.008276153974884548
1708981181#1727736762,0,0,0.00360467338649538
5169253299#5169252503,0,0,0.0017708931951713306
4272137501#2058531416,0,0,0.0029252626613233156
3860775024#4511530729,0,0,0.00360467338649538
3973253490#2455894769,0,0,0.00360467338649538
3290768654#117755505510,0,0,0.001111641298070188
2059125338#2055946129,0,0,0.02249011226675444
2058531412#3770456617,0,0,0.002432482408596029
4584646241#4391918874,0,0,0.0012583435148423624
4529171947#2060836540,0,1,0.9396415272196676
107725296889#1902954948,0,0,0.00360467338649538
2065699619#2069985286,1,0,0.013325584346301355
2057082379#4241366976,0,0,0.005674732044223915
2027839123#2059124992,0,0,0.009757557283307839
4529171947#2065023459,0,0,0.0014671915176546423
3232083339#1430989592,0,0,0.00360467338649538
2296537627#2071751695,0,0,0.010500673139616447
5209073343#4108691753,0,0,0.00360467338649538
2062233925#2056078364,0,0,0.002330456787656821
3903280573#3601857963,0,0,0.0027531392553788946
2120518542#1878732185,0,0,0.002924676750406167
4199527734#4205424867,0,0,0.006826893174302722
5199216295#5210260401,0,0,0.0017718442397921177
4442444769#1639901072,0,0,0.00360467338649538
4356117363#4878261986,1,0,0.0006516512107134334
2057202352#2061244620,0,0,0.00209262960891713
2296574953#415654832276,0,0,0.00360467338649538
1929467433#1326198015,0,0,0.00360467338649538
3913419748#3913410158,0,0,0.0007171797577499273
4452060617#4750249486,0,0,0.305906806009665
47752312088#2027457810,0,0,0.0007835979898070441
2081884594#2065023459,0,0,0.0009932689512743714
4285617569#3525475722,0,0,0.041081637462262816
4636382579#121528725386,0,0,0.09405773676721836
4705427861#4242696539,0,0,0.23183221830281517
1394299795#1723151709,0,1,0.6972492605115608
5010035639#3485676898,0,0,0.0030350797171857175
3485676898#1634282666,0,0,0.12753725149599396
114693583065#4606793746,0,0,0.0002147041974779058
3729925561#5060996735,0,0,0.0043976643920896836
4643941609#202581283129,0,0,0.0029300089776034496
4973150488#2455894769,0,0,0.1832009487423887
2059397275#1701470611,0,0,0.002976421306243415
3050152494#2016866277,0,0,0.0015007081195375996
3761153782#3862453322,0,0,0.19176629303128134
88520940864#1319944364,0,0,0.00360467338649538
4572636292#4447023767,0,0,0.0449655985186767
4471122121#1600123318,0,0,0.00360467338649538
4657354263#4256981120,0,0,0.005114419230558561
4878261986#5199216295,0,0,0.00201805250086476
4534359957#1416528046,0,0,0.0008500366642402268
1429413488#3715240690,0,0,0.00360467338649538
53263231637#53263229623,0,0,0.002792288428651858
3235756553#4024663252,0,0,0.00360467338649538
3287136303#2026258519,0,0,0.3222022083485738
1479236027#1479236024,0,0,0.0010349731105306567
1639253622#3551952830,0,0,0.005344699340139181
14613465315#9746294364,0,0,0.0024002333449599867
2057146445#1431930648,0,0,9.665585421358827e-06
2117931367#2058258958,0,0,0.007225329175576539
3020557801#2947790103,0,0,0.020566932597382848
210012116583#4643809596,0,0,0.0031699407393920584
2297005450#4636446230,0,0,0.00041515645407928965
1590527066#69054998391,0,0,0.09473451138847949
1505439079#3816455026,0,1,0.731094289931619
2111349786#2114716134,0,0,0.04397430917556328
3986575237#3870637640,0,0,0.020605059514672057
4206310186#4206201723,0,0,0.0008053758970037037
314601953357#309312101477,0,0,0.0028468163776137374
5123189260#4316370583,0,0,0.02206111467061172
5076405390#4897454517,0,0,0.09176041765117653
3120043199#1453527936,0,0,0.20529348090275185
4031814900#5124643800,0,0,0.0010370941188816085
4077473357#1912538880,0,0,0.00360467338649538
4385069368#4529171819,0,0,0.004664932548742099
2060192911#1403928333,0,0,0.0019310144551402072
4034038494#3445564730,0,0,0.05669043804437889
3551952830#1537709317,0,0,0.0026488555878673853
2050581826#69282286107,0,0,0.00360467338649538
4897454517#4897454823,0,0,0.0030379131343207457
3487828531#3942084480,0,0,0.0011642058490478387
2112891471#2056513884,0,0,4.993223888365229e-05
4316999082#4286394339,0,0,0.001428509801435392
4179651570#3993296567,0,0,0.021390439429919018
3706927247#146777938215,0,0,0.010376028388000353
3903289669#50016874555,0,0,0.024061776459584943
18468580547#1483087859,0,0,3.4839932046067824e-05
3418808235#2283920901,0,0,0.0017286116934163347
4327866563#4261128452,0,0,0.08975786301551583
5210259474#4454799835,0,0,0.0013774783534423586
3860775024#3816455026,0,1,0.7026396231361894
2057858826#5124643800,0,0,0.00360467338649538
1639325148#4590233117,1,1,0.6032983263410268
3445905086#3052169593,0,0,0.0025642181831203857
4256622048#2059124838,0,0,0.00360467338649538
2138881484#4448697469,0,0,0.02768357593531526
2359348328#2027457810,0,0,0.0016093125965786314
3628839716#4526688598,0,0,0.00360467338649538
2973532517#1474190672,0,0,0.00360467338649538
1565925307#1565925308,0,0,3.299905783140832e-05
114693583065#210012116583,0,0,0.008197608860109984
2111349786#4435566465,0,0,0.0011488716537341446
25405387739#1655427579,0,0,0.006305309799277456
3240377870#3926967278,0,0,0.00360467338649538
4226659635#1733350200,0,0,0.00360467338649538
1590527066#1394416929,0,0,0.006764619004510484
3942084480#3047031444,0,0,0.0013774783534423586
4804117485#4691126574,0,0,0.3767896392988879
156117434515#3363374184,0,1,0.6325746148510191
5210263415#4768693982,0,0,0.0012349341458364634
4168332323#4161509156,0,1,0.9877422338624571
4838534990#3806980943,0,0,0.0022621093267675176
4526688596#3913554478,0,0,0.017997544263376655
1759198091#1759198080,0,0,0.0013862693294754247
1656969942#146011937628,0,0,0.0044442111842699855
4636508851#4636508845,0,1,0.9908190183153635
1627677359#3591598893,0,0,0.00574513635453518
1533725661#4943818903,0,0,0.00360467338649538
156116289986#202581283129,1,1,0.9399389994804545
1483087858#18468082722,0,0,4.058017031554296e-06
4691126574#4804117479,0,0,0.3767896392988879
1701593387#3461052410,0,0,0.00360467338649538
2059125338#4155642921,0,0,0.00360467338649538
4215027256#3056884476,0,0,0.00360467338649538
3249354040#4405823723,0,0,0.00360467338649538
2026258519#2055946248,0,0,0.002394191149299418
3033446767#3474685537,0,0,0.0006254617647135133
2057186168#91686025987,0,0,0.0008408743091572909
1778563595#1778563597,0,1,0.9999959861394905
3973253490#3926967278,0,0,0.0030350797171857175
4165151066#1456843034,0,0,0.00360467338649538
2060192915#1684806079,0,0,0.24831769712454796
203654552716#3870637640,0,0,0.0360527484682128
2068436073#2118416856,0,0,0.015958121108258023
3046447657#4219594127,0,0,2.9012008956759446e-05
1878732185#1914706723,0,0,0.018118229217196604
5062861485#1830214692,0,0,0.0973371144952655
4256981120#4824054256,0,0,0.0030350797171857175
4529171947#4256725997,0,0,0.002029030561333877
4108649868#69055008791,0,0,0.002976421306243415
1743052872#2119493181,0,0,0.005893544964727947
60367620373#50602309472,0,0,0.0033782560616251547
4946289727#2011670508,0,0,0.03220657473185543
178615973311#4221651134,0,0,0.0009231475597614201
2054734592#373850283306,0,0,0.002376415068429222
1712570793#1727736761,0,1,0.9479596458357231
1550894049#1533725661,1,0,0.005022963093549496
4450888165#4157551094,0,0,0.013150583223602814
4316999113#2122362220,0,0,0.002914644956602257
29607392514#29607898384,0,0,0.0033803471702031572
4538332005#2065023449,0,0,0.00360467338649538
2057112219#1816512025,0,0,0.00360467338649538
3896058143#4526652844,0,0,0.00360467338649538
4411426624#1639325148,0,0,0.0015822079250601008
4946289727#2114438559,0,0,0.010123584824188884
2061673701#117755505510,0,0,0.00360467338649538
14613455236#4219594127,0,0,0.0014671915176546423
4391919171#1875282048,0,0,0.0616408584503147
2073669601#4705427870,0,0,0.0019586524515502
90189178714#90189177932,0,1,0.9978990160631961
4018083310#4526688599,1,0,2.348640864023731e-06
4575249992#1778986389,0,0,0.0002148460128400309
2060192915#2079578434,0,0,0.002719439608331698
3972766136#4161509156,0,0,0.00360467338649538
1565925307#2068436073,0,0,0.003136772621576749
4455655369#4636382579,0,0,0.0009106379398348409
1778986389#2065023453,0,0,0.00360467338649538
117873856741#2165015488,0,0,0.005247161532975248
4526688599#4589775642,0,0,0.0005375169537600031
117277915830#117755505510,1,1,0.8625171563865808
9746294364#156117434515,0,1,0.7403470840436124
2292556895#2071864814,0,0,0.002822747073608813
1639325148#4469027502,0,0,0.20141933252059155
4436356008#2075628492,0,0,0.0005262799716819807
3602134198#3591598898,0,0,0.007739594132669186
1639394625#4590516328,0,0,0.002976421306243415
2117971015#2947790103,0,0,0.03829390299322924
2115678997#4018083310,0,0,0.0006216543812260165
1639324466#212771874474,0,0,0.0002985523026041111
1638853392#1816427371,1,0,0.0563202706527646
3644272514#4071233134,0,0,2.2260519503494355e-05
2117931367#1778563595,0,0,0.00360467338649538
2070025653#1640284457,0,1,0.9692721406684972
109165560395#109765155485,1,0,0.006196580095518761
4316370583#2081884594,0,0,0.0018791608228688338
4188896319#3927439605,0,1,0.8230377325515993
4145496082#314601336135,0,0,0.0004827060462848536
5210263415#5199216300,0,0,0.044563838356599654
3926741754#3487828519,0,0,0.0034588776943842263
1712137054#2065023453,0,0,0.0031636538580616692
3232083339#4226659635,0,0,0.00360467338649538
1550894049#3903280567,0,0,0.010077750572258418
4945702240#4065724850,0,1,0.953833928431137
1878732185#2059483876,0,0,0.00027747342709206455
2119478248#2119398744,0,0,7.877576843737436e-05
2059397275#18468082722,0,0,0.0008978439505188279
109765155485#114453608394,0,0,0.0005865813922236912
4346970606#4020730390,0,0,0.3589630102775988
4256906448#4657354263,0,0,0.005114419230558561
1552378116#4168332323,1,1,0.9995780966152213
54158062043#14613455236,0,0,0.0043511938138605325
4808240601#4720990746,0,0,0.007548070241270607
14613464513#3927040910,0,0,0.009715285664575196
1716261756#1659951159,0,0,0.2722025532065785
4256622048#4226659635,1,0,0.013856129316527329
4155642921#307410722133,0,0,0.012404929828389595
2070627808#4643943359,1,0,0.006974356793083695
3806980943#2051253311,0,0,0.0016172528079601337
4226659634#4090681438,0,0,0.00360467338649538
3903289669#3120043199,0,0,0.00360467338649538
1759198091#36551936093,0,0,0.00360467338649538
1888052790#3641396498,0,0,0.32644154253588253
4442444769#14613461654,0,0,0.00360467338649538
4447023767#4447023801,0,1,0.5518945148072565
1878732185#1565925307,0,0,0.00017979787232242736
3418808231#4215027256,0,0,0.00360467338649538
2117967935#4897862520,0,0,0.2583308790570504
4590516328#4633378534,1,0,0.008564407902897978
2296574953#2296451977,0,0,3.7876805983701575e-06
406088738482#436617713935,0,0,0.08320082814860702
3632560565#4534359957,0,0,0.03354549967647772
2055298458#2057186115,1,0,0.0007646767018094386
4272887201#5060996735,0,0,0.020446862314546378
4414530598#2057898501,0,0,0.0024809106722527203
3601857963#3903280567,1,0,0.0027531392553788946
2070627808#1906908670,0,0,0.0031699407393920584
1550894049#3072525687,0,0,0.0008125151587543611
4532014296#1463883823,0,0,0.0003102246188716657
4878261986#4705427861,0,0,0.010999771985473916
4716857454#1667032705,0,0,0.002822747073608813
4209814745#2338916683,0,0,0.008499440630870376
212394033260#3033446767,0,0,0.00360467338649538
3050152494#2177416829,0,0,5.242510626108084e-05
3075634363#1759198091,0,0,0.0033571585886857653
3629624977#4703840109,1,0,0.003705546446645779
2088439298#3249354040,0,0,0.0030350797171857175
4256725997#1660889815,0,0,0.00360467338649538
4642512906#5163452200,0,0,0.0057629410999809
3525475722#2455842713,0,0,0.05142629363869167
1727736761#5134159053,0,0,0.0014650558386571206
1316070394#3474685542,0,0,0.051007069102503716
90189177932#90189177809,0,1,0.9978990160631961
2057186115#2057120547,0,0,1.401469320734819e-05
2159160651#1932250238,0,0,0.005144633605665828
2055946129#391306865273,0,0,0.028123697162882752
1510345157#2075393157,0,0,0.022030343607962643
3633495980#3245545040,0,0,0.012764113914329675
4285491833#1920503864,0,0,0.00029498557876866304
1906908670#249652232743,0,0,0.001179774999691771
25405387739#4444948728,0,0,0.010406886782578758
4415227218#5076405390,0,0,0.005354799500346106
2662986035#4274235353,1,0,0.00020869598161909862
3245545040#4179651570,0,0,0.003649489504267334
2058531412#4274088675,0,0,0.0009331886263298843
1716261756#1830525975,0,0,0.0003007203971213141
1712137054#2073668282,0,0,0.01281055855493706
87008148161#2055626034,0,0,0.004767739632354834
1417015453#315728832242,0,0,0.026292737313452007
3032272329#1565925307,0,0,0.0010752252412167258
4526688596#4526688598,0,0,0.00015266698734260937
4943818903#12910266318,0,0,0.00469254393793213
1590547354#2088554701,0,0,0.04772330197571718
2739075334#1656969937,0,0,0.01532557062800363
4479070818#2165015466,0,0,0.005247161532975248
4035397646#4530026055,0,0,0.0033225833349519182
3836676657#1665894324,0,0,0.00037465417265008193
4633378534#4589929428,0,0,0.0011669358672961375
3628839717#3436663620,1,0,0.12632857294095906
3415143762#1746603523,0,0,0.005900530331057964
370314330573#3287633018,0,0,0.00360467338649538
110232280082#117755505510,0,0,0.0003353238540099268
111110399548#2947790103,0,0,0.004991595814965986
4592596123#2057211704,0,0,0.0038598584719275165
2057552209#3245545040,0,0,0.00026675048131740683
3715785447#4031814900,1,0,0.006381398844120914
152713369272#2455842713,0,0,0.03221085148562381
4385184737#4205424867,1,0,0.011632660637392779
4973150488#1533725661,0,0,0.002822747073608813
2114049002#3487828531,0,0,0.00162301110329355
9062983415#4435792377,0,0,0.03957363653541408
3075628047#2340035845,0,0,0.007453836462056561
232579778763#2739075334,0,0,0.17201394503798545
14613476507#4261128456,0,0,0.0007498737620123806
2063706226#18468695966,1,1,0.9953561215939714
3742463975#3445905086,0,1,0.9528735149954365
1479236028#1552378116,0,0,0.0011594061442111046
3652959254#1600123318,0,0,0.0008970719376175248
3715785447#3715877024,0,0,0.0002933892480320111
4405823723#1431851220,0,0,0.0031699407393920584
2128656141#2063888292,0,0,0.09833051141918749
4716857454#25405387739,0,0,0.00023392751689157139
391306865273#54158063899,0,0,0.00360467338649538
4943818903#4673557611,0,1,0.5201900127405581
2055601072#4575249992,0,0,0.00022346978726017747
54158063899#54158054598,0,0,0.004339840112405079
1474190672#3047031444,0,0,0.0023744565779339763
4720990748#2661092323,0,0,0.0007546231099286701
4206177048#2011670508,0,1,0.5250027626992906
2112250533#2296537627,0,0,0.053013382205244514
1812202957#2117967935,0,0,0.0030350797171857175
3551952830#3319075608,0,0,0.002939787849091504
2068602973#2063706226,0,0,6.720811252383447e-05
3445905086#4435586554,0,0,0.13540858241021342
2070686849#2075628492,0,0,1.4997347492260068e-06
4643809596#4606793746,0,0,0.0016008374194538845
4316999082#2057573219,0,0,0.00360467338649538
4435586554#4316999082,1,0,0.02146663457967035
1354017991#1646205905,0,0,0.0032987493461784576
309312102749#2055626033,0,0,0.0008918243408170421
1733350200#4405823723,1,0,0.04991501795089014
3016942950#3441097472,0,0,0.002822747073608813
4526688598#4530026055,0,0,2.936335355528803e-06
2051253311#4435792377,0,0,0.0019721755884966876
29607392514#69054998391,0,0,0.004333888264602923
3606108939#1474190672,1,0,0.0011368593068760075
3053472155#4728076352,0,1,0.9151758037207633
1456843034#2060062994,0,0,0.00360467338649538
4590233117#18468082722,0,0,3.488916463509286e-08
3240377870#1533725661,0,0,0.00360467338649538
4514271066#232579778763,0,0,0.00360467338649538
2062633327#4018083310,0,0,0.00360467338649538
3487828519#2114049002,0,0,0.00162301110329355
3445564730#1639275755,0,0,0.005087294126934776
4777051438#1592253963,0,0,0.0024646582637078457
3729925561#3017056355,0,0,0.00360467338649538
4720990748#4808240616,0,0,0.004658186990942281
4274235353#3946838650,0,0,0.00360467338649538
1634282666#54158062043,0,0,0.00360467338649538
187508564338#4159034451,0,0,0.006442012662228033
3903280581#3903280567,0,0,5.424768985883735e-05
2114716134#3641396498,0,0,0.0634075888439607
3993041966#4129059855,0,0,0.009387827873056113
4524153991#4635981164,1,0,0.0010533892262891019
1354017991#4450968363,0,0,0.0016409430882998702
5194582482#1500161456,0,0,0.0022545676150445607
5124643800#4897454510,0,0,0.030262478315031913
18468082722#2080829137,0,0,0.0030243286766074044
4346970606#1492507866,0,0,0.0008363789660338377
1944864795#4129173722,0,0,0.00360467338649538
200569781240#5124643800,1,0,0.21380722382405212
1727736761#1816427366,0,1,0.7982724852034321
2055946129#4526652844,0,0,0.003709762921546337
3692826364#4242849949,0,0,0.003384704387159871
4256622048#4256906448,0,0,0.0026188855137673933
4155642921#3461052410,0,0,0.025422423039184034
2062233925#4705427870,0,0,0.0006553351929161613
4161509156#3946838650,0,1,0.9804094266405484
6633440508#3395466908,0,0,0.0037146549966516704
18468580547#156277076551,0,0,1.8411061185678494e-09
1416528046#4425561412,1,0,0.0017604863409429498
2062233925#2060042758,1,1,0.9750373385187205
1834169653#4401898255,0,0,0.023043856139796134
2057352941#4572636292,0,0,0.00360467338649538
1762522969#4450784429,0,0,0.016396460581484067
4897454488#4451342506,0,0,0.011461790830816108
4272843119#69609155599,0,0,0.002976421306243415
2183963548#2180579787,0,0,0.005323755120056866
2640338192#3232083339,0,1,0.9517256678435615
1638853392#1727736761,0,0,0.03588951196629201
2114438559#4452060617,0,0,0.006612382912990817
4286394339#3496048657,0,0,0.002225325765217775
4636446230#4642512906,0,0,0.00041563896678905736
10175162517#1903466347,0,0,0.0014760449792149877
3715869354#173652977366,0,0,0.0006474195227118338
1859920904#2947790103,0,1,0.9863774947719828
4405823723#1432014682,0,0,0.002731010615839003
1906908670#2065023444,0,0,0.01127178594359055
12910266318#3806980943,0,0,0.04605627720803694
2111346464#3083904084,0,0,0.003614911011938315
3054084564#1394416929,0,0,0.0031699407393920584
4447023801#2298730254,0,0,0.0015757968076080006
4877560558#3363374184,0,1,0.7709882542539627
2088439298#4020730390,0,0,0.0005347144452110043
4897454517#4145496082,0,0,0.0006749300056041709
4072366761#2057082463,0,0,0.0037731676756051803
4391918874#3240377870,0,0,0.00360467338649538
4705427870#4810275464,0,0,0.0009076090080710061
2059125338#4065724850,0,0,0.0033768018833201054
1403216308#2176434538,0,0,0.00251490217717991
202581283129#1425598204,0,0,0.003457535037123813
1307874587#4346970606,0,0,0.014226225626977625
3652959253#4506633524,0,0,6.081712377881147e-05
1431930648#1592253963,0,0,9.350139245265646e-06
5169257472#4215038721,0,0,0.002103737503266059
3269719212#1882929309,0,0,0.002089838770775873
1805614122#1394299795,0,0,0.0040741878684565705
6633440508#2455894769,0,0,0.010827808751513452
138961977066#5169253299,0,0,0.0017708931951713306
4425561518#1415554755,0,0,0.002874664462354429
2061673563#2115678997,0,0,0.0002862449551747465
1912538880#4317041484,0,0,0.08018002568205741
4272137501#4179651570,0,0,0.026744769855354917
309312102749#4590185312,0,0,0.00019463358814981647
5169252712#4354544112,0,0,0.00360467338649538
2176434538#370314330573,0,0,0.00024443026587115725
4386494215#4897454517,0,0,0.001695100383909808
81902710995#5163452200,0,0,0.0085389256427322
4451342506#4897454517,0,0,0.011461790830816108
4509158303#1372557160,0,0,0.00360467338649538
4862024152#2027457633,0,0,0.0001280380805337617
2056156370#1425598204,0,1,0.8993171703935718
3715877024#18466601978,0,0,0.0019412932576710112
5209073343#5124643800,0,0,0.00360467338649538
3496048657#1549897545,0,0,0.0045129901416217
373850284448#1885490974,0,0,0.00360467338649538
5210259386#5199216300,0,0,0.044563838356599654
210012116583#2296451977,0,0,0.02449356951701794
1659519065#2056929980,0,0,0.00360467338649538
4768693982#173652977366,0,0,0.0035963068185806486
4792436579#4750249486,1,0,0.22455552896200776
1833697097#117755505510,0,0,0.00011883947129074996
4036848581#3860775024,0,1,0.5355332293235792
3474743878#3474685537,0,0,0.2291599657790805
69055008791#2062233925,0,0,0.002976421306243415
3033446767#4606793746,0,1,0.7651561854493264
2074388205#4720990749,0,0,0.0014671915176546423
1830214692#3402256673,0,0,3.690782297267791e-05
4401898255#4165283827,0,0,0.0021042965814046907
4297145562#4065724850,0,1,0.7116276599683639
2114390938#135028851546,0,0,0.0011538269632373663
2455800880#1500161456,0,0,0.0069904716299110815
4792436579#1627677359,0,0,0.0011172182876682966
4199527734#3926963318,0,0,0.0038434189778371397
4703840109#4705583754,0,0,0.0022432641953719487
2065023449#4241366976,0,0,0.00360467338649538
3494236195#2080829137,0,0,0.006823393512970429
4185429549#4348295931,0,0,0.006911347763913088
4157551094#3993296567,0,0,0.017516267562655986
1432014682#3692826364,0,0,0.0028497697807617277
1774582761#1932250238,0,0,0.0013451873613621536
3285703159#1326198016,0,0,0.008998809811154687
1816427366#1778563595,0,1,0.9576964984065132
2058663075#2060290691,0,0,0.0027170554393843717
4057038032#1746603523,0,0,0.0023062434586557296
2067179166#146777938215,0,0,0.10117936550500894
4526652844#5194366020,0,0,0.02103340740152373
4297145562#1639253622,1,1,0.9441401313984858
2338916683#2340035845,0,0,0.00360467338649538
5031079827#4726073967,1,0,0.014006071279950797
4274088675#2059109005,0,0,0.0002926648384379797
2050840604#2092610533,0,0,0.062902592872529
2177416829#3972742243,0,0,0.0037525495085689873
4165283827#4206310186,1,0,0.015352577718286969
2016866277#2119493181,0,0,0.0020326134158390142
3046471496#4973150488,0,0,0.00360467338649538
1965402836#1877399023,0,0,0.08086759741470101
1308273301#4538375930,0,0,0.00045100115046410035
1639325148#1639324466,0,0,0.3447968060986262
2063873633#1639275755,0,0,0.003967920828796009
2063839578#1906908670,0,0,0.001179774999691771
3240377870#3551952830,0,0,0.00360467338649538
4447023801#4196030610,0,0,0.034804531655607186
219547393842#3706927247,0,0,0.0006231053308635292
4327866563#2056929980,0,0,0.005087294126934776
3903280586#3591598898,1,0,0.02718794622810529
1537709317#2058258958,0,0,0.005506106588077894
1590408241#2359572372,0,0,0.00360467338649538
2163161399#6633392282,0,0,0.00360467338649538
3712801411#3249354040,0,0,0.00360467338649538
2073669601#1401982309,0,1,0.9762136439225588
2016866279#3602134198,0,0,0.0048671273141327066
183335907108#4635981164,0,0,0.018991243694431052
1432014682#4524153991,0,0,0.0005256673851687945
2061673701#3077743360,0,0,0.004600298893032943
3644272514#3742463975,0,0,0.0030257928627655823
2111038059#2059124838,0,0,0.02215482350914844
4790633062#4808240616,0,0,0.0037939906095458345
1483087858#1483087859,0,0,6.050109119634958e-05
4435792377#1859920904,0,0,0.10475340902413673
2070686849#4212827921,0,0,0.0032843004656103987
117154450703#4898730640,0,0,0.005691301504913946
2051966916#1693941156,0,0,0.21573751711807937
2296451977#1349608070,0,0,0.021862087174820685
1888052790#2176434538,0,0,0.004185491543268389
3032272331#18465721026,0,0,0.0018478443652999311
4242849949#146777938215,0,0,0.002565738619726246
37959222365#3053472155,0,0,0.0022838803903266532
2054699471#1431930648,0,0,7.868187652761817e-06
3641396498#2114048932,0,0,0.006699829098764005
1590527066#3054084564,0,0,0.0025866717645743
3494236195#4285491833,0,0,0.0012007826949119527
18465721026#18468580547,0,0,2.12447057816706e-09
1430989592#3052760872,0,0,0.0027975847168595176
4553673830#81902710995,0,0,0.06537376734909363
69055007639#2143152116,0,0,0.002976421306243415
5169252712#138961977066,0,0,0.0021233834056569854
1483087859#1639324466,1,0,0.3447968060986262
4575249992#2055581605,0,0,0.002230007752024772
53263229623#5199216300,0,0,0.07071349743611981
1932250238#1394299795,0,0,0.015283321512217441
1888052790#3032272331,1,0,0.3064688715030335
2119478248#2111349786,0,0,0.013695462489010386
3513178266#4206310186,0,0,0.002822747073608813
5199216295#5199216301,0,0,6.434619030031064e-05
4750249486#392281366488,0,0,0.00360467338649538
2057685237#2055626030,0,0,0.00360467338649538
117755505510#14613455236,0,0,0.00016566062590145334
4623017083#1726591551,0,0,0.002976421306243415
2061673701#3846877365,0,0,0.002401389949062063
3016942950#4623934568,0,0,0.00360467338649538
4623972834#3494236195,0,0,0.006953165906183454
3047031444#4241366976,0,0,0.00360467338649538
4242696539#4357742929,0,0,0.0006516512107134334
3418808235#4514271066,0,0,0.006081444102675569
4532035181#364662567901,0,1,0.7233969288158998
1634250118#2159160651,0,1,0.7496640451609072
2065023444#5123189265,0,0,0.0014671915176546423
1431930648#1431887069,0,0,5.8368433544019676e-05
4526688598#4530026053,0,0,2.936335355528803e-06
1505439079#2056156370,1,1,0.6448665859557123
4425561518#2057186115,0,0,0.0015062297609608718
4705427870#2114049002,0,0,0.0018291166913919428
3927439605#3487828531,0,0,0.03337169434394624
2175800284#2027839123,0,0,0.006446068510540342
1830525969#1834023606,0,0,0.0006823091617794296
156116289986#249652232743,0,0,6.389432364415982e-05
1479236028#1479236024,0,0,0.0002176123460687211
1667288610#2059397275,0,0,0.00593230544539252
4450784429#2162682667,0,0,0.008698346721251022
4705427870#2070686849,0,0,0.0023489895601843482
4232728984#4526688596,0,0,0.002731010615839003
69607735174#88520940864,0,1,0.5900859550303917
4572636292#4479070818,0,0,0.1553733409651439
6013639039#2055298458,0,0,0.003363489465086607
4232666143#4231111906,0,0,0.010069634419648645
4636041770#4636508845,0,1,0.9652617996099636
2177416829#2119493181,0,0,0.00014835193863809289
3485676898#1727736762,0,0,0.05080633527789713
2054736144#2112891471,0,0,0.0008293866559340514
3870637640#4633378534,0,0,0.0034647156223371225
3081986781#4728076352,0,1,0.9151758037207633
2057858826#1614597826,0,0,0.00882988884692315
3860775024#1429413488,0,1,0.9572460485430112
4188977524#3487828519,0,0,0.07911296461600581
3072564418#3903280567,0,0,0.004393863053843193
4451288784#50016874555,0,0,0.0018905625376497049
4444948728#4584646241,0,0,0.004170226632219153
4451288784#4442900590,0,0,2.9376463551666123e-07
3054084564#3060607943,1,0,0.002138815475606188
4077027238#3816455026,0,1,0.779308023050542
3629624977#3580539229,0,0,1.9518900806220516e-07
37959222365#4327866563,0,0,0.04295416941643788
2069985286#2296574953,0,0,0.00360467338649538
2056478070#2296451977,0,0,0.0008504336021898704
2455894769#3610178183,0,0,0.039929344771709466
4636041774#3120043199,0,0,0.028986339089174827
2016866285#2150886701,0,0,0.003817699203944099
4219594137#4206310186,0,0,0.301498365130367
6633392282#2219112205,0,0,0.00360467338649538
1640284457#4209814745,0,0,0.00360467338649538
1656969937#146011937628,0,0,0.00671552024030967
4165922067#2283920901,0,0,0.006550663326167689
2068654074#2297005450,1,0,0.02391307138341556
4232471781#2027457810,0,0,0.013856129316527329
4469027502#18468082722,1,0,0.00019264048461412482
18466210670#4680095395,0,0,0.001991215504409073
3942084480#3052165975,0,0,0.003384704387159871
18466354888#4590233117,0,0,1.6010172468092202e-06
415654814203#492316061640,0,1,0.6379370669174071
3418808235#2111818909,0,0,0.013838008046832067
69055007639#3487828519,0,0,0.024496321145856703
1347237190#4899954714,0,0,0.00360467338649538
2071793223#2058563113,0,0,0.003384704387159871
5199216301#50016874555,0,0,0.0028497697807617277
5352675624#5210259386,1,0,0.044563838356599654
2065023453#2065023444,0,0,0.005560803961504291
50602309472#2016866277,0,0,0.0048671273141327066
3602134198#3591598900,0,0,0.00918395125912137
4435586554#4285709207,0,0,0.001996712905628805
2077171978#2051253311,0,0,0.0007122020297462978
4938690872#4534359957,0,0,0.00360467338649538
4643809596#2296574953,0,0,0.0002327655931143366
2026258520#2026258519,0,0,0.0018462740337556814
2740883313#4442444769,0,0,0.00360467338649538
1403928333#1684806079,0,0,0.016334229212549768
5210259474#5199216300,0,0,0.044563838356599654
3016942950#4031814900,0,0,0.002822747073608813
1453527936#3474743878,0,0,0.0017518955588437864
3993041966#4825375981,0,0,0.002822747073608813
4479070818#373850283306,0,0,0.008276153974884548
1638853392#2057552209,0,0,0.0009322271690905214
1944864795#3761153782,0,0,0.0024393990473365384
2118965491#1417009342,0,0,6.646614531117313e-05
5206198663#3053472155,0,1,0.8792840316470775
4036848581#4108691753,0,0,0.00360467338649538
2119398744#2111350136,1,0,0.00743252215075202
2088554701#146011948003,0,0,0.004327139332441708
4946289727#1640284457,0,0,0.001469978912410353
3648903741#4226659635,0,0,0.00360467338649538
4057038032#4157551094,0,0,0.00360467338649538
1708981181#18466601978,0,0,0.0006369814423985529
1914706723#1736318365,0,0,0.000754015764076921
183335907108#18466601978,0,0,0.0060961663662953535
2056478070#2070627808,0,0,0.00017030182137700892
4206177048#1830214692,0,0,0.08681197487180008
2065023459#2065023449,0,0,0.005560803961504291
146011937628#2088554701,0,0,0.004327139332441708
4447023801#3729925561,0,0,0.003682219749288506
4553673830#1716261756,0,0,0.00894729757317498
2074388205#5010064143,0,0,0.002444511586649837
4643941609#2296537627,0,1,0.5301582979161926
1667001955#4728076352,0,0,0.00360467338649538
18468695966#5199216295,0,0,0.040896166372763054
12910266318#114401992972,0,0,0.0012727255097879158
4043193319#2973532517,0,0,0.0014290755817533013
2973532517#114693583065,0,0,0.0031415061221798956
3278113988#69607735174,0,0,0.11880721727846645
2114390938#1834023606,0,0,0.003384704387159871
2060192911#2128656141,0,0,0.00360467338649538
4165283827#4435666805,1,0,0.011664915687272806
4155642921#1429413488,0,0,0.00360467338649538
2138881484#2027457633,0,0,0.054074437418826476
5210263415#5354187271,1,0,0.07565880652556298
430837878381#18466601978,0,0,0.0018291166913919428
4590233117#4385069368,0,0,0.0013637144687669454
1639253622#4452228094,0,0,0.004333888264602923
4232728984#1453527936,0,0,0.3223849315706306
4451288784#2058531412,0,0,0.002976421306243415
2081884594#4824054256,1,1,0.9996875388822033
1888052790#2098280462,0,1,0.5363829077720248
4442900590#3446029032,0,0,0.0022043468062121047
5010064143#1590547354,0,0,0.0026326159912027714
1665894324#3290768654,0,0,0.0019175251974598282
117154450703#3230219871,0,0,0.00816066517191208
4108649868#2063057962,0,0,0.010170081216852455
1429413488#4077027238,0,1,0.9239830346010336
1627677359#4391919171,0,0,0.003346787981879864
1759198080#2055626030,1,0,0.004507723423950028
1834023606#1780636692,0,0,0.001269410988787622
3033446767#4898730640,0,0,0.010293635186145877
4108691753#2150886701,0,0,0.002822747073608813
3395466908#135028851546,0,0,0.0007337201622971584
29607392514#3927439605,0,0,0.006405120419072741
4232471781#4018083310,0,0,0.00360467338649538
3715869354#4261128456,0,0,0.0410039185562216
4209814745#1537709317,0,0,0.00360467338649538
2062285767#1432014682,0,0,0.00035612964496732575
1805614122#1723151709,0,0,0.1281749763008073
14613588147#2113712804,0,0,0.07821628669710408
178615973311#4241366976,0,0,0.003961625302895147
2119388082#2137028345,0,0,0.008276153974884548
4420971756#2118965491,0,0,0.0015107755779931093
3591598898#3601857963,0,0,0.007739594132669186
2117971399#3043036534,0,0,0.024787363383434017
4348295931#2056078364,0,0,0.00010270181544968848
1479236025#1479236027,0,0,8.151184379634994e-05
3629624977#4254790911,0,0,0.00211714317738269
4703840109#3580539229,0,0,0.003705546446645779
3972742243#3602134198,0,0,0.020528170182674884
1778986389#1638853392,0,0,0.0019118823431890646
1500161456#4219594137,0,0,0.005383819478765542
2058531412#18467725403,0,0,0.001876716888751413
4726073967#81553005637,0,0,0.014006071279950797
4065797638#3289002505,0,0,0.07470673135754563
1665894324#87008148161,0,0,0.003671466361749725
3993296567#4006530352,0,0,0.004945003467254649
4548461997#2027839123,0,0,0.0034975031924619746
4071233134#4176537188,0,0,0.003596259159020583
2058663034#4221651134,0,0,0.00360467338649538
1656969942#138960910846,0,0,0.047591589489407476
4589775642#4530026053,0,0,0.01212636379320993
29299658960#4447023767,0,0,0.0020709406585614804
135028851546#2165015488,0,0,0.0033061214132403655
4108649868#4036848581,0,1,0.9594619489055239
3047031444#3108657350,0,0,0.003384704387159871
4254790911#44498925795,0,0,0.0022504523034966146
3081749686#3052165975,1,0,0.007634119491847249
156116289986#156273955489,0,0,0.02852514051869061
2057082463#4825375981,0,0,0.023519417294119247
1417009342#2056727309,0,0,0.012665040554746819
4589775642#4589830735,0,0,0.00042863658619781314
4705427870#5185529458,0,0,0.002061127628652976
4824054256#5185529458,0,0,0.008027710474325536
9062983415#2113712804,0,0,0.08984168624213422
44498925795#2162682667,0,0,0.00360467338649538
2128656141#2056520022,0,0,0.00360467338649538
90189178714#4792436579,0,0,0.00360467338649538
109165560395#5210259474,0,0,0.0013774783534423586
1431887069#2057202352,1,0,0.0036685025550098013
3287136303#2268304430,0,0,0.005674732044223915
4589830735#4043193319,0,0,0.007055040352741655
1500161456#1453532038,0,0,0.006603541670394117
4643943359#2113093450,0,0,0.013185679182646189
4538375930#3926963318,0,0,0.0015084952633047373
4272843119#4411426624,0,0,0.00976877204291846
2339749085#2061244620,0,0,0.003855679876401881
4076081471#3287136303,0,0,0.005123343120669015
2056478070#6013639039,1,0,0.0029612385974765384
1565925308#1410164195,1,0,0.0001253040341969693
50016874555#126501897635,0,0,0.3243493755939037
2119478248#1415554755,0,0,0.004737119840641219
3289002505#3927439605,0,0,0.23937084658836316
3929215225#1492507866,0,0,0.00360467338649538
2051966916#1661790023,0,0,0.11125919432186838
5062861485#4065797638,0,0,0.0013774783534423586
1659519065#1696577548,0,0,3.1638851064049784e-08
4862024152#1965402836,0,0,0.008276153974884548
4623972834#4792436579,0,0,0.01153071032191511
4057038032#5169252503,0,0,0.00360467338649538
69609155599#69055008791,0,0,0.1782533929868935
1818675501#1696577548,0,0,0.000660331208029888
4391918874#1875282048,0,0,0.00149499695927134
4212827921#3770456617,0,0,0.0034975031924619746
2339749085#2219112205,0,0,0.00360467338649538
4589929428#2065023453,0,0,0.00360467338649538
314601336135#3072524524,0,0,0.0004590530623681849
379478718058#4838534990,0,0,0.0036456624768631605
18466354888#4590185312,0,0,1.6010172468092202e-06
1431851220#1446739157,0,0,0.0028104757477351726
2058278464#2057211704,0,0,0.0030343225827814974
3612961288#4455655369,0,1,0.739268895877237
4877560558#4226781300,0,0,0.06422556318938842
4285617569#3995923367,0,0,0.0005092239275073857
1693941156#1746603523,1,1,0.5119080974449756
1537709306#3551952830,0,0,0.0026488555878673853
2055298458#3926967278,0,0,0.0018096834535953632
2088439298#2117971399,1,0,0.0240819530354229
2057120547#2057120532,0,0,1.581409210430609e-05
4272843119#1453527936,0,0,0.002976421306243415
564144132292#4232471781,0,0,0.00789651806314362
4862024152#2075393157,0,0,0.0005064434499900132
3474743878#3601857963,0,0,0.0030228952186500705
1417015453#2118965491,0,0,1.9216756786443137e-05
4998365450#4898730640,0,0,0.0014671915176546423
4316999113#4285491833,0,0,0.002170160618501509
2078213282#3053472155,0,1,0.9834002097983021
4542321633#3836576451,0,0,4.1698569062037024e-08
415654832276#455581610977,0,0,0.01898213708118572
4202053398#3245545040,0,0,0.0007998371640693503
2079578434#3915411982,0,0,0.0015202894571868762
5076405390#3054084564,0,0,0.0026488555878673853
1684806079#2054733437,0,0,0.011923642642592576
3913410158#4414530598,0,0,0.00360467338649538
1830525969#1818675501,0,0,0.15947312673040018
14613461654#2077171978,0,0,0.00068689180838572
1505439079#14190297481,0,0,0.0030065525875429123
4150903702#4202053398,0,0,0.001261149702219147
5094736780#7161173338,0,0,6.890462874436831e-05
2063878463#4938690872,0,0,0.013773584365250913
4623934568#4590233117,0,0,0.0018168291237685853
109765155485#1944864795,0,0,0.0044455226900996505
2011670508#1423044582,1,1,0.9993368871896621
2296537627#4090681438,0,0,0.022954775460737775
5169253299#5169257472,0,0,0.0017708931951713306
1716261756#2055581605,0,0,0.0024820817873408016
3628839716#3513178266,0,0,0.03332737553948505
1701593387#2062285767,0,0,3.2957238811670812e-06
4129059855#4792436579,0,0,0.01065290222139648
3652959253#76198377822,0,0,0.00360467338649538
2078213282#3020557801,0,0,0.00360467338649538
4242696539#2113288221,0,0,0.013828140644710616
2069985286#373850283306,0,0,0.006777661154347492
2067179166#4575249992,0,0,0.002822747073608813
3047031444#3046471496,1,0,0.0015041071452337577
2071793223#4450968363,0,0,0.003384704387159871
2071864814#4943818903,0,0,0.00360467338649538
4532014296#4526688596,0,0,0.00023799025962210812
3836576451#3836992879,0,0,0.0038468767742417783
117277915830#114453608394,0,0,0.0009169752660642638
1640284457#1423044582,0,1,0.7159403835288465
4728076352#5206198663,0,1,0.9151758037207633
3712801411#3278113988,1,1,0.8321692372108623
4436356008#2114716134,0,0,0.020610212512997897
1347237190#46983614517,0,0,0.0014345094096612193
2359572372#2165015466,0,0,0.0020411448193348833
5352675624#190330815066,0,0,0.00014078180103213546
4877560558#4529171947,0,0,0.0022652478559297726
1549897545#37959222365,0,0,0.00360467338649538
2060290691#5169257472,0,0,0.00360467338649538
2114716134#3903289669,0,0,0.005247161532975248
3601857963#4259293142,0,0,0.005339518231379666
1723151709#4451342530,0,0,0.005451818897705351
1661790023#1326198016,1,1,0.9718147324423672
4992689820#4511530729,0,0,0.2857278888330416
4451342506#4261185678,0,0,0.029900418758070136
2061309885#1431887069,0,0,1.5730387571944928e-06
2027457805#2113712804,0,0,0.054074437418826476
4735432768#3913419748,0,0,0.00021050585009956777
3628839716#3436663620,0,0,0.12632857294095906
564144132292#2058494409,0,0,0.0012943796348710852
146011948003#1656969942,0,0,0.002382984181728123
36551936093#4199527734,0,0,0.0009897956387733657
1537709317#2338916683,1,0,0.06630308357168992
121528725386#3591598893,0,0,0.0058502334269867505
156117434515#1550894049,0,0,0.0014671915176546423
2057186102#2057186115,0,0,2.1953182580205476e-05
3055561351#2662986035,0,0,0.0018091763344959158
3633572726#2092610533,0,0,0.1126439818422363
3494236195#3870637640,0,0,0.00460823522483548
2111350136#2111349786,0,0,0.0020321979260938894
4226781300#4529171947,0,0,0.013376868514296236
3551952830#4209814745,0,0,0.01019386363043255
4024663252#4451124306,1,0,0.0009217014674455352
18466522141#4261185678,0,0,0.0004288727797524016
2057082463#3995923367,0,0,0.0025720845125269307
1634250118#4455408499,0,0,0.002319193907537371
4538335537#2165145983,0,0,0.00187998758409938
2063839578#2150886701,0,0,0.002738808558692919
4219594137#4219594127,0,0,0.0024588928840795815
90189178714#3633572726,0,0,0.00360467338649538
2098280462#5206198663,0,0,0.007208116438177056
4283786658#106190147770,0,0,0.039777774772361864
50016874555#4591638149,0,0,0.014528863880721778
4232728984#2115678997,0,0,0.0007091088400857904
2081884594#2137028345,0,0,0.00438394359873716
4828655959#3418808231,0,0,0.08783102530435484
2057202352#2054736144,0,0,0.0015006851243736
364662567901#1746603523,0,0,0.45026745258218226
3487828519#4150903702,0,0,0.0028418337314953463
5199216300#5199216301,0,0,0.0016881157282424637
1556785910#4591638149,0,0,0.00360467338649538
1693941156#2296537627,0,0,0.0025669226515563598
4636041774#4636382579,0,1,0.9652617996099636
1736318365#4286394339,0,0,0.003363109277398625
4943818903#3806980943,1,0,0.06773139951316547
1326198015#2055601072,0,0,0.0044322407413955114
4705427870#1565925307,0,0,0.003125271927430015
5209073343#3715240690,0,1,0.6611742673054901
3986575237#4072366761,1,1,0.9829221696392657
2055626031#2055626033,0,0,0.0008955150720931874
1425289196#4720990749,0,0,0.015798055850574703
1318626251#2063572073,0,0,0.0008977364242812526
1659519065#1780636702,1,0,0.0025007512691394237
4129173722#1762522969,0,0,0.005674732044223915
4346970606#1816427366,0,0,0.04989332113997942
117873856741#4624086112,0,0,0.011980894472268184
88520940864#87008148161,0,1,0.5395731267552947
3446029032#2063572073,0,0,0.01879561807374992
2071793223#1733350200,0,0,0.00360467338649538
4181867888#109765155485,0,0,0.0038312874874237126
4657354263#4256622048,0,0,0.005114419230558561
3995923367#3050152494,0,0,0.00360467338649538
4944579314#5194366020,0,0,0.002475457272762694
2060290691#1661790023,0,0,0.0020697115920240245
190330815066#210012116583,1,0,0.4674549474677259
2054734592#2120518542,0,0,0.00551574448478127
2115662086#4232471781,0,0,0.0016757989663467648
3610178183#2060042758,0,0,0.00360467338649538
4542321633#3836992879,0,0,2.219309190166378e-06
2122362220#4286394339,0,0,0.007584867776012891
2119493181#1701593387,0,0,0.004532245880713871
2057211704#2056727309,0,0,0.0070062707209222735
6633392282#3083904084,0,0,0.0013843029535011854
4877560558#2117971399,0,0,0.0024820817873408016
4232666143#4657354263,1,0,0.013856129316527329
4242849949#4232728984,0,0,0.0002219375985739628
4436356008#2059397275,0,0,0.00012833744177791426
2061352093#4274088675,0,0,0.00360467338649538
3915411982#4185429549,0,0,0.0025642181831203857
4973150488#14613466961,0,0,0.0020141406545296616
187508564338#2111346464,0,0,0.00360467338649538
4623972652#2011670508,0,0,0.01932791907059058
146778888902#2117931367,0,0,0.0013931065611139206
3903280581#3591598893,1,0,0.027697614137338098
2059125338#2059977717,0,0,0.004118743060798772
1912538880#1780636692,0,0,0.00360467338649538
4436356008#2098280462,0,0,0.010929365064384227
1590408241#1778796425,0,0,0.00360467338649538
1659519065#4720990748,0,0,4.146762109079972e-08
4897454823#107725296889,0,0,0.007462589341681859
1710182160#2062633327,0,0,0.0028623787131831155
2119478248#2057986140,0,0,0.00360467338649538
4810275464#2057120547,0,0,0.0013707478835957862
5206198663#4259293142,0,0,0.4240528512689833
1816427371#3363359849,0,0,0.00047650457734301047
1627677359#2055298458,0,0,0.007890238514862797
3972766136#3993296567,0,0,0.09586899943666384
1778563597#2027839123,0,0,0.00360467338649538
1431851220#2060836540,0,0,0.00360467338649538
307410722133#3816455026,0,0,0.00360467338649538
4199527734#3052760872,0,0,0.00251490217717991
4572636292#4435566465,1,0,0.11736984168392335
4385184737#1537709306,0,0,0.0024820817873408016
430837878381#2060042758,0,0,0.005788562174246181
4768693982#2062285767,0,0,0.0014671915176546423
2057352941#1778986389,0,0,0.009779690974484499
4165283827#4219594127,0,0,0.008156860911440862
81902710995#4636382579,0,0,0.013312629963791997
2111350136#2114716134,0,0,0.0020369601745202437
1736318365#3809186919,0,0,0.0002354549453099803
4750249486#4810275464,0,0,0.001298812755006541
1319944364#1533725661,0,0,0.01115636778287985
1830214692#3628839717,0,0,0.00360467338649538
1590408241#3706865825,0,0,0.0016757989663467648
152713369272#3610178183,0,0,0.039929344771709466
2056156370#1303518148,0,0,0.0032426693085373143
3240377870#2058258958,0,0,0.00360467338649538
3045580653#1463883823,0,0,0.014813996184503443
2011670508#2070025653,0,1,0.991501599193846
4071233134#4451288784,1,0,3.4406802909094587e-05
3287136303#5010035639,0,0,0.008148291529719014
2050581826#50016874555,0,0,0.00360467338649538
3806980943#3766757689,0,0,6.680407524795738e-05
1710182160#14613588147,0,0,0.0016633509111838327
2113712804#2027457810,0,0,0.054074437418826476
2065023444#2065023449,0,0,0.005560803961504291
14613464513#4129173722,0,0,0.0023126057374514898
1479236025#1320992608,0,0,0.017440815890905487
174006932062#2077171978,0,0,0.00360467338649538
210012116583#156116289986,0,0,0.0031699407393920584
2063706226#2296451977,0,0,0.0007239146617188247
3836676657#3836992879,0,0,9.967847560433039e-08
121528725386#1533725661,0,0,0.0048671273141327066
156117434515#183335907108,0,1,0.7158934690134782
4897454488#2055601072,0,0,0.001852602964703163
4451342530#4897454488,0,0,0.018575258783366244
2056727309#1646205905,0,0,0.0012394416073865672
4006530352#4018083310,0,0,0.023659280644363134
4479070818#2113712804,0,0,0.005087294126934776
1743052872#3050152494,0,0,0.00478574980465881
4808240601#4035397646,0,0,0.015275510880766272
4065797638#3501315747,0,0,0.18202334788125693
69055007639#69055008791,0,1,0.7559274939328079
5194582482#1556785910,0,0,0.00360467338649538
4077473357#3446029030,0,0,0.0073922677572657155
2051966916#1326198016,0,0,0.11125919432186838
4451089335#3612961288,0,0,0.03594842445898407
2150886701#2063888292,1,1,0.9976204800382755
3641396498#4436356008,0,0,0.020829826680962532
3501315747#4150903702,0,1,0.9940700829441331
4242849949#2118965491,0,0,0.003384704387159871
9746294364#3487828531,0,0,0.007434052066538665
4509158303#3949154929,0,0,0.01035524452593224
4825375981#4897862520,0,0,0.2583308790570504
4665681736#4728076352,1,1,0.9919835781033721
1805614122#1303518148,0,0,0.0010825872931554622
2056078364#2016866285,0,0,0.00015444939554092737
4643943359#5352185903,0,0,0.016541877157631904
54158063899#81902710995,0,0,0.00360467338649538
4897454488#4898730640,0,0,0.00023292199048381926
2119398744#2165015466,0,0,0.00043007634156063616
2057898501#2055946248,1,0,0.06918998528964632
3862453322#3072525687,0,0,0.0009875151370209278
4215058789#3319075608,0,0,0.003832648746071667
2027839123#4354044382,0,0,0.000942488737258787
7161172305#5094736780,0,0,6.20887316022454e-05
3240377870#4479096850,0,0,0.00360467338649538
3046447657#4435666805,0,0,2.1705087624241623e-05
4231111906#4226659635,0,0,0.010069634419648645
3648903741#3415143762,0,0,0.002874953395598097
2066535766#3629624977,0,0,0.00360467338649538
4159034451#3995923367,0,0,0.0010229641546105825
4241366976#4354044382,0,0,0.0034975031924619746
4455655369#1758869231,0,0,0.15654904283928217
5352675624#3120043199,0,0,0.003384704387159871
37959222365#1638853392,0,0,0.009708596626680395
2056520022#2057202352,0,0,0.0015006851243736
2071751695#3402256673,0,0,0.0013774783534423586
3474685542#3513178266,0,0,0.02580199598117815
4436356008#4316370583,0,0,0.0024775720201708233
2057082379#4877560558,1,1,0.9999998595212527
3436663620#3513178266,0,0,0.0011684282995174937
4285491833#1906908670,0,0,0.0031699407393920584
1479236028#1479236025,0,0,0.2217554974025457
2063878463#1316070394,0,0,0.004543424589716375
5210260401#5352185903,0,0,0.0017718442397921177
2056078364#2177416829,0,0,0.00014835193863809289
212394033260#208339001895,0,0,0.003850974212595567
174006932062#3591598893,0,0,0.0048671273141327066
2671772709#4272885125,0,0,0.002976421306243415
2057211704#18466210670,0,0,0.012530906736936147
2219112205#3017056355,1,0,0.0006516512107134334
173652977366#197910587768,0,0,0.0008252040349926677
3043036534#1723151709,0,1,0.8134289479553908
114453608394#4768693982,0,0,0.009688644725416189
4391919171#3816455026,0,0,0.00360467338649538
1726591551#138960910846,0,0,0.002976421306243415
3077307902#2640338192,0,0,0.00360467338649538
1533725661#1349608070,0,0,0.0006761209095647059
2057275313#2071793223,0,0,0.0012395524618286711
4259293142#2078213282,1,1,0.9669830958950465
4657354263#4862024152,0,0,0.003066024733995526
4215058789#4808240616,0,0,0.0014671915176546423
4606793746#4828653957,0,0,0.23868849577574486
3972766136#1453527936,0,0,0.006612382912990817
4589830735#3077743360,0,0,0.022688904667904016
2027457805#2027457810,0,1,0.845192286826624
4860360403#1778796425,0,0,0.00360467338649538
1434305170#4538332005,0,0,0.002401389949062063
4285617569#1474190672,0,0,0.0018975546698711463
1416528046#3988152389,0,0,0.00360467338649538
4129059855#3612961288,1,0,0.4478541972065219
12910266318#52346437064,1,0,0.09819733027373057
2062285767#4635981164,1,0,0.0005734606171458225
2057082463#4720990749,0,0,0.005943423822292301
1474190672#3046471496,0,0,0.005785570940313815
2075393157#4436356008,0,0,0.005667137894373112
2057186115#2057186168,0,0,1.8166985133546185e-06
2114716134#2165015488,0,0,0.030822402946333073
4691126574#4168332323,0,0,0.4151548275213506
3474685542#1592367367,0,0,0.0021240541904650745
4643941609#18467725403,0,0,0.20232963823253103
2114279054#3496048657,0,0,0.0023664887641882603
3648904752#3729925561,0,0,0.01790769822552015
1434312727#1425289196,0,0,0.0004347613295930797
1479236023#1479236028,0,0,8.151184379634994e-05
4272887201#4317041484,0,0,0.07970938114661726
1637980981#2114716134,0,0,0.003793624514754959
76198377822#4877560558,0,1,0.9999937441829075
2059977717#2111038059,0,0,0.004118743060798772
1600123318#5352675624,0,0,0.00360467338649538
2059124838#3023688258,0,0,0.016701584046812303
4199527734#1805614122,0,0,0.00360467338649538
1354017991#2060836540,0,0,0.0005852141536586737
1712137054#245814065042,0,0,0.00402660838754323
4165922067#4215058789,0,0,0.015254816626389604
4898730640#4511530729,0,0,0.029935754942798747
2079578434#2143152116,0,0,0.0014612887521777867
2079578434#2060192911,0,0,0.0027430130574807618
1758869231#7161173338,0,0,7.764449865816789e-05
1727736761#3495408683,0,0,0.0016341953279515476
1425598204#1505439079,0,1,0.8748298542612067
2072319821#2740883313,1,1,0.9737421986666165
4828655959#4401898255,0,0,0.023043856139796134
4451342530#107725296889,0,0,0.016135999501631984
3602134198#3591598893,0,0,0.007739594132669186
2268304430#3016942950,0,0,0.17829233722462265
114693583065#121528725386,0,0,0.10224416772118884
3591598893#124657516337,0,0,0.004166382398121358
2075393157#4643809596,1,0,0.002150843166118964
4327866563#156117434515,0,1,0.9994185244899937
2027457810#4636508845,0,1,0.8653880111060812
1614597826#2066977172,0,0,0.00360467338649538
249652232743#2111346464,0,0,0.002330456787656821
3715785447#3715869354,0,0,0.019001223758397082
4272843119#4526688598,0,0,0.00360467338649538
3633495980#2063839578,0,0,0.028694491096426338
4705427861#4705427870,0,0,0.00019111169792571632
430837878381#4538375930,0,0,0.001037026619364598
4181867888#3929215225,0,0,0.00360467338649538
3931049291#4254790911,0,0,0.42920378160474243
1403216308#3363374184,0,0,0.0023612769969431884
1533725661#2059397275,0,0,0.0064874871667069435
3715877024#3715869354,0,0,0.0002933892480320111
1565925308#1878732185,0,0,0.00017979787232242736
146778888902#146777938215,0,0,0.0003022195639753483
2063057962#2060042758,0,0,0.015266689986770669
2026069710#3289002505,0,0,0.0008566597325545329
3946838650#4448697469,0,1,0.5239886390863888
4450968363#2112250533,0,0,0.0066718807080434536
2058531412#1416827061,0,0,0.0014671915176546423
3715869354#4031814900,0,0,0.019001223758397082
3972766136#2523741989,0,0,0.0046667553084834305
2268287413#2359348328,0,0,0.41183547483157085
1659951159#4720990748,0,0,0.0014896634551254172
4623934568#4205438611,0,0,0.0011110114369883512
2063572073#2071793223,0,0,0.0012395524618286711
3451234547#3628839717,0,0,0.03332737553948505
3053472155#1667288610,0,0,0.012746849134313985
4272885125#1912538880,0,0,0.02143029704475851
1660889815#3445905086,0,0,0.00360467338649538
1726591551#2120525705,1,0,0.00877589593079517
2296574953#3395466908,0,0,0.0010261435621420369
3043036534#3461052410,0,0,0.18572706614138815
1812202957#4272843119,0,0,0.016622760066617708
2060189370#4534359957,0,0,0.0015846002849929423
4231111906#4657354263,0,0,0.013856129316527329
3602134198#3601857963,0,0,0.3109872329550552
2055626031#1929467433,0,0,0.00360467338649538
2115662086#2068436073,1,1,0.9857407572900574
1432014682#2066535766,1,0,0.03863419660320202
4589929428#2165015488,0,0,0.00360467338649538
4511530729#2143152116,0,0,0.0028663208685677476
52346437064#18465721026,0,0,0.002670619746191848
2162682667#5067776785,0,0,0.004928598793526591
3287633018#203654552716,0,0,0.007099666711166434
3578109143#203654552716,0,0,0.010077092036497749
4391918874#4391919171,0,0,0.0012583435148423624
3973253490#1372557160,0,0,0.00360467338649538
4221651134#90189177809,0,0,0.00360467338649538
2340035845#4205424867,0,0,0.0021504471975127342
4179651570#2281691154,0,1,0.5275844215322615
4742698844#1354017991,0,0,0.005101720980498968
2057082463#2057082379,0,1,0.8140948003870809
4297145562#4945702240,0,1,0.87991038246912
2165015466#2114716134,0,0,0.0014092540202666278
1423044582#2070025653,0,1,0.5499008308663975
200569781240#3633495980,0,0,0.00360467338649538
4720990749#156276503685,0,0,0.00011679382999794606
415654814203#415654832276,0,1,0.995182117241309
2055601072#2060290691,0,0,0.0013123984536509714
1590527066#18467669365,0,0,0.0024820817873408016
5169257472#5169252503,0,0,0.008839530809456429
4808180492#4808240601,0,0,0.0005148073035243699
4943818903#114401992972,0,0,0.0010705678787546918
2074388205#2056929980,1,1,0.6389746661848106
5169252712#5169252503,0,0,0.002721312286712728
156276601478#2016866285,0,0,0.00360467338649538
2120518542#1410164195,0,0,0.002067714147945843
2181531828#2183968048,0,0,0.030220741835331355
2057112219#1614597826,0,0,0.00360467338649538
3474685537#3513178266,0,0,0.02580199598117815
4256906448#178615973311,0,0,0.0016125872492179269
4636508851#2027457810,0,1,0.983150023753621
1634282666#1778563595,0,0,0.008574879713539816
2050840604#2066246683,0,0,0.004048731539725588
2063873633#2057186168,0,0,0.0006886504005709273
1590527066#1556785910,0,0,0.00360467338649538
2113288221#2165015488,0,0,0.001674241240134816
2122362220#4285709207,0,0,0.0014018214371936178
3474685542#5123189265,0,0,0.0022467563669450142
2359348328#2067179166,1,0,0.16554497317335298
2057186102#2057120532,0,0,0.00018689268671887588
4219594127#2050429337,1,0,0.03099701622389638
4526688598#415654832276,0,0,0.003596259159020583
4261128456#4031814900,0,0,0.00436144916364618
4199527734#3929215225,0,0,0.00360467338649538
3525475722#14613461939,0,0,0.023638275389943477
4451124306#4215027256,0,0,0.002331142439915338
3715877024#1456843034,0,0,0.00360467338649538
4435666805#4206310186,1,0,0.301498365130367
3621799271#4774992939,0,0,0.053701248644871434
2061673563#4726073967,0,0,0.014905602902216873
1347237190#1701470611,0,0,0.0019467796642059561
2115678997#1430989592,0,0,0.0023093381897183705
1736318365#3621799271,0,0,0.00251490217717991
3055561351#1903466347,0,0,0.005238987012628088
2055946248#2111038059,0,0,0.00810017343893472
3846877365#3715869354,0,0,0.00360467338649538
2640338192#3290768654,0,1,0.6605247506840947
4451124293#4465664542,0,0,6.312481845069546e-07
3692826364#1431851220,0,0,0.0028497697807617277
4742698844#3993296567,0,0,0.00360467338649538
1646205905#1417009342,0,0,0.00019083313379637462
3072564418#1549897545,0,0,0.014263901465331855
3809186919#5209073343,0,0,0.00360467338649538
2117971015#4145496082,0,0,0.03530506387754068
4705427870#190330815066,0,0,0.004213403983655202
4165151066#3023688258,0,0,0.00360467338649538
3648904752#4272885125,0,0,0.0149433295005328
1308273301#5078702464,0,0,0.00570967629837916
2061352093#3610178183,0,0,0.00360467338649538
3629624977#3913419748,0,0,0.00021050585009956777
2060189370#2060836540,0,0,0.002196680496997661
2068611560#2296574953,1,0,0.03262419448689885
87008148161#90189178714,0,1,0.8736233635583301
138961977066#18465721026,0,0,0.0008521762405919695
4327866563#4043193319,0,1,0.8242100536188528
4878579203#3083904084,0,0,0.0027860348961911098
178615973311#4448830722,0,0,0.000708668133115911
2117971015#2150886701,0,0,0.12442993930092328
1326198015#3285703159,0,0,0.008998809811154687
4643943359#6013639039,0,0,3.7876805983701575e-06
2026258519#3896058143,0,0,0.005628543593455957
3451234547#3513178266,0,1,0.8185124105777227
4231111906#46983614517,0,0,0.00360467338649538
4161509156#4691126574,0,0,0.4151548275213506
1701593387#1432014682,0,0,6.723437316080368e-05
3487828519#3487828531,0,0,0.03787380248057848
2296537627#18467669365,0,0,0.0014117312441842532
2058258958#1537709306,0,0,0.005506106588077894
2296451977#5210259386,0,0,0.0011594061442111046
2296451977#4065797640,0,0,0.0013774783534423586
5185529458#4529171947,0,0,0.2868887569779343
4188977524#3501315747,0,1,0.9940700829441331
3931049291#3056884476,0,0,0.014301576147512759
1492507866#3602134198,0,0,0.004615258233347807
2114390938#1639275755,0,0,0.004252235590174879
3052169593#3052760872,0,0,0.001990595222523473
2056727309#18466522141,0,0,0.004643164950963056
1778563597#1634282666,0,0,0.008574879713539816
3240377870#4452228094,0,0,0.00362731460714847
4057038032#3997209484,0,0,0.00360467338649538
1416827061#2080829137,0,0,0.00360467338649538
69055007639#69609155599,0,0,0.1782533929868935
4451342530#2070691342,0,0,0.0010229641546105825
3525475722#2455800880,0,1,0.684995639533436
10175162517#9746294364,1,0,0.03483357832334916
1417009342#1417015453,0,0,2.1970939264640794e-05
4209814745#1537709306,0,0,0.00360467338649538
2057552209#3580539229,0,0,0.0010204618568865683
3055561351#156117434515,0,0,0.006921759188870114
4575249992#4757328062,0,0,0.0061931050168576125
5169257472#138961977066,0,0,0.0022909822739359707
4808238795#2058663034,0,0,0.014151859263731205
3578109143#2072319821,0,0,0.010061278949894023
3054084564#53263231637,0,0,0.3544590793895578
4411426624#3683502845,0,0,0.0342171468053022
106190147770#47752312088,0,0,0.004474556681715583
4231111906#4232471781,0,0,0.006069895033940924
455581610977#492316061640,0,1,0.6054212516160005
87008148161#90189177932,0,1,0.8736233635583301
2055626031#1659951159,0,0,0.0023571209262100625
117873856741#3120043199,0,0,0.027259872369801735
4415227218#2056156370,0,0,0.0021120103773786107
2138881484#5121642074,0,0,0.00014412583156868007
4947650145#3043036534,0,0,3.132422001640715e-05
5210259386#2283920901,0,0,0.0013774783534423586
4226659634#4231111906,0,0,0.010069634419648645
4188896319#4065797640,0,0,0.2579253935662654
2150886701#2079578434,0,0,0.0031131660047521094
1552378116#4804117485,0,0,0.45756963091032343
114453608394#1882929309,0,0,0.00360467338649538
14190297481#52346437064,0,0,0.06337725468176487
1727736762#1778563597,0,1,0.9500634930058396
4436356008#4623788579,0,0,0.013050004443632596
4705427861#4357742929,0,0,9.119714496836748e-05
4716857454#3926967278,0,0,0.002822747073608813
29299658960#2068654074,0,0,0.0002923867899775086
1774582761#379478718058,0,0,0.00360467338649538
2074388205#2072319821,0,0,0.00360467338649538
174006932062#2063839578,0,0,0.00360467338649538
3050152494#1558033119,0,0,0.0012896509330620847
2523741989#4272137501,0,0,0.00907592859260097
1446739157#1590527066,0,0,0.006148937676626518
2077171978#4878261986,0,0,0.003384704387159871
2077171978#1712137054,0,0,0.01281055855493706
4878082767#4878261986,0,1,0.9896703398079074
138961977066#5169252503,0,0,0.0022909822739359707
174006932062#3929215225,0,0,0.00360467338649538
2671772709#4691126574,0,0,0.009855420240437446
1535646713#4414530598,0,0,0.0032537648273542694
4506633524#2056078364,0,0,0.0031699407393920584
4526688596#4530026055,0,0,4.6129818772664723e-08
3033446767#2111818909,0,1,0.6706610208576135
3591598900#3591598893,0,0,0.007950812858825294
1834169653#227607176751,0,0,0.00360467338649538
4215038721#4215027256,1,0,0.002331142439915338
4435586554#4348295931,0,0,0.004133025725311193
4357742929#2016866285,0,0,0.00360467338649538
4316999082#4316999113,0,0,0.001240889581590988
2176434538#1878732185,0,0,0.0030350797171857175
2159160651#2117971399,0,0,0.0013769736729416621
1592253963#1696577548,0,0,0.0023594771373061894
232579778763#4973150488,0,0,0.0012110245463501285
1550894049#4205438611,0,0,0.0014671915176546423
1453527936#2115678997,1,0,0.018773094590413063
2065023459#2065023453,0,0,0.005560803961504291
47752312088#4755359264,0,0,0.005468879420010219
3418808231#1834169653,1,0,0.023043856139796134
2119388077#2183428945,0,0,0.17309957563311834
3461052410#3445564730,0,1,0.989477988252514
4526688598#4035397646,0,0,0.006565478201112046
4261128452#2057082379,0,0,0.022981422812791637
4181867888#3606108939,0,0,0.0027906017687637074
4157551094#1711846546,0,0,0.00360467338649538
4750249486#2069985286,0,0,0.00360467338649538
4448697469#4261128452,0,0,0.001998879650983109
4043193319#114453608394,0,0,0.0010228296843967954
4447023801#3997209484,0,0,0.002184876778084247
4232728984#2068436073,0,1,0.6996093034364167
4705427870#4828655959,0,0,0.003422496126657467
1667001955#3363359849,0,0,0.000978973952812664
2059109005#3446029032,0,0,0.0021586762030269403
138960910846#4205424867,0,0,0.002401389949062063
4897454823#4479096850,0,0,0.0025066052578803684
2455800880#2455842713,0,0,0.459623616634019
1417015453#109165560395,0,0,0.001764765925001643
2114279054#2058494409,0,0,0.013968566190620499
1778986389#1878732185,0,0,1.9916882529491025e-05
1318626251#373850283306,0,0,0.002822747073608813
5185244731#152713369272,0,0,0.00360467338649538
4643941609#18468695966,0,0,0.20232963823253103
3494236195#1634282666,0,0,0.0037834016142469936
2060290691#2058663034,0,0,0.0027170554393843717
4509158303#4391918874,0,0,0.0030278939522329126
14190297481#47752312088,1,0,0.17946060700138303
1712137054#4231111906,0,0,0.00360467338649538
2050840604#407966480507,0,0,0.00360467338649538
1885490974#3816455026,0,0,0.001388572893929907
370314330573#4878579203,0,0,0.00360467338649538
3903280586#3903280573,0,0,5.424768985883735e-05
2070686849#1667288610,0,0,0.0021889312493281496
4673557611#14190297481,0,0,0.006026584957216648
5206198663#2078213282,0,1,0.9927355571369147
370314330573#1483087858,0,0,0.0036626557209339665
2057573219#3461052410,0,0,0.00360467338649538
2056520022#1431887069,0,0,0.0011732987246087332
3766757689#2159160651,0,0,0.04091895510799457
4824054256#4090681438,0,0,0.00360467338649538
1590408241#4283786658,0,0,0.08469414244016328
4808238795#4720990747,0,0,0.020716281814847002
4636382579#1410164195,0,0,0.0012244102792589792
4538375930#3846877365,0,0,7.062867241600835e-05
138961977066#210012116583,0,0,0.027771200021842805
2060192911#2054733437,0,0,0.005382508670712477
146778888902#219547393842,1,0,0.0014423025043519633
114401992972#2119388077,0,0,0.024604210499021246
1347237190#4623934568,0,0,0.0016721362009943738
126501897635#1639325148,0,0,0.004615258233347807
2117967935#2066535766,0,0,0.0013745553218033565
1723151709#4952427189,0,0,0.00360467338649538
4506633524#1600123318,0,0,0.0003817999994473996
4386494215#4090681438,0,0,0.0021852128680322214
2057858826#2050581826,0,0,0.0039270576286552636
106190147770#3495408683,0,0,0.0029821142941420515
5169252503#18466210670,0,0,0.0017708931951713306
4776817109#5094736780,0,1,0.9984094075087786
2065023459#4662517140,0,0,0.0030350797171857175
183335907108#4180609537,0,0,0.026285561008044307
3485676898#1655427579,0,0,0.003906430901321299
3052169593#2115662086,0,0,0.06039870804619702
3289002505#4065797640,0,0,0.07470673135754563
4824054256#4705427870,0,0,0.0006232698815435043
4878082767#4526688596,0,0,0.00360467338649538
3896058143#4777051438,0,0,0.00360467338649538
1479236024#1320992607,1,0,0.04505949582435477
1656969942#2739075334,0,0,0.019503153130893656
200569781240#18467669365,0,0,0.0063007199244799
29607898384#2068654074,0,0,0.00048691925809479504
4206304466#1684806079,0,0,0.0032467802999131923
227607176751#1423044582,0,0,0.09063889716077297
2455842712#4283786658,0,0,0.00360467338649538
6633440508#1627677359,0,0,0.004686048966629049
1667032705#237523614768,0,0,0.0006362935842717187
3487828531#4150903702,0,0,0.0028418337314953463
4526688598#1639325148,0,0,0.0014671915176546423
406088738482#1483087858,0,0,0.37304704228526997
4274088675#4176537188,0,0,0.0007150075219238108
114693583065#1811511062,0,0,0.00360467338649538
9062983415#1592367367,0,1,0.9288996926415061
117154450703#3077743360,0,0,0.003384704387159871
2297005450#564144132292,0,0,0.0062544333626124195
3436663620#3451234547,0,0,0.0011684282995174937
4442900590#3742463975,1,0,3.889563714471357e-05
4636041770#54158093151,0,0,0.05187956215860346
3053472155#3240377870,0,0,0.00360467338649538
3862453322#2063888292,0,0,0.041844899841731203
4636522140#4532035181,0,0,0.0035204242723313036
81553005637#2061673563,0,0,0.014905602902216873
3072564418#3903280581,0,0,0.004393863053843193
114401992972#14190297481,0,0,0.004984314520155675
1403928333#2060192915,0,0,0.0032977053177376692
3632560565#1431851220,0,0,0.0049444762134032505
1372557160#114693583065,0,0,0.017533569589177088
4176537188#146011948003,0,0,0.00360467338649538
4435586554#4285491833,0,0,5.169467323159772e-08
249652232743#156273955489,0,0,1.6709982293136245e-05
3446029032#4077473357,0,0,0.0073922677572657155
4636522140#4444948728,0,1,0.6020651195836161
1774582761#5060996735,0,0,0.00285468807576227
2061441544#2283920901,0,0,0.004820784168991935
4452228094#3485676898,0,0,0.002976421306243415
1905948078#3580539229,0,0,0.002067714147945843
4006530352#2118643101,0,0,0.05033443552906079
3644272514#90189177809,0,0,0.00360467338649538
3633495980#3629624977,0,0,0.02896076849620908
54158093151#3934681694,0,1,0.9362605609956415
4465664542#2455842712,0,0,0.00036628934984105245
4202053398#4145496082,0,0,0.06797214503131527
4036848581#4052058734,0,0,0.018880360171397725
1639394625#5163452200,0,0,0.0029230671655099236
2057858826#2071793223,1,0,0.0012395524618286711
1712570793#47752312088,0,0,0.00360467338649538
1708981181#4005134611,0,0,0.021094689328965622
4036848581#1425598204,0,1,0.8993171703935718
2056520022#3230219871,0,0,0.0015668668607136764
309312101477#156273955489,0,0,4.4449256739203296e-05
2057120547#2076366005,0,0,0.00251490217717991
11087571368#4471122121,0,0,0.15692665121686705
2027457633#4636382579,0,1,0.9604094249226154
2065023453#1906908670,0,0,0.01127178594359055
107725296889#4897454488,0,0,0.013018834432268915
47752312088#3461052410,0,0,0.00360467338649538
4202053398#4897454510,0,0,0.000346671029217621
4391919171#4584646241,0,0,0.003338073188891156
2359348328#2123106282,0,0,0.003384704387159871
4808240601#4808238795,0,0,0.0005148073035243699
156117434515#2060836540,0,1,0.995271658558504
4514271066#4401898255,0,0,0.006081444102675569
3683502845#3445905086,1,1,0.9528735149954365
4196030610#152713369272,0,0,0.0003470952273673806
4065724850#4698569942,0,1,0.8865691134106507
4636446230#5163452200,0,0,0.0019479083208765156
2066246683#3809186919,0,0,0.011381270327891114
2115662086#307410722133,0,0,0.0011531856928309072
4878579203#4623972834,0,0,0.0027546840911537892
4356117363#2219112205,0,0,0.0006516512107134334
5210263415#29607898384,0,0,0.0028497697807617277
4317041484#1811511062,0,0,0.018204471461826653
4065797640#4150903702,1,0,0.18202334788125693
2057986140#2063057962,1,1,0.9920634290972363
2057685237#3973253490,0,0,0.004944885206736795
3083904084#379478718058,0,0,0.0036456624768631605
2068611560#6013639039,0,0,0.0029612385974765384
1758869231#4636143697,0,0,0.0021619993696399735
2359572372#3978215502,0,0,0.00360467338649538
1818675501#2112250533,0,0,0.07293736982276157
4346970606#2072319821,0,0,0.00387574432687957
4226781300#14613476507,0,0,0.06775730649145625
5123189260#3926741754,0,0,0.00360467338649538
370314330573#4469027502,0,0,0.0036626557209339665
3487828519#3942084480,0,0,0.0011642058490478387
4947650145#156274815378,0,0,0.0017642679844279766
4180609537#3016942950,0,0,0.001145893419899124
2947790103#2115880476,0,0,0.004488224910025633
2070025653#4946289727,0,0,0.004471195775557373
4790633062#4808240601,0,0,0.0005148073035243699
197910587768#117277915830,0,0,0.0008252040349926677
4899954714#4509158303,0,0,0.00360467338649538
2057858826#2060062994,0,0,0.0007275560435475514
2117967935#4232666143,0,0,0.00360467338649538
2112250533#109165560395,0,0,0.0012110245463501285
14613461939#2120525705,0,0,0.00360467338649538
4511530729#5067776785,0,0,0.09043286442591114
5078702464#3290768654,0,0,0.044366891478397855
2068436073#2115678997,0,0,0.03120242227368857
37959222365#1434312727,0,0,0.003384704387159871
4623788579#4623017083,0,0,0.0028497697807617277
2057202352#1431930648,0,0,0.0006328315664587783
3949154929#54158054598,0,0,0.004622977333352398
14613466961#124657516337,0,0,0.00360467338649538
5210260401#5210259386,0,0,0.044563838356599654
2063873633#4391918874,0,0,0.00360467338649538
2061673701#4415227218,0,0,0.0011076167647784177
4206177048#3606108939,0,0,0.00360467338649538
4635981164#1746603523,0,0,0.005339117911734719
4435666805#3913554478,0,0,0.005665232657980383
7161173338#173652977366,0,0,0.004118743060798772
1347237190#2117971399,0,0,0.00360467338649538
1416827061#1639324466,0,0,0.0014671915176546423
1638853392#1634282666,0,0,0.003899935497373827
3896058143#2112250533,0,0,0.002234474913778764
4043193319#6633392282,1,1,0.9993667079036053
4469027502#1483087859,0,0,1.4042167807068735e-06
3715240690#4090681438,0,0,0.00360467338649538
4065797640#4828655959,0,0,0.003384704387159871
3806980943#2027457810,0,0,0.0006143706678792665
10175162517#54158062043,0,0,0.0014671915176546423
4810275464#3240377870,0,0,0.00362731460714847
3487828531#4553673830,0,0,0.003384704387159871
2180579787#2183968048,0,0,0.008259039614335299
4161509156#4947650145,0,0,0.00360467338649538
4226659635#1510345157,0,0,0.00360467338649538
5123189265#7161172305,0,0,0.05685693548918327
1816427366#1712570793,0,1,0.9913989203442944
3046471496#4810275464,0,0,0.00360467338649538
4031814900#4327866563,0,0,0.0024031202331903857
4005134611#1877399023,0,0,0.0007612713902646876
4219594137#4952427189,0,0,0.00360467338649538
4825375981#2359113449,0,0,0.00360467338649538
2219112205#4878082767,0,0,0.0006516512107134334
106190147770#245814065042,0,0,0.09636425529926597
1656969937#1830214692,0,0,0.023439776154013475
29298304831#29607898384,0,0,0.002032191682355009
4506633524#3926963318,0,0,0.0029591031531568048
4274088675#4219594137,0,0,0.0012349341458364634
2027457633#1805614122,0,0,0.002812373554078948
4526688599#4526688598,0,0,6.6338731952898254e-06
88520940864#69055007639,0,1,0.6913360959239021
4356117363#4878082767,0,0,0.0006516512107134334
4750249486#4451089335,0,0,0.06200068437125458
1716261756#1780636692,0,0,0.004186445677938144
2297005450#1505439079,0,0,0.0005965818051676018
3055561351#2111038059,0,0,0.0005765941259333865
4206177048#1423044582,0,0,0.4732444301171212
4998365450#4606793746,0,0,0.0006733008008405427
4076081471#5134159053,0,0,0.0015044944054918442
314601953357#1659951159,0,0,0.0069421609964745645
4415227218#4316370583,0,0,0.003078415417500606
1830525975#1834023606,0,0,0.00021952136988387922
2070691342#4947650145,0,0,0.00360467338649538
3072525687#2056156370,0,0,0.002654219020700962
4662517140#1639275755,0,0,0.0013892074929449942
2066535766#2136847331,0,0,0.014553249304908948
4256725997#4256906448,0,0,0.0031106156825735608
3881629589#146011948003,0,0,0.00360467338649538
1479236023#1479236027,0,0,8.151184379634994e-05
2163161399#3235756553,1,0,0.00360467338649538
156117434515#2340035845,0,0,0.00360467338649538
2359113449#2058494409,0,0,0.00360467338649538
4792436579#4034038494,0,0,0.00360467338649538
1727736761#1708981181,0,0,0.00360467338649538
14613466961#14613461654,0,0,1.225505233598123e-07
2092610533#2117971399,0,0,0.00360467338649538
4878579203#3997209484,0,0,0.00360467338649538
3816455026#4036848581,0,1,0.779308023050542
3045566056#2076366005,0,0,0.00360467338649538
4838534990#1701593387,0,0,0.0028891839095391367
4808180492#1646205905,0,0,0.009341659698960463
3501315747#3487828531,0,0,0.23700090783431066
4808180492#2111038059,0,0,0.001334405852206543
1552378116#2057186102,0,0,0.00023441411679183056
4212827921#53263231637,0,0,0.006509771072583257
1403216308#4877560558,0,0,0.002330456787656821
4624086112#69055008791,0,0,0.004333888264602923
1693941156#1834023606,0,0,0.02765668569763027
3946838650#4804117479,0,0,0.15855592693520296
4346970606#3761153782,0,0,0.00057915726911742
76198377822#5210260401,0,0,0.0014671915176546423
1759198080#2054736144,0,0,0.0028254353514420125
2059977717#2058663075,0,0,0.012333581064841073
2067179166#3232083339,0,0,0.011979105449562473
14613461654#14613461939,0,0,1.225505233598123e-07
4526688599#303433622485,0,0,0.0025388163209667317
1417015453#2114048932,0,0,2.1970939264640794e-05
2061244620#1431930648,0,0,0.0013580717984363582
156117434515#2055581605,0,0,0.005343560367402562
2063878463#4090681438,0,0,0.0010076788594534408
4070427569#3761153782,0,0,0.04120335307464305
1639412951#1639275755,0,1,0.5176886171315409
4202053398#1354017991,0,0,0.012048910330837843
2057211704#1417009342,0,0,0.0017034839101052173
2055946129#1656969937,0,0,0.0005380290949433328
4755359264#12910266318,0,0,0.0011101771692363816
4526688599#4973150488,0,0,0.0011110114369883512
2051253311#2057986140,0,0,0.002058977108393818
1403216308#2056520022,0,0,0.00026007154020934005
4385184631#2059124992,0,0,0.00036841857958262015
2947790103#3946838650,0,0,0.028986339089174827
3770456617#4354044382,0,0,0.0023600799635340904
4808238795#4808180492,0,0,0.0037939906095458345
4256725997#4790633062,0,0,0.0014671915176546423
2079578434#1684806079,0,0,0.0009958671163892122
1830525969#1830525975,0,0,0.008720582020181965
4878579203#315728832242,1,0,0.10021605646227091
1307874587#4385184737,0,0,0.008875372870472485
10175162517#3289002505,0,0,2.951268937086065e-05
2060062994#2063572073,0,0,0.0009260701944367821
156276503685#2065699619,0,0,0.021208343729262676
4643943359#4643809596,0,0,0.0002327655931143366
1816512025#1659519065,0,0,0.00034199523029674364
2055626031#2055626030,0,0,0.0009430942094796999
3903280567#5022594784,0,0,0.007473896195748749
3485676898#3770456617,0,0,0.002432482408596029
3995923367#3881629589,0,0,0.004863039848037571
4346970606#1549897545,0,0,0.0031182543752596974
178615973311#173652977366,0,0,2.179864301115699e-05
14613466961#14613461939,0,0,1.225505233598123e-07
4824054256#135028851546,0,0,0.00360467338649538
4454799835#3319075608,0,0,0.003947099515069165
4973150488#2455800880,0,0,0.12405234972533619
4465664542#4316370583,0,0,0.0036537752767120332
3913554478#3485676898,0,0,0.00020383333784430133
50016874555#1535646713,0,0,0.03532435108642673
4242696539#4705427870,0,0,0.04994826708254927
492316061640#3020557801,0,1,0.5267032570570064
2268287413#2268304430,0,0,0.05914183980145214
4455408499#2061673701,0,0,0.00016535155106947764
3045566056#2359348328,0,0,0.018908439503600202
3628839717#3513178266,0,0,0.03332737553948505
2092610536#2050840604,0,0,0.3316941609284962
106190147770#29298304831,0,0,0.004474556681715583
4636508851#2118416856,0,0,0.004564278516150444
1308273301#111110399548,0,0,0.004615258233347807
2119478248#2359572372,0,0,7.877576843737436e-05
3993041966#3988152389,1,0,0.016660979238158843
4455408499#81553005637,1,0,0.0027975112601868763
4205424867#81553005637,0,0,0.00360467338649538
1639412951#4636143697,0,1,0.888097272350679
4005134611#210012116583,0,0,0.0026670685034980686
4992689820#3108657350,0,0,0.009491373908477341
4297145562#1401982309,0,1,0.7714817799774333
4448830722#4636508845,0,0,0.004622977333352398
5010035639#174006932062,0,0,0.00360467338649538
1759198091#2055626031,1,0,0.0033571585886857653
4673557611#4716857454,0,0,0.00360467338649538
2088439298#1711846546,0,0,0.21293243065429274
407966480507#430837878381,1,0,0.17107177967278384
392281366488#315728832242,0,1,0.8273322377642481
3946838650#2073668282,0,0,0.0004608582790845857
1816512025#4526688599,0,0,0.002772960617835763
3648903741#1912538880,0,0,0.02037143029398659
2070691342#4219594127,0,0,0.009059553002047784
2061352093#2071793223,0,0,0.0012395524618286711
81553005637#1500161456,0,0,0.003384704387159871
69609155599#69054998391,0,0,0.1782533929868935
3761153782#3513178266,1,1,0.6955352524470725
2268304430#50016874555,0,0,0.00360467338649538
60367620373#53263277044,0,0,0.00024066206462400802
3052760872#1500161456,0,0,0.00360467338649538
1431851220#1432014682,0,0,5.2287608417041373e-05
4277564473#4215027256,0,0,0.002331142439915338
3926963318#2065023444,0,0,0.0030350797171857175
4129059855#3075634363,0,0,0.00360467338649538
2114438559#2070025653,0,0,0.01029510976583291
2338916683#2339749085,0,1,0.9999943848967824
1639325148#4165922067,0,0,0.0014671915176546423
364662567901#2339749085,0,0,0.05855797424215468
111110399548#212394033260,0,0,0.0037616208589280864
2057120532#2057186168,0,0,1.4037398959338481e-05
4726073967#2118416856,0,0,0.00360467338649538
3050152494#2056078364,0,0,5.242510626108084e-05
4447023767#4633378534,0,0,0.14284302553827
53263277044#4952427189,0,0,0.00644411000972224
2060290691#4450968363,0,0,0.006360449810022493
4455655369#4452060617,0,1,0.9834712971174988
3621799271#25405387739,0,0,0.010406886782578758
1432014682#5185529458,0,0,0.0030350797171857175
3017056355#3108657350,0,0,0.00360467338649538
1859920904#2740883313,0,0,0.0036000424944508834
4150903702#4188896319,0,0,0.37397447038707804
1320992607#2117971015,0,0,0.0009152417982448783
3706927247#146778888902,0,0,0.00047174149032332943
4529171819#3715869354,0,0,0.0410039185562216
4188977524#4188896319,1,1,0.9967226147198988
3060607943#1394416929,0,0,0.004038237715949007
4323500487#1667001955,0,0,0.008393803846307774
5352675624#5199216300,0,0,0.005606759830953822
189546061243#5210259474,0,0,0.0013774783534423586
1432014682#3045580653,0,0,0.002731010615839003
2050429337#4206310186,0,0,0.0039394327438261835
1878732185#4534359957,0,0,0.0031931863751490097
3551952830#4354544112,0,0,0.00360467338649538
4447023801#4323500487,0,0,0.0526038640245565
4448697469#4804117485,0,0,0.3767896392988879
4070427569#4435792377,0,0,0.024162971461806862
3081749686#3245545040,0,0,0.004863039848037571
2058531412#4254790911,1,0,0.02395681764407255
4804117485#3402256673,0,0,0.0009363844329922549
4385184737#4356117363,0,0,0.00317293696794886
2057211704#2057186115,0,0,0.0035238453451110307
4348295931#1637980981,0,0,0.0008792412522961708
4065797640#3487828519,0,0,0.0016328032881654858
1778563595#5010035639,0,0,0.005293071902603885
5094736780#5123189260,0,1,0.9722662169817773
3610178183#4973150488,0,0,0.039929344771709466
2016866285#2119493181,0,0,0.00015444939554092737
4514271066#5194366020,0,0,0.00360467338649538
69282286107#1805614122,0,0,0.004933774093442095
156116289986#18468695966,0,0,0.019335828130863472
1429413488#3054084564,0,0,0.0020338043281400166
4451089335#4452060617,1,0,0.4389950434623663
3032272331#4436356008,0,0,0.005126666237376712
2113288221#2165015466,1,0,0.12556559667062592
2122362220#200569781240,0,0,0.004959898075643539
4506633524#4185429549,0,0,0.0018790613034140803
4636041770#2062233925,0,0,0.0004621792024409659
2071793223#25244788647,0,0,0.00360467338649538
2740883313#1492507866,0,0,0.12480418477113858
3692826364#1758869231,1,0,0.12091050120678641
1425289196#1320992608,0,0,0.00032204596724868644
2059483876#2054733437,1,0,0.002673702428899129
2183963548#2181531828,0,0,0.11816066016529873
4414530598#4241366976,0,0,0.031144961266308734
2455800880#3591598900,0,0,0.002976421306243415
1762522969#4316999082,0,0,0.00360467338649538
4898730640#4992689820,1,0,0.03286150420737775
3285703159#2051966916,0,0,0.00360467338649538
18467725403#2063706226,0,1,0.9397378730551927
1859920904#4157551094,0,0,0.00360467338649538
1708981181#1877399023,0,0,0.0007341504139270521
3474743878#2150886701,0,1,0.8501492061719911
309312101477#309312102749,0,0,0.2130078150665272
1537709317#1537709308,0,0,0.2764881420632244
69607735174#69055008791,0,1,0.6159614138493429
4076081471#4035397646,0,0,0.0018135364724138918
2165015488#2359572372,0,0,0.0083721547307384
1483087858#18466354888,0,0,6.54948020843523e-05
1639412951#1639253622,0,1,0.5176886171315409
1403216308#2066535766,0,0,0.00360467338649538
18466601978#4735432768,0,0,0.0030350797171857175
3446029030#4442900590,0,0,0.0334947045720521
2057146445#2071793223,0,0,0.003384704387159871
2054699471#4524153991,0,0,0.0005157897677695399
2061441544#4221651134,0,0,0.008600227545497578
2057120547#1627677359,1,0,0.0030607375072372487
1701470611#2112250533,1,0,0.0005865722841608027
4161509156#4804117485,1,1,0.6028576211012119
3363374184#4226781300,0,0,0.2051226581139107
4285491833#4285709207,0,0,0.0012828826825091464
4354044382#3083904084,0,0,0.00045722584362386105
1711846546#1932250238,0,0,0.13791238568018807
2057211704#3706865825,0,0,0.00360467338649538
2070627808#2296451977,0,0,0.0008504336021898704
2068654074#3931049291,0,0,0.07856755641451475
1410164195#1914706723,0,0,0.0009541363700608899
173652977366#117755505510,0,0,4.158358340074934e-05
2119478248#3903289669,0,0,0.004737119840641219
1639901072#5209073343,0,0,0.0031297420065138754
4316999113#4348295931,1,0,0.00981996398264194
4897454823#4897454510,1,0,0.006885941346029234
1965402836#2075393157,0,0,0.11613815167318371
2065023444#2077171978,0,0,0.004608926449988207
1430988070#2115678997,0,0,0.0003294797454839224
4624086112#124657516337,0,0,0.031262511379054315
4165922067#2061441544,0,0,0.004820784168991935
2063873633#2061673701,0,0,0.003384704387159871
2062633327#4129173722,0,0,0.00360467338649538
3978215502#3927439605,0,0,0.0028891839095391367
3931049291#3915411982,0,0,0.03617152089074384
4024663252#1637980981,0,0,0.002161122315169895
2057552209#3629624977,0,0,0.0007157355825336588
3056884476#183335907108,0,0,0.0003152046402754949
1711846546#4155642921,0,0,0.011557842541690398
2092610533#2177416829,0,0,0.015224919192537514
2055626034#2055626033,0,0,0.0001978348341382705
197910587768#2183968048,0,0,0.00360467338649538
1308273301#4506633524,0,0,0.00045100115046410035
2113712804#2065023444,0,0,0.0012349341458364634
81553005637#2061673701,0,0,0.013159757924992285
3995923367#9746294364,0,0,0.0016194961284439313
208339001895#200569781240,0,0,0.00360467338649538
2281691154#2455842713,0,0,0.017992936546704967
1432014682#1639901072,0,0,2.2274124620123e-05
54158054598#14613455236,0,0,0.002822754804166701
309312102749#156273955489,0,0,2.003774107443606e-05
4716857454#4532014296,0,0,0.002816152902988049
2111350136#1637980981,0,0,0.003793624514754959
3712801411#2050581826,0,0,0.00360467338649538
3474743878#1319944364,0,0,0.0025236328304180417
2119493181#2062233925,0,0,0.002330456787656821
2268287413#5199216300,0,0,0.0023612769969431884
4108691753#3494236195,0,0,0.003747854559235952
4878579203#4283786658,0,0,0.039777774772361864
3913554478#4526688598,0,0,0.07674577560338836
3052169593#2061673563,0,0,0.0005943865176535152
1430989592#2118416856,0,0,0.002309277523332501
4506633524#2111349786,0,0,0.00360467338649538
2075628492#4883922403,0,0,0.0007571606024134274
14613461939#2455842712,0,0,0.00029456580318368525
5076405390#2114716134,0,0,0.00360467338649538
2119493181#4348295931,0,0,0.00010270181544968848
3418808231#3402256673,0,0,0.0014671915176546423
4261185678#4354044382,0,0,0.0001302686799094157
69282286107#2055601072,0,0,0.00048631175430551905
4691126574#3402256673,0,0,0.0005705962965547708
4436356008#4862024152,0,0,0.016500194901259285
232579778763#5010064143,0,0,0.19782300795242017
111110399548#167570408533,0,0,0.0012668954079174586
4036848581#5352185903,0,0,0.0026505610186128028
69282286107#2120518542,0,0,0.002976421306243415
2061441544#3418808231,0,0,0.004820784168991935
3032272329#2098280462,0,0,0.0011766439707820886
2057186102#54158063899,0,0,0.0014671915176546423
4636382579#3072525687,0,0,0.00360467338649538
1965402836#2523741989,0,0,0.006277400077007162
2159160651#2092610533,0,0,0.00360467338649538
4036848581#2056156370,0,1,0.7177419205828248
4947650145#4575249992,1,0,0.0012913038043599462
4606793746#4898730640,0,0,0.010293635186145877
4256725997#4256622048,0,0,0.0031106156825735608
436617713935#364662576302,0,0,0.01902586252729098
4636041774#4636041770,0,1,0.9956575144455306
4590185312#156274815378,0,0,1.6010172468092202e-06
2183963548#2183428945,0,0,0.11816066016529873
1914706723#3230219871,0,0,0.013791511332384921
4943818903#3766757689,0,0,0.06773139951316547
4808238795#4808240616,0,0,0.0037939906095458345
1349608070#3235756553,0,0,0.027771200021842805
2057146445#2057202352,0,0,0.0028679561084885047
3052165975#2059124992,0,0,0.0014320240669851688
156274815378#1639324466,0,1,0.6032983263410268
4716857454#4455655369,0,0,0.00360467338649538
3052760872#4636143697,0,0,0.00360467338649538
2119388082#106190147770,0,0,0.012333581064841073
4705427870#44498925795,0,0,0.0015808058439732737
2359113449#3016942950,0,0,0.03768815475080265
3487828519#3927439605,0,0,0.03337169434394624
4452228094#1640284457,0,0,0.004333888264602923
2057352941#5352185903,0,0,0.024504689357826567
81902710995#53263277044,0,0,0.003972293884766069
407966480507#146777938215,0,0,0.01281785486778456
3683502845#3742463975,0,0,0.003437221194794704
1614597826#18466601978,0,0,0.0005913816798491531
2117931367#3032272329,0,0,0.0018599130594940672
1639275755#4698569942,1,1,0.7604487466227019
3949154929#2057146445,0,0,2.6408097329549644e-05
2455842712#1932250238,0,0,0.001555459211304928
1614597826#1319944364,0,0,0.02172555147792956
1492507866#4076081471,0,0,0.026110051012238004
307410722133#3997209484,0,0,0.05996130922118863
2117971399#1723151709,0,1,0.7496640451609072
2175800284#4425561518,1,0,0.003075655642782774
3249354040#2057552209,0,0,0.008985284963516907
1805614122#3047031444,0,0,0.005433242117093987
2065699619#1637980981,0,0,0.002822747073608813
3591598900#1479236028,0,0,0.003384704387159871
3485676898#1778563595,0,0,0.008574879713539816
54158062043#54158054598,0,0,0.0006805654484198959
1556785910#1487584016,0,0,0.00360467338649538
1319944364#4898730640,0,0,0.00360467338649538
2118643101#2281691154,0,0,0.00582553028761279
2219112205#1537709306,0,0,0.00360467338649538
109765155485#2011670508,0,0,0.0008260144420486336
2068602973#18468687381,0,0,0.021479514486163143
4532035181#370314330573,0,1,0.8279278529321981
1716261756#1479236025,0,0,0.007422546500194019
1614597826#2027839123,0,0,0.001234987840837164
1394416929#1660889815,0,0,0.0034875722354269375
2057120532#2076366005,1,0,0.00251490217717991
315728832242#3083904084,0,0,0.0021351221303557324
5124643800#1727736761,0,0,0.00360467338649538
4810275464#4285617569,0,0,0.0014671915176546423
4448830722#3993041966,0,0,0.0037384648731308354
4385184631#4090681438,1,0,0.00043761234421243713
4973150488#3525475722,0,0,0.027489714445032374
4206177048#2070025653,0,0,0.3100291613317727
4031814900#4529171947,0,0,0.02234494315236992
4643809596#1347237190,0,0,0.0003671725977582488
5194366020#3946838650,0,0,0.00360467338649538
2057186168#5163452200,0,0,0.00850686445027589
4538375930#4506633524,0,0,5.8534771983584926e-05
1474190672#4232728984,0,0,0.004420003867542434
2058258958#4215058789,0,0,0.00360467338649538
4451342522#4451342530,0,0,0.06173980336075117
1639412951#3513178266,0,0,0.005831867979355665
2055298458#3927040910,0,0,0.004457814903390035
2098280462#1423044582,0,0,0.003083662932073327
2119478248#2165015488,0,0,0.0440608443560784
3319075608#2113439579,0,0,0.001675058937012285
1727736761#1634282666,0,0,0.026896195565639693
4450784429#3032272331,0,0,0.00021317465662487457
114693583065#114453608394,1,1,0.919793480676785
4226781300#2359348328,0,0,0.003384704387159871
2150886701#3290768654,0,1,0.5316578579226565
2183968048#2026258519,1,0,0.06444951128763989
4448830722#4636522140,0,0,0.006369306643879839
2119388077#1727736762,0,0,0.0012891247411603787
2113288221#2111349786,0,0,0.0020369601745202437
4808240601#76198377822,0,0,0.006094484467353357
1453532038#2056520022,0,0,0.0052959724090999504
2165015488#3903289669,0,0,0.013148982723271089
2062233925#2063057962,0,0,0.024299622847087914
3108657350#2111350136,0,0,0.001674241240134816
4532014296#3474743878,0,0,0.0012746131264387962
3927040910#2076366005,0,0,0.0030350797171857175
4824054256#1736318365,0,0,0.028986339089174827
2359474749#2359348328,0,0,0.05914183980145214
3023688258#5194366020,1,0,0.00360467338649538
1349608070#1416827061,0,0,0.005674732044223915
4020730390#4034038494,0,0,0.3192647932511258
5210259474#2118416856,0,0,0.003384704387159871
1487584016#5194582482,0,0,0.0007987022160658724
10553947604#5134159053,0,1,0.9570201380684756
2183968048#1708981181,0,0,0.09816012327584846
2080829137#1965402836,0,0,0.008276153974884548
2063873633#4435586554,0,0,0.0013106731072243204
10175162517#4698569942,0,0,0.0014671915176546423
2057858826#2063572073,0,0,0.017511507746884515
364662567901#492316061640,0,1,0.999997841099029
14613464513#14613466961,0,0,8.394019861187013e-07
3060607943#3913554478,0,0,0.002138815475606188
3046471496#91686025987,0,0,0.00360467338649538
2055626033#3446029030,0,0,0.00360467338649538
4242891248#4031814900,0,0,0.0031540596928345266
2177416829#1762522969,0,0,0.006293807408181877
3761484186#2114438559,0,0,0.011661022174058155
1639324466#3644272514,0,0,0.0012899108189762434
4435566465#4479070818,0,0,0.01892481911621996
4242849949#2061673563,0,0,0.0003612115752809645
1905948078#2120518542,0,0,0.00021647283668817837
3287136303#2180579787,0,1,0.8800966726573802
1888052788#1888052790,0,0,0.0021723478583436542
2159160651#1723151709,0,1,0.7496640451609072
4944512773#4206304466,0,0,0.005674732044223915
4943818903#4755359264,0,0,0.003982922314229455
4226659634#4256725997,0,0,0.013856129316527329
109765155485#189546061243,0,0,0.0004868680831363735
2114716134#2059124992,0,0,0.006779985605857811
4450888165#2455894769,0,0,0.006114598257225338
4584646241#2292556895,0,0,0.0015823565518779503
18466522141#54158062043,1,0,0.011484438664960876
2092610533#4808240601,0,0,0.010007969899847475
2092610533#2061352093,0,0,0.00360467338649538
2076366005#2060062994,0,0,0.00360467338649538
2661092323#5185529458,0,0,0.3929041007762769
3072525687#1758869231,0,0,0.0025187527701333394
50016874555#2298730254,0,0,0.0025072010548107095
1667288610#4219594127,0,0,0.0006679673180749973
4176537188#2058531412,0,0,0.0005901396232181175
4897454510#4897454517,0,0,0.0015592007449126166
3269719212#1736318365,1,0,0.005955960910735172
90189177932#4465664542,0,0,0.00360467338649538
4444948728#2120518542,0,0,0.00360467338649538
4509158303#4532035181,0,0,0.005603161972314245
69607735174#69054998391,0,1,0.6159614138493429
232579778763#3606108939,0,0,0.17347189413581
212394033260#2059124838,0,0,0.00360467338649538
187508564338#3023688258,0,0,0.00360467338649538
2455842712#14613464513,0,0,0.0020141406545296616
4726073967#5210263415,0,0,0.00360467338649538
2055946248#2059125338,0,0,0.00612405249513852
25244788647#1929467433,0,1,0.6611742673054901
4808180492#156276503685,0,0,0.024522489143607683
4057038032#3870637640,1,0,0.007820919359239504
3706927247#2359474749,0,0,0.028986339089174827
1537709317#4776817109,0,0,0.013552695816696457
4952427189#1416827061,0,0,0.00360467338649538
4757328062#4673557611,0,0,0.17156388030479375
4451342522#3446029030,0,0,0.005674732044223915
4642512906#4944512773,0,0,0.01183713440680006
4354044382#2175800284,0,0,0.004151709702331304
2058663075#3285703159,0,0,0.00360467338649538
3648904752#3648903741,0,0,7.122813976174727e-07
3445905086#4451288784,0,0,0.0005413158886803809
4584646241#4532035181,0,0,0.00360467338649538
3632560565#1432014682,0,0,0.0025642181831203857
5121642074#114693583065,0,0,0.0014671915176546423
1590547354#3915411982,0,0,0.048244159577202406
88520940864#90189178714,1,1,0.8736233635583301
3081749686#1430989592,0,0,0.0029794331728372754
1736318365#4454799835,0,0,0.00033262014807995476
1656969942#3706927247,0,0,0.002731010615839003
1326198015#2056929980,0,0,0.002935223493588061
2058563113#2973532517,1,0,0.48170833775766914
208339001895#109165560395,0,0,0.01959423494439341
1318626251#2061352093,0,0,0.00039929762764401994
2063706226#1693941156,0,0,0.0009893905082942029
2071864814#3046447657,1,0,0.0002293563810464398
3072525687#3072564418,0,0,0.002064586841793009
2113288221#2119398744,0,0,0.000615795868472058
208339001895#4232471781,0,0,0.00360467338649538
69055007639#2027839123,0,0,0.004333888264602923
4529171819#5185529458,0,1,0.5850512674863966
138961977066#2114438559,0,0,0.00360467338649538
1425289196#1479236027,1,0,0.00015454632715224448
29299658960#4165283827,0,0,0.0014671915176546423
564144132292#4448697469,0,0,0.0016995569801371456
3641396498#2219112205,0,0,0.00360467338649538
3363374184#5185529458,0,1,0.9219355271794728
2057898501#4534359957,0,0,0.005491332169233588
1474190672#4720990748,0,0,0.000551305356859442
1308273301#1354017991,0,0,0.0019471216953197922
2165015466#2111350136,0,0,0.014068757070509906
4072366761#4415227218,0,0,0.00878164723944232
4346970606#4705427870,0,0,0.0014608843631078213
2118965491#2056727309,0,0,0.012665040554746819
1920503864#4226659635,0,0,0.00360467338649538
4823801269#3108657350,0,0,0.003183820111735145
4548461997#3809186919,0,0,0.00360467338649538
14613461654#2075393157,0,0,8.299933851089407e-06
1417009342#2114048932,0,0,3.294437024255881e-05
2050581826#2057685237,0,0,0.00360467338649538
29607392514#29298304831,0,0,0.0014340610324622065
2077171978#2065023453,0,0,0.004608926449988207
4623934568#1659519065,0,0,0.0008401401002827137
1463883823#60367620373,0,0,0.008312204129805495
1434305170#1425289196,0,0,5.966315663958025e-05
2026069710#4206304466,0,0,0.0011110114369883512
4451124293#4277564473,1,0,0.006656056975460415
4316999082#4285709207,0,0,0.005353984431392011
4828655959#1834169653,0,0,0.0830200911591562
156117434515#4261128452,0,0,0.0794072599858049
1774582761#3601857963,0,0,0.008763343037018664
1431930648#1762522969,0,0,0.00360467338649538
2119388077#2183963548,0,0,0.49455396911913374
3081749686#3052760872,0,0,0.0024790764222638864
4691126574#1592253963,0,0,0.0033831350212864086
2113439579#1417015453,0,0,1.9216756786443137e-05
2061673701#4726073967,0,0,0.014006071279950797
3032272331#2098280462,0,0,0.0011766439707820886
4514271066#1834169653,0,0,0.00424532503072453
3023688258#4526652844,0,0,0.00360467338649538
5352675624#5354187271,0,0,0.011041462182416409
2523741989#2128656141,0,0,0.00360467338649538
4665681736#4259293142,0,1,0.6256529197744785
1712137054#1326198016,0,0,0.004421178012784586
2057858826#2062633327,0,0,0.0028623787131831155
1659951159#1667001955,0,0,0.0012432798879230312
2973532517#1479236023,0,0,0.007062829374967612
14613460476#54158093151,0,0,0.0022581167169124306
4808240616#4808180492,0,0,0.0037939906095458345
2119388082#1727736762,0,0,0.0012891247411603787
69054998391#69055008791,0,1,0.7559274939328079
69054998391#4623017083,0,0,0.002976421306243415
3487828531#4188896319,0,0,0.01680078895637843
1818675501#2165015488,0,0,0.0030350797171857175
5206198663#2137028345,0,0,0.019094520124085294
3927439605#3501315747,0,1,0.9940700829441331
4589929428#4823801269,0,0,0.007230585662405219
53263277044#50602309472,1,0,0.0016845491533461771
2076366005#3926967278,0,0,0.005844229991208843
53263231637#50602309472,0,0,0.0028514210061450548
3474685542#3474685537,0,0,0.2291599657790805
4354544112#307410722133,0,0,0.00433491717306781
3055561351#3487828519,0,0,0.005238987012628088
4161509156#4804117479,1,0,0.03552210299669653
4357742929#4356117363,0,0,0.0006744035189414828
5123189265#5123189260,0,1,0.8507137153455435
18468695966#4623788579,0,0,0.003384704387159871
1639275755#4259293142,0,0,0.00360467338649538
4590185312#4469027502,0,0,1.44243263538635e-07
307410722133#3978215502,0,0,0.004324805768888498
2059125338#3023688258,0,0,0.004118743060798772
5076405390#4316370583,0,0,0.021692030281556127
3240377870#14613460476,0,0,0.26507083445709306
3363359849#314601953357,0,0,0.000724240666998075
3942084480#5062861485,1,0,0.26351859123566196
3525475722#14613465315,0,0,0.023638275389943477
156276601478#18466522141,0,0,0.00023365948883288232
3232083339#3986575237,0,0,0.00360467338649538
14613461654#14613464513,0,0,1.225505233598123e-07
117277915830#173652977366,0,0,0.00018496911370925856
4327866563#1320992608,0,0,0.00226604081552784
3290768654#219547393842,0,0,0.00155883292305401
227607176751#4077027238,0,0,0.009525319499007976
1830525975#1816512025,0,0,0.00193003225494659
4179651570#1394416929,0,0,0.0031699407393920584
1905948078#1726591551,0,0,0.004276145255364331
2055626033#3075634363,0,0,0.004518260549276934
4705583754#4735432768,0,0,0.0022432641953719487
3809186919#1882929309,1,0,0.022014131874841716
370314330573#4385184631,0,0,0.00360467338649538
4658956014#4897454510,0,0,0.15252020190738627
4720990749#4720990747,0,0,7.150303587590934e-05
4070427569#9062983415,0,1,0.9943854920506306
174006932062#121528725386,0,0,0.0025734227952243925
5134159053#2065023444,0,0,0.00360467338649538
4317041484#4272885125,1,0,0.030141668302839868
1667288610#2070025653,0,1,0.9692721406684972
2165145983#2057120532,0,0,0.002401389949062063
1965402836#4470296934,0,0,0.00360467338649538
1847716478#302839388028,0,0,0.0007779674795343423
208339001895#1639394625,0,0,0.0030350797171857175
1403928333#2143152116,0,0,0.004873745913032526
3072524524#3060607943,0,0,0.00360467338649538
5022594784#178615973311,0,0,0.0005039753939698549
4636143697#1550894049,0,0,0.002892757544109307
4728076352#3915411982,0,0,0.00360467338649538
87008148161#69607735174,0,1,0.5900859550303917
4232471781#4657354263,0,0,0.013856129316527329
174006932062#4065797638,0,0,0.00360467338649538
1830214692#7161173338,0,0,0.000794372237881185
1833697097#1834023606,1,1,0.7680361561579147
2051966916#2058663034,0,0,0.00360467338649538
3903280573#1453532038,0,0,0.0032537648273542694
156276601478#10553947604,0,0,0.0011593460253406635
232579778763#1590547354,0,0,0.022213811235795383
18468580547#138961977066,0,0,0.0008521762405919695
4454799835#4215038721,0,0,0.0003514842624504621
2075628492#2077171978,0,0,1.2565939772625538e-06
3436663620#3474743878,0,0,0.04296236882077885
5210263415#5210259474,0,0,0.044563838356599654
4448830722#1912538880,0,0,0.00360467338649538
1727736762#3077307902,0,0,0.0026620372198339994
4642512906#29607898384,0,0,0.0018135412637047081
2181531828#4411426624,0,0,0.0027902285341131327
3683502845#1303518148,0,0,0.0006961496843380457
2055581605#1431930648,0,0,0.0006300577519689686
2071793223#4899954714,0,0,0.003384704387159871
4808240616#4808240601,0,0,0.0005148073035243699
2338131041#2338916683,0,1,0.999978277406358
4742698844#60367620373,0,0,0.03790345098742598
4938690872#1723151709,0,0,0.004331348684330824
4636508845#4232728984,0,0,0.0009101386250787915
4623972834#1552378116,0,0,0.0020513774394472664
3319075608#4277564473,0,0,0.002331142439915338
1483087859#1811511062,0,0,0.0091977304228562
4899954714#4226781300,0,0,0.003384704387159871
2112250533#5134159053,0,0,0.046966269706201325
2114716134#3278113988,0,0,0.07273960835203974
50016874555#2056727309,0,0,0.004927458182793525
2117971015#2057898501,0,0,0.002790460890627057
3715785447#1640284457,0,0,0.0009706471231971094
3903280586#3903280567,0,0,5.424768985883735e-05
2063572073#2057275313,0,0,0.017511507746884515
156117434515#4256981120,0,0,0.04241397291420373
4526688598#4808240601,0,0,0.001361609373361098
1474190672#5199216295,0,0,0.002205879097845894
4716857454#4952427189,0,0,0.00023392751689157139
4635981164#2074388205,0,0,0.0014671915176546423
4165283827#2070691342,0,0,0.01074757174502113
5169253299#4285491833,0,0,0.002103737503266059
2057573219#4286394339,0,0,0.00360467338649538
2059977717#2055946248,0,0,0.00360467338649538
2055946129#3045580653,0,0,0.00360467338649538
3770456617#1416827061,0,0,0.006450393556591309
2027839123#1535646713,0,0,0.003384704387159871
5169253299#4726073967,0,0,0.00360467338649538
212771874474#4181867888,0,0,0.006428759076537555
2072319821#2058663075,0,0,0.00360467338649538
3108657350#1349608070,0,0,0.00360467338649538
1637980981#69055007639,0,0,0.003384704387159871
3495408683#1552378116,0,0,0.031029700572955815
3926963318#1592367367,0,0,0.041423727933208865
3715877024#2060290691,0,0,0.00360467338649538
3972742243#3591598893,0,0,0.020528170182674884
4327866563#2113093450,0,0,0.0004612237340585205
2136847331#4946289727,1,0,0.041865460911122386
3628839716#3474685537,0,0,0.05530073082746623
4470296934#3050152494,0,0,0.039542877463284776
3402256673#200569781240,0,0,0.007400328631773122
3761153782#3451234547,0,0,0.08346633684224922
2119398744#5210259386,0,0,0.0030350797171857175
2111349786#3278113988,0,0,0.03595373507224005
50016874555#36551936093,0,0,0.003384704387159871
4411426624#4205424867,0,0,0.004705555283078965
114693583065#167570408533,0,0,0.42921648159295134
1303518148#1882929309,0,0,0.002089838770775873
53263277044#4506633524,0,0,0.0008280492997696682
2072319821#2057858826,0,0,0.0013301277570501122
4316999113#1431887069,0,0,0.002822747073608813
2071751695#4705427870,0,0,0.009209783030932272
1394416929#5194582482,0,0,0.0031699407393920584
4897454510#4451342522,1,0,0.043983873890530475
4209814745#2338131041,0,0,0.008499440630870376
1533725661#2163161399,0,0,0.0019866283744874253
87008148161#69609155599,0,1,0.5900859550303917
2057858826#1710182160,0,0,0.0012395524618286711
4261128456#14613465315,0,0,0.0002126999636019553
2111038059#4526652844,1,0,0.008030970007021293
3445905086#4077473357,0,0,0.0028729264811396663
4471122121#53263277044,0,0,0.0016845491533461771
53263231637#60367620373,0,0,0.09031732785150633
124657516337#1778563597,0,0,0.0004088563020592418
2113093450#3495408683,0,0,0.0035487287883285723
2065699619#373850283306,0,0,0.014570765687503649
4860360403#3240377870,0,0,0.37161834893272877
4529171947#6633392282,0,1,0.973588893061486
4232666143#4232471781,0,1,0.7761140803077871
1736318365#1303518148,0,0,0.027766511077984876
2066535766#2111346464,0,0,0.00360467338649538
2057082463#156117434515,0,1,0.9959296139301351
18467669365#4232728984,1,1,0.5009408609993896
4526688596#1655427579,0,0,0.00015054237108363773
4952427189#2061441544,0,0,0.00360467338649538
4452228094#4354044382,0,0,0.002976421306243415
4346970606#4155642921,0,1,0.7986638445344244
2112891471#2739075334,0,0,0.007343463383953799
4232471781#4256725997,1,0,0.013856129316527329
4589830735#3075628047,0,0,0.0011483937110686507
4323500487#4633378534,0,0,0.020663052451707433
4538335537#1875282048,0,0,0.0012827227327105721
415654832276#4357742929,0,0,0.00360467338649538
1665894324#1656969942,1,1,0.9576773167564697
2119493181#2056078364,0,0,4.101657599073597e-05
2073668282#2077171978,0,0,1.2565939772625538e-06
4589830735#36551936093,0,0,0.003384704387159871
4065797640#5062861485,0,0,0.0013774783534423586
212771874474#187508564338,0,0,0.0223355829195954
87008148161#69055007639,0,1,0.6913360959239021
4260680249#4286394339,0,0,0.004160939112370275
29607898384#2297005450,0,0,0.004592800923218554
4479096850#4897454517,1,0,0.015657914303355596
3973253490#2119388077,0,0,0.02566134916096748
2111350136#2113288221,0,0,0.005829471354577766
4992689820#4606793746,0,1,0.8102723385468699
4703840109#3913419748,0,0,0.00021050585009956777
2339749085#1537709306,0,0,0.06630308357168992
203654552716#1403216308,0,0,0.004903047727546254
4526688598#2296537627,0,0,0.0008596171681429788
5194582482#2128656141,0,0,0.00360467338649538
1463883823#4259293142,0,0,0.008276153974884548
364662576302#415654814203,0,0,0.01902586252729098
4179651570#3972766136,0,0,0.012831022459237429
9746294364#2092610533,0,0,0.0037925683748284253
4435666805#4219594137,0,0,0.14450375001208
4662517140#4952427189,1,1,0.9180816592434494
4070427569#117873856741,0,0,0.08053818088249863
2066246683#4643941609,0,0,0.01762386376538569
4205438611#4327866563,0,0,0.0012699082443159268
1778796425#2055626031,0,0,0.0033571585886857653
4804117479#69055007639,0,0,0.00360467338649538
3485676898#1778563597,0,0,0.008574879713539816
2640338192#1932250238,0,1,0.6821485719926785
4643941609#18468687381,0,1,0.5469701357232256
4943818903#3926741754,0,0,0.0026038549902401677
1639412951#2073669601,1,1,0.7534804864617825
4157551094#1463883823,0,0,0.00360467338649538
5123189260#364662576302,0,0,0.00360467338649538
4703840109#1537709306,0,0,0.00360467338649538
2123106282#430837878381,0,0,0.003384704387159871
2058278464#1347237190,0,0,0.2856349129280407
4346970606#2740883313,0,0,0.00387574432687957
2057275313#1710182160,1,0,0.0012395524618286711
4590233117#114401992972,0,0,0.00360467338649538
1479236028#1479236027,0,0,0.00021781783586322098
2176434538#1888052788,0,0,0.004185491543268389
1479236027#46983614517,0,0,0.0028165962554808676
1759198091#1778796425,0,0,0.0033571585886857653
18467725403#1479236025,0,1,0.7532869089994165
4180609537#4825375981,1,0,0.28181674180612615
4206201723#4435666805,0,0,0.33186749606327315
455581610977#1479236024,0,0,0.003384704387159871
1550894049#2058494409,0,0,0.0015079926268824016
2056156370#4077027238,0,1,0.8776413288386806
4828655959#4165922067,0,0,0.05296010481154674
4589775642#4532014296,0,0,0.0011315115123590794
4286394339#1549897545,0,0,0.004301516218221976
4703840109#3913410158,0,0,0.00021050585009956777
3926963318#3846877365,0,0,0.0005994788123597915
4529171819#4450968363,0,0,0.002667704721071501
1410164195#2114049002,0,0,0.00221573811091303
4451342522#4774992939,0,0,0.0008005516752056027
81902710995#11087571368,0,0,0.05658561050041917
2092610536#1882929309,1,0,0.015248486977624051
1656969937#5010064143,0,0,0.00012654802178011301
4111311078#4176537188,1,0,0.01976563602883564
114693583065#138961977066,0,0,0.027771200021842805
3903280581#3972742243,0,0,0.0037305300373730115
2080829137#4623788579,0,0,0.004927458182793525
2119388077#2007329552,0,0,0.01374403907386907
307410722133#3927439605,0,0,0.00214939553303973
5123189265#407966480507,0,0,0.003596259159020583
156276601478#14613455236,0,1,0.9679013935675178
4716857454#2079578434,0,0,0.00360467338649538
54158093151#14613588147,0,0,0.007574397074545331
1431851220#1701593387,0,0,7.807385008679703e-05
1349608070#121528725386,0,0,0.03718158904979846
3712801411#4436356008,0,0,0.021630287734845068
2066535766#138960910846,0,0,0.00360467338649538
2059124838#3269719212,0,0,0.002976421306243415
1878732185#2050840604,0,0,0.0030350797171857175
4542321633#4589775642,0,0,0.022299234276647855
373850283306#373850284448,1,0,0.10224531306681227
12910266318#14190297481,0,0,0.006523968859243713
60367620373#2066246683,0,0,0.026870034698101775
5060996735#4623934568,0,0,0.0008094914432578256
4385184631#4385184737,0,0,2.2086219401751692e-05
1307874587#4385184631,0,0,0.004024261946521134
2026258520#4938690872,0,0,0.0032537648273542694
2057211704#4202053398,0,0,0.001865367795864993
3903280567#3602134198,0,0,0.008808930793377984
1759198080#3075634363,0,0,0.0015627027296849397
2455800880#2296451977,0,0,0.00010471249232943373
46983614517#29299658960,0,0,0.00360467338649538
25405387739#18468687381,0,0,0.004557985950945483
2117967935#1431851220,0,0,0.00017507223281852758
2066977172#3436663620,0,0,0.00360467338649538
2027457805#4636508845,0,1,0.9672722132980475
2066246683#2114049002,0,0,0.002976421306243415
5185529458#183335907108,0,1,0.9155707672853788
4272137501#2098280462,0,0,0.0004911533991291914
2055946248#2123106282,0,0,0.003384704387159871
3770456617#2027839123,0,0,0.0035205886721934305
4436356008#4471122121,0,0,5.015468559631962e-05
4658956014#2122362220,0,0,0.013174615671696087
5094736780#1758869231,0,1,0.9991751938379049
4274235353#1308273301,0,0,5.605177120296121e-05
4698569942#1830525969,0,0,0.0010229641546105825
4878579203#4838534990,0,1,0.8098271428274755
373850283306#2119388082,0,0,0.008276153974884548
46983614517#4860360403,0,0,0.00360467338649538
4451342530#4451342506,0,0,0.005972463372520453
4215027256#4454799835,0,0,0.002331142439915338
2055298458#3072564418,0,0,0.0009875151370209278
4897454488#4897454823,0,0,0.0017443624116420058
4636143697#1639275755,0,1,0.8734348703654642
4206304466#1326198016,0,0,0.0022649620062024783
4862024152#2183428945,0,0,0.09133241823857
4790633062#2119478248,0,0,0.0317774600894488
2061441544#4828655959,0,0,0.004820784168991935
3972742243#3648904752,0,0,0.0018244888886233587
3451234547#2181531828,0,0,0.0011488716537341446
3995923367#3632560565,0,0,0.00360467338649538
2662986035#1429413488,0,0,0.0009993349024114196
4992689820#2180579787,0,0,0.00360467338649538
4530026053#2072319821,0,0,0.005687276397779539
5094736780#3715869354,0,0,0.00360467338649538
2523741989#1758869231,0,0,0.0015746595621806846
5076405390#4386494215,0,0,0.00360467338649538
4623017083#138960910846,0,0,0.0018980022495395119
1320992607#4705583754,0,0,0.0030350797171857175
1684806079#14190297481,0,0,0.003251213404979114
3032272331#1859920904,0,0,0.005590108934634605
138961977066#5185244731,0,0,0.003063396325352664
4451124293#4755359264,0,0,0.0032537648273542694
1505439079#4077027238,0,1,0.8708431782048198
4720990747#156276503685,0,0,5.479493062315281e-05
14613464513#14613465315,0,0,5.871366924785195e-08
2340035845#4385184631,0,0,0.0011854318205039242
3591598893#3591598898,0,0,0.021595749709001008
4584646241#2115662086,0,0,0.00360467338649538
5194582482#3054084564,0,0,0.007053405781432362
146011937628#5010064143,0,0,0.1361823601201161
3045566056#3072564418,0,0,0.0056231011651558145
3075628047#18466601978,0,0,0.0003687332435694749
54158054598#1550894049,0,0,0.0014671915176546423
4451342530#4226659635,0,0,0.00360467338649538
3706865825#3072564418,0,0,0.00360467338649538
1646205905#2973532517,0,0,0.017123974548503073
3108657350#4180609537,0,0,0.004635436403768294
1401982309#4206201723,0,0,0.002822747073608813
