pair_id,true_label,pred_label,confidence
2070627808#2056478070,0,0,3.497944626146983e-06
4479070818#4323500485,0,1,0.9306049149695005
2455800880#4972894326,0,0,0.2522464282450044
4593095274#3214249595,0,1,0.8347235167445682
4206242446#4206267336,0,0,0.003656279583804049
3551393318#3513178266,0,0,0.0022234066763008966
2078774568#4672808661,0,0,0.1546670443598506
4643718292#4200577198,0,0,0.004001581111148408
4401870234#2058148983,0,0,0.021983149699263266
2069774757#3431879179,0,0,0.1263997604465617
4256622048#4346970606,0,0,0.009960115493017965
3764759336#4034038494,0,0,0.05776122539376179
2114341514#2062075977,0,0,0.0007466599795315107
6015919609#1557919756,0,0,0.00458355049174755
1701333916#2026258516,0,0,0.009413981525869591
3903296442#1953270965,0,0,0.007338271206158021
4435686270#1574873794,0,1,0.8012681786725437
18465816919#2057811649,0,0,0.0001379282528324247
1728174549#4991881534,0,0,0.0019807084323436664
8431814058#1627587582,0,0,0.01379994778016008
4804861605#4780994423,1,1,0.995051351791646
4851901157#1326086493,0,0,0.020070412460292716
1639219119#2296574953,0,0,0.008714231996638967
2062845102#2235828707,0,0,0.005178788346610281
4656986610#1437868238,0,0,0.010369472968555324
1818739935#4457149562,0,0,0.010369472968555324
4641374150#2115880476,0,0,0.009243272195885041
1438441444#3642422898,0,1,0.9653229805723317
3836576451#3836676657,0,1,0.9624229302617099
1914706723#3054671141,0,0,0.004462968580285653
2057342439#4206269897,0,0,0.010369472968555324
3108657350#178258449477,0,0,0.010369472968555324
4435528162#4530026053,0,0,0.0140195556696257
4232666143#3055576029,0,0,0.010369472968555324
2059400154#1639390814,0,0,0.004354196977682849
1401982678#8431809688,0,0,0.0002512653745442295
4867542841#4659194738,0,0,0.009941286732401907
3044025040#3411721643,0,0,0.17743652217713426
4581502608#4538419241,0,0,0.06233923021014737
1905948078#1394397775,1,0,0.02720307185264291
1701333916#1374772535,0,0,0.16188553157742233
3557197892#2247165276,0,0,0.007314960163025075
1537709311#4209814745,0,0,0.010369472968555324
4572636295#4535941097,0,0,0.3595942356510668
5037293131#4898626808,0,0,0.002200400608150748
5096293410#1457252585,0,0,0.0030125489235012
2026258521#2026258520,0,0,0.05271078926055969
4354044382#1416528046,0,0,0.01584929949443103
1639219119#2359435242,0,0,0.010369472968555324
14613469834#4535949395,1,0,0.44758391492691113
4589595738#4619195159,0,0,0.01427331646589306
4451288784#3446029040,0,0,0.005682112789310271
2058563113#202363939789,0,0,0.006261298765710369
1437868238#4628867825,0,0,0.010369472968555324
2068436073#4129122420,0,0,0.010742599035395706
1640340946#1811606488,1,0,0.041135540855515705
102514982310#1914706723,0,0,0.010369472968555324
4176217131#3032709817,0,0,0.09655069265048166
2114716134#3903296442,0,0,0.007490178638796348
4944579314#2055886100,0,0,0.07616005737484921
2275666316#1711687490,0,0,0.003446638716220487
2062770841#2067377960,1,1,0.9999999999961062
2977755545#50016874555,0,0,0.009960115493017965
50602314209#4471122121,0,0,8.281584289356157e-05
4479096588#4261185678,1,1,0.8849362983176634
97115452949#4479095804,0,0,0.010097057093635483
3487828521#1594535010,0,0,0.01003423159089135
6871473475#4065721591,0,0,0.011103725353688181
2092174215#1816430010,0,0,0.0075975882049052895
2183968048#1374772550,0,0,0.010369472968555324
1914403252#4206242446,0,0,0.010369472968555324
3289002540#3289002505,0,0,0.02480924598001644
4298588573#3772512066,0,0,0.0004611711754723832
3836676657#4542321633,0,0,0.15387358191206232
4022447951#14613456118,0,0,0.005355474661641348
29608029868#4915591396,0,0,0.010369472968555324
4867542841#4657354294,0,0,0.009941286732401907
3525845999#1316058339,0,0,0.019256119382439502
3791139342#2314360284,0,0,0.023969643283052972
5018389488#4538419241,0,0,0.009413981525869591
1639390814#1430988070,0,0,0.009413981525869591
2150036453#3926867260,0,0,0.045625414968516805
3642422898#3107598853,0,0,0.3029049276896723
1640340946#4408616491,0,0,0.010369472968555324
4405676807#4304261357,0,0,0.011111743683924612
3882201915#4572374020,0,0,0.010369472968555324
75959618233#2135054445,0,0,0.0388499959900264
4973150488#1639390814,0,0,0.004334202443381139
4304261357#4214739605,0,0,0.08192903092477571
4454965094#4450888165,1,0,0.2552141157890901
2111350136#2113288221,0,0,0.0059815160618920445
2169220658#5165108496,0,0,0.11290284033145395
1816428069#3227376447,0,0,0.15533704620560723
2119398744#2165015487,0,0,0.0015135143770775219
1784900254#97115452949,0,0,0.00901510692441459
146777938215#364679238122,0,0,0.022874873547787375
8431809688#53263275323,0,0,0.005062413529489221
4215038721#4726704241,0,0,0.010369472968555324
2727127831#4202096119,0,0,0.10801418857786858
2062766801#2113760999,0,0,0.016782283649684152
4231111906#4232471781,0,0,0.0030693331453453578
3794247232#2727127831,0,0,0.10801418857786858
3269719212#2066246683,0,0,0.26631897460900084
4003298247#4397595587,0,0,0.02324464119580226
4272843119#3836676657,0,0,0.008253745310471985
1811606488#2452901483,0,0,0.0010857261129115356
2061309144#2059483876,0,1,0.9528350078315198
14613464513#146011937628,0,0,0.010369472968555324
3347114660#4687116172,0,0,0.009170904277077745
3580539229#1701333916,0,0,0.009960115493017965
18468188878#4658620132,0,0,0.012755155995607092
1840606003#4149299298,0,0,0.010369472968555324
14613588147#14613464473,0,0,0.000429958773340654
3794247232#4898626808,0,0,0.032520373686048674
1646144729#1427286361,0,0,0.009810752466972442
2054657150#4761512241,0,0,0.009413981525869591
5318769457#5169257623,0,0,0.010369472968555324
1635692869#2058316912,0,0,2.1521691959892304e-06
2057685237#4165585148,0,0,0.09178721738301629
4489521100#3439202323,1,1,0.9999894677611815
2338916683#3770456617,0,0,0.008176132817829647
3461052410#3259289288,0,0,0.010369472968555324
5318769457#5210078086,1,0,0.1361412503029351
4259241183#2074458538,0,0,0.09358776076165408
4542039020#4761512241,1,0,0.030830398557788644
2066509477#1718471304,0,0,0.011373492304343822
4542386587#1656969942,0,0,0.012347350071715042
4210986952#46983614517,0,0,0.010369472968555324
2124411604#4232471781,0,0,0.010369472968555324
3628533316#3446029040,0,0,0.00981332448079617
2604119334#2027890207,0,0,0.01930424935944733
54158093151#4479070818,0,0,0.028034263284323874
2455800880#2118416856,0,0,0.25291393786506966
2027929598#4450602322,1,1,0.9433077574305746
3501285885#1639699607,0,0,0.009413981525869591
2075914534#3054434630,0,0,3.62901324017513e-05
4483987744#5154681248,0,0,0.010369472968555324
4643943359#2296451977,0,0,0.005476046277025139
5173394727#146011948003,1,0,0.11346666841793863
4687116172#1347237190,0,0,0.010596270364160668
3882201915#2122362220,0,0,0.002968149333215716
1752749942#4247271139,1,0,0.018158598008416186
1770010645#55721888445,0,0,0.003251467380105928
4699280965#1694379811,0,0,0.010369472968555324
4130010417#4448830722,0,0,0.028423466080150287
1313607746#4726704241,0,0,0.010369472968555324
4620685919#4718263231,0,0,0.001995921006130205
3609077013#3474372520,1,1,0.9999989152389815
4272885125#1701333916,0,0,0.006154468726758704
4316999113#4176217131,0,0,0.013833752824870617
3831256267#4542039020,0,0,0.010369472968555324
1914403252#4479070818,0,0,0.011051596432405764
2113288221#3903296442,1,0,0.01043040019161393
4804861605#4130010417,0,0,0.010369472968555324
2068602973#2078774568,0,0,0.005477135544465035
5014897285#4197138413,0,0,0.0012589204845888454
157726428514#167570408533,1,0,0.05478426465381466
422592070627#14613456118,0,0,0.010433463760905506
2092938385#2057986140,1,1,0.9857657407093555
1701333847#1398443073,0,0,0.4718560241299783
18466210670#4750249486,0,0,0.009941286732401907
4589678847#4619195159,0,0,0.01427331646589306
2111041560#2056078364,0,0,2.4840362556527066e-08
3050045988#1951195150,0,0,0.08562763235302669
3227376447#1813034413,0,0,0.04056873857080072
3347114660#1427286361,0,0,0.007371365181634138
117154450703#3999176481,0,0,0.005132241678279987
4898626808#3046471496,0,0,0.030220319394004495
3108657350#5183692300,0,0,0.0062640602711795295
1653994308#4613276653,0,0,0.3736710584342683
50602314209#53263275323,1,0,0.02563566711605735
2111041560#1694379812,0,0,0.000601809298273067
4034038494#2338916683,0,0,0.009413981525869591
2296493468#4535949395,0,1,0.9999072098800981
373850283306#3054671141,0,0,0.013824208902153684
100995265790#1633806208,0,0,0.017771840986786247
4635981164#4825375981,0,0,0.04957608074491478
4289086328#3836576451,0,0,0.006586083624287035
1557919756#1319944364,0,1,0.6962176205130615
2092610519#3269719212,0,0,0.03530931852681309
3594649033#3359180524,0,1,0.7424241699064099
5090005101#212394033260,0,0,0.009243272195885041
125323389433#4223934140,0,0,0.04720684851135759
4656986610#2168053481,0,0,0.01788931538289867
4259429802#4260680249,0,0,0.00951524151643213
3929215225#2007847537,0,0,0.018604662843875647
14613588147#54158093151,0,0,1.7831271723394598e-05
4479096850#107725296889,1,0,0.1390696904644579
4161797606#4132281843,0,0,3.54867142438267e-05
1903466347#3487828521,0,0,0.03425182314167818
2058316912#4851901157,0,0,0.0006062026297078841
1810185303#3557197892,0,0,0.010369472968555324
3236601708#1438326380,0,0,0.010369472968555324
2124411604#4536041187,0,0,0.01766297542369698
1684789889#2977755545,0,0,0.00841412853181957
1382214880#2111041560,0,0,0.00028241166351431493
18468695966#2068602973,0,0,0.12481648720450439
4926426630#114453608394,0,0,0.008411699099651171
2003710867#3630377420,0,0,0.02988710591754601
219547393842#2114341514,0,0,0.007624214364931041
378133536273#2455842713,0,0,0.010369472968555324
3404019592#1847712017,0,0,0.009788057038283702
2114341514#8431809688,1,0,0.009358291463280663
1533602348#3594649033,0,0,0.1687324057167704
2254264382#23230310067,0,0,0.03811421381716109
4667944802#3648904906,0,0,0.019661890936125016
2119476678#3644272514,0,0,0.019516623831839275
4215038721#4451124306,0,0,0.0019113344383743503
4705583754#4735432768,0,0,0.04701693748044566
2007329552#5018368651,0,0,0.008880891179011221
156277207697#3401731422,0,0,0.012347088091432246
2111350136#19705527158,0,0,0.010369472968555324
4687116172#107725290582,0,0,0.005033594488643711
2026258516#1565913509,0,0,0.008601119566296394
2115151765#2281691154,0,0,0.05078067452041665
2455800880#4972894677,0,1,0.8460605802653399
10530767652#10175162517,1,0,0.03818501628343937
2079572106#2075416140,0,0,0.002304455168678439
4417849752#18467669365,0,0,0.0077813390937720986
1701333916#1543155210,0,0,0.006186550110309312
1712080073#2314360284,0,0,0.00982829856541131
564144132292#4232471781,0,0,0.05381741389115652
378133536273#1416827061,0,0,0.010369472968555324
4549189933#3114734058,0,0,0.009607398412903291
4623949166#1751364886,0,0,1.2760770135730492e-26
3550979323#1816427364,0,0,0.010369472968555324
2074019451#2058148983,0,0,0.01378612753624289
4489521100#21269204096,0,0,0.009092557109435547
1477156406#309312101477,0,0,0.00982829856541131
3629624977#2111818909,0,0,0.015178579284868859
2338916683#2339749085,0,1,0.9999999972459932
3055576029#2115880476,0,0,0.010369472968555324
22859701254#2117948923,1,1,0.9997491548383967
1497880313#4215038721,0,0,0.0014247351420928582
3439202323#2003336437,0,0,0.0170828082771913
1537709317#4057032761,0,0,0.010634158362655207
1727736762#1712570793,0,0,0.08672421506647263
4623947495#309312102749,0,0,0.043467388460343634
4867542841#3896058143,0,0,0.010369472968555324
3882201915#4391919171,1,0,0.08801370157943435
4298588573#4641374150,0,0,2.960761539297829e-05
1326086493#2057685237,0,0,0.1399200349625197
3648904752#3669306485,0,0,0.0008580575693766686
3848611844#4451288784,0,0,0.008576267265909222
3648904752#2113288221,0,0,0.010369472968555324
3359180524#4726704241,0,1,0.5295747407900621
1646206864#4176217131,0,0,0.22002925529354792
2275666316#3052165975,0,0,0.003446638716220487
4451342506#4157381557,0,0,0.006191116179920876
3831256267#4549189933,0,0,0.05063552866971271
2066509477#97115452949,0,0,0.013201750567764507
5096293410#2058316912,0,0,0.009092557109435547
10530767652#1903466347,0,0,0.22348907226845416
4680203965#4643011415,0,0,0.010369472968555324
309312101477#4623934568,0,0,0.011973191002982527
4451089335#2254264382,0,0,0.012189727582927024
2452901483#343200247912,0,0,0.008965275059203843
4285709211#4316999082,0,0,0.011864996813572854
309312102749#1718471304,0,0,0.020803900357365426
14613461939#4658620132,0,0,0.010369472968555324
5041670056#4913742546,0,0,0.06596059694651137
1382214880#2133358535,0,0,0.00028241166351431493
3214249597#60367707728,0,0,0.010369472968555324
4215038721#2056478070,0,0,0.013150538941457552
150594502346#2059052537,0,0,0.010369472968555324
3633572726#2092610533,0,0,0.044809514783648384
1427286361#1477293192,1,1,0.7513920807682863
18465721026#4495044650,0,0,0.010369472968555324
1656969942#1654102057,1,0,0.40624068775302086
3075628047#2027838359,0,0,0.00942224626015111
4232666143#4657354285,0,0,0.02090742408202503
79993360240#364679238122,0,0,0.0097771660978835
4579172309#3557197892,0,0,0.21349285974565368
2054657150#4636381625,0,0,0.007918949273810177
49857216438#4346970606,0,0,0.014860746299518694
4535949395#4479096588,0,0,0.012526781818587693
343200247912#4623934568,0,0,0.009710109939359302
4620685919#2056662276,0,0,0.00901510692441459
4663785560#4667944802,0,0,0.0006239545535755485
4065721591#3485676898,0,0,0.008759197238193343
2180579787#2183963548,0,0,0.09361117763953446
87820911338#3791139342,0,0,0.03670664524781336
4658620132#2298730254,0,0,0.01378612753624289
3349756713#167570408533,0,0,0.010369472968555324
4384403228#1721524699,0,0,0.01145668211335436
4195993580#1646275700,0,0,0.0006325079970674533
4450888165#1780678934,0,0,0.0023177350656929958
3860948251#2058132898,0,0,0.047789247223064914
4274235353#86283717806,0,0,0.010369472968555324
422592070627#4631852445,0,0,0.014771919997354752
4538419241#1395111624,0,0,0.009041999512205036
3550979323#564144132292,0,0,0.08469178749326577
4215058789#4057032761,1,0,0.029115610064906344
5096293410#1848008894,0,0,0.009413981525869591
2061673563#3934602500,0,0,0.013888339144315249
5210078086#1565925308,0,0,0.010369472968555324
2551494872#5003601219,0,0,0.009365666728980364
5185236541#4196030610,0,0,0.010369472968555324
10530767652#3487828521,0,0,0.010514125770394024
2159739481#1694379811,0,0,0.0025294431494234746
53263229623#53263275323,0,1,0.535259185032579
1537709317#1537709311,0,1,0.9982607059862307
3903241588#4943818903,0,0,0.009243272195885041
5037293131#2135316663,0,0,0.00898357436130596
3259289288#7026230674,0,0,0.1404365963350306
2062766088#4643898157,0,0,0.016598974034744984
1374772550#1398443073,1,0,0.2845180338680897
146011937628#1656969942,0,0,0.016524533449669195
47752312088#4140165052,0,0,0.007903638202446012
1994805938#2199135578,0,0,0.23537912841849476
4206224036#4659194738,0,0,0.010369472968555324
1430988070#2359435242,0,0,0.022240611982822154
4155510577#4040016243,0,0,0.21426989814026692
1316058339#1319944364,0,1,0.7051762869527803
156277514294#138963214044,0,1,0.9704890148819241
3628533316#3954668240,0,0,0.005030129342433299
3926867260#3361906432,1,0,0.06610609085757402
4226659635#4232471781,0,0,0.005317619205565612
3831256267#292830032329,0,0,0.06754494632021325
1721524699#2114049002,0,0,0.006021568683242631
1386747994#1395111624,1,1,0.7432798523852838
1528865186#2057145715,0,0,0.002917478719305079
3550979323#4157551094,0,0,0.010369472968555324
3501281334#4150903563,0,1,0.8178937232156052
2062770841#422592070627,0,0,0.00945253860949077
4223043910#1867286717,0,0,0.07451949862975182
4057032761#2163049577,0,0,0.009052695903320262
3361906432#3411721643,0,0,0.0744192641048518
3431879179#4572374020,0,0,0.010369472968555324
3612961288#3999176481,0,0,0.13830849555588554
38406123057#4642512906,0,0,0.04918158190245774
2057145715#2063588766,0,0,0.00861744361751063
45531943201#5027483278,0,0,0.001548566036763563
124021630369#2727127831,0,0,0.010369472968555324
3363370353#3419405027,0,0,5.662303531829871e-06
2058278464#1635692869,0,0,0.0037648021924711807
14613469834#314601953357,0,0,0.006437799258703025
3347114660#4272137501,0,0,0.04662466009564768
3403917033#4316999113,0,0,0.007569477498369599
4581502608#1537709308,0,0,0.010369472968555324
4828387554#3849817492,0,0,0.11385909535207951
1741741476#4680204120,0,0,0.0002515868675193202
4804861605#3470148182,0,0,0.010369472968555324
1415647813#7161172305,0,0,0.011793478273353584
1565913509#1456843034,0,0,0.010369472968555324
2148153592#2113760999,0,0,0.009654324739845465
1528865186#4489521100,0,0,0.006758263543649102
5018389488#5154681248,0,0,0.45141290857422567
5007075941#5027483278,0,0,0.08827178423368308
4840773591#4841409785,0,0,0.010369472968555324
187508564338#2064229512,0,0,0.0062376798155542226
212771874474#4755359264,0,0,0.0009831733416831264
4628467232#4065721591,0,0,0.00841255642365055
580549064505#3881831374,0,0,0.009941286732401907
4536450435#4439737347,0,0,0.09043448513393623
3920807098#1709057480,0,0,0.009941286732401907
1312695289#3044853716,0,0,0.0125244328634167
4534359957#187508564338,0,0,0.008191548795174749
4900378668#2199135578,0,0,0.007314960163025075
18467925256#18465851371,0,0,2.787523130688118e-16
49857216438#3609077013,0,0,0.016727162680674864
2066624968#4570764341,0,1,0.6465002184982268
3954668240#3054671141,0,0,0.015309704275245443
5087832312#5090005101,0,0,0.00861508810900058
1751364880#1502384801,1,0,0.2190579671978218
4742698844#1843271409,0,0,0.01158500637806284
1840606003#1319944364,0,0,0.08283291581303355
50602309472#60367707728,1,1,0.6697103670558673
1453532038#1646275700,0,0,0.021762045345373276
1696095096#1627738213,0,0,0.011639041352152364
2059052537#14613588147,0,0,0.009092557109435547
2359435242#2116342008,0,0,0.022240611982822154
5167083430#18465721026,0,0,2.1656813745496832e-10
2070791273#1419344414,1,0,0.010369472968555324
5007075941#1778563595,0,0,0.002656917049981045
4129122420#1398682725,1,0,0.14184269808493963
4657354285#18467669365,0,0,0.0072195178799399915
4993036319#113196401893,1,0,5.555163982924492e-05
3108657350#2111818909,0,0,0.0073556201592513
3032709817#2075240892,0,0,0.010369472968555324
109165560395#2059052537,0,0,0.008253745310471985
4643943359#2062766088,0,0,0.02012794671912364
4439737347#4439737367,0,0,4.989890671498117e-07
4401870234#1416301524,0,0,0.009941286732401907
3032709817#4715847880,0,0,0.010369472968555324
1634282673#1712570793,0,0,0.00745464717326616
3408556286#4900256072,0,0,0.010369472968555324
4584646241#1497939109,0,0,0.007162780737397599
4437827660#4439737367,0,0,3.520266752220962e-07
1316058339#2058316912,0,0,0.006572330417849427
146011937628#3061887519,0,0,0.011240978265850436
79993360240#3055576029,0,1,0.9992775392131591
1951195150#4755359264,0,0,0.010369472968555324
237523614768#435372126625,0,0,0.0505879526623136
1696438060#1415647813,1,0,0.02867035627890917
2059400154#2113760999,0,0,0.010778121526156526
4439737367#4536450435,0,0,0.027326579050965052
3551872495#4792436579,0,0,0.00982829856541131
3050045988#2074458538,0,0,0.07321714677456719
2115151765#1728174555,0,0,0.012330641485849756
111110399548#150594502346,0,0,0.010369472968555324
38202857246#2148153592,0,0,0.008375929705104174
2977755545#4195960848,0,0,0.011008676868257104
4444196403#5215138753,0,0,0.03662293769720873
7161172172#7161173338,0,1,0.9999999430349947
18468687381#18468695966,0,0,0.4638773165019937
3628839716#3474685537,0,0,0.010990241209809676
3628533316#2092174215,0,0,0.008832037512430082
4841409785#4417818851,0,0,0.23653940618948113
4470296934#1816929342,0,0,0.010369472968555324
1438483240#2062845102,1,1,0.9618040776761089
3880409698#3651289412,0,0,0.039119475901260414
107725292534#2112576214,1,0,0.05354504903427042
86626661064#2314360284,0,0,0.005651753520611334
4593095274#4401870234,0,0,0.01097749324988974
2075914534#4944579314,0,0,0.005782303628982583
18466202308#4348295931,0,0,0.008154290599919647
1574873794#1696095096,1,1,0.9130566109987033
4439426144#97115452949,0,0,0.02774175953568242
4662042966#4335156801,0,0,0.011616997148506569
2092610536#4643943359,0,0,0.022991230334701497
4451342506#4479096588,0,0,0.006128984941621779
4470296934#3477269989,0,0,0.010369472968555324
4748650954#4572636295,0,0,0.1394113799822754
2054657143#4653616782,0,0,0.02816719925681457
2268287413#146778888902,0,0,0.013055101339443757
4316999113#4348295931,1,0,0.004359712842063431
5197586202#4439737347,0,0,0.007553541468645977
4285491833#2066624973,0,0,0.0071842695131273246
3926916973#4535930871,0,0,0.040815601757308674
2977755545#4196030610,0,1,0.7029913699898132
3451234547#3551393318,1,0,0.0021711825358841134
4898730640#2063588766,0,0,0.016649216939338875
1472057117#336556403061,0,0,5.665567802896673e-06
2115528606#3988152389,0,0,0.06178588387030433
2062867476#2060355842,0,0,0.027966051461277938
3603201749#2296451977,0,0,0.009538806737044127
3043492443#4636381625,0,0,0.009090254501274339
156277208014#1775497794,0,0,0.01711229387437189
1497939109#2159739481,0,0,2.449696964435067e-05
2054733437#4439737367,0,0,0.008737108605533896
38202857246#1951195150,0,0,0.009413981525869591
4206269897#3299599421,0,0,0.0275145884057226
4843831604#4993036319,0,0,0.0008928935323349814
107725296889#107725292534,0,0,0.008924419882930542
2061673563#2066535766,0,0,0.010369472968555324
2070791273#2175801910,0,0,0.004771912437953816
4210986952#4247271139,0,0,1.8331520331093716e-07
2061309144#1543155210,0,1,0.9528350078315198
4179651570#4272137501,0,0,0.017290196455346633
1848008894#1951195150,1,0,0.3073051967092606
4943818903#4385421396,0,0,0.0319615067452443
2314360284#1548108669,0,0,0.00982829856541131
1438483240#1570945860,0,1,0.9971998211244236
1520168707#2168053392,0,0,0.04871661159932354
2120472151#156277514294,0,0,0.014122675776511029
2060185514#2057145715,0,0,0.0001962321383208765
2071751695#4722721497,0,0,0.001066416801650656
4209814745#157726428514,0,0,0.010369472968555324
2056128836#2111818909,0,0,0.008253745310471985
2176735919#2016866277,1,0,0.0057062423600185526
3791139342#3967431643,0,0,0.019044647672969973
2057811649#2068623358,0,0,0.0015158381452667607
3633360460#435372126625,0,0,0.010369472968555324
3913410158#3245545040,1,0,0.08203980204756237
5031406959#4952978442,0,1,0.9999999999794227
86283717806#1456843034,0,0,0.010369472968555324
156274514359#4535949395,0,1,0.999938356497315
2336490445#3075628047,0,0,0.005286200534350485
4804861605#1848008894,0,0,0.010369472968555324
4584646241#3949154929,0,0,0.012080431875521918
2062782802#2062766801,0,0,3.417517919661751e-05
4952978442#1313607746,0,0,0.03808206120384125
14613588147#3880409698,0,0,0.009092557109435547
117154450703#111110399548,0,0,0.061595318426416856
4667944802#3772512066,0,0,0.0004725151510718128
3648904906#3648904752,0,0,0.00041277522314408073
5173394727#4161797606,0,0,0.007912225240770869
1816929342#1694379811,0,0,0.013993630908634404
38202856033#38448881724,0,0,0.017372291267162204
3550931655#2066246683,0,0,0.002716371174440179
1914706723#1905948078,0,0,0.006335273160724886
138963214044#4730645460,0,0,0.009092557109435547
4219781521#2181531828,0,0,0.010369472968555324
4973150488#2455800880,0,0,0.2522464282450044
2058222393#3408556286,0,0,0.005010912986983725
2180579787#2026258516,0,0,0.42943747785210984
343200247912#1477156406,0,0,0.0074893160384485
2064727359#4272885125,0,1,0.9770732154936611
4662042966#4024663252,0,0,0.012502784171449241
3404019592#3299599421,0,0,0.010369472968555324
4535949395#2058132898,0,0,0.0144514748584032
3637042235#4327866563,0,0,0.01282559360477888
5167083430#2977755545,0,0,0.011662763663540108
14613465315#4972894677,0,0,0.04928312734778067
5174571094#2254264382,0,0,0.032417391037090244
4933360994#3046471496,0,0,0.010369472968555324
2111351705#2111349786,0,0,0.0470793216727962
3629624977#2063839578,0,0,0.022572051430388637
4256622048#4256926363,0,0,0.0014844205898155234
3848611844#1711852573,0,1,0.9999999999910187
4210985419#2135316663,0,0,0.00982829856541131
3290843987#4479424072,0,1,0.846721248988838
4898626808#2058132898,0,0,0.1521599749479688
336556403061#4161797606,0,0,0.00037446694522775544
1920503864#4259429802,0,0,0.013076286444115456
2055448044#5018023921,0,0,0.02855340952428989
2114049002#309670736915,0,0,0.010369472968555324
4499147142#4929499262,0,0,0.37617354043469964
3772512066#3626237468,1,0,0.002162470079290388
3401731422#3880409698,0,1,0.9999744270786773
173652977366#197910587768,0,0,0.07273838108199028
2159739481#1438326380,0,0,0.0071495158631416054
146777938215#2067179166,0,0,0.06282746802731375
2057811649#4680203965,0,0,0.0025990174834592196
4643718292#2056478070,0,0,0.00875454128174379
4700047151#3055576029,0,1,0.9759864962392946
1453527936#2359435242,0,0,0.09646450506114712
2066509477#4628482537,0,0,0.0036813267125385216
5067776785#2111818909,0,0,0.01646693534218033
4536450435#41375214069,0,0,0.010369472968555324
1848008894#18469192585,0,0,0.009413981525869591
14613464473#54158093151,0,0,3.2100239005954346e-06
2057685237#4444196403,0,0,0.03662293769720873
4673557611#4718263231,0,0,0.0035168811634970192
14613464473#2062045929,0,0,0.010369472968555324
4659194738#4973150488,0,0,0.009941286732401907
3612961288#4130010417,1,0,0.11245262647563942
4755359264#5018368651,0,0,0.010369472968555324
3988152389#4451089335,0,0,0.013045204658267782
4479424072#4196598949,0,1,0.9880505852543662
1817644740#3926867260,0,0,0.030759334055473233
3603201749#4636446230,0,0,0.0776095517399278
3628533316#5128222238,0,0,0.025654836813361188
4285709207#4348295931,0,0,0.001887463262345924
4746512285#87820905399,0,0,0.0033776669424200245
4176217131#4353960088,0,0,0.02998461033989881
1741741476#2068623358,0,0,0.0009977938389903872
4195993580#1816430010,0,0,0.0016287426626070576
4451289887#4470296934,0,0,0.010369472968555324
5121642074#156893097471,0,0,0.010369472968555324
4147080749#4538419241,0,0,0.010369472968555324
2112576214#4261185678,0,1,0.9999945626398731
3419405027#3404019551,0,0,0.000920013490731951
3108657350#2148153592,0,0,0.002757597077835593
1419344414#2027838359,0,0,0.010369472968555324
4657354311#156277207697,0,0,0.019781908432109696
14613465315#1592254485,0,0,0.010369472968555324
2163049577#4065797638,0,0,0.02186398478069754
2338131041#5128222238,0,0,0.020382837694890504
4214739605#4941134416,0,0,0.03429867177604485
1548108669#5163452200,0,0,0.00760997418272854
4808134153#2007847537,0,0,0.011385384985799671
4150903563#4065795443,0,0,0.45407067283257263
4195960848#4145496082,0,0,0.00960665158462788
2168053481#4589595738,0,0,0.0046168695173809055
4223934140#4589820532,0,0,0.19202447425476585
3651289412#1765891797,0,1,0.8499929066261299
2114341514#18467925256,0,0,0.00016212080425074955
4129122420#3400442486,0,0,0.23587653358077462
3438816692#1415647813,0,0,0.020549735184121915
2062845102#5197586202,0,0,0.009413981525869591
4289077889#18468695966,0,0,0.010839507148605576
564144132292#138963214044,0,0,0.3329400683964456
2359474749#1594535010,1,0,0.03636160529040341
1878732185#1914706723,0,0,0.0020129302641660332
2075416140#4635981164,0,0,0.27518746977643455
7026230674#156277514294,0,0,0.022410641695724886
3501285885#395685899087,0,1,0.5568533469397471
2199135578#113196401893,0,0,0.0088802333974878
2057342439#1810185303,0,0,0.00982829856541131
2026258520#2181531828,1,1,0.5272425741003122
4589678847#2168053481,0,0,0.014906922477083452
5041670056#2063588766,0,0,0.013397980071686041
1696208496#2027838359,0,0,0.0101738428905564
4456625974#4750249486,0,0,0.31928771141634327
3282474651#5090005101,0,0,0.010369472968555324
2062766088#2062782802,0,0,0.00011089910818809048
4451288784#3446029041,0,0,0.005682112789310271
3896015808#5174571094,0,0,0.0097771660978835
1778563595#197910587768,0,0,0.010369472968555324
2054733437#2070908197,0,0,0.007666853541597534
2135316663#1312695289,0,1,0.8086412602829937
3517506225#4658620132,0,0,0.010369472968555324
4658620132#3054671141,0,0,0.03377323865350956
2074458538#2026258520,0,0,0.009413981525869591
38202856033#2168053481,0,0,0.00861744361751063
4456625974#2061448087,0,0,0.008565715755232475
174006932062#5173394727,0,0,0.010369472968555324
3882201915#4391918874,0,0,0.002833481045568244
4514269980#4523728345,0,0,0.06043930732536448
4549189933#1816929342,0,0,0.03847530952790202
4643943359#435372126625,0,0,0.005502616956617282
174006932062#4004772536,0,0,0.04979327854550647
3754155310#2027929598,0,0,0.0584804917258182
2061022206#2057685237,0,0,0.010369472968555324
2069139175#1816428069,0,0,0.01082859032306217
2159452221#32236834289,0,0,0.010369472968555324
3052180518#2061673563,0,0,0.2681100396319981
4570764341#3044853716,0,0,0.15516625608503695
2062075977#2065201243,0,0,0.0007466599795315107
4145496082#173652977366,0,0,0.007314960163025075
4712246454#3551393130,0,0,0.007314960163025075
2059124992#1395111624,0,0,0.009413981525869591
4157381557#4247271139,0,0,1.8331520331093716e-07
5174571094#376973981474,0,0,0.2634207720722363
3727491058#4289086328,0,0,0.008545021627454429
4065721591#1696095096,0,0,0.09050766531530495
4435686270#1696095096,0,1,0.5509655019204971
2199135578#2120155505,0,0,0.1044859574188829
2111872187#3227376447,0,0,0.0074893160384485
14613469834#3501285885,0,0,0.020626578829101322
3603201749#3926867260,0,0,0.00023977174323584134
4145496082#2329543699,0,0,0.027867138265323887
4285491833#1920503864,0,0,0.012804248999091097
1633806208#2055377631,0,0,0.014858230871187997
3043492443#5163452200,0,0,0.009413981525869591
2270062912#3551872495,1,1,0.9999875691876584
2114049002#4623949166,0,0,0.005771873158554631
4991881534#1712570939,0,0,0.010369472968555324
4040016243#3050045988,0,0,0.09358776076165408
2007934907#4797396841,0,0,0.0074547724663776085
2003336437#4259241183,0,0,0.010369472968555324
4165585148#4210986952,0,0,0.009413981525869591
4015322905#4015422065,1,0,0.06324464295540204
3806980943#4943818903,1,1,0.9134830551230075
3214249597#2159452221,0,0,0.046842319074220026
2359435242#106964376935,0,0,0.019416825728868232
1307874587#2059052537,0,0,0.008882055655069493
1711852573#2111351705,0,0,0.014044958640258707
4570764341#8431814058,0,0,0.005837150605424213
2165015487#1953270965,0,0,0.000134193880285726
4589678847#3628839722,0,0,0.010369472968555324
10175162517#4656986610,0,0,0.010369472968555324
4405676807#146011948003,0,0,0.010369472968555324
4317041484#2119476678,0,0,0.0033677292492039273
2176735919#1382214880,0,0,0.00028241166351431493
2115528606#1592254485,0,0,0.008253745310471985
2455800880#2455842713,0,1,0.9982515514103162
4450602322#4579172309,0,0,0.4643726924179664
1639219119#1565925308,0,0,0.008157600015610706
4157381557#4910561821,0,0,0.08802353680547266
4384403228#3709672083,0,0,0.23663555096826425
4223004786#3633572726,0,0,0.010369472968555324
2055886100#4570764341,0,1,0.9858108015245175
2455800880#4897048724,0,0,0.004950877454373848
1394397775#1565925308,0,0,0.05693849844973463
2079581946#2296451977,0,0,0.0032067908843679306
3669306485#4157496031,0,0,0.0008065437837879071
1639901072#4722721497,0,0,0.004394855220238717
2159452221#3214249595,0,0,0.046842319074220026
4780994423#5060996735,0,0,0.010369472968555324
4437827660#4155408706,0,0,0.019217515413087097
4495500756#4385184631,1,0,0.030004864160814132
4232471781#4232666143,0,0,0.09137578568622057
3474685537#1646206864,0,0,0.008072549001224904
2026258521#4542321633,0,0,0.006095528002667482
2115528606#6015919609,0,0,0.007822116268413658
4417818851#5173394727,0,0,0.008253745310471985
2551494872#3061887519,1,0,0.22979374510870482
3026064813#3630377420,0,1,0.999999990832066
3490539439#4065795443,0,0,0.012588446991508314
2062770841#1374772550,0,0,0.004753337410642828
3461052410#1778563597,0,0,0.00948450008347665
4656986610#4589595738,0,0,0.028322157404853422
4214739605#4405676807,0,0,0.014052339801700934
3635733776#4716933437,0,0,0.008545021627454429
4071233134#4451288784,1,0,0.42669724415357874
4327866563#2058563113,0,0,0.012119885250875337
4952978442#1646144729,0,0,0.1555341547502999
4643011415#3359180524,1,1,0.9905986955798673
580549064505#4657354294,0,0,0.013397037457623755
2055377631#5037293131,0,0,0.014879682004650665
4285491833#1318260275,0,0,0.010369472968555324
79993360240#1570945860,0,0,0.012078067598331629
22859701254#50602314209,0,0,0.010369472968555324
38202856033#4943818903,0,0,0.007240601694378426
4572636295#4633378534,0,0,0.14502832460540072
3913410158#4206267336,0,0,0.016357273311387383
2058278464#3529095384,0,0,0.010369472968555324
3050152494#2054817755,0,0,7.755915658106862e-05
107725292534#107725290582,0,0,0.008924419882930542
2066509477#2452901483,0,0,0.0093712324582675
4150903563#3487828521,0,1,0.6993615699985485
4643943359#2070627808,0,0,0.008977507225912751
2057051387#3551872495,0,0,0.008233786666210375
4200562083#4536450435,0,0,0.03997496953788845
202363939789#10530767652,0,0,0.003588239501822809
1701333847#1374772550,0,0,0.4718560241299783
4735432768#4206242446,1,0,0.023778576938954035
5014897285#3474685536,0,0,0.0004286641474579076
38448881724#5095503840,0,0,0.0012559438941543424
2079581946#2070908197,0,1,0.5721302775545086
4716933437#1811606488,0,0,4.3857481615937266e-05
1312695289#2066624968,0,1,0.9855381874166139
212771874474#187508564338,0,0,0.0005726280521482066
2026069710#4589830735,0,0,0.014496305931972079
4451289887#3446029041,0,0,0.018095345525479818
2074019451#4385069368,0,0,0.007152166055046305
4495500756#3550979323,0,0,0.010369472968555324
3400442486#2059052537,0,0,0.012503786900177737
4206224036#4206267336,0,0,0.00018849345342326278
1477156406#4157280271,0,0,0.02614812161481804
4204386191#1416301524,0,0,0.05093975872625768
2057685237#4147080749,0,0,0.02114195472640419
2056662276#100995265790,0,0,0.020419914809424053
3555205657#4150903563,0,0,0.056698723905267714
4323500485#4748650954,0,0,0.28067129944922975
3594649033#4700047151,0,1,0.7764566069901659
3044025040#4210985419,0,0,0.00982829856541131
4644140313#4065721591,0,1,0.9997850104721563
3896058143#1816929342,0,0,0.010409261714607725
1818739935#2065201243,0,0,0.002840955059644757
4223934140#201663692217,0,0,0.054394903493585285
4442900590#4451289887,0,1,0.975796811866126
4205538788#4218561827,0,0,0.008461162472757001
113196401893#2058316912,0,0,0.0005269176164028152
237523614768#1574873794,0,0,0.011469377964013205
4551054156#4535949395,0,0,0.15038612964396444
4206224036#4746144353,0,0,0.009960115493017965
3236601708#3269719212,1,0,0.07267233593940808
2314360284#4259429802,0,0,0.00982829856541131
4495044650#1497939109,0,0,0.010369472968555324
3477269989#2275666316,0,0,0.015178579284868859
1537709308#4209814745,1,0,0.010369472968555324
1574873794#4730645460,0,0,0.01798014268465587
4077473357#3446029040,0,0,0.022459343385761586
4065795443#3501281334,0,0,0.45407067283257263
2268287413#2359474749,0,0,0.052272076328661606
1696208496#2070791273,0,0,0.00930139086451167
4604457043#4511530729,1,0,0.058345311663644414
125323389433#50602309472,0,0,0.00819717193148136
3363370353#3404019551,0,0,0.000920013490731951
3669306485#3289002505,0,0,0.009941286732401907
5214033793#5031406959,0,1,0.9186400269351971
2120851333#156893097471,0,0,0.010369472968555324
314601953357#2055377631,0,0,0.007079517836146453
2061448091#4209814745,0,0,0.010369472968555324
1701470611#1472057117,0,0,0.003506079655539895
41713266437#5007075941,0,0,2.3174953993939688e-06
4155510577#1951195150,0,0,0.08562763235302669
4551054156#4391919171,0,0,0.011430671609101297
2069139175#4384414279,0,0,0.010369472968555324
1537709308#87720200914,0,0,0.010369472968555324
1472057117#1728174555,0,0,0.0004259401294209774
2078835030#4417849752,0,0,0.008111794473253085
4291077418#2062045929,0,0,0.010369472968555324
1920503864#4457149562,0,0,0.010369472968555324
106964376935#10530767652,0,0,0.005811947422039583
3628839717#3451234547,0,0,0.006084520986297542
1741741476#1438483240,0,0,0.30180693812023834
21269204096#3046471496,0,0,0.03361939933942278
2268304430#3648904752,0,0,0.014498151737224081
3712801411#4900378668,0,0,0.0040968930273038474
395685899087#4196521320,0,1,0.6561705952739735
1307874587#1818739935,1,0,0.017678424111848428
4499147142#5182742886,0,0,0.2888299957870357
2120472151#3903241588,0,0,0.012093620088032083
1520168707#2056662276,0,0,0.010369472968555324
138962728028#4636381625,1,1,0.9999997927723926
4285709207#1816430010,0,0,0.0052834020289066475
291173146171#38448881724,0,0,0.0062376798155542226
2057051387#3419405027,1,0,0.12024335820910266
4040016243#3836576451,0,0,0.010369472968555324
2064727359#86283717806,0,0,0.014074563119908515
3055576029#4726704241,1,1,0.9776761903132554
4820163687#4323500485,0,0,0.33914344849374006
1751364880#4514269980,0,0,0.007558387830302391
2069985286#373850283306,0,0,0.2483496256033533
4635981164#4623570105,0,0,0.33691337593140624
4330455313#4165585148,0,0,0.12028420404800202
2168053481#1520168707,0,0,0.017754316045423775
8431809688#3043492443,0,0,0.01001322073741309
2057051388#156893097471,0,0,0.011240775721538764
14613460476#3403897392,0,0,0.005553106159296437
1816430010#1321409006,0,0,0.00043038983145730355
5169557343#3269719212,0,0,0.010726173445657565
4454965094#4663785560,0,0,0.008253745310471985
2159452221#4570764341,0,0,0.06605726575947958
292830032329#3628533316,0,0,0.010746425888970608
4435686270#580549064505,0,1,0.9999566644790863
2111349786#2111350136,0,0,0.0018295561962767032
4570764341#4705583754,0,0,0.015178579284868859
5027483278#5018023921,0,0,0.05957008310566346
3290843987#97115452949,0,0,0.007264251161685352
1718471304#6871473475,0,0,0.020624805552260716
3550979323#4893633475,0,0,0.010369472968555324
2339749085#2338131041,0,1,0.9999999947336846
2727127831#3860948251,0,0,0.04827868407309034
3551393130#4330455313,0,0,0.006968624551821762
5169557343#2117967935,0,0,0.010369472968555324
1778563597#3485676898,0,0,0.003710797627048818
156893097471#1701470611,0,0,0.010369472968555324
4414530598#2175801910,0,0,0.0047035539753379286
4572380856#2064727359,0,0,0.0062376798155542226
4384414279#4353960088,0,0,0.29474069114005996
2066624973#1312695289,0,0,0.0125244328634167
5182742886#4746144353,0,0,0.009941286732401907
10175162517#4712246454,0,0,0.009941286732401907
4452060617#4456625974,0,0,0.29621109800526274
110232280082#1816430010,0,0,0.005615965873917778
2071751695#18468695966,0,0,0.19657935010873273
4662042966#4668248026,0,0,0.0006239545535755485
53263229623#4514269980,0,0,0.007885856327663955
5173394727#3061887519,0,0,0.2115662017758817
138962685339#3487828521,0,0,0.009041999512205036
4761512241#2119398744,0,0,0.010369472968555324
5018368651#7161172305,0,1,0.9990241572083857
4034038494#2007329552,0,0,0.011860771225897904
2120155505#4272137501,0,0,0.12860384695340452
2003336437#1311812490,0,0,0.08064181456012437
2115151765#2199135578,0,1,0.9385455985415448
18467669365#2068436073,0,1,0.9908356677460778
4157381557#4210986952,0,0,7.605078225138629e-08
4542321633#4530026053,1,0,0.042761109699405275
4623949169#4623949166,0,0,1.5224237524600722e-28
4218561827#3920807098,0,0,1.7721500048314573e-05
4435528162#4619195159,0,0,0.010369472968555324
4274235353#4643938191,0,0,0.00808688454189623
4272887201#3669306485,1,0,0.21915691629146836
2114716134#2113288221,0,0,0.0022234009848677546
5169557343#1627738213,0,0,0.009635249416626414
4439737347#3042764047,0,0,0.02664026363777739
4397595587#4223043910,0,0,0.01143507155628417
1694379812#1694379811,0,0,4.170965304860611e-18
4893633475#2113288221,0,0,0.012836612752251392
4514269980#4202041822,0,0,0.00997402143370127
18468188878#2071751695,0,0,0.18668661295270977
4792436579#2977755545,0,0,0.047086100479900486
5163452200#3637042235,0,0,0.04306526772046014
1688824936#2003336437,0,0,0.014976570761171842
156276677247#4662042966,0,0,0.009413981525869591
4898626808#2026258516,0,0,0.0030705527874236934
4209814745#2060257095,0,0,0.010369472968555324
19705527158#3628839716,0,0,0.010369472968555324
3949154897#4584646241,0,0,0.012080431875521918
4929499262#4828387554,0,0,0.2888299957870357
2298730254#4450888165,0,0,0.009413981525869591
3644272514#4442900590,0,0,0.3375600420415939
4898730640#3903241588,0,0,0.0077563260070274125
4157496031#1520168707,1,0,0.18187396467802672
2336490445#18465721026,0,0,0.010369472968555324
1520168707#97014870931,0,0,0.010369472968555324
4943160331#5208946130,0,0,0.01550922443978186
1712080073#4024663252,0,0,0.009444659922850577
3913410158#4705583754,0,0,0.02671948238035105
1848008894#4272137501,0,0,0.009413981525869591
4628867825#2168053481,0,0,0.026221601846852943
3446029032#1694379812,0,0,0.01268084731676654
2122362220#4316999113,0,0,0.0022948335746891977
4439737367#3525845999,0,0,0.3331668804902571
3889395495#4202041822,0,0,0.009918475934388056
4662042966#4718263231,0,0,0.0023881015259018517
2026258519#2026258524,0,0,0.05271078926055969
3408556286#3043492443,1,1,0.9994156766713891
4450888165#1962074579,0,0,0.026445801620136423
3648904906#111110399548,0,0,0.0005837569467732651
4913742546#2055448044,0,0,0.0484295361598514
3880409698#2079572106,0,0,0.03842753781046656
1537709317#4165585148,0,0,0.010369472968555324
2092938385#1778563597,0,0,0.02174648415444373
4289077889#1743052872,0,0,0.008916060839413846
4448830722#4792436579,0,0,0.004694892926942045
1646144729#1313607746,1,1,0.9722593282356333
2062845102#5087832312,0,0,0.010369472968555324
1688824936#2175801910,0,0,0.010519305990672235
3709672083#2057986140,0,0,0.19651328323835063
3691000538#1684789889,0,0,0.09624380970040003
4897048724#1811606488,0,0,0.013724203470044242
4643718292#2296451977,0,0,0.012480258712008646
4442900590#4451288784,0,1,0.9259360076526698
2117948923#4536450435,0,0,0.0252696090035026
2060253226#1565913509,0,0,0.004409148217474591
2064229512#2119476678,0,0,0.010369472968555324
4657354285#580549064505,0,0,0.013397037457623755
18465851371#10530767652,0,0,0.0012824420501410996
2069139175#1816430010,0,0,0.006673811936272076
124021630369#4027742647,0,0,0.010369472968555324
4454965094#2066624968,0,0,0.03244002668545805
4551054156#156277208014,1,0,0.0664813221296542
2060253226#5123189265,0,0,0.0062376798155542226
4811798618#117277915830,0,0,0.10620450055848328
5210078086#2154491220,0,0,0.017223535065200947
3043492443#2117948923,0,0,0.008615260281476057
3282474651#3259289288,1,0,0.437765923621561
3299598934#189546061243,0,0,0.010369472968555324
3439202323#3949154897,0,0,0.008525738516032475
2060257095#5169257472,0,0,0.010369472968555324
5154681248#138963214044,0,0,0.009413981525869591
3949154929#3949154897,0,0,0.20443750922277334
4232666143#2059400154,0,0,0.010369472968555324
4176217131#4204386191,0,0,0.1095270109133024
4536041187#3949154929,0,0,0.19705541545396546
138963214044#3245545040,0,0,0.010118618417576736
1477293192#4479070818,0,0,0.00956169355500639
2111351705#1637980981,0,0,0.002166056379131352
1921223120#14613460476,0,0,0.008847311818708622
1743052872#2133358535,0,0,0.00928293145906777
276611684552#5090005101,0,0,0.009092557109435547
4841409785#1867286717,0,1,0.6344484636274659
3485676898#5059261580,0,0,0.006833139139752932
4298588573#4718263231,0,0,0.0003708055333170316
2062075980#2114341514,0,0,0.0007466599795315107
3287805133#4291077418,0,0,0.04889172803612686
178258449477#4898730640,0,0,0.023127032009950373
3630377420#3651289412,1,1,0.9997343660816901
2452901483#2054657150,0,0,0.003651110130988576
292830032329#2118416856,0,0,0.019965719682498332
4943160331#86626661064,0,0,0.039426551494556906
4456625974#1395111624,0,0,0.009413981525869591
2064955879#207035576772,0,0,0.011050320153785249
8431814058#2062075977,1,0,0.017500212290990268
3501285885#4613276653,0,1,0.9608505406695408
4161797606#1594535012,0,0,0.008328151172563594
4993036319#3108657350,0,0,0.006644969168513725
4643718292#2067179166,0,0,0.00942224626015111
4442900590#3446029041,0,0,0.051652494998098805
1639699607#1416827061,0,0,0.02708017163090392
2168053392#4642854804,0,0,0.0053272917452801775
4620261674#2062867476,0,1,0.9850202492209953
3474372520#2062867476,0,0,0.13442354342868332
3860948251#2175801910,0,0,0.006840568099793746
3108657350#4998365450,0,0,0.010369472968555324
1438483240#4628482537,0,0,0.009367629552409293
2168053481#4261185678,0,0,0.00861744361751063
4454991968#3431879179,0,0,0.2507995000516553
1416827061#1782357780,0,0,0.0044643551476478945
1752749942#2063588766,0,0,0.0001827335793842927
2062045929#4538419241,0,0,0.009413981525869591
1548108669#4659194738,1,1,0.9977605026965195
4929499262#3709672083,0,0,0.010369472968555324
4147080749#1694379812,0,0,0.015316010908116766
4209814745#1537709317,0,0,0.010369472968555324
2070791273#2027838359,0,0,0.008344524521618853
3637042235#4040016243,0,0,0.4020398613841176
2150036453#2026258520,0,0,0.007290467080786188
10530767652#4145496082,0,0,0.008809449525403915
4027742647#3557197892,0,0,0.21349285974565368
4943818903#4735503306,0,0,0.0016740968630538555
50602314209#50602309472,0,0,0.0008722560124057593
1316556785#1311812490,0,0,0.014621653038085493
1318260275#1951195150,0,0,0.06048031516807666
1712570793#1712570939,0,0,0.43476379227822276
2092610519#2113288221,0,0,0.019358895193280858
3628839722#3513178266,0,0,0.006084520986297542
5208946130#86626661064,0,0,0.09779563781145978
2027890207#2154491220,0,0,0.01930424935944733
4435913614#4289086328,0,0,0.005292890870044214
1647227082#1688824936,1,1,0.5433943436872629
4285709207#1477156406,0,0,0.009313507472957502
2027929598#3431879179,0,0,0.18439348205449202
2066624973#2115528606,0,0,0.00861744361751063
4658956014#2122362220,0,0,0.009202075847317994
4898626808#2314360284,0,0,0.17471807277188692
1875282048#4391919171,0,1,0.6797221416109581
1394397775#2059483876,0,0,0.0032561347716927925
4589929428#4535941097,1,0,0.39227408356077725
70183897754#5215138753,0,0,0.010369472968555324
107725296889#4261185678,0,0,0.27888475564493376
146777938215#4636446230,0,0,0.010093183937291412
364679238122#4536450435,0,0,0.0252696090035026
4993036319#4851901157,0,0,0.0018386217532282757
4353960088#2057986140,0,0,0.1407849736071144
1718471304#4628467232,0,0,0.014352791009507667
5123189265#5018368651,0,0,0.24649781846440302
4439426144#3227376447,0,0,0.021167342579463032
183335907108#2135316663,0,0,0.006430383808542808
1709057480#1718471304,0,0,0.0352719829364167
4454991968#3349756713,0,0,0.11585117923162767
3501281334#3487828521,0,1,0.6096050549578639
4683006694#1382214880,0,0,0.023146997801231892
1453532038#4401870234,0,0,0.006865029384486426
5109193415#4214739605,0,0,0.06281275963980179
1765891797#4715847880,0,0,0.052045696280008186
4285491833#4149299298,0,0,0.038381173791164826
3772512066#146011937628,0,0,0.010369472968555324
4451124306#3124123344,0,0,0.010369472968555324
5169257472#5169253299,0,0,0.01228490755174897
2118416856#2061673563,1,1,0.5035840936601856
1477156406#4746512285,0,0,0.010369472968555324
156277193948#2296451977,0,0,0.008403152736828666
4256622048#292830032329,0,0,0.010369472968555324
1312695289#2176735919,0,0,0.006786848239728996
2296574953#4643718292,0,0,0.014205958192553889
50602314209#11087571368,0,1,0.6251618314550537
4259241183#3637042235,0,0,0.06048031516807666
2168053481#4619195159,1,0,0.3157406278323483
2057986140#4589830735,0,0,0.011523084609093693
3026064813#3691000538,0,0,0.26024304876933163
2074458538#1951195150,0,0,0.08562763235302669
4643898157#2078774568,1,1,0.751199684137324
4272843119#2064727359,1,1,0.5088067343768724
4572636295#4323500485,0,0,0.11424730926170663
4792436579#2183428945,0,0,0.0062376798155542226
1847712017#138962728028,0,0,0.010369472968555324
48926966870#3026064813,0,0,0.013144695157310331
2163049577#4065795443,0,0,0.02186398478069754
2066246683#3236601708,0,0,0.010780543144925374
3626237468#4718263231,0,0,0.0004913515474255673
1696208496#1416528046,0,0,0.012311290899346171
4643898157#2063706226,0,1,0.548117694590466
2119476678#3903296442,0,0,0.006765836283594696
2359435242#18467669365,1,0,0.21372049493318312
2026258521#2180579787,0,0,0.42943747785210984
3446029041#4206267336,0,0,0.009390969336863144
5041670056#1696208496,0,0,0.010369472968555324
3635733776#3691000538,0,0,0.4776060992166458
2359348328#2054753273,0,0,0.06640849317427912
4643943359#2056478070,0,0,0.0033632303128804976
3363370353#1847712017,0,0,0.008793880502759446
4642512906#4636446230,0,0,0.009745769299855267
18465851371#2065201243,0,0,0.00010164857963290793
156277208014#156274514359,0,1,0.9993665589695033
2058316912#1537709304,0,0,0.00861744361751063
1637581644#1497939109,0,0,2.509153342201276e-21
2168053392#4619195159,0,0,0.01713114978396699
1905948078#2168053481,0,0,0.00861744361751063
2054657150#2066509477,0,0,0.024521315931849575
4538332005#4643943359,0,0,0.008572556175139865
2075416140#2066535766,1,0,0.1997247740111588
6015919609#4643718292,0,0,0.04892236523090554
4643718292#4944579314,0,0,0.006266340436541973
187508564338#4348295931,0,0,0.004340309127534795
4015322905#4401870234,0,0,0.009065245562921735
4542321633#1502384801,0,0,0.03100095303014398
1639219119#3495408683,0,0,0.023573328927243793
1751247315#4450602322,0,0,0.010369472968555324
2135054445#373850284448,0,1,0.6427582135963246
4197138413#156277193948,0,0,0.00898308656466184
3403897392#3926916973,0,1,0.9998833424387057
3882201915#3903241588,0,0,0.17419743209695487
4165585148#4353960088,0,0,0.17787483237840618
4272137501#1994805938,0,0,0.031099747884883365
4542386587#5173394727,0,0,0.01215047667513366
2056128836#1438326380,0,0,0.006168453755896062
1565912494#4202041822,0,0,0.0074547724663776085
4200577198#1472057117,0,0,0.0033824577002176254
4680204120#2057811649,0,0,0.00039757897402422325
4657354294#4256926363,0,0,0.007250720384373147
3431879179#3754155310,0,0,0.04810902267211734
2064730522#3648904752,1,1,0.9938187400818501
4657354311#2165015487,0,0,0.010369472968555324
3445564730#3461052410,1,0,0.11951525499346781
14613461939#4972894677,0,0,0.04928312734778067
4840773591#156274514359,0,0,0.3173973179797188
3259289288#7161172305,0,0,0.2884088264599893
1386747994#4781194041,0,0,0.010369472968555324
2026258516#2007329552,0,0,0.015594526283458707
38448881724#4959321228,0,0,0.0012559438941543424
4668248026#38202856033,0,0,0.0007970369691828758
4551054156#14613456118,0,0,0.001844638691707279
4843831604#113196401893,0,0,0.0008928935323349814
4391919171#4584646241,0,0,0.03822813977071915
2062045929#106964376935,0,0,0.001924119928900365
3363370353#2057051387,0,0,0.004583001423765008
1311812490#1647227082,0,0,0.022458518052119205
2455800880#2057051387,0,0,0.03804674334839093
2268304430#2359474749,0,0,0.06889349815776177
2268287413#2268304430,0,0,0.052272076328661606
3770456617#3485676898,0,0,0.01001322073741309
1570945860#3633360460,0,0,0.07833278566283884
2064414260#4589929428,0,0,0.012694558732915837
276611684552#4479070818,0,0,0.012462003460160367
1654102057#1921223120,1,1,0.9583482080314951
54161674630#75959618233,0,0,0.010369472968555324
4479096588#4699510653,0,0,0.13958932858027936
3806980943#38448881724,0,0,0.011067469567582502
4457149562#219547393842,0,0,0.009051044709806824
3709672083#4353960088,0,0,0.19438318852538114
146011937628#5173394727,0,0,0.11346666841793863
4454965094#4015422065,0,0,0.008067412310426928
4619195159#4454991968,0,0,0.010369472968555324
38406123057#91686025987,0,0,0.04805927294059178
4353960088#5197586202,0,0,0.019811184467193266
4226659635#4226659634,0,0,0.022680495321415806
4201830454#3626237468,0,0,0.009092557109435547
3628839716#3513178266,0,0,0.006084520986297542
4542321633#4451289887,0,0,0.023745814323784663
4451342506#4479095804,0,0,0.016686445636616504
4535949395#156277193948,0,1,0.9584238810963726
4346970606#4034038494,1,1,0.9018582673046831
53263275323#4763332016,0,0,0.008922223867496805
2007847537#1594535010,0,0,0.02424122323621602
212394033260#4214739605,0,0,0.0050349969485996475
1634282673#309312101477,0,0,0.00880987170286083
2074458538#4155510577,0,0,0.10806760791850188
4232666143#4683006694,0,0,0.010369472968555324
4215038721#4451124293,0,0,0.0019113344383743503
167570408533#4631852445,0,0,0.04092614112150906
3633572726#2727127831,0,0,0.03352215198075906
4535949395#4840773591,0,0,0.316273321100281
4657354294#4226659634,1,0,0.02090742408202503
1477156406#2343156405,0,0,0.003954169616818416
3551393130#125323389433,0,0,0.002593656871084724
4720389596#46983614517,0,0,0.010369472968555324
4200577198#202363939789,0,0,0.03486130554102981
1574873794#3501285885,0,1,0.9999999579150094
4272887201#3648904906,0,0,0.15859744634442374
2298730254#3050152494,0,0,0.0006612177787517774
11087571368#2063839578,0,0,0.0072607687444355105
2066535766#2079572106,0,0,0.0701081670874867
8431809688#2054753273,0,0,0.011112624662929236
4755359264#22859701254,0,0,0.02256957987655331
3474372520#3470148182,0,1,0.8134375989036452
373850284448#4658620132,0,0,0.015178579284868859
41713266437#5090085713,0,0,0.009092557109435547
4613276653#2058316912,0,0,0.008174092019641836
4644140313#395685899087,0,0,0.25293462299587455
1712570939#1712573177,0,0,0.26608263058713044
5185236541#3052180518,0,0,0.011798733490358568
1740857110#1751247315,1,1,0.9993072284608815
3644272514#4452550298,0,0,0.04242914050442495
1415554755#1419344414,0,0,0.010369472968555324
2111351705#1810185303,0,0,0.005161503238331543
2314360284#7161172305,0,0,0.00982829856541131
4442900590#4644140313,0,0,0.0063395927641516706
4200577198#1728174555,0,0,0.006603416118076586
2003336437#113196401893,0,0,0.009227043333200754
5174571094#1500022510,0,0,0.014975949881595261
4003298247#4149299298,0,0,0.038381173791164826
5104418469#2154491220,0,0,0.013531071276055198
3651289412#1321409006,0,0,0.011959910828348727
87820905399#3439202323,0,0,0.011643136363049946
4570764341#138962685339,0,0,0.014980000709381968
18468687381#18468188878,0,0,0.4480343748548862
34888001864#4663785560,0,0,0.00765424551784695
373850283306#1671393307,0,0,0.014390071026649685
421393369392#2063839578,0,0,0.02035980808165071
1347237190#4623934568,0,0,0.15612501320866667
4542039020#1318260275,0,0,0.010369472968555324
3050045988#5318769457,0,0,0.009413981525869591
4401870234#2026258520,0,0,0.002388291506877365
3474685536#4972894326,0,0,0.011116838782390056
1810185303#3551393318,0,0,0.0032164600277826724
1712573177#1816427364,0,1,0.6627298321553107
1395111624#183335907108,0,0,0.010764498579067451
5169253299#2270062912,0,0,0.010369472968555324
1318260275#2074458538,0,1,0.8179160056153039
4210986952#4910561821,0,0,0.08802353680547266
4274235353#3806980943,0,0,0.011749883470880969
2604119334#18469192585,0,1,0.6125238253244302
4589830735#2063839578,0,0,0.010658721345876268
107725290582#4479095804,1,0,0.09586647980912276
4435528162#3836576451,1,0,0.016914133892172317
4157381557#5041670056,0,0,0.07143269382791816
2058316912#106964376935,0,0,0.0004993403765637147
38406123057#29299331674,0,0,0.039609178770708006
5214033793#3401731422,0,0,0.01798014268465587
4712246454#4195960848,0,0,0.008888684965306155
4489521100#1694379812,0,0,0.003232200516495002
5174571094#4205424867,0,0,0.007254833789573188
3633360460#3214249595,0,0,0.010369472968555324
292830032329#4065795443,0,0,0.009413981525869591
4206812485#53263275323,0,0,0.00959197963946504
4797396841#3359180524,0,0,0.0029579233576741506
1500022510#3988152389,0,0,0.06178588387030433
4750249486#3612961288,0,0,0.3087947926363331
4272843119#4317041484,0,1,0.7223229297571625
1401982678#8431814058,0,0,0.0002512653745442295
4644140313#4613276653,0,0,0.3727062370663662
4346970606#1914403252,0,0,0.009585417528277901
1712570793#1778563597,1,1,0.8111132601195283
1316058339#2058563113,0,0,0.012682202957799949
14613460476#54158093151,0,0,2.072212262758675e-06
4952978442#1395111624,0,0,0.009413981525869591
303600075141#4219781521,0,0,0.000850642031560512
2027890207#2058316912,0,0,0.010369472968555324
125323389433#4232666143,0,0,0.010369472968555324
1743052872#4348295931,0,0,0.00017823081594984787
5007075941#45531943201,0,0,0.0898913958758707
4223043910#4761512241,0,0,0.009413981525869591
2007934907#2055377631,0,0,0.025589470902435425
167570408533#3881831374,0,0,0.018536372322537843
4206269897#3860948251,0,1,0.6876742951384731
6871473475#3438816692,0,0,5.700011786925685e-07
2183968048#2026258520,0,1,0.5272425741003122
197910587768#117277915830,0,0,0.07273838108199028
18465851371#1867286717,0,0,0.010369472968555324
2115528606#5027483278,0,0,0.010369472968555324
2604119334#54158093151,0,1,0.7200838283052299
1640340946#3727491058,0,0,0.0018301485346526257
373850283306#3052944481,0,0,0.00982829856541131
4316999082#4828387554,0,0,0.010369472968555324
2079572106#1639901072,0,0,0.005951257392983357
5169557343#4746512285,0,0,0.10052708114056719
2069985286#4215027256,0,0,0.010369472968555324
3754155310#2069774757,0,0,0.0584804917258182
3628839716#3628839722,0,0,0.0008682219882389133
5007075941#54161674630,0,0,0.09353310605719893
8431809688#1811606488,0,0,0.008545021627454429
1843271409#3052180518,0,0,0.006184709661973179
4635981164#4699280965,0,0,0.009166553962462458
173652977366#69710193399,0,0,0.010369472968555324
2055255869#1312695289,0,0,0.010369472968555324
4285709211#4260680249,0,0,0.01651545708346325
2066509477#3727491058,0,0,0.0019594459975506317
14613460476#14613588147,0,0,0.0001810659637007145
4628467232#4620294540,0,0,0.03096868033253341
4196598949#3290843987,1,1,0.6938366415955309
87720200914#1843271409,0,0,0.010369472968555324
3550931655#1382214880,0,0,0.007575937092144384
4256926363#3408556286,0,0,0.010369472968555324
1646206864#2064955879,0,0,0.02693800789384891
2604119334#3487828521,0,0,0.0494575541303856
4435686270#4613276653,0,0,0.41985748252783406
2064955879#1639699607,1,0,0.03260015448941412
3485676898#1386747994,0,0,0.008743188224297862
2120155505#4145588659,0,0,0.0355623195579647
2247165276#1847712017,0,0,0.0052632783177700496
1533602348#3359180052,0,0,0.1382239189195203
3052165975#1316556785,1,0,0.005627813066617795
4542386587#4454965094,0,0,0.01842819067064081
5060996735#2075240892,0,0,0.010369472968555324
1848008894#121528725386,0,0,0.013630567751044048
3691000538#3651289412,0,0,0.1280808546768173
2154491220#3114734058,0,1,0.9999960127837448
2452901483#2062770841,0,0,0.00937320631288123
4570764341#4658956014,0,0,0.03535376333937661
1953270965#4479070818,0,0,0.00937039228203213
2268304430#2359348328,0,0,0.052272076328661606
2181531828#2183963548,0,0,0.3575898441020163
3709672083#4636381625,0,0,0.010369472968555324
4323500485#14613469834,0,0,0.010369472968555324
2067179166#4024663252,0,0,0.00942224626015111
4451124293#2359348328,0,0,0.007314960163025075
11087571368#2057051387,0,0,0.01109407103930709
4841409785#3474372520,0,0,0.011643136363049946
5018368651#4542039020,0,0,0.016514531779284167
60367707728#87720200914,0,1,0.5309736710050387
1710094724#1438326380,0,0,0.010369472968555324
3075628047#3056067914,0,0,0.02422140479803006
4223004786#5018389488,0,0,0.014197842108474381
1721524699#4215027256,0,0,0.010369472968555324
1712570939#3477269989,0,0,0.010369472968555324
2113288221#2111351705,0,0,0.0022234009848677546
1741741476#4680203965,1,0,0.06224006508818077
5041670056#4910561821,0,0,0.07504053356686595
1743052872#3050152494,0,0,0.005600408968111019
1321409006#1557919756,1,1,0.9573725456035836
2111349786#3903296442,0,0,0.006169165168309165
1401982678#138962685339,0,0,0.015559495886384583
2296451977#2070627808,0,0,0.0033632303128804976
2056078364#1574873794,0,0,0.023996307388249948
4755359264#4943818903,0,0,0.0009735054947000721
4317041484#3669306485,0,0,8.325839588609145e-05
1416827061#2064955879,0,0,0.07705711918149391
2169220658#5197586202,0,1,0.6986857549512796
2057986140#4165585148,0,0,0.18155227781985833
91686025987#4535949395,0,0,0.02951655269880175
18466210670#2159739481,0,0,0.008295666390934585
2551494872#48926966870,0,0,0.00581879332274376
1743052872#4683006694,0,0,0.011440469352123117
1847712017#2057051387,0,0,0.008662192507099813
1528865186#3046729281,0,0,0.009336886889202702
3972924699#2060185514,0,0,0.010369472968555324
373850283306#2135054445,0,1,0.6427582135963246
3435281641#4129122420,0,0,0.03780967946629213
3269719212#2092610533,0,0,0.008219813441419978
4828654874#4631852445,0,0,0.009049759495758876
38202856033#138962685339,0,0,0.007123633876036233
4538003565#2066246683,0,0,0.012239784740719096
3849817492#5182742886,0,0,0.11385909535207951
3403897392#1711852573,0,1,0.9999910766940386
1565913509#1528865186,0,0,0.003853476649096905
4256926363#2120155505,0,0,0.010369472968555324
4549189933#1817644740,0,0,0.02803979671767255
1711852573#2075914534,0,0,0.0061071504797591694
4604457043#5067776785,0,0,0.023127032009950373
2058222393#1326086493,0,0,0.11739554824321988
1778563595#1816427364,0,0,0.15008396165398982
5173394727#5003601219,0,0,0.32421957308929944
1374772535#1398443073,0,0,0.3781159462208558
3431879179#1951195150,0,0,0.010369472968555324
70183897754#4439426144,0,1,0.9999601935451637
5128222238#3551393130,0,0,0.009289307612670022
3772512066#4662042966,1,0,0.001659975043835677
4549189933#2150036453,0,0,0.20760608430330765
111568230982#4202096119,0,0,0.05123298704955282
29608029868#5163452200,0,1,0.5222158944821111
2062045929#4672808661,0,0,0.005843686416829642
2067377960#1701470611,0,0,0.0019429895016134624
2114049002#3929215225,0,0,0.010369472968555324
3438816692#1696438060,0,0,0.015896563331602234
10175162517#3289002505,0,0,0.008205097347884932
2026258520#2026258516,0,0,0.05271078926055969
5167083430#2061673563,0,0,0.012864163634932868
47752312088#4439737347,0,0,0.0029347108284876492
5169257472#18465816919,0,0,0.009282488758807616
1312695289#2027890207,0,0,0.010369472968555324
3046471496#2111872187,1,0,0.1853213849075082
97115452949#5037293131,0,0,0.018566596451273298
4200577198#4804861605,0,0,0.010369472968555324
1701333847#4200577198,0,0,0.011551880704764615
1951195150#87820905399,0,0,0.009413981525869591
3411721643#1816929342,0,0,0.06526201824070169
4256622048#4450602322,0,0,0.010369472968555324
3612961288#4662042966,0,0,0.010369472968555324
3438816692#4628467232,1,0,1.2839810829351368e-06
197910587768#110232280082,0,0,0.07273838108199028
2092610536#1882929309,1,0,0.022926424374144938
3798986721#3054671141,0,0,0.0022206548003476665
4149299298#4259241183,0,0,0.010369472968555324
2118416856#2116342008,0,0,0.015942125743297817
2113093450#4643718292,0,0,0.001837410814046749
1311812490#4620261674,0,0,0.010369472968555324
2112794415#4232471781,0,0,0.013741493900178266
102514982310#2168053392,0,0,0.010369472968555324
2359435242#3934602500,0,0,0.07969870097038934
4642854804#4589595738,0,0,0.0046168695173809055
487126887411#55721888445,0,0,0.03873549285219048
4391918874#4391919171,0,0,0.028406386900598452
69710193399#3517506225,0,0,0.0252696090035026
3633360460#4680203965,0,0,0.05445393650409285
55721888445#3529095384,1,1,0.9998837916451963
2296574953#1347237190,0,0,0.00954866974090944
2060185514#2060185518,0,0,1.9474269550680266e-20
2058316912#87820911338,0,0,0.009331065138024681
2133358535#202363939789,0,0,0.007109213860167986
4535941097#4633378534,0,1,0.9999968237221846
3359180524#4226659634,0,0,0.010369472968555324
2071751695#2063706226,0,0,0.005558767917501089
2056478070#2027929598,0,0,0.002941391167558918
156893097471#110232280082,0,0,0.07273838108199028
2055886100#3214249595,0,0,0.45897686833752877
2183968048#2183428945,0,0,0.09361117763953446
2057051387#3954668240,0,0,0.008551964663215977
3236601708#1882929309,0,0,0.011241518844674796
111110399548#4354044382,0,0,0.009092557109435547
2343156405#4157280271,1,0,0.00040874250405503434
2062045929#111110399548,0,0,0.007688502714456957
2026069710#4065797638,0,0,0.012069750264202166
2113760999#2062782802,0,0,0.009019550013097795
87720200914#4642512906,0,0,0.012954607810912738
3259289288#5018368651,0,0,0.3257572252811631
2275666316#5014897285,0,0,0.015178579284868859
2057811649#2062845102,0,1,0.8702645699472009
1318260275#4259241183,0,0,0.06048031516807666
14613464473#2026258524,0,0,0.010369472968555324
5174571094#1594535012,0,0,0.00888341545525204
4628482537#2064730522,0,0,0.0013884695730673267
2111350136#3903296442,0,0,0.006169165168309165
5018368651#4572380856,0,0,0.010369472968555324
3042764047#2055886100,0,0,0.12553205607450724
19705527158#5165108496,0,0,0.3468870587607965
117277915830#4680095395,0,0,0.0077813390937720986
1878732185#4536450435,0,0,0.013899285312926158
2183963548#4825375981,0,0,0.010369472968555324
3050152494#2071751695,0,0,0.00314435363515966
4643011415#3594649033,0,1,0.768420022272755
4877427884#4454991968,0,0,0.038381173791164826
1477293192#1688824936,0,0,0.027383066497004428
1654102057#50602314209,0,0,0.0028705375979093616
4470296934#2054817755,0,0,0.0028317143188079175
4623949169#187508564338,0,0,0.004985735259832687
4272887201#4272843119,0,0,0.06738704179986828
3628533316#1419344414,0,0,0.010369472968555324
156274514359#4595088087,0,1,0.9945796008927339
3052944481#4335156801,1,1,0.9999978187332403
4200562083#4439737367,0,0,0.0003289111038025262
4024663252#4465664542,0,0,0.0031314988713932322
202363939789#2079581946,0,0,0.0019758174199664535
4416668620#1867286717,0,0,0.07451949862975182
4285491833#4348295931,0,0,0.000708251887693288
4643943359#2067179166,0,0,0.02299291367352192
4867542841#4943160331,1,1,0.5568363814245874
5037293131#3999176481,0,0,0.018360455151009543
4483987744#4385069368,1,0,0.017564471927869054
21269204096#2057986140,0,0,0.008253745310471985
18465721026#2175801910,0,0,0.00783821961030214
146011948003#4705583754,0,0,0.010369472968555324
4215038721#2122362220,0,0,0.016064010144438087
1497880313#1694379812,1,0,0.014041712688783264
2176735919#2111818909,0,0,0.003255734365590854
2055377631#3835278364,1,0,0.09944601962089414
2065354050#1639901072,0,0,0.010369472968555324
4973150488#14613465315,0,0,0.0031716288608974763
4195960848#3477269989,0,0,0.006048532577455224
54161674630#1650171814,0,0,0.009092557109435547
4808134153#5182742886,0,0,0.009941286732401907
3896058143#4542039020,0,0,0.015178579284868859
4417849752#395685899087,0,0,0.007920206008770627
4808134153#3214249597,0,0,0.018199316978069167
4215038721#4465664542,0,0,0.001983565853841538
1727736762#2069774757,0,0,0.005067470785083296
1696208496#1419344414,0,0,0.010369472968555324
1696095096#4613276653,0,0,0.11095624231551267
2056128836#4658956014,0,0,0.0053813757419370325
1319944364#3882026745,0,0,0.015208930634875112
4623947495#4623934568,0,0,0.026119337994933055
5181571321#32236834289,1,1,0.9864401444306631
4499147142#3849817492,0,0,0.11385909535207951
4667944802#4662042966,0,0,0.0006239545535755485
4715847880#4401870234,0,0,0.011798437032701847
4642512906#2297005450,0,0,0.03414908893745048
2065201243#4327866563,0,0,0.18705634733569348
18466210670#18468690620,0,0,5.830447857776333e-11
21269204096#2135316663,0,0,0.008253745310471985
4643898157#18468188878,0,0,0.3233808077679707
4643938191#4642512906,0,0,0.03414908893745048
2064229512#1671393307,0,0,0.04443559057458585
3056067914#1818739935,0,0,0.005884413866697793
2235828707#2063588766,0,0,0.005141393049648777
8431809688#8431814058,0,0,0.00020296326743122356
4700047151#4643011415,0,1,0.5077503429507132
3289002505#4150903563,0,0,0.39193260961907384
2092174215#4195960848,0,0,0.002190584911251363
4200562083#3042764047,1,0,0.3689059915699016
4748650954#4589929428,0,1,0.9999916942528447
2247165276#3363370353,1,0,0.006902596660729102
4623947495#3304467506,0,0,0.010369472968555324
1415647813#2092610533,0,0,0.0032513905169665454
1537709311#1778563602,0,0,0.010369472968555324
4755359264#6871473475,0,0,0.0031565384168282117
124021630369#21269204096,0,0,0.10393619631247482
4130010417#4792436579,0,0,0.0687748608937026
4439737367#4435528162,0,0,0.026694298346567974
4712246454#1775497794,0,0,0.014517091276677602
107725292534#4451342506,0,0,0.0019163911115115556
4465664542#4451124293,0,0,1.6274698273075886e-06
2061309144#1394397775,0,0,0.0032561347716927925
2114716134#2111350136,0,0,0.0022234009848677546
3972924699#3052165975,0,0,0.010369472968555324
3798986721#3831256267,0,0,0.010494372569831385
1728174555#3403917033,0,0,0.013943995533249121
4644140313#376973981474,0,0,0.23375877944204732
3882201915#2075914534,0,0,0.00024970468207272583
102514982310#167570408533,0,0,0.00295115863482617
3245545040#4218561827,0,0,0.005205355783693355
3107598853#4479424072,0,0,0.3029049276896723
2336490445#2059052537,0,0,0.003446638716220487
2057051388#4781194041,0,0,0.00982829856541131
18465721026#4354044382,0,0,0.006478829884323598
189546061243#5121642074,0,0,0.005277909461981493
4643938191#29299331674,0,0,0.11193521507782335
1951195150#4899954714,0,0,0.009413981525869591
187508564338#2016866277,0,0,0.010369472968555324
4179651570#2115151765,0,0,0.10097459475489136
4065795443#4291077418,0,0,0.05081902961827177
3835278364#4321048267,0,0,0.018349427901371822
3669306485#3282474651,0,0,0.0008418056294570528
2058132898#4572380856,0,0,0.041086437470700996
4673557611#4439737367,0,0,0.010633675510289271
156277193948#156277207697,0,1,0.6326964247304077
4471122121#50602309472,0,0,8.281584289356157e-05
4700047151#3299598934,1,1,0.9317452975101819
3474685536#4223934140,0,0,0.014513790943142212
303600075141#4828387554,0,0,0.010369472968555324
4495500756#2061022206,0,0,0.02370086546344605
4147080749#4353960088,0,0,0.10516106915957552
4680204120#4680203965,0,0,0.0002844973741569744
1574873794#2254264382,0,0,0.009413981525869591
4897048724#3628533316,0,0,0.015043173411477307
3363370353#5197586202,0,0,0.010369472968555324
14613435427#4195960848,0,0,0.010369472968555324
18468188878#4470296934,0,0,0.010262789949607195
2159739481#3445564730,0,0,0.0021920544402969856
145960681701#86626661064,1,0,0.12646911711555184
2183963548#2026258516,0,1,0.5499493731918829
3052944481#1688824936,0,0,0.01431297013023277
343200247912#1751364880,0,0,0.015126427105576119
4535930871#4195960848,0,0,0.020396806801923795
4867542841#5154681248,0,0,0.05904766423964387
2455800880#4687116172,0,0,0.01743540992704754
3363370353#2054781193,0,0,0.00467008403991474
2115151765#3347114660,0,0,0.017249856217244775
4004772536#121528725386,0,0,0.04979327854550647
3968945784#3967431643,0,0,0.19747087729629842
580549064505#4572374020,0,0,0.019678861447809698
4840773591#14613469834,0,0,0.037828035618293857
79993360240#1533602348,1,1,0.6987762881269077
2092610533#156277193948,0,0,0.03473665109523158
212394033260#157726428514,0,0,0.010369472968555324
2977755545#4535930871,0,0,0.0517064821252853
1867286717#4397595587,0,0,0.17564572294776337
4746144353#6871473475,1,1,0.5003490083882809
2053826326#2066624968,0,0,0.010369472968555324
5095503840#5018023921,0,0,0.3257772983522434
2148153592#2114975127,0,0,0.00939415594197116
4841409785#1867262556,0,0,0.23653940618948113
4549189933#3411721643,0,0,0.10969401010473605
1438441444#3304467506,0,0,0.033787287525420776
18465816919#18468690620,0,0,1.0224107464583456e-10
4972894326#4973150488,0,0,0.048081729318277575
2003710867#3651289412,0,0,0.0585881337371238
4385421396#2359348328,0,0,0.009975665024228803
1778563602#1778563597,0,0,0.013199674716983714
1701333847#1701333916,0,0,0.07883501324862215
2079572106#1816430010,0,0,0.0097771660978835
1437868238#2075914534,0,0,0.011662763663540108
1816428069#4620261674,0,0,0.008880891179011221
87820911338#4643938191,0,0,0.010251695863101418
4658620132#5181571321,0,0,0.010369472968555324
18465816919#18465721026,0,0,9.247361771928738e-12
1415554755#4538332005,0,0,0.009092557109435547
4231111906#4657354311,1,0,0.02090742408202503
4416668620#4397595587,0,0,0.012683905422922515
2079572106#2064955879,1,0,0.08486204540486719
38202856033#45531943201,0,0,0.003119280769184781
4451124306#4465664542,0,0,1.6274698273075886e-06
157726428514#1818739935,0,0,0.010369472968555324
2026258519#2026258516,0,0,0.05271078926055969
4405676807#4218561827,0,0,0.03441965773527829
3408556286#3648904752,0,0,0.010369472968555324
1416827061#2117967935,0,0,0.04315955668395822
1878732185#1565925308,0,1,0.931432714083968
3609077013#4972894677,0,0,0.010369472968555324
4451124293#156277207697,0,0,0.02203533087051246
3920807098#4214739605,0,0,0.1446131370775528
1537709308#1537709304,0,1,0.9982607059862307
2068623358#4680204120,0,0,0.0017952369631725551
4536041187#3949154897,0,0,0.14509701399713074
4972894326#4972894677,0,0,0.048081729318277575
1646144729#4218561827,0,0,0.061660153298293593
4200577198#2070908197,0,0,0.022068032134531353
3754155310#4658620132,0,0,0.12770828673829263
1816427364#2111349786,0,0,0.003908888805784267
3026064813#3798986721,0,0,0.00930727064808472
2056478070#2296574953,1,0,0.03396851700181071
1653994308#4435686270,0,0,0.27993754641975366
114453608394#189546061243,0,0,0.021339199566125126
4405676807#5090005101,0,0,0.006730217514360072
4385421396#1712570939,0,0,0.026763463483797417
4643011415#3359180052,0,1,0.9425775233850374
4620294540#1718471304,0,0,0.035954060882717
4451288784#2135316663,0,0,0.029030747334930686
4952978442#5214033793,0,1,0.9944883079954446
4549189933#14613588147,0,0,0.019710750470061704
2092174215#1453532038,0,0,3.174748193921923e-06
3637042235#3972924699,0,0,0.4140092901866132
2066535766#2117967935,0,0,0.03260015448941412
4321048267#100995265790,0,0,0.017859871303330693
157726428514#102514982310,0,0,0.05478426465381466
4811798618#121528725386,0,0,0.03378895280615669
1307874587#2336490445,0,0,0.02669111818900327
3628839717#4750249486,0,0,0.010369472968555324
1416301524#2058563113,1,1,0.9796585251822354
4742698844#53263229623,1,0,0.3709395935246981
5318769457#5169557343,0,0,0.012412775730396829
2296451977#174006932062,0,0,0.010369472968555324
3075628047#1307874587,0,0,0.009234919212973336
4746512285#23230310067,1,0,0.08904902874683572
1537709304#4206267336,0,0,0.00982829856541131
3477269989#3474685536,0,0,0.03129133812847438
3470148182#7161172172,0,0,0.009062290460519689
2168053392#4157496031,0,0,0.0407522441921482
4206224036#3580539229,1,0,0.38408485706444156
2016866277#2111041560,0,0,0.0057062423600185526
3529095384#46983614517,0,0,0.010229983463005495
38202856033#3628839716,0,0,0.006277022029554916
4828387554#3032709817,1,1,0.9998667677984928
4354044382#1696208496,0,0,0.008667548879065139
4572374020#4232666143,0,0,0.010369472968555324
1684789889#4687116172,0,0,0.013973422715580325
2057685237#2058222393,1,0,0.14110716489558067
1347237190#237523614768,0,0,0.08684799362906279
111568230982#1456843034,0,0,0.01670046102075884
10175162517#3289002540,0,0,0.008205097347884932
1920503864#4316999113,0,0,0.009059975429661051
4408616491#2314360284,0,0,0.0252696090035026
3709672083#4444196403,0,0,0.07370189556595642
4589678847#4589595738,1,1,0.9802628946639271
4411426624#3124123344,0,0,0.010369472968555324
5060996735#2064727359,0,0,0.06269306581078661
38406123057#4393085087,0,0,0.01700600882628704
4479096850#4479096588,0,1,0.9998259269676765
5104418469#7026230674,0,0,0.01930424935944733
3403897392#2075914534,1,0,9.340242689446235e-05
183335907108#3108657350,0,0,0.006480522105356174
2343156405#1438326380,0,0,0.0019221998778242832
106964376935#14613464473,0,0,0.009941286732401907
4763332016#5210078086,0,0,0.1192193565502429
3903296442#4003298247,0,0,0.010369472968555324
4579172309#4027742647,0,0,0.21349285974565368
4206269897#3259289288,0,0,0.011654253885848759
2359435242#2061673563,0,0,0.010369472968555324
3798986721#4523728345,0,0,0.008253745310471985
2003710867#2977755545,0,0,0.00982829856541131
2159739481#2060185518,0,0,0.017495389936785035
4176217131#4499147142,0,0,0.16021049969951046
2057145715#1565913509,0,0,0.00032548001354027335
1634282673#202363939789,0,0,0.006581347371852006
3972924699#1951195150,0,0,0.09358776076165408
378133536273#4972894326,0,0,0.010369472968555324
5182742886#4828387554,0,0,0.2888299957870357
4514269980#3042764047,0,0,0.006605817663097464
4628867825#2168053392,0,0,0.01788931538289867
4040016243#2027929598,0,0,0.010369472968555324
1548108669#2113760999,0,0,0.009941286732401907
1528865186#2060185514,0,0,0.003347541337936673
2070908197#1701470611,0,0,0.030792825961747775
3926916973#3896015808,0,0,0.005970119501514719
4808134153#4206812485,0,0,0.01110825715635328
4584646241#237523614768,0,0,0.014044958640258707
4570764341#2066624973,0,0,0.15516625608503695
3044025040#4840773591,0,0,0.00954866974090944
2297005450#5163452200,0,1,0.8233578696764489
307718000196#564144132292,1,0,0.20238508159035648
4065797638#4385069368,0,0,0.009784389613482035
38202856033#4755359264,0,0,0.008359760829839396
1533602348#87720200914,0,0,0.010369472968555324
4584646241#1875282048,0,0,0.049037735114065686
3400442486#1438441444,1,0,0.2500570668616669
18468188878#18468695966,0,0,0.1951059584102918
183335907108#2060355842,0,0,0.03486872923233457
1696438060#4620294540,0,0,0.06216013563247165
4658956014#3949154929,0,0,0.026885751364903926
174006932062#3603201749,0,0,0.010369472968555324
1307874587#4495500756,0,0,0.016476676423851158
4027742647#54161674630,0,0,0.010369472968555324
4414530598#4672808661,0,0,0.009282234614460446
1843271409#4279029102,0,0,0.016327577500315126
2124411604#4279029102,0,0,0.01881433200036404
4479096588#4479095804,0,1,0.9964526931225807
2092174215#2056128836,0,0,0.007932165446486818
1751247315#14613466961,0,0,0.009941286732401907
2339749085#4209814745,0,0,0.0314608091209739
3114734058#292830032329,0,0,0.009430370161956143
117277915830#110232280082,0,0,0.057532252538045114
1914706723#2054733437,0,0,0.011370359037522305
2122362220#1920503864,1,0,0.04155326023782279
1778563595#4589820532,0,0,0.0016342461344864341
2059052537#4180609537,0,0,0.009941750431177246
4435566465#4748650954,0,0,0.3306459425829852
3903296442#2165015487,0,0,0.007338271206158021
2268287413#146777938215,1,0,0.04073989699907724
7161173338#5123189265,0,0,0.1787166994017318
18469192585#14613464473,0,0,0.0006116045183047642
53263229623#60367707728,0,0,0.18754873381543405
4952978442#4205424867,0,0,0.008124391519592886
38202856033#4735503306,0,0,0.00041263902002812154
3403917033#3404019551,0,0,0.010369472968555324
4716933437#1640340946,0,0,0.0072950398621312975
4746512285#4761512241,1,0,0.05534384833583443
3648904752#106964376935,0,0,0.007491608835519166
1712570939#1778563597,0,1,0.8111132601195283
1727736762#1627587582,0,0,0.00916897667716022
1818739935#4385184631,0,0,0.005235153218409292
237523614768#4680095395,1,0,0.010349376169271129
2135316663#2066624968,0,1,0.930941732669699
2026258520#4195993580,0,0,0.004999081254688187
3050045988#4899954714,0,0,0.009413981525869591
5183692300#1321409006,0,0,0.001505636544479468
1751364886#395685899087,0,0,0.002119293995817899
32236834289#3474372520,0,0,0.04777417338182174
3967431643#1751364886,0,0,0.04345224051123661
3287805133#3289002540,0,0,0.02480924598001644
1633806208#2056662276,0,0,0.014858230871187997
14613464513#4897048724,0,0,0.005595867554033984
422592070627#4408616491,0,0,0.0252696090035026
3290843987#4129122420,0,0,0.052490661982961415
5197586202#5090005101,0,0,0.17126944772986938
395685899087#4435686270,0,0,0.17395869800450747
2169220658#2053826326,0,0,0.1341322316121558
1818739935#2336490445,0,0,0.003446638716220487
4730645460#2118416856,0,0,0.009092557109435547
2120472151#75959618233,0,0,0.01302665294411102
156276677247#4746144353,0,0,0.0723943622210991
2078835030#202363939789,0,0,0.012782100287091811
5087832312#4196521320,0,0,0.010369472968555324
1497880313#2343156405,0,0,4.965890167500792e-21
4259241183#1951195150,0,0,0.09358776076165408
178258449477#3438816692,0,0,0.0011658118928305325
1318260275#1848008894,0,0,0.07266549020347865
4579172309#2455800880,0,0,0.008432280537187949
18468580547#18465816919,0,0,4.623322377737044e-12
174006932062#4683006694,0,0,0.010369472968555324
4327866563#14613461654,0,0,0.023579187985712072
3920807098#4952978442,0,0,0.01570927838900454
29607392514#38406123057,1,0,0.14668002984987638
18465851371#2062075980,0,0,0.0008996474776853472
6871473475#4628467232,0,0,8.700604600504709e-08
1639901072#4851901157,0,0,0.0252696090035026
14613456118#2026258516,0,0,0.010734960116812884
2112576214#2169220658,0,0,0.008409173253284257
4642854804#4656986610,0,0,0.01788931538289867
14613464513#14613461939,0,0,5.110614742011819e-05
3404019592#3404019551,0,0,0.001024944446478275
14613435427#4712246454,1,1,0.9996849290697023
2003710867#4298588573,0,0,0.007916999700255991
2055886100#4593095274,0,0,0.20951431492312528
4226659635#4231111906,0,0,0.013188530912342709
107725290582#1456843034,0,0,0.010369472968555324
1656969942#1921223120,0,1,0.7168855878962941
2054753273#1394397775,0,0,0.027180669940785065
4157381557#1751364880,0,0,0.007816867497973416
4483987744#4623570105,0,0,0.010422897519163336
4470296934#3050152494,0,0,0.005283256276289951
4285709207#4165151066,0,0,0.002831972194203668
2075416140#4623570105,0,0,0.125856173814111
3630377420#3470148182,0,0,0.01305819040696477
2092938385#5060996735,0,0,0.010369472968555324
4929499262#4195993580,0,0,0.010369472968555324
150594502346#189546061243,0,0,0.010369472968555324
4761512241#5210078086,0,0,0.03133929113353689
3926916973#3289002505,0,0,0.011187783923334199
2115880476#4408616491,1,0,0.035403128819244525
1728174555#1728174549,0,0,0.000675602267321384
4304261357#3835278364,0,0,0.010253482187420771
4456625974#3612961288,0,0,0.09967126277014753
1840606003#1813034413,1,1,0.946948650786451
2056662276#2007934907,0,0,0.035904325798710994
3612961288#4943818903,0,0,0.014140073523293523
4256622048#2069774757,0,0,0.004998833290290497
138962728028#3501281334,0,0,0.005337160389735458
4206812485#4479424072,0,0,0.20372633940838503
1647227082#3949154929,0,0,0.013833046786747336
1751364880#4623949166,0,0,9.195929437533643e-26
343200247912#1502384801,0,0,0.014456491285801475
4451342506#4261185678,0,0,0.023892029817385054
4456625974#1541880573,0,0,0.007887045878794227
4304261357#4339070553,0,0,0.1548083925684903
4668248026#4298588573,0,0,0.0017155396878758325
4680204120#1710094724,1,1,0.9991951494748504
373850283306#2247165276,0,0,0.013824208902153684
38202857246#38202856033,0,0,0.13680209235835233
1867262556#3487828521,0,0,0.010369472968555324
4223934140#4435566465,0,0,0.0097771660978835
5181571321#1778563597,0,0,0.010369472968555324
8431809688#2007847537,0,0,0.01014588872189417
4414530598#2070791273,0,0,1.2522017645974143e-09
1740857110#2056478070,0,0,0.009024890551257336
4538419241#2062075977,0,0,0.005742034062028363
156276677247#2078835030,0,0,1.3436693774491449e-05
4643898157#2071751695,0,0,0.06414963447716651
3044025040#4040016243,0,0,0.010369472968555324
3114734058#2135316663,0,0,0.01835138293229775
2069774757#4454991968,0,0,0.22138097563230982
3835278364#4479096850,0,0,0.005243222293983829
150594502346#109165560395,1,0,0.03298581268924301
29608029868#3349756713,0,0,0.014582169320168396
3637042235#3050045988,1,1,0.9999479830568966
4027742647#3431879179,0,0,0.17623395886327756
4604457043#1816929342,0,0,0.010369472968555324
4781194041#2064730522,0,0,0.00982829856541131
3026064813#4715847880,1,1,0.9948793462437828
5169257472#5167083430,0,0,0.009282488758807616
4426740219#4943818903,0,0,0.009243272195885041
7161172305#14613456118,0,0,0.009092557109435547
4535949395#2007329552,0,0,0.009646749460820525
3408556286#4899954714,0,0,0.010369472968555324
2296493468#4840773591,0,0,0.23599529294338098
5185236541#18468580547,0,0,0.008915655757683641
4604457043#4898730640,0,0,0.0314911330283555
146778888902#2359474749,0,0,0.010414442321487511
4317041484#14613456118,0,0,0.032447867671025796
4195960848#2254264382,0,0,0.009413981525869591
4535949395#156277208014,0,1,0.9600154135644134
4223043910#4417849752,0,0,0.22614126520125324
2339749085#2061448091,1,0,0.18203090733370828
4417818851#3408556286,0,0,0.005010912986983725
4004772536#1627587582,1,1,0.7924093448735942
4285709207#4260680249,0,0,0.01651545708346325
1316058339#4346970606,0,0,0.07706937306485266
2169220658#4641374150,0,0,0.007823747534166408
2054753273#29299331674,0,1,0.6167684283996104
1456843034#75959618233,0,0,0.010369472968555324
41713266437#2113288221,0,0,0.007876039825022411
6871473475#4620294540,0,0,0.02552676273339705
1816428069#5183692300,0,0,0.006082451791701393
2150036453#1817644740,0,0,0.033589969934822016
3474685536#4435528162,0,0,0.007574215304438558
3451234547#3628839716,0,0,0.006084520986297542
2062845102#3403897392,0,0,0.007069885925280134
4451342506#4623934568,0,0,0.0049629072539084254
1637581644#1694379811,1,0,0.006861664249005394
1541880573#4893633475,0,0,0.019787688706896626
2296493468#4595088087,0,0,0.4314094769284007
197910587768#5121642074,1,0,0.010369472968555324
4024663252#1905948078,0,0,0.007374230809780673
1847712017#2057051388,1,0,0.009392306214007443
2111351705#5067776785,0,0,0.010369472968555324
4628867825#5169257623,0,0,0.010369472968555324
2359474749#2057051388,0,0,0.0073467813317773115
4797396841#1635692869,0,0,0.00016735915945574343
18469192585#156276677247,0,0,4.1302755028228193e-07
3630377420#4825375981,0,0,0.011036231779163986
336556403061#1847712017,0,0,0.010369472968555324
18467925256#4748650954,0,0,0.03876576002712046
4417818851#2113760999,0,0,0.010369472968555324
4534359957#1878732185,0,0,0.014181928301675577
19705527158#2058316912,0,0,0.010369472968555324
4620685919#4099641396,0,0,0.001456702036063374
1711852573#3052165975,0,0,0.005954231935731557
4479096850#4746144353,0,0,0.004897165485014032
3485676898#2074458538,0,0,0.009413981525869591
4353960088#2092938385,0,0,0.19129034164424857
1903466347#23230310067,0,0,0.014044958640258707
4323500485#4542039020,0,0,0.010369472968555324
309312101477#309312102749,0,1,0.7973788871018077
5123189265#3282474651,0,0,0.15932800508230943
4941134416#4593095274,0,0,0.010369472968555324
2062045929#1528865186,0,0,0.010369472968555324
4808134153#4620294540,1,0,0.057842959146179776
2053826326#4952978442,0,0,0.04848455707557738
3648904906#2064730522,0,1,0.7726066255962594
41375214069#3691000538,0,0,0.02668172832751484
2343156405#1770010645,0,0,0.005081662513775598
4385069368#3712801411,0,0,0.008508726220025907
46983614517#2092610536,0,0,0.010229983463005495
2183968048#2180579787,0,0,0.10529079728976537
2297005450#50602309472,0,0,0.02769118148472298
2016866277#4165151066,0,0,0.004586221700304671
2296574953#2070627808,0,0,0.006830246200918559
183335907108#4145496082,0,0,0.05560583756310487
1684789889#2003710867,0,0,0.049438130548581045
2066535766#1639699607,0,0,0.01942231149315172
2058278464#4457149562,1,0,0.010369472968555324
4658956014#4628467232,0,0,0.002855077795786119
2064727359#3669306485,0,1,0.980468025758197
2064727359#4317041484,0,1,0.9863339591695335
38448881724#4735432768,0,0,0.010369472968555324
1718471304#2058278464,0,0,0.018507447676721096
2115880476#1816427364,0,0,0.037127553938661205
4210986952#5041670056,1,1,0.5721008457446651
2061448087#2061448091,0,1,0.9999980704470062
14613466961#14613461939,0,0,5.110614742011819e-05
1497880313#1637581644,0,0,4.9108022470283056e-21
4204386191#2066535766,0,0,0.007517998780555225
11087571368#53263275323,0,0,0.15957731430532887
107725296889#4699510653,0,0,0.020145028704130104
3474685537#3628839717,1,0,0.010990241209809676
5090005101#4581502608,0,0,0.010369472968555324
5210078086#2058563113,0,0,0.009508733764232107
4323500485#4535941097,0,1,0.7429162363189777
3052944481#4145496082,0,0,0.011085140154795258
5003601219#2065354050,0,0,0.012605957635296058
4205424867#2064730522,0,0,0.00861744361751063
4811798618#4057032761,0,0,0.010369472968555324
4843831604#117277915830,0,0,0.00410517425048443
4417818851#4348295931,0,0,0.009413981525869591
187508564338#3630377420,0,0,0.006168453755896062
2070908197#2067377960,0,0,0.0027966751691593248
3359180524#1533602348,0,0,0.17442701648266942
1951195150#3754155310,0,0,0.010369472968555324
2175801910#3770456617,0,0,0.010507778842381516
1671393307#4595088087,0,0,0.02065441954129886
55721888445#1701333847,0,0,0.00924149093206718
4157551094#201663692217,0,0,0.0074893160384485
2183968048#2026258521,0,0,0.42943747785210984
2060185514#1565913509,1,0,1.880771660289894e-12
487126887411#291173146171,1,0,0.4189033188029961
3791139342#4536450435,0,0,0.0252696090035026
4820163687#4435566465,0,1,0.9762989873057144
5031406959#5197586202,0,1,0.8959593395851678
2065201243#2114341514,0,0,1.2920622760760619e-17
18468188878#2068602973,1,1,0.5482727489855628
5095503840#2079581946,0,0,0.001432794310808861
406088738482#18468687381,0,0,0.01663856061840934
307718000196#4628482537,0,0,0.07183821338295555
2168053481#2168053392,0,0,0.0038124808367852752
2296574953#2058316912,0,0,0.009580510416138973
50016874555#49857216438,1,1,0.8600580099552796
5174571094#2113760999,0,0,0.014044958640258707
4755359264#3626237468,0,0,0.005723215664147969
2148153592#2116342008,0,0,0.01195004704949233
3967431644#2061022206,0,0,0.010803471714038265
1548108669#32236834289,0,0,0.11917324255730959
2062782802#183335907108,0,0,0.005456423250607723
1347237190#4205424867,0,0,0.003446638716220487
3882026745#3633572726,0,0,0.015178579284868859
5185236541#4748650954,0,0,0.011333599028368621
1634282673#1752749942,0,0,0.008569767502020218
4451289887#1419344414,0,0,0.010369472968555324
2060185514#3474372520,0,0,0.007889603232203007
1718471304#1696438060,0,0,0.4413962367399868
4027742647#4450602322,0,0,0.21349285974565368
1684789889#1765891797,0,0,0.02335318435355643
3772512066#4718263231,0,0,2.5395775704824305e-09
4635981164#4687116172,0,0,0.023100048689909877
2067571192#4536450435,0,0,0.06061189020962871
4991881534#2078835030,0,0,0.0002233335592069343
2199135578#3347114660,0,0,0.020988041185215085
4401870234#1646275700,0,0,0.0006325079970674533
1497939109#1497880313,0,0,2.509153342201276e-21
3290843987#19705527158,0,0,0.010369472968555324
1712570939#1816427364,0,1,0.6627298321553107
2026258524#2026258521,0,0,0.05271078926055969
4272887201#146011937628,0,0,0.010369472968555324
1347237190#6871473475,0,0,0.007012010111970061
5318769457#3439202323,0,0,0.010369472968555324
3635733776#4339070553,0,0,0.0076068006528387695
4176217131#2124411604,0,0,0.0073486468183818245
4145496082#5018368651,0,0,0.01009009001878457
3299599421#1543155210,0,0,0.010369472968555324
48926966870#4900256072,1,1,0.9997715290552074
2066509477#1811606488,0,0,0.0006506783225615692
2114716134#1953270965,1,0,0.01740000443875146
4451289887#3644272514,1,0,0.3375600420415939
1656969942#1665894324,1,1,0.5027774714803904
2169220658#5214033793,0,1,0.9249800230210935
4913742546#4210986952,0,0,0.11599745298481559
1848008894#3637042235,0,0,0.07383530795538559
3245545040#1709057480,0,0,0.007148186022635174
21269204096#4180609537,0,0,0.016265094848087098
5123189260#7161172172,0,0,0.1787166994017318
2066509477#4716933437,0,0,0.002912065322432766
2055448044#1752749942,0,0,0.02907870318925874
46983614517#4165585148,0,0,0.010369472968555324
4206267336#4589820532,0,0,0.00899746244468103
2235828707#2062075977,0,0,0.0007967867957955271
1751247315#4530026053,0,0,0.03136566312159272
4511530729#178258449477,0,0,0.05351238033045106
3435281641#5174571094,0,0,0.010369472968555324
2115528606#1500022510,1,1,0.9995528230525869
111568230982#146778888902,0,0,0.010369472968555324
4155408706#4439737367,0,0,0.027601404766743998
3487828521#3289002540,1,0,0.42397017667930337
4077473357#3446029032,0,0,0.022459343385761586
4748650954#4535941097,0,0,0.16317704308506153
2168053392#4656986610,1,0,0.38134434267361317
117154450703#5121642074,0,0,0.00678925301491262
97115452949#219547393842,0,0,0.011034620220071435
4523728345#3929215225,0,0,0.018604662843875647
2114975127#4952978442,0,1,0.7746068136679121
1727736762#2112576214,0,0,0.006205614388891462
113196401893#1635692869,0,0,0.0005269176164028152
1565912494#2057145715,0,0,0.00032548001354027335
174007019522#2115528606,0,0,0.010369472968555324
3400442486#4479424072,0,0,0.22329817038264096
34888001864#3880409698,0,0,0.2263097250357531
3043492443#4205424867,0,0,0.010247373256822153
2111351705#2114716134,0,0,0.0022234009848677546
3490539439#5090005101,0,0,0.009092557109435547
4456625974#3999176481,0,0,0.03318924384781355
2254264382#4542039020,1,0,0.03811421381716109
3881831374#183335907108,0,0,0.009941286732401907
5067776785#4828654874,0,0,0.009676707995446442
2067179166#4780994423,0,0,0.00942224626015111
156893097471#1646144729,0,0,0.010369472968555324
4840773591#2067179166,0,0,0.02424122323621602
2122362220#2062766801,0,0,0.010369472968555324
309312102749#1347237190,0,0,0.01815973769068141
2066509477#2054657143,0,0,0.005743838583965783
5090005101#5109193415,0,0,0.0076779481137829566
174007019522#121528725386,0,0,0.04988933967778814
150594502346#212394033260,0,0,0.009243272195885041
4024663252#4451124293,0,0,0.0031314988713932322
41375214069#3903296442,0,0,0.008506169495486127
4941134416#4304261357,0,0,0.02625804487020414
3764759336#3550931655,0,0,0.010369472968555324
303600075141#1728174555,0,0,0.0023539933983469596
1416827061#1639901072,0,0,0.025142289500671565
2026069710#4991881551,0,0,0.005205355783693355
174006932062#3404019592,0,0,0.010369472968555324
2159739481#1694379812,0,0,0.005199989210641388
3954668240#2054781193,0,0,0.005641272244706692
2061448091#1537709317,0,0,0.06066490618561092
14613465315#4613276653,0,0,0.00982829856541131
4542039020#4746512285,0,0,0.03811421381716109
4657354311#4657354285,0,1,0.9499768026425434
3920807098#4304261357,1,1,0.7119676903134962
157726428514#111110399548,0,0,0.0062376798155542226
2111351705#2165015487,1,0,0.07090800525342318
5067776785#178258449477,0,0,0.05351238033045106
2092610519#2092610536,0,0,0.005888169532220811
5104418469#38202857246,0,0,0.008705988031169131
1374772535#2062770841,0,0,0.004753337410642828
75959618233#2063706226,0,0,0.010369472968555324
4385421396#4091921695,0,0,0.29620822304278566
4408616491#1637980981,0,0,0.010369472968555324
4196521320#2054753273,0,0,0.0121476645125082
3633360460#2068623358,1,1,0.7800522195546833
1528865186#2254264382,0,0,0.010369472968555324
3490539439#2113093450,0,0,0.008253745310471985
1818739935#4495500756,0,0,0.08891585217475743
4323500487#4323500485,0,1,0.9894649825024476
2007934907#5037293131,0,0,0.014534893588493858
5163452200#4643938191,0,1,0.8233578696764489
4620294540#1415647813,0,0,0.04189307544601042
4479096588#107725296889,0,0,0.20975976771122984
4991881534#303600075141,0,0,0.000850642031560512
1816427364#5183692300,0,0,0.0006551747922089023
2079581946#3794247232,0,0,0.009090254501274339
4384414279#4384403228,1,1,1.0
1782357780#3359180524,0,0,0.012842015518889182
2062075977#18467925256,0,0,0.0008996474776853472
2069774757#4226659635,0,0,0.013741493900178266
4542321633#4435913614,0,0,0.00703709523305867
4201830454#4327866563,0,0,0.016262264105122545
46983614517#34888001864,1,0,0.3941388879103463
2113093450#1639219119,1,0,0.020421231864914322
4781194041#3529095384,0,0,0.019416825728868232
1594535012#1594535010,0,0,0.44274042901663785
2159739481#1639901072,0,0,0.010369472968555324
2314360284#2727127831,0,0,0.023018194729205996
2062766801#3926916973,1,1,0.5847592543195566
4623949169#1672066227,0,0,0.022995698968616193
1639390814#1712080073,0,1,0.9999996495269033
2092610536#4439426144,0,0,0.02931697429934353
2056128836#309670736915,0,0,0.010369472968555324
1312695289#4680095395,0,0,0.01255725520625456
5174571094#4210985419,0,0,0.008760353010417795
3954668240#4797396841,0,0,0.005254278095117966
4223043910#174007019522,0,0,0.015007546461632435
5185236541#5167083430,0,0,0.009282488758807616
1386747994#2056128836,0,0,0.007941471306781604
5197586202#5214033793,1,1,0.9999999999999432
5121642074#102514982310,0,0,0.009941286732401907
1903466347#10175162517,0,0,0.021325812630194802
156274514359#91686025987,0,0,0.08864575646713606
4642512906#3501281334,0,0,0.0041543641594539915
2275666316#49857216438,0,0,0.015178579284868859
4272885125#4317041484,1,1,0.9811340770900022
69710193399#2074019451,0,0,0.35065736991621765
4323500485#4435566465,1,1,0.9726506814795566
4755359264#49857216438,0,0,0.0009495070684978294
1843271409#4393085087,0,0,0.010369472968555324
2062766088#3403897392,0,0,0.002238331444669186
2059483876#3525845999,0,0,0.009611258996949128
5096293410#156277514294,0,0,0.027676223578644153
4209814745#4913742546,0,0,0.010369472968555324
1728174549#3603201749,0,0,0.01361985573640768
4215038721#4215027256,1,0,0.002833481045568244
2199135578#4549189933,0,0,0.008572556175139865
4673557611#4620685919,1,0,0.0016857214831930733
1537709304#1533602348,0,0,0.010369472968555324
1701470611#2078835030,0,0,0.022040856945953254
1528865186#4781194041,0,0,0.010369472968555324
1951195150#4450602322,0,0,0.010369472968555324
4915591396#5154681248,0,0,0.005531797768221377
7161173338#5018368651,0,1,0.9992164272392605
4840773591#125323389433,0,0,0.012339090124304314
2079572106#1639699607,1,0,0.237703021508876
2124411604#2329543699,0,1,0.9999995148471155
1415554755#2175801910,0,0,0.008334454929039913
2057051388#3550931655,0,0,0.005449642045350969
4218561827#4214739605,0,0,0.35882258659476673
4444196403#3214249595,0,0,0.009092557109435547
4572636295#4435566465,0,0,0.49002097646793047
4391918874#86283717806,0,0,0.009960115493017965
3648904906#4272843119,0,1,0.6366288078791018
5123189265#7161172305,0,0,0.1487174034536539
60367707728#11087571368,0,1,0.9964354725409214
4542321633#3052944481,0,0,0.008990026786719818
1712570793#1712573177,0,0,0.26608263058713044
3550979323#14613588147,1,0,0.04694165564010343
4915591396#4867542841,0,0,0.0007731712340559771
2026258519#2026258520,0,0,0.07617007194388843
102514982310#4722721497,0,0,0.0005305449447073476
2057051388#2247165276,0,0,0.0021640720493697908
2175801910#1696208496,0,0,0.008322844627610949
18465851371#3487828521,0,0,0.006924701906566331
3044025040#3831256267,0,0,0.4361927378067226
4636446230#2061448087,0,0,0.006212191760027491
3446029041#4077473357,0,0,0.022459343385761586
4572636295#38406123057,0,0,0.010369472968555324
4439737347#4699510653,0,0,0.006300475570891018
4898626808#3860948251,0,0,0.32763896594485226
3836676657#4530026053,0,0,0.00086627868086847
4022447951#3026064813,0,0,0.01554961629401372
2133358535#2056078364,0,0,2.4840362556527066e-08
1818739935#1316556785,0,0,0.015862902667617362
4993036319#4316999082,0,0,0.006533974735879034
1647227082#1427286361,0,0,0.037853070066613974
2159452221#2199135578,0,0,0.009092557109435547
3408556286#2068436073,0,0,0.05892598081899688
1318260275#2057051388,0,0,0.010369472968555324
4642854804#5165108496,0,0,0.009092557109435547
3404019551#2057051388,0,0,0.007774289805391501
2062867476#18468188878,0,0,0.013881840048559623
1394397775#2060257095,0,0,0.08406980817956151
1778563595#1778563597,0,0,0.027595294400190176
157726428514#4998365450,0,0,0.0142021585119856
4843831604#2056478070,0,0,0.004759009067976691
1813034413#1816430010,0,0,0.0006237885862577597
4231111906#4226659634,0,0,0.013188530912342709
4223043910#4003298247,0,1,0.9480302681356526
117154450703#2062782802,0,0,0.009024890551257336
2060253226#2054733437,0,0,0.1607418925988981
2059052537#4495500756,0,1,0.6614881658132327
4272843119#4348295931,0,0,0.009413981525869591
18468690620#5169257623,1,0,0.06784615712081717
4657354285#4657354294,0,1,0.9499768026425434
4179651570#1994805938,0,0,0.11987009687806895
2133358535#4200562083,0,0,0.008650292144492071
91686025987#29299331674,0,0,0.04797191077964394
4219781521#1712573177,0,0,0.009960115493017965
1374772550#3289002540,0,0,0.011747753977431075
2003710867#3635733776,0,0,0.04435640172300198
1497939109#5003601219,0,0,0.006643095503860007
4408616491#4742698844,0,0,0.010369472968555324
14613464473#4549189933,0,0,0.02855340952428989
157726428514#121528725386,0,0,0.023484888830984325
1438326380#4157280271,0,0,0.012858349993592035
5109193415#4405676807,0,0,0.0090051896516147
1574873794#4196521320,0,1,0.9970681813020718
4157280271#1401982678,0,0,0.008888105310376027
4321048267#5037293131,0,0,0.003318882884522644
117154450703#114453608394,0,0,0.009336288712155213
5183692300#2062075980,0,0,0.008545021627454429
3806980943#4348295931,0,0,0.003317822217179966
1316058339#4915591396,0,0,0.010369472968555324
1903466347#4065795443,0,0,0.01067550710697361
1840606003#4157280271,0,0,0.004499924390111918
4256926363#4657354311,0,0,0.008417993998618138
4952978442#5165108496,0,1,0.9951725217070208
3438816692#1709057480,0,0,0.014311419014327842
2281691154#5014897285,0,0,0.0055350910938691805
5173394727#5104418469,0,0,0.015393878380789615
3501281334#1646275700,0,0,0.010369472968555324
4820163687#4748650954,0,1,0.9777606806967125
1778563595#1712570939,1,1,0.8111132601195283
2148153592#3594649033,0,0,0.06014204446596695
4157496031#4619195159,0,0,0.010711827891299918
4391918874#4536041187,0,0,0.005655787287733927
201663692217#2062770841,0,0,0.0357979391848115
1672066227#4261185678,0,0,0.016229663890447103
4589929428#4572636295,0,0,0.30607512584228813
4201830454#4450888165,0,0,0.009092557109435547
3349756713#4658620132,0,0,0.03710850434914987
4959321228#41713266437,0,0,0.26756888577475146
207035576772#1847712017,0,0,0.00982829856541131
2059052537#3791139342,0,0,0.008585653030632865
2111041560#4465664542,0,0,0.00527867934900904
2055886100#2329543699,0,0,0.001512414008222292
4523728345#4416668620,0,0,0.008253745310471985
5169257623#18465816919,0,0,0.03993685609037268
2016866277#2133358535,0,0,0.0057062423600185526
4534359957#4451288784,0,0,0.03418928573684665
1318260275#2079581946,0,0,0.010369472968555324
4572636295#4323500487,1,0,0.192111095783417
2059052537#2062766088,0,0,0.009583834312157858
1882929309#2066246683,0,0,0.01079811109329167
2268304430#1594535012,1,0,0.026213304009663298
4581502608#4718263231,0,0,0.010369472968555324
3114734058#4384414279,0,0,0.0027907935469856917
4157496031#5014897285,0,0,0.01602682003652302
3236601708#3550931655,0,0,0.010599934027835784
5007075941#5018023921,0,0,0.1962974311449363
4705583754#3249354040,1,0,0.4367964114567895
4176217131#4828387554,0,0,0.11385909535207951
5090005101#4699280965,0,0,0.19093324611825266
5003601219#146011948003,1,0,0.11346666841793863
4161797606#3359180052,0,0,0.00891443699403255
4145588659#2199135578,0,0,0.015747473316376995
1326086493#2062766088,0,0,0.0097771660978835
2062075980#18467925256,0,0,0.0008996474776853472
4726704241#2055886100,0,0,0.012141998661031023
4572380856#3794247232,0,0,0.07351925071967827
3044853716#2066624968,0,0,0.026770480925179037
1319944364#3227376447,0,0,0.057737179822696306
314601953357#102514982310,0,0,0.022527456376312177
3495408683#4643943359,0,0,0.015224109784194476
5067776785#2135316663,0,0,0.008253745310471985
4755359264#38448881724,0,0,9.884312325988768e-05
3972924699#2027929598,0,0,0.010369472968555324
1574873794#3400442486,0,0,0.011235497266872164
18469192585#435372126625,0,0,0.0009846083115677914
2060185518#291173146171,0,0,0.0062376798155542226
2268287413#34888001864,0,0,0.012998879451001468
2092610536#3269719212,0,0,0.008219813441419978
4623947495#406088738482,1,0,0.03414231294657752
4628867825#4619195159,0,0,0.025119338269146224
2007847537#2112794415,0,1,0.9627882798109381
1994805938#3347114660,0,0,0.011649154697469612
4452060617#4750249486,0,0,0.03261845137110656
1962074579#4091921695,0,0,0.11520555479500938
4165151066#1565925308,0,0,0.008545021627454429
1543155210#1565925308,1,1,0.931432714083968
117154450703#189546061243,0,0,0.011289195666095944
4437827660#3525845999,0,0,0.049052212460099213
4397595587#4781194041,0,0,0.17564572294776337
3052180518#1430988070,0,0,0.18074316179453928
3043492443#2163049577,0,0,0.010369472968555324
5197586202#4952978442,0,1,0.9878169465469253
2111041560#1637581644,0,0,1.7063431881942739e-09
23230310067#4761512241,1,0,0.05457543551836127
3408556286#10530767652,0,0,0.005010912986983725
4353960088#4384403228,0,0,0.1682287680097634
1848008894#3972924699,0,0,0.2714469927945919
2056128836#1816430010,0,0,0.00519650274110508
107725290582#4658620132,0,0,0.010369472968555324
1696095096#4196521320,0,0,0.43171023876135667
4330455313#4511530729,0,0,0.005845630445122106
5182742886#18466202308,1,1,0.9612636308167262
2065354050#1627738213,1,1,0.9999966748901985
1594535012#2026069710,0,0,0.02098481199262146
4206224036#4735432768,0,0,0.02671948238035105
3635733776#1684789889,0,1,0.9999998977688217
2007329552#1646275700,0,0,0.0014831831684601411
1472057117#4991881551,0,0,0.0010549575740686338
4346970606#4589673799,0,0,0.013664272117621895
4542039020#4619195159,0,0,0.010369472968555324
1811606488#4628482537,0,0,2.6419919654382595e-07
2297005450#1633806208,0,0,0.007604374157634777
2119398744#2111350136,1,0,0.012612916726164
4218561827#4335156801,0,0,0.010369472968555324
1438441444#2063588766,0,0,0.010210997551266362
1497939109#2343156405,0,0,2.509153342201276e-21
4644140313#1696095096,0,0,0.05838831458744147
4179651570#2281691154,0,0,0.27191293261416455
55721888445#1701333916,0,0,0.00924149093206718
5181571321#14613435427,0,0,0.013741493900178266
4825375981#21269204096,0,0,0.019413708340842835
3882201915#3949154897,0,0,0.08997829233237781
50602309472#3648904906,0,0,0.005099216252711233
1656969942#5003601219,0,0,0.035801315983233585
3551393130#1810185303,0,0,0.0032164600277826724
4479096588#4285709207,0,0,0.009092557109435547
14613461939#4327866563,0,0,0.012682301028104179
1416301524#3612961288,0,0,0.009197619029264914
5059261580#4619195159,0,0,0.009193800291183352
53263275323#60367707728,0,0,0.18754873381543405
4004772536#3282474651,0,0,0.00982829856541131
3709672083#2275666316,0,0,0.010369472968555324
3967431644#3044025040,0,0,0.02360774445355237
3630377420#1696208496,0,0,0.015619547076314577
4454965094#4454991968,0,0,0.12998899853111895
29299331674#4226659635,0,0,0.001508447841254489
3968945784#1502384801,0,1,0.6886335225791322
2062867476#3076859035,1,1,0.9999999676261245
3954668240#2247165276,0,0,0.0024236180066232638
145960681701#4867542841,0,0,0.02549445597271038
138963214044#156276677247,0,1,0.9898298859858021
4454991968#2027929598,0,0,0.1642007376652447
4024663252#4215027256,0,0,0.002833481045568244
3920807098#4722721497,0,0,3.34168766388238e-06
4408616491#1816427364,0,0,0.008264841940177575
3555205657#3487828521,0,1,0.6096050549578639
3046471496#3108657350,0,0,0.010369472968555324
1634282673#201663692217,0,0,0.108876247830275
3474372520#3076859035,0,0,0.016825396568437585
3289002505#4065797638,0,0,0.3241208302076267
1533602348#3299598934,0,0,0.1687324057167704
41375214069#1684789889,0,1,0.9880743511632513
4285709207#18465816919,0,0,0.010369472968555324
2092610533#2066246683,1,0,0.023046780609022214
1914706723#1565925308,0,0,0.015711598240338236
4391919171#4658956014,0,1,0.9583573260060607
4534359957#3628533316,0,0,0.11764399961433512
3363370353#2057051388,0,0,0.023280588086298837
4604457043#178258449477,0,0,0.023127032009950373
34888001864#4653616782,0,0,0.006928799798035822
4335156801#2122362220,0,0,0.0104376447233902
1728174549#1472057117,1,0,0.00921651829632239
3972924699#4040016243,0,1,0.5230623023326633
2551494872#4223043910,0,0,0.0077813390937720986
2176735919#1743052872,0,0,0.00928293145906777
2175801910#4538332005,0,0,0.009092557109435547
4581502608#1395111624,0,0,0.009413981525869591
2176735919#2133358535,0,0,2.4840362556527066e-08
4746144353#4620294540,0,0,1.60645496170762e-07
114453608394#2079572106,0,0,0.00937320631288123
2297005450#29299331674,0,0,0.20776074846837728
4450602322#4658620132,0,0,0.08947303280660733
1728174549#336556403061,0,0,0.0003081251262441085
54161674630#4015422065,0,0,0.04562847161264044
5167083430#18465816919,1,0,2.7855284473391843e-08
4065721591#4015322905,0,0,0.0077563260070274125
4628867825#4589678847,0,0,0.02818825020082042
4256622048#4657354294,0,0,0.007250720384373147
2054657143#3628839722,0,0,0.009960115493017965
4536450435#2058222393,0,0,0.010369472968555324
2065201243#6871473475,0,0,5.474687671392128e-12
109165560395#2064229512,0,0,0.010369472968555324
1882929309#421393369392,0,0,0.010369472968555324
3949154897#4549189933,0,0,0.014529221546434875
3831256267#1840606003,0,0,0.010369472968555324
50602314209#87720200914,0,0,0.04520965924733221
38448881724#2065201243,0,0,0.0018259679562211372
4589673799#50016874555,0,0,0.01378612753624289
4397595587#4417849752,0,0,0.012683905422922515
4535930871#1557919756,0,0,0.008446395177666505
4657354294#97115452949,0,0,0.008956485391706898
3501285885#14613461654,0,0,0.019318014172516294
3404019592#3419405027,0,0,0.001024944446478275
4140165052#4385421396,0,0,0.30879048265860787
1671393307#2120472151,0,0,0.05237085762072553
1962074579#3245545040,0,0,0.010369472968555324
2078774568#2063706226,0,0,0.02696385446271837
1816430010#34888001864,0,0,0.007456975297007023
2111349786#1953270965,0,0,0.00885740233115825
1694379811#4391919171,0,0,0.013492481624478683
4132281843#1472057117,0,0,6.819865177062859e-07
4247271139#5041670056,0,0,0.07143269382791816
156277207697#156277208014,0,1,0.8781031574303083
3920807098#4941134416,0,0,0.019256226568077607
4781194041#29299331674,0,0,0.010369472968555324
4530026053#4289086328,0,0,0.01156039450610352
3408556286#4452550298,0,0,0.010369472968555324
2119476678#2165015487,0,0,0.016746412856201234
4755359264#1710094724,0,0,0.010369472968555324
1313607746#1782357780,0,0,5.339288963981307e-13
14613469834#4644140313,0,0,0.008985356463774533
4195993580#4391919171,0,0,0.010369472968555324
3949154897#1646275700,0,0,0.009243272195885041
2026258519#2181531828,0,1,0.5272425741003122
5154681248#86626661064,0,0,0.24702425849141782
212771874474#4667944802,0,0,0.0008083029519809265
422592070627#3361906432,0,0,0.3278089209693079
5060996735#5090085713,0,0,0.010369472968555324
4722721497#2060253226,0,0,0.012523207336192268
4452550298#1816427364,0,0,0.029091699153338483
2057051388#2057051387,0,0,0.015851584225723175
2055886100#2133358535,0,0,0.010360120760167998
2053826326#5197586202,0,0,0.04848455707557738
3648904906#3669306485,0,0,0.0004892646249502422
3236601708#3809186919,0,0,0.005979076747338298
4451124293#4452550298,1,0,0.014996482242395954
3648904752#4272843119,0,1,0.7487037791941308
1718471304#1374772535,0,0,0.015142357463910627
1646206864#3474372520,0,0,0.009046754025954305
4659194738#19705527158,0,0,0.042571366607645836
5018389488#4155510577,0,0,0.009413981525869591
1684789889#3026064813,0,1,0.9479146603997927
1427286361#1765891797,0,0,0.011323961468839626
4451089335#4699280965,0,0,0.006363901460433983
2055377631#97115452949,0,0,0.018826730697823136
2113093450#4944579314,0,0,0.006257669300779779
1751364886#1751364880,0,0,9.581783589744179e-26
4411426624#4071233134,0,0,0.28981149819220575
4200562083#1843271409,0,0,0.01710196943623196
3999176481#1994805938,0,0,0.010369472968555324
2551494872#1656969942,0,0,0.007716649287761037
5027483278#1711687490,0,0,0.010369472968555324
1313607746#3920807098,0,0,0.011936427827371204
5060996735#3648904906,1,0,0.18833276429434864
291173146171#2060185514,0,0,0.0062376798155542226
3949154929#3903241588,0,0,0.14826682575704836
1780678934#1639390814,0,0,0.006528120713013159
1537709317#4145496082,0,0,0.008215483714899356
4452550298#4215027256,0,0,0.002833481045568244
1537709311#4452550298,0,0,0.008952342484451982
3446029032#4206267336,0,0,0.009390969336863144
4291077418#3289002540,0,0,0.04889172803612686
3791139342#70183897754,0,0,0.0252696090035026
1701470611#336556403061,0,0,0.003506079655539895
4157551094#2115151765,0,0,0.02048129627259886
4057032761#4024663252,0,0,0.00271562431323221
1326086493#3794247232,0,0,0.008500561054238851
4726704241#79993360240,0,1,0.589209911126894
1818739935#2275666316,0,0,0.003446638716220487
4205424867#4022447951,0,0,0.010369472968555324
1718471304#4657354311,0,0,0.009551348052925977
2066624973#4680095395,0,0,0.016149967623152357
4700047151#3359180052,0,1,0.8905482900749516
4910561821#4247271139,0,0,0.08802353680547266
4755359264#187508564338,0,0,0.0005016289249760864
2727127831#4572380856,1,1,0.9190949243228475
4780994423#5318769457,0,0,6.176867758142126e-08
1817644740#4261185678,0,0,0.010369472968555324
3889395495#4781194041,0,0,0.016727162680674864
2066246683#1818739935,0,0,0.00905959627059932
2119398744#1953270965,0,0,0.0015135143770775219
3361906432#1817644740,0,0,0.029170329524076367
4726704241#4700047151,0,1,0.9185649897626054
4572636295#4820163687,0,0,0.22241840859861894
2066535766#1500022510,0,0,0.010369472968555324
3107598853#580549064505,0,0,0.010369472968555324
1905948078#2059483876,0,0,0.008771863253503105
14613460476#2056478070,0,0,0.0001470519381336323
3401731422#4952978442,0,0,0.02810820468173942
5090005101#4214739605,0,0,0.006730217514360072
1701333915#3529095384,0,0,0.010229983463005495
2055886100#4804861605,0,0,0.010369472968555324
3635733776#4715847880,0,0,0.11298443463979078
18468687381#2063706226,0,0,0.19657935010873273
114453608394#1639901072,0,0,0.010369472968555324
146778888902#4730645460,0,0,0.009941286732401907
2007847537#4523728345,0,0,0.14615655961852791
2079581946#2078835030,0,0,2.552176135910727e-05
4589830735#4534359957,0,0,0.006809968800843834
2133358535#1497880313,0,0,2.6436515920300764e-10
2054781193#1914403252,0,0,0.03260018370720948
91686025987#5163452200,0,0,0.05473144370417628
487126887411#4470296934,0,0,0.0062376798155542226
2120155505#4179651570,0,0,0.034304367101019
2026258524#2026258520,0,0,0.05271078926055969
3289002505#3287805133,0,0,0.02480924598001644
4495044650#2061673563,0,0,0.010369472968555324
1962074579#54161674630,0,0,0.010369472968555324
4623947495#1847712017,0,0,0.00982829856541131
4316999113#1321409006,0,0,0.005845232163413508
174006932062#174007019522,0,0,0.04988933967778814
4024663252#4451124306,1,0,0.004756244886282837
2027929598#2069774757,0,0,0.08704017078855507
4755359264#4643718292,0,0,0.02256957987655331
4327866563#4457149562,0,0,0.009941286732401907
156277514294#307718000196,0,0,0.0010763520595184642
2180579787#2026258519,0,0,0.42943747785210984
4535949395#4595088087,0,1,0.9998585253675025
4161797606#4991881534,0,0,0.0010987221607331899
3612961288#1867262556,0,0,0.010369472968555324
3513178266#1347237190,0,0,0.010369472968555324
1816427364#303600075141,0,0,0.010369472968555324
3934602500#4196598949,0,0,0.010369472968555324
2055448044#3289002540,0,0,0.010369472968555324
5123189260#3282474651,0,0,0.15932800508230943
41375214069#7161172305,1,1,0.9897607682370545
3501281334#1646206864,0,0,0.012791398419916947
4672808661#1635692869,0,0,0.0021425243822451815
3477269989#3628839722,1,0,0.010440043136992523
1867286717#4417818851,0,0,0.17564572294776337
3550979323#4898626808,0,0,0.010369472968555324
3551393130#4065721591,0,0,0.008493653402090073
14613461939#2069774757,0,0,0.005205355783693355
4623949169#4851901157,0,0,0.006867546036476588
309312102749#364679238122,1,0,0.054741492562402
2058148983#3501281334,0,0,0.009413981525869591
2064414260#1520168707,0,0,0.010369472968555324
3485676898#4551054156,0,0,0.008486241954019178
3709672083#4705583754,0,0,0.010369472968555324
4943818903#38448881724,0,0,0.0023936294786016613
3926916973#2075914534,0,0,0.00046974384562820836
4298588573#3881831374,0,0,0.010369472968555324
1694379811#1497880313,0,0,0.006861664249005394
102514982310#4538332005,0,0,0.01794792055914288
2135054445#2069985286,1,1,0.851685358075892
4926426630#4215038721,0,0,0.017014795463837225
4972894326#2062867476,0,0,0.020623528570000802
3683502845#3644272514,0,1,0.9999998674204081
2062766088#2062766801,0,0,0.00011280603236244384
4828654874#1770010645,0,0,0.007576698445979627
41713266437#111110399548,0,0,0.00641174562195796
2336490445#3860948251,0,0,0.010369472968555324
2054753273#3926867260,0,0,0.08128881171375825
4499147142#1416301524,0,0,0.16683658564578663
4195960848#4197138413,0,0,0.0006642539197673902
1818739935#117154450703,0,0,0.017430222346217283
41375214069#4804861605,0,0,0.017408123967558097
4256926363#4479424072,0,0,0.00954866974090944
4726704241#3299598934,0,1,0.5031016867135472
2065201243#2062075980,0,0,0.0007466599795315107
4210986952#2063588766,0,0,0.037741677553834486
1312695289#2159452221,0,0,0.06773000979484115
1537709317#4077473357,0,0,0.007785839852102548
3926916973#3050152494,0,0,0.016440894878723182
29608029868#2297005450,0,1,0.5323580168842463
4929499262#3304467506,0,0,0.08416932521397992
1843271409#53263229623,0,0,0.008922223867496805
4451289887#4451288784,0,1,0.8357430252487226
4620261674#3470148182,1,1,0.999999587185897
4897048724#3848611844,0,0,0.01729371129040719
1951195150#4454991968,0,0,0.009413981525869591
4633378534#4748650954,0,0,0.16317704308506153
1701333915#1701333916,1,1,0.9521609193054072
3580539229#3245545040,0,0,0.26069130710127175
4405676807#1921223120,0,0,0.009945881198553675
2026258520#4346970606,0,0,0.007161205925602671
1374772535#4820163687,0,0,0.008503659382649843
5027483278#117154450703,0,0,0.010369472968555324
2075914534#1721524699,0,0,0.00043434882527720414
4091921695#4140165052,1,1,0.6165290180906676
197910587768#4811798618,0,0,0.07273838108199028
4797396841#2058316912,0,0,6.724143745764827e-05
2061448087#1537709308,0,0,0.06066490618561092
5031406959#5165108496,1,1,0.9993783029281049
1712570793#1816427364,0,1,0.6627298321553107
4149299298#2336490445,0,0,0.010369472968555324
1565912494#1565913509,0,0,6.135615697847844e-12
138962728028#2061022206,0,0,0.0007820461989753771
3361906432#4549189933,0,0,0.029170329524076367
3727491058#2054657143,0,0,0.0032666840565622568
4535941097#4535949395,0,0,0.01034609461072246
2159739481#1548108669,0,0,0.00866867188339071
2062766801#1457252585,0,0,0.005979076747338298
1635692869#106964376935,0,0,0.0012420235848973119
3044853716#2133358535,0,0,0.026815419911463727
2064229512#4435686270,0,0,0.010369472968555324
2296493468#2183428945,0,0,0.010369472968555324
3551393130#3551393318,0,1,0.7581521052176942
1427286361#2064414260,0,0,0.017388160227984586
3501285885#4633378534,0,0,0.061691734875561316
2115880476#2296451977,0,0,0.010369472968555324
2066624973#4893633475,0,0,0.00857978606999102
3551393130#3451234547,0,0,0.0022234066763008966
3626237468#4662042966,0,0,0.006583328177693417
4145588659#3806980943,0,0,0.006277022029554916
102514982310#114453608394,1,0,0.056501923740006586
1415554755#1696208496,0,0,0.008906854896268915
2115528606#3770456617,0,0,0.010369472968555324
2056128836#4272137501,0,0,0.007029849258357983
4687116172#2296451977,0,0,0.010238022442345437
2054657150#5059261580,0,0,0.008875763067245678
1543155210#4926426630,0,0,0.006051124193742722
2154491220#3628533316,0,0,0.00731381159891345
4780994423#157726428514,0,0,0.0062376798155542226
2343156405#2056078364,0,0,5.654051981955169e-10
3972924699#4840773591,0,0,0.024286471643876116
4150903563#4687116172,0,0,0.006636499328259494
4763332016#1653994308,0,0,0.01001322073741309
4893633475#4426740219,0,0,0.0009812183138749053
2054657150#3727491058,0,0,0.0032666840565622568
54158093151#3403897392,0,0,0.02463622493270482
3445564730#3114734058,0,0,0.00901510692441459
1537709304#1537709311,0,1,0.9982607059862307
4589830735#1477293192,0,0,0.018072171067213448
2075240892#2275666316,0,0,0.1621815428535356
3042764047#4536450435,0,0,0.046605601448487376
4439737347#4155408706,0,0,0.027601404766743998
2281691154#1701333847,0,0,0.008503659382649843
18465851371#1401982678,1,0,1.2195593500561404e-08
2053826326#2114975127,0,0,0.0811214482127933
1741741476#3446029041,0,0,0.0020796108047841984
4667944802#3626237468,0,0,0.004118949246747503
1640340946#1847712017,0,0,0.010369472968555324
4065795443#3487828521,0,0,0.3502747798540071
125323389433#2159739481,0,0,0.013084310436720772
1875282048#4867542841,0,0,0.010369472968555324
2069985286#2007847537,0,0,0.010369472968555324
4161797606#4452060617,0,0,0.008062059475231932
1817644740#3831256267,0,0,0.026366294365363415
1472057117#4219781521,0,0,1.7063071387485688e-05
7161172172#114453608394,0,0,0.10862630064488252
2336490445#1398443073,0,0,0.011503286088532391
3404019592#2057051388,0,0,0.009383651540189643
4663785560#38202857246,0,0,0.0025456516020452295
29608029868#2062867476,0,0,0.012982361101219772
2057685237#4391918874,0,0,0.009960115493017965
29608029868#4643938191,0,1,0.5323580168842463
2062782802#1721524699,1,1,0.733825427305252
4542039020#4633378534,0,0,0.010757901409458351
2551494872#1654102057,0,0,0.0006724951968016832
4633378534#4589929428,0,0,0.16317704308506153
4657354311#7161172172,0,0,0.00654632232839063
60367707728#4742698844,0,1,0.723782455456595
4132281843#303600075141,0,0,0.00191482433979509
1765891797#2003710867,0,0,0.01356138366358306
124021630369#3214249597,0,0,0.010369472968555324
4536450435#4279029102,0,0,0.01797204759577972
2296451977#2092610533,0,0,0.00942154686535582
4384414279#4435913614,0,0,0.013144320503866989
4877427884#2338131041,0,0,0.038381173791164826
1497880313#1477156406,0,0,0.003954169616818416
4165585148#3709672083,0,1,0.8152319560969622
3054434630#1721524699,0,0,7.787108613847897e-05
4820163687#4479070818,1,0,0.43015389122042197
107725296889#2092174215,0,0,0.008447121330005981
2165015487#3609077013,0,0,0.16047077572961144
1635692869#2062045929,1,0,0.005843686416829642
4840773591#174006932062,0,0,0.010369472968555324
3435281641#3485676898,0,0,0.010369472968555324
3474372520#2060355842,0,0,0.026144058823331984
173652977366#4811798618,0,0,0.07273838108199028
114453608394#4613276653,0,0,0.002141221613847603
7161172172#7161172305,0,1,0.9999999290434997
2180579787#60367707728,0,0,0.010369472968555324
4973150488#4972894677,0,0,0.048081729318277575
1710094724#3633360460,0,0,0.43854156556513957
4231111906#4232666143,0,0,0.013188530912342709
4604457043#4667944802,0,0,0.021167342579463032
4196030610#3949154897,0,0,0.006951716477868814
4683006694#4289077889,1,1,0.9997930338133776
4479070818#3054671141,0,0,0.012715611370633007
3236601708#1878732185,0,0,0.011444188198079778
106964376935#4843831604,0,0,0.00035618147453496033
4155408706#4279029102,1,0,0.016327577500315126
4943818903#4620685919,0,0,0.0011466483046727932
4408616491#4200562083,0,0,0.0252696090035026
4289086328#4289077889,0,0,0.013783579442806858
4450888165#4385421396,0,1,0.9990298898021699
4129122420#3107598853,0,0,0.09077335787271962
107725296889#4900378668,0,0,0.004397810674041112
4215038721#4024663252,0,0,0.0029818172181265727
3860948251#3794247232,0,0,0.05248620044241825
2055255869#4411426624,0,0,0.010369472968555324
5173394727#121528725386,0,0,0.008012690314273492
2054657150#3411721643,0,0,0.009960115493017965
3551393130#2111349786,0,0,0.045274717212553064
4499147142#1646206864,1,0,0.45547941999315866
2359474749#2359348328,0,0,0.052272076328661606
146778888902#146777938215,0,0,0.0579138612954089
1740857110#3408556286,0,0,0.010369472968555324
2314360284#4536450435,0,0,0.0252696090035026
3968945784#4495500756,0,0,0.012947046120072766
124021630369#4202041822,0,0,0.025941102841438617
2058316912#1775497794,0,0,0.010458442710742316
4470296934#4165151066,1,0,0.008265323950502956
3400442486#3603201749,0,0,0.007892664585674914
2181531828#2183428945,0,0,0.3575898441020163
309670736915#4247271139,0,0,0.010369472968555324
4471122121#53263229623,0,0,0.007467066077819265
3404019551#1634282673,0,0,0.00982829856541131
197910587768#156893097471,0,0,0.07273838108199028
4657354285#4256926363,0,0,0.008417993998618138
3501281334#3289002540,0,0,0.39193260961907384
5037293131#97014870931,1,0,0.02746439548466847
4535930871#3968945784,0,0,0.4023766403031512
4272887201#4272885125,0,0,0.23824804262650118
4808134153#2069774757,0,0,0.025101447786418575
4657354311#4933360994,0,0,0.01814717081242338
1497880313#1438326380,0,0,0.0019221998778242832
4699510653#107725292534,0,0,0.05354504903427042
4385184631#49857216438,0,0,0.010369472968555324
3495408683#189546061243,0,0,0.010851712824531463
8431814058#1557919756,0,0,0.00820443268786298
4572374020#4730645460,1,1,0.9999921725948538
3287805133#4065797638,0,0,0.061009716072371704
4636381625#3046729281,0,0,0.008768914691014658
4346970606#4742698844,0,0,0.051137945110633784
5067776785#3108657350,0,0,0.005421043366622456
2111818909#1770010645,0,0,0.0596777522875891
4223043910#174006932062,0,0,0.015007546461632435
4065795443#3289002540,0,0,0.3241208302076267
4321048267#2055377631,0,0,0.029269314757285277
4259241183#4155510577,1,1,0.9962355716783842
1541880573#4202041822,0,0,0.3692474642557345
29607392514#3445564730,0,0,0.00956169355500639
4715847880#32236834289,0,0,0.010369472968555324
4657354285#4226659634,0,0,0.02090742408202503
422592070627#1694379811,0,0,0.26714415347464454
2268304430#146778888902,0,0,0.008079982760588151
4900378668#1903466347,1,1,0.7635695807090455
3628533316#207035576772,1,0,0.03255053928160698
5031406959#4065795443,0,0,0.009413981525869591
4840773591#4659194738,0,0,0.009941286732401907
4662042966#2074019451,0,0,0.011678832327531356
3896015808#4530026053,0,0,0.008056079524359931
1456843034#3076859035,0,0,0.010369472968555324
2068623358#2059052537,0,0,0.010369472968555324
2199135578#1810185303,0,0,0.007182648067566236
1712570939#1727736762,0,0,0.08672421506647263
3557197892#2069774757,1,0,0.14838221818056016
2075914534#3403917033,0,0,3.62901324017513e-05
1778563602#1634282673,0,0,0.003710797627048818
422592070627#4435686270,0,0,0.02739907297117562
38202857246#1543155210,0,0,0.011134234392745388
4416668620#3629624977,0,0,0.010369472968555324
1543155210#1951195150,0,0,0.009413981525869591
5167083430#3446029032,0,0,0.0021044654306862113
3042764047#4437827660,0,0,0.02717096946571647
3764759336#3513178266,0,0,0.0015962638525403236
4155510577#3967431644,0,0,0.009829240459780625
111568230982#2058132898,1,0,0.05123298704955282
4417849752#1867286717,0,0,0.07451949862975182
3461052410#1318260275,0,0,0.010369472968555324
4223934140#1639390814,0,0,0.0097771660978835
4285709211#4285709207,0,0,0.11016340524603647
5060996735#4317041484,0,0,0.04525858457110722
1878732185#2060257095,0,0,0.01000183478897284
4321048267#2056662276,1,0,0.04100505678833683
1594535010#111110399548,0,0,0.007875534245624882
1778563595#4232471781,0,0,0.010369472968555324
1438441444#1398682725,0,0,0.25348679692107456
3403917033#3926916973,0,0,8.420581434856667e-05
5007075941#2112576214,0,0,0.004488547737860007
3949154929#4391918874,1,0,0.002833481045568244
3245545040#1541880573,0,0,0.012205975087253912
2120155505#2115151765,0,1,0.5464373103307786
1321409006#1813034413,0,0,0.003980617442074856
4129122420#4196598949,0,0,0.33347851349809177
1457252585#3972924699,0,0,0.051782602806141775
2359435242#3052180518,0,0,0.047626739802149855
4643898157#4285709211,0,0,0.009092557109435547
2007934907#100995265790,1,0,0.022750788691295966
2003710867#4551054156,0,0,0.002649112402660729
3124123344#580549064505,0,0,0.018126647205140248
14613461654#14613461939,0,0,5.110614742011819e-05
4687116172#18467669365,0,0,0.012501404022624514
5181571321#1951195150,0,0,0.010369472968555324
303600075141#336556403061,0,0,0.00191482433979509
314601953357#22859701254,0,0,0.02256957987655331
3831256267#1816929342,0,0,0.022311494816418868
4231111906#4636446230,0,0,0.057032582068867924
4715847880#2003710867,0,0,0.05887616774307077
1843271409#4285709211,0,0,0.00861744361751063
4272887201#2064730522,0,1,0.8018152967605594
309670736915#4712246454,0,0,0.010369472968555324
97014870931#2055377631,0,0,0.028085820541358848
2092610533#156277208014,0,0,0.014336410552905604
3446029041#3683502845,1,0,0.1573223582676058
2092610536#2092610533,0,0,0.0006510526520306593
1639832922#4623570105,0,0,0.0022707758052362454
4285709207#4285491833,0,0,0.0047630982594524356
4471122121#4465664542,0,0,0.0014015843419686084
1634282673#1778563597,0,0,0.003710797627048818
1751247315#4915591396,0,0,0.004029967022797958
4091921695#3926916973,0,0,0.06856824040514263
4437827660#2056662276,0,0,0.00956169355500639
376973981474#395685899087,0,1,1.0
4840773591#174007019522,0,0,0.010369472968555324
4157496031#4451289887,0,0,0.004400929710561913
3299599421#14613435427,0,0,0.010369472968555324
1712080073#1711852573,0,0,0.0020642200505610847
1574873794#3445564730,0,0,0.00956169355500639
2338916683#1438483240,0,0,0.012090975013548527
309312101477#4003298247,0,0,0.015830475910419965
4346970606#156277208014,0,0,0.010969257577854299
2068623358#1710094724,0,1,0.8772305047795216
86283717806#1694379811,0,0,0.009960115493017965
2059124992#4385184631,0,0,0.0036933301495029524
5031406959#2114975127,0,0,0.31178478107824026
4285491833#2061309144,0,0,0.006947240864984446
2275666316#3474685536,0,0,0.010369472968555324
1537709308#1537709317,0,1,0.9982607059862307
4451124306#86626661064,0,0,0.011657380727662413
1665894324#1921223120,0,1,0.9583482080314951
4393085087#4680204120,0,0,0.01082948326339285
3949154897#1650171814,0,0,0.0045620183958130405
54158093151#4748650954,0,0,0.008873971348558815
3050045988#18468690620,0,0,0.008838462555756904
4210985419#3411721643,0,0,0.010369472968555324
4206812485#3642422898,0,0,0.20742117720928988
2117967935#4623570105,0,0,0.04589351940970871
2275666316#174007019522,0,0,0.010369472968555324
4215038721#4699510653,0,0,0.024122391311293637
2112576214#4479096588,0,0,0.21749792583232844
1740857110#4451288784,0,0,0.009413981525869591
4346970606#4797396841,0,0,0.004507407676910161
1634282673#1633806208,0,0,0.007436331859457538
1321409006#1816428069,0,0,0.005245045796421006
4479070818#4748650954,0,0,0.28067129944922975
4538003565#4589929428,0,0,0.009029543628995731
1472057117#3287805133,0,0,0.007599128079345354
3404019551#2247165276,0,0,0.0024568519253759242
4620685919#3806980943,0,0,0.0022153247098570636
3881831374#6015919609,0,0,0.009941286732401907
1656969942#3061887519,0,1,0.5523796677341786
4099641396#4298588573,0,0,6.007919565339706e-06
4972894326#14613464513,0,0,0.0031716288608974763
3439202323#1780678934,0,0,0.027548262702242202
1430988070#1875282048,0,0,0.009413981525869591
1778563602#1727736762,1,0,0.19282184989304768
157726428514#189546061243,0,0,0.04044920328186081
422592070627#3633572726,0,0,0.015178579284868859
1751364886#4623949169,0,0,1.2760770135730492e-26
86626661064#5018389488,0,0,0.023592326779461246
1701333847#1374772535,1,0,0.4718560241299783
3054671141#4022447951,0,0,0.015178579284868859
1650171814#5208946130,0,0,0.010369472968555324
1533602348#4726704241,0,0,0.29385400289678987
4643943359#4944579314,0,0,0.006266340436541973
2111351705#2111350136,0,0,0.0018295561962767032
4658956014#4536450435,0,0,0.009815316060281411
2053826326#422592070627,0,0,0.16161757899869406
174006932062#121528725386,0,0,0.04988933967778814
2150036453#1816929342,0,0,0.13991151294337906
5104418469#3403897392,0,0,0.006548222167171649
3727491058#1811606488,0,0,0.0010904130246879406
4417849752#4416668620,1,0,0.4231542115347039
1326086493#5215138753,0,1,0.9994588779405983
4214739605#3609077013,0,0,0.04097280536307202
2070908197#376973981474,0,0,0.008922223867496805
2068623358#4631852445,0,0,0.009941286732401907
2055377631#4289077889,0,0,0.018285775027950757
3934602500#1430988070,0,0,0.013888339144315249
4726704241#4643011415,0,1,0.7611356294272829
5173394727#4973150488,0,0,0.007912225240770869
4405676807#4219781521,0,0,0.007839261231254962
3633572726#3550931655,0,0,0.011241518844674796
4538332005#1316058339,0,0,0.009092557109435547
4808134153#1415647813,0,0,0.023548930996973867
5087832312#1696438060,0,0,0.010369472968555324
1882929309#1316058339,0,0,0.010369472968555324
4206267336#1419344414,0,0,0.010369472968555324
1416528046#2175801910,1,0,0.20266291099385034
4077473357#4877427884,0,0,0.010369472968555324
2058563113#1520168707,0,0,0.010369472968555324
2066624968#4631852445,0,0,0.00782273917880986
2060355842#421393369392,1,1,0.8889278857214904
4451089335#1743052872,0,0,0.009413981525869591
4570764341#4722721497,0,0,0.012239678309300244
3513178266#4202041822,0,0,0.021918409698796475
2057811649#1710094724,0,1,0.8416712276435621
2111350136#564144132292,0,0,0.00937039228203213
3477269989#3474685537,0,0,0.03129133812847438
2175801910#2027838359,0,0,0.07593646659097521
314601953357#1770010645,0,0,0.00898308656466184
4959321228#1497880313,0,0,0.0001521279136717805
4584646241#4391918874,0,0,0.028406386900598452
1374772535#4657354311,0,0,0.005930054139272989
3791139342#3967431644,0,0,0.007785719624263257
4417818851#2055255869,0,0,0.005010912986983725
2168053392#4589678847,0,0,0.028322157404853422
41375214069#2062845102,0,0,0.008162864704577184
1712080073#1711687490,0,0,0.008101594091243914
21269204096#4205538788,0,0,0.019911844695151656
4781194041#4841409785,1,0,0.3743022029613289
4898730640#4828654874,1,0,0.02459702131566757
4899954714#3806980943,0,0,0.009413981525869591
364679238122#1701333916,0,0,0.009595915472206928
2148153592#2059400154,0,0,0.08175308729650123
3056067914#2336490445,0,0,0.010369472968555324
14613461654#14613466961,0,0,5.110614742011819e-05
2057811649#237523614768,0,0,0.019860819979495084
2057051388#3954668240,0,0,0.008551964663215977
4589595738#2113760999,0,0,0.010369472968555324
4285491833#4285709211,0,0,0.0047630982594524356
48926966870#2054753273,0,0,0.010233211754817914
4761512241#2254264382,1,0,0.02885250529088766
3628839717#4335156801,0,0,0.009960115493017965
2068623358#4680203965,0,0,0.002744324697068511
3054671141#3517506225,0,1,0.938819530656773
4495044650#4735503306,0,0,0.0038769496527406694
3764759336#2115880476,0,0,0.03405634523951012
1684789889#4715847880,0,1,0.7535173455057499
4662042966#4663785560,0,0,0.00030517086306146844
4680204120#79993360240,0,0,0.010369472968555324
1374772550#1701333915,0,0,0.16188553157742233
3044853716#2055886100,0,0,0.0570224412005036
1951195150#4808134153,0,0,0.009413981525869591
4635981164#3107598853,0,0,0.010369472968555324
138962685339#276611684552,1,1,0.9999999999768647
4643011415#1533602348,0,0,0.3930786589636674
4256926363#4933360994,0,0,0.019268722826356964
2115880476#4034038494,0,0,0.005313829808677435
4215058789#4215038721,0,0,0.009941286732401907
3628839722#3628839717,0,0,0.0008682219882389133
1646275700#1816430010,0,0,0.0028589081235646592
124021630369#3683502845,0,0,0.017699113694263326
4479095804#4479096850,0,1,0.9964526931225807
4699510653#107725290582,0,0,0.020145028704130104
3517506225#1914403252,1,1,0.9990426203691087
2183963548#2026258519,0,0,0.42943747785210984
1537709317#2338916683,1,0,0.25200314159763604
4755359264#314601953357,0,0,0.01151466785801718
3107598853#1438441444,0,0,0.17019281058505065
4439737367#4435913614,0,0,0.022163816589548174
3550979323#3259289288,0,0,0.01930424935944733
2176735919#2056078364,0,0,2.4840362556527066e-08
4439426144#4256622048,0,0,0.009960115493017965
4065795443#4439737367,0,0,0.006515737151152364
2066509477#5037293131,0,0,0.0058834176641312155
1500022510#5087832312,0,0,0.010369472968555324
4317041484#4327866563,0,0,0.01644846885643154
4040016243#2057145715,0,0,0.010369472968555324
1867286717#4781194041,0,0,0.17564572294776337
2163049577#2114049002,0,0,0.02186398478069754
237523614768#5128222238,0,0,0.008001272196470751
4435528162#3836676657,0,0,0.011987086225011271
364679238122#4658620132,0,0,0.012077595438497594
3061887519#5003601219,0,0,0.04319515087273214
1326086493#4893633475,0,0,0.015756635825937143
2066535766#487126887411,0,0,0.03352215198075906
3359180052#3594649033,1,1,0.905995251595734
41713266437#54161674630,0,0,0.22394478351992347
2183968048#2183963548,0,0,0.09361117763953446
4140165052#4426740219,0,0,0.05700950112610877
2111872187#2067179166,0,0,0.009941286732401907
4653616782#2054657150,0,0,0.02816719925681457
3889395495#4893633475,0,0,0.010369472968555324
2067571192#5087832312,0,0,0.00527867934900904
1543155210#1878732185,0,1,0.9803247932918334
4680095395#1727736762,0,0,0.004841748545299705
1778563597#156277207697,0,0,0.010369472968555324
3794247232#111568230982,0,0,0.053247413640164776
2296451977#2296574953,0,0,0.005476046277025139
3032709817#1627738213,0,0,0.010369472968555324
336556403061#1728174555,0,0,0.020924786010634723
4323500487#4479070818,0,1,0.961124523668545
4851901157#4285709207,0,0,0.011145718695680542
4219781521#564144132292,0,0,0.00606951822779932
3043492443#4354044382,0,0,0.008615260281476057
3490539439#4015322905,0,0,0.009413981525869591
4393085087#3881831374,1,1,0.9957564641896983
2075416140#3044853716,0,0,0.0097771660978835
4479096588#4289077889,0,0,0.012862603282810914
4209814745#3920807098,0,0,0.010369472968555324
4495500756#18465816919,0,0,0.00890664046769674
1437868238#4589673799,0,0,0.15501244499337372
4165151066#3683502845,0,0,0.00984805838487989
5154681248#157726428514,0,0,0.010369472968555324
2074019451#3968945784,0,0,0.008212549346363581
3108657350#1784900254,0,0,0.008183381097781257
376973981474#4157496031,0,0,0.007211329320741328
1751364880#4619195159,0,0,0.010369472968555324
4157551094#4272137501,0,0,0.0700016039723926
4898626808#3124123344,0,0,0.040499622144421744
97014870931#3637042235,0,0,0.010369472968555324
2056662276#97014870931,0,0,0.019621661028716337
4479095804#4261185678,0,0,0.21749792583232844
53263275323#1394397775,0,0,0.00867998181969681
2060355842#22859701254,0,0,0.009960115493017965
1671393307#3056067914,0,0,0.010088745812343808
4071233134#3446029032,0,0,0.022863403323000613
4915591396#2727127831,0,0,0.010369472968555324
7161172172#5214033793,0,0,0.007069633632693788
564144132292#111568230982,0,0,0.010369472968555324
146011937628#1921223120,0,0,0.07951560118159774
3259289288#5123189260,0,0,0.00855320738333507
2359348328#4750249486,0,0,0.008922223867496805
1430988070#2116342008,1,0,0.334481536727692
3446029040#2329543699,0,0,0.025336560380961895
3896015808#4668248026,0,0,0.007572294264346501
2066509477#4657354311,0,0,0.0027614289378704417
3259289288#4435913614,0,0,0.010037888398765833
1374772535#156277207697,0,0,0.012658785896013415
2180579787#2183428945,0,0,0.09361117763953446
3954668240#1847712017,0,0,0.008662192507099813
4538332005#54158093151,0,0,0.009092557109435547
4450602322#2114341514,0,0,0.03352215198075906
3555205657#3501281334,0,1,0.8951632030643065
1727736762#4397595587,0,0,0.006895827253419888
1780678934#4140165052,0,0,0.0396247512426605
3967431644#2062782802,0,0,0.028523479430037576
2455800880#14613465315,0,0,0.04928312734778067
2056078364#3050152494,0,0,0.0001866397000578864
2114975127#4179651570,0,0,0.007823537766498372
4179651570#276611684552,0,0,0.003138645241685291
4628467232#1415647813,0,0,0.013109023338242279
14613464513#14613461654,0,0,5.110614742011819e-05
2059400154#4004772536,0,0,0.010369472968555324
2059052537#3056067914,0,0,0.02644538745774163
4408616491#5090085713,0,0,0.010369472968555324
2068602973#2066624973,0,0,0.01757937039873781
54161674630#5095503840,0,0,0.1553243935763612
4929499262#3032709817,0,0,0.11385909535207951
2339749085#14613465315,0,0,0.010369472968555324
2059052537#1818739935,0,1,0.5615004612687398
38406123057#2297005450,0,0,0.4612394842289508
4291077418#45531943201,0,0,0.027446110287872458
4417818851#2339749085,0,0,0.01855969643968673
3236601708#2092610533,0,0,0.001677898159044617
2003336437#1647227082,0,0,0.06384441373116335
4742698844#87720200914,0,0,0.38366024045415065
4260680249#4165151066,0,0,0.003997634240904657
1921223120#5059261580,0,0,0.008445834607630247
4454965094#5163452200,0,0,0.02794139146708098
5090005101#4393085087,0,0,0.19093324611825266
4129122420#1438441444,0,0,0.007269650473972046
2060185514#1711687490,0,0,0.006287676672566967
5163452200#29607392514,0,1,0.5222158944821111
2055255869#4209814745,0,0,0.017955277229909875
2092938385#4384414279,0,0,0.11818486529873178
1816428069#1816427364,0,0,0.0010944621265667862
2168053392#4589595738,0,0,0.008854985050400423
7161172172#5018368651,0,1,0.9992326656211248
2007847537#4715847880,0,0,0.010369472968555324
3501285885#1653994308,0,0,0.17333713714182106
156274514359#3214249595,0,0,0.009092557109435547
2338131041#1537709311,0,0,0.25200314159763604
1712080073#3052165975,0,0,0.002597012694854447
1816929342#1817644740,1,1,0.9773197288786608
3772512066#4735503306,0,0,0.0003698569342042399
4746144353#4972894326,0,0,0.008418685348579634
45531943201#41713266437,0,0,0.053051240668674816
4210985419#4893633475,0,0,0.008760353010417795
1784900254#2069774757,0,0,0.013895673956386297
4657354294#3404019551,0,0,0.00942224626015111
53263275323#4653616782,0,0,0.32616635483263073
3835278364#2007934907,0,0,0.029360080306371446
4196521320#4641374150,0,0,0.01400928974835431
23230310067#5169557343,1,0,0.08904902874683572
4204386191#3849817492,1,1,0.9974907731728879
1816428069#1840606003,0,1,0.8385281603969215
2135316663#5104418469,0,0,0.01310220794974492
2056478070#1639219119,0,0,0.0044237634219315945
2066535766#1416827061,0,0,0.06356592964726109
4941134416#4218561827,0,0,0.019256226568077607
3882201915#3949154929,0,0,0.03877639444848394
4022447951#3754155310,0,0,0.015178579284868859
4209814745#1537709304,0,0,0.010369472968555324
201663692217#406088738482,0,0,0.009092557109435547
3461052410#5027483278,0,0,0.012596400100857543
4272137501#4214739605,0,0,0.022474108395743698
1778563595#1537709311,0,0,0.010369472968555324
3644272514#3446029040,0,0,0.07016258470661148
19705527158#107725292534,0,0,0.010369472968555324
70183897754#4536450435,0,0,0.0252696090035026
53263229623#3860948251,0,0,0.00867998181969681
2359348328#2067179166,1,0,0.1318323178086306
4726704241#3594649033,0,0,0.41163787807152924
4972894677#2455842713,0,0,0.2522464282450044
4256926363#4542386587,0,0,0.010369472968555324
2059124992#5210078086,0,0,0.010369472968555324
3968945784#4687116172,0,1,0.5868993855259814
7161173338#1696208496,0,0,0.006341483955132868
102514982310#121528725386,0,0,0.023484888830984325
1712570793#3438816692,0,0,0.010369472968555324
219547393842#5174571094,0,0,0.013298096878787507
8431814058#1867286717,0,0,0.010369472968555324
1878732185#1394397775,0,0,0.006458771557861216
1728174549#4132281843,0,0,0.00026661111451537514
1637980981#3551393130,0,0,0.0043709810678625016
2092610536#4071233134,0,0,0.011097941320779825
4763332016#2067571192,0,0,0.0121362465839876
2063588766#1316556785,0,0,0.021853460520302747
3648904906#4317041484,0,0,7.967924453748342e-05
1665894324#1765891797,0,0,0.019335971963060847
3555205657#3287805133,0,0,0.39193260961907384
2058316912#4843831604,0,0,0.0005241119427283616
4057032761#4451124293,0,0,3.0437111014444677e-05
1627587582#4259429802,0,0,0.03145152271789834
4840773591#3727491058,0,0,0.010369472968555324
4619195159#1520168707,0,0,0.03288009208615109
1780678934#1782357780,1,0,5.792702915044098e-14
3580539229#3249354040,0,0,0.048484214158541525
1386747994#2062045929,0,0,0.009413981525869591
5167083430#5169253299,0,0,0.012788578998826737
5007075941#3477269989,0,0,0.00814791818557073
4451289887#2551494872,0,0,0.007365385830834514
4705583754#4489521100,0,0,0.015178579284868859
5169557343#4542039020,0,0,0.03811421381716109
1594535010#2026069710,0,0,0.01082019725570344
373850283306#373850284448,1,1,0.8835375098284282
4792436579#2168053481,0,0,0.00982829856541131
3926916973#1721524699,0,0,0.0005602406116716666
3114734058#2159739481,0,0,0.0055695573123567006
2116342008#3052180518,0,0,0.011393206675589693
4231111906#97115452949,0,0,0.010369472968555324
109165560395#189546061243,0,0,0.0025729555989332524
4993036319#580549064505,0,0,0.010600050696949971
1438326380#4289086328,0,0,0.008098284692393395
8431814058#2114341514,0,0,0.002171464422398389
4003298247#1784900254,0,0,0.009061617540116291
4285709211#4316999113,0,0,0.0036142854414004696
4623934568#183335907108,0,0,0.005695090693224418
2007934907#97014870931,0,0,0.03163476579418377
1818739935#2338916683,0,0,0.010963096596738995
3860948251#3299599421,0,0,0.061199772519424135
1415554755#3691000538,0,0,0.008779785228300797
3487828521#4448830722,0,0,0.0006541203313946826
38202856033#4663785560,0,0,0.0025456516020452295
2056662276#2055377631,0,0,0.07069681281678357
1951195150#107725292534,0,0,0.010369472968555324
2070627808#2092610536,0,0,0.013900847789886397
1398682725#3435281641,0,0,0.03780967946629213
4479095804#4699510653,0,0,0.3086457740492208
3419405027#2026258520,0,0,0.007916999700255991
1313607746#4972894326,0,0,0.007173713194452997
4411426624#3304467506,0,0,0.010369472968555324
5027483278#2111350136,0,0,0.005003151179540689
3403917033#406088738482,0,0,0.011602301781269144
4658956014#2054817755,0,0,0.0020109364451697674
1497939109#4735432768,0,0,0.010369472968555324
4620294540#3438816692,0,0,0.042792211824847125
2235828707#2062075980,1,0,0.009434592670486215
2054733437#1878732185,0,1,0.7949186282867061
1962074579#4140165052,0,0,0.19667667916164788
4720389596#4289077889,0,0,0.009413981525869591
4623949166#4004772536,0,0,0.010369472968555324
4716933437#4897048724,0,0,0.013724203470044242
564144132292#2062075977,0,0,0.008564611519533688
4933360994#3487828521,0,0,0.008668148458964981
4915591396#5208946130,1,0,0.2131273703808268
1816428069#1813034413,0,1,0.9657579578551753
2119476678#2119398744,0,0,1.3127875249658867e-05
4274235353#1752749942,0,0,0.008320877770881417
5123189265#7161172172,1,0,0.18181351939651316
1709057480#4620294540,0,0,9.158491767406762e-06
14613461654#4201830454,0,0,0.003373364447589018
3451234547#3513178266,0,0,0.17461820917060403
4145496082#4077473357,0,0,0.009030470899379025
2114049002#3848611844,0,0,0.015199066060290171
4973150488#14613466961,0,0,0.05089892722484846
2117967935#3794247232,0,0,0.011503964038410992
29607392514#2297005450,0,1,0.5323580168842463
3054434630#2062766801,0,0,0.026229929236578946
4620261674#4195960848,0,0,0.009828590426539106
2120851333#1311812490,1,1,0.9661858691248536
1701333915#1701333847,0,0,0.07883501324862215
29608029868#29607392514,0,0,0.18604536958960946
1438326380#1497939109,1,0,0.009496452867760878
4414530598#5060996735,0,0,0.007602550609733027
2026258521#2183428945,1,0,0.4236109203037451
5182742886#4929499262,0,0,0.2888299957870357
46983614517#4643718292,0,0,0.010369472968555324
3517506225#4354044382,0,0,0.010369472968555324
2118416856#4339070553,0,0,0.005178762978047819
4437827660#1843271409,1,0,0.018529046817605553
4259429802#4973150488,0,0,0.01645584268952212
4792436579#4750249486,1,1,0.635948692083627
1882929309#3550931655,0,0,0.011241518844674796
4538332005#1696208496,0,0,0.008572556175139865
1727736762#1712573177,0,0,0.08672421506647263
4877427884#4454965094,0,0,0.038381173791164826
5214033793#4699280965,0,0,0.1368513062497674
2183963548#2026258521,0,0,0.42943747785210984
3633572726#307718000196,0,0,0.04144261947105297
1672066227#21269204096,0,0,0.008253745310471985
3882201915#4584646241,0,0,0.0003660640328839523
4157496031#4197138413,0,0,0.006500931364827746
4157551094#2066624968,0,0,0.03352215198075906
2111041560#1497880313,0,0,2.6436515920300764e-10
3495408683#4897048724,1,0,0.010925897773042424
4003298247#4417849752,0,0,0.08727356425797758
102514982310#2114716134,0,0,0.010369472968555324
3798986721#48926966870,0,0,0.06233910119809545
4898730640#3289002505,0,0,0.009024890551257336
4797396841#113196401893,0,0,0.00033434804779642176
2054657150#2054657143,0,0,0.09236025297034492
1728174555#2067377960,0,0,0.004569791038571051
4416668620#4841409785,0,0,0.10481180292215111
5165108496#5197586202,0,1,0.9998774676800974
4742698844#4653616782,0,0,0.4645295427770816
1694379811#2298730254,0,0,3.8698105178744635e-05
4015422065#5018023921,0,0,0.0011055631008786537
87820911338#2168053392,0,0,0.008725558837570374
29608029868#29299331674,0,0,0.07464581353737726
1743052872#2056078364,0,0,0.00928293145906777
2176735919#4470296934,0,0,0.07636847403215796
4750249486#3999176481,0,0,0.3087947926363331
4628867825#1570945860,0,0,0.010369472968555324
4720389596#4223043910,0,0,0.03493567232222744
2058222393#2270062912,0,0,0.006904334834499593
4027742647#2117967935,0,0,0.010369472968555324
373850284448#2114975127,0,0,0.00982829856541131
2061309144#1878732185,0,1,0.9528350078315198
4642512906#4933360994,0,0,0.016353787255758076
49857216438#4893633475,0,0,0.007629440129865223
110232280082#4437827660,0,0,0.005194139393223554
10530767652#156277208014,0,0,0.007875534245624882
4279029102#2235828707,0,0,0.009413981525869591
38448881724#1696095096,0,0,0.010369472968555324
1528865186#4536041187,0,0,0.008376133356098065
1951195150#4040016243,0,0,0.09358776076165408
5318769457#4157280271,0,0,0.003987674496779357
3988152389#3999176481,1,0,0.23936999357365116
4165585148#2092938385,0,0,0.19489121337816384
1594535010#107725290582,0,0,0.009941286732401907
4071233134#3446029041,0,0,0.022863403323000613
1765891797#4130010417,0,0,0.010734736203288846
97115452949#1633806208,1,0,0.026949414092619597
1416528046#1438441444,0,0,0.0252696090035026
3770456617#1415554755,0,0,0.010157958953639822
4317041484#3648904752,0,0,0.0004903457349358651
53263275323#50602309472,0,0,0.020685280955112406
1953270965#2113288221,0,0,0.004166264629119757
1438326380#1694379811,0,0,0.011765837757723626
1905948078#1565925308,0,0,0.03699392549939678
4140165052#4450888165,0,0,0.29150159884228843
1743052872#2111041560,0,0,0.00928293145906777
21269204096#173652977366,0,0,0.032973434463547766
4673557611#4735503306,0,0,0.0016740968630538555
4397595587#4841409785,0,0,0.23653940618948113
5003601219#146011937628,1,0,0.12193538632862516
4913742546#1570945860,0,0,0.010369472968555324
18468580547#5167083430,0,0,9.979499395931869e-11
580549064505#1696208496,0,0,0.010161374130710183
2115880476#3551393130,0,0,0.004109451614025152
3626237468#4099641396,0,0,0.00014049455183715777
2120851333#1477293192,0,1,0.9895728964353518
1711687490#4091921695,0,0,0.06416667645654175
4247271139#4726704241,0,0,0.010369472968555324
4232471781#4657354285,1,0,0.02090742408202503
2092174215#1637980981,1,0,0.435843645908065
87820905399#3490539439,0,0,0.19370262862257923
4316999082#3949154897,0,0,0.006406743805019316
4825375981#4180609537,1,0,0.37731804204599884
3626237468#1953270965,0,0,0.020021571653306414
2343156405#2159739481,0,0,9.209451565297662e-05
5087832312#1415647813,0,0,0.0074893160384485
146011937628#1654102057,0,0,0.1939222577312398
2135316663#2159452221,0,0,0.09662048758880418
4157551094#291173146171,0,0,0.020354750134913224
4840773591#4579172309,0,0,0.009605179351396228
2060253226#3046729281,1,1,0.9999983697188031
4514269980#4893633475,0,0,0.047510908811628894
1635692869#4851901157,0,0,0.0006062026297078841
4581502608#4538003565,0,0,0.06233923021014737
3359180052#4589929428,0,0,0.016689979301273083
2235828707#1401982678,0,0,0.0002432235043269849
4631852445#2114049002,0,0,0.008716634085890637
2058132898#3794247232,0,0,0.04502771972612029
1640340946#2061022206,0,0,0.0013142259158515994
2056128836#4260680249,0,0,0.004905628981503763
4730645460#4636446230,0,0,0.009092557109435547
156893097471#174006932062,0,0,0.010369472968555324
1867262556#7026230674,0,0,0.010369472968555324
4439737367#34888001864,0,0,0.006908004149242064
2071751695#18468687381,1,0,0.299095761730741
2159452221#2055886100,0,0,0.12273475906495991
91686025987#2604119334,0,0,0.08266496032056937
4471122121#4653616782,1,0,0.02008125209386992
3404019551#4658620132,0,0,0.010369472968555324
2336490445#2120472151,0,0,0.010369472968555324
4658620132#309670736915,0,0,0.010369472968555324
3445564730#2135316663,0,0,0.00901510692441459
1671393307#4022447951,0,0,0.01703276983790865
4479070818#3249354040,0,0,0.010369472968555324
4643898157#2135316663,0,0,0.010481142642139632
3967431643#4495500756,0,0,0.01474828339668233
4451289887#3446029040,0,0,0.018095345525479818
4893633475#2112794415,0,0,0.016578110594348733
2079581946#4454991968,0,0,0.011019769209660567
4843831604#4851901157,0,0,0.003789284815887501
1477156406#2159739481,1,0,0.014626336347824145
2057145715#2338916683,0,0,0.01616728856853951
38406123057#5163452200,0,0,0.45114515817418044
3439202323#1438326380,0,0,0.010909803562238895
47752312088#4755359264,0,0,0.0003106821888873155
18469192585#3411721643,0,0,0.020731629944958318
3282474651#2270062912,0,0,0.014415375679429325
3052180518#1453527936,1,1,0.9588747973302505
4201830454#14613464513,0,0,0.02945308683732762
3513178266#1751247315,0,0,0.0075966648157131415
5197586202#19705527158,0,0,0.4879382762167906
3628839717#3628839716,0,0,0.0008682219882389133
2067377960#1701333847,0,0,0.004528779085861429
4200577198#2199135578,0,0,0.012117683646573396
4330455313#4353960088,0,1,0.9917121985356894
3249354040#3245545040,0,0,0.036207148169383245
292830032329#70183897754,0,0,0.021866082155085523
1497880313#4414530598,0,0,0.006508655760617424
4065795443#3289002505,0,0,0.3241208302076267
4900378668#1472057117,0,0,0.004457388269022984
1813034413#406088738482,0,0,0.007822116268413658
4015422065#1640340946,0,0,0.009643917646116013
6015919609#1639219119,0,0,0.008714231996638967
3648904752#2270062912,0,0,0.04698509788856784
2060185518#1528865186,0,0,0.003347541337936673
3628839722#3451234547,0,0,0.006084520986297542
2092610533#4926426630,0,0,0.011097941320779825
110232280082#54158093151,0,0,0.008716634085890637
2061448091#111568230982,0,0,0.009960115493017965
2270062912#4439426144,0,0,0.010369472968555324
4534359957#4077473357,0,0,0.007860761776368906
2183968048#2181531828,0,0,0.13272305757462038
1882929309#3809186919,1,0,0.020340477113198852
4451288784#146011948003,0,0,0.010369472968555324
1951195150#4658620132,0,0,0.009413981525869591
4205424867#3075628047,0,0,0.012130585757076779
2056078364#1382214880,1,0,0.00028241166351431493
3347114660#4145588659,0,0,0.00936026357011771
3903241588#4536041187,0,0,0.2373958238828928
2120851333#4619195159,0,0,0.010369472968555324
4589820532#3477269989,0,0,0.022016650062362433
4579172309#4658620132,0,0,0.08947303280660733
2551494872#1921223120,0,0,0.2292539718385836
54161674630#29299331674,0,0,0.014015518335341367
5128222238#5183692300,0,1,0.7281615301582358
2268287413#2359348328,0,0,0.11609199308169049
4003298247#5163452200,0,0,0.011987671595231394
2058316912#4700047151,0,0,0.00982829856541131
2117967935#18465851371,0,0,0.010369472968555324
1472057117#303600075141,0,0,0.0010987221607331899
50602309472#11087571368,0,1,0.6251618314550537
3934602500#3052180518,0,0,0.2675836476896054
4439737347#3044853716,0,0,0.010463708392553556
4898730640#406088738482,0,0,0.009024890551257336
5037293131#4015322905,0,0,0.009413981525869591
1438441444#4206812485,0,0,0.07588806412970167
2069774757#4735503306,0,0,0.009551765349681928
1537709308#1537709311,0,1,0.9982607059862307
1541880573#4514269980,0,0,0.018202595529471184
7161172305#7161173338,0,1,0.9999999290434997
2119476678#4339070553,0,0,0.0074893160384485
1639219119#2296451977,0,0,0.008714231996638967
5169257472#3709672083,0,0,0.010369472968555324
4057032761#3633572726,0,0,0.010369472968555324
4944579314#1656969942,0,0,0.016868726989561742
4223004786#5208946130,0,0,0.01563121950085434
4570764341#3214249595,0,1,0.9963781981772384
4289077889#1701333915,0,0,0.008503659382649843
4411426624#4205424867,0,0,0.005553897324134534
4581502608#4680204120,0,0,0.010369472968555324
3513178266#3628839717,0,0,0.006084520986297542
3245545040#3629624977,0,0,0.2865001800714315
5182742886#5027483278,0,0,0.010369472968555324
3107598853#4206812485,1,0,0.0957494920242838
5095503840#45531943201,0,0,0.0452545524901705
4057032761#4215027256,0,0,0.002833481045568244
4589820532#1778563597,0,0,0.0016342461344864341
2063706226#2068602973,0,0,0.005477135544465035
2059483876#1543155210,0,1,0.9528350078315198
3630377420#4623570105,0,0,0.00935036005277776
4672808661#106964376935,0,0,0.011319463082815208
1665894324#2551494872,0,0,0.0006724951968016832
2068623358#1570945860,0,0,0.09922317907990515
2062845102#4218561827,0,0,0.0062376798155542226
2058222393#4165585148,0,0,0.05430197475016582
4657354311#4316999082,0,0,0.00982829856541131
49857216438#5014897285,0,0,0.01807601923900564
4572380856#2079581946,0,0,0.0021316871605379394
3214249595#2066624973,0,0,0.05427632343811233
1438441444#4479424072,0,0,0.4374179418474463
4205424867#2059052537,1,0,0.002787396166163645
2061448087#1537709304,1,0,0.06066490618561092
4219781521#4200577198,0,0,0.0033824577002176254
1656969942#5173394727,0,0,0.14161435426792235
3487828521#3712801411,0,0,0.002244212930456011
2026258519#3044025040,0,0,0.005313262597693554
1453532038#2118416856,0,0,0.010701797170916176
1696438060#1709057480,0,0,0.02571485077167319
4034038494#3445564730,0,0,0.003609374083035207
4479070818#4572636295,0,0,0.04756605877753378
3835278364#1633806208,0,0,0.02485234439192002
23230310067#4542039020,0,0,0.03811421381716109
1816430010#2007329552,0,0,0.002394330718521397
2061309144#8431814058,0,0,0.008142220202175799
4272843119#3836576451,0,0,0.008253745310471985
1962074579#2056128836,0,0,0.3966498693711696
4259429802#4316999113,0,0,0.0069902572051687255
4840773591#2069985286,0,0,0.010369472968555324
4620294540#4200562083,0,0,0.008244680097536488
49857216438#3359180052,0,0,0.010369472968555324
5018389488#5208946130,0,0,0.01563121950085434
2079572106#1416827061,0,0,0.026069372119587982
3831256267#2054753273,1,1,0.9339660129686453
4161797606#303600075141,0,0,0.00191482433979509
3525845999#1816428069,0,0,0.0031278990367673665
1565912494#1528865186,0,0,0.003853476649096905
2062766801#3403897392,0,0,0.00666703010138373
174006932062#150594502346,0,0,0.010369472968555324
4401870234#3628533316,0,0,0.007972257584564348
3630377420#4900256072,0,0,0.009998617536782446
4437827660#4439737347,0,0,3.520266752220962e-07
1684789889#3630377420,0,1,0.8622881135058479
1867262556#1867286717,0,1,0.9633278708204177
2054781193#4439737347,0,0,0.010960445899496588
4354044382#18468580547,0,0,0.006478829884323598
3903296442#2119398744,0,0,0.012170138189181877
4667944802#4668248026,0,0,4.701337520086477e-08
97014870931#4223934140,0,0,0.010369472968555324
4226659635#4910561821,0,0,0.010369472968555324
1875282048#4658956014,1,1,0.6166737172161024
3403917033#3403897392,0,0,5.389388921554183e-05
307718000196#2270062912,0,0,0.015611333439292161
3401731422#4628482537,0,0,0.013861628698344479
4219781521#4015422065,0,0,0.004840813701978867
4530026053#4157496031,0,0,0.006765733564687367
1813034413#1319944364,0,0,0.04275456769539991
3642422898#4196598949,0,1,0.9869959887359108
4452060617#4451089335,1,0,0.01554368131959836
2064730522#4272885125,0,1,0.9101531662435793
113196401893#1637581644,0,0,0.005555549876681543
4943160331#2176735919,0,0,0.010369472968555324
4323500487#4748650954,0,0,0.28067129944922975
50602314209#2117948923,0,0,0.00827968337237518
2055255869#2027890207,1,1,0.9999000148078917
3926867260#4202096119,0,0,0.016985875299990363
4201830454#292830032329,1,1,0.7970161046042539
2169220658#2114975127,1,1,0.999999999999801
2071751695#2078774568,0,0,0.0015635533779522286
3419405027#3954668240,0,0,0.018827314346437904
3557197892#2027929598,0,0,0.21349285974565368
5174571094#4452550298,0,0,0.015688087111005666
29607392514#4642512906,0,0,0.06435407127092228
3269719212#50602309472,0,0,0.004365266829648979
5096293410#5104418469,1,1,0.9773758837851316
2062845102#4680203965,0,0,0.2072955178776436
4534359957#4435913614,1,0,0.0038441222940579704
3929215225#3882026745,1,0,0.022233336036337828
4435686270#4065721591,0,1,0.5974868560408181
4450888165#4260680249,0,0,0.019453530388055033
4750249486#4780994423,0,0,0.23402887140024858
107725296889#107725290582,0,0,0.008924419882930542
1565925308#2060257095,0,0,0.021158098878752266
4867542841#1751247315,0,0,0.004029967022797958
2114716134#2111349786,0,0,0.004737316639258622
212771874474#1565913509,0,0,0.0062376798155542226
1743052872#4130010417,0,0,0.007212157864259759
4536041187#4658956014,0,0,0.13563486810757922
2003336437#2057342439,0,0,0.010369472968555324
3054434630#3926916973,0,0,0.00041905193880246387
3501281334#4730645460,0,0,0.008716634085890637
2452901483#2061022206,0,0,0.003651110130988576
4595088087#156277207697,0,1,0.9993402693169132
2604119334#564144132292,0,1,0.6377976535232064
14613466961#4657354311,0,0,0.00942224626015111
1565912494#1438483240,0,0,0.008503659382649843
3999176481#4452060617,0,0,0.05258991314200843
3881831374#1565925308,0,0,0.010369472968555324
4623949169#1751364880,0,0,9.195929437533643e-26
1639901072#2117967935,1,0,0.04315955668395822
4057032761#3848611844,0,0,0.007012010111970061
4132281843#1728174555,0,0,0.021818057671506113
4972894677#3236601708,0,0,0.00937320631288123
2075416140#2117967935,0,0,0.04770856070992033
2135054445#4572636295,0,0,0.010369472968555324
2026258519#2026258521,0,0,0.05271078926055969
4426740219#4643011415,0,0,0.010369472968555324
2112576214#1671393307,0,0,0.006789312494319342
4451089335#4130010417,0,0,0.02718555650433037
14613465315#14613461939,0,0,0.0004381363108685057
1627738213#2068623358,0,0,0.010369472968555324
4843831604#4672808661,0,0,0.0047629787091094935
3637042235#1318260275,0,0,0.07266549020347865
4439737367#3042764047,0,0,0.02664026363777739
3882026745#4536041187,0,0,0.015208930634875112
3727491058#2452901483,0,0,0.0032666840565622568
4536450435#1635692869,0,0,0.010369472968555324
4435528162#4542321633,0,0,0.011987086225011271
2063706226#18468188878,0,0,0.06414963447716651
10530767652#2092610536,0,0,0.009941286732401907
3487828521#2069985286,0,0,0.010369472968555324
2112576214#4451342506,0,0,0.10516878273464779
6015919609#18469192585,0,0,0.029517383269130896
7161173338#5123189260,1,0,0.1787166994017318
5018023921#2183968048,0,0,0.004613059827851973
3044853716#2066624973,0,1,0.8408182939573209
2058316912#4672808661,1,0,0.0021425243822451815
4232666143#4256926363,1,0,0.02090742408202503
2120472151#2275666316,0,0,0.015178579284868859
4900256072#4572636295,0,0,0.016984605474948653
1782357780#4091921695,0,0,0.019233573695884888
156276677247#1640340946,0,0,0.010369472968555324
2070908197#4572374020,0,0,0.009960115493017965
1502384801#4535930871,0,0,0.42924374261734827
1770010645#5067776785,0,0,0.10565001300603369
1778563602#1416301524,0,0,0.010369472968555324
1701470611#3836676657,0,0,0.008578949082800776
22859701254#4641374150,0,0,0.010369472968555324
3580539229#86283717806,0,0,0.009960115493017965
1696095096#2065354050,0,0,0.00958539170761044
5169257472#3026064813,0,0,0.011240775721538764
4323500487#1477293192,0,0,0.00956169355500639
8431814058#4680204120,0,0,0.010369472968555324
1775497794#4196030610,0,0,0.06759481493512069
3044025040#4034038494,0,0,0.00900416334847815
2067571192#2069139175,0,0,0.05106404941519965
5067776785#4511530729,0,0,0.08434127221657353
1398443073#18468188878,0,0,0.03237000464946206
2114716134#2165015487,0,0,0.004000802277920091
2118416856#2068436073,0,1,0.8135939266191764
8431809688#2235828707,0,0,0.00045199858598924124
3794247232#2114975127,0,0,0.009406589450519906
150594502346#3628839722,0,0,0.009960115493017965
4900378668#10530767652,0,1,0.5561452591989632
4454991968#4202096119,0,0,0.013042516939743613
3359180524#79993360240,0,1,0.6484854723759979
4339070553#4015322905,0,0,0.006797392774565085
4157381557#2055448044,1,0,0.023112158317334507
3477269989#3896058143,0,0,0.051715889851022344
14613466961#3764759336,0,0,0.010369472968555324
6015919609#2056478070,1,0,0.00857668434582386
4206269897#4898626808,1,1,0.965712348427625
4157280271#1694379811,0,0,0.0006034814076561481
5173394727#1867286717,0,0,0.010369472968555324
2079572106#2117967935,0,0,0.04770856070992033
2119476678#2111349786,1,0,0.0982188982059127
1712570939#1634282673,0,0,0.00745464717326616
7026230674#14613461654,0,0,0.007314960163025075
79993360240#2338131041,0,0,0.13387355887265268
18465851371#2114341514,0,0,0.00010164857963290793
4952978442#2169220658,0,0,0.3413399355333084
3525845999#4439737347,0,0,0.1440162073222291
2977755545#1672066227,0,0,0.04861910799666697
3046471496#2078835030,0,0,0.010369472968555324
3026064813#173652977366,0,0,0.0074893160384485
3642422898#3290843987,0,1,0.8148811180112402
97014870931#100995265790,0,0,0.017677375765599218
4643938191#2297005450,1,1,0.6309986638438307
2268304430#4643938191,0,0,0.0109875333467305
2058132898#2727127831,0,0,0.09830866008515851
2064727359#421393369392,0,0,0.016837222537325402
4538003565#5031406959,0,0,0.02235985665104238
3299598934#3594649033,0,1,0.7557403403591788
110232280082#4811798618,0,0,0.0784349255596076
50016874555#4673557611,0,0,0.015178579284868859
4479096588#2168053481,0,0,0.009092557109435547
4755359264#3806980943,0,0,0.0036594983518748055
4657354285#1711852573,0,0,0.028404646843315264
2060257095#1914706723,0,0,0.007779717851917312
2061022206#1811606488,0,0,0.001092994837786261
4840773591#4551054156,0,0,0.10347249445844953
14613464473#156277514294,0,0,0.3384709801492707
3032709817#3299598934,0,0,0.010369472968555324
124021630369#2111872187,0,0,0.05644584279076606
2064229512#2120472151,1,1,0.9999937370627676
14613469834#4551054156,0,0,2.208812550541432e-10
4215058789#1533602348,0,0,0.010369472968555324
4226659634#4232471781,0,0,0.005317619205565612
3446029040#1533602348,0,0,0.0326861646023085
4755359264#4735503306,0,0,0.001817460052211111
4495044650#50016874555,0,0,0.02254881525144304
4272885125#3648904752,0,1,0.9463971551538185
3968945784#2068436073,0,0,0.011270115244977612
146011937628#2551494872,0,0,0.2069938088310567
4259241183#3050045988,0,0,0.09358776076165408
1741741476#4435913614,0,0,0.0062376798155542226
2074019451#4205538788,0,0,0.015178579284868859
2078835030#4687116172,0,0,0.006147676210109851
4746512285#2058316912,0,0,0.00927273040567161
2092610533#4471122121,0,0,0.015851768674612562
5027483278#41713266437,0,0,0.25210075087930356
1415647813#1718471304,0,0,0.00540472424618846
4435686270#3501285885,0,1,0.927141251245304
2068602973#4330455313,0,0,0.015449581568175831
4150903563#4718263231,0,0,0.016593237295271717
4411426624#146777938215,0,0,0.009741207619190681
18468580547#18466210670,0,0,6.137334404783705e-12
4828654874#2247165276,0,0,0.03225672042489758
2455800880#4259241183,0,0,0.010369472968555324
4680204120#2359435242,0,0,0.004394855220238717
3770456617#1419344414,0,0,0.010369472968555324
2066535766#4623570105,0,0,0.03260015448941412
4499147142#18466202308,0,1,0.8706442611326427
4489521100#2069985286,0,0,0.010369472968555324
3934602500#376973981474,0,0,0.010369472968555324
3551872495#4155510577,0,0,0.013036534098693035
4444196403#4147080749,0,1,0.9999999239474449
2111350136#4414530598,0,0,0.00829046676119834
4667944802#4641374150,1,0,0.002312400601991919
3404019592#4147080749,0,0,0.010369472968555324
2092610519#3809186919,0,0,0.038798953482205266
4620261674#3076859035,0,0,0.04317750916952098
4471122121#4439737347,0,0,0.009477785756224337
3056067914#1307874587,0,0,0.009234919212973336
1321409006#5128222238,0,0,0.006312190544281812
4195993580#1453532038,0,0,0.013516995557230687
4623949166#4619195159,0,0,0.010369472968555324
86283717806#69710193399,1,1,0.9590484161865267
309312102749#3485676898,0,0,0.012792178760126602
183335907108#2054817755,0,0,0.009691932354537107
1520168707#18466210670,0,0,0.015178579284868859
2060257095#2059483876,0,0,0.01000183478897284
4662042966#4641374150,0,0,0.002278898896495233
2068602973#2071751695,0,0,0.01810797691355733
156277208014#156277193948,0,1,0.7957924165046648
4643011415#3055576029,0,1,0.8558178667095456
3934602500#2068436073,1,1,0.6743193948135663
2064955879#2117967935,0,0,0.0313409857489139
303600075141#4991881551,1,0,0.0014827502808688934
41713266437#2069139175,0,0,0.007314960163025075
4397595587#4417818851,1,0,0.03287753745118157
60367707728#4417818851,0,0,0.008875763067245678
2027929598#4579172309,0,0,0.4403641438897201
1637980981#4034038494,0,0,0.007372312115640331
4219781521#4991881534,1,0,0.001247450112225232
1307874587#117154450703,0,0,0.008687607811494592
4828654874#4867542841,0,0,0.009941286732401907
3831256267#4943818903,0,0,0.009415941617163616
1816428069#4195960848,0,0,0.0003330016388904584
2078774568#4330455313,0,0,0.015449581568175831
3949154929#3967431643,0,0,0.01698798160142129
4549189933#3044025040,1,0,0.3875798058965862
8431814058#2065201243,0,0,0.002171464422398389
2296574953#4687116172,0,0,0.010238022442345437
1374772535#1374772550,0,0,0.3134686508492756
4926426630#4452550298,0,1,0.9841548639671204
4397595587#5214033793,0,0,0.01088448890470236
1778563602#1778563595,0,0,0.013199674716983714
3612961288#4448830722,0,0,0.08383895501591423
2079572106#4623570105,0,0,0.125856173814111
1541880573#4155510577,0,0,0.0077801656111064115
3290843987#3107598853,0,0,0.3029049276896723
4991881534#4991881551,0,0,2.5049441992844343e-05
4700047151#4247271139,0,0,0.00982829856541131
4899954714#4699280965,1,1,0.5221636877386635
156274514359#4385069368,0,0,0.009479093715227663
4247271139#4015322905,0,0,0.018904139840041297
4285709207#4316999113,0,0,0.0036142854414004696
421393369392#564144132292,0,0,0.009413981525869591
4657354285#435372126625,0,0,0.003272449413259973
4157381557#4913742546,0,0,0.11599745298481559
174006932062#1694379811,0,0,0.010369472968555324
1639390814#1639832922,0,0,0.0079272417369291
1951195150#4643718292,0,0,0.009413981525869591
173652977366#156893097471,0,0,0.04488230870293565
4499147142#4828387554,0,0,0.2888299957870357
4206224036#4705583754,0,0,0.02671948238035105
1727736762#4209814745,0,0,0.010369472968555324
49857216438#3712801411,0,0,0.004429492011310392
1639901072#4623570105,0,0,0.04315955668395822
1770010645#4898730640,0,0,0.0201619124058391
4426740219#4385421396,1,0,0.007617660347810152
1457252585#1711687490,0,1,0.5659029555757219
2297005450#4636446230,0,0,0.004369072642024849
3648904906#4755359264,0,0,0.003031055079421468
2180579787#3954668240,0,0,0.010369472968555324
2007934907#1633806208,0,0,0.04984045294492228
2054733437#2060257095,0,0,0.010619241914099587
3304467506#4129122420,0,0,0.033787287525420776
2054657143#4900256072,0,0,0.07282499609285661
4643718292#18469192585,0,0,0.06525435261997248
14613461939#2455800880,0,0,0.04928312734778067
3920807098#3635733776,0,0,0.010369472968555324
1688824936#343200247912,0,0,0.010369472968555324
18468695966#4643898157,0,1,0.8942613378900067
14613460476#138962728028,0,0,0.007973724014348545
4499147142#4718263231,0,0,0.010369472968555324
1671393307#1456843034,1,0,0.010369472968555324
1639832922#3403897392,0,0,0.0079272417369291
3806980943#1712570793,0,0,0.009243272195885041
3967431644#1565912494,0,0,0.0127788788620523
4077473357#5181571321,0,0,0.010358108289851016
97115452949#4321048267,0,0,0.03988311394072748
4941134416#5109193415,1,0,0.03429867177604485
23230310067#5210078086,0,0,0.032658719781647125
2119398744#3236601708,0,0,0.010369472968555324
1537709317#4195960848,0,0,0.008215483714899356
19705527158#4952978442,1,1,0.7541657801938823
4272885125#1548108669,0,0,0.015664325049084826
4393085087#2070627808,0,0,0.005879979726466367
2117948923#4944579314,0,0,0.007272323264892899
156277207697#2452901483,0,0,0.012426888977225915
3651289412#5210078086,0,0,0.013301441478097054
4065721591#1653994308,1,1,0.969225445153486
1438483240#1398682725,0,0,0.009413981525869591
4589595738#4628867825,0,0,0.014906922477083452
2183428945#5121642074,0,0,0.010369472968555324
2062770841#4206269897,0,0,0.0097771660978835
4511530729#3108657350,0,0,0.007150816112320249
1374772535#2133358535,0,0,0.012252784558045696
4385184631#4944579314,0,0,0.008803790012937716
2057342439#3798986721,1,0,0.06725005969608909
2078835030#4657354294,0,0,0.008286136067979007
1727736762#4099641396,0,0,0.006230085475220006
422592070627#4589830735,0,0,0.012454161112609346
2113093450#1416301524,0,0,0.00515662641736193
3926867260#3831256267,0,0,0.05022729729002891
14613466961#14613464513,0,0,0.0008607074682269669
1784900254#4274235353,1,1,0.9993466463326217
3594649033#1718471304,0,0,0.010369472968555324
4991881551#4132281843,0,0,0.001838612392899698
2343156405#1637581644,0,0,1.174190971267884e-21
2055377631#100995265790,0,0,0.014486690073078536
2135316663#2159739481,0,0,0.03190614826396482
2180579787#2181531828,0,0,0.09361117763953446
5095503840#4959321228,0,0,9.023737163036648e-06
2455842713#3791139342,0,0,0.0030357135712106506
2336490445#2059124992,1,0,0.025263965184411034
1654102057#4551054156,0,0,0.0012939579103640765
2254264382#2016866277,0,0,0.0128835659870645
4339070553#14613435427,0,0,0.010369472968555324
11087571368#87720200914,1,1,0.5309736710050387
3517506225#97115452949,0,0,0.009960115493017965
2455800880#2060185518,0,0,0.008094614313791246
2057051388#4972894677,0,0,0.005920542788303101
4705583754#1816428069,0,0,0.010369472968555324
201663692217#1650171814,0,0,0.012226877581265014
4746512285#2254264382,0,0,0.03866033303795717
3727491058#2061022206,0,0,0.001505857857778717
1817644740#3411721643,0,0,0.04314514835151877
3446029032#3446029040,0,0,0.1187576793729279
3772512066#4620685919,0,0,0.0006840133964334538
5037293131#2056662276,0,0,0.020970437115700374
34888001864#2027890207,0,0,0.010369472968555324
4898730640#1994805938,0,0,0.010369472968555324
4991881551#4161797606,0,0,0.001838612392899698
2027890207#4327866563,0,0,0.01930424935944733
4763332016#4542039020,0,0,0.030830398557788644
1782357780#4450888165,0,0,0.0023177350656929958
2074019451#2063839578,1,1,0.9962798494544366
3044025040#14613456118,0,0,0.0009592147835058113
38448881724#22859701254,0,0,0.023484888830984325
309670736915#14613456118,1,1,0.9999702108263343
5169257472#5169257623,0,0,0.008155522445009904
2069139175#5109193415,0,0,0.005129180031995127
3438816692#3644272514,0,0,0.00942224626015111
4065795443#2092610536,0,0,0.007999422777280297
178258449477#1770010645,0,0,0.035888045927120346
5109193415#2067571192,0,0,0.005129180031995127
3628839716#3474685536,1,0,0.010990241209809676
2060185514#1592254485,0,0,0.0005286282474557728
2183968048#2026258519,1,1,0.5272425741003122
1312695289#1816428069,0,0,0.005369143895806122
1671393307#75959618233,0,0,0.01302665294411102
3896015808#1684789889,1,1,0.9918992842387159
2111350136#4511530729,0,0,0.00937039228203213
4549189933#3926867260,0,0,0.01888089005352945
4479070818#1770010645,0,0,0.008506169495486127
1537709317#1453527936,0,0,0.00861744361751063
4898730640#4335156801,0,0,0.009462530360144463
3470148182#4155510577,0,0,0.00956169355500639
212394033260#167570408533,0,0,0.04350598605841673
1639219119#4643943359,0,0,0.023054366450047027
4465664542#2298730254,0,0,0.008889038757245522
2060185518#2154491220,0,0,0.017687124136804008
4623949166#4687116172,0,0,0.13016759070112702
3485676898#1778563595,0,0,0.003710797627048818
3555205657#1438441444,0,0,0.0013340744041284212
4327866563#4534359957,0,0,0.015958178621755446
5210078086#4746512285,0,0,0.010356166303419586
4820163687#4323500487,0,0,0.33914344849374006
19705527158#2169220658,0,0,0.04181599553082084
3403897392#2063839578,0,0,0.0067322690531221325
146778888902#219547393842,1,1,0.9923144559697792
4589595738#3637042235,0,0,0.009092557109435547
2074019451#2135054445,0,0,0.00982829856541131
3967431644#2057342439,0,0,0.00982829856541131
1696095096#1653994308,0,0,0.003304948381840335
4161797606#1728174555,1,0,0.03841243602849042
2067377960#1701333915,0,0,0.01459413344698322
2054657143#2452901483,0,0,0.029396324366691425
146778888902#4457149562,0,0,0.008676822947880799
2118416856#2359348328,0,0,0.02178856008303926
4572374020#2056078364,0,0,0.009960115493017965
1711852573#4495500756,0,0,0.0033931961830570433
70183897754#1741741476,0,0,0.010369472968555324
2114975127#5197586202,0,1,0.7863232572522966
2064414260#2003336437,1,1,1.0
3626237468#4495044650,0,0,0.016127400070642093
4589595738#3809186919,0,0,0.010369472968555324
4210986952#1477293192,0,0,0.01132197195162856
2120851333#2064414260,0,1,0.8933057720269265
2078774568#2059483876,0,0,0.009918218867970532
2235828707#1415647813,0,0,0.003976117522436974
4272887201#5174571094,0,0,0.010369472968555324
3474685536#3551393130,0,0,0.03143239036088276
1438441444#3290843987,0,0,0.262853947382408
435372126625#1639832922,0,0,0.009413981525869591
4926426630#4465664542,1,0,0.001814564506568088
3290843987#4206812485,0,0,0.06845715815602789
4004772536#2120472151,0,0,0.013568809630788757
156893097471#5167083430,0,0,0.0062376798155542226
2114049002#2113760999,0,0,0.019060908589761297
4840773591#4595088087,0,0,0.3173973179797188
4321048267#3043492443,0,0,0.037803245985048105
4439426144#8431809688,0,0,0.010369472968555324
3501281334#4065797638,0,0,0.45407067283257263
3920807098#4205538788,0,0,0.008461162472757001
2183428945#2183963548,0,0,0.3575898441020163
3882201915#4536041187,0,0,0.07981626681750797
4781194041#4417849752,0,0,0.07451949862975182
4489521100#4523728345,0,0,0.025199690409339073
4720389596#4202096119,0,0,0.009413981525869591
4232666143#4226659635,0,0,0.022680495321415806
2074019451#3903241588,0,0,0.012093620088032083
4479095804#2112576214,0,0,0.4333833585346411
3289002540#4065797638,0,0,0.3241208302076267
207035576772#4195993580,0,0,0.02174648415444373
1570945860#2057811649,1,1,0.9315432779058257
156277207697#4323500485,0,0,0.01100050880012374
3259289288#4495500756,0,0,0.010369472968555324
3446029040#3446029041,0,0,0.08915049661469375
4549189933#3403917033,0,0,0.005543274723405871
1639699607#1639901072,0,0,0.013932154034339714
4642854804#4628867825,1,1,0.875277440682542
2007329552#5123189265,0,0,0.015178579284868859
4479095804#1316556785,0,0,0.008253745310471985
1537709304#422592070627,0,0,0.00861744361751063
4657354285#4256622048,0,0,0.008417993998618138
4470296934#2111818909,0,0,0.010369472968555324
4820163687#4589929428,0,1,0.9514959294171583
3903241588#3949154897,1,0,0.13419481102205838
4057032761#4451124306,0,0,3.0437111014444677e-05
2003336437#1427286361,0,0,0.022104582627220388
4385184631#2336490445,0,0,0.003446638716220487
4209814745#3929215225,0,0,0.010369472968555324
4442900590#3446029040,1,0,0.05684945377115282
4680203965#1438483240,0,0,0.41580496519923665
4471122121#2060185514,0,0,0.010020526705494472
4943160331#3076859035,0,0,0.010369472968555324
1634282673#1778563595,0,0,0.003710797627048818
5169253299#5181571321,0,0,0.010369472968555324
4479096850#3712801411,0,0,0.0026005405213411627
156274514359#14613469834,0,0,0.1300935246732447
303600075141#18468580547,0,0,0.009941286732401907
1728174549#303600075141,0,0,0.0013509697912996354
2092610533#2092610519,0,0,0.002861713601641323
487126887411#4157551094,0,0,0.020354750134913224
4129122420#3642422898,0,0,0.10153566887992911
1813034413#4628467232,0,0,0.008098284692393395
146011937628#146011948003,0,1,0.7461026278571464
4435528162#2135054445,0,0,0.00982829856541131
18467669365#1920503864,0,0,0.008365213902185973
4623947495#309312101477,0,0,0.09529339608371708
4065797638#1903466347,0,0,0.01067550710697361
4489521100#1694379811,0,0,0.003232200516495002
1694379812#2016866277,0,0,0.003128593775769967
3446029041#3644272514,0,0,0.07016258470661148
2199135578#4179651570,0,0,0.0676030116255084
1962074579#2066624968,0,0,0.010267477188037374
2116342008#2061673563,0,0,0.013384698471791854
14613465315#14613466961,0,0,2.6903129279948657e-05
4572380856#111568230982,0,0,0.05123298704955282
5031406959#2058316912,0,0,0.006692278612142177
3485676898#1816427364,0,0,0.005744382218327259
4972894326#2455842713,0,0,0.2522464282450044
5154681248#3495408683,0,0,0.013229389713625377
4099641396#4718263231,1,0,0.0005711183219414361
3439202323#91686025987,0,0,0.00543128849653207
1457252585#1312695289,0,0,0.01075483268426473
3903241588#2064229512,0,0,0.015178579284868859
1770010645#4604457043,0,0,0.04658417958208329
3637042235#1951195150,0,0,0.05516476710244476
2169220658#5031406959,0,0,0.09071854330874046
156893097471#4811798618,0,0,0.07273838108199028
4673557611#6871473475,0,0,0.010369472968555324
3988152389#4456625974,0,0,0.1720551604080125
14613460476#14613464473,0,0,2.1570559250554475e-05
1816430010#1453532038,0,0,0.006166503213867499
1639390814#2062766801,0,0,0.002887320380455001
4536450435#4155408706,0,0,0.027326579050965052
4206242446#4705583754,0,0,0.023778576938954035
4196598949#4354044382,0,0,0.02878959183086054
1782357780#4140165052,0,0,0.0396247512426605
4657354294#3287805133,0,0,0.007912225240770869
2064955879#1751364886,0,0,0.009960115493017965
2054817755#2298730254,1,0,0.013737056499128446
38448881724#38202857246,1,0,0.017372291267162204
3551393318#3474685537,0,0,0.03143239036088276
2066246683#4589820532,0,0,0.04457560192096768
4304261357#4495044650,0,0,0.008840819170694831
1419344414#1502384801,0,0,0.010369472968555324
4132281843#336556403061,1,0,0.0005398854316252438
2078774568#18468687381,0,0,0.06414963447716651
1727736762#18467669365,0,0,0.010390634524876808
1810185303#4972894677,0,0,0.006799023311861996
4451089335#4750249486,0,0,0.18131274820829385
2057685237#5215138753,0,0,0.09178721738301629
1497939109#3642422898,0,0,0.008019432511380016
1751364886#145960681701,0,0,0.03465149429768877
3551393318#2070627808,0,0,0.007611100533001694
2092938385#4384403228,0,0,0.3395159813931405
4746512285#5174571094,0,0,0.036490875731988934
5041670056#2296451977,0,0,0.009960115493017965
4742698844#11087571368,0,0,0.4876849271373029
1875282048#4015322905,0,0,0.009413981525869591
3403917033#3054434630,0,0,0.001303183879037602
4843831604#4797396841,0,0,0.0006561441530313796
3359180052#4726704241,0,0,0.290438605639097
4589673799#4593095274,0,1,0.9999999980320666
87720200914#53263275323,0,0,0.13199028430230486
4289086328#4542321633,0,0,0.006586083624287035
4200562083#4099641396,0,0,0.007984051350497965
1634282673#2069139175,0,0,0.0012113162469392256
4426740219#1541880573,0,0,0.01341387729265029
4523728345#1816428069,0,0,0.009374897097626221
2003336437#4215027256,0,0,0.010369472968555324
3446029032#4442900590,0,0,0.05684945377115282
1953270965#3712801411,0,0,0.0022052199652322644
4457149562#1594535012,0,0,0.008676822947880799
2176735919#3050152494,0,0,0.0001866397000578864
14613461654#2455842713,0,0,0.0059459690457056725
2062075980#2062075977,0,0,0.0002128029519666073
4416668620#4223043910,0,0,0.23334150626891445
1316058339#4643011415,0,0,0.016966077712255972
18469192585#2003336437,0,0,0.009820781899515754
4321048267#1565912494,0,0,0.005052640109526442
4316999082#4285709207,0,0,0.011864996813572854
1319944364#4353960088,0,0,0.010369472968555324
2054781193#3043492443,0,0,0.008615260281476057
1537709311#2061448087,0,1,0.6069304522001703
18465851371#4635981164,0,0,0.016180441506681978
4451089335#3999176481,0,0,0.007922744114705189
1565913509#3046729281,0,0,0.00288307145360915
5169253299#3603201749,0,0,0.011798733490358568
2452901483#406088738482,0,0,0.009941286732401907
2604119334#1656969942,0,0,0.01754005798277492
4499147142#4204386191,0,0,0.16021049969951046
4483987744#1727736762,0,0,0.010369472968555324
50016874555#2026258516,0,0,0.04257568080886972
3880409698#5154681248,0,0,0.0097771660978835
4323500487#3517506225,0,0,0.010369472968555324
1639219119#1696438060,0,0,0.007051920230982391
4620261674#4444196403,0,0,0.011793478273353584
102514982310#4811798618,0,0,0.023484888830984325
4659194738#4572374020,0,0,0.042571366607645836
4542386587#4538332005,1,0,0.3656555611041823
38406123057#29608029868,0,0,0.14668002984987638
3988152389#4828654874,0,0,0.013301441478097054
2060355842#5154681248,0,0,0.002131549181953006
4247271139#5059261580,0,0,0.02858716985505729
4231111906#4581502608,0,0,0.010369472968555324
3401731422#1565912494,0,0,0.009092557109435547
4867542841#3881831374,0,0,0.011313012085933051
2120155505#3446029041,0,0,0.009413981525869591
4943818903#38202857246,0,0,0.007240601694378426
2064414260#1311812490,0,0,0.14753778005809287
1520168707#2112794415,0,0,0.010369472968555324
156274514359#2296493468,0,1,0.9911813352830442
2314360284#3124123344,0,0,0.040499622144421744
4499147142#3032709817,0,0,0.11385909535207951
1905948078#2061309144,0,0,0.008771863253503105
1778563602#4346970606,0,0,0.007478622659678704
4247271139#4913742546,0,0,0.11599745298481559
5169257472#18465721026,0,0,0.01800304583402831
4209814745#2338131041,0,0,0.0314608091209739
4735432768#4584646241,0,0,0.009960115493017965
307718000196#2092610533,0,0,0.027202882469812516
2062766088#2113760999,1,0,0.20608680022845893
3050152494#4348295931,0,0,0.00023845243327122836
2111041560#2133358535,0,0,5.66090426703792e-09
5090005101#4620261674,0,0,0.010369472968555324
4656986610#4589678847,0,0,0.028322157404853422
4024663252#3474685536,0,0,0.008383406482405853
47752312088#38202856033,1,0,0.018976049426568085
1382214880#2016866277,0,0,0.0015539217281645564
121528725386#3594649033,0,0,0.004586211316536089
3474372520#4620261674,0,0,0.2586414037034112
3882026745#2058148983,0,0,0.015178579284868859
2026258516#3451234547,0,0,0.001951178450187582
5027483278#54161674630,1,0,0.36709876533060504
87820905399#183335907108,0,0,0.014769209964900724
1765891797#4623949169,0,0,0.018127277262689822
14613588147#2062770841,0,0,0.008934037342061068
2066624973#2066624968,0,0,0.026770480925179037
4452060617#3612961288,0,0,0.15183080894624532
2075914534#1712080073,0,0,0.0017728614452212988
4321048267#207035576772,0,0,0.005903795204778893
23230310067#2359474749,0,0,0.010369472968555324
4730645460#1639219119,0,0,0.008716634085890637
1727736762#1778563597,0,0,0.19282184989304768
3999176481#343200247912,0,0,0.017037012213564837
2066624973#2159452221,0,0,0.03818366198080571
1634282673#1712573177,1,0,0.0092191791394717
1741741476#2057811649,0,0,0.0009448747743491025
4071233134#3913410158,0,0,0.017699113694263326
2059124992#4523728345,0,0,0.007066716388240857
4223043910#4877427884,0,0,0.038381173791164826
41713266437#4712246454,0,0,0.007314960163025075
3299599421#3124123344,0,1,0.811095172784277
309312102749#4623934568,0,0,0.005200980831262463
4391918874#1875282048,0,0,0.02955125082458209
3446029032#3446029041,0,0,0.10855268301163966
5182742886#4176217131,0,0,0.11385909535207951
2057986140#107725296889,0,0,0.010369472968555324
4998365450#2111818909,0,0,0.021325812630194802
4633378534#4323500485,0,1,0.7429162363189777
1712573177#3806980943,0,0,0.009243272195885041
14613461654#4730645460,0,0,0.009941286732401907
4065795443#4065797638,0,0,0.05951441489135244
4581502608#4149299298,1,1,0.9999268490874474
2065201243#18467925256,1,0,0.0007033747013451653
2111351705#2119476678,0,0,0.04851602309053846
2016866277#2056078364,0,0,0.0057062423600185526
4910561821#4913742546,0,0,0.023500162095074523
3903241588#3513178266,0,0,0.008103903113912944
1633806208#97014870931,0,0,0.017075301056693398
4991881551#4451342506,0,0,0.0008364675108903186
3629624977#3913410158,0,0,0.02671948238035105
3913410158#4180609537,0,0,0.010369472968555324
2727127831#111568230982,0,0,0.053247413640164776
18468690620#5167083430,0,0,9.615105285480892e-10
4589673799#1312695289,0,0,0.06803432578497312
8431814058#2235828707,0,0,0.00045199858598924124
87820911338#3490539439,1,1,0.9992511341702975
4715847880#3691000538,0,0,0.11298443463979078
3445564730#4680095395,0,0,0.00901510692441459
4226659635#4256622048,1,0,0.02090742408202503
4157551094#4179651570,0,0,0.007314960163025075
2060257095#2061309144,1,0,0.01000183478897284
2063588766#5059261580,0,0,0.0008816362634033941
10530767652#2339749085,0,0,0.008506169495486127
4735432768#3913410158,0,0,0.02671948238035105
45531943201#4959321228,1,0,0.07345559201255389
2070791273#156274514359,0,0,0.014103050421954677
2064955879#4147080749,0,0,0.010369472968555324
1718471304#3551872495,0,0,0.00904548191965243
46983614517#55721888445,0,0,0.010229983463005495
3404019592#2054781193,1,0,0.0624129343245792
3809186919#2066246683,0,0,0.31574747604140385
1319944364#1321409006,0,1,0.5159002174098903
4538419241#4538003565,1,1,0.9994525676458057
1953270965#2119476678,0,0,0.003227384218781845
2150036453#3411721643,1,0,0.15481353932253317
2296493468#4155408706,0,0,0.008388229100235818
5018023921#45531943201,0,0,0.27053563717113205
107725290582#4261185678,0,0,0.020145028704130104
2064955879#3299599421,0,0,0.011503964038410992
4636446230#2066624973,0,0,0.005782719615562574
3913410158#4206224036,0,0,0.016357273311387383
4470296934#3809186919,0,0,0.0062376798155542226
2254264382#1500022510,0,0,0.013301441478097054
1701333915#1398443073,0,0,0.16188553157742233
343200247912#435372126625,1,0,0.01606554704188397
3903241588#4155510577,0,0,0.008253745310471985
47752312088#3806980943,0,0,0.003617304192828973
1319944364#3896058143,0,0,0.014582169320168396
1592254485#1528865186,1,0,0.031115783868129184
4304261357#5090005101,0,0,0.006730217514360072
1778563595#1712570793,0,1,0.8111132601195283
2078774568#18468188878,0,0,0.06414963447716651
4285491833#4259429802,0,0,0.016143006686167454
3791139342#4223004786,1,1,0.9999999999972715
1709057480#4808134153,0,0,0.008924417279720848
336556403061#4538419241,0,0,0.008646014891051415
3691000538#2003710867,0,0,0.04102472050792446
3896015808#3691000538,0,0,0.0480404777914578
1416528046#1415554755,0,0,0.02779834560853057
3770456617#4354044382,0,0,0.010157958953639822
5104418469#5018368651,0,0,0.013555531240350353
3628839722#4680203965,0,0,0.009960115493017965
156277193948#4439426144,0,0,0.02291763144328059
1639699607#4623570105,0,0,0.053407495493263714
3404019551#364679238122,0,0,0.009941286732401907
156276677247#14613460476,0,0,0.0024415941551801244
3401731422#4426740219,0,0,0.020479393661366512
4435528162#2055377631,0,0,0.00901510692441459
4581502608#1316556785,0,0,0.009413981525869591
2183428945#1867286717,0,0,0.010369472968555324
3400442486#3926867260,0,0,0.03706521144533325
3401731422#5109193415,0,0,0.013861628698344479
4196521320#4435686270,0,1,0.9813184102377732
3550931655#1634282673,0,0,0.00842681702035373
3061887519#49857216438,0,0,0.016727162680674864
2057051387#3903296442,0,0,0.009413981525869591
7161173338#4542039020,0,0,0.016514531779284167
2175801910#1816430010,0,0,0.008215483714899356
4202041822#2150036453,0,0,0.007506370329490283
4680203965#1570945860,1,0,0.40592040059502943
5165108496#2053826326,0,0,0.03554245363767394
3881831374#3054434630,0,0,0.010369472968555324
2281691154#4145588659,0,0,0.011940493188663847
1816428069#110232280082,0,0,0.005481578581809292
303600075141#4200577198,0,0,0.0026275931686201063
5185236541#5169253299,0,0,0.01228490755174897
4176217131#3849817492,0,0,0.06043113209482056
4620685919#38202856033,0,0,0.0014825029794477307
3612961288#276611684552,0,0,0.00937039228203213
2058148983#4226659635,0,0,0.010369472968555324
2026069710#4202096119,0,0,0.008253745310471985
1994805938#2235828707,0,0,0.010369472968555324
4204386191#4828387554,0,0,0.11385909535207951
2199135578#2281691154,0,1,0.541929931384653
1430988070#1640340946,0,0,0.010369472968555324
4391919171#86283717806,0,0,0.009960115493017965
4716933437#4628482537,1,0,0.38228110557151573
2064955879#2066535766,0,0,0.08486204540486719
3487828521#2114049002,0,0,0.01987060221250671
4206269897#4339070553,0,0,0.0097771660978835
4215058789#2026069710,0,0,0.026896470266058983
4218561827#4339070553,0,0,0.03441965773527829
125323389433#201663692217,0,0,0.4277500933618567
5215138753#1653994308,0,0,0.010369472968555324
2118416856#5018389488,0,0,0.022973021473603052
1775497794#1672066227,1,1,0.992400155745672
4451289887#4071233134,0,0,0.13645149124331368
3967431643#3967431644,0,0,3.461132867413817e-07
2075416140#14613469834,0,0,0.0011451407779388208
3848611844#2113760999,0,0,0.03500913024800211
1878732185#1905948078,0,0,0.008771863253503105
2113288221#2111349786,0,0,0.0022234009848677546
1921223120#1765891797,0,0,0.06435096460005606
5123189260#7026230674,0,0,0.10138989465055713
1574873794#4653616782,0,0,0.009231328955689386
4354044382#2027838359,0,0,0.0057102662889725155
4470296934#1920503864,0,0,0.0128835659870645
14613464513#14613465315,0,0,2.6903129279948657e-05
2063839578#4570764341,0,0,0.008503863589118954
4479424072#3642422898,1,1,0.9663928531346639
4004772536#1477293192,0,0,0.018618495064104706
5123189265#4755359264,0,0,0.0062376798155542226
2111351705#4643938191,0,0,0.012696294508394362
4197138413#2122362220,0,0,0.007600711504250044
4426740219#4673557611,0,0,0.009243272195885041
4065797638#4147080749,0,0,0.0074893160384485
2055886100#3259289288,0,0,0.010369472968555324
2118416856#2359435242,0,0,0.022240611982822154
2150036453#3474685537,0,0,0.007274395566199815
1321409006#19705527158,0,0,0.010369472968555324
3896058143#3764759336,0,0,0.018590278820107258
1694379811#4289086328,0,0,0.010369472968555324
1520168707#4656986610,0,0,0.04871661159932354
5007075941#4959321228,0,0,0.1357844798483472
1477156406#2124411604,0,0,0.021183974044261384
18469192585#4636381625,0,0,0.009030188222936735
1633806208#4321048267,0,0,0.023067407831600224
2119398744#2113288221,0,0,0.004517575475347311
2058278464#4408616491,0,0,0.0252696090035026
1840606003#3227376447,0,0,0.1350984344957439
1557919756#4549189933,0,0,0.008233545709707092
3882026745#5090085713,0,0,0.009890598420891981
4570764341#3214249597,0,1,0.9963781981772384
3644272514#4071233134,0,1,0.9999998030159157
3227376447#2059400154,0,0,0.010369472968555324
3628839722#5123189265,0,0,0.010126408834030994
1639390814#4825375981,0,0,0.00982829856541131
2111872187#4699510653,0,0,0.007179197238340415
5014897285#5104418469,0,0,0.008545021627454429
4897048724#5208946130,0,0,0.009941286732401907
2056128836#4140165052,0,1,0.5943551842355105
2297005450#4202096119,0,0,0.008944642567891082
2111350136#4893633475,0,0,0.012836612752251392
5059261580#4910561821,1,1,0.9045191260835973
4735432768#3629624977,0,0,0.08337364714754728
3648904752#4272887201,0,0,0.18296195017115013
14613465315#2455842713,0,0,0.0031716288608974763
91686025987#4933360994,0,0,0.006965310591627908
4435528162#4435913614,0,0,0.009643689046043246
3967431644#4687116172,0,1,0.6718818821334814
4735432768#3580539229,0,0,0.08337364714754728
2329543699#4593095274,0,0,0.08792920737364324
207035576772#1665894324,0,0,0.007374230809780673
2058222393#4195960848,0,0,0.00901623456679781
4215058789#4323500487,0,0,0.028034263284323874
4716933437#2452901483,0,0,0.004851750762192206
5123189265#5123189260,0,0,0.02382339152335754
4843831604#1635692869,0,0,0.0005241119427283616
3487828521#2007847537,0,0,0.009941286732401907
3669306485#5060996735,1,0,0.06458409555902335
2065201243#1374772535,0,0,0.008980436991542644
1398443073#202363939789,0,0,0.04193685517716566
2159739481#4201830454,0,0,0.008733163818747789
3513178266#3551393130,1,0,0.004705343152909443
2066246683#1438441444,0,0,0.004735163871348442
3403897392#2329543699,0,0,0.00982829856541131
4641374150#4933360994,0,0,0.013213496847692803
3054434630#309670736915,0,0,0.010369472968555324
2075914534#4811798618,0,0,0.009960115493017965
10530767652#14613460476,0,0,0.008716634085890637
4215058789#4323500485,0,0,0.028034263284323874
1656969942#2054817755,0,0,0.018300098670488655
3831256267#1813034413,0,0,0.00846776445637548
4653616782#50602309472,0,0,0.018490033131622733
2027838359#1415554755,1,0,0.001975973646962198
183335907108#4825375981,0,0,0.05675979887457181
1565912494#2060253226,0,0,0.004409148217474591
4219781521#1701470611,0,0,0.003506079655539895
4330455313#1665894324,0,0,0.01635730432279437
1712570939#3806980943,0,0,0.009243272195885041
4673557611#4943818903,0,1,0.8910736008884771
4272137501#2054733437,0,0,0.008655065457948563
102514982310#197910587768,0,0,0.006827976742653447
4451124306#4451124293,0,0,1.6274698273075886e-06
4699510653#4451342506,1,0,0.04720501940104808
2067179166#4672808661,0,0,0.00982829856541131
4715847880#3896015808,0,0,0.06821310564080246
3050152494#2111041560,1,0,0.0001866397000578864
4435913614#3836676657,0,0,0.00703709523305867
3107598853#4196598949,0,1,0.8848677866427483
1878732185#2059483876,0,1,0.9528350078315198
1775497794#2067179166,0,0,0.009941286732401907
1312695289#4570764341,0,1,0.7290051519907628
3026064813#117277915830,0,0,0.009269971985566887
4003298247#4495500756,0,0,0.014243931609209722
2059400154#3848611844,0,0,0.02009760674961503
3501285885#4196521320,0,1,0.999950281096866
4998365450#4223043910,0,0,0.010369472968555324
4057032761#4215038721,0,0,0.0019113344383743503
4289086328#3836676657,0,0,0.011042204039684101
2359348328#146778888902,0,0,0.013055101339443757
1775497794#2026258520,0,0,0.011440502463584261
2057051387#4972894677,0,0,0.005920542788303101
4034038494#1816430010,0,0,0.01214862339426503
1520168707#125323389433,0,0,0.010369472968555324
2071751695#54158093151,0,0,0.00013799000042944673
2118416856#1453527936,0,1,0.9945519197620585
3269719212#29608029868,0,0,0.005463270623817565
3626237468#4943818903,0,0,0.0020468835136126405
5095503840#41713266437,1,0,0.33784925263570054
4155408706#3042764047,0,0,0.027482546300592547
1537709317#1537709304,0,1,0.9982607059862307
4623934568#5060996735,0,0,0.007371365181634138
4595088087#2604119334,0,0,0.03438500467032512
4202041822#4893633475,0,0,0.02299191193767421
49857216438#212771874474,0,0,0.0034744852408093016
3770456617#1696208496,0,0,0.02012745158538024
2111041560#2176735919,0,0,2.4840362556527066e-08
1637980981#1816430010,0,0,0.10410258362998558
2070627808#4643718292,0,0,0.0033632303128804976
4304261357#4218561827,0,0,0.011764650034398682
4201830454#2007329552,0,0,0.12111502167195327
47752312088#38202857246,0,0,0.018976049426568085
4247271139#2063588766,0,0,0.037741677553834486
5169557343#5210078086,0,0,0.010356166303419586
1882929309#2092610519,1,0,0.022926424374144938
5087832312#4223004786,0,0,0.010369472968555324
4065797638#1639832922,0,0,0.00320214475096812
5018368651#7026230674,1,0,0.41377733954419227
4435913614#4898626808,0,0,0.006256168131312821
2057145715#2060185518,1,0,0.0004883140565204414
3967431643#1740857110,0,0,0.009024890551257336
3551393130#3474685537,0,0,0.03143239036088276
2135316663#4653616782,0,0,0.016337770139818488
2068623358#1592254485,0,0,0.0062376798155542226
378133536273#69710193399,0,0,0.2738026492620542
4658620132#2027929598,0,0,0.09407904652916772
4572380856#4204386191,0,0,0.010369472968555324
4205538788#2075240892,1,1,0.9999983373141286
4841409785#4417849752,0,0,0.10481180292215111
4898626808#2727127831,0,0,0.04827868407309034
117154450703#109165560395,0,0,0.0025729555989332524
4099641396#5018023921,0,0,0.0029922828454440257
4471122121#60367707728,0,0,0.1888776529333869
1472057117#4161797606,0,0,6.779818132849392e-07
69710193399#4635981164,0,0,0.010369472968555324
2003710867#1646206864,0,0,0.0020614369171366655
3108657350#2359435242,0,0,0.010369472968555324
3849817492#110232280082,0,0,0.005819103338653802
4551054156#156274514359,0,0,0.12236591607503154
2113093450#4643943359,0,0,0.004533795371724544
38406123057#1882929309,0,0,0.009960115493017965
1438441444#3435281641,0,0,0.08860887484181551
2062782802#2057986140,0,0,0.010631464647211703
1914403252#4572636295,0,0,0.012825734447135402
276611684552#4619195159,0,0,0.010369472968555324
156277514294#4226659635,0,0,0.010369472968555324
2059124992#1818739935,0,0,0.0003801168240989258
4589678847#1520168707,0,0,0.028110681482139025
4642512906#4748650954,0,0,0.01036905105142296
1639832922#1437868238,0,0,0.18191244885944047
87820911338#18468687381,0,0,0.026366585993623726
3359180524#3359180052,0,1,0.9949736476942016
4825375981#5165108496,0,0,0.010369472968555324
1920503864#1951195150,0,0,0.009413981525869591
4781194041#2057342439,0,0,0.00982829856541131
4201830454#1416528046,0,0,0.02424122323621602
4620685919#38202857246,0,0,0.0014825029794477307
4354044382#1415554755,0,0,0.16184839636560858
4761512241#4763332016,0,0,0.04601980329564101
4973150488#2455842713,0,0,0.2522464282450044
4214739605#4643938191,0,0,0.007609513264494211
4514269980#3628533316,0,0,0.0022403418524577943
4384403228#4165585148,0,0,0.2261675603733321
3474685536#3474685537,0,0,0.11098878543080351
4071233134#3683502845,0,1,0.9999997107830573
4535930871#4687116172,0,1,0.5799194142414311
3052180518#4499147142,0,0,0.010369472968555324
2062782802#3044025040,0,0,0.03221888768254018
1313607746#1921223120,0,0,0.007609513264494211
4155510577#156893097471,0,0,0.010369472968555324
5095503840#5208946130,0,0,0.010369472968555324
3361906432#2150036453,0,0,0.03497951906666757
4933360994#4657354294,0,0,0.01814717081242338
3214249597#4155510577,0,0,0.009092557109435547
580549064505#376973981474,0,0,0.29970651926669767
5123189260#5018368651,0,0,0.24262595266751238
157726428514#4644140313,0,0,0.010369472968555324
4417818851#1867262556,0,0,0.23653940618948113
4643943359#6015919609,0,0,0.005476046277025139
3075628047#14613588147,0,0,0.010369472968555324
111110399548#167570408533,0,0,0.00048497300441227635
4720389596#100995265790,0,0,0.010369472968555324
4205538788#4195993580,0,0,0.009148276001091095
1780678934#4426740219,0,0,0.0006758966488551182
4442900590#3114734058,0,0,0.006165911500820118
5014897285#212771874474,0,0,1.1695425856405524e-05
3487828521#1347237190,0,0,0.0067342938404981465
1712573177#1778563597,0,1,0.6693200621881812
1311812490#3485676898,0,0,0.012744430466978403
4699510653#2064955879,0,0,0.02802539870886209
4348295931#4285709211,0,0,0.001887463262345924
1710094724#1570945860,0,0,0.15299209004759437
18465816919#18466210670,0,0,2.0404574666667956e-11
4196030610#91686025987,0,0,0.017440514962181117
183335907108#4327866563,1,1,0.9999982416511384
4354044382#4570764341,0,0,0.008378128398081715
4755359264#4620685919,0,0,0.0005870986379847067
3926916973#2062766088,0,0,0.0039043972902332758
1382214880#3439202323,0,0,0.009124836396410256
2092938385#5215138753,0,0,0.04381486198100516
4572380856#4746144353,0,0,0.010799869137454763
1656969942#5121642074,0,0,0.00766592588694379
4680204120#54161674630,0,0,0.010369472968555324
5027483278#4015422065,0,0,0.006689149253478764
1712570939#75959618233,0,0,0.009960115493017965
2027929598#4027742647,0,0,0.21349285974565368
1520168707#14613456118,0,0,0.01077268243175231
1416301524#3525845999,0,0,0.01839124194881535
1565912494#3046729281,0,0,0.00288307145360915
4327866563#4900378668,0,0,0.05454419311134744
3968945784#4623949166,1,1,0.5507989787041189
4261185678#1671393307,0,0,0.009954730437061797
2075240892#3477269989,0,0,0.014390071026649685
167570408533#189546061243,0,0,0.10978319977556814
1752749942#4157381557,0,0,0.002428079618424281
3076859035#187508564338,0,0,0.010369472968555324
4354044382#2175801910,0,0,0.0037971882224009314
4317041484#2064730522,0,1,0.8986104736152293
1477293192#2027838359,0,0,0.013479624381771207
4579172309#4454991968,1,1,0.9999938373235474
4065721591#4613276653,0,1,0.9405986324745603
4435528162#4226659635,0,0,0.025849293847096905
3446029032#2124411604,0,0,0.01705267024627359
4926426630#3056067914,0,0,0.008253745310471985
4581502608#1457252585,0,0,0.009413981525869591
4339070553#4015422065,0,0,0.007027771709665413
2359348328#146777938215,0,0,0.05838427766994276
4034038494#4219781521,0,0,0.009413981525869591
106964376935#2298730254,0,0,0.010019924137255774
3644272514#4165151066,0,0,0.00984805838487989
1752749942#4726704241,0,0,0.010369472968555324
4226659634#4259241183,0,0,0.010369472968555324
4549189933#3054434630,0,0,0.005543274723405871
3648904906#4195993580,0,0,0.0062376798155542226
121528725386#2062770841,0,0,0.012254364388613066
1541880573#2150036453,0,0,0.014031187090309809
3988152389#2119476678,0,0,0.010369472968555324
4206267336#4260680249,0,0,0.010369472968555324
4941134416#4604457043,0,0,0.0314911330283555
124021630369#3046471496,0,0,0.03361939933942278
1903466347#207035576772,0,0,0.00852486507875032
1818739935#18466202308,0,0,0.013025251712038987
2061673563#1430988070,0,0,0.013888339144315249
307718000196#14613464473,0,0,0.1330148418836959
4196521320#4613276653,0,1,0.8909043665568052
1688824936#2069774757,0,0,0.010369472968555324
1427286361#1688824936,0,0,0.020196143112930325
4202041822#3626237468,0,0,0.008255465841474324
4642512906#5163452200,0,0,0.08469482501220105
5090085713#4523728345,0,0,0.01734886684477749
18467925256#2183963548,0,0,0.010369472968555324
3043492443#4993036319,0,0,0.043128257976252124
4145588659#1994805938,0,0,0.02224425330377042
14613460476#4748650954,0,0,0.003242083846400083
1398682725#5095503840,0,0,0.010369472968555324
14613461654#146011937628,0,0,0.010369472968555324
3628533316#4195993580,0,0,0.02174648415444373
1914403252#3289002540,0,0,0.007969595375637255
5185236541#4197138413,0,0,0.010369472968555324
178258449477#4998365450,0,0,0.002064903109193785
2079581946#4746144353,0,0,0.03699957855289396
4448830722#4451089335,0,0,0.041728073385307894
4589830735#4411426624,1,1,0.9814265405016976
3926867260#4530026053,0,0,0.007314960163025075
3967431643#3299598934,0,0,0.010369472968555324
2059052537#4385184631,0,0,0.014809201486474742
4176217131#1903466347,0,0,0.008834643692332179
2026069710#87820905399,1,0,0.14271240569127264
4454991968#4534359957,0,0,0.0089961500628919
3050045988#4247271139,0,0,0.006695159204687526
4657354311#4657354294,0,1,0.9499768026425434
1316556785#4132281843,0,0,0.009322590571941285
3691000538#2007934907,0,0,0.01488071118596291
1701333916#1398443073,0,0,0.16188553157742233
4631852445#2065354050,0,0,0.008030808724814261
4206267336#3629624977,1,0,0.03550979612384899
4735432768#3431879179,0,0,0.015319150467943937
5208946130#580549064505,0,0,0.009941286732401907
1497939109#157726428514,0,0,0.010369472968555324
2026258516#2183968048,0,0,0.42943747785210984
4202096119#3794247232,0,0,0.06635427967531632
4943160331#3968945784,0,0,0.009941286732401907
4479095804#107725296889,0,0,0.006992647670838758
3287805133#4657354285,0,0,0.0010793928605887038
1477156406#1438326380,0,0,0.002418938894975338
212394033260#111110399548,0,0,0.04350598605841673
29299331674#5163452200,0,0,0.20776074846837728
23230310067#4763332016,0,0,0.06922652940091302
1574873794#4613276653,0,1,0.9608505406695408
4828654874#178258449477,0,0,0.011798437032701847
2062867476#111568230982,0,0,0.01670046102075884
2067377960#1477156406,0,0,0.010369472968555324
54161674630#5018023921,0,0,0.06448233498786166
1565913509#3889395495,0,0,0.006192713337361268
2063588766#4913742546,1,1,0.5767063081128675
5215138753#4165585148,0,0,0.2854515598168277
373850284448#1951195150,0,0,0.010369472968555324
3831256267#5123189260,0,0,0.03677972140064548
1847712017#2062045929,0,0,0.010369472968555324
3245545040#4206267336,0,0,0.025217056306271513
4589820532#2058316912,0,0,0.008700449238434303
2977755545#4720389596,0,0,0.010369472968555324
4643718292#4643943359,0,0,0.005476046277025139
2070627808#3727491058,0,0,0.0062376798155542226
113196401893#2054753273,0,0,0.024317000092173004
5208946130#4867542841,0,0,0.004029967022797958
3445564730#2314360284,0,0,0.0252696090035026
4289086328#4435528162,0,1,0.9993450134673596
45531943201#54161674630,0,0,0.13782781799524302
4536041187#4584646241,1,0,0.011336067406575378
4642854804#2168053481,0,0,0.007855377490892863
1401982678#2062075980,0,0,0.0013504038704578686
1718471304#3967431643,0,0,0.023946770436123838
4145588659#4157551094,0,0,0.0002007965039732746
4841409785#4223043910,0,0,0.10481180292215111
4022447951#2068436073,0,0,0.011554959660163283
3612961288#4451089335,0,0,0.029019000722361563
3054671141#3349756713,1,1,0.8305020256233732
1416301524#4176217131,0,0,0.08197039483144603
3404019592#2247165276,0,0,0.002968740234911216
4260680249#2122362220,0,0,0.0017296492765627963
1627738213#4542039020,0,0,0.010369472968555324
4581502608#1951195150,0,0,0.009413981525869591
87720200914#53263229623,0,0,0.13199028430230486
3882201915#4658956014,0,0,0.037942795481224804
4411426624#3683502845,0,0,0.1582570320889269
4643898157#18468687381,0,0,0.3233808077679707
2338131041#2338916683,0,1,0.9999999947336846
87720200914#4653616782,0,0,0.40263281410635904
4898730640#1453527936,0,0,0.00867998181969681
3683502845#3446029040,0,0,0.1573223582676058
4414530598#1696208496,0,0,0.009168744619584349
4653616782#53263229623,0,0,0.32616635483263073
4451089335#4456625974,0,0,0.06492853700113975
4004772536#3050045988,0,0,0.00982829856541131
5174571094#4411426624,0,0,0.012849989915844566
4631852445#4722721497,1,1,0.9987552061985907
4391918874#3949154897,0,0,0.010369472968555324
4150903563#2066535766,0,0,0.010369472968555324
4180609537#183335907108,0,0,0.05644109820285364
2159739481#3461052410,0,0,0.04820629259422413
4448830722#4456625974,1,0,0.20863286474122883
1646144729#4157551094,0,0,0.03352215198075906
4840773591#156277193948,1,0,0.08212158153103666
3474685536#1319944364,0,0,0.004480421831881272
3435281641#3304467506,0,0,0.20992767487436173
4165585148#3551393130,0,0,0.02174648415444373
4643943359#87820911338,0,0,0.01404438855158783
5163452200#3076859035,0,0,0.00768295097045421
5128222238#4195993580,0,0,0.01322394270902627
1765891797#3691000538,0,0,0.2970732143668997
2057051387#3404019592,0,0,0.008654204729391789
145960681701#3831256267,0,0,0.07081031746347918
2296451977#4589830735,0,0,0.0030646209335089417
18467669365#2067179166,0,0,0.00942224626015111
4530026053#2270062912,0,0,0.011715407512499226
4196030610#4206269897,0,0,0.021770502716725027
2455842713#4405676807,0,0,0.006806382124040846
4593095274#3214249597,0,1,0.9123617567080805
14613465315#14613461654,0,0,2.6903129279948657e-05
3249354040#3629624977,1,0,0.048484214158541525
2057811649#1438483240,1,0,0.42572189407012745
3044853716#53263229623,0,0,0.05412168697771639
3108657350#2003336437,0,0,0.008215483714899356
4321048267#2055255869,0,0,0.010369472968555324
46983614517#4589830735,0,0,0.010369472968555324
3551393318#3474685536,0,0,0.03143239036088276
2062845102#97115452949,0,0,0.018938039219515434
4483987744#1765891797,0,0,0.010369472968555324
219547393842#2112794415,0,0,0.011224586515011275
4720389596#4877427884,1,1,0.9999999992737258
4439737347#4200562083,0,0,0.0010197933212474826
2026258524#2183428945,0,0,0.42943747785210984
309312102749#3967431643,0,0,0.21905987888515477
3920807098#4405676807,0,0,0.03441965773527829
1654102057#1665894324,1,0,0.4014528107632819
4450602322#3557197892,0,0,0.21349285974565368
4401870234#4195993580,0,0,0.0016219462883590098
23230310067#3626237468,0,0,0.010369472968555324
2180579787#2026258524,1,1,0.6165213416184945
5154681248#111568230982,0,0,0.010369472968555324
1574873794#1453527936,0,0,0.010027435536418619
1326086493#4165585148,0,0,0.1623403623841484
4210986952#3612961288,0,0,0.009334384921540036
3551872495#4261185678,0,0,0.008572806967099295
4176217131#18466202308,0,0,0.267908277526386
4542039020#1639832922,0,0,0.010369472968555324
4900378668#3487828521,0,0,4.595347926683297e-06
4316999113#4316999082,0,0,6.20608565276128e-08
4763332016#3626237468,0,0,0.010369472968555324
1537709317#2061448087,0,0,0.06066490618561092
3836576451#4542321633,0,0,0.15387358191206232
10530767652#421393369392,0,0,0.009413981525869591
3628839716#2092610533,0,0,0.014621653038085493
4867542841#173652977366,0,0,0.009941286732401907
4157280271#1694379812,0,0,0.0012431617861009708
1574873794#395685899087,0,0,0.4783000153099896
38202857246#2055448044,0,0,0.010369472968555324
4015322905#1565925308,0,0,0.0077563260070274125
3580539229#3629624977,0,1,0.8760713036903586
2154491220#4642854804,0,0,0.00861744361751063
3831256267#1696208496,0,0,0.016651722027813103
4384403228#4330455313,0,0,0.15330840907468637
3400442486#3435281641,0,0,0.07962944877057614
107725290582#50016874555,0,0,0.009960115493017965
2298730254#50016874555,0,0,0.007039873976611789
4943818903#2058563113,0,0,0.008167148957504089
2054733437#2059483876,1,1,0.8418492717903235
3363370353#3404019592,0,0,0.00111205646393175
167570408533#173652977366,0,0,0.00026697250675212684
1528865186#2296574953,0,0,0.008999635048112423
1477293192#2064414260,0,1,0.6701268926549105
146011937628#212394033260,0,0,0.010369472968555324
3052944481#5210078086,0,0,0.013993630908634404
4944579314#6015919609,0,0,0.006266340436541973
2116342008#1711852573,0,0,0.003205694589936484
4589673799#1727736762,0,0,0.0023714777287728523
2079572106#4635981164,1,1,0.6539856949982455
4572636295#145960681701,0,0,0.010369472968555324
18468695966#2063706226,1,1,0.8716934437899664
4535930871#4623949169,1,0,0.1449793672242894
2061448091#1537709304,0,0,0.06066490618561092
2074019451#4335156801,0,0,0.010926693794841928
4755359264#38202857246,0,0,0.008359760829839396
2118416856#114453608394,0,0,0.004735249664924507
6871473475#2114341514,0,0,5.474687671392128e-12
4755359264#4673557611,0,0,0.0009735054947000721
54161674630#4959321228,0,0,0.1553243935763612
3485676898#1639390814,0,0,0.009320391151417242
4514269980#3061887519,0,0,0.011038017726468662
2114341514#4536450435,0,0,0.004394855220238717
4157280271#1811606488,0,0,0.005886891673643161
2064414260#3903241588,0,0,0.009092557109435547
5027483278#4959321228,0,0,0.0151926221257667
2026258516#2026258521,0,0,0.05271078926055969
4195993580#4584646241,0,0,0.0027176078656082213
2062845102#4261185678,0,0,0.007338154093590595
4444196403#2092938385,0,1,0.7418724002129334
1921223120#146011948003,0,0,0.0737456057702547
187508564338#45531943201,0,0,0.001738679147193028
1721524699#4149299298,0,0,0.025297726319296353
4489521100#2120851333,0,0,0.0028263112423893267
4291077418#3289002505,0,0,0.04889172803612686
3835278364#5037293131,0,0,0.0317423184077465
1810185303#1650171814,0,0,0.17564664651392392
1477293192#1627587582,0,0,0.07344187260555388
4206242446#4197138413,0,0,0.0064901897619227085
2169220658#373850284448,0,0,0.00982829856541131
2092610536#3236601708,0,0,0.001677898159044617
3214249597#3214249595,0,1,0.9999999913040369
1557919756#2075240892,0,0,0.00982829856541131
18468580547#18465721026,0,0,8.337835004751105e-12
34888001864#3431879179,0,0,0.01698087173983315
3361906432#29299331674,0,0,0.010369472968555324
4161797606#1728174549,0,0,0.00035119499681891814
2026258516#2026258524,0,0,0.05271078926055969
4495500756#2336490445,0,0,0.003446638716220487
4130010417#4972894677,0,0,0.0066112047899702054
2066535766#1646144729,0,0,0.03352215198075906
4226659634#4232666143,0,0,0.022680495321415806
18468690620#5169557343,0,0,0.0044523746572469
2281691154#4663785560,0,0,0.008253745310471985
2054781193#1847712017,0,0,0.005860668912343365
3630377420#1627587582,0,0,0.3193429369637157
3529095384#1701333847,0,0,0.010229983463005495
