pair_id,true_label,pred_label,confidence
1639274792#6626538016,0,0,0.4753962059456133
1978617397#3416246620,0,0,0.4771628303751176
4909154245#3692778406,0,1,0.5081859258195192
3582409643#2058085195,0,0,0.48154224172029336
1660870123#4256662307,0,0,0.4676797171596099
199552139760#1639170956,0,0,0.4877493848200368
4702804708#1978617397,0,0,0.4763302691877393
3488840316#3363359717,0,0,0.4936196835170889
10553947604#4756922573,0,0,0.4676797171596099
3878447642#4761512241,0,0,0.4746905060294757
1848719127#179195001984,0,0,0.4676797171596099
4798031879#544241990815,0,0,0.4761751812670664
3030484462#4675257710,0,0,0.47910527422481686
59051797265#4792968045,0,0,0.485433446738708
3042374746#2059486037,0,0,0.48776835421524545
2180548061#5128222238,0,0,0.4892483716756055
2004718856#4145496082,0,1,0.5163338003006167
82342257069#5137527272,0,0,0.48643285260668834
1995386759#146011948003,0,0,0.4676797171596099
4557843865#1479238950,0,0,0.4676797171596099
4040761448#1639169322,0,0,0.48918074042355625
2058661446#1416247746,0,1,0.5224181856352528
4259293142#3047028308,0,0,0.4676797171596099
303103274469#422593008639,1,1,0.5183822842910576
4649888830#1469947163,0,0,0.4911109351051946
3946838650#1552378116,0,0,0.49741281029969364
9283556866#3766348815,0,1,0.5001112969968725
2060056435#1715361146,0,0,0.4676797171596099
4731359279#1840879535,0,0,0.46839138372358563
4424722345#3267793376,0,0,0.49898251725036125
3628533316#4283342406,0,0,0.48025849515171926
3045580653#4132115994,0,0,0.4691200233390936
2060192584#4857106956,1,1,0.5436449532936137
4958160823#2050581826,0,0,0.4676797171596099
4128826467#86403779490,0,1,0.5007655805114014
81553649652#5078702464,0,0,0.4676797171596099
2004718856#1802468675,0,1,0.5706776967935885
4674140626#2671772709,0,1,0.5085786427355738
4635793707#96073555522,0,0,0.47291751532175047
1500072490#4059739993,0,0,0.4676797171596099
98862400850#325294719982,1,1,0.5252168556418637
4649888830#3318133040,0,0,0.4818577926187569
4909154245#199552139760,0,1,0.5194249496242519
276607465209#238877261551,0,0,0.4676797171596099
2191172688#4273893775,0,0,0.4783221867087837
3215754174#4201800596,0,1,0.509450289360141
1636709118#4659328158,0,0,0.4697525486508405
4469590077#4526072603,0,0,0.4676797171596099
3055204922#58971109124,0,0,0.47910338791922785
4157483944#1552378116,0,1,0.5124797355370706
2113758643#4214624671,0,0,0.4931515705760189
4312099236#1785110101,0,0,0.4676797171596099
3404220738#1998358860,0,0,0.4676797171596099
376973981474#1415520008,0,1,0.521836183021792
48399481031#4737466020,1,1,0.5179111158187275
1726551362#87820911338,0,1,0.5195857978381752
4161797582#422593008553,0,1,0.6114280683527621
4435951946#2060056435,0,0,0.4721482186605783
1479236028#3369184055,0,0,0.4794780001409786
1469947163#1402124924,0,0,0.48962795473600584
3055550819#4529633813,0,0,0.49757912006928506
3447176726#4111411514,0,0,0.4697525486508405
1625147559#1467729091,1,1,0.501420941559399
1535646713#2058085195,0,0,0.4697525486508405
2069185249#2069259743,1,0,0.46896555679734403
2120702109#14503977526,0,0,0.4882290103186866
2123100264#3691716746,0,0,0.4676797171596099
2055988859#4523373320,0,0,0.49240593400193466
4059739993#4197944029,0,0,0.48279178581993143
3633526158#138962728028,0,0,0.48891773413899886
2119447541#4203146420,0,0,0.4676797171596099
4572634734#4480479751,1,0,0.4999248200615233
4668702029#4243154086,0,0,0.4676797171596099
4335918051#4575065614,1,1,0.5376677108194525
2060512716#1453532038,0,0,0.49902308810236223
1479236024#5068270943,0,0,0.48761821946033074
3913495754#4657106310,0,0,0.4676797171596099
113940347013#3072563854,0,0,0.49319039644386886
3525476136#2068603286,0,0,0.4708196241398182
3980004581#1848160016,0,0,0.4676797171596099
2112891471#2057202369,0,0,0.4796969273647129
4661837102#1802065720,0,0,0.496026320460441
2063077902#3968903489,0,1,0.5185899755021924
3404220738#2111494388,0,0,0.4754095499654838
4004949751#4259837358,0,1,0.5233494048548155
465306971541#3202650162,0,0,0.47969558587070665
3477040043#3045322155,0,0,0.4711714459945715
384709473414#1500072490,0,0,0.4676797171596099
276607465209#16826928982,0,0,0.4676797171596099
2069259743#4132115994,0,0,0.4676797171596099
3108620528#3915028298,0,0,0.49853955249768056
1651852765#1813327174,0,0,0.4676797171596099
1438255025#2061689843,0,1,0.5063063969705874
4551052278#4735669408,0,0,0.4676797171596099
5163636978#3496790707,0,0,0.4676797171596099
3878447642#3887115396,0,1,0.5564015101435347
76084169102#39435343189,0,0,0.4876653503562652
211600222265#2058829770,0,0,0.4783016047387255
1840879535#4037395648,0,1,0.5103317610191221
1409261677#4687101911,0,0,0.4676797171596099
4035384490#4279780621,0,1,0.5153785490330481
1512655217#2055771737,0,0,0.4676797171596099
1955016683#1535646713,0,0,0.47903835315639903
1379816908#3915232509,0,1,0.5006668871022921
126501897635#50016874555,0,0,0.49818427531297843
4900124238#4607994802,0,0,0.4825259709609418
1924651409#4506637171,0,0,0.47574379437217545
3915028298#3878447634,0,1,0.5564015101435347
8645214070#4132115994,0,1,0.506456367029028
1654102057#146011948003,0,0,0.4676797171596099
3524983069#2069259743,0,0,0.4676797171596099
5064598331#3460145307,0,0,0.4676797171596099
1835570826#5078702464,0,0,0.48412854014438716
1412102698#5078702464,0,1,0.5074502514183226
2058531415#2058531412,0,1,0.5019295369398842
4905562130#182695770250,0,0,0.48904331168751
5038913286#82325773100,0,0,0.499196626440698
4833676357#5139738145,0,0,0.4676797171596099
1412102698#4424722345,0,0,0.490925571681897
4132115994#3860804392,0,0,0.4915010924503822
5137527272#1305053590,0,0,0.4845123659916524
3061084981#4529336313,0,0,0.488756185899807
5065503143#2298730254,0,0,0.4754095499654838
4735364801#4841108780,1,0,0.4676797171596099
4189391263#3215754174,0,1,0.5136756072009557
2796703699#3047028308,0,0,0.47513718026729324
393983081702#3046735667,0,0,0.4763745094752378
4157266754#3825968185,1,0,0.4708039382413291
2055625644#1671508853,0,0,0.46839138372358563
81042916306#5038913286,0,0,0.48072336515780717
4004949751#1453532038,0,1,0.5078096800101419
3267793378#3267792927,0,1,0.5436308873481501
459733636362#2028648293,0,0,0.4676797171596099
4206181444#3582409643,1,0,0.4894069562563952
4425600562#4316547764,0,1,0.5096891370706186
4019568018#5104052160,0,0,0.4676797171596099
4666990747#4808687386,0,0,0.4780822445359831
2069259743#4264570268,0,0,0.4676797171596099
104252022998#1640258299,0,0,0.4676797171596099
167321908065#1639169322,0,0,0.4795389331904992
4587202995#4755216808,0,0,0.4676797171596099
3927031679#3926967278,0,1,0.5980000189565389
1726551362#1639026554,1,0,0.4814502052538472
5094395218#9882651379,0,0,0.4676797171596099
4551052278#81042916306,0,0,0.4676797171596099
2060192584#1875570795,0,0,0.4676797171596099
2117538897#3913703465,1,0,0.4806151563375309
3945392968#1816430010,0,0,0.4994195740236838
3951041977#4720442233,0,0,0.4676797171596099
2061689843#1752647304,0,1,0.5090416061889579
2067169690#4359622448,0,0,0.4676797171596099
3951041977#3470855139,0,1,0.5000224895184536
114401992972#3294024176,0,0,0.49318692670733333
4529336313#4243154086,0,0,0.46978916230017864
114018376174#2005664884,0,0,0.48134860862201817
1818747960#4201800596,0,1,0.5469780596051789
4864092534#2061311891,0,0,0.4803431065414982
1848160016#2061645325,0,0,0.4676797171596099
5059493292#169598104032,0,1,0.5152997635120745
4542386587#4857106956,0,1,0.5029582392090931
3379264687#4220301018,0,0,0.4697525486508405
5206198663#4712138934,0,0,0.4754095499654838
4865786342#3442901956,0,1,0.5108976305306552
1955030813#3364150594,0,0,0.47903835315639903
5139738145#4823803954,0,0,0.4733233744543828
3862268059#3926967278,0,0,0.4787174129614132
2029674976#2069259743,0,0,0.46896555679734403
3633736951#4569017088,0,0,0.4676797171596099
3277004292#1639848935,0,0,0.47710176173428126
3267793378#4424722345,0,1,0.506364753104809
4424722345#3946324748,0,1,0.5118920763211271
86403779490#4469590077,1,0,0.4976256735311931
3951041977#4444217370,0,0,0.4818444536566588
3717372340#2060512716,0,0,0.4676797171596099
3829554374#3946838650,1,0,0.4940874105577712
4661837102#3615593579,0,0,0.4912284097118071
3608869908#307252705345,0,1,0.502772118368732
76339204925#3929018019,0,0,0.4956272234336813
3046471496#3047031444,1,0,0.4861475535408682
428123087781#18466913739,0,1,0.5100557270929216
2058406199#1823372268,0,0,0.47540180928656495
4538676877#2564918524,0,0,0.47601790444528996
4111350011#1693941156,0,0,0.4768043018114152
2118966054#1918821009,0,0,0.48804913828366464
1638102118#4201950906,0,0,0.46910396867767057
4856748067#1904335665,0,0,0.48308649498355566
3267793376#3267793378,0,1,0.5534518590767967
4808687386#4427898444,1,0,0.48387743764073265
4696140824#4836895938,0,0,0.46987747801779817
2055425355#1326213590,1,0,0.48913963773280744
4202066092#3364150594,0,0,0.4676797171596099
3552909102#100884048724,0,1,0.5038544472779235
20170380680#5205797148,1,0,0.49620896244839513
2055621540#2055625644,0,1,0.5144375270631499
23232175462#2011714457,0,0,0.4712242084165327
453179758430#3946418596,0,0,0.4676797171596099
4070456241#4220301018,0,0,0.47046421521481624
4735364801#4435951946,0,0,0.4676797171596099
454303875540#59051797265,0,0,0.4726772127345695
29755196818#5185354751,0,0,0.4948241494553302
107467970371#4631852445,0,0,0.4726176745382451
1568784013#156275537866,0,0,0.47046421521481624
1920508153#5082122698,0,0,0.4826111122446946
76470034601#1798868787,0,0,0.49124367110067013
76470034601#3046471496,0,0,0.4676797171596099
5075124648#1802190388,0,0,0.48831675809454395
1690392435#4730881018,0,0,0.4753962059456133
18467089718#3208519381,0,0,0.49094189940026206
4189391263#2119467444,0,0,0.478017255834736
3108657350#2057186102,0,0,0.47172501569633146
2066533471#2973532517,0,0,0.4893001431836182
4202091471#1372242064,0,0,0.47046421521481624
41506701575#2600554617,0,0,0.4676797171596099
4108293691#5083891634,0,1,0.5009215935822097
4312099236#2055356508,0,0,0.4676797171596099
148602656984#3494153136,0,0,0.4972977172019634
549708986379#4684762583,0,0,0.48238979509040275
4668702029#1955030813,0,0,0.4676797171596099
4671204264#4623930569,0,0,0.4989772673673412
3881831374#2055988859,0,0,0.4733233744543828
3628533316#4993201940,0,0,0.4676797171596099
489466582552#1810185303,0,0,0.4810467743948537
2068603286#2057186168,0,0,0.4676797171596099
4185911295#4569017088,0,0,0.490434438231642
3774085428#1951491884,0,1,0.5737334286176936
3946418596#1834405459,0,0,0.4958405721030341
1743158951#1743158953,0,1,0.5192435932224541
1810185303#3458091636,0,0,0.4706019069187205
1467729091#59782651708,0,0,0.4676797171596099
4635793707#4786425036,0,0,0.4697525486508405
3042374746#5059493292,0,0,0.4754095499654838
3294024176#225384232109,0,0,0.4751501658689268
3414192937#3364587358,0,0,0.4993439055074067
3766348815#3761484275,1,0,0.4936433711949792
2123088534#2062243305,1,1,0.5110160528415948
4189391263#4513744195,0,0,0.4721482186605783
3267793378#4999242302,0,1,0.5338991447261495
4626053521#5185354751,0,0,0.4697525486508405
125323389433#3906389523,0,0,0.4957469981678748
4202066092#3906389523,0,0,0.4676797171596099
4808238795#4790633062,0,1,0.6309854895491369
3751925404#4201617297,1,0,0.4784469167895181
1638102118#2055885528,0,0,0.46970814595317173
4587202995#3379264687,0,0,0.4697525486508405
4709734065#4661776935,1,0,0.4874593889849631
2060254114#1715361146,0,0,0.4769655216651685
4359622448#3045486706,0,0,0.48597608822208743
4448697469#3946324748,0,1,0.5002731895513025
2054980574#4001606579,0,0,0.4676797171596099
1598212753#3442901956,0,1,0.503929047188629
2050583480#182695770250,0,0,0.4813018954781852
4201800596#2180548061,0,1,0.5344389126750276
2059786009#2055771737,1,0,0.4676797171596099
4624086112#5165685784,0,0,0.4863920613282361
3690831675#1690392435,0,0,0.4676797171596099
1479238950#4455953391,0,0,0.4676797171596099
1726564714#98862400850,0,0,0.4676797171596099
2061673701#81553005637,0,0,0.4783597321141108
2977755545#29118640082,0,0,0.4944398777449882
4201800596#5214349442,0,1,0.504813797371455
3881831374#1816430010,0,0,0.4676797171596099
5185721442#1955026154,0,0,0.4704485293163272
1625147559#4220093966,0,1,0.5067607781900176
421393369392#3525476136,0,0,0.4697525486508405
1625147559#4348117018,0,0,0.4917466414133528
1306851139#1709836734,0,0,0.4751551806496749
2061689843#2055425355,0,0,0.4863905063457643
91965976598#4498422001,0,0,0.4801601890391609
5063074383#3964074224,0,0,0.47794295537491466
4709177500#159730607651,0,0,0.47517735392259625
4897041544#4670902580,0,0,0.4942591153837478
444631792208#1728174551,0,1,0.546786386669415
3560844585#2146293183,0,0,0.4676797171596099
138962754138#1696297270,0,0,0.4921418747034657
100884048724#4436222774,0,0,0.4998757086058948
4683128695#3267792927,0,1,0.5158051067079161
1924651409#4679546461,0,0,0.49552346619752874
4161797582#444631792208,0,1,0.6321376904961056
3915232509#4993201940,0,0,0.49077884301486563
1861556379#3579464172,0,0,0.4676797171596099
4662287639#3632891899,0,1,0.5206129237798948
1833697097#3994501565,0,0,0.4997564923400589
47871442424#3052165975,0,0,0.4770008184226455
2112891471#2037536844,1,1,0.5434729985282393
4650641709#3638725857,0,0,0.48361541993104906
76084169102#2058085195,0,0,0.4676797171596099
1816678631#4855224068,0,0,0.4708196241398182
3913495754#3632891899,0,1,0.5033427858022881
114401992972#3638725857,0,0,0.48730445219404045
5097100632#4498417740,0,0,0.4778440402840456
1541971038#2279367079,0,0,0.48241305757797326
4843658030#1371717862,0,0,0.4708196241398182
3927603556#1479236077,1,1,0.5280468024452548
3927603556#1654102057,0,0,0.4854619865373
1816430010#4702804708,0,1,0.5075986607646092
4636302616#4650641709,0,0,0.4754095499654838
371921998418#4090060217,0,0,0.47748238145671434
3109942277#4203146420,0,0,0.47057177193285177
3296349690#3030484462,0,0,0.4697525486508405
2212287890#3881831374,0,0,0.4676797171596099
20201333480#1823372268,0,0,0.4862777842124047
4709734065#25524025062,0,0,0.4874593889849631
1951491884#25524025062,0,0,0.48165991748346365
3598098302#4392093932,0,0,0.4716108500283319
4587202995#3030484462,0,0,0.4818524579921566
2068603286#3926967278,0,0,0.4913627788175725
5059493292#5097100632,0,1,0.5043441951503552
4836895938#5108475165,0,0,0.46987747801779817
5097100632#358968132955,0,0,0.48613094690080516
4837628601#4897048724,0,0,0.4964225003096385
3059595891#2055834216,0,0,0.4946907684128121
3980004581#4435951946,0,0,0.4676797171596099
138963214044#5165685784,0,0,0.46839138372358563
2056297322#1500072490,0,0,0.4676797171596099
87578768826#1743158953,0,0,0.47046421521481624
4524153818#1659804386,0,0,0.4724776279082438
4589595603#9882651379,0,0,0.4754095499654838
200791742577#332651656883,0,0,0.4732605491471461
3579464172#4697099894,0,0,0.4683240922951086
4574180809#4511530729,0,0,0.4704485293163272
3416246620#3296349690,0,0,0.4697525486508405
2132795383#2160958435,0,1,0.5196866628514782
1826377825#1639274792,0,0,0.4753962059456133
1638102118#9095840585,0,1,0.5143181562030363
2037536844#2055621540,0,1,0.5034255854561084
1780797402#8645214070,0,0,0.48327986824207564
4529336313#3047031444,0,0,0.4708833506588946
4498422001#5128222238,0,0,0.4826722052962771
4427898444#4666990747,0,0,0.4808767906121361
3881167105#4679546461,0,1,0.5303388680319092
4735669408#4913743600,0,0,0.4809345222400962
4674140626#3441097472,0,0,0.4714365520966026
57482538021#4505908026,0,0,0.493850637396366
39435343189#41714615735,0,0,0.49677039128181444
3747247759#5131642969,0,0,0.4733233744543828
4525991689#2058829770,0,0,0.4782622961364773
3633526158#3477040043,0,0,0.47446568735862044
54158063907#48399481031,0,0,0.4814502052538472
4354033064#3524983069,1,1,0.5159050941069355
454303875540#5124643800,0,0,0.4726772127345695
4145496082#1884640622,0,0,0.46909861450334084
125323389433#4589595603,0,0,0.46839138372358563
3267793378#4999204993,0,1,0.5084576550971546
5097100632#1806561207,0,0,0.47481390540333535
3240351689#2057202369,0,0,0.4676797171596099
1651852765#1638102118,0,0,0.4676797171596099
2058829770#113940347013,0,0,0.4783016047387255
1479236024#1479236023,0,1,0.5362083911359892
2123088534#3835082917,0,0,0.4676797171596099
4455408499#4623930569,0,0,0.4704485293163272
4035384490#1833697097,0,0,0.4708196241398182
2564918524#2055885528,0,0,0.47695860151569386
4072366249#1646275700,0,0,0.4676797171596099
4569017088#4913743600,0,0,0.48052529640060626
3541397287#2057667662,1,1,0.5027758624102759
29755196818#1423369065,0,0,0.48245598274577317
5131642969#4524153818,0,0,0.47927790496266326
2087025558#2056136170,0,0,0.48942575451765385
4696140824#1823372268,0,0,0.4758559892050681
4157266754#2058531412,0,0,0.47924777948979735
3797577168#3878815869,0,1,0.5194690298505824
4720990748#4643839400,0,0,0.4986464774088305
2027838804#4283348799,0,1,0.5084081568077878
1947138146#3692778406,0,0,0.4676797171596099
4899954714#3109942277,0,0,0.4676797171596099
2058881485#4524153818,0,0,0.47927790496266326
422593008553#444631792208,0,1,0.6088789440485636
4009292178#76784498137,0,0,0.4759651081887904
5139738145#4755216808,0,0,0.4857526508156563
4111940328#1709836734,0,0,0.4717153478884147
4786425036#371921998418,0,0,0.47046421521481624
2112891471#4730881018,0,0,0.4697525486508405
1423369065#57482538021,0,1,0.5207275409580344
3707425364#1328703423,0,0,0.4676797171596099
4623930569#1313501951,0,0,0.48705507508818713
3964333871#1728174551,0,1,0.5151786507917729
4999204837#4582141355,0,0,0.4874593889849631
76470034601#2212287890,0,0,0.4676797171596099
3709910119#2062243305,0,0,0.48942575451765385
4247353515#8645214070,0,1,0.5279155034787941
4081289086#4077568242,0,0,0.4860976469457408
3052169593#81553005637,0,0,0.4809780248991546
418887222012#3860804392,0,0,0.48437049031780005
2011714457#18466913739,0,1,0.527611316864297
3633526158#2074388205,0,0,0.4676797171596099
2027684481#4642851315,0,0,0.4754095499654838
4316547764#3980255436,0,0,0.4753962059456133
1671508853#4999242302,0,0,0.4676797171596099
82325773100#138962728028,0,0,0.4676797171596099
4607994802#4791600953,0,0,0.4803456984396164
76084169102#1306851139,0,0,0.4676797171596099
4813740020#4480479751,0,0,0.47403504101835847
6626538016#182695770250,0,0,0.4753962059456133
1728174551#4168332323,0,0,0.4733233744543828
4261169259#4312099236,0,0,0.4769655216651685
5158514600#4889095238,0,0,0.4697525486508405
3045486706#80020634543,0,0,0.4990458217300267
3633736951#4176537188,0,0,0.4751551806496749
4214748443#176077750624,0,0,0.4733233744543828
2977432095#2060056435,0,0,0.4676797171596099
145760114769#2977432095,0,0,0.4754095499654838
1608506098#1638102118,1,1,0.53767651547331
232579778763#2011422795,0,0,0.4727338944981212
1951491884#5082122698,0,0,0.4943134473390007
5185721442#3364587358,0,0,0.4754095499654838
5169118253#2111226139,0,0,0.49831520977847776
2088554701#2146476172,0,1,0.5052442076407825
2123088534#428123087781,0,0,0.4676797171596099
2088554701#4808687386,0,0,0.47098434702224706
3912840540#1955026154,0,0,0.4676797171596099
82342257069#1884640622,0,0,0.4699544509648492
1469947163#3551736332,0,0,0.4744799942140293
59051797265#4525746327,0,0,0.4676797171596099
41506701575#1415963077,0,0,0.4988417390596603
3052165975#1316556785,1,1,0.5000561233441494
4283342406#2338797804,0,1,0.5033380685258296
3401828702#2338797804,0,1,0.515354017234705
1802190388#1382163772,0,0,0.49078206142927994
1440645051#358968132955,0,0,0.4676797171596099
1415963077#3277004292,0,0,0.4988417390596603
3945392968#4897048724,0,0,0.4774749324131607
1696297270#358968132955,0,0,0.4774300966657098
2057451320#4206181444,0,0,0.4676797171596099
4836895938#6633389924,0,0,0.4676797171596099
2120702109#2062243305,0,1,0.5019200184303891
3829554374#3277004292,0,0,0.4764327716675961
2028165651#3692778406,0,0,0.48115989404168025
1326213590#4392093932,0,0,0.4904066053182967
3806586103#3878447642,0,1,0.5137889319904322
1592253963#3046735667,0,1,0.5289424855473696
2977755545#9095840585,0,0,0.47436550511159836
48861374884#59782651708,1,1,0.5000136763052988
5064598331#3059595891,0,0,0.4676797171596099
2165666882#1848180229,0,0,0.4804909971638267
232579778763#2088554701,0,0,0.4731244699419547
1568784013#44498925795,0,0,0.4676797171596099
538860958841#5108475165,0,0,0.4754095499654838
1562031765#4475599263,0,0,0.4676797171596099
4283342406#1646275700,0,1,0.5033380685258296
4070456241#4505908026,1,1,0.5074297198328782
2111514456#2150886701,0,0,0.4870493214377709
4798031879#5059493292,0,0,0.4726176745382451
2069185249#131585042210,0,0,0.4676797171596099
454303875540#396800321613,0,0,0.4697525486508405
3762358178#3707425364,0,0,0.4676797171596099
4264603438#4111940328,0,0,0.4676797171596099
2132795383#2091281221,0,1,0.5220924533612668
1800623713#4529336313,0,0,0.46839138372358563
2061645325#1806561207,0,0,0.4721325327620892
4624558262#1621413330,0,0,0.4676797171596099
3964333871#4161797582,0,1,0.5194107364210873
1541971038#3929018019,0,0,0.4858261657831817
3442901956#4582141355,0,1,0.5035475921119371
2088554701#146011948003,0,0,0.4676797171596099
1768955738#138962754138,0,0,0.4714365520966026
2111818909#1847702835,0,0,0.4781212852030167
4525991689#3109942277,0,0,0.49892559141788134
4999205061#3267793376,0,1,0.5199789764456585
232579778763#376973981474,0,0,0.4761078725095891
3762358178#3871685027,1,0,0.4995849669162559
4924974181#3863546507,0,1,0.5066334803216109
1416247746#4555760845,0,0,0.4836668630691776
37807947501#50016874555,0,0,0.48055070148911566
4333918437#4683128695,0,0,0.4676797171596099
4491286629#4464608641,0,0,0.49426478802212037
4538676877#9095840585,0,0,0.481331424997055
1562031765#3608869908,0,0,0.4711606445166423
3862453322#4649888830,0,0,0.4833722163114812
3881167105#2150886701,0,1,0.5051686478704353
4607994802#4631852445,0,0,0.48823375531175683
1440645051#4902984206,0,0,0.4683240922951086
60270130980#4636524355,0,0,0.4697525486508405
1485299448#2055885528,0,0,0.4915136594958894
1306851139#4843658030,0,0,0.47847231793560563
4790633062#1313501951,0,0,0.47360412219502457
4705563490#3045580653,0,0,0.4805676037225166
4526072602#1833092881,0,0,0.4697525486508405
4427898444#4761512241,0,0,0.4921149864449553
138963214044#336556426216,0,0,0.47360412219502457
4090060217#126501897635,0,1,0.5002760360506446
1320992608#4720990752,0,1,0.5061717975182076
3980004581#4551052278,0,0,0.4676797171596099
2066363395#4425600562,0,0,0.4769655216651685
3579464172#325294719982,0,0,0.4881364320076016
4504420946#27547791295,0,0,0.48218683505112653
226460833239#2087025558,0,0,0.4676797171596099
5158514600#167321908065,0,0,0.48178477577263634
47896517559#1423369065,0,0,0.47732944817595985
2062233925#2063057962,0,1,0.5048613159337101
396800321613#43679253447,0,0,0.4905723769103578
10553947604#4498422001,0,0,0.47978015052303524
329718595140#3979663695,0,0,0.4676797171596099
4687101911#4636302616,0,0,0.485626440755335
1730953832#2011422795,0,0,0.480328453304115
4823803954#2279367079,0,0,0.48061693997674193
5010064143#146011937628,0,0,0.4768997202453473
4111411514#4836895938,0,0,0.4825970846262694
4924974181#4938690872,1,1,0.502527491606676
18466913739#2058128167,0,0,0.4708196241398182
5003714231#4855224068,0,0,0.4747636806338664
2298730254#50016874555,0,0,0.47748238145671434
34340103649#2004718856,0,1,0.516409918061614
2977432095#2060254114,0,0,0.4697525486508405
1479238952#3835082917,0,0,0.4676797171596099
3245634417#3633141413,0,0,0.4676797171596099
41958860915#1818747960,0,1,0.5411154231988075
489466582552#462509477875,1,0,0.49683393761662564
1479236023#1479238952,0,1,0.5520422351376674
3108620528#3980255436,0,0,0.4859268515040106
396800321613#1978617397,0,1,0.5031395321088238
1412102698#4492977050,0,1,0.5103451343052585
5158514600#2053401290,0,0,0.4676797171596099
541570350554#549271649221,1,0,0.477284274864577
3735611396#1638922114,0,0,0.4676797171596099
398485485010#2027684481,0,0,0.4774831942033815
3722249067#1818747960,0,1,0.5305414513140723
343207691350#32143080284,0,1,0.507562645677318
1453532038#2338797804,0,1,0.5088588216517834
1552378116#2060185500,0,0,0.47571380374399014
3951041977#5068270943,0,1,0.5303518665861846
4726073967#1955016683,0,0,0.4676797171596099
3980255436#1434312727,0,0,0.4935096943363719
4525746327#4668702029,0,0,0.4676797171596099
1718702641#4657106310,0,0,0.47331336098779525
4830910802#96073555522,0,0,0.49722158463310234
2107204055#3690831675,0,0,0.4676797171596099
3861213317#1598212753,0,1,0.5026377029575329
1638922114#3072563854,1,0,0.4803339471966911
1847649330#2137028345,0,0,0.4676797171596099
134867489837#4967825383,0,0,0.4902676699320241
3236907215#2212287890,0,0,0.4676797171596099
1639170956#4201800596,0,0,0.4764632814345911
4077568242#4038971285,0,0,0.49280473603148783
4575536000#3470855139,0,0,0.49762002804397276
1671508853#4575065614,0,0,0.47046421521481624
4897048724#109172324563,0,0,0.4895967727915339
246918228224#80020634543,0,1,0.5376481653929216
3722249067#131585042210,0,0,0.4676797171596099
1660870123#1730953832,1,1,0.5061411327983256
3749110245#20201333480,0,0,0.4676797171596099
59051797265#3582409643,0,0,0.4773859573660005
1467729091#3692778406,0,0,0.46983168990306934
18467707182#1415963077,0,1,0.5016614661227328
2068603286#2725581419,0,0,0.4676797171596099
41714615735#541570350554,0,0,0.471070972752916
4333918437#90088944269,1,0,0.46790084628721806
4312099236#2977755545,0,0,0.4676797171596099
4312099236#3912840540,0,0,0.4676797171596099
4261169259#1379816908,0,0,0.4697525486508405
75782528054#4900124238,0,0,0.4676797171596099
86599436514#1552378116,0,1,0.5151607601434943
4439433329#5206198663,0,0,0.4791020964080014
4864092534#1816678631,0,0,0.4676797171596099
1423347109#4841234225,0,0,0.4888693805648562
1654102057#1665894324,1,1,0.5586269336726314
4569017088#2112308267,0,0,0.48213176393998836
3560844585#2153059963,0,0,0.4676797171596099
327540253581#2028648293,0,0,0.4676797171596099
398485485010#4197944029,0,1,0.5038044742757596
1646275700#8645214070,0,1,0.528048283024874
3370936702#1904335665,1,0,0.4819321578039952
54159697837#4793200474,0,0,0.4691200233390936
4798031879#3706699419,0,1,0.5049361572218585
1848160016#4999205061,0,0,0.4676797171596099
2112308267#5065503143,0,0,0.4676797171596099
2057202369#3761484275,0,0,0.47025917849135285
2055885528#1407873390,0,0,0.4676797171596099
2065166575#3551736332,0,0,0.47874903288187176
3414192937#3236907215,0,0,0.4676797171596099
3541397287#3245634417,0,1,0.505655581081346
4589997386#3927603556,0,0,0.49411117630709517
2112891471#2057146445,0,1,0.5329530406608368
3052760872#3073724824,0,0,0.4676797171596099
4792968045#96073555522,0,0,0.4665819230429248
4889095238#2123100264,0,0,0.4780410199246138
3913495754#148602656984,0,1,0.5136012210837092
4808180492#4656986610,0,0,0.4676797171596099
4134047757#3560844585,0,0,0.4676797171596099
1479236023#1469306625,0,0,0.47968410950812485
3762358178#2123100264,0,0,0.481167037130125
2078835030#3633736951,0,0,0.47046421521481624
5185354751#4571072739,0,0,0.4867048081524086
3496790707#1328703423,0,0,0.4764632814345911
4448697469#3946838650,0,0,0.4944739173058277
3964074224#5124643800,0,0,0.4676797171596099
4274231792#1752647304,1,0,0.4999178425134246
80020634543#376973981474,0,1,0.5588480003016176
76084169102#41714615735,0,0,0.48643285260668834
3717372340#4157266754,0,0,0.4676797171596099
1802065720#4035384490,0,0,0.4912284097118071
4161797606#1728174551,0,1,0.5860179370297521
1598212753#76339204925,0,0,0.4733233744543828
2058531412#4111311078,0,0,0.49479460271822084
1512655217#4157483944,0,0,0.4820510113561513
3524983069#3956546637,0,1,0.5589238419526894
3582409643#4813740020,0,0,0.48743200469145426
14613505047#2298730254,0,0,0.4697429896388396
2054699471#2112891471,0,1,0.5454666359769957
3835082917#3470855139,0,0,0.4691196545761596
3236907215#2060196427,0,0,0.4676797171596099
3525476136#1942997301,0,0,0.4852070401908399
1514159826#34765354823,0,0,0.469389852825772
4157432142#2074388205,0,0,0.4733233744543828
4662287639#2011422795,0,0,0.49581526516999125
4004949751#2338797804,0,1,0.51460342881285
1708941558#1656969942,0,1,0.5018059736372945
4161797606#422593008639,0,1,0.6375698889401819
1752647304#4575249992,0,0,0.4676797171596099
146011948003#232579778763,0,0,0.4768997202453473
3551736332#3447176726,0,0,0.4697525486508405
87820911338#4643839400,0,1,0.5008021089849284
1608506098#4196030610,0,0,0.4683240922951086
4179951095#5097100632,0,0,0.48064877623209745
3541397287#4540676462,0,0,0.4823748284195799
1328703423#1438255025,0,0,0.4936446746782009
3881831374#24193681922,0,0,0.4711606445166423
3525476136#86403779490,0,0,0.4778620697880249
3706699419#1552378116,0,1,0.5194665613103319
3861078825#4744639934,1,0,0.4676797171596099
3046471496#98862400850,0,0,0.48294392004158354
32259200442#4185911295,1,1,0.5454525889845314
1328703423#1379816908,0,0,0.4733233744543828
3980004581#32421248987,0,0,0.4676797171596099
4864092534#4675257710,0,0,0.4733233744543828
3109942277#10553947604,0,0,0.47376231580466177
2055356508#4755216808,0,0,0.49133401032561935
6626538016#4993201940,0,0,0.4676797171596099
4214872608#3109942277,0,0,0.4747973889142089
114401992972#82325773100,0,1,0.5071454332063672
4009292178#3277004292,0,1,0.5141407903816676
1730816951#3915028298,0,1,0.5384058267574203
1479236024#1479238952,0,1,0.5535871485825183
2279367079#3915232509,0,0,0.47396774958988147
1728174551#422593008553,0,1,0.59569633331222
2064988617#37807947501,0,0,0.4697525486508405
32259200442#4902984206,0,0,0.49151206242272744
378612909737#329718595140,0,0,0.489186956214519
4214624671#5059493292,0,0,0.4837253755579146
4823803954#4841108780,0,0,0.4676797171596099
4202066092#4255600579,0,0,0.4714365520966026
2056136170#20170380680,0,0,0.47430494344636115
1638922114#4127437050,0,0,0.472478543358118
18466913739#4720990752,0,1,0.5433841010870989
4679546461#4626677277,1,1,0.5035244653824594
43679253447#1469947163,0,0,0.4744799942140293
3915232509#4657106310,0,1,0.5312299427678099
3861078825#4435951946,0,0,0.46839138372358563
2073958683#3915028298,0,0,0.48714748912714634
4157223772#358968132955,0,0,0.467905543080937
138962728028#4185911295,0,1,0.5354302231993953
1592595202#3692778406,0,0,0.4676797171596099
2118966054#2058531412,0,0,0.4841159752303784
3059595891#1995386759,0,0,0.4899718898953745
248352373136#5062472541,0,0,0.4774107945089074
3615593579#86599436514,0,0,0.48044653760668177
4702804708#5214349442,0,1,0.5142389878181287
59051797265#5124643800,1,0,0.48008977763102806
3524983069#5064598331,0,1,0.5746048580374483
20201333480#1627677359,0,0,0.48172049020087454
3052760872#4455408499,0,0,0.4676797171596099
4506637171#2150886701,0,1,0.5089512590494755
35234959099#5033763061,1,0,0.4941488985210706
107140664995#4038971285,0,0,0.4676797171596099
3678589577#4448697469,0,1,0.5091627603381975
4624558262#4127437050,0,0,0.4676797171596099
1416301524#2112308266,0,1,0.5368275426141895
3202650162#2070625956,0,0,0.4811277745862676
4491286629#1848160016,0,0,0.4676797171596099
3881167105#129610695443,0,1,0.5303671501160566
1320157321#225384232109,0,0,0.4757199463096073
3488840316#91965976598,0,0,0.4676797171596099
5047368938#1438255025,0,1,0.5027615855674187
4626053521#4702804708,0,1,0.5013315977638783
1816430010#3806586103,0,1,0.5111247551927405
4202066092#2004718856,0,0,0.48177409077172867
2118966054#5003714231,0,1,0.5144713744883661
4283348799#4699491280,0,1,0.5053885496925088
4791600953#2212287890,0,0,0.4676797171596099
3598098302#3442901956,0,0,0.4884419151723823
4538676877#2598389634,0,0,0.4676797171596099
4523978139#4274231792,0,1,0.5081154598974725
1806631591#4037407479,0,0,0.4691200233390936
4524153818#4529633813,1,1,0.5456692569813882
1947138146#1671508853,0,0,0.4697525486508405
3825968185#4668702029,0,0,0.4676797171596099
1654102057#1656969942,1,1,0.5144189845057774
343207691350#4636237354,0,0,0.4865832743625617
3507050766#1541971038,0,0,0.48082101121736903
3042374746#2060290387,0,0,0.48776835421524545
16826928982#1709924290,0,1,0.5102446355946489
2066533471#117729109245,0,0,0.4726176745382451
3073724824#3052169593,0,0,0.47366541303561965
2087025558#3797571274,0,0,0.4676797171596099
2073958683#4541834093,0,1,0.515650141647335
1403922320#4202091471,0,0,0.47215961676285945
549905391834#332651656883,0,1,0.5009613949940397
76339204925#246918228224,0,0,0.47691362169819157
126501897635#4709177500,0,0,0.478069408695838
1416301524#4702804708,0,0,0.47368109893410876
2132795383#4526072603,0,0,0.4676797171596099
4967825383#1955016683,0,0,0.47832131266561945
3401828702#2180548061,0,1,0.515354017234705
5036833532#2191172688,0,0,0.4751551806496749
3797577168#2119447541,0,0,0.48907361274257644
549905391834#156275537866,0,0,0.4892216872288169
4661837102#3632891899,0,1,0.5191685101285847
1639274792#3862453322,0,0,0.4697525486508405
4687101911#4650641709,0,0,0.4676797171596099
3691716746#2069185249,0,0,0.4676797171596099
146011948003#146011937628,0,0,0.4768997202453473
3044692596#428123087781,1,1,0.5360740345724393
358968132955#5068270943,0,0,0.4950569602882639
1514159826#2098264088,1,0,0.4803549804457938
1847939089#1768955738,0,0,0.4714365520966026
1320992608#76784498137,0,0,0.4971617663776156
276403558061#5075124648,0,0,0.4676797171596099
4808687386#336556426216,0,0,0.4676797171596099
1718702641#4865786342,0,0,0.48019278006441246
201180045587#14613505047,0,1,0.510216326270595
4687101911#4304580582,0,0,0.47796819489726805
4555760845#4003389165,0,1,0.5114290118865032
8645214070#2224193149,0,0,0.4953988341918339
4132115994#3878447634,0,0,0.4717093297978424
4001606579#4702804708,0,0,0.4734382144144974
96073555522#1806631591,0,0,0.4691200233390936
3751925404#3638725857,0,0,0.4742608041958432
38445047959#196075727386,0,1,0.5578697256616018
4659328158#87578768826,1,1,0.5248226501301234
4077568242#5124643800,0,0,0.4676797171596099
2180548061#3628533316,0,0,0.4757736195780334
1718702641#1651852765,0,0,0.4676797171596099
1920508153#3878815869,0,0,0.4952029314408664
138960829393#4974935530,0,0,0.4708196241398182
59051797265#4668702029,0,0,0.4726772127345695
3598098302#1813327174,0,0,0.4676797171596099
4429293356#4485683605,1,0,0.4945720225248164
3369184055#4003389165,0,0,0.4676797171596099
276403558061#3052165975,0,0,0.4797256623878928
1457252565#4132115994,0,0,0.4833996543927372
4464608641#4205653425,0,1,0.5522915151040518
3829182480#29755196818,0,0,0.49584081244554495
18467089718#4455408499,0,0,0.4782624468104948
4189391263#4765643443,0,0,0.4676797171596099
4703831949#4712138934,1,0,0.4676797171596099
81553649652#2061673701,0,0,0.4783597321141108
1320992610#398485485010,0,0,0.4714365520966026
3951041977#4157495788,0,0,0.474213259800116
4037407479#4247353515,1,1,0.5222170689223736
3754372320#2113758643,0,0,0.49082651313728326
23232175462#2055425355,0,0,0.47158061299180937
4492977050#2137028345,0,0,0.4676797171596099
5021510219#2055356508,0,0,0.48528990685348683
523927727784#1415683857,0,0,0.4733233744543828
5010343781#3582409643,0,0,0.48446085324149357
4555760845#4841234225,0,0,0.4750619530140577
4157495788#4709734065,0,0,0.4676797171596099
4970197889#4505908026,0,0,0.4676797171596099
5010343781#1752647304,0,0,0.4768997202453473
44498925795#2058829770,0,0,0.4708196241398182
135779450319#4699491280,0,0,0.488890960214026
4642851315#2111818909,0,0,0.4754095499654838
1552378116#4833286194,0,0,0.4724776279082438
140554567918#104252022998,0,0,0.4768678344652371
1955030813#1423369065,0,0,0.4896292356472769
3245634417#4435951946,0,1,0.5093864163410022
4808238795#1818219339,0,0,0.4915302215901082
90088944269#3860936746,0,0,0.4814502052538472
2056961978#3945392968,0,0,0.4676797171596099
2671772709#3946324748,0,1,0.502835950330556
4448697469#4254790910,0,0,0.4764632814345911
3045486706#4793200474,0,0,0.47190533414096697
4525746327#4283348799,1,0,0.4676797171596099
393983081702#2074388205,0,0,0.4733233744543828
1434312727#1371717862,0,1,0.6082603365643616
2112308266#2057186115,0,0,0.471070972752916
2600554617#3881727524,0,0,0.4676797171596099
58971109124#14503977526,1,1,0.5042026998276485
4666990747#2112308266,0,0,0.46983168990306934
2118966054#4040761448,0,1,0.5239896166718654
4804117485#3402256673,0,0,0.4733233744543828
4417877411#1695721912,0,0,0.4767694002832005
2055885528#3915028298,0,0,0.4759976725795619
1402124924#1752722693,0,0,0.4676797171596099
1978617397#4684762583,0,0,0.4762349763396028
3826134250#4201950906,0,0,0.4905754819013863
1818219339#2058129549,0,0,0.4679212289794261
1438255025#3915232509,0,1,0.5191153872087587
2064988617#4999242302,0,0,0.4676797171596099
2068603286#2055298486,0,0,0.4676797171596099
3108657350#3496790707,0,0,0.47136874942260126
465306971541#6633389924,0,0,0.48235877375815683
4730881018#3968903489,0,0,0.4697525486508405
2005664884#5094395218,0,0,0.4774107945089074
1568784013#4607994802,0,0,0.47046421521481624
4833676357#1752722693,0,0,0.4676797171596099
3722249067#1671508853,0,0,0.4676797171596099
3441097472#5165685784,0,0,0.4676797171596099
4865786342#8645214070,0,1,0.5099541210668161
1946459818#50016874555,0,0,0.47748238145671434
76470034601#1800623713,0,0,0.4874593889849631
4273893775#2146293183,0,0,0.4724776279082438
4018768324#2062490022,0,0,0.4874593889849631
1848719127#5050765983,0,0,0.4999369845107847
1646275700#1453532038,0,1,0.5362020940003074
2112308267#2027838804,0,1,0.5354327797281957
2279367079#3235880928,0,0,0.4676797171596099
2061689843#41958860915,0,0,0.47260930258707307
3862453322#3477040043,0,0,0.48325737259684404
4855224068#5083891634,0,0,0.4828292099548515
4999204993#1728174551,0,0,0.4676797171596099
3633526158#4498417740,0,0,0.4676797171596099
3871685027#76470034601,0,0,0.4676797171596099
3915232509#1320157321,0,0,0.4676797171596099
3968903489#3707567581,0,0,0.4676797171596099
76339204925#167321908065,1,0,0.48669205824199835
1708941558#3927603556,0,1,0.5018469582885142
4791600953#1955026154,0,1,0.5036128710578454
3215754174#2058128167,0,0,0.4676797171596099
1946459818#4697481294,0,0,0.4697525486508405
82342257069#39435343189,0,0,0.49677039128181444
4072428623#10063837217,0,0,0.4676797171596099
3072563854#2058531415,0,0,0.4733233744543828
465306971541#1382163772,0,1,0.5096856186322317
4607994802#4967825383,0,0,0.4799934720171126
201663692217#3442901956,0,1,0.5061088039414156
1690392435#3042374746,0,0,0.48914033832752146
4498417740#1407873390,0,0,0.4799268252087888
1955030813#4498417740,0,0,0.4940886739465772
2132795383#3709910119,0,0,0.4993260602804236
225384232109#5064598331,0,0,0.4676797171596099
4205653425#18467707182,0,0,0.4733233744543828
4439433329#4657106310,0,0,0.4788195778805835
4792968045#3615593579,0,0,0.46839138372358563
3552909102#4189391263,0,1,0.5075434795409149
131585042210#3496790707,0,0,0.4733233744543828
3232083339#5165685784,0,1,0.5031923689561232
4720990752#4808238795,1,1,0.5237611915966219
4679546461#2055885528,0,0,0.46970814595317173
138960829393#322313716889,0,0,0.4676797171596099
3862453322#3846598639,1,0,0.479766538916824
5206198663#4705563490,0,0,0.4787682210944485
3053916069#2057146445,0,0,0.4789276302771536
3541397287#4214748443,0,0,0.4676797171596099
1768955738#4214624671,0,0,0.4714365520966026
4455408499#2058661446,0,1,0.5051427402088369
3477040043#4145496082,0,1,0.5371156959803877
4808170837#5010412384,0,0,0.4676797171596099
98862400850#5063074383,0,0,0.4676797171596099
1666737679#1920508153,0,1,0.5106389595035948
2091281221#1638922114,0,0,0.47721392575751714
3364587358#3235880928,0,0,0.4734699283906922
3369184055#138963214044,0,0,0.47046421521481624
2671772709#2058531415,0,0,0.48915094542344806
1467729091#1372242064,0,0,0.4903470603779568
1752631076#3735611396,0,0,0.4759823914512636
4909154245#3494153136,0,0,0.4906615078498583
4214872608#4702804708,0,0,0.48900988967567827
1562031765#2058406199,0,0,0.49879481632843964
1802065720#3615593579,1,1,0.5170298881922158
1403926750#4865786342,0,0,0.4676797171596099
3829554374#3402256673,0,0,0.4854028241297445
4836895938#4520741756,0,0,0.46987747801779817
2060290387#4575249992,0,1,0.5235886897500855
4661776935#5165685784,0,0,0.4874593889849631
5108475165#421393369392,0,0,0.4676797171596099
1651852765#29118640082,0,0,0.4676797171596099
1656969942#5010064143,0,1,0.5293631538261659
4636524355#2296910026,0,0,0.4911987948891585
4161797582#453179758430,0,0,0.4676797171596099
248352373136#3044692596,0,0,0.4774107945089074
3946584694#3488840316,0,0,0.4797404565413158
2087025558#4572426635,0,0,0.4676797171596099
4070456241#9283556866,0,0,0.4895787005126654
2058661446#3860804392,1,0,0.49546019833574123
3047031444#276607465209,0,0,0.4676797171596099
1457252565#1696297270,0,0,0.47046421521481624
75782528054#4735669408,0,0,0.4809345222400962
37807947501#36730697229,1,0,0.4899559697900661
4958160823#3379264687,0,0,0.4676797171596099
2600554617#1608506098,0,0,0.4676797171596099
4316547764#1621413330,0,0,0.4769655216651685
3442901956#1709924290,0,1,0.517610039265161
5003714231#3632891899,0,0,0.4781819483298247
1726564714#4755406731,0,0,0.47439276549808446
4703831949#1372242064,0,0,0.4676797171596099
1409261677#4196030610,0,0,0.4683240922951086
3762358178#4108293691,0,0,0.4676797171596099
4636524355#4636583527,0,0,0.4880432020104611
1848180229#3946584694,0,0,0.4676797171596099
49472388467#34340103649,1,0,0.49141499522358456
4837628601#3915232509,0,1,0.5067838030746423
3414192937#1552378116,0,1,0.5041322565339016
82342257069#76084169102,1,0,0.4932331296611077
4070456241#2298730254,0,0,0.4907193783330219
5003714231#2078835030,0,1,0.5368532902276211
1949694216#5104052160,0,0,0.4917377114183726
3215754174#2116366106,0,0,0.4977969276600892
4837628601#2062233925,0,0,0.48148914753338823
1955026154#3052169971,0,0,0.47466152488841595
4958160823#5185354751,0,0,0.4676797171596099
5206198663#1918821009,0,0,0.4676797171596099
3072506125#2058829770,0,0,0.4754095499654838
4498422001#4971974956,0,0,0.47057177193285177
4843658030#4081289086,0,0,0.4676797171596099
124785536502#4492977050,0,1,0.5333594051967178
107467970371#3937905240,0,0,0.48052529640060626
4455408499#3052169593,0,0,0.4842190174105644
4448697469#3946418596,0,1,0.5091996811351095
4477045287#2977432095,0,0,0.4676797171596099
4999205061#3047031444,0,0,0.4676797171596099
3490539439#2011714457,0,0,0.47046421521481624
4918962509#75782528054,0,0,0.4847244833356326
1467729091#4636583527,0,0,0.49171001274190784
2191172688#4823803954,1,0,0.4899513087409994
3232083339#1412102698,0,0,0.49723829702986705
4448697469#3507050766,0,0,0.48082101121736903
5206198663#4259293142,0,0,0.4754095499654838
3706699419#4464608641,0,0,0.4676797171596099
134867489837#3277004292,0,0,0.47364164509861434
4529336313#2112308266,0,0,0.47432116304008815
1320992610#3979682744,0,0,0.4676797171596099
3452360497#3892132185,1,1,0.516207106568993
1918821009#5003714231,0,0,0.48804913828366464
4001606579#4081289086,0,0,0.4910260448543968
3579464172#4856748067,0,0,0.4807197536086828
1798868787#4455408499,0,0,0.47046421521481624
4274246175#189641569958,0,0,0.4676797171596099
4731359279#2059486037,0,0,0.4736448677842153
421393369392#4623930569,0,0,0.49069396221857814
4709734065#5013871700,0,0,0.4676797171596099
4856748067#4726073967,0,0,0.4676797171596099
4808170837#1816678631,0,0,0.47417462766410623
41714615735#82342257069,0,1,0.5567845901735253
4913620532#4072366249,0,0,0.4676797171596099
1709924290#3774085428,0,1,0.502403905421172
1806631591#343207691350,0,0,0.4697643984745923
1951491884#1552378116,0,0,0.4822429403897665
3490539439#2075611951,0,0,0.47046421521481624
3906389523#4624086112,0,1,0.5031099395571822
4111311078#3931049291,0,0,0.4771161914608653
4696140824#5108475165,0,0,0.4723149479356554
138960829393#47871442424,0,0,0.4708196241398182
4491286629#1955016683,0,0,0.4733233744543828
4536384761#2058661446,0,0,0.4783597321141108
4720990748#4128826467,0,0,0.4743770795995954
4786425036#4837628601,0,1,0.5003743819664586
3452360497#2059786009,0,0,0.4676640312611208
2056703740#3603201749,0,0,0.4815282419971243
1835570826#2053401290,0,0,0.4676797171596099
8431814779#4040761448,0,0,0.4699544509648492
2062243305#4841234225,0,1,0.51407632227395
199552139760#465306971541,0,1,0.5009448903483803
1818747960#4117064632,0,0,0.4708196241398182
3967284896#4765643443,0,0,0.4676797171596099
3042374746#1861556379,0,0,0.4676797171596099
4924974181#196075727386,0,1,0.504073378256368
4744639934#5010343781,0,0,0.4697525486508405
199552139760#148602656984,1,1,0.5666332953527982
3927031679#3979834731,0,0,0.4826397281867578
4949981393#3829554374,0,0,0.49266564239562954
1403926750#5094395218,0,0,0.47663328279559136
3052169593#2061673701,0,0,0.48000069286029756
4755406731#1415520008,0,0,0.47439276549808446
4737466020#3892132185,0,0,0.47730079594242336
3937905240#1416301524,0,0,0.49410076138121184
2073958683#4709177500,0,0,0.4899031177518781
384709473414#4765643443,0,0,0.48195586290738396
2053401290#5065503143,0,0,0.4676797171596099
2062902494#3633533062,0,0,0.4942888480762695
3551736332#4808687386,0,0,0.4683240922951086
4756922573#139011371528,0,0,0.47830121100989986
2061311891#4855224068,0,0,0.4803431065414982
196075727386#114401992972,0,1,0.5177424352896357
1768951636#4261169259,0,0,0.47903835315639903
1415963077#81042916306,0,0,0.4682678397736881
1998358860#1562031765,0,0,0.49421911666434487
4865786342#3861213317,0,0,0.4970488764248697
4201800596#4220301018,0,0,0.48893658303481663
2796703699#4712138934,0,0,0.4676797171596099
3441097472#4214624671,0,0,0.4714365520966026
1479238950#1479236023,0,1,0.548902328157459
2007329552#2564918524,0,0,0.4988059289707294
1847702835#18467707182,0,0,0.4733233744543828
2091281221#4132467872,0,0,0.488401493216065
48399481031#3951041977,0,0,0.4708196241398182
4897041544#3945392968,0,0,0.47057177193285177
2055834216#418887222012,0,0,0.4676797171596099
4316547764#4261169259,0,0,0.48719052713189476
126501897635#82325773100,0,0,0.49299161442953504
4523978139#225384232109,0,0,0.4676797171596099
4542386587#2029674976,0,0,0.4768906312672169
1861556379#4081101808,0,0,0.478017255834736
140554567918#1592253981,0,0,0.4714365520966026
3215754174#2180548061,0,1,0.5104841574293895
3878447634#4081101808,0,1,0.5319371641108457
1654102057#5066791121,0,0,0.4755687783222042
549708986379#2180548061,0,0,0.46839138372358563
3860936746#3881167105,0,0,0.4676797171596099
4425600562#3277004292,0,1,0.5108157976704794
1409261677#4135061499,0,0,0.4676797171596099
3442901956#5033763061,0,0,0.4774107945089074
1469947163#4256662307,0,0,0.47519166077800506
4808240616#19689104703,1,1,0.6106106985673977
2056961978#41958860915,0,1,0.5076945782579252
4656986610#4619195159,0,1,0.5035640262620104
4575536000#4427898444,0,0,0.4696306665734323
1320992610#4720990748,0,0,0.4987712597240425
2175677532#4836895938,0,0,0.4676797171596099
4765643443#3638725857,0,0,0.48072336515780717
4254790910#4274088675,0,1,0.516803358843993
3946418596#138962728028,0,1,0.5189145512932253
4435951946#1469306625,0,1,0.5015243231493784
4675257710#3829554374,0,1,0.5019887068956007
1955016683#134867489837,0,0,0.47830562676713034
3559629814#4865786342,0,0,0.4922881552782225
4828654874#1955026154,0,1,0.5070588922269027
4579077594#2111818909,0,0,0.4754095499654838
3603201749#4636583527,0,0,0.4939667172040241
3496790707#1875570795,1,0,0.47136874942260126
4429293356#5075124648,0,0,0.4809345222400962
4572426635#3552909102,0,0,0.4676797171596099
4127437050#2070625956,0,0,0.4676797171596099
329718595140#3707425364,0,0,0.4676797171596099
1371717862#1320992608,1,1,0.5739610043792804
2338797804#1646275700,0,1,0.5366984903998119
4111350011#4491286629,0,0,0.4733233744543828
2027873351#114401992972,0,0,0.4676797171596099
1479238952#1479238950,0,1,0.5587041350676464
1798868787#4529336313,0,0,0.46839138372358563
3849875064#3245047192,0,0,0.4676797171596099
2066363395#1955030813,1,0,0.49261563536584974
5163636978#4133985654,0,0,0.480328453304115
4833286194#4536384761,0,0,0.4793192499461903
4666990747#4761512241,0,0,0.4827489675366635
2069259743#4134047757,0,0,0.4676797171596099
159730607651#1328703423,0,0,0.47853244531483113
459733636362#454303875540,1,0,0.4726772127345695
1320992608#1320992610,0,1,0.644964597881716
3618769182#4132115994,0,0,0.4676797171596099
4623930569#3967284896,0,0,0.4676797171596099
1920508153#1743158953,0,1,0.5060204145650392
4974935530#4161797582,1,1,0.6193993479576742
2060290387#2057202369,0,1,0.5082215529698751
3053916069#4513744195,0,0,0.4789276302771536
2146476172#1654102057,1,0,0.4879836327905036
2057186168#2055298486,1,1,0.5076334572492714
4659328158#4913743600,0,0,0.4714696782551464
4793200474#3108657350,0,0,0.46983168990306934
1639170956#1457252565,1,0,0.47853611292582166
4077568242#2132795383,0,0,0.4972853619402926
2087025558#3045322155,0,0,0.4676797171596099
2112404223#4523978139,0,1,0.5081154598974725
4626053521#2050581826,0,0,0.4676797171596099
1638922114#4663932072,0,0,0.4676797171596099
3490539439#4072428623,0,0,0.4676797171596099
4482237216#4540676462,1,0,0.46839138372358563
4127437050#2119467444,0,0,0.4676797171596099
1438255025#3849875064,0,0,0.4704485293163272
90088944269#16826928982,0,0,0.4676797171596099
4607994802#1955026154,0,0,0.4831931327836186
4823803954#4491286629,0,0,0.48495249648659855
4540676462#5065503143,0,0,0.4676797171596099
1313501951#1768951636,1,1,0.5137502548183739
1730816951#2011714457,1,1,0.5187796396903055
3862268059#4918962509,0,0,0.48407442922030447
3946418596#483899405313,0,0,0.4676797171596099
2060192584#4283348799,0,0,0.467905543080937
4697099894#544241990815,0,0,0.4676797171596099
1813327174#1848719127,0,1,0.5148571882935972
1423347109#2112308266,0,0,0.4708196241398182
549271649221#3379264687,0,0,0.4789896640748039
4833286194#4525746327,0,0,0.4676797171596099
1568784013#1834405459,0,0,0.47046421521481624
87820911338#1726564714,0,0,0.47439276549808446
2027873351#2600554617,0,0,0.4697368627523514
1639386839#4590104087,0,1,0.5082191132342349
2068603286#2057120532,0,0,0.4683240922951086
5064598331#4214748443,0,0,0.4770330086262247
4671204264#4529336313,0,1,0.5094038433881439
2338797804#4185911295,0,0,0.4676797171596099
3061084981#2058829770,0,0,0.47537024136323547
4492977050#76470034601,0,0,0.47560099680774826
4161815403#4938690872,0,0,0.4676797171596099
4359345477#4511530729,0,0,0.4781224610728831
3507050766#6633389924,0,0,0.4743678106450242
76084169102#5093302594,0,0,0.4870209752207665
4999242302#6626538016,0,0,0.4676797171596099
3488840316#3072563854,0,0,0.46970814595317173
102525471237#4425600562,0,0,0.48538075093122884
4833286194#1726551362,0,0,0.49077884301486563
1847649330#4526072603,0,0,0.4676797171596099
76339204925#3045486706,0,1,0.5102195800764303
2027838804#2066533471,0,0,0.4893001431836182
2028165651#5010343781,1,0,0.4676797171596099
4901739840#4575249992,1,0,0.4826844652141463
18468663843#3603201749,1,1,0.5097434126859206
1743158953#3797571274,0,0,0.491317329582419
3861213317#4635793707,0,0,0.4736865619043543
4720990748#2056961978,0,1,0.5076945782579252
1438255025#4897048724,1,1,0.612974201948217
4758052328#4427898444,0,1,0.5103591225229693
3951041977#3442901956,0,0,0.48486569145387576
4897048724#5104052160,0,1,0.516966797674944
1847649330#5038913286,0,0,0.4676797171596099
3825968185#2598389634,0,0,0.4676797171596099
4274088675#2058531412,0,0,0.48725588221058674
2063057962#378612909737,0,0,0.48942575451765385
2120702109#4455408499,0,0,0.4704485293163272
208909723613#2212287890,0,0,0.4676797171596099
1403922320#2111514456,0,0,0.4774555019631333
57482538021#4018768324,0,1,0.5311011150013908
2057964562#2028165651,0,0,0.4676797171596099
4001872848#2338797804,0,1,0.5322532241096863
4224142866#4579077594,1,0,0.4707618434069045
4635793707#1696297270,0,0,0.4736865619043543
4242849949#327540253581,0,0,0.4676797171596099
4283348799#32259200442,0,1,0.522762613580552
5165685784#3379264687,0,0,0.4676797171596099
549271649221#4793200474,0,0,0.4672887036676793
18468663843#4590104087,0,0,0.4968424521839313
2224193149#5068270943,0,1,0.5284074737334563
4128826467#5010064143,0,0,0.47439276549808446
18467707182#1978617397,0,0,0.47747464077779556
549271649221#3560844585,0,0,0.4676797171596099
3215754174#1920508153,0,1,0.505526760465963
3806586103#86403779490,0,0,0.4982137961452712
2063077902#1816430010,0,0,0.47190452139429995
54117240769#138962754138,1,0,0.48756644428570256
3696903469#459733636362,0,0,0.4726772127345695
5010412384#4070456241,0,0,0.4865832743625617
2060512716#4145496082,0,0,0.4761440858248988
2111226139#2111818909,0,0,0.4781212852030167
1712004928#4081101808,0,0,0.48742845349277686
146011948003#1656969942,0,0,0.4676797171596099
1320992610#1320992606,0,1,0.644964597881716
47896517559#1740857110,0,0,0.4676797171596099
2073958683#3979663695,0,0,0.4676797171596099
2062233925#2160958435,0,0,0.4676797171596099
4077568242#4134047757,0,0,0.48472691046871963
2050583480#1768955738,0,0,0.4676797171596099
1802495802#2063057962,0,0,0.4691196545761596
5059493292#211600222265,0,1,0.5152997635120745
336556426216#303103274469,0,1,0.5054593305631608
4712138934#2087025558,0,0,0.4676797171596099
5036833532#5093302594,0,0,0.4676797171596099
2069259743#4746786446,0,0,0.46896555679734403
3364587358#2136848057,0,0,0.4856771326056253
2057120532#1627677359,0,0,0.4727129232930028
5165685784#1818747960,1,1,0.5455122397870661
2028648293#4038971285,0,0,0.4676797171596099
4111940328#4134047757,1,0,0.4855096715206143
3979663695#332651656883,0,0,0.4676797171596099
4662287639#3913495754,0,1,0.5457271028701514
2107204055#1946459818,0,0,0.4697525486508405
393983081702#3946324748,0,0,0.4754095499654838
4128826467#4631852445,0,0,0.4721325327620892
4900124238#1802495802,0,0,0.4802450128843757
4205653425#4111350011,0,1,0.5408955027913614
3393654691#1639274792,0,0,0.49059929596517143
4439433329#4804117485,0,0,0.4676797171596099
5185721442#398485485010,0,0,0.49236180946705177
1671508853#4203146420,0,0,0.4676797171596099
4782070197#1423347109,0,0,0.4764632814345911
1955030813#47896517559,0,0,0.47485132618933357
126501897635#4657106310,0,0,0.4676797171596099
1743158953#4661776935,0,0,0.4874593889849631
2056513884#3414192937,0,0,0.4745280119207714
1728174551#4974935530,0,1,0.546786386669415
18467089718#145760114769,1,0,0.49026882826558754
4538676877#4626053521,0,0,0.48775366707589235
3045486706#3042374746,0,0,0.49066937493547136
156275537866#6626538016,0,1,0.5117695615253847
4392093932#4197944029,0,0,0.47128701556812563
4511530729#5067776785,0,0,0.4889396069844946
4624086112#44498925795,0,1,0.5003197398429076
4392093932#2069185249,0,0,0.4676797171596099
4856748067#1671508853,0,0,0.46839138372358563
3369184055#3435281641,0,0,0.4676797171596099
4132467872#3806586103,0,0,0.49861548794129346
4726696498#107467970371,0,0,0.4676797171596099
4417877411#4475599263,1,1,0.5364138466291185
1666737679#1639169322,0,0,0.4773522375890854
1328703423#3878447634,0,0,0.4676797171596099
1708941558#4673963150,0,0,0.4883095318615249
3690831675#3690457393,1,0,0.47815770833464283
4902984206#3603201749,0,1,0.5059177675295525
1998358860#4631852445,0,0,0.4676797171596099
4037395648#2054699471,0,0,0.4827881061684429
3215754174#3072563854,0,1,0.5104260888671865
4897041544#2058829770,0,0,0.48075412456126665
1840879535#138962728028,0,0,0.47046421521481624
4070456241#4670902580,0,0,0.46981028106731665
378612909737#3633141413,0,0,0.46839138372358563
2057199781#4726073967,0,0,0.4676797171596099
4157223772#1409261677,0,0,0.4676797171596099
1690392435#1740857110,0,0,0.4753962059456133
2058406199#2011422795,0,1,0.511571085793906
2060290387#4668702029,0,0,0.46896555679734403
2063057962#2091281221,1,1,0.5122435517881577
4676785037#3452360497,0,0,0.4676640312611208
57482538021#2123100264,0,0,0.4676797171596099
2088554701#2058881485,0,0,0.4713524251641886
3980004581#2065634341,0,0,0.4676797171596099
9882651379#4650641709,0,0,0.48845319796368103
2059786009#4635793707,0,0,0.46512104502573076
1942997301#2067169690,0,0,0.4714696782551464
3951041977#1440645051,0,0,0.4743684990581714
3245047192#4864092534,0,0,0.48213397724273865
1320992606#1320992608,0,1,0.644964597881716
1328703423#3946418596,0,0,0.4944739173058277
4551052278#2112404223,0,0,0.4754095499654838
4824488186#4782974616,1,0,0.4783325018329569
146011948003#4128826467,0,0,0.4676797171596099
3861078825#2123100264,0,0,0.4676797171596099
5185354751#4439433329,0,0,0.47569012424409385
1666737679#5093302594,0,0,0.4985646332725374
4958160823#5007171302,1,0,0.4676797171596099
3215754174#4758052328,0,0,0.4676797171596099
1730953832#4133985654,0,0,0.480328453304115
194754298019#23232175462,0,0,0.4910260448543968
5021510219#4671204264,0,0,0.4880047275994366
2060196427#2123088534,0,0,0.4676797171596099
336556426216#4161797582,0,1,0.6225856602944025
1457252565#4448697469,0,1,0.5064501001232157
2058531412#3931049291,0,0,0.4800990326995208
2060512716#4793200474,0,1,0.5190741263633919
2111514456#4878750795,0,0,0.4676797171596099
201663692217#4938690872,0,0,0.4944782709384294
2060056435#2060254114,0,0,0.4902405529107292
1316556785#3881167105,0,0,0.4994598035453277
3404220738#1695721912,0,0,0.4757120615262206
34765354823#4836895938,0,0,0.47214610933995266
2977432095#14613579566,0,0,0.4799349012792555
1403926750#5010343781,0,0,0.49232040070126565
48399481031#18468663843,0,0,0.48459011223405546
50016874555#2060512716,0,1,0.5035484394161339
5078702464#3915232509,0,0,0.4733233744543828
1810185303#5068270943,0,1,0.5442586737924436
18466913739#4790633062,0,1,0.6106106985673977
1806631591#86599436514,0,0,0.4683240922951086
2058661446#2113758643,0,0,0.48041142760953237
1372242064#1752631076,1,1,0.5307557014610124
3045322155#2153059963,1,0,0.48242139973277803
191537024900#3749110245,0,0,0.4697525486508405
2057186115#2057186102,0,1,0.5898717626224708
1639386839#8431814779,0,0,0.4979682981981972
5158514600#3442901956,0,0,0.4697525486508405
1479238950#1434312727,0,1,0.5343548229758217
2088554701#5010064143,0,1,0.5179001973321471
4787793905#114401992972,0,0,0.47057177193285177
1646275700#4001872848,0,1,0.5270566768205798
4256662307#3525476136,0,0,0.48737461028926177
1947138146#246918228224,0,0,0.4697525486508405
1955016683#2059786009,0,0,0.4676640312611208
114401992972#4059739993,0,0,0.48208363251695713
3913703465#4672345130,0,0,0.4754095499654838
3734194433#87820911338,0,0,0.4781706214432822
5193152815#159730607651,0,0,0.4676797171596099
4273893775#4040761448,0,0,0.49155642763313656
29118640082#3964333871,0,0,0.4747633118709325
59782651708#196075727386,0,0,0.4959526113673713
1479236028#1479236024,0,1,0.5388613847532364
4899954714#41958860915,0,0,0.4697525486508405
4242849949#3052760872,0,0,0.4676797171596099
57482538021#4070456241,0,0,0.489367772417768
2059067449#131446477487,0,1,0.505735380627478
1875570795#14503977526,0,0,0.4676797171596099
81553649652#4304580582,0,0,0.4697525486508405
276607465209#3364587358,0,0,0.4676797171596099
4448697469#4804117485,0,0,0.49133401032561935
189906837325#27547791295,1,0,0.4754095499654838
4254790910#2058531415,0,0,0.48725588221058674
4824488186#4111411514,0,0,0.4758287955383815
3470855139#3861213317,0,0,0.49126564420469515
4555760845#3945392968,1,1,0.5092318320874338
2005664884#50016874555,0,0,0.4851406273147812
3709910119#1998358860,0,0,0.4676797171596099
3059595891#47896517559,0,0,0.48489797761600023
54117240769#3370936702,0,0,0.4774831942033815
4635793707#5196755485,0,0,0.4789188970962492
3860936746#4455408499,0,0,0.48352303674507774
327540253581#3053916069,0,1,0.5076124059039138
4197944029#211600222265,0,0,0.4935132284337682
2054699471#81553005637,0,0,0.47237084143588426
2062233925#1730953832,0,0,0.49417068342615117
1434312727#4132467872,0,0,0.47190452139429995
10553947604#5010343781,0,0,0.46839138372358563
156275537866#4897041544,0,0,0.48804913828366464
1479238950#4673963150,0,0,0.4697525486508405
3232083339#2191172688,0,0,0.4733233744543828
1306851139#18468663843,0,0,0.4697368627523514
3722249067#131446477487,0,1,0.5441020056577809
4520741756#3441097472,0,0,0.47890700080591947
303103274469#4161797606,0,1,0.5151786507917729
2058531415#3931049291,0,0,0.47360412219502457
1241054990#2145127974,0,0,0.4676797171596099
246918228224#276607465209,1,0,0.4676797171596099
4316547764#85679298671,0,0,0.4676797171596099
459733636362#1469947163,0,0,0.4676797171596099
1813327174#131446477487,0,1,0.5238139133215991
4037395648#54159697837,0,0,0.48098585076018296
3806586103#1412102698,0,0,0.499407403687146
2027838804#3881727524,0,0,0.4676797171596099
47896517559#20201333480,1,0,0.477109907571408
3956546637#18467707182,0,1,0.5132295535457929
3045322155#3633736951,0,0,0.46895783738127583
90088944269#3404220738,0,0,0.4676797171596099
4469590077#3806586103,0,0,0.4976256735311931
4417877411#3560844585,0,1,0.50074292253545
343207691350#4448697469,0,1,0.5017746956336315
5094395218#1743158953,0,0,0.48472464463216597
76470034601#2058406199,0,0,0.4676797171596099
4523978139#4619195159,1,1,0.5206505982653151
1469947163#2065166575,0,0,0.47685778315376803
1636709118#5038913286,0,0,0.4676797171596099
208909723613#1955016683,0,0,0.4842068087339693
1416247746#2027838804,1,1,0.5418847593960875
14613579566#4574180809,0,0,0.4758494817791978
2146476172#10063837217,0,0,0.4825311389100092
4687101911#37807947501,0,0,0.485626440755335
2061673701#4674911211,0,0,0.4762869006228802
4145496082#4899954714,0,0,0.4697525486508405
18468663843#3045486706,0,0,0.4760921866111
5165685784#4018768324,0,1,0.5102175578593154
1568784013#1654102057,0,0,0.47046421521481624
4157495788#75782528054,0,0,0.4676797171596099
4709177500#4624086112,0,0,0.4896009718274192
4511530729#358968132955,0,0,0.4744583210487545
87578768826#2120702109,0,0,0.47558386547356546
487132656078#2111494388,0,0,0.4754095499654838
4485683605#465306971541,0,0,0.4945720225248164
5128222238#4971974956,0,0,0.47057177193285177
2075611951#2113758643,0,0,0.4719358749805084
75782528054#1802190388,1,0,0.49078206142927994
3946584694#4913743600,0,0,0.4676797171596099
2113758643#18467707182,0,0,0.4697525486508405
4506637171#3707567581,0,0,0.4676797171596099
4145496082#3055561351,0,0,0.47866314011938577
24193681922#80020634543,0,1,0.5125842157042889
1848180229#4212827921,0,0,0.4676797171596099
194754298019#1636709118,0,0,0.4676797171596099
3749110245#4117064632,0,0,0.4676797171596099
3929018019#1592595202,0,0,0.4676797171596099
3582409643#4841234225,0,0,0.4776675448780545
4513744195#3052169971,1,0,0.48571174700872666
378612909737#2062233925,0,1,0.5197760062658301
1986152983#4425600562,0,1,0.5041955592750795
1802495802#2298730254,0,0,0.4799004156122597
1918821009#3628533316,0,0,0.4676797171596099
1840879535#3691706852,0,0,0.48575830379661417
4758052328#4666990747,0,1,0.5212239739142359
5067776785#3108657350,0,0,0.47796351451030716
3496790707#4970197889,0,0,0.4676797171596099
3826134250#3053916069,0,0,0.4789276302771536
4726073967#2061673701,0,0,0.4762869006228802
2058829770#4498422001,0,0,0.4737116789130601
4619195159#1409261677,0,0,0.4934143325700009
4202066092#5098812409,0,0,0.4676797171596099
4571072739#2028648293,0,0,0.47289245563104887
2112240092#5021510219,0,0,0.4676797171596099
4575536000#3951041977,0,1,0.5042303174508085
5206198663#4145496082,0,1,0.5121294392281147
4705563490#32421248987,0,0,0.4676797171596099
3979682744#4090060217,0,0,0.4676797171596099
4756922573#4782070197,0,0,0.48144111799010825
1241054990#2027684481,1,0,0.4781948607673571
87820911338#3490539439,1,0,0.47046421521481624
4448697469#2671772709,0,0,0.4949146883117287
3881727524#4857106956,0,0,0.4676797171596099
4480479751#4666990747,0,0,0.46839138372358563
3871685027#4480479751,0,0,0.4676797171596099
20201333480#4765643443,0,0,0.4683240922951086
3633533062#1409261677,0,0,0.4676797171596099
1409261677#2061689843,1,1,0.5094911829659874
5128222238#3628533316,0,0,0.4889414895883427
4755406731#4335918051,0,0,0.47439276549808446
4274088675#2058531415,0,0,0.48725588221058674
4283348799#60270130980,0,0,0.49387266761345944
156276503010#18466913739,0,1,0.5417172828932526
1407873390#1436335814,0,0,0.47796018989647726
4865786342#4523373320,0,1,0.5079076742532098
4261169259#4575065614,0,0,0.4817743640288803
3044692596#4589595603,0,0,0.4721482186605783
4661776935#16826928982,0,0,0.4874593889849631
5193152815#2005664884,0,0,0.4676797171596099
2058128167#3047028308,0,0,0.4676797171596099
4551052278#47896517559,0,0,0.4676797171596099
2028165651#4018768324,0,0,0.4676797171596099
5062472541#4504420946,0,0,0.4827835635237021
4145496082#1840879535,0,0,0.4717500548525504
3927603556#1639423540,0,0,0.4818911164501096
91965976598#104252022998,0,0,0.47122417717046433
3277004292#32143080284,0,1,0.5049084810952935
4506637171#3878447634,0,1,0.5321039347267162
3861213317#4482237216,0,0,0.48893453840133994
4687101911#3045322155,0,0,0.4697525486508405
232579778763#3551736332,0,0,0.4697525486508405
4703831949#2087025558,0,0,0.4676797171596099
4001606579#4755406731,0,0,0.47439276549808446
5131642969#34340103649,0,0,0.4972526118234214
5185354751#5185721442,1,1,0.5032148859956688
3072506125#3215754174,0,1,0.506540045195476
3541397287#4435951946,0,1,0.5035085783010278
3878447642#3915028298,0,1,0.5807360700250463
1806631591#1423069315,1,0,0.49310203105000355
1955026154#131585042210,0,0,0.4733233744543828
4970197889#5108475165,0,0,0.4713640885153839
2113758643#1726564714,0,0,0.47229227955578507
3762358178#2087025558,0,0,0.4676797171596099
1833092881#1656969942,0,0,0.4882290103186866
34340103649#4737466020,0,0,0.4848479104428874
3633141413#96073555522,0,0,0.46983168990306934
1372242064#2973532517,0,1,0.5001831920841803
3980004581#169598104032,0,0,0.4676797171596099
4529336313#4557843865,0,0,0.4676797171596099
3633141413#5104052160,0,0,0.46839138372358563
4913743600#75782528054,0,0,0.4847244833356326
2175677532#2180548061,1,1,0.5474917894690056
4683128695#82325773100,0,0,0.4802023772249873
156275537866#138963214044,1,0,0.4848432121327671
3477040043#3494153136,0,0,0.48687826777269533
4619195159#4758052328,0,0,0.4676797171596099
4161797606#4161797582,0,1,0.6023639956553977
3108657350#5013871700,0,0,0.4691196545761596
107467970371#1409261677,0,0,0.4676797171596099
226460833239#76784498137,0,1,0.6079426269651771
4697099894#4636237354,1,0,0.4865832743625617
1730953832#2062243305,0,0,0.49417068342615117
4004949751#2175677532,0,1,0.5209881355276473
4808240616#4790633062,0,1,0.6309854895491369
1552378116#1479236023,0,0,0.4964499245113365
2058829770#4720442233,0,0,0.4676797171596099
4214748443#2107204055,1,0,0.4999814967004989
2069259743#1320157321,0,0,0.46896555679734403
1802495802#139011371528,0,0,0.4768823136661689
4145496082#1718702641,0,0,0.47342461649705614
4205653425#4697481294,0,0,0.4733233744543828
4589997386#18467707182,0,1,0.5159589681837542
4684762583#4856748067,0,0,0.4683240922951086
4185911295#1752631076,0,1,0.5048812263244499
218134176091#2060192584,0,0,0.47446549951917
199679645647#3863546507,0,0,0.49318692670733333
1806561207#1436335814,1,0,0.47620232049735267
5124643800#41958860915,0,0,0.47291369675024847
4157432142#4642851315,0,0,0.4754095499654838
36730697229#2057146445,0,0,0.4697525486508405
3364150594#3052169593,0,0,0.4697525486508405
2119467444#4709177500,0,0,0.47446568735862044
3871685027#2087025558,0,0,0.4676797171596099
23641510617#3052165975,0,0,0.4806151563375309
96073555522#2004718856,0,0,0.4741585147791158
3929018019#3047028308,0,0,0.4963144876106354
3806586103#3946418596,0,0,0.4676797171596099
4626677277#5196755485,0,1,0.5071125630830349
4551052278#4697481294,1,0,0.496337619513351
200791742577#114018376174,0,1,0.5213835256203959
4526072602#59051797265,0,0,0.4736291224290078
4538676877#378612909737,0,0,0.4676797171596099
2065166575#4525746327,0,0,0.4676797171596099
3979834731#2005664884,0,1,0.5181756307218951
59782651708#2150886701,0,0,0.4676797171596099
2165666882#4256662307,0,0,0.4676797171596099
4938690872#1730816951,0,0,0.4944782709384294
2564918524#4650641709,0,0,0.4783016047387255
1541971038#4672345130,0,0,0.4754095499654838
179195001984#4444217370,0,0,0.4676797171596099
1712004928#3208519381,0,1,0.5130128039004683
4808180492#4808240616,0,1,0.6309854895491369
1592253980#32421248987,0,0,0.4676797171596099
2119467444#134867489837,0,0,0.4913332033112128
4999205061#3267793378,1,1,0.527014675677486
3525476136#487132656078,0,0,0.4893747524710348
5064598331#4354033064,0,1,0.5023655373917966
4635793707#1946459818,0,0,0.4697525486508405
4787793905#4452424559,0,0,0.4676797171596099
3477040043#4726696498,0,0,0.4676797171596099
3073724824#4283342406,0,0,0.4714208661981135
3589697774#5066791121,0,0,0.48430395931552594
3589697774#1834405459,0,0,0.4676797171596099
3931049291#5047368938,0,0,0.47433320579426563
9095840585#2146475582,0,1,0.5023173437906556
332651656883#343207691350,1,0,0.4964833488309338
1709924290#5059493292,0,0,0.4676797171596099
5067776785#4791600953,1,0,0.48533588564727703
5098812409#4135061499,0,0,0.4676797171596099
102525471237#109172324563,0,1,0.5235586630302266
4506637171#3878447642,0,1,0.5557831440600219
4674140626#3964074224,1,0,0.494639696866353
3618769182#2069259743,0,0,0.4676797171596099
3826134250#2057199781,0,0,0.4823409388540948
4206181444#4793200474,0,0,0.4691200233390936
1986152983#4477045287,0,0,0.46512104502573076
3633526158#54117240769,0,0,0.48213176393998836
4697481294#3964074224,0,0,0.49264654423648785
4699491280#3056496237,0,0,0.4760977899520516
3706699419#4059739993,0,0,0.4676797171596099
1320992610#5010343781,0,1,0.5131557342786267
2058085195#2671772709,0,0,0.4896123405812361
1409261677#1752647304,0,0,0.49582441006420597
4672345130#422593008639,0,0,0.4676797171596099
3589697774#3691716746,1,1,0.5041553625175665
1639169322#3887115396,0,0,0.4816301879905488
138962754138#4206181444,0,0,0.4676797171596099
4203146420#2058829770,0,0,0.47057177193285177
3861213317#2057186168,0,0,0.4746115343928943
4077568242#2123088534,0,0,0.48942575451765385
4538676877#4037407479,0,0,0.47306575052232197
2111226139#3979682744,0,0,0.4676797171596099
1818219339#4161797582,0,0,0.4894426394409021
5103620556#5059493292,0,1,0.5355589663917428
4274246175#4619195159,0,1,0.5029196511265117
9882651379#38445047959,1,1,0.5216978528588687
36730697229#4304580582,0,1,0.5122880468380973
3470855139#4059739993,0,0,0.48658212333963946
6633389924#5075124648,0,0,0.49387474683812504
3507050766#2066363395,0,0,0.4733233744543828
4168332323#4804117485,0,1,0.5011387303179651
4642851315#1752647304,0,0,0.4999178425134246
5139738145#4201950906,0,0,0.4683756978250965
2338797804#2175677532,0,1,0.5387481346141826
4709734065#3363359717,0,0,0.4676797171596099
2098264088#4702804708,0,0,0.4853049445650377
4808240601#4808240616,0,1,0.6228774187435406
4274088675#2671772709,0,0,0.47847231793560563
1436335814#2153059963,0,0,0.4774129842551424
1942997301#2053401290,0,0,0.4676797171596099
3442901956#3863546507,0,1,0.5354557928162369
2055625644#9095840585,0,0,0.48138755368155306
5185354751#39074124372,0,0,0.4874164747163843
4214624671#3730856941,0,0,0.49534093885229824
4525746327#2153059963,0,0,0.4676797171596099
3754372320#1724951329,0,0,0.489367772417768
4179951095#4582141355,0,0,0.48064877623209745
1241054990#1693941156,0,0,0.4696306665734323
541570350554#49472388467,0,0,0.4683240922951086
3318133040#4666990747,0,0,0.47046421521481624
3979682744#3979663695,0,1,0.5224450653020059
462509477875#3946584694,0,0,0.4951814811119182
1467729091#1768955738,0,0,0.4714365520966026
18468663843#2054794834,0,0,0.4761078725095891
3871685027#1562031765,0,0,0.4860976469457408
18468663843#3747247759,0,0,0.4764632814345911
4897862520#225384232109,0,0,0.4783321825636713
4808170837#1826377825,0,0,0.47046421521481624
2112240092#1884640622,0,0,0.4676797171596099
3296349690#59782651708,0,0,0.472281097576849
3926967278#2055298486,0,1,0.5106645259682379
2028648293#124785536502,0,0,0.4774107945089074
1305053590#4283342406,0,1,0.5138130709878316
5196755485#43182039587,0,0,0.4823907952755182
4624086112#2060192584,0,0,0.48790135948109986
4590104087#2123088534,0,0,0.4676797171596099
5021510219#3232083339,0,0,0.4876355750268304
4808180492#156276503010,0,1,0.5213086717740808
1479238952#5124643800,0,0,0.4676797171596099
59051797265#81042916306,0,0,0.4676797171596099
2057186102#1718702641,0,0,0.47172501569633146
4529336313#4836895938,0,0,0.46987747801779817
4970197889#2066533471,0,0,0.4676797171596099
2098264088#4205653425,0,0,0.4676797171596099
4555760845#4636237354,0,0,0.49138118511119566
3235880928#3435281641,0,0,0.4885154386983866
3047031444#393983081702,0,0,0.4733233744543828
4009292178#37807947501,0,0,0.4676797171596099
4731359279#3460145307,0,0,0.4676797171596099
114401992972#50016874555,0,1,0.5147744780360591
1319732582#3215754174,0,1,0.5167734730203208
114018376174#2446874502,0,1,0.5069354136640414
1712004928#9283556866,0,0,0.4676797171596099
2446874502#3862268059,1,1,0.5678263977423029
3706699419#1319732582,0,0,0.4874593889849631
5064598331#18467707182,1,1,0.5132295535457929
4491286629#3980004581,0,0,0.4676797171596099
1598212753#1709924290,1,1,0.5026377029575329
3915232509#5007171302,0,0,0.4676797171596099
418887222012#2061484014,0,0,0.47566291923732956
4424722345#4999242302,0,0,0.4983943946362831
4279780621#3632891899,0,1,0.5153785490330481
4482237216#117729109245,0,0,0.48893453840133994
358968132955#3927031679,0,0,0.4809671579885434
54159697837#4631852445,0,0,0.4815321352908101
4214872608#2058531415,0,0,0.4781224610728831
1666737679#1688767039,0,1,0.5212633075011668
2064988617#76339204925,0,0,0.4697525486508405
351410861143#5139738145,0,0,0.4740193551198694
2146475582#1802495802,1,1,0.5051689820836017
3761484275#2055621540,0,0,0.47938235923436745
4650641709#3458091636,0,0,0.4676797171596099
2058129549#544241990815,0,0,0.497817215338476
2123088534#1436335814,0,0,0.4676797171596099
4475599263#58971109124,0,1,0.5316053702123558
2055885528#2977432095,0,0,0.4754095499654838
4913620532#3912840540,0,0,0.4676797171596099
4520741756#2063057962,0,0,0.4676797171596099
396800321613#376973981474,1,1,0.5926818410008985
109172324563#5182358949,0,1,0.5004385561223266
1659804386#2119447541,0,0,0.48141285416486346
3797571274#5094395218,0,0,0.48572098745843917
1730816951#1802065720,0,0,0.4676797171596099
1241054990#5158514600,0,0,0.4754095499654838
2062233925#3835082917,0,0,0.47105528685442694
3470855139#3979834731,0,0,0.4894255371156496
3734194433#2065634341,0,0,0.4676797171596099
4662125901#3045580653,0,0,0.4805676037225166
82342257069#418887222012,0,1,0.5020986359793813
4274088675#4176537188,0,1,0.5033021490987808
4824488186#4756922573,0,0,0.4716543790569316
38445047959#4090060217,0,1,0.5347426038194611
2120285844#2058829770,0,0,0.4790837244726673
5097100632#3929018019,0,0,0.4910223597395116
2078835030#1834405459,0,1,0.5097600716891081
3072563854#1709836734,0,0,0.46970814595317173
3797173437#3452360497,0,0,0.4676797171596099
3447176726#1671508853,0,0,0.4697525486508405
1904335665#4649888830,0,0,0.48663838581136326
4214872608#1638922114,0,0,0.46983168990306934
2057451320#58971109124,0,1,0.5316053702123558
1659804386#1402124924,0,0,0.4683240922951086
5185354751#5007171302,0,0,0.4676797171596099
5067776785#4607994802,0,0,0.47482558509474115
2066363395#176077750624,0,0,0.4879548546385098
5093302594#3061084981,0,1,0.5036338613761623
4624558262#148602656984,0,0,0.4697525486508405
2564918524#4765643443,0,0,0.4759976725795619
3215754174#4019568018,0,0,0.4951892217908369
1712004928#1535646713,0,0,0.49811634122879966
1740857110#4111350011,0,0,0.4768043018114152
303103274469#3364587358,0,0,0.4676797171596099
1665894324#44498925795,0,0,0.4683240922951086
4967825383#3579464172,0,0,0.4706075446304834
3829182480#3442901956,0,0,0.48898686120916374
393983081702#4359622448,0,0,0.4797119442814058
4999205061#523927727784,0,0,0.4676797171596099
9283556866#4201617297,0,0,0.4676797171596099
2057451320#4072428623,0,0,0.4676797171596099
49472388467#4145496082,0,0,0.49848653323620135
1728174551#336556426216,0,1,0.538017270785838
2056136170#2091281221,0,1,0.5480326705165111
4197944029#2564918524,0,1,0.5208012468788734
1395111624#4642851315,0,0,0.4676797171596099
2062233925#2062243305,0,1,0.5841752971140105
4498417740#3849875064,0,0,0.4776771882291442
5013871700#3569752280,0,1,0.5055850432209216
4913620532#5185354751,0,0,0.484631976661178
117729109245#2027873351,0,0,0.4768276056211132
4335918051#4482237216,0,0,0.46839138372358563
41506701575#3956546637,0,1,0.5402524238992436
43182039587#80020634543,0,0,0.484793068780718
5131642969#4813740020,0,0,0.4841607662597671
2037536844#2060290387,0,0,0.4904115277265488
1715361146#1802468675,0,1,0.5107694401813722
3488840316#489466582552,0,0,0.47446568735862044
4674911211#3861078825,0,0,0.4676797171596099
4111352280#199679645647,0,1,0.5091324057596348
4157223772#3393654691,0,0,0.4708196241398182
29755196818#5082122698,0,1,0.5004594988067249
4726696498#5067776785,0,0,0.4676797171596099
4792968045#1316556785,0,0,0.4657427885889795
3551736332#3829182480,0,0,0.48135073645389376
114018376174#4756922573,0,0,0.46909861450334084
3946324748#2298730254,0,0,0.48266982717538265
4037395648#4824488186,0,0,0.4780839816622144
5059493292#117729109245,0,0,0.4826946788374908
3806586103#4202066092,0,0,0.478017255834736
3404220738#3915028298,0,0,0.47612121652945943
3052169971#23232175462,0,0,0.4986590064560674
3709910119#4746786446,0,0,0.4676797171596099
4657106310#5169118253,1,1,0.5349669854598489
1592253963#3402256673,0,0,0.47356243329503017
4636302616#5063074383,0,0,0.4851406273147812
4255600579#4212827921,0,0,0.4774831942033815
1479236024#1436335814,0,0,0.4676797171596099
4833286194#4674911211,1,0,0.4793192499461903
3915028298#1469947163,0,0,0.495906547352749
5124643800#9095840585,0,0,0.4676797171596099
5108475165#3754372320,0,0,0.4701171870774671
1840879535#1671508853,0,0,0.47046421521481624
3215754174#3232083339,0,1,0.5172054643540339
4206181444#4865786342,0,0,0.4697643984745923
332651656883#2058406199,0,1,0.502102951387149
3364150594#4824488186,0,0,0.4676797171596099
1690392435#129610695443,0,0,0.4981458728223203
4551052278#4464608641,0,1,0.5213697878511065
4081289086#2062902494,0,0,0.49443588961085944
34765354823#4444217370,0,0,0.4676797171596099
4808687386#4761512241,0,0,0.48387743764073265
4070456241#2057667662,0,0,0.49654330394046525
1469306625#2057667662,0,1,0.5031086533896084
201663692217#4589595603,0,0,0.46839138372358563
538860958841#4808170837,0,0,0.4697525486508405
325294719982#23641510617,0,0,0.48888932988036093
82325773100#4675257710,0,0,0.4676797171596099
18467089718#444631792208,0,0,0.49382149505321926
1998358860#2056136170,0,0,0.4676797171596099
465306971541#3541397287,0,0,0.49078206142927994
2056136170#2123100264,0,0,0.4676797171596099
2055834216#48399481031,0,0,0.4676797171596099
107467970371#4185911295,0,0,0.49523234898027596
2060290387#43679253447,0,0,0.4697525486508405
2027684481#4197944029,0,0,0.47915578970348927
4436222774#1306851139,0,0,0.47366541303561965
4649888830#4635793707,0,0,0.47177641296904665
3044692596#1666737679,0,0,0.47611295473923876
2028648293#1316556785,0,0,0.47747464077779556
1640258299#1995386759,0,0,0.47898344128582815
4469590077#4909154245,0,0,0.4676797171596099
2057186102#4202091471,0,0,0.4748818936899529
2073958683#3633533062,0,0,0.4942888480762695
1328703423#109172324563,0,0,0.4753925383346228
3030484462#3108657350,0,0,0.4753164935582075
3442901956#1485299448,0,0,0.47414988097847316
6633389924#4455953391,0,0,0.4809345222400962
4427898444#2058829770,0,0,0.4676797171596099
4003389165#4214624671,0,0,0.48083332078467267
2057120532#2057186102,0,1,0.5859619509845466
2055621540#1904335665,0,0,0.4683756978250965
4765779252#81553649652,0,0,0.4676797171596099
2671772709#2058531412,0,0,0.48915094542344806
2137028345#3240351689,0,0,0.47046421521481624
3267793376#4683128695,0,1,0.5330083142910106
1651852765#1639274792,0,0,0.4874593889849631
81553005637#1305053590,0,0,0.4676797171596099
159730607651#2055988859,0,0,0.4899626564712517
276607465209#4671204264,0,0,0.4676797171596099
2973532517#1416301524,1,1,0.568355530043184
4824488186#2060254114,0,0,0.4736573309971034
1816430010#1640258299,0,1,0.5052929397844008
1423347109#2058829770,0,0,0.4708196241398182
4444217370#2150886701,0,1,0.5015233000123396
189641569958#3878447634,0,1,0.5156659338715052
4435951946#3692778406,1,1,0.5955932920615726
3735611396#2065634341,0,0,0.4676797171596099
3797577168#1743158953,0,0,0.49424773105528297
4020730390#4949981393,0,0,0.4697525486508405
4448697469#4040761448,0,1,0.5130528642729554
200791742577#4335918051,0,0,0.4899456160591602
4161815403#1625147559,0,1,0.5067607781900176
4274246175#4274231792,0,1,0.5979631237526181
2067169690#2067025602,0,0,0.473542509746377
4247353515#2057146445,0,0,0.47824917962811847
4436222774#3878447642,0,1,0.5323287979156686
3931049291#4254790910,0,0,0.47731453464431456
4316547764#1313501951,0,0,0.47975001972037473
3369184055#4726696498,0,0,0.4676797171596099
4197944029#1241054990,0,0,0.47943414361720377
1816678631#3825968185,0,0,0.48566380834593004
421393369392#4999205061,0,0,0.4676797171596099
2136848057#1621413330,0,0,0.4734699283906922
2056961978#3835082917,0,0,0.4676797171596099
569491804341#4214624671,0,0,0.4790387292893957
4004949751#1646275700,0,1,0.5166459986984288
1688767039#47871442424,0,0,0.4852683987390128
1875570795#3735611396,0,0,0.4676797171596099
199679645647#2119447541,0,1,0.5046057917761986
2054980574#1403926750,1,0,0.47183537204695747
2057186168#47871442424,0,0,0.46870237104987716
5068270943#39074124372,0,1,0.5035848090165281
131446477487#4505908026,0,0,0.4683240922951086
4967825383#4670902580,0,1,0.5025955921743797
3707425364#3968903489,0,0,0.4676797171596099
4999205061#5033763061,0,0,0.4676797171596099
1998358860#3979682744,0,0,0.49376028967524577
3416246620#4671204264,0,1,0.5110081068535025
329718595140#3968903489,0,0,0.481167037130125
4841234225#4791600953,0,0,0.4835315460891303
4259293142#4792968045,0,0,0.4704331173917618
43679253447#1639386839,0,0,0.4697525486508405
4575065614#2058531412,0,0,0.47360412219502457
4197944029#2175677532,0,0,0.4662830481266777
49472388467#4117064632,0,0,0.4708196241398182
4699491280#3766348815,0,0,0.49929300193942255
3073724824#4455408499,0,0,0.4697368627523514
4477045287#4081289086,1,1,0.5125647294468301
2598389634#4111311078,0,0,0.4676797171596099
3994501565#5010412384,0,0,0.4865832743625617
4485683605#4918962509,0,0,0.48786439031584095
5068270943#4626053521,0,0,0.4697525486508405
4720990752#2136848057,0,0,0.47683651212509703
3994501565#25271558033,0,0,0.47627499044355864
3569752280#2098264088,0,0,0.4856888709777686
2075611951#3494153136,0,0,0.4719358749805084
91965976598#2118966054,0,0,0.4676797171596099
2055298486#2725581419,0,0,0.4676797171596099
1955026154#2111818909,0,1,0.5236516926109572
1802065720#3245634417,0,1,0.5144152340443913
4661837102#4662287639,0,1,0.5071327468978245
1848180229#14503977526,0,0,0.4676797171596099
2037536844#2057146445,0,1,0.5662461107722
4264603438#4264570268,1,0,0.488252692724892
5185354751#5104052160,0,0,0.48909125022302874
4526072603#2123100264,0,0,0.4676797171596099
4572426635#41714615735,0,1,0.559200126888352
8645214070#417283434001,0,0,0.49318692670733333
4755216808#3946418596,1,1,0.5615922568526645
58971109124#87578768826,0,1,0.5049143663916243
4255600579#3524983069,0,0,0.4676797171596099
2062243305#2091281221,0,1,0.5813210912406359
4264603438#4338715534,0,0,0.488252692724892
2977755545#50016874555,0,0,0.4708196241398182
3964074224#1320992610,0,1,0.5062199045304793
3618769182#4264603438,0,0,0.4708196241398182
114018376174#3860804392,0,0,0.4802254472967953
1535646713#3416246620,0,0,0.4697525486508405
3046735667#2054699471,0,1,0.5240045281687343
1942997301#1651852765,0,0,0.4676797171596099
1802190388#4019568018,0,0,0.4708196241398182
1372242064#4889095238,0,0,0.4827403243210506
4971974956#4841108780,0,0,0.4676797171596099
2004718856#4020730390,0,1,0.547313606596451
218134176091#1320157321,0,0,0.47954430247111857
4798031879#138962728028,0,1,0.5221803762638073
2112308266#5128222238,0,0,0.47770247641017705
3056496237#1947138146,0,0,0.480328453304115
422593008553#3964333871,0,1,0.5276569678633374
4273893775#4313472390,0,0,0.4676797171596099
1598212753#2057667662,0,0,0.4676797171596099
3046471496#4999205061,0,0,0.4676797171596099
4072366249#4574180809,1,1,0.5100796099087349
4572426635#3559629814,0,0,0.47891882392622165
2671772709#1666737679,0,0,0.4773522375890854
2116366106#4506637171,0,0,0.4855242978047593
59782651708#1625147559,0,0,0.4676797171596099
1320157321#2029674976,0,0,0.4790689425352058
4587202995#4185911295,0,0,0.48723286529708626
4589595603#4642851315,1,1,0.5076476753192983
3460145307#2116366106,0,0,0.4882405585646357
5059493292#5098812409,0,0,0.4883786090379712
4656986610#4589595603,0,1,0.5076476753192983
1636709118#4792968045,1,1,0.5057387703598829
4683128695#3915232509,0,0,0.4683240922951086
1639026554#4833286194,0,0,0.4676797171596099
4081101808#3915028298,0,1,0.5541835792273109
1998358860#322313716889,0,1,0.5012362442737333
4455408499#2061673701,0,0,0.47046421521481624
2061484014#2725581419,0,0,0.4676797171596099
3878447642#1402124924,0,1,0.5093057113960027
4635793707#4889095238,0,0,0.4736865619043543
1621413330#3912840540,0,0,0.4676797171596099
3507050766#4782070197,0,0,0.48082101121736903
199552139760#1955030813,0,0,0.47970820572631057
4179951095#3980255436,1,0,0.47775672145885556
4274088675#2118966054,0,0,0.48553487257410943
2065634341#1875570795,0,0,0.4676797171596099
4504420946#2098264088,0,0,0.4838073638939654
3735611396#1416301524,0,0,0.4720578798007653
9882651379#196075727386,0,1,0.5142223893688037
176077750624#1592595202,0,0,0.4676797171596099
4081101808#3887115396,0,1,0.5582237621241546
2600554617#4117064632,0,0,0.4676797171596099
4480479751#4737466020,0,0,0.47070099036518565
3053916069#1305053590,0,0,0.4789276302771536
1639386839#2600554617,0,0,0.47540606293131604
4254790910#1326213590,0,0,0.4676797171596099
4702804708#3401828702,0,0,0.48327986824207564
1416247746#2055425355,0,0,0.4847977132799772
5214349442#3245047192,0,0,0.47346216535069524
4808238795#4808240601,0,1,0.6228774187435406
196075727386#211600222265,0,1,0.5060197367025786
5169118253#3717372340,0,0,0.4676797171596099
2057186102#3926967278,1,0,0.4904558545781824
4359345477#4243154086,0,0,0.49996487397684086
138963214044#4589997386,0,0,0.47876688950646984
2057964562#2062233925,0,0,0.48917853417562607
2296910026#3951041977,0,0,0.48864214537861383
4737466020#1752722693,0,0,0.4676797171596099
3946838650#4168332323,0,1,0.5097880430837507
138962728028#1823372268,1,1,0.5708802048737788
5059493292#27547791295,0,0,0.4754095499654838
49472388467#8645214070,0,0,0.4873261568367415
1690392435#4735364801,0,0,0.4676797171596099
4709177500#4787793905,0,0,0.4712834384968276
4035384490#4661837102,1,1,0.5153785490330481
2091281221#4684762583,0,0,0.4676640312611208
5206198663#3754372320,0,0,0.49428844990831694
2062233925#1660870123,0,0,0.49746735917694396
3797571274#1743158951,0,0,0.491317329582419
3806586103#2004718856,0,1,0.525806874346518
47871442424#3946324748,0,0,0.47956331270521924
3946838650#4804117485,0,1,0.5011387303179651
86599436514#4157483944,1,1,0.6407894064061082
4833286194#4787793905,0,0,0.4676797171596099
422593008639#1728174551,0,1,0.59569633331222
91965976598#1646275700,0,0,0.4770202820589526
60270130980#1696297270,0,0,0.4882290103186866
1847649330#1833092881,1,1,0.5110880665627815
4697099894#4843658030,0,0,0.4932377482786067
4001606579#2060196427,1,1,0.5720522254970121
4650641709#5038913286,0,0,0.48361541993104906
4662125901#4477045287,0,0,0.4805676037225166
39435343189#3589697774,0,0,0.49095246572766066
3245047192#4037407479,0,0,0.47888909277543495
4145496082#3946584694,0,1,0.5096498878919474
2061311891#5169118253,0,1,0.5194381369709761
2973532517#4624558262,0,0,0.4813018954781852
4791600953#3881167105,0,0,0.46909861450334084
238877261551#2029674976,1,0,0.48878588690153135
114401992972#3370936702,0,0,0.4754095499654838
465306971541#3734194433,1,0,0.4962212866307403
487132656078#1328703423,0,0,0.4733233744543828
4259293142#4666990747,0,0,0.4754095499654838
4037407479#3442901956,0,1,0.5085936983714915
4663932072#4506637171,0,0,0.4676797171596099
2145127974#1592595202,0,0,0.47108466211443306
4274246175#4656986610,0,1,0.5081154598974725
2057202369#2056961978,0,0,0.4676797171596099
32143080284#2066363395,0,0,0.4898203462761479
1638922114#2059486037,0,0,0.47319020992209376
3208519381#3447176726,0,0,0.4697525486508405
3052169593#3052760872,0,0,0.4839408983216557
4538676877#1695721912,0,0,0.47911258505586696
3442901956#4157495788,0,0,0.49667540809474225
4359622448#4157432142,1,1,0.5066294438979243
4038971285#1802190388,0,0,0.4676797171596099
4259293142#4712138934,0,0,0.4754095499654838
18468663843#4636524355,0,1,0.502818702571598
1785110101#50016874555,0,0,0.4676797171596099
6633389924#3618769182,0,0,0.4708196241398182
1319732582#4243154086,0,0,0.4874593889849631
3541397287#3734194433,0,1,0.5138035194698052
1320992610#1798940576,0,0,0.49936597587050796
2057667662#3707567581,0,0,0.4676797171596099
3208519381#179195001984,0,0,0.4676797171596099
3951041977#1848719127,0,0,0.4828930910766479
1401952612#4589595603,0,0,0.46839138372358563
1739928560#3245634417,0,0,0.47289245563104887
1440645051#4999205061,0,0,0.4676797171596099
3926967278#3862453322,0,0,0.47538759113301315
4674140626#376973981474,0,0,0.4793766797931919
4624558262#1818219339,0,0,0.4697525486508405
38445047959#114401992972,0,1,0.5330122181746987
4971974956#4808170837,0,0,0.4745881216292937
4697481294#4582141355,0,0,0.47884187621095164
4161509156#3452360497,0,0,0.4790337942263024
1512655217#159730607651,0,1,0.5045914479559813
2054794834#5003714231,0,0,0.4981164564524939
4720990748#1834405459,0,1,0.5019409414675371
1479236028#1479238952,0,1,0.5388613847532364
1806631591#3435281641,0,0,0.4676797171596099
18467089718#134867489837,0,0,0.4741975739016269
5082122698#4018768324,0,1,0.5324154121865872
4455953391#2069185249,0,0,0.4676797171596099
196075727386#146011937628,0,0,0.4676797171596099
418887222012#3618769182,0,0,0.4676797171596099
574468673943#1436335814,0,0,0.4691200233390936
3073724824#81553649652,0,0,0.4745504593994745
417283434001#9882651379,0,1,0.5011787413706066
2977432095#134867489837,0,0,0.488678235615762
3881727524#4132115994,0,0,0.4676797171596099
4157266754#3761484275,0,0,0.47876238509217617
5036833532#2055298486,0,0,0.4676797171596099
4035384490#398485485010,0,0,0.4676797171596099
1726551362#3052760872,0,0,0.4676797171596099
307252705345#3232083339,0,0,0.4691200233390936
2011714457#19689104703,0,1,0.527611316864297
4135061499#3507050766,0,1,0.5079732743774845
4626677277#5066791121,0,0,0.4738840391434574
1833697097#1834405459,1,1,0.5116999723737286
4575065614#4782070197,0,0,0.489415987353209
2054654643#3053916069,0,0,0.4676797171596099
2796703699#4134047757,0,0,0.47688462928155084
4529336313#4696140824,0,0,0.4920157617159198
4999204993#3267792927,1,1,0.5282373269225079
3404220738#3108620528,1,1,0.5144540879256829
2117538897#4529336313,0,0,0.48381878983681553
1592253980#2056513884,1,1,0.5431070746382635
4511530729#1818219339,0,0,0.4788047755526425
3046471496#325294719982,0,0,0.48294392004158354
4897041544#4782070197,0,0,0.4885579327143919
4913743600#91965976598,0,0,0.4676797171596099
2063057962#2123088534,0,1,0.5020744906621588
1743158951#2058085195,0,0,0.4743770795995954
1918821009#2125106599,0,0,0.48804913828366464
23232175462#4758052328,0,1,0.526211779988072
3470855139#1848719127,0,1,0.5230062386629476
5036833532#4830910802,0,0,0.4676797171596099
2087025558#2062233925,0,0,0.49690170911614134
5104052160#1693941156,0,0,0.47146198197261746
3073724824#1847939089,0,0,0.4714365520966026
2067025602#487132656078,0,0,0.4697525486508405
34765354823#5163636978,0,0,0.47195030950902883
2070625956#2058531415,0,0,0.47853611292582166
134867489837#4824488186,0,0,0.4803562775198768
4424722345#4999204837,1,1,0.5255563023160841
4429293356#1382163772,0,0,0.49078206142927994
9882651379#4111352280,0,1,0.5011787413706066
9283556866#4808687386,0,0,0.4683240922951086
322313716889#3072563854,0,0,0.4676797171596099
4808170837#4077568242,0,0,0.4854752108889507
5196755485#4787793905,0,0,0.4856576193209966
2075611951#1726564714,0,0,0.4775795322752812
3761484275#3927603556,0,0,0.48901086766441815
39074124372#4737466020,0,0,0.4676797171596099
487132656078#327540253581,0,0,0.4676797171596099
1401952612#4185911295,0,0,0.4789479396326235
4589595603#5163636978,0,0,0.4676797171596099
2057186168#2082195280,0,0,0.4676797171596099
47871442424#2055885528,0,0,0.4759976725795619
3707567581#3707425364,1,0,0.492319061772824
3296349690#25271558033,0,0,0.4697525486508405
4828654874#104252022998,0,0,0.4753962059456133
1395111624#41506701575,0,0,0.4676797171596099
4492977050#41958860915,0,1,0.5426812968594339
3318133040#4889095238,1,1,0.5114414691535355
43182039587#8645214070,0,0,0.498905373476728
4145496082#462509477875,0,0,0.4801997200351989
4264603438#4132115994,0,0,0.4676797171596099
1884640622#3994501565,0,1,0.517104523510794
4808170837#3109942277,0,0,0.49912135184475287
544241990815#2111494388,0,0,0.4931155898028557
29118640082#2446874502,0,1,0.5021089969216104
87578768826#54158063907,0,0,0.4722391376934889
4541834093#3055550819,0,0,0.4676797171596099
138960829393#2062243305,0,0,0.4676797171596099
2796703699#5206198663,0,0,0.4907848569635436
4636237354#4524153818,0,0,0.49557675376349963
2065166575#2725581419,0,0,0.4676797171596099
2057964562#1739928560,0,0,0.49336940108083105
2066222464#159730607651,0,0,0.49113575724303266
3055550819#3046471496,0,0,0.4676797171596099
1479236077#1709836734,0,0,0.471070972752916
5165685784#27547791295,0,0,0.46839138372358563
20170380680#3477040043,0,0,0.48008776040038037
8431814779#3951041977,0,0,0.46910396867767057
2180548061#1423347109,0,1,0.5223004622154473
4841234225#418887222012,0,0,0.4831030755874918
5182358949#2146293183,0,0,0.4676797171596099
2050581826#3235880928,0,0,0.4676797171596099
1743158951#139011371528,0,0,0.46909861450334084
2145127974#5205797148,0,0,0.4691200233390936
1806631591#4720442233,0,0,0.4676797171596099
1833697097#358968132955,0,0,0.47368109893410876
129610695443#1920508153,0,1,0.5321775015713911
87578768826#4841234225,0,0,0.47046421521481624
4081101808#76339204925,0,0,0.4754095499654838
4541834093#4283342406,0,0,0.4718608474792306
4626677277#1955026154,0,0,0.4676797171596099
1708941558#3402256673,0,1,0.539400430836926
57482538021#1608506098,0,1,0.528262162315727
4491286629#2055988859,0,0,0.4747636806338664
3951041977#4619843239,0,0,0.4721482186605783
276403558061#2057186115,0,0,0.4691196545761596
4924974181#1598212753,0,0,0.4968759589703247
422593008553#422593008639,0,1,0.6472482852226498
4656986610#4523978139,0,1,0.5081154598974725
4133985654#1743158953,0,0,0.480328453304115
4662125901#3525476136,0,0,0.4754095499654838
1423347109#3061084981,0,0,0.4726176745382451
146011937628#2739075334,0,0,0.4676797171596099
4900124238#139011371528,0,1,0.5199621588424723
14613579566#4255600579,0,0,0.4774831942033815
43182039587#131446477487,0,0,0.4993166207863766
2056513884#4205653425,0,0,0.4938515310773364
1469306625#3734194433,0,1,0.5031078406429412
4619195159#2061689843,0,1,0.5090416061889579
18467089718#6633389924,0,0,0.4801740008230654
4020730390#4523373320,0,1,0.5215626749926686
4206181444#59051797265,0,0,0.4676797171596099
76339204925#3967284896,0,0,0.4676797171596099
4642851315#4671204264,0,0,0.4754095499654838
1415963077#4205653425,0,0,0.4733233744543828
2037536844#1592253963,0,1,0.5434729985282393
4857106956#3946324748,0,0,0.4932671636643953
5078702464#3267793376,0,0,0.4965035159439551
2063077902#3707425364,0,1,0.5001786691954627
196075727386#4111352280,0,1,0.528695596785401
1728174551#4161797582,0,1,0.546786386669415
1621413330#8645214070,0,0,0.4676797171596099
1479236024#4157223772,0,0,0.48846767378310596
4333918437#4674911211,0,0,0.4762869006228802
5078702464#3208519381,0,0,0.48980282828261706
3369184055#2146293183,0,0,0.4676797171596099
4179951095#1592253980,0,0,0.4676797171596099
48399481031#4897862520,0,0,0.4783321825636713
4214872608#1434312727,0,0,0.48512730264152476
2057146445#1592253963,1,1,0.5329530406608368
4145496082#3363359717,0,1,0.5075585305816024
4338715534#1395111624,0,1,0.5016830946676291
2069185249#1320157321,0,0,0.46896555679734403
4333918437#3937803478,0,0,0.4676797171596099
4672345130#4924974181,0,0,0.4676797171596099
4254790910#4111311078,0,0,0.4841159752303784
4761512241#248352373136,1,0,0.491593926426736
3717372340#1665894324,0,0,0.47417462766410623
2058128167#2175677532,0,0,0.4676797171596099
2739075334#2146476172,0,1,0.5606449284538789
1955026154#76470034601,0,0,0.4676797171596099
1552378116#4804117485,0,0,0.49133401032561935
4157483944#3829554374,0,1,0.5118353604015718
2058085195#4424722345,0,1,0.5022620967032105
4808238795#2296910026,0,1,0.5021523891448638
2065634341#2160958435,0,0,0.4676797171596099
2073958683#3045580653,0,1,0.5153539586554686
59051797265#4974935530,0,0,0.4773859573660005
4720990752#19689104703,0,1,0.5433841010870989
2180548061#4283342406,0,1,0.5182179411432637
3525476136#4705563490,0,0,0.4787682210944485
85679298671#4636583527,0,0,0.4676797171596099
549271649221#4993201940,0,0,0.47817397918122934
3691716746#39435343189,0,0,0.4812030496666127
3488840316#1834405459,0,0,0.4697736975195751
1998358860#3979663695,0,0,0.49376028967524577
4455408499#81553649652,0,0,0.4697525486508405
3236907215#2074388205,0,0,0.4733233744543828
2118966054#102525471237,0,1,0.5017897765361063
59051797265#1949694216,0,0,0.4771457142355379
4256662307#4737466020,0,0,0.4882504823082665
2061673701#3052760872,0,0,0.4762869006228802
2112240092#3618769182,0,0,0.4676797171596099
2739075334#5010064143,0,1,0.5066253423863715
4090060217#417283434001,0,1,0.5248874237949304
4541834093#4492977050,0,0,0.4676797171596099
1946459818#371921998418,0,0,0.47748238145671434
3393654691#3267793378,0,0,0.48972318134277004
49472388467#3946584694,0,0,0.4743684990581714
2050581826#54158063907,0,0,0.4676797171596099
129610695443#1848719127,0,0,0.48614147086969384
2118966054#2058531415,0,0,0.4841159752303784
2057146445#4555760845,0,0,0.4676797171596099
4661837102#4913743600,0,0,0.4847244833356326
109172324563#4359622448,0,0,0.4945779826719394
4541834093#2050583480,0,0,0.4676797171596099
2069259743#2146293183,0,0,0.4676797171596099
3956546637#3761484275,0,0,0.47474227179811374
4255600579#4201617297,0,0,0.47057177193285177
4726696498#1818219339,0,0,0.4676797171596099
4205653425#2146293183,0,0,0.4676797171596099
2058129549#129610695443,0,0,0.4810252000371928
4970197889#4520741756,0,0,0.46987747801779817
5065503143#47871442424,0,0,0.4759976725795619
4072366249#4623930569,0,1,0.5035927635589751
276607465209#4808240601,0,0,0.4676797171596099
3030484462#179195001984,0,0,0.4676797171596099
1690392435#3690457393,0,0,0.46512104502573076
1848719127#131446477487,0,1,0.5163347079383732
25271558033#4037395648,0,0,0.4883125791182358
2057186102#2057186168,0,1,0.5900053651694037
2058661446#4744639934,0,0,0.4783597321141108
5010343781#2054980574,0,0,0.47183537204695747
4536384761#4737466020,0,0,0.4676797171596099
3046471496#4808240601,0,0,0.4676797171596099
4134047757#4220093966,0,1,0.5020215090240655
2057146445#1592253980,0,1,0.5335060966730949
2600554617#4737466020,0,0,0.4676797171596099
2112308267#2112308266,1,1,0.5732337830489387
4117064632#1690392435,0,0,0.4704605476038257
1695721912#3109942277,0,0,0.48621013696940824
3964333871#4824488186,0,0,0.49044682176692184
1942997301#3797571274,0,0,0.4676797171596099
39435343189#5066791121,0,0,0.4831648813967089
1401952612#32259200442,0,0,0.4803882458121072
2037536844#1946459818,0,0,0.4697525486508405
3056496237#1514159826,0,0,0.4676797171596099
358968132955#549905391834,0,0,0.4825252821355248
3691706852#4359345477,0,0,0.47576547653667434
4899954714#4897862520,1,0,0.4783321825636713
4455953391#3401828702,0,0,0.4676797171596099
3691706852#1434312727,0,0,0.49100589554498714
549708986379#4731359279,1,0,0.4883706316134972
1621413330#3364587358,0,0,0.48713670129247366
2057186115#2057186168,0,1,0.5898717626224708
4619843239#107140664995,0,0,0.4721482186605783
3690831675#4538676877,0,0,0.4708196241398182
4392093932#3525476136,0,0,0.479517846216912
2062902494#2073958683,0,1,0.6082030914169193
2132795383#2063077902,0,0,0.4972853619402926
2027838804#1416301524,0,1,0.5488329620760365
4635793707#5205797148,0,0,0.48082991222704885
1986152983#3525476136,0,0,0.48033457045022443
4081289086#4513744195,0,0,0.4676797171596099
1512655217#4619843239,0,0,0.4721482186605783
1469947163#4333918437,0,0,0.46790084628721806
134867489837#2146475582,0,0,0.48787076196275586
2065166575#3929018019,0,0,0.49556603054745063
358968132955#4843658030,0,0,0.4676797171596099
544241990815#1947138146,0,0,0.480328453304115
4746786446#3829182480,0,0,0.47927978426914486
1319732582#4359345477,0,0,0.4676797171596099
358968132955#2068603286,0,0,0.4676797171596099
4878750795#2055988859,1,0,0.4676797171596099
3393654691#2973532517,0,0,0.46909861450334084
2058129549#1884640622,0,0,0.4676797171596099
3215754174#1688767039,0,1,0.5093347424545823
1415520008#4607994802,0,0,0.49536155761084727
487132656078#3055561351,0,0,0.48908423441947285
2175677532#159730607651,0,0,0.4889235255368484
2058661446#1743158951,0,0,0.48041142760953237
201663692217#23641510617,0,0,0.4973703257116713
4555760845#4626053521,0,0,0.48083332078467267
1514159826#3929018019,0,0,0.4815615087476404
1920508153#4283342406,0,0,0.4813049352102316
5094395218#4737466020,0,0,0.4676797171596099
4274246175#1752647304,0,0,0.4999178425134246
4791600953#4900124238,0,1,0.5120318483996665
4243154086#2062233925,0,0,0.4789922550464262
1955026154#4900124238,0,0,0.4825259709609418
200791742577#2061673701,0,0,0.4711928548303242
2055356508#4720990752,0,1,0.5192568400685055
5021510219#4642851315,0,0,0.4676797171596099
18467707182#3524983069,0,1,0.5132295535457929
1666737679#87820911338,0,0,0.49433044576662466
4662287639#4035384490,0,1,0.5033427858022881
3267792927#4491286629,0,0,0.4874593889849631
549271649221#4702804708,0,0,0.4783463953255499
2059067449#4201800596,0,0,0.48387133595043336
3059595891#428123087781,0,0,0.4787238473628582
100884048724#4670902580,0,0,0.48454534157089435
2057186115#3927031679,0,0,0.48800076028456263
4037395648#1884640622,0,0,0.49734739642163733
4765779252#5182358949,0,0,0.4676797171596099
549905391834#538860958841,1,1,0.5086380019646508
1802468675#3806586103,0,1,0.5050845383851357
4283348799#104252022998,0,0,0.49387266761345944
3296349690#1847939089,0,0,0.47775672145885556
41506701575#4009292178,0,1,0.5428456838354595
3846598639#489466582552,0,0,0.4975799399394314
1328703423#1690392435,0,0,0.4936446746782009
3797577168#1920508153,0,0,0.4952029314408664
4018768324#129610695443,0,1,0.5037983614216676
3887115396#5021510219,0,0,0.49387535152822837
4703831949#4259293142,0,0,0.4676797171596099
1654102057#3717372340,0,0,0.47417462766410623
1467729091#1659804386,0,0,0.4747910400908627
140554567918#2118966054,0,0,0.4733233744543828
2153059963#4551052278,0,0,0.4753962059456133
4897041544#1726551362,0,0,0.4676797171596099
3055204922#1241054990,0,0,0.4776303288659846
3691716746#462509477875,0,0,0.48704252596441416
5007171302#238877261551,0,0,0.4676797171596099
4626053521#50016874555,0,0,0.4774107945089074
4897862520#2061484014,0,0,0.46972626260769723
109172324563#3915232509,0,0,0.47474227179811374
2062243305#4900124238,0,0,0.495943407616517
2028648293#86599436514,0,1,0.5314431790346598
1724951329#3447176726,1,0,0.4966490141354211
2145127974#4202066092,0,0,0.478017255834736
87578768826#1639274792,0,0,0.4697525486508405
3707567581#3541397287,0,0,0.4676797171596099
3946584694#2061673701,0,0,0.47046421521481624
3202650162#1379816908,0,1,0.507076656288009
4999204837#3267793378,0,1,0.5084576550971546
1326213590#50016874555,0,0,0.47748238145671434
4009292178#4782974616,0,0,0.47286080361466326
156275537866#200791742577,0,0,0.48110612649619666
81553649652#3052760872,0,0,0.4762869006228802
48399481031#5083891634,0,0,0.48147208954387966
6626538016#4782974616,0,0,0.4956022882771356
2150886701#1785110101,0,0,0.4714365520966026
4808687386#4758052328,0,0,0.48387743764073265
3913703465#2055425355,0,0,0.4986970241027246
1621413330#2123100264,0,0,0.4676797171596099
3558421108#3797571274,0,0,0.49606544923768703
1514159826#5078702464,0,0,0.47108466211443306
3849875064#10553947604,0,0,0.46839138372358563
3946584694#1848719127,0,0,0.4887512785698028
1651852765#1328703423,0,0,0.4874593889849631
2057120532#2057186115,0,1,0.5898717626224708
4836895938#4970197889,0,0,0.46987747801779817
2111226139#1743158953,0,0,0.47389652525197484
1690392435#2598389634,0,0,0.4676797171596099
3477040043#2065634341,0,0,0.4676797171596099
4161797582#422593008639,0,1,0.6114280683527621
1639169322#1708941558,0,0,0.4937823866424375
3797571274#5169118253,0,0,0.48746545373071504
4243154086#3967284896,0,0,0.4676797171596099
2298730254#2146475582,0,0,0.4711714459945715
2060512716#3552909102,0,0,0.4676797171596099
3608869908#24193681922,0,1,0.5280842569481028
2055885528#2111494388,0,0,0.4759976725795619
96073555522#4575065614,0,0,0.48655166013922513
2120702109#453179758430,0,0,0.4676797171596099
2059486037#1743158953,0,0,0.4758337958807087
3569752280#329718595140,0,0,0.4676797171596099
1955016683#4635793707,0,0,0.47499034681298097
4970197889#4696140824,0,0,0.46987747801779817
3678589577#4203146420,0,0,0.4676797171596099
2055885528#5065503143,0,0,0.4759976725795619
2069259743#225384232109,0,0,0.46896555679734403
4492977050#146011948003,0,0,0.4676797171596099
32143080284#2111514456,0,0,0.4901981586304429
336556426216#444631792208,1,1,0.618353345291109
1690392435#3202650162,0,1,0.5122115637558131
2061645325#1955030813,0,0,0.4898708117603222
1514159826#1835570826,0,0,0.47108466211443306
2153059963#1688767039,0,0,0.47474227179811374
4697481294#19689104703,0,0,0.48852933994623593
3829554374#3490539439,0,0,0.47046421521481624
3722249067#43182039587,0,1,0.5059752016732372
4480479751#4841234225,0,0,0.46839138372358563
1371717862#1320992610,0,1,0.5739610043792804
139011371528#4843658030,0,0,0.4801341820256983
465306971541#4823803954,0,0,0.4676797171596099
200791742577#3980004581,1,0,0.4676797171596099
3052169971#3541397287,0,0,0.4691200233390936
2146476172#1688767039,0,0,0.4982986920878736
4999204837#3267792927,1,1,0.5282373269225079
9095840585#44498925795,1,1,0.5039620218420412
4808687386#23232175462,0,0,0.48387743764073265
3363359717#4666990747,0,0,0.48469535447104223
4132115994#1479236023,0,0,0.4983711917744161
2111494388#3108620528,0,0,0.4754095499654838
4670902580#4631852445,1,1,0.5221830760049867
3979663695#1640258299,0,0,0.49636449278637007
2061645325#1802495802,0,0,0.4997435918114499
2725581419#2057186115,1,0,0.4676797171596099
3881167105#3806586103,0,0,0.49595453383598476
1690392435#3236907215,0,0,0.4733233744543828
327540253581#3826134250,0,0,0.4827554435022072
4133985654#2057451320,0,0,0.4676797171596099
3860936746#3073724824,0,0,0.4697525486508405
396800321613#3202650162,0,1,0.5141589969627067
5182358949#4498417740,0,0,0.47903115880519787
4439433329#2137028345,0,1,0.5236320538998598
2146476172#1665894324,0,0,0.4879836327905036
4283348799#4813740020,0,0,0.48770275542423164
417283434001#189906837325,0,0,0.4754095499654838
1947138146#2057964562,0,0,0.48118610460962047
232579778763#4542386587,0,0,0.47046421521481624
189641569958#4018768324,0,1,0.5439127791575475
4157432142#2027684481,0,0,0.4854599545106907
4168332323#4161509156,0,1,0.5097880430837507
3915232509#167321908065,0,0,0.4733233744543828
2098264088#5165685784,0,0,0.47332934110222086
4791600953#4828654874,0,1,0.5061691271872031
81042916306#4108293691,0,0,0.4676797171596099
422593008639#444631792208,0,1,0.6088789440485636
2977755545#2066222464,0,1,0.5105074926202433
1592253981#4201800596,0,0,0.4676797171596099
9882651379#3945392968,0,0,0.48131148777188526
3364587358#5066791121,0,0,0.4708196241398182
4808240601#4696140824,0,0,0.4863177191585262
2338797804#1730953832,0,0,0.4676797171596099
384709473414#138960829393,0,0,0.4676797171596099
1379816908#1671508853,0,0,0.4697525486508405
574468673943#4128826467,0,0,0.4676797171596099
5128222238#1592253980,0,0,0.4773701158204701
1500072490#2146475582,0,0,0.48202703557331616
3881727524#2062902494,0,0,0.4804668536583507
3806586103#3722249067,1,1,0.5190544647503015
1485299448#2055425355,0,0,0.4860237575425368
4808180492#1695721912,0,1,0.5036619140551678
4579077594#3470855139,0,0,0.4754095499654838
4214748443#1319732582,0,0,0.4676797171596099
2446874502#1568784013,0,0,0.4657625471346513
129610695443#1806631591,0,0,0.4676797171596099
238877261551#3240351689,0,0,0.46839138372358563
1402124924#5205797148,0,0,0.48943570095511474
1840879535#4108293691,0,0,0.48336451075219267
100884048724#4697099894,0,0,0.4888740111906727
1479236024#4469590077,0,0,0.4676797171596099
3892132185#1467729091,0,0,0.4697525486508405
4999204837#2446874502,0,0,0.4676797171596099
3632891899#4201950906,0,1,0.5058496926653926
4455953391#4735669408,1,0,0.4809345222400962
114401992972#1802065720,0,0,0.4676797171596099
2027838804#3678589577,0,0,0.4842365758403563
3735611396#3926967278,0,0,0.4676797171596099
3717372340#1884640622,0,0,0.4676797171596099
3603201749#2087025558,0,0,0.4676797171596099
4511530729#4072366249,0,0,0.4704485293163272
3766348815#14613579566,0,0,0.47046421521481624
3696903469#4876527314,0,0,0.46839138372358563
1946459818#4212827921,0,0,0.4754095499654838
5137527272#41714615735,0,0,0.48643285260668834
3826134250#3798189679,0,0,0.4857221005546783
4513744195#3074519515,0,0,0.483396131778122
4744639934#384709473414,0,0,0.4676797171596099
4134047757#200791742577,0,0,0.48726371691220693
393983081702#1457252565,0,0,0.4733233744543828
4161815403#4797159672,0,0,0.4785851258418045
4731359279#1918821009,0,0,0.48240548098889185
82342257069#4525991689,0,1,0.5036032822875776
3442901956#3798189679,0,0,0.4813034214736988
1423369065#2066363395,0,0,0.48073593935084136
3569752280#146011937628,0,0,0.4676797171596099
2191172688#2061311891,0,0,0.4676797171596099
2007329552#307252705345,0,0,0.4691200233390936
2212287890#1639026554,0,0,0.4676797171596099
1752631076#358968132955,0,0,0.4676797171596099
2056961978#2028648293,1,0,0.4697525486508405
4793200474#3633736951,0,0,0.46584839748819556
2055771737#2180548061,0,0,0.4676797171596099
1816678631#25271558033,0,0,0.4676797171596099
1798940576#131446477487,0,0,0.4778620697880249
4657106310#3946838650,0,1,0.507107018477327
5066791121#1665894324,0,0,0.4755687783222042
3603201749#4636524355,0,0,0.48289014267039687
3477040043#3442901956,1,1,0.5104456216454993
358968132955#538860958841,0,0,0.47748238145671434
2060290387#2977432095,0,0,0.4774107945089074
4999204837#5104052160,0,0,0.4676797171596099
1328703423#2055356508,1,0,0.49138801529914716
3946324748#107467970371,0,0,0.4724776279082438
3618769182#4857106956,0,0,0.4676797171596099
2112308267#2070625956,0,0,0.4735454011941021
5050765983#211600222265,0,1,0.5041920624924052
3393654691#59782651708,0,0,0.4880021717062927
2056136170#2062233925,0,1,0.5406504346620633
57482538021#2117538897,0,0,0.4881647458139181
4255600579#1646275700,0,0,0.47057177193285177
4448697469#2054794834,0,0,0.4780857036870579
453179758430#3691716746,0,0,0.4676797171596099
3751925404#2119447541,0,0,0.48255798458353516
2057186168#2057120532,0,1,0.5900053651694037
4841108780#4900124238,0,0,0.4676797171596099
417283434001#3638725857,0,0,0.4676797171596099
4536384761#4455408499,0,0,0.4697525486508405
4876527314#4485683605,0,0,0.4676797171596099
3692778406#4808240616,0,0,0.48366107172098216
14613505047#4590104087,0,0,0.47497941831256846
3245634417#2057667662,0,0,0.49217540419927575
34765354823#5108475165,1,0,0.4725787315005558
4004949751#4001872848,1,1,0.5209881355276473
1726564714#1942997301,0,0,0.46933606615430323
3525476136#1995386759,0,1,0.5140829542669981
4843658030#418887222012,0,0,0.49374294612463066
1656969942#2146476172,0,1,0.5368110276392638
1718702641#4731359279,0,0,0.46839138372358563
176077750624#2056703740,0,0,0.4837670227333686
329718595140#226460833239,0,0,0.47569963624400396
35234959099#4203146420,0,0,0.47793471332215914
4504420946#2061645325,0,0,0.49507394727784315
2112240092#4529336313,0,0,0.4708833506588946
1752722693#421393369392,1,0,0.496814713798801
4201617297#5098812409,0,0,0.4784469167895181
10553947604#159730607651,0,0,0.46839138372358563
4949981393#14613579566,0,0,0.4838771006684095
8645214070#1709924290,0,1,0.5342718402754305
3846598639#1986152983,0,0,0.46916634356245224
4485683605#4913743600,0,0,0.4847244833356326
4261169259#3579464172,0,0,0.4814085804265991
5131642969#2057186102,0,1,0.5183244305933075
4661776935#2057186115,0,0,0.4676797171596099
1416247746#2120702109,0,1,0.5391006797459714
4970197889#34765354823,0,0,0.4713640885153839
1949694216#146011948003,0,0,0.4676797171596099
3442901956#5182358949,0,0,0.49355561597770725
4542386587#4541834093,1,1,0.5264943044776004
4274231792#225384232109,0,0,0.4900000951707433
3524983069#5131642969,0,0,0.47474227179811374
3108620528#4590104087,0,0,0.4838083344772426
2120285844#4674911211,0,0,0.4676797171596099
200791742577#549905391834,0,0,0.4732605491471461
3541397287#2058128167,0,0,0.4708196241398182
1816678631#2061689843,0,0,0.4676797171596099
4424722345#3912840540,0,0,0.4676797171596099
2073958683#4555760845,0,0,0.4724776279082438
3053916069#549708986379,0,0,0.4676797171596099
4823803954#4009292178,0,0,0.4733233744543828
3541397287#523927727784,0,0,0.4676797171596099
1639274792#182695770250,0,0,0.4753962059456133
2058406199#3979663695,0,0,0.4803768865423087
2056513884#2120285844,0,0,0.47498218950100934
4650641709#4765643443,1,0,0.48845319796368103
3633526158#4157428642,0,0,0.4676797171596099
1693941156#4551052278,0,0,0.4768043018114152
4523373320#4111411514,0,0,0.4876723156412235
1552378116#4448697469,0,1,0.5233411826509881
18468663843#1639170956,0,0,0.4785415758960672
1861556379#5093302594,0,0,0.49692081303768776
4202091471#1500072490,1,0,0.4704485293163272
4824488186#2146475582,0,0,0.4696306665734323
3994501565#4571072739,0,0,0.4697525486508405
1978617397#1320992606,0,0,0.49518597173529705
1708941558#3706699419,0,1,0.5134840405200463
541570350554#179195001984,0,0,0.4676797171596099
1598212753#3863546507,0,1,0.5026377029575329
86403779490#47871442424,0,0,0.4856517546813138
4671204264#246918228224,0,1,0.5185376039174501
3245047192#4541834093,0,0,0.48213397724273865
4765779252#4255600579,0,0,0.4676797171596099
2057120532#5131642969,0,1,0.5024707514410588
4273893775#3871685027,0,0,0.4676797171596099
2060512716#5063074383,0,0,0.4697525486508405
3379264687#5007171302,0,0,0.4676797171596099
276403558061#2054699471,0,0,0.4676797171596099
3245634417#41506701575,0,0,0.4676797171596099
4018768324#4624086112,0,1,0.5143724438472462
523927727784#1785110101,0,0,0.4676797171596099
2060254114#2067025602,0,0,0.4697525486508405
5137527272#5066791121,0,0,0.4831648813967089
2058829770#3109942277,1,0,0.48140220311668563
2054654643#1690392435,0,0,0.4670719944395531
4424722345#4359345477,0,0,0.4787105836869612
134867489837#4856748067,0,0,0.4731740398715544
4504420946#2165666882,0,0,0.4881647458139181
3525476136#2054794834,1,1,0.5054296838565223
4970197889#4264603438,0,0,0.4676797171596099
2058881485#5206198663,0,0,0.48748430632644696
4482237216#1946459818,0,0,0.4676797171596099
1768951636#90088944269,0,0,0.4814502052538472
487132656078#2057146445,0,0,0.47766764266456796
4264603438#3442901956,0,0,0.4708196241398182
4348117018#4338715534,1,1,0.5030250706126304
5193152815#5206198663,0,0,0.4676797171596099
1942997301#1639026554,0,0,0.4814502052538472
2060196427#1403926750,0,0,0.4980643802007214
2075611951#48861374884,0,0,0.4757922891105424
1768951636#4202091471,0,0,0.4697525486508405
4259837358#5097100632,0,0,0.48693913916036663
1665894324#1656969942,1,1,0.5144189845057774
4709734065#3364587358,0,0,0.4676797171596099
1636709118#4619843239,0,0,0.4721482186605783
4656986610#2007329552,0,0,0.4754095499654838
4511530729#4828654874,0,0,0.4845364231105055
1639386839#18468663843,0,0,0.4811661649737611
332651656883#4720990748,0,1,0.5197454171087235
1305053590#4513744195,0,0,0.4789276302771536
1639274792#4392093932,0,0,0.4676797171596099
2063057962#1947138146,0,0,0.4877106891585627
1479238952#1320992610,1,1,0.5345441531540098
2057186115#1627677359,0,0,0.4720685481575041
3929018019#3967284896,1,0,0.4676797171596099
4176537188#1306851139,0,0,0.49568456500281377
4720442233#5193152815,1,0,0.4676797171596099
3560844585#113940347013,0,0,0.4676797171596099
1319732582#20170380680,0,0,0.48203626999319155
43679253447#134867489837,0,0,0.4916778834846324
3806586103#4506637171,0,1,0.5137889319904322
1810185303#2224193149,0,1,0.55548311919515
3055561351#1718702641,1,0,0.4903595055734222
38445047959#4765643443,0,0,0.4880119582040625
1660870123#4782974616,0,0,0.4676797171596099
3059595891#3055550819,1,1,0.5166234488819308
4224142866#4813740020,0,0,0.4738989519156862
32143080284#4448697469,0,1,0.5361225585989245
1372242064#358968132955,0,0,0.47184977926269434
58971109124#4626053521,0,0,0.4697525486508405
5131642969#3946418596,0,0,0.47474227179811374
2058129549#2120285844,1,1,0.5174478227856869
276403558061#1654102057,0,0,0.4676797171596099
4128826467#3558421108,0,1,0.5314466858199787
3579464172#29118640082,0,0,0.4815317094745326
1693941156#5139738145,0,0,0.47403504101835847
1986152983#1995386759,1,1,0.5265900156885218
3552909102#1666737679,0,0,0.4676797171596099
329718595140#1833697097,0,0,0.4676797171596099
1639169322#3277004292,0,0,0.48798738920360324
2054699471#2056513884,0,1,0.5338060009262917
5182358949#4524153818,0,0,0.4676797171596099
4018768324#1423369065,0,0,0.48184792321306813
5062472541#117729109245,0,0,0.495232315789759
4897862520#5083891634,0,0,0.4783321825636713
2977432095#4897041544,0,0,0.4870646662945839
5050765983#5059493292,0,1,0.5209908684367616
4111411514#3862453322,0,0,0.4815767322767604
2224193149#39074124372,0,1,0.5028088039951834
322313716889#2057186115,0,0,0.4676797171596099
4836895938#2977432095,0,0,0.4676797171596099
49472388467#2224193149,0,0,0.47151140516275974
4439433329#4662125901,0,0,0.4754095499654838
2796703699#2137028345,1,0,0.4911194574096631
3541397287#1469306625,0,1,0.5003233425877349
3926967278#1627677359,0,0,0.48262119635638734
4004949751#4878750795,0,0,0.4683240922951086
5003714231#3055561351,0,0,0.4928291441528202
1724951329#2056961978,0,0,0.4886561058537923
81553005637#4726073967,0,0,0.4762869006228802
36730697229#4626053521,0,0,0.4872749451836424
2973532517#2027838804,0,1,0.5301384219398757
303103274469#4864092534,0,0,0.4864363715586608
4197944029#4189391263,0,0,0.47360493494169165
2146476172#232579778763,0,0,0.4774669807164902
4782070197#4924974181,0,0,0.47549497273371544
3618769182#4111940328,0,0,0.4910260448543968
4635793707#4663932072,0,0,0.4676797171596099
3878815869#1743158953,1,0,0.49424773105528297
3766348815#2055425355,0,0,0.4755073899398542
3061084981#2111818909,0,0,0.4706019069187205
194754298019#3447176726,0,0,0.4676797171596099
3215754174#4197944029,0,0,0.4754095499654838
4828654874#138960829393,0,0,0.4676797171596099
2057202369#2057146445,0,1,0.5054396959464166
3442901956#4523373320,0,1,0.5040441547516074
3691706852#3730856941,0,0,0.49855578232246855
4857106956#4624086112,0,0,0.49897311253850923
1904335665#4924974181,0,0,0.47391000434834685
2123100264#3707425364,0,0,0.4676797171596099
4687101911#4702804708,1,0,0.4984395429906365
59782651708#9283556866,0,0,0.4832396905605906
4304580582#4684762583,0,1,0.5248407943037222
4520741756#4529336313,0,0,0.49595504510529786
3052169971#3525476136,0,0,0.4916748011984174
3442901956#1688767039,0,1,0.5032292953081465
3215754174#1951491884,0,0,0.4878162525208498
4243154086#5103620556,0,0,0.4582564371367313
189641569958#4555760845,0,1,0.5340921576792692
3862268059#3797173437,0,0,0.4676797171596099
3632891899#3979682744,0,0,0.4676797171596099
5205797148#1955016683,0,0,0.4781224610728831
1608506098#4018768324,0,1,0.5375465058215618
3878447634#3829182480,0,0,0.4790030167326564
1718702641#4427898444,0,0,0.4696306665734323
3964074224#5097100632,0,0,0.4967932861697144
4787793905#4168332323,0,0,0.4676797171596099
3569752280#1955016683,0,0,0.47046421521481624
1715361146#3589697774,0,1,0.5108278034771117
4833676357#4145496082,0,0,0.4676797171596099
4813740020#523927727784,0,0,0.4733233744543828
3072506125#2059067449,1,0,0.4978801437498681
4179951095#169598104032,0,0,0.48064877623209745
18468663843#18467707182,0,0,0.4753962059456133
4333918437#4161509156,0,0,0.4676797171596099
2062243305#1660870123,0,0,0.49746735917694396
1718702641#4575249992,0,0,0.4978299542827392
29755196818#3363359717,0,1,0.5004594988067249
4557843865#25271558033,0,0,0.4702736086690599
2060185500#3245634417,0,0,0.4676797171596099
4448697469#3402256673,0,1,0.5014470265670979
2059486037#2060290387,1,1,0.5403475153748402
4841234225#4900124238,0,0,0.4676797171596099
138963214044#32421248987,0,0,0.4676797171596099
2120702109#4417877411,0,1,0.50074292253545
4841108780#5128222238,0,1,0.5072664210389857
4575249992#2058829770,0,0,0.47057177193285177
2118966054#523927727784,0,0,0.48286517847608634
2078835030#1833697097,0,1,0.5804685809959175
3294024176#4668702029,0,0,0.4676797171596099
4833676357#4452424559,0,0,0.4676797171596099
3967284896#4993201940,0,0,0.4676797171596099
2007329552#1924651409,0,0,0.4682678397736881
1453532038#3401828702,0,1,0.5082706990377052
2027873351#3826134250,1,1,0.5450022176120088
114401992972#4797159672,0,1,0.5113917777684773
4643839400#6626538016,0,0,0.4753962059456133
238877261551#4958160823,0,0,0.4676797171596099
3878447642#124785536502,0,0,0.4976848151901091
1718702641#4901739840,0,0,0.4826844652141463
1798940576#2055625644,0,0,0.4676797171596099
1382163772#3862268059,0,0,0.4809345222400962
3979834731#81042916306,0,0,0.4726176745382451
4579077594#2153059963,0,0,0.47472631978252733
100884048724#124785536502,1,1,0.5457728260654179
4999204993#4424722345,1,1,0.5255563023160841
6626538016#3109942277,0,0,0.4676797171596099
358968132955#208909723613,0,0,0.4697525486508405
4359622448#1730816951,0,0,0.4776765430918043
3618769182#2057451320,0,0,0.4676797171596099
4572426635#76084169102,0,0,0.48643285260668834
3633533062#3072506125,0,0,0.4676797171596099
4649888830#4081101808,0,1,0.5082736192542874
3762358178#3968903489,0,0,0.481167037130125
1479236077#4525991689,0,0,0.4876834488498304
2074388205#1848160016,1,0,0.4676797171596099
1382163772#27547791295,0,0,0.4676797171596099
3546199472#4575536000,0,0,0.4844907861529337
3379264687#2055625644,0,0,0.48218812093529384
4755406731#2060185500,0,0,0.4721482186605783
2298730254#201180045587,0,0,0.4697429896388396
4798031879#32143080284,1,1,0.5290298798201769
4392093932#4304580582,0,0,0.4676797171596099
1514159826#4392093932,0,0,0.4815615087476404
4161815403#4619195159,0,0,0.4683240922951086
1709924290#3722249067,0,1,0.5032103341356179
114401992972#4636302616,0,0,0.4754095499654838
3546199472#3946838650,0,0,0.4676797171596099
1403922320#5169118253,0,0,0.48650612829110956
6626538016#3709910119,0,0,0.4676797171596099
4259293142#2137028345,0,0,0.4754095499654838
3690831675#4924974181,0,0,0.4676797171596099
4455408499#4242849949,0,0,0.48352303674507774
3860936746#4536384761,1,0,0.47278489797415063
2066222464#2064988617,1,0,0.49029570332859473
4127437050#2125106599,0,0,0.48213397724273865
4133985654#76784498137,0,0,0.490698508143068
2098264088#2145127974,0,0,0.4765521519814968
2057186115#2068603286,0,0,0.4676797171596099
3825968185#3717372340,0,0,0.47417462766410623
4999242302#2057186115,0,0,0.4676797171596099
1535646713#2057146445,0,0,0.4697525486508405
100884048724#4587202995,0,0,0.4676797171596099
3912840540#4607994802,0,0,0.4676797171596099
2060196427#1739928560,0,0,0.47046421521481624
54159697837#5158514600,0,0,0.4697525486508405
3558421108#1743158951,0,1,0.5009550422975928
2057186168#107140664995,0,0,0.48133859323349687
146011937628#232579778763,1,0,0.4768997202453473
489466582552#3860936746,0,0,0.4676797171596099
4649888830#5182358949,0,0,0.48413872889939796
138962754138#4662125901,0,0,0.4676797171596099
4670902580#81042916306,0,0,0.4676797171596099
4283348799#1696297270,0,0,0.4977322513686
2098264088#1835570826,0,0,0.47108466211443306
3628533316#3441097472,1,0,0.476677915463768
483899405313#1671508853,0,0,0.4676797171596099
4145496082#4712138934,0,0,0.4676797171596099
3551736332#3906389523,0,0,0.4676797171596099
4720990748#1833697097,0,1,0.5119157955752818
1401952612#4348117018,0,1,0.5116189510483976
2224193149#3490539439,0,0,0.46839138372358563
4274088675#2120702109,0,0,0.47474227179811374
5047368938#3915028298,0,1,0.5108303506026494
4536384761#4674911211,0,0,0.4793192499461903
1434312727#1320992608,0,1,0.5573367973803477
2057199781#4513744195,0,0,0.48036756769370337
10553947604#4876527314,0,0,0.485862749168087
1739928560#2011714457,0,0,0.49988354709891697
2056961978#4626677277,0,0,0.4676797171596099
124785536502#3863546507,0,1,0.5211862831114362
4081101808#5047368938,0,1,0.5086582789176481
24193681922#29118640082,1,1,0.5354071152576347
3546199472#4737466020,0,0,0.4676797171596099
5185721442#4571072739,0,0,0.4867048081524086
4081101808#3404220738,0,0,0.4780909226067298
1638102118#2116366106,0,0,0.4676797171596099
4439433329#4259293142,1,0,0.4754095499654838
4643839400#1639274792,1,0,0.4968193009377804
4037407479#2004718856,0,1,0.5303583730232603
107467970371#4569017088,1,1,0.5032800174726384
134867489837#4756922573,0,0,0.4808569755634906
5104052160#483899405313,0,0,0.4676797171596099
4662287639#1608506098,0,0,0.4676797171596099
3927031679#138960829393,0,0,0.4708196241398182
3863546507#1305053590,0,1,0.506123965683038
4572634734#3628533316,0,0,0.4711928548303242
4283348799#358968132955,0,0,0.4862337231940067
4808170837#8645214070,0,1,0.5266818984962416
4157432142#4469590077,0,0,0.4676797171596099
4755406731#4674911211,0,0,0.4762869006228802
3968903489#2123100264,1,0,0.481167037130125
2011422795#3709910119,0,0,0.4676797171596099
3598098302#29755196818,0,0,0.49223369316868004
3751925404#1810185303,0,0,0.4742608041958432
4684762583#76084169102,0,0,0.4715839508608502
2066222464#76339204925,0,0,0.47501623569547924
4504420946#3294024176,0,0,0.4676797171596099
4897048724#4157432142,0,1,0.5261756167332412
4635793707#3318133040,0,0,0.4736865619043543
5082122698#3363359717,0,1,0.5402263935896326
169598104032#2058829770,0,0,0.4783016047387255
2150886701#3072563854,0,0,0.47893536034427825
1639170956#4755216808,0,0,0.4733233744543828
3638725857#5038913286,0,0,0.48361541993104906
4590104087#2296910026,0,1,0.5865226823418997
1708941558#4274246175,0,0,0.4820088233155653
4864092534#3236907215,0,0,0.4733233744543828
2057186115#1479238950,0,0,0.48357221006352025
4913620532#4571072739,0,0,0.484631976661178
4671204264#2027684481,0,0,0.49053086007193736
4619195159#4220093966,0,0,0.4683240922951086
18466913739#19689104703,0,1,0.628536149434355
4666990747#23232175462,0,1,0.5140624807042687
47871442424#2061645325,0,0,0.479323853987499
232579778763#1656969942,0,1,0.5096660714830501
4551052278#1740857110,0,0,0.4887875574216307
4348117018#167321908065,0,0,0.48726510568908643
1639848935#159730607651,0,0,0.4764632814345911
1409261677#3470855139,0,0,0.4676797171596099
4623955842#4661837102,0,0,0.4676797171596099
4813740020#2055771737,0,0,0.4676797171596099
569491804341#4702804708,0,0,0.4763302691877393
4918962509#4913743600,1,1,0.5110502394586993
4247353515#2004718856,0,1,0.5255368681351351
76784498137#4161815403,0,1,0.5106671887402202
462509477875#4720990752,0,0,0.4888996951644468
4793200474#4761512241,0,0,0.4676797171596099
2061689843#1326213590,0,0,0.47200758104210955
1423347109#3552909102,0,0,0.48203626999319155
5165685784#1412102698,0,1,0.5013035850413466
3393654691#49472388467,0,0,0.4708196241398182
199552139760#3541397287,0,0,0.4958550053016502
5196755485#4830910802,0,0,0.4830465583067859
1415963077#3956546637,0,0,0.4988417390596603
10553947604#5128222238,1,0,0.4837382149872399
4529336313#1671508853,0,0,0.46839138372358563
3937905240#4913743600,0,0,0.48052529640060626
4974935530#422593008553,0,1,0.599421454116595
2977755545#3951041977,0,0,0.47435785396350816
2298730254#2212287890,0,0,0.4676797171596099
3108657350#4511530729,0,0,0.481770610964799
201180045587#4575065614,0,0,0.4676797171596099
25271558033#2066363395,0,0,0.482311197343737
18468663843#3524983069,0,0,0.4733233744543828
2059067449#16826928982,0,0,0.4781813905524281
3835082917#1320157321,0,0,0.471070972752916
4313472390#4469590077,0,0,0.4676797171596099
4513744195#3615593579,0,0,0.46839138372358563
3267793376#3946324748,0,1,0.5097475642561695
1884640622#4475599263,0,0,0.4676797171596099
9283556866#3638725857,0,0,0.4676797171596099
4529633813#3915232509,0,1,0.5148129928928367
129610695443#3929018019,0,1,0.5214521538430661
4746786446#2057964562,0,0,0.4676797171596099
1730816951#4589595603,0,0,0.4714365520966026
4316547764#4312099236,1,0,0.4839235544462707
2005664884#4090060217,0,0,0.47753073845599675
1978617397#1469947163,0,1,0.5022700353143893
4037407479#96073555522,0,0,0.46983168990306934
5047368938#3108657350,0,0,0.4795946570381616
1639274792#4823803954,0,0,0.48061693997674193
2055425355#189641569958,0,0,0.4733233744543828
4756922573#4643839400,0,0,0.4676797171596099
2069259743#4111940328,0,0,0.4676797171596099
2062233925#1947138146,0,0,0.48118610460962047
4828654874#3861213317,0,0,0.48191966602858194
1688767039#3774085428,0,1,0.5067819339907867
1320157321#4746786446,1,0,0.4749320270372665
1671508853#43182039587,0,0,0.47046421521481624
4813740020#4081101808,0,0,0.4764511005366212
4619843239#3707567581,0,0,0.4676797171596099
1920508153#1743158951,1,1,0.5060204145650392
3416246620#1712004928,0,0,0.4842130139939258
3560844585#4520741756,0,0,0.46987747801779817
2055834216#3951041977,0,0,0.4676797171596099
5033763061#124785536502,0,0,0.4880783150794975
4202066092#3913703465,0,0,0.4714365520966026
4797159672#86403779490,0,0,0.4754095499654838
3906389523#4203146420,0,1,0.5031099395571822
4201950906#3913495754,0,1,0.5164825436589615
3558421108#86403779490,0,1,0.5007655805114014
2150886701#1440645051,0,1,0.5174483607208525
4902984206#4636524355,0,0,0.48423470330905344
2078835030#4720990748,0,1,0.5126274621392575
16826928982#4679546461,0,1,0.5092499526793542
1955030813#1806561207,0,0,0.4683756978250965
329718595140#4133985654,0,0,0.481167037130125
3059595891#2057186115,0,1,0.500324494173646
3946838650#4161509156,0,1,0.5097880430837507
4264603438#5137527272,0,0,0.4676797171596099
4520741756#34765354823,0,0,0.49108085323829775
3318133040#4619843239,0,0,0.4721482186605783
2055621540#3458091636,0,0,0.4908207216224721
1847939089#307252705345,0,0,0.484631976661178
4274088675#4127437050,0,0,0.4676797171596099
2054699471#1592253963,0,1,0.5434729985282393
82342257069#5010064143,0,0,0.48281595473867106
1639274792#3887115396,0,0,0.4708196241398182
196075727386#4090060217,0,1,0.5288361136826957
1724951329#4491286629,0,0,0.4886211307273476
3915028298#3913703465,0,0,0.48915413367531024
3045580653#3030484462,0,0,0.49221914919434945
3490539439#2067025602,0,0,0.4697525486508405
3108657350#3912840540,0,0,0.4676797171596099
3452360497#4072428623,0,0,0.4676797171596099
1656969942#4589595603,0,0,0.46839138372358563
4712138934#3047028308,0,0,0.4676797171596099
3055550819#3558421108,0,0,0.4676797171596099
4855224068#4813740020,0,0,0.4733233744543828
1415520008#2082195280,1,0,0.4676797171596099
1382163772#1469306625,1,0,0.49078206142927994
3964074224#4746786446,0,0,0.47650631067209964
4666990747#2061645325,0,0,0.4823439112298247
3946584694#3363359717,0,0,0.49012147780653836
1726564714#2067169690,1,0,0.4984373242776007
574468673943#1816430010,0,1,0.5005721396525725
2120702109#2058661446,0,1,0.5072764651759561
2224193149#5128222238,0,0,0.4982724177099835
4999204993#3860804392,0,0,0.4708196241398182
4523978139#2153059963,0,0,0.4676797171596099
5196755485#23641510617,0,0,0.49446486962896485
1320157321#1978617397,0,0,0.4733628229308176
2112404223#4672345130,0,0,0.4754095499654838
29755196818#5185721442,0,0,0.47840856118872616
4469590077#5196755485,0,0,0.48449740830855326
5182358949#1407873390,0,0,0.48110959363738004
3937905240#4702804708,0,0,0.4872087025087346
1785110101#1946459818,1,1,0.5043333411791973
1743158953#135779450319,0,0,0.4676797171596099
2113758643#3202650162,0,0,0.48710741662503
5068270943#2111818909,0,0,0.47571625233966897
1826377825#4132115994,1,0,0.47046421521481624
4214624671#2098264088,0,0,0.4868471313845895
2074388205#4755406731,0,0,0.4676797171596099
1512655217#1541971038,0,0,0.49072415114875817
4196030610#2977755545,0,0,0.48101672281604535
3447176726#124785536502,0,0,0.4886561058537923
4176537188#4111311078,1,0,0.4841159752303784
39435343189#4744639934,0,0,0.4676797171596099
5063074383#1728174551,0,0,0.4676797171596099
4808180492#1785110101,0,0,0.4714365520966026
3460145307#1319732582,0,1,0.5067399403507766
5065503143#5063074383,0,0,0.4759976725795619
4506637171#3628533316,0,0,0.47414988097847316
200791742577#3690457393,0,0,0.4676797171596099
1639169322#4589595603,0,0,0.4721482186605783
5007171302#4683128695,0,0,0.4676797171596099
208909723613#2004718856,0,0,0.4697525486508405
3881167105#4529633813,0,0,0.484176688981375
4833286194#1592595202,0,0,0.4676797171596099
35234959099#2298730254,0,0,0.4714365520966026
57482538021#2060192584,0,0,0.48592352830363106
107140664995#538860958841,0,0,0.49162236465321846
2062490022#3766348815,0,0,0.4941411215224981
196075727386#417283434001,0,1,0.5210557357917808
1638922114#4841234225,0,0,0.47721392575751714
1718702641#2057199781,0,0,0.4820290030007952
1636709118#1802190388,0,0,0.4699483484817643
3393654691#3477040043,0,0,0.4722385214835492
4274088675#2070625956,0,1,0.5060107580679972
81553649652#4726073967,1,0,0.4762869006228802
2098264088#2564918524,0,0,0.4852824581349748
5139738145#25271558033,0,0,0.47368109893410876
1739928560#4274231792,0,0,0.48871151276158087
4348117018#3416246620,0,1,0.5149406337528734
125323389433#3887115396,0,1,0.5391147012698343
4004949751#2180548061,0,1,0.515964847813225
4635793707#4765779252,0,0,0.4676797171596099
4735364801#4836895938,0,0,0.4676797171596099
75782528054#4485683605,0,0,0.4945720225248164
32259200442#2027838804,0,1,0.5124641936778657
48399481031#2063077902,0,0,0.4676797171596099
4808170837#574468673943,0,1,0.5104952772394324
549905391834#4464608641,0,0,0.4676797171596099
4636302616#4744639934,0,0,0.4697525486508405
3829554374#3706699419,0,1,0.5163805158384901
2146475582#3052169971,0,0,0.4702690236183587
2060185500#4333918437,0,0,0.4881647458139181
2180548061#2338797804,0,1,0.5418950376889186
336556426216#4254790910,0,0,0.4764632814345911
1379816908#1638922114,0,0,0.4676797171596099
2004718856#4506637171,0,1,0.5401232661237529
59782651708#82342257069,0,0,0.4699544509648492
1371717862#4675257710,0,0,0.49651721593981357
4635793707#3937803478,0,0,0.4676797171596099
2054699471#541570350554,0,0,0.4711175295408035
3045580653#4201950906,0,0,0.4676797171596099
3628533316#4354033064,0,0,0.49038930078209747
2055771737#159730607651,0,0,0.4676797171596099
20170380680#4003389165,0,0,0.47616666017123527
3052169593#3915232509,0,0,0.4676797171596099
454303875540#4077568242,0,0,0.4676797171596099
4134047757#2119467444,0,0,0.477431943377642
1608506098#3906389523,0,0,0.4928549433946329
3579464172#98862400850,0,0,0.48669649459105185
2063057962#201663692217,0,0,0.4697077771902378
3798189679#59782651708,0,0,0.4676797171596099
4304580582#5103620556,0,1,0.5052779332892872
1768955738#1320992608,0,0,0.4714365520966026
3061084981#4782974616,0,0,0.49927365414047836
2061311891#1946459818,0,0,0.4697525486508405
3956546637#4220301018,0,0,0.47584990794876814
1826377825#248352373136,0,0,0.4753962059456133
4791600953#1639170956,0,0,0.4753962059456133
1726551362#2066222464,0,0,0.4760518405723779
3881831374#1666737679,0,0,0.4676797171596099
1416247746#1416301524,0,1,0.5407785251546929
1552378116#9882651379,0,0,0.4683240922951086
3707425364#2132795383,0,0,0.4972853619402926
3751925404#4197944029,0,0,0.4676797171596099
4475599263#1592253963,0,0,0.4676797171596099
4833676357#4313472390,1,0,0.4676797171596099
4878750795#3628533316,0,0,0.4676797171596099
3370936702#4128826467,0,0,0.4847382524855788
3881727524#4511530729,0,0,0.4676797171596099
2977755545#4720442233,0,0,0.4676797171596099
76470034601#16826928982,0,0,0.4987189128230261
44498925795#4018768324,0,1,0.5351310251539543
3615593579#3678589577,0,0,0.47160822058917945
2058128167#2027838804,0,0,0.4720578798007653
104252022998#1416301524,0,0,0.49387266761345944
3749110245#1904335665,0,0,0.4753962059456133
4758052328#4761512241,1,0,0.4885441606414131
3754372320#2112240092,0,0,0.4676797171596099
3861213317#2146293183,0,0,0.4724776279082438
1715361146#1666737679,0,1,0.5279545515789636
3931049291#4072428623,0,0,0.4676797171596099
3747247759#4905562130,0,0,0.48070561030883047
1835570826#4111352280,0,1,0.5023325045454188
41714615735#5066791121,1,1,0.5446631388849922
2977432095#4201800596,0,0,0.4778620697880249
4168332323#3829554374,0,0,0.4940874105577712
574468673943#4214872608,0,0,0.476203056457668
2165666882#4808170837,0,0,0.4676797171596099
4316547764#2117538897,0,0,0.4676797171596099
3208519381#1638102118,0,0,0.49009392998363643
4571072739#1904335665,0,0,0.4697525486508405
1627677359#2068603286,0,0,0.47146399927531696
2598389634#1660870123,0,0,0.4676797171596099
2150886701#3946584694,0,1,0.5315466858416336
4206181444#2062490022,0,0,0.4691200233390936
3754372320#225384232109,0,0,0.479747111664321
1768955738#4255600579,0,0,0.4714365520966026
248352373136#2224193149,0,0,0.47446568735862044
1639423540#4808238795,0,0,0.47853611292582166
1806561207#4624558262,0,0,0.4676797171596099
4656986610#4157495788,0,1,0.5005622176489233
4659328158#4498422001,0,0,0.4676797171596099
1780797402#1485299448,0,0,0.4699544509648492
3061084981#1666737679,0,0,0.4867541754475689
3551736332#1639423540,0,0,0.4735368307665475
2160958435#1823372268,0,0,0.4676797171596099
4828654874#3108657350,0,0,0.47317676429008965
3633533062#1709924290,0,0,0.4676797171596099
5065503143#86403779490,0,0,0.4759976725795619
4491286629#4072428623,0,0,0.4718333757017607
1639274792#5158514600,0,0,0.4753962059456133
5013871700#1920508153,0,0,0.49109103384754244
3541397287#4971974956,0,0,0.4676797171596099
211600222265#169598104032,1,1,0.528290136456808
14613505047#3208519381,0,0,0.46839138372358563
4256662307#4636524355,0,0,0.48737461028926177
211600222265#4059739993,0,1,0.5080783810838405
2058661446#58971109124,0,1,0.5072397082316752
3633526158#14503977526,0,1,0.5173231145380168
23232175462#6626538016,1,0,0.48015507602721363
4902984206#50016874555,0,0,0.4697525486508405
1671508853#2061645325,1,0,0.47975001972037473
1440645051#1813327174,0,1,0.5077357416579358
1423069315#1659804386,0,0,0.47938829627279356
1848719127#4575536000,0,0,0.47136874942260126
27547791295#5185354751,0,0,0.4942718114699616
2061484014#5139738145,0,0,0.4743770795995954
276403558061#4668702029,1,0,0.4726772127345695
4196030610#2066222464,0,0,0.49423391894079727
2137028345#2058881485,0,0,0.47973443644922403
1666737679#3861213317,0,0,0.4894189814987579
538860958841#3927603556,0,0,0.4697525486508405
248352373136#5158514600,0,0,0.49206938815688817
76339204925#238877261551,0,0,0.472586999628972
4720990748#4974935530,0,0,0.4908917676840435
3072506125#4999204993,0,0,0.4676797171596099
4498422001#4587202995,0,0,0.4708196241398182
5078702464#3061084981,0,1,0.5050285995889208
1942997301#2796703699,0,0,0.4714365520966026
2007329552#114401992972,0,1,0.5077027455054859
3747247759#2175677532,0,0,0.48070561030883047
1479238950#1320992608,1,1,0.5166784823445196
3582409643#4793200474,0,0,0.4764150164065114
4492977050#3061084981,0,0,0.49059962405900365
2065634341#2112240092,1,0,0.4676797171596099
4808240616#4720990748,0,1,0.5256608349435176
3496790707#1848719127,0,0,0.47136874942260126
4220093966#4949981393,0,0,0.476040581081112
3615593579#4035384490,0,0,0.4912284097118071
5137527272#4572426635,0,0,0.48643285260668834
1924651409#1598212753,0,0,0.47195687203667946
4274246175#4157495788,1,1,0.5275790478577081
5010412384#4505908026,0,0,0.4865832743625617
4203146420#44498925795,0,0,0.4786754696140335
1798940576#3414192937,0,0,0.49355369427632445
4264570268#1625147559,0,0,0.488252692724892
2057186115#1415683857,0,0,0.4968014955756344
2112404223#4642851315,0,1,0.5076476753192983
2056703740#1423369065,0,0,0.4882032470718168
5158514600#1659804386,0,0,0.4697525486508405
3267793376#4999242302,0,1,0.5338991447261495
4670902580#4505908026,0,0,0.47247418419815795
4529633813#2056513884,0,0,0.484176688981375
4900124238#2600554617,0,0,0.4676797171596099
1403922320#179195001984,1,0,0.4676797171596099
145760114769#139011371528,0,0,0.4697429896388396
5214349442#2977432095,0,0,0.4774107945089074
4755216808#4864092534,0,0,0.4733233744543828
1660870123#3056496237,0,0,0.493711856437052
4631852445#159730607651,0,0,0.4949332176747587
5003714231#41506701575,0,1,0.504017471340384
4316547764#4429293356,0,0,0.4676797171596099
3490539439#1726564714,0,0,0.47046421521481624
5196755485#5050765983,0,0,0.4776201292520214
196075727386#4392093932,0,0,0.4676797171596099
3072506125#81042916306,0,0,0.4682678397736881
2107204055#3915232509,0,0,0.47396774958988147
4999242302#3946324748,1,1,0.5104426896852461
126501897635#2007329552,0,0,0.4880326820880229
4636302616#50016874555,0,0,0.4851406273147812
1320992610#1434312727,0,1,0.5573367973803477
4662125901#4705563490,1,0,0.4965765999828014
1313501951#4542386587,0,0,0.48423470330905344
1592253980#3751925404,0,0,0.4676797171596099
3964074224#4202091471,0,0,0.4748818936899529
4876527314#4525991689,0,0,0.46839138372358563
20170380680#4455408499,0,0,0.4704485293163272
4668702029#3696903469,0,0,0.48237432048378587
5128222238#3945392968,0,0,0.4863559404360203
82342257069#2120285844,0,0,0.4734340582983125
1818219339#1739928560,1,1,0.52360133779404
4132115994#4348117018,0,0,0.4921836706710739
1328703423#4897048724,0,0,0.4754465433081506
3267792927#4424722345,0,1,0.5261444249301622
4538676877#3751925404,0,0,0.4821359490525095
2058661446#5010064143,0,0,0.474213259800116
1541971038#2119447541,0,1,0.5004766906173477
138962728028#2057964562,0,0,0.4779911157453137
5038913286#4702804708,0,0,0.47057177193285177
1415963077#1415683857,0,0,0.4994298616737385
4259293142#4828654874,0,0,0.4676797171596099
4755216808#1541971038,0,0,0.4733233744543828
4833676357#2057186115,0,0,0.4676797171596099
4735364801#1718702641,0,0,0.4676797171596099
2117538897#2112240092,0,0,0.4708833506588946
134867489837#3055204922,0,0,0.4724564884672018
1621413330#3055204922,1,0,0.48713670129247366
358968132955#80020634543,0,0,0.47778210622587375
4348117018#1395111624,0,1,0.5070757332813297
4538676877#4702804708,0,0,0.48279187434058896
4224142866#96073555522,0,0,0.4837257981880894
4635793707#4274246175,0,0,0.48810726060588466
3061084981#1861556379,0,1,0.5009371627341297
1479236028#4354033064,0,0,0.4780121058897981
1726564714#2067025602,0,0,0.4697525486508405
4656986610#76339204925,0,0,0.4754095499654838
182695770250#2056136170,0,0,0.467905543080937
376973981474#4335918051,0,1,0.5227701639364725
23232175462#4427898444,0,0,0.4853173750572824
1798940576#2028648293,0,0,0.4708196241398182
2153059963#3215754174,0,0,0.46909861450334084
3706699419#4448697469,1,1,0.5765735038024762
102525471237#3108620528,0,0,0.4754036196537386
4666990747#4111940328,0,1,0.5010247929592001
4081101808#3470855139,0,1,0.5240477384164111
124785536502#41958860915,0,1,0.5184167912410668
3202650162#1639423540,0,0,0.48637732201222983
39435343189#4572426635,1,0,0.49677039128181444
4808180492#19689104703,0,1,0.6106106985673977
5010064143#232579778763,0,0,0.48234447302769207
59782651708#3108620528,0,0,0.4803205816198525
3707425364#3829182480,0,0,0.4676797171596099
1469306625#3245634417,0,0,0.4959062394589319
1724951329#124785536502,0,0,0.489367772417768
2056961978#9283556866,0,0,0.4676797171596099
4765643443#9882651379,0,0,0.4880119582040625
5064598331#41506701575,0,1,0.535727299887891
4720990752#1371717862,0,1,0.5259483592164306
2671772709#4254790910,0,0,0.47847231793560563
4477045287#4624558262,0,0,0.4804668536583507
41714615735#3691716746,0,0,0.48061492705253456
1401952612#76470034601,0,0,0.4676797171596099
459733636362#5124643800,0,0,0.4726772127345695
2061311891#2111494388,0,0,0.4676797171596099
5185354751#3042374746,0,0,0.49789389282048957
4624086112#201663692217,0,1,0.533742347338635
4436222774#4203146420,0,0,0.4981599883822806
2088554701#2060185500,0,0,0.47718546350968233
2057146445#3296349690,0,0,0.4697525486508405
1715361146#182695770250,0,0,0.4676797171596099
1955030813#1780797402,0,0,0.4820503148371708
4737466020#4040761448,0,0,0.46909861450334084
1640258299#574468673943,0,0,0.4999840170384943
418887222012#569491804341,0,0,0.4790937567670033
417283434001#1621413330,0,0,0.4676797171596099
4808170837#2050583480,0,0,0.4814502052538472
4525991689#4808170837,0,1,0.5179627814407786
3915232509#2165666882,0,0,0.4676797171596099
3052169971#1639274792,0,0,0.4697525486508405
3046735667#2056297322,0,0,0.4676797171596099
2074388205#2191172688,0,0,0.4733233744543828
1319732582#2116366106,1,1,0.5014859599230806
3552909102#3460145307,0,0,0.48203626999319155
4712138934#1479236024,0,0,0.4676797171596099
4242849949#3073724824,1,0,0.4697525486508405
4157432142#3045486706,0,0,0.4990458217300267
4179951095#4316547764,0,0,0.4769655216651685
3245634417#4619195159,0,0,0.4676797171596099
3979682744#2058406199,0,0,0.4803768865423087
2796703699#8645214070,0,0,0.47814211826763825
1826377825#2088554701,0,0,0.47046421521481624
393983081702#487132656078,1,0,0.48260525153657596
146011937628#3979834731,0,0,0.4676797171596099
3615593579#3692778406,0,1,0.5002460159448915
3267793376#3267792927,0,1,0.5362486514937024
4589997386#4674140626,0,0,0.4926687192041965
1415683857#1639386839,0,1,0.5003074680101098
3730856941#4424722345,0,0,0.47951077317013124
4755406731#3404220738,0,0,0.47427175534673693
4735669408#6633389924,0,0,0.4809345222400962
2062233925#2011422795,0,0,0.4810401198680907
4529336313#4970197889,0,0,0.46987747801779817
5165685784#3215754174,0,1,0.5031923689561232
1978617397#9882651379,0,0,0.4676797171596099
2117538897#248352373136,0,0,0.4676797171596099
3442901956#16826928982,0,1,0.5160253485739905
4417877411#182695770250,0,0,0.4676797171596099
2062902494#100884048724,0,0,0.4676797171596099
1696297270#3862453322,0,0,0.48641682417719495
4540676462#307252705345,0,0,0.4691200233390936
4111350011#1379816908,0,1,0.5006668871022921
1833092881#4575249992,0,0,0.47368109893410876
3692778406#1636709118,0,0,0.482996965519689
4201617297#4582141355,0,0,0.47057177193285177
1949694216#4864092534,0,0,0.48213397724273865
1241054990#2037536844,0,0,0.4882292990958728
5131642969#2600554617,1,0,0.47540606293131604
1467729091#4264570268,0,0,0.4895946686698933
2191172688#4726696498,0,0,0.4676797171596099
3946838650#2153059963,0,0,0.4792916626137446
541570350554#1690392435,0,0,0.4685279865175259
25524025062#3294024176,0,0,0.47817397918122934
4626677277#23232175462,0,0,0.4676797171596099
5093302594#41714615735,0,1,0.5201851805380309
4526072602#1241054990,0,0,0.4699004960601107
4674911211#4132467872,0,0,0.4676797171596099
1412102698#1423347109,1,1,0.5117592367499227
4279780621#2057667662,0,0,0.4809345222400962
3927603556#3766348815,0,1,0.5295051664870039
3416246620#3559629814,1,1,0.5454494877248441
5078702464#4623955842,0,0,0.48437450856564473
4077568242#211600222265,0,0,0.46839138372358563
2123088534#4523373320,0,0,0.4676797171596099
2058406199#1715361146,0,0,0.4676797171596099
4264570268#1638922114,0,0,0.4676797171596099
3692778406#1833092881,0,1,0.5356334103586113
3849875064#4425600562,0,0,0.48730760517571975
2119467444#2125106599,0,0,0.4697736975195751
3797571274#4429293356,0,0,0.4676797171596099
3052165975#3881727524,0,0,0.4676797171596099
3717372340#4436222774,0,0,0.4676797171596099
4808170837#2011714457,0,0,0.49907017415137594
4135061499#4157223772,1,0,0.4673043713553986
3202650162#3416246620,0,0,0.4741775355188726
1861556379#4242849949,0,0,0.4676797171596099
201180045587#4666990747,0,1,0.503063633529074
4128826467#1743158953,0,1,0.5009550422975928
41506701575#5131642969,0,0,0.47474227179811374
2057120532#3927031679,1,0,0.4904558545781824
1715361146#1951491884,0,1,0.5091438560942282
465306971541#1469306625,0,0,0.49078206142927994
4905562130#1847702835,1,0,0.47972560194180147
5010412384#208909723613,1,1,0.5051347136575299
1848719127#3546199472,0,0,0.49133454861781445
4214624671#2028165651,0,0,0.4676797171596099
1715361146#4905562130,0,0,0.4676797171596099
4279780621#3913495754,0,1,0.5033427858022881
4671204264#4464608641,1,0,0.49210205808437996
3393654691#4111940328,0,0,0.4676797171596099
1847649330#3692778406,0,1,0.5110880665627815
4020730390#2011714457,0,0,0.49906262336217594
4798031879#4889095238,0,0,0.4812616660702186
2062902494#3951041977,0,0,0.47584363263441704
1479238952#2057186168,0,0,0.4982979738928022
81553005637#81553649652,0,1,0.5096312308800957
3416246620#1625147559,0,1,0.5126103008548192
5165685784#4709734065,0,0,0.4874593889849631
2056136170#1947138146,1,0,0.48856834046406816
2137028345#4425600562,0,0,0.47721281502924967
1743158951#2069185249,0,0,0.4676797171596099
4077568242#2160958435,0,0,0.4755393245822486
5064598331#4161815403,0,0,0.4883220861115334
4020730390#1951491884,0,1,0.5509571696156103
59051797265#4480479751,0,0,0.46839138372358563
3774085428#3055204922,0,1,0.5027339715140726
76084169102#5137527272,0,0,0.49033708630792866
191537024900#4673963150,1,1,0.5054142041547796
82342257069#2058129549,0,0,0.48591456558350077
2087025558#1998358860,0,0,0.47515567175809736
169598104032#4197944029,0,0,0.4935132284337682
196075727386#5098812409,0,0,0.4754095499654838
4575249992#4283342406,0,0,0.47465765524967
41506701575#36730697229,0,0,0.47649428308426683
3980004581#4197944029,0,0,0.4676797171596099
1806631591#3551736332,0,0,0.48012422786692693
4656986610#2112404223,1,1,0.5158452927033462
1639169322#4224142866,0,0,0.474213259800116
80020634543#1372242064,0,1,0.5148247194663206
5165685784#86599436514,0,0,0.4894035532985157
4679546461#4506637171,0,1,0.5281623696687519
3524983069#1639386839,0,0,0.4988417390596603
82342257069#4452424559,0,0,0.4676797171596099
226460833239#5098812409,0,0,0.4676797171596099
4843658030#1709836734,0,0,0.47205212188939505
2088554701#1656969942,0,0,0.4921751639957758
5185721442#1241054990,0,0,0.4773604993793061
2061673701#4312099236,0,0,0.4676797171596099
4348117018#4264570268,0,0,0.4895946686698933
4203146420#327540253581,0,0,0.4676797171596099
4189391263#4259837358,0,1,0.538322543581729
3615593579#3862268059,0,0,0.4816461888040719
5075124648#2061689843,0,0,0.4676797171596099
5139738145#3797173437,0,0,0.4813018954781852
1690392435#2082195280,0,0,0.4676797171596099
246918228224#1833697097,0,0,0.49359460547013306
489466582552#4506637171,0,1,0.5070205814596416
3559629814#2060185500,0,0,0.4839972056545521
3633736951#4804117485,0,0,0.4676797171596099
1305053590#2338797804,1,1,0.5600057386135301
4274231792#1688767039,0,0,0.4676797171596099
4220301018#2054654643,0,0,0.47338750151042497
3582409643#138960829393,0,0,0.4676797171596099
4808170837#549708986379,0,0,0.4902562924746578
3202650162#3074519515,0,0,0.46839138372358563
1708941558#1316556785,0,0,0.47818630734177126
4161509156#4448697469,0,0,0.4944739173058277
3546199472#3470855139,0,1,0.5060314178595832
1802065720#4201950906,0,1,0.5096173232957573
5206198663#3240351689,0,0,0.47046421521481624
226460833239#2027684481,0,0,0.46983168990306934
4787793905#3608869908,0,0,0.4796007593394107
2180548061#1847702835,0,0,0.47417462766410623
135779450319#3797571274,0,0,0.46794954664628835
4755406731#1768955738,0,0,0.4714365520966026
1401952612#1395111624,1,1,0.5112355647250966
3541397287#4909154245,0,1,0.5052551425112404
4590104087#4623955842,0,0,0.4787882742855865
2137028345#2062902494,0,1,0.5189145690236905
4429293356#5185354751,0,0,0.4676797171596099
4455953391#4909154245,0,0,0.4872126172365709
131585042210#139011371528,1,1,0.5205346730940072
4878750795#393983081702,0,0,0.4754095499654838
2112891471#3046735667,0,1,0.5240045281687343
1947138146#4077568242,0,0,0.4676797171596099
4918962509#3494153136,0,0,0.4937801014810925
3435281641#2056136170,0,0,0.4676797171596099
1625147559#3245047192,0,0,0.4676797171596099
3878447634#3878447642,0,1,0.5887285682471335
4900124238#329718595140,0,0,0.4676797171596099
1438255025#3946838650,0,0,0.49133401032561935
1696297270#4699491280,1,1,0.5641796253840969
4808240616#4720990752,0,1,0.5237611915966219
3860936746#1639169322,0,0,0.48352303674507774
4212827921#4072428623,0,0,0.4676797171596099
1313501951#4202091471,0,0,0.47046421521481624
4111311078#3946838650,0,0,0.4733233744543828
4117064632#4425600562,0,0,0.4855060750417938
4696140824#4520741756,1,1,0.5612353524927076
4081101808#125323389433,0,1,0.5140761999326408
4590104087#3603201749,0,1,0.5008926824627448
41958860915#1798868787,0,0,0.489435396190472
201663692217#4999242302,0,0,0.4676797171596099
4855224068#4864092534,1,1,0.5021050787035226
2029674976#4746786446,0,0,0.4727223917343368
3709910119#2123088534,0,0,0.48942575451765385
2056513884#2112891471,0,1,0.5338060009262917
3608869908#3579464172,1,0,0.4997246812163729
4455408499#81553005637,1,0,0.4697525486508405
1752722693#2120285844,0,0,0.4721482186605783
4897862520#1319732582,0,0,0.4676797171596099
4196030610#3052760872,0,0,0.4697429896388396
398485485010#371921998418,0,0,0.4754095499654838
4808238795#4808180492,0,1,0.6309854895491369
4569017088#1409261677,0,0,0.4676797171596099
3806586103#131585042210,0,0,0.4691200233390936
1806561207#3754372320,0,0,0.47707049014072445
1479236028#4663932072,0,0,0.4708196241398182
41506701575#3633141413,0,0,0.4676797171596099
148602656984#4808687386,0,0,0.4676797171596099
2600554617#189641569958,0,0,0.4676797171596099
131585042210#59051797265,0,0,0.4676797171596099
4176537188#2058531412,0,0,0.4841159752303784
2136848057#3414192937,0,0,0.49180380626351244
1552378116#3829554374,0,1,0.5439882358693735
1639386839#41506701575,0,1,0.502598573996653
4897048724#3507050766,0,0,0.48082101121736903
4161797606#20201333480,0,0,0.48763763477052874
4259837358#1305053590,0,1,0.530621681863078
75782528054#35234959099,0,0,0.4676797171596099
48861374884#4020730390,0,0,0.4871573589254659
3945392968#82325773100,0,0,0.4891414999237623
3370936702#5185721442,0,0,0.4848794682248426
4492977050#159730607651,0,0,0.49352490595408754
4843658030#3393654691,0,0,0.4923949172944335
47871442424#2087025558,0,0,0.47515567175809736
5082122698#1861556379,0,0,0.4676797171596099
201663692217#1402124924,0,1,0.5124123667607606
358968132955#1730816951,0,0,0.485766850704334
2027873351#3964333871,0,0,0.4676797171596099
2011714457#3072506125,0,0,0.478017255834736
4901739840#2098264088,0,0,0.4714365520966026
4607994802#4511530729,1,0,0.47627111676485817
2160958435#1861556379,0,0,0.4676797171596099
4761512241#1412102698,0,0,0.4726176745382451
2118966054#182695770250,0,0,0.4876474033262312
3496790707#4702804708,0,0,0.4676797171596099
4201950906#3615593579,0,1,0.5239335641570277
3364150594#2739075334,0,0,0.4697525486508405
3208519381#1485299448,0,0,0.47817271600391
2132795383#4201800596,0,0,0.4676797171596099
1434312727#1479236028,1,1,0.5343548229758217
54159697837#4009292178,0,0,0.4783134064688068
3632891899#3245634417,0,0,0.4993688531886494
1743158951#131585042210,0,0,0.46909861450334084
4999204837#4999205061,0,1,0.5084576550971546
3524983069#4589997386,0,1,0.5287421236131384
4316547764#1608506098,0,0,0.4716938589136745
196075727386#199679645647,0,1,0.5128214380226261
1241054990#3442901956,0,0,0.4882292990958728
1415683857#1768951636,0,0,0.4676797171596099
4650641709#126501897635,0,0,0.49134525273692276
4971974956#2058829770,0,0,0.4745881216292937
107467970371#4477045287,0,0,0.4676797171596099
3766348815#1479236077,0,1,0.5041607762396161
3477040043#4913620532,0,0,0.4676797171596099
2055356508#3946324748,0,0,0.4932006234998946
4575536000#3846598639,0,0,0.4852556051631954
5021510219#4843658030,0,0,0.4702296715037842
523927727784#102525471237,0,0,0.48286517847608634
5158514600#6626538016,0,1,0.505525725259594
1453532038#4524153818,0,0,0.4724776279082438
327540253581#2111514456,1,1,0.5076124059039138
5182358949#1328703423,0,0,0.4733233744543828
1395111624#1467729091,0,0,0.4936453313385927
5013871700#5063074383,1,1,0.5091940926374379
4837628601#544241990815,0,0,0.4676797171596099
1639170956#124785536502,0,0,0.4697525486508405
4128826467#3797577168,1,1,0.5372819698480684
3488840316#2007329552,0,0,0.4945346690220937
4999205061#2058128167,0,0,0.4708196241398182
87578768826#3245634417,0,0,0.4901748252281502
3056496237#2057964562,1,1,0.5313160480606579
4161797606#2027684481,0,0,0.47439276549808446
5067776785#4828654874,0,0,0.4845782371045697
4897048724#3915232509,0,1,0.5191153872087587
4758052328#2058661446,0,0,0.48838569101827844
4787793905#5098812409,0,0,0.47057177193285177
4841234225#4901739840,0,0,0.4676797171596099
3525476136#4636524355,0,0,0.4924691201900181
3047031444#325294719982,0,0,0.4961797006506047
4793200474#1671508853,0,0,0.46839138372358563
20201333480#4575536000,0,0,0.47590140088950916
3524983069#3202650162,0,0,0.4862588136323037
3458091636#5059493292,0,1,0.5013024501650052
246918228224#2063057962,0,0,0.4691196545761596
5103620556#5067776785,0,0,0.4817937390493634
140554567918#3055550819,0,0,0.4676797171596099
4619195159#3849875064,0,0,0.4676797171596099
3074519515#1407873390,1,0,0.4721482186605783
3913495754#2067025602,0,0,0.4676797171596099
2011422795#2062243305,0,0,0.4810401198680907
4157428642#2165666882,0,0,0.4676797171596099
4020730390#1802468675,0,1,0.5402281706351494
1802190388#4455953391,0,0,0.48622442676782635
4756922573#4924974181,0,0,0.4676797171596099
1469947163#4697099894,0,0,0.4726176745382451
4650641709#4913620532,0,0,0.4676797171596099
1690392435#2028165651,0,0,0.4676797171596099
1833092881#50016874555,0,1,0.5010959195935928
145760114769#4865786342,0,0,0.47534111652791927
2004718856#3878447642,0,1,0.5457985847988028
182695770250#5139738145,1,0,0.4986275054447342
80020634543#43679253447,1,1,0.5355617679541776
4081101808#3108620528,0,0,0.49733089973675104
3490539439#246918228224,0,0,0.47046421521481624
3946838650#4971974956,0,0,0.4676797171596099
5093302594#4572426635,0,1,0.5119166423232937
1730816951#4354033064,0,0,0.48402325340208335
3878447634#3887115396,1,1,0.5564015101435347
1326213590#3447176726,0,0,0.4697525486508405
544241990815#4624558262,0,0,0.4852054828288144
541570350554#3749110245,0,0,0.4676797171596099
2068603286#2057186102,0,0,0.4683240922951086
176077750624#82342257069,0,0,0.47544750943209607
2004718856#1382163772,0,0,0.4676797171596099
4726696498#5036833532,1,0,0.4676797171596099
47871442424#3615593579,0,0,0.4676797171596099
1740857110#4205653425,0,0,0.4768043018114152
393983081702#1848719127,0,0,0.4754095499654838
1403926750#4001606579,0,0,0.4980643802007214
3442901956#23641510617,0,1,0.5196592586926984
4480479751#4081289086,0,0,0.4676797171596099
2118966054#2111226139,0,1,0.5402067637050759
29755196818#4506637171,0,0,0.4890685337904738
2111226139#2058531415,0,0,0.4841159752303784
4335918051#4259293142,0,0,0.4676797171596099
2060196427#2054980574,0,0,0.4676797171596099
4111352280#4702804708,0,0,0.47648348602011564
4504420946#3915028298,0,0,0.48782150564802995
4967825383#5139738145,0,0,0.47046421521481624
4201800596#2338797804,0,1,0.5270566768205798
2119447541#196075727386,0,1,0.5046057917761986
5158514600#4203146420,0,0,0.4676797171596099
5064598331#1639386839,0,1,0.5070313266321456
4168332323#1833697097,0,1,0.5074935252253834
76084169102#4003389165,0,0,0.4689122149091867
2191172688#1639274792,0,0,0.4774770329965336
3749110245#4111352280,0,0,0.4676797171596099
4589997386#5064598331,0,1,0.5152025668979995
4444217370#201180045587,0,0,0.490469847750086
1423069315#182695770250,0,0,0.48825249903000134
114401992972#4662287639,0,0,0.49902308810236223
2298730254#4804117485,0,0,0.4676797171596099
5003714231#5182358949,0,1,0.5291136057700714
1768951636#4619195159,0,0,0.4676797171596099
3946584694#3072563854,0,0,0.49812690955555333
5104052160#4993201940,1,1,0.5087551839673098
1942997301#2067025602,1,0,0.4714696782551464
4436222774#1313501951,0,0,0.47975001972037473
4619195159#4274231792,0,1,0.5029196511265117
4523373320#4425600562,0,1,0.5336290583838931
3296349690#117729109245,0,0,0.47775672145885556
194754298019#4619843239,0,0,0.4676797171596099
3235880928#2136848057,1,0,0.4885154386983866
4636524355#4529633813,0,0,0.4814502052538472
5066791121#4659328158,0,0,0.4697525486508405
398485485010#417283434001,0,1,0.5009167595132071
35234959099#3638725857,0,0,0.4807557147003394
4624086112#3730856941,0,1,0.5240083221762659
3458091636#2055625644,1,1,0.5195054972492321
4037395648#3045322155,0,0,0.4697525486508405
4675257710#1639423540,0,0,0.47853611292582166
1592253963#4359345477,0,0,0.47046421521481624
2060185500#4813740020,0,0,0.4736291224290078
86599436514#139011371528,0,0,0.4689122149091867
2119467444#2146475582,0,1,0.5043184140416217
4312099236#4179951095,0,0,0.4769655216651685
1316556785#4726073967,0,0,0.4676797171596099
2112308267#1592253980,0,0,0.47560709349487085
4206181444#4572634734,0,0,0.4691200233390936
3477040043#3294024176,0,0,0.4708196241398182
1639423540#1639169322,0,0,0.4793873661355451
2338797804#4133985654,0,0,0.4676797171596099
4259293142#2058531412,0,0,0.4676797171596099
489466582552#4469590077,0,0,0.49378321281411175
4619843239#3797571274,0,0,0.46839138372358563
4797159672#4220301018,1,1,0.5354668307851965
4619843239#1469947163,0,0,0.4721482186605783
129610695443#131446477487,1,1,0.5071780570556736
4676785037#3245634417,0,0,0.4676797171596099
3402256673#1730816951,0,0,0.4869820998455659
4273893775#4823803954,0,0,0.4783221867087837
4624086112#129610695443,0,1,0.5325098458678762
3369184055#422593008553,0,0,0.488116672843798
4444217370#1848719127,0,0,0.49583459676680247
3862268059#351410861143,0,0,0.4725850901352213
1688767039#1802468675,0,1,0.5020717582898918
2053401290#2055356508,0,0,0.4874593889849631
3906389523#23232175462,0,0,0.4676797171596099
4513744195#3826134250,0,0,0.49947721221341645
194754298019#4676785037,0,0,0.4676797171596099
60270130980#104252022998,1,1,0.5002105824538736
4841234225#351410861143,0,0,0.4712876637702725
4823803954#2118966054,0,0,0.4807988379444478
3878447642#201663692217,0,1,0.5497973794309222
4157428642#4504420946,1,1,0.511145943487487
2027684481#2063057962,0,0,0.4691200233390936
4019568018#1319732582,0,0,0.4874593889849631
4574180809#4623930569,0,1,0.5035927635589751
23232175462#3052760872,0,0,0.4676797171596099
4161797606#444631792208,0,1,0.5998148713511992
4520741756#3603201749,0,0,0.49006488438379764
5021510219#1709836734,0,0,0.46839138372358563
14613505047#4889095238,0,0,0.4787526864885895
4949981393#4675257710,1,0,0.49266564239562954
3913495754#4999242302,0,0,0.4676797171596099
4261169259#1313501951,0,0,0.47903835315639903
5097100632#4702804708,0,0,0.48867917681929207
4304580582#4037407479,0,1,0.5074821039609637
459733636362#191537024900,0,0,0.4676797171596099
2446874502#1469306625,0,1,0.5074526481399976
1816430010#124785536502,0,1,0.5116214559200936
3074519515#4542386587,0,0,0.4721482186605783
2068603286#3401828702,0,0,0.4676797171596099
3370936702#3053916069,0,0,0.4676797171596099
3849875064#1768951636,0,0,0.4875202807198903
5094395218#5047368938,1,0,0.4947765453002387
462509477875#3937803478,0,0,0.47775672145885556
3579464172#1802468675,0,0,0.47379393144908843
1660870123#3912840540,0,0,0.4676797171596099
4480479751#5128222238,0,0,0.4761134758505407
1708941558#10063837217,0,0,0.47838897149094045
3829554374#4491286629,0,0,0.492774316505103
4203146420#3488840316,0,0,0.4676797171596099
5064598331#5131642969,0,0,0.47474227179811374
4674911211#54159697837,0,0,0.4676797171596099
3754372320#1320157321,0,0,0.48475595753222295
1319732582#3946584694,0,1,0.5130195775980564
2296910026#4755216808,0,0,0.4711278447683844
3946324748#4683128695,0,0,0.4958876642156025
2061311891#3633533062,1,0,0.4981568021832566
4212827921#1659804386,0,0,0.4736898159401563
3915028298#125323389433,0,1,0.564110898820285
2057202369#57482538021,0,0,0.4757219078338757
487132656078#167321908065,0,0,0.4915951245582648
3074519515#4132467872,0,0,0.46839138372358563
1740857110#2055988859,0,0,0.4733233744543828
2118966054#85679298671,0,0,0.4676797171596099
3056496237#1730953832,0,0,0.493711856437052
4424722345#3569752280,0,0,0.489833993948344
1884640622#5007171302,0,0,0.4676797171596099
1592253980#1423069315,0,0,0.47354737920881734
1313501951#1500072490,0,0,0.47046421521481624
3927031679#2055298486,0,1,0.5106645259682379
2118966054#4254790910,1,0,0.495076676595813
4523978139#4274246175,0,1,0.5081154598974725
10063837217#4737466020,0,0,0.4676797171596099
3797571274#4520741756,0,0,0.48143433842009065
2060192584#4424722345,0,0,0.4841918027173685
140554567918#91965976598,1,0,0.48432157700679973
3633141413#4619195159,0,0,0.4676797171596099
131585042210#208909723613,0,0,0.49786185356313445
1402124924#1688767039,0,0,0.47433023338853725
5158514600#5075124648,0,0,0.4676797171596099
3109942277#4179951095,0,0,0.47985757643841026
1412102698#218134176091,0,0,0.4676797171596099
32259200442#1416247746,0,0,0.48819042946911995
5093302594#39435343189,0,1,0.5162620710988444
3878447642#189641569958,0,1,0.5156659338715052
2057202369#2037536844,0,1,0.5054400647093505
4157428642#1802495802,0,0,0.4896051795021796
4133985654#5182358949,0,0,0.4676797171596099
5128222238#4876527314,0,0,0.480491817087011
156275537866#4009292178,0,1,0.5023842061107808
1955016683#23641510617,0,0,0.4733233744543828
156276503010#4135061499,0,1,0.5043031902942422
3560844585#2107204055,0,0,0.4676797171596099
129610695443#3937803478,0,0,0.47136874942260126
39074124372#4913620532,0,0,0.484631976661178
1949694216#3696903469,1,1,0.5016767728484839
3762358178#5047368938,0,0,0.4676797171596099
3470855139#4574180809,0,0,0.475137815215222
393983081702#3045486706,0,0,0.48343195021191576
4642851315#4663932072,0,0,0.4676797171596099
3073724824#4224142866,0,0,0.47366541303561965
1639026554#1434312727,0,0,0.4676797171596099
4536384761#2057146445,0,0,0.4697525486508405
156275537866#332651656883,0,0,0.49486534452358977
4643839400#4755216808,0,0,0.49133401032561935
1693941156#4464608641,0,0,0.4768043018114152
2007329552#1816430010,0,1,0.5318623299169803
4790633062#4808240601,0,1,0.6228774187435406
3052169971#549271649221,0,0,0.48701676337581573
3615593579#4279780621,0,0,0.4912284097118071
2191172688#1639848935,0,0,0.4733233744543828
4254790910#2070625956,0,1,0.5060107580679972
1320992606#1371717862,0,1,0.5739610043792804
4662287639#4485683605,0,0,0.4847244833356326
5205797148#9095840585,0,1,0.509872663261488
4035384490#3632891899,0,1,0.5153785490330481
1395111624#4185911295,0,0,0.4769598048994132
3846598639#3946324748,0,0,0.4743710067949208
4111311078#325294719982,0,0,0.4691196545761596
3696903469#2055834216,0,0,0.4946907684128121
1639170956#3541397287,0,0,0.47157254316163466
146011937628#1656969942,0,0,0.4676797171596099
1592253963#4864092534,0,0,0.4691200233390936
5063074383#191537024900,0,0,0.47172501569633146
2298730254#3608869908,0,0,0.4745504593994745
2064988617#4196030610,0,0,0.4676797171596099
569491804341#5097100632,0,0,0.4859199324610211
3045580653#3047028308,0,1,0.5277135106170137
4787793905#4674911211,0,0,0.4676797171596099
417283434001#3915028298,0,1,0.513523332858617
14613505047#523927727784,0,0,0.4676797171596099
2056961978#5083891634,0,0,0.4697525486508405
1328703423#4448697469,0,0,0.4944739173058277
3798189679#32259200442,0,1,0.5023460214046067
4705563490#3524983069,0,0,0.4676797171596099
3369184055#194754298019,0,0,0.4676797171596099
4526072603#4526072602,1,1,0.5677409328505276
4636237354#4843658030,0,0,0.4865832743625617
156276503010#4720990752,0,1,0.5829447363674545
3946324748#4668702029,0,0,0.4676797171596099
4901739840#4670902580,0,0,0.4714365520966026
3913495754#4661837102,0,1,0.5033427858022881
1469947163#4668702029,0,0,0.4676797171596099
4077568242#3707425364,0,1,0.5001786691954627
81553005637#4469590077,0,0,0.4676797171596099
4482237216#4425600562,0,0,0.46839138372358563
54158063907#107140664995,1,1,0.5274999586877176
5185721442#3878447634,0,0,0.47847069106074835
3560844585#4529336313,1,0,0.46987747801779817
25271558033#176077750624,0,0,0.4883125791182358
3364587358#1813327174,0,0,0.4754095499654838
4674140626#2111514456,0,1,0.5117946058052906
4475599263#114018376174,0,0,0.4705024702856727
2057146445#2054699471,0,1,0.5329530406608368
4909154245#1802190388,0,0,0.49607196595701014
3690457393#4924974181,0,0,0.4683535677898136
1739928560#4274246175,0,0,0.48871151276158087
4436222774#44498925795,0,0,0.485364251512595
189906837325#3691716746,0,0,0.4676797171596099
4001872848#2180548061,0,1,0.5336146431100615
5065503143#4909154245,1,0,0.4775272563487938
3108657350#3678589577,0,0,0.4790580618895256
4624086112#325294719982,0,0,0.4691196545761596
2066222464#2057451320,0,0,0.4676797171596099
41714615735#2061673701,0,0,0.47397368527454
2175677532#4201800596,0,1,0.5503556106778565
4876527314#3863546507,0,0,0.47376231580466177
3835082917#2146293183,1,0,0.4724776279082438
4661837102#246918228224,0,0,0.4676797171596099
32143080284#1639386839,0,1,0.5378913791427191
3052760872#5083891634,0,0,0.4676797171596099
3825968185#59051797265,0,0,0.4676640312611208
4730881018#3749110245,1,1,0.5101219544479705
59051797265#459733636362,0,0,0.4726772127345695
38445047959#417283434001,0,1,0.5213348804593373
3797577168#54117240769,0,0,0.4774831942033815
5010064143#146011948003,1,0,0.4768997202453473
4189391263#3460145307,0,0,0.49835788509960116
4485683605#1469306625,0,0,0.4988830364082512
4161797582#4168332323,0,0,0.4764632814345911
2054794834#3447176726,0,0,0.4697525486508405
3370936702#5059493292,0,0,0.4754095499654838
4623955842#4636524355,0,0,0.4761098911794395
5139738145#1639274792,0,0,0.4753962059456133
1469306625#4020730390,0,0,0.48041142760953237
4475599263#3951041977,0,0,0.4676797171596099
3878447642#5078702464,0,0,0.4799525193500693
1690392435#1636709118,0,0,0.4702847095168478
109172324563#4589595603,0,0,0.4721482186605783
3046735667#1592253980,0,1,0.5399122054115446
4072428623#1638922114,0,0,0.4676797171596099
3931049291#54158063907,0,0,0.47417462766410623
4765779252#4663932072,1,0,0.4676797171596099
1752722693#5108475165,0,0,0.46961498067494317
4702804708#2564918524,0,0,0.48407193229704304
465306971541#3774085428,0,1,0.5037383777200798
2112404223#4274231792,0,1,0.5100664093112949
3806586103#2058661446,0,0,0.4745504593994745
4823803954#159730607651,0,0,0.4764632814345911
2296910026#3968903489,0,0,0.4976059985750457
327540253581#1407873390,0,0,0.4676797171596099
3929018019#2062490022,0,0,0.47215459291545236
2056961978#3447176726,0,0,0.4886561058537923
2062233925#2123088534,0,1,0.5020744906621588
4730881018#4111352280,0,0,0.4676797171596099
3208519381#1924651409,1,0,0.49552346619752874
146011937628#5010412384,0,0,0.4676797171596099
5013871700#1625147559,0,0,0.4947044292125938
38445047959#3849875064,0,0,0.4676797171596099
3762358178#1562031765,0,0,0.4860976469457408
2063077902#4077568242,1,1,0.5494458212709686
2120702109#3735611396,1,0,0.47621353468811284
146011948003#1986152983,0,0,0.4676797171596099
1752647304#4589595603,0,0,0.4999178425134246
5010064143#4902984206,0,0,0.48472055245166706
4635793707#4830910802,1,0,0.49460664235550467
4455953391#3494153136,0,0,0.4841913440309951
2053401290#2067025602,0,0,0.4676797171596099
1709836734#1639170956,0,0,0.4730124805781844
4626053521#37807947501,0,0,0.49493319104170924
1709924290#135779450319,0,0,0.4676797171596099
35234959099#8645214070,0,0,0.48511947558300406
4168332323#4448697469,0,0,0.4944739173058277
2298730254#4505908026,0,1,0.5039387196120447
4081101808#5007171302,0,0,0.4676797171596099
2063057962#2057964562,0,0,0.4817683907206647
4797159672#1816430010,0,1,0.5210745126635348
4202091471#4726696498,0,0,0.4676797171596099
1412102698#3215754174,0,1,0.5024348443189737
98862400850#3608869908,0,0,0.48669649459105185
44498925795#49472388467,0,1,0.5265874071480984
1514159826#1592595202,0,0,0.47108466211443306
2058128167#2066533471,1,0,0.4720578798007653
176077750624#3691706852,0,0,0.4813039585512764
3370936702#5185354751,0,1,0.5086473398866752
4214872608#2564918524,0,0,0.4871706134601203
4668702029#32143080284,0,0,0.46896555679734403
4264570268#3735611396,0,0,0.4676797171596099
4679546461#3442901956,0,1,0.5324837660641318
4672345130#4259293142,0,0,0.4743801875917872
4662125901#2062902494,0,0,0.4882974365283904
4967825383#3208519381,0,0,0.47118860536470925
39435343189#1709924290,0,0,0.4676797171596099
2064988617#2977755545,0,0,0.48822287183736424
3579464172#4202066092,0,0,0.4676797171596099
4255600579#569491804341,0,0,0.47432860686984457
3878815869#4755406731,0,0,0.4721482186605783
4726073967#3052169593,0,0,0.4762869006228802
1848160016#34340103649,0,0,0.4676797171596099
131446477487#4624086112,0,0,0.4939090413914664
4589595603#4649888830,0,0,0.46839138372358563
86403779490#1802468675,0,0,0.4982137961452712
574468673943#1423069315,0,0,0.4676797171596099
1818747960#20170380680,0,0,0.4783472377302001
1955030813#1833092881,0,0,0.4753962059456133
3055561351#2111514456,0,0,0.495082588161148
4737466020#2050583480,0,0,0.4814502052538472
5003714231#303103274469,0,0,0.4799626306573373
1646275700#1816430010,0,1,0.5240131499832988
4540676462#4857106956,0,0,0.46839138372358563
2125106599#1639274792,0,0,0.49266564239562954
5206198663#4703831949,0,0,0.4676797171596099
1512655217#4264570268,0,0,0.4676797171596099
336556426216#4974935530,0,1,0.6027477793758154
444631792208#4279780621,0,0,0.4676797171596099
4897048724#107140664995,0,1,0.5172385241533778
4683128695#3267793378,0,1,0.5330083142910106
2120702109#1416301524,0,1,0.6111878925794298
59051797265#3696903469,0,0,0.47838499708538457
3927031679#2068603286,0,0,0.4913627788175725
1802065720#343207691350,0,0,0.4676797171596099
4202091471#135779450319,0,0,0.4714636360973728
47896517559#23232175462,0,0,0.46919634889391526
4790633062#3887115396,0,0,0.4846788408255971
428123087781#4176537188,0,0,0.4676797171596099
4572634734#102525471237,0,0,0.4691200233390936
5214349442#4538676877,0,0,0.47931169695326903
3435281641#3860804392,0,0,0.4676797171596099
1639848935#3915232509,0,0,0.47396774958988147
1840879535#1884640622,1,0,0.49950681840742
3806586103#3878447634,0,1,0.50822760719139
4259837358#2180548061,0,1,0.5470549503337457
2446874502#4427898444,0,1,0.5188866018975329
4579077594#4999204837,0,0,0.4676797171596099
4506637171#3633141413,0,0,0.46983168990306934
358968132955#1848719127,0,0,0.4754095499654838
1416301524#3059595891,0,0,0.48277075791557783
104252022998#1696297270,0,0,0.4882290103186866
1592253981#1592253980,0,1,0.5800573721150903
4758052328#248352373136,1,1,0.5006760329612451
3722249067#4666990747,0,0,0.4754095499654838
5137527272#3589697774,0,0,0.48061492705253456
3956546637#100884048724,0,1,0.5015571739357102
1726564714#4899954714,0,0,0.4697525486508405
2977432095#4967825383,0,0,0.4979388941761932
36730697229#3525476136,0,0,0.4758099551617574
1479236028#3751925404,0,0,0.4676797171596099
138962754138#1436335814,0,0,0.4714208661981135
4132115994#4338715534,0,0,0.4676797171596099
1651852765#2055771737,0,0,0.4676797171596099
3507050766#2007329552,0,0,0.47446568735862044
3364150594#2977432095,0,0,0.4697525486508405
37807947501#4348117018,0,0,0.4774107945089074
5124643800#20201333480,0,0,0.4676797171596099
3318133040#2056297322,0,0,0.4676797171596099
3946584694#1638922114,0,0,0.46839138372358563
3435281641#2136848057,0,1,0.5007226429133197
5094395218#1840879535,0,0,0.47046421521481624
4202066092#3569752280,0,0,0.4925666915477243
98862400850#4624086112,0,0,0.4676797171596099
82325773100#2062233925,0,0,0.4676797171596099
4673963150#1946459818,0,0,0.4697525486508405
3046735667#1592253981,1,1,0.5399122054115446
124785536502#371921998418,0,0,0.47046421521481624
100884048724#4492977050,0,1,0.5598992944323729
4220093966#4161815403,1,1,0.6064673785551868
2298730254#4697099894,0,0,0.499439147617787
2111818909#3108657350,0,0,0.4733562699880581
1479236024#3369184055,0,0,0.4794780001409786
4735364801#4674140626,0,0,0.4676797171596099
4439433329#159730607651,0,0,0.47302695283885077
4924974181#4626677277,0,0,0.4968759589703247
4643839400#4196030610,0,0,0.4841619981340682
1726551362#246918228224,0,0,0.49334201779393455
1512655217#1639848935,0,0,0.4733233744543828
54117240769#3208519381,0,0,0.4777043233309895
2111494388#4242849949,0,0,0.4676797171596099
4662287639#4279780621,0,1,0.5033427858022881
32143080284#156275537866,0,1,0.5109926905135588
138960829393#4730881018,0,0,0.4676797171596099
4157432142#189641569958,0,0,0.4733233744543828
322313716889#2057964562,0,1,0.5012362442737333
18467707182#1479236077,0,1,0.5016757368942105
4333918437#3860936746,0,0,0.4676797171596099
18468663843#5131642969,0,0,0.47591268091313155
4523978139#1639423540,0,0,0.4676797171596099
1848719127#5094395218,0,0,0.4676797171596099
4971974956#4525991689,1,0,0.4745881216292937
4202066092#4212827921,0,0,0.487784189552275
3452360497#1479238950,0,0,0.48006722185700856
3109942277#4971974956,0,0,0.4745881216292937
4808238795#4808240616,0,1,0.6309854895491369
3379264687#2055621540,1,0,0.48218812093529384
4589595603#4274246175,0,1,0.504386344014393
57482538021#189641569958,0,1,0.5642322273520913
3980255436#4312099236,0,0,0.4754095499654838
1818747960#1319732582,0,1,0.5283591613234923
3881727524#4081289086,0,0,0.4804668536583507
4477045287#454303875540,0,0,0.4676797171596099
1469947163#4624086112,0,0,0.4978427573585571
2060185500#1718702641,0,0,0.4843925301083574
126501897635#2224193149,0,0,0.48344211324870123
32421248987#4712138934,0,0,0.4676797171596099
1848180229#1847939089,0,0,0.4804909971638267
2146475582#1638922114,0,0,0.46839138372358563
2107204055#4037407479,0,0,0.4697525486508405
483899405313#4427898444,0,0,0.4676797171596099
2060254114#1313501951,0,0,0.47975001972037473
396800321613#80020634543,0,1,0.5465529313075546
376973981474#4214624671,0,0,0.49452251138986797
2111818909#4511530729,0,0,0.47785533157188725
1440645051#3364587358,0,0,0.4676797171596099
4526072602#1646275700,0,0,0.4676797171596099
2107204055#5064598331,0,0,0.47396774958988147
1709924290#3863546507,0,1,0.5073430666605383
5067776785#4900124238,0,0,0.4768823136661689
238877261551#2069259743,0,0,0.46896555679734403
4504420946#4480479751,0,1,0.5093975583816486
34340103649#4020730390,0,1,0.5261606304568245
3887115396#4808238795,0,0,0.4846788408255971
81042916306#20170380680,0,0,0.4676797171596099
454303875540#1469947163,0,0,0.4726176745382451
5036833532#4333918437,0,0,0.4676797171596099
276607465209#1639026554,0,0,0.4676797171596099
5163636978#4529336313,0,0,0.46987747801779817
4313472390#4575249992,0,0,0.4676797171596099
4687101911#1835570826,0,0,0.47589536340603755
4642851315#4656986610,0,1,0.5076476753192983
2739075334#4574180809,0,0,0.4784366975692908
5108475165#4485683605,0,0,0.4676797171596099
4480479751#189906837325,0,0,0.4676797171596099
5093302594#1412102698,0,0,0.4975089356517659
159730607651#3929018019,0,0,0.49242935995149045
3929018019#4993201940,0,0,0.4676797171596099
81553005637#4185911295,0,0,0.4745504593994745
3797173437#3892132185,0,0,0.470500518888004
428123087781#1947138146,0,0,0.4697525486508405
3363359717#113940347013,0,0,0.48714102253310954
1469947163#4765779252,0,0,0.4676797171596099
1810185303#3470855139,0,0,0.48755187204986056
6633389924#1625147559,0,0,0.47557522277500036
3906389523#358968132955,0,0,0.4676797171596099
4477045287#3364150594,0,0,0.4676797171596099
2224193149#4145496082,0,0,0.49659219473770994
2057202369#2054699471,1,0,0.4796969273647129
3956546637#5064598331,0,1,0.5453842852375504
2054654643#3618769182,1,0,0.4731087195783008
2112308267#2055834216,0,0,0.4676797171596099
3797173437#3835082917,0,0,0.470500518888004
201180045587#107140664995,0,1,0.5052877222876537
4128826467#4797159672,0,0,0.47046421521481624
2056703740#4905562130,0,0,0.4975291728737697
3730856941#3906389523,1,1,0.5259872605948454
2056703740#18468663843,0,0,0.4813975740068029
5214349442#41958860915,0,1,0.5264747530698232
3582409643#4283348799,0,0,0.47676939663224494
3766348815#2112308267,0,1,0.5009449726236636
4828654874#4900124238,0,0,0.4733233744543828
2564918524#5097100632,0,0,0.4919688751113817
4529336313#4993201940,0,0,0.4708833506588946
5067776785#2111818909,0,0,0.477717639867983
3881727524#1709836734,0,0,0.4676797171596099
4111352280#4090060217,1,1,0.5241952094800145
3558421108#3878815869,0,0,0.49188058368950105
1955030813#1671508853,0,0,0.47975001972037473
2007329552#2055885528,0,0,0.47695860151569386
2056297322#4670902580,0,0,0.4676797171596099
2063057962#3979663695,0,0,0.4676797171596099
4575065614#4607994802,0,0,0.4885047408924047
4571072739#4019568018,1,0,0.4869861820126915
2058829770#4808170837,0,0,0.4782622961364773
4312099236#2061689843,0,0,0.4676797171596099
4999204993#4999205061,0,1,0.5084576550971546
3277004292#1639386839,0,1,0.5151728860809791
3277004292#4830910802,0,0,0.492119163770886
4703831949#2796703699,0,0,0.4676797171596099
218134176091#1690392435,0,0,0.4703406748953494
4659328158#4572634734,0,0,0.4697525486508405
4111350011#4464608641,0,1,0.5408955027913614
39435343189#5137527272,0,0,0.4876653503562652
3558421108#1743158953,0,1,0.5009550422975928
3964333871#422593008639,0,1,0.5276569678633374
1659804386#4202066092,0,0,0.4736898159401563
2082195280#1415963077,0,0,0.4676797171596099
4786425036#487132656078,0,0,0.47335752246998636
3435281641#3414192937,0,1,0.5117100861528643
4111352280#417283434001,0,1,0.5204799505389734
2338797804#4259837358,0,1,0.5418950376889186
4579077594#4684762583,0,0,0.4683240922951086
4662287639#2739075334,0,0,0.49902308810236223
2029674976#1946459818,0,0,0.4676797171596099
47896517559#5124643800,0,0,0.4676797171596099
4035384490#3913495754,0,1,0.5033427858022881
3798189679#189641569958,0,0,0.4676797171596099
1951491884#2004718856,0,1,0.5549040175783381
208909723613#4958160823,0,0,0.4676797171596099
102525471237#5010343781,0,0,0.49849225729973307
1806561207#2075611951,0,0,0.46839138372358563
4161797606#422593008553,1,1,0.6492816242773037
3044692596#1514159826,0,0,0.469389852825772
1326213590#5063074383,0,0,0.4810446351390937
1798940576#3696903469,0,0,0.4676797171596099
418887222012#4824488186,0,0,0.4738844733269041
117729109245#4335918051,0,0,0.4848167851040435
1514159826#3558421108,0,0,0.4676797171596099
4841108780#4587202995,0,0,0.48193535192707104
167321908065#2073958683,0,1,0.509146946047601
3490539439#2067169690,0,0,0.4697525486508405
417283434001#3072506125,0,0,0.4811942198686684
4132115994#25524025062,0,0,0.49524369057890405
1403926750#4214872608,0,0,0.4676797171596099
138962728028#1372242064,0,1,0.5105452543271557
3559629814#4542386587,0,1,0.5061435854685249
4201950906#2058406199,0,0,0.48355031474943394
3951041977#4506637171,0,1,0.5098921464049869
1423069315#2066363395,0,0,0.4924142377855978
3044692596#3560844585,0,0,0.4676797171596099
5098812409#2062902494,0,0,0.4821955201644943
4642851315#4619195159,0,0,0.4999178425134246
2027873351#4635793707,0,0,0.48081422632855975
4737466020#196075727386,0,0,0.47107742234865013
2061484014#2055834216,1,0,0.4676797171596099
1306851139#4540676462,0,0,0.4676797171596099
3734194433#1627677359,0,0,0.4704485293163272
4787793905#117729109245,0,0,0.47708617603921355
3053916069#4731359279,0,0,0.4676797171596099
18466913739#32143080284,0,1,0.5278076725099091
4557843865#4758052328,0,0,0.4702736086690599
3294024176#4828654874,0,0,0.4677337221331377
1639274792#8431814779,0,0,0.4676797171596099
125323389433#201663692217,0,1,0.6010929546661
3967284896#378612909737,0,0,0.4676797171596099
3294024176#4212827921,0,0,0.4676797171596099
4436222774#4624086112,0,1,0.5139949371032657
4720990748#3964333871,0,0,0.4689458867906555
2055356508#1639274792,0,0,0.49266564239562954
3766348815#2123100264,0,0,0.4676797171596099
1592253980#1592253963,0,1,0.5366051584017377
3618769182#1552378116,0,0,0.4708196241398182
3979834731#1752631076,0,0,0.46909861450334084
4670902580#4782070197,0,1,0.5283868314058098
5158514600#1847702835,0,0,0.4733233744543828
218134176091#225384232109,1,1,0.5289112949945495
3589697774#4003389165,0,0,0.47136874942260126
1541971038#3042374746,1,0,0.49633994613817484
4108293691#3979663695,0,0,0.4676797171596099
2057120532#4072366249,0,0,0.47306682210137097
4161509156#1552378116,0,0,0.49741281029969364
3294024176#4575065614,0,0,0.4869007045751127
4506637171#4765779252,0,0,0.4676797171596099
199552139760#3696903469,0,0,0.48984362324942876
4111411514#5163636978,0,0,0.48118610460962047
4828654874#3915232509,0,1,0.5191153872087587
5067776785#1955026154,0,0,0.47482558509474115
4619843239#2146293183,0,0,0.4676797171596099
1535646713#50016874555,0,1,0.5038036615290925
3393654691#3633526158,0,0,0.4676797171596099
3946324748#2060196427,0,0,0.47321135047117835
3294024176#2050581826,1,0,0.4676797171596099
1768955738#3441097472,0,0,0.4714365520966026
1592253981#1592253963,0,1,0.5366051584017377
1592253981#2057146445,0,1,0.5335060966730949
3678589577#3393654691,1,1,0.5095028531681233
1848180229#3849875064,0,0,0.4676797171596099
1743158953#1709924290,0,1,0.5019350488217721
1379816908#1639848935,1,0,0.48116458354079095
76784498137#2063077902,0,1,0.5262031810587006
4254790910#2058531412,0,0,0.493750792715083
3074519515#3267793376,0,0,0.47141894532986733
4259837358#4938690872,0,0,0.4944782709384294
2279367079#196075727386,0,0,0.481194614908922
3240351689#2058881485,1,0,0.47046421521481624
1514159826#2145127974,0,0,0.47252496829391677
5010343781#4247353515,0,0,0.4756786051358186
4808180492#18466913739,0,1,0.6106106985673977
4020730390#3774085428,0,1,0.5759070309186306
125323389433#3470855139,0,0,0.482308309240733
4128826467#3797571274,0,0,0.49606544923768703
1436335814#3797571274,0,0,0.47545791731365106
1690392435#4808180492,0,1,0.5108982050721761
3927031679#2725581419,0,0,0.4676797171596099
145760114769#5139738145,0,0,0.4676797171596099
1728174551#303103274469,0,1,0.5151786507917729
50016874555#371921998418,0,0,0.47748238145671434
3937905240#3494153136,1,1,0.5183717910420311
96073555522#23232175462,0,0,0.4755422756071935
1833697097#191537024900,0,0,0.47368109893410876
14613505047#2070625956,1,1,0.5095299995289477
3551736332#4813740020,1,0,0.4676797171596099
14613505047#1320992610,0,0,0.4715312907037939
19689104703#1639386839,0,1,0.5226054963830525
1636709118#325294719982,0,0,0.4691196545761596
2056297322#4202066092,0,0,0.4676797171596099
4038971285#226460833239,0,0,0.4986976357212269
41958860915#1724951329,0,0,0.4886561058537923
3507050766#2279367079,1,0,0.49400092132292267
4808170837#3546199472,0,0,0.47046421521481624
3747247759#4676785037,0,0,0.4676797171596099
3761484275#3524983069,0,0,0.47474227179811374
191537024900#3364587358,0,0,0.4676797171596099
191537024900#454303875540,0,0,0.4697525486508405
2005664884#4703831949,0,0,0.4676797171596099
3055561351#2165666882,0,0,0.4676797171596099
246918228224#4755216808,0,0,0.4709122399236928
4572426635#4730881018,0,0,0.4676797171596099
3215754174#2338797804,0,1,0.5091227384290145
1412102698#189641569958,0,1,0.5259857083906643
4836895938#3560844585,0,0,0.46987747801779817
3979663695#1562031765,0,0,0.4803768865423087
1726564714#5097100632,0,0,0.47439276549808446
2145127974#3404220738,0,0,0.4691200233390936
4949981393#417283434001,0,0,0.46997045398772097
3906389523#2054654643,0,0,0.4676797171596099
4949981393#4161815403,0,0,0.476040581081112
2112308267#4529336313,0,0,0.47432116304008815
1904335665#4668702029,0,0,0.4676797171596099
5124643800#4668702029,0,0,0.4726772127345695
4132467872#3881167105,0,1,0.5020371324810367
2112404223#4274246175,0,1,0.5100664093112949
453179758430#4427898444,0,0,0.4676797171596099
41714615735#3589697774,0,0,0.49095246572766066
2062233925#4077568242,0,1,0.5241159046203225
1861556379#3470855139,0,0,0.478017255834736
1568784013#4157495788,0,0,0.47046421521481624
1780797402#1671508853,0,0,0.4676797171596099
3806586103#4938690872,0,0,0.47947721538951316
4999205061#3267792927,0,1,0.5084576550971546
4737466020#3525476136,0,0,0.4828691025975782
1467729091#4348117018,0,1,0.5074790661088969
2062243305#2056136170,0,1,0.5406504346620633
4185911295#4589595603,0,0,0.4721482186605783
4656986610#4274231792,0,1,0.5081154598974725
2160958435#4038971285,0,0,0.47431897336256446
2119467444#2298730254,1,1,0.5017412404443456
4444217370#1440645051,0,0,0.4966129273619617
3047028308#5206198663,0,0,0.4704485293163272
3363359717#4790633062,0,0,0.48057131680075327
1403922320#1690392435,0,0,0.4733988996127061
3871685027#3968903489,0,1,0.5021571666971427
96073555522#574468673943,0,0,0.4756149338435899
49472388467#4755406731,0,0,0.4676797171596099
5169118253#2027684481,0,0,0.4852530120700715
4623930569#4551052278,0,0,0.496337619513351
135779450319#4574180809,0,0,0.4886211307273476
483899405313#453179758430,1,0,0.4676797171596099
1743158951#1627677359,0,0,0.47725269322443964
4636302616#4498417740,0,0,0.4676797171596099
4435951946#4897041544,0,0,0.4676797171596099
2062233925#3056496237,0,0,0.4897396714179357
4756922573#2146475582,0,0,0.47830121100989986
3046735667#2056513884,0,1,0.5508031039973136
2037536844#1659804386,0,0,0.4840604914176793
2067169690#3915232509,0,0,0.49636449278637007
1592253981#2112891471,0,1,0.5316672010231026
1780797402#1409261677,0,0,0.4683240922951086
5165685784#4157483944,0,0,0.4894035532985157
82325773100#2065166575,0,0,0.4683240922951086
3979834731#5185354751,0,0,0.483252532230302
76084169102#3589697774,0,0,0.48061492705253456
3236907215#4455408499,0,0,0.4676797171596099
4541834093#4202091471,0,0,0.4721753026613485
2060056435#2067025602,0,0,0.4676797171596099
3691716746#4348117018,0,0,0.4676797171596099
2058531412#2111226139,1,0,0.4841159752303784
1598212753#4037407479,0,0,0.4777186160238876
1479238950#1479236028,0,1,0.5357214777730281
4157266754#358968132955,0,0,0.48228839397965717
3560844585#2175677532,0,0,0.4676797171596099
1592253980#2037536844,0,1,0.5316672010231026
4999204837#2153059963,0,0,0.4676797171596099
5104052160#2055621540,0,1,0.5037538443132694
4790633062#4161797606,0,1,0.5492373275912523
3878447634#5185354751,0,0,0.4739546893820156
1639026554#4808240601,0,0,0.4676797171596099
549708986379#4619195159,0,0,0.4676797171596099
3980255436#5103620556,0,0,0.4998507377334467
4424722345#50016874555,0,0,0.4774107945089074
4661837102#4279780621,0,1,0.5201764597816821
462509477875#4506637171,0,0,0.48766948628949597
1696297270#2059486037,0,0,0.47931722416037614
199679645647#41958860915,0,0,0.4676797171596099
3488840316#3862453322,0,0,0.47268030881690815
4040761448#1918821009,1,0,0.48804913828366464
3633526158#4127437050,0,0,0.4676797171596099
1407873390#4636237354,0,0,0.4676797171596099
3691706852#1412102698,0,0,0.48108311472593135
2116366106#3235880928,0,0,0.4676797171596099
4452424559#3296349690,0,0,0.4890468837746561
3849875064#5010412384,0,0,0.4676797171596099
1835570826#1592595202,0,0,0.4798884309749388
20170380680#1848719127,0,0,0.48203626999319155
4589997386#3452360497,0,0,0.4761078725095891
18467089718#4572634734,0,0,0.4746905060294757
4905562130#4189391263,0,0,0.46839138372358563
1798940576#3364587358,0,1,0.5118768640768735
2065166575#4899954714,0,0,0.4676797171596099
2011422795#4661837102,0,0,0.4860976469457408
3046471496#4243154086,0,0,0.4676797171596099
5059493292#189906837325,0,0,0.4754095499654838
47871442424#5082122698,1,1,0.508363233035401
2057199781#3862268059,0,0,0.4757375937323648
3056496237#322313716889,0,1,0.5012362442737333
1768955738#140554567918,0,0,0.4714365520966026
4157483944#4675257710,0,0,0.4915569575654898
327540253581#3458091636,0,1,0.5076124059039138
2062902494#2061311891,0,1,0.5408108192655251
3951041977#27547791295,0,0,0.4827509976272304
113940347013#3946584694,0,1,0.5203770440716502
4185911295#1823372268,0,1,0.5091651635662521
2564918524#4636302616,0,0,0.4851406273147812
2061484014#2111818909,0,0,0.49430382454863425
276403558061#59051797265,0,0,0.48616309537940217
2600554617#8431814779,0,0,0.47333323144008543
4482237216#4582141355,0,0,0.46903575885908433
4132115994#2564918524,0,1,0.5007313789230652
159730607651#4157428642,0,0,0.48716337807004334
2060512716#117729109245,0,0,0.4714365520966026
1403926750#1949694216,0,0,0.4676797171596099
85679298671#4201800596,0,0,0.4676797171596099
5139738145#5062472541,0,0,0.48682204185935796
81042916306#4765643443,0,0,0.48131148777188526
398485485010#4176537188,0,0,0.4676797171596099
4201617297#2011714457,0,0,0.4676797171596099
4575065614#2058829770,0,0,0.4708196241398182
3913495754#3494153136,0,0,0.4809345222400962
4498422001#3369184055,0,0,0.4676797171596099
3235880928#2058829770,0,0,0.4676797171596099
3369184055#1728174551,0,0,0.4773894827512589
3435281641#2191172688,0,0,0.4676797171596099
60270130980#91965976598,0,0,0.47122417717046433
2739075334#2088554701,1,0,0.48868780301083925
32143080284#4624086112,0,0,0.4870921672069942
1320157321#238877261551,0,0,0.47933930278116427
3707567581#2063077902,0,0,0.492319061772824
8431814779#4636237354,0,0,0.4781468280872085
4247353515#3442901956,0,1,0.5092147465506386
4392093932#4001872848,0,0,0.4676797171596099
3055204922#2136848057,0,1,0.5092406085369178
4913620532#25524025062,1,0,0.484631976661178
2060185500#2212287890,0,0,0.4676797171596099
48861374884#3798189679,0,1,0.5023460214046067
4157432142#4720990752,0,0,0.49531280797155264
19689104703#156276503010,0,1,0.5417172828932526
422593008553#336556426216,0,1,0.6026077664533233
4283342406#1453532038,0,1,0.5019744709824775
1479236024#1371717862,0,1,0.53749472995603
4452424559#117729109245,1,0,0.4982998761366099
5139738145#1457252565,0,0,0.48621391498194977
3861078825#4755406731,0,0,0.46839138372358563
39435343189#1434312727,0,0,0.4676797171596099
4649888830#4624086112,0,1,0.5042832291210813
3364150594#2055425355,0,0,0.4697525486508405
1640258299#1592595202,0,0,0.4676797171596099
2061311891#1409261677,0,0,0.4676797171596099
18467707182#1639386839,0,1,0.5087432548654256
3797173437#4132115994,0,0,0.470500518888004
54158063907#2118966054,0,0,0.4733233744543828
1666737679#3749110245,0,0,0.4676797171596099
3558421108#4813740020,0,0,0.47271820859963215
2082195280#4283348799,0,0,0.4676797171596099
3569752280#3979834731,0,0,0.4938956768862041
3915232509#4214748443,0,0,0.47538664693361243
4626677277#5185354751,0,0,0.4676797171596099
4808180492#4790633062,0,1,0.6309854895491369
1659804386#43182039587,0,0,0.49056682613711694
4798031879#1848719127,0,0,0.4676797171596099
4659328158#2598389634,0,0,0.4676797171596099
1416247746#4081101808,0,0,0.4806855582267176
1690392435#4135061499,0,0,0.4734705508896968
4513744195#3458091636,0,0,0.4796392968411293
2063057962#4038971285,0,0,0.47114808336972147
1752647304#4999204837,0,0,0.4676797171596099
4498422001#4876527314,1,0,0.47978015052303524
1316556785#125323389433,0,0,0.4825602955044937
1415520008#5093302594,0,0,0.4821148576250395
3633526158#2057451320,1,1,0.5028710677576383
1562031765#2160958435,0,0,0.4676797171596099
4636583527#4902984206,0,1,0.5055628636585384
9095840585#4702804708,0,0,0.4861178349024364
1479236024#1479238950,0,1,0.5357214777730281
3369184055#2078835030,0,0,0.47439276549808446
4255600579#4214624671,0,0,0.47432860686984457
487132656078#3318133040,0,0,0.4841902097965689
1834405459#3946838650,0,0,0.4944739173058277
2057451320#4659328158,0,1,0.5028710677576383
3551736332#23641510617,0,0,0.4812595314730296
114401992972#3296349690,0,0,0.47727429943952177
4264603438#2069259743,0,0,0.4676797171596099
48861374884#1671508853,0,0,0.47046421521481624
2050581826#4668702029,0,0,0.4676797171596099
24193681922#4909154245,0,0,0.46983168990306934
3458091636#3598098302,0,0,0.4706390443877329
2175677532#2056703740,0,0,0.48070561030883047
3055561351#1730953832,0,0,0.4676797171596099
2065166575#2062490022,1,0,0.49291905315003137
2117538897#5066791121,0,0,0.4806151563375309
3364150594#4009292178,0,0,0.46798300236782503
3968903489#1752631076,0,0,0.4676797171596099
4804117485#4161509156,1,1,0.5045868579267396
1671508853#4626677277,0,0,0.4676797171596099
307252705345#351410861143,0,0,0.4943627333315719
1409261677#4699491280,0,0,0.4676797171596099
3042374746#4197944029,0,0,0.49034053183931936
1816678631#3717372340,1,0,0.47417462766410623
4841108780#332651656883,0,0,0.4893504214795006
4889095238#5033763061,0,0,0.4774107945089074
2064988617#2070625956,0,0,0.49029570332859473
2057186115#1726551362,0,0,0.4999071358046851
3215754174#2059067449,0,0,0.4883486727369251
4273893775#114018376174,1,1,0.5313331309113222
1479236023#1320992606,1,1,0.5198183893247279
14613579566#4256662307,1,0,0.49417488734368115
3460145307#3232083339,1,1,0.5049622487636363
3994501565#4037395648,1,1,0.5008419522398415
1438255025#4793200474,0,0,0.47190533414096697
4949981393#1696297270,0,0,0.4697525486508405
4203146420#3829554374,0,0,0.4676797171596099
3052169593#1875570795,0,0,0.4676797171596099
4157483944#3490539439,0,0,0.47046421521481624
4168332323#1552378116,1,0,0.49741281029969364
4524153818#4037407479,0,0,0.4724776279082438
1955030813#1955016683,0,1,0.5047105380513053
2058531412#4261169259,0,0,0.4774107945089074
3892132185#4132115994,0,0,0.4916118227833673
44498925795#1800623713,0,0,0.4676797171596099
4787793905#3979682744,0,0,0.4676797171596099
1743158951#1709924290,0,1,0.5019350488217721
4643839400#3881831374,0,0,0.4733233744543828
5075124648#2146476172,0,0,0.4651367309242198
376973981474#569491804341,0,0,0.48763023407423306
4197944029#29755196818,0,0,0.48889326403028244
4755216808#1639274792,0,0,0.49133401032561935
4536384761#3267792927,0,0,0.4676797171596099
2057199781#4786425036,0,0,0.4691200233390936
34340103649#3878447642,0,1,0.5261397591255631
5062472541#5097100632,1,1,0.522851647650004
3913495754#5021510219,0,0,0.4676797171596099
4679546461#3208519381,0,1,0.5276089025745687
4674911211#90088944269,0,0,0.4814502052538472
4918962509#169598104032,0,0,0.4676797171596099
1479236028#1479236023,0,1,0.5362083911359892
4905562130#1800623713,0,0,0.47403504101835847
1656969942#14503977526,0,0,0.4882290103186866
3956546637#4589997386,1,1,0.5458323210471693
4506637171#3846598639,0,0,0.4970189944923939
2117538897#3747247759,0,0,0.4750619530140577
4735669408#2118966054,0,0,0.4676797171596099
3747247759#114018376174,0,0,0.4676797171596099
4475599263#5010064143,0,0,0.4676797171596099
1816430010#3541397287,0,0,0.4691200233390936
4037395648#3734194433,0,0,0.4869980246895044
194754298019#4765643443,0,0,0.4682678397736881
1835570826#2145127974,0,0,0.4816451322120331
5075124648#4735669408,0,0,0.4809345222400962
1552378116#4674911211,0,0,0.4676797171596099
54158063907#4636524355,0,0,0.48794511575834343
4856748067#307252705345,1,1,0.5173939554504059
3926967278#2057120532,0,0,0.4904558545781824
4837628601#1382163772,0,0,0.4676797171596099
3363359717#3072563854,0,0,0.47630333974845845
1695721912#3633141413,1,0,0.4804841553071308
4525991689#4214872608,0,0,0.49331664621169824
148602656984#3862268059,0,0,0.4874046860589594
1659804386#4837628601,0,0,0.4676797171596099
4582141355#4525991689,0,1,0.5117073698472947
1693941156#1740857110,1,0,0.4935042987469869
1798868787#1800623713,0,1,0.5282562601257503
1436335814#4145496082,0,0,0.4813385010845964
4435951946#4582141355,0,0,0.47391122187987283
1409261677#3633526158,0,0,0.4676797171596099
4072428623#5098812409,0,0,0.4676797171596099
4492977050#1423347109,0,1,0.5167535609325078
2054699471#1592253981,0,1,0.5316672010231026
6626538016#248352373136,0,1,0.5227238064226907
1666737679#1847649330,0,0,0.4676797171596099
3829554374#1800623713,0,0,0.49204567688959505
75782528054#465306971541,0,0,0.4945720225248164
3863546507#3861213317,1,1,0.5354522761257329
2119467444#3267793376,0,0,0.47495662167224956
5050765983#2058085195,0,0,0.4676797171596099
3835082917#3860804392,0,0,0.47494708019341425
5205797148#3878447642,0,1,0.5097058559062181
3560844585#5108475165,0,0,0.46987747801779817
4477045287#4705563490,0,0,0.4888395405426282
2057186168#4674911211,0,0,0.4676797171596099
4072366249#4671204264,0,0,0.4883175837776203
4316547764#4485683605,0,0,0.4676797171596099
4455408499#2069259743,0,0,0.4676797171596099
1752647304#4523978139,0,1,0.5090416061889579
2446874502#3734194433,0,1,0.5128509939200071
3598098302#4905562130,0,0,0.4704605476038257
569491804341#2098264088,0,0,0.47478170301571987
4662125901#5206198663,0,0,0.4754095499654838
3045322155#4072428623,0,0,0.4676797171596099
4666990747#3994501565,0,0,0.47742505385808043
3073724824#1639169322,0,0,0.47368109893410876
4511530729#1479236024,0,0,0.4697525486508405
4538676877#3690457393,0,0,0.4708196241398182
1639170956#1639848935,0,0,0.47769868247909947
87820911338#4338715534,0,0,0.4676797171596099
4498417740#4316547764,0,1,0.5015148473212676
2298730254#4636237354,0,0,0.49138118511119566
4635793707#2053401290,0,0,0.4676797171596099
3706699419#4804117485,0,0,0.4874593889849631
2056961978#538860958841,0,0,0.4697525486508405
1541971038#4833286194,0,0,0.4676797171596099
1479236077#5158514600,0,0,0.4753962059456133
2057667662#2446874502,0,1,0.520893743873932
1621413330#3414192937,0,0,0.48713670129247366
59782651708#3318133040,0,0,0.4676797171596099
2028165651#4538676877,0,0,0.4676797171596099
1726551362#1479236023,0,0,0.4697525486508405
4746786446#41506701575,0,0,0.4714365520966026
138962728028#3766348815,0,1,0.5394262217367376
1847702835#422593008639,0,0,0.4764632814345911
201180045587#2146475582,0,0,0.4828282065670841
113940347013#29755196818,1,1,0.5335372845822328
1656969942#2739075334,0,1,0.5275313581242079
3806586103#3460145307,0,1,0.519377572095676
2120285844#5067776785,0,0,0.46839138372358563
76784498137#329718595140,0,0,0.489186956214519
3470855139#3887115396,0,1,0.5251486111511937
3946418596#1438255025,0,0,0.49133401032561935
3477040043#1639848935,0,0,0.47373712367052684
3047031444#4526072603,0,0,0.4697525486508405
18468663843#4623955842,0,0,0.47525863796971607
1305053590#2180548061,0,1,0.5455341048131931
2057202369#54117240769,0,0,0.46790084628721806
4661837102#4918962509,0,0,0.4847244833356326
3926967278#2725581419,0,0,0.4676797171596099
4176537188#4254790910,0,1,0.5033021490987808
1407873390#96073555522,0,0,0.4736291818857262
4656986610#1752647304,0,0,0.4999178425134246
76084169102#5066791121,0,0,0.4831648813967089
3045486706#3913703465,0,0,0.4905600552615698
5137527272#41958860915,0,0,0.4845123659916524
322313716889#20170380680,0,0,0.4676797171596099
32421248987#5206198663,1,0,0.4676797171596099
2175677532#2296910026,0,0,0.4676797171596099
2027873351#1407873390,0,1,0.5027712771554228
1768955738#2112308266,0,0,0.4676797171596099
4338715534#4134047757,0,0,0.4676797171596099
2112308266#2027873351,0,0,0.47764560739723705
3245047192#1640258299,1,1,0.5277078637291224
2055425355#4855224068,0,0,0.4846455008574203
2053401290#1651852765,1,0,0.49866876460078813
1320157321#3964074224,0,0,0.48336443925079514
4726696498#4444217370,0,0,0.4676797171596099
4841234225#3945392968,0,0,0.48278352402971064
5193152815#3835082917,0,0,0.4676797171596099
5093302594#5137527272,1,0,0.4870209752207665
3074519515#3826134250,0,0,0.4911769489786234
3215754174#4259837358,0,1,0.5194602771041404
2057186115#3690457393,0,0,0.46512104502573076
3696903469#86403779490,0,0,0.4676797171596099
5206198663#2137028345,0,0,0.48903058778980424
1955026154#4492977050,0,0,0.4733233744543828
2125106599#4448697469,0,1,0.5107879950692432
4312099236#1671508853,0,0,0.4769655216651685
4623955842#1479238952,0,0,0.49519795157660484
41506701575#4589997386,0,1,0.518271272274628
25524025062#3370936702,0,0,0.48846019453788303
4038971285#378612909737,0,0,0.4966897658110216
1640258299#1986152983,0,0,0.4724083539264285
3829182480#3598098302,0,1,0.5024052480687725
2296910026#2054980574,0,0,0.4676797171596099
2011422795#1562031765,0,0,0.49879481632843964
1752631076#2973532517,0,1,0.5016020894279112
1715361146#4020730390,0,1,0.5143833720051209
1816678631#2146476172,0,0,0.47417462766410623
3072563854#1412102698,0,0,0.4999401620904388
2111818909#1978617397,0,0,0.47334058408956897
75782528054#4429293356,0,0,0.4945720225248164
418887222012#4313472390,0,0,0.4676797171596099
4755406731#4619843239,1,0,0.4721482186605783
2059786009#201180045587,0,0,0.4676797171596099
39074124372#307252705345,0,0,0.4869861820126915
3030484462#5124643800,0,0,0.4676797171596099
2153059963#4448697469,0,0,0.48991280123039616
2057199781#2058085195,1,0,0.4703898083154047
1639386839#3967284896,0,0,0.4676797171596099
1608506098#2060192584,0,0,0.4818591909402094
4004949751#3559629814,0,0,0.4676797171596099
1780797402#4111411514,0,0,0.4676797171596099
4619195159#1752647304,0,1,0.5090416061889579
2671772709#4111311078,0,1,0.5154986282139096
4255600579#2098264088,0,0,0.47432860686984457
4836895938#3633736951,0,0,0.4825970846262694
4999204837#4551052278,0,0,0.4676797171596099
82325773100#2055298486,0,0,0.4676797171596099
29755196818#4582141355,0,1,0.5095308289176518
1401952612#4436222774,0,0,0.4702690236183587
3232083339#3691716746,0,0,0.4682678397736881
4313472390#49472388467,0,0,0.4676797171596099
5169118253#3915232509,0,1,0.5006668871022921
4755216808#5185354751,0,0,0.478104657746373
4582141355#1847939089,0,0,0.4815135563958483
1402124924#3442901956,0,1,0.5014166143063372
2054980574#5094395218,0,0,0.47183537204695747
2028648293#1708941558,0,1,0.5128108815330805
4830910802#3861213317,0,0,0.4885589222315365
4551052278#1739928560,0,0,0.4753962059456133
3980255436#4261169259,0,0,0.4711928548303242
1951491884#3598098302,0,1,0.5010163977152615
2056297322#2598389634,1,0,0.4676797171596099
4999204837#3267793376,0,1,0.5010754192427068
4264570268#4673963150,0,0,0.4676797171596099
1810185303#3245047192,0,0,0.4691196545761596
4636583527#2296910026,0,0,0.4939325584620596
4417877411#9882651379,0,0,0.4676797171596099
1818747960#5214349442,0,1,0.504813797371455
4108293691#4111411514,0,1,0.6247477908933974
3296349690#3937803478,1,0,0.4807439900244843
4538676877#1403922320,0,0,0.4728932683777159
57482538021#82342257069,0,1,0.5011661846859734
1709836734#3052165975,0,0,0.46839138372358563
3887115396#3915028298,0,1,0.597238384949543
