pair_id,label,probability,prediction
2070627808#2056478070,0,0.41080508,0
4479070818#4323500485,0,0.41088998,0
2455800880#4972894326,0,0.41487202,0
4593095274#3214249595,0,0.4130408,0
4206242446#4206267336,0,0.41612226,0
3551393318#3513178266,0,0.4122297,0
2078774568#4672808661,0,0.41516894,0
4643718292#4200577198,0,0.4155982,0
4401870234#2058148983,0,0.41633713,0
2069774757#3431879179,0,0.4134366,0
4256622048#4346970606,0,0.4130493,0
3764759336#4034038494,0,0.4175765,0
2114341514#2062075977,0,0.4164202,0
6015919609#1557919756,0,0.41792178,0
1701333916#2026258516,0,0.41438016,0
3903296442#1953270965,0,0.41410753,0
4435686270#1574873794,0,0.41294473,0
18465816919#2057811649,0,0.41320765,0
1728174549#4991881534,0,0.4121475,0
8431814058#1627587582,0,0.41628334,0
4804861605#4780994423,1,0.4133487,0
4851901157#1326086493,0,0.41622767,0
1639219119#2296574953,0,0.4173004,0
2062845102#2235828707,0,0.4138625,0
4656986610#1437868238,0,0.41345426,0
1818739935#4457149562,0,0.41696027,0
4641374150#2115880476,0,0.41424298,0
1438441444#3642422898,0,0.4183547,0
3836576451#3836676657,0,0.40945596,0
1914706723#3054671141,0,0.41220495,0
2057342439#4206269897,0,0.4131929,0
3108657350#178258449477,0,0.41269225,0
4435528162#4530026053,0,0.41401526,0
4232666143#3055576029,0,0.4117174,0
2059400154#1639390814,0,0.41529652,0
1401982678#8431809688,0,0.41533655,0
4867542841#4659194738,0,0.4181186,0
3044025040#3411721643,0,0.41643384,0
4581502608#4538419241,0,0.41569397,0
1905948078#1394397775,1,0.41098613,0
1701333916#1374772535,0,0.41188118,0
3557197892#2247165276,0,0.41437572,0
1537709311#4209814745,0,0.41570535,0
4572636295#4535941097,0,0.41119024,0
5037293131#4898626808,0,0.41853845,0
5096293410#1457252585,0,0.41380355,0
2026258521#2026258520,0,0.4093084,0
4354044382#1416528046,0,0.41558808,0
1639219119#2359435242,0,0.41327068,0
14613469834#4535949395,1,0.41747957,0
4589595738#4619195159,0,0.41145846,0
4451288784#3446029040,0,0.4143415,0
2058563113#202363939789,0,0.42024168,0
1437868238#4628867825,0,0.41555113,0
2068436073#4129122420,0,0.41437104,0
1640340946#1811606488,1,0.4151006,0
102514982310#1914706723,0,0.4133828,0
4176217131#3032709817,0,0.4160367,0
2114716134#3903296442,0,0.41569102,0
4944579314#2055886100,0,0.41766056,0
2275666316#1711687490,0,0.4148102,0
2062770841#2067377960,1,0.41260022,0
2977755545#50016874555,0,0.41429305,0
50602314209#4471122121,0,0.4121156,0
4479096588#4261185678,1,0.41535747,0
97115452949#4479095804,0,0.41555014,0
3487828521#1594535010,0,0.41451567,0
6871473475#4065721591,0,0.410236,0
2092174215#1816430010,0,0.41718826,0
2183968048#1374772550,0,0.41454437,0
1914403252#4206242446,0,0.41742736,0
3289002540#3289002505,0,0.41425678,0
4298588573#3772512066,0,0.41004205,0
3836676657#4542321633,0,0.41304287,0
4022447951#14613456118,0,0.41545022,0
29608029868#4915591396,0,0.4171546,0
4867542841#4657354294,0,0.41886085,0
3525845999#1316058339,0,0.417647,0
3791139342#2314360284,0,0.4142318,0
5018389488#4538419241,0,0.41618478,0
1639390814#1430988070,0,0.4136985,0
2150036453#3926867260,0,0.41132572,0
3642422898#3107598853,0,0.41669932,0
1640340946#4408616491,0,0.41328233,0
4405676807#4304261357,0,0.4130736,0
3882201915#4572374020,0,0.41616336,0
75959618233#2135054445,0,0.41632223,0
4973150488#1639390814,0,0.4140875,0
4304261357#4214739605,0,0.40954807,0
4454965094#4450888165,1,0.41769803,0
2111350136#2113288221,0,0.41384777,0
2169220658#5165108496,0,0.41188914,0
1816428069#3227376447,0,0.41639364,0
2119398744#2165015487,0,0.41187215,0
1784900254#97115452949,0,0.41269735,0
146777938215#364679238122,0,0.41490164,0
8431809688#53263275323,0,0.4133403,0
4215038721#4726704241,0,0.41034523,0
2727127831#4202096119,0,0.41404018,0
2062766801#2113760999,0,0.41368398,0
4231111906#4232471781,0,0.4132174,0
3794247232#2727127831,0,0.41143647,0
3269719212#2066246683,0,0.4104049,0
4003298247#4397595587,0,0.4193507,0
4272843119#3836676657,0,0.41642976,0
1811606488#2452901483,0,0.4140789,0
2061309144#2059483876,0,0.41402188,0
14613464513#146011937628,0,0.41531715,0
3347114660#4687116172,0,0.41234615,0
3580539229#1701333916,0,0.41642576,0
18468188878#4658620132,0,0.4144847,0
1840606003#4149299298,0,0.41598505,0
14613588147#14613464473,0,0.41363767,0
3794247232#4898626808,0,0.4194488,0
1646144729#1427286361,0,0.41647983,0
2054657150#4761512241,0,0.4130518,0
5318769457#5169257623,0,0.41479626,0
1635692869#2058316912,0,0.41341084,0
2057685237#4165585148,0,0.41759256,0
4489521100#3439202323,1,0.41037324,0
2338916683#3770456617,0,0.41539422,0
3461052410#3259289288,0,0.41576847,0
5318769457#5210078086,1,0.4101761,0
4259241183#2074458538,0,0.4144524,0
4542039020#4761512241,1,0.41367695,0
2066509477#1718471304,0,0.4157994,0
4542386587#1656969942,0,0.41307452,0
4210986952#46983614517,0,0.41161236,0
2124411604#4232471781,0,0.4158152,0
3628533316#3446029040,0,0.4158747,0
2604119334#2027890207,0,0.4158569,0
54158093151#4479070818,0,0.41134873,0
2455800880#2118416856,0,0.4163316,0
2027929598#4450602322,1,0.41267753,0
3501285885#1639699607,0,0.4126781,0
2075914534#3054434630,0,0.41256076,0
4483987744#5154681248,0,0.4156985,0
4643943359#2296451977,0,0.41574547,0
5173394727#146011948003,1,0.4168362,0
4687116172#1347237190,0,0.41571936,0
3882201915#2122362220,0,0.41561568,0
1752749942#4247271139,1,0.4139657,0
1770010645#55721888445,0,0.41325766,0
4699280965#1694379811,0,0.413853,0
4130010417#4448830722,0,0.41090643,0
1313607746#4726704241,0,0.414691,0
4620685919#4718263231,0,0.41310763,0
3609077013#3474372520,1,0.41522318,0
4272885125#1701333916,0,0.41970915,0
4316999113#4176217131,0,0.41503707,0
3831256267#4542039020,0,0.40915442,0
1914403252#4479070818,0,0.41015,0
2113288221#3903296442,1,0.41613623,0
4804861605#4130010417,0,0.4149788,0
2068602973#2078774568,0,0.41560778,0
5014897285#4197138413,0,0.41040024,0
157726428514#167570408533,1,0.41319492,0
422592070627#14613456118,0,0.41717812,0
2092938385#2057986140,1,0.41539574,0
1701333847#1398443073,0,0.41184565,0
18466210670#4750249486,0,0.41210282,0
4589678847#4619195159,0,0.41600537,0
2111041560#2056078364,0,0.4063781,0
3050045988#1951195150,0,0.41666713,0
3227376447#1813034413,0,0.41621804,0
3347114660#1427286361,0,0.4160531,0
117154450703#3999176481,0,0.410437,0
4898626808#3046471496,0,0.41749397,0
3108657350#5183692300,0,0.41550004,0
1653994308#4613276653,0,0.41464782,0
50602314209#53263275323,1,0.41525412,0
2111041560#1694379812,0,0.40919003,0
4034038494#2338916683,0,0.41661164,0
2296493468#4535949395,0,0.4171418,0
373850283306#3054671141,0,0.41085464,0
100995265790#1633806208,0,0.41206506,0
4635981164#4825375981,0,0.4143461,0
4289086328#3836576451,0,0.41448554,0
1557919756#1319944364,0,0.41529444,0
2092610519#3269719212,0,0.41254908,0
3594649033#3359180524,0,0.41632533,0
5090005101#212394033260,0,0.41363895,0
125323389433#4223934140,0,0.41687456,0
4656986610#2168053481,0,0.41616282,0
4259429802#4260680249,0,0.41522452,0
3929215225#2007847537,0,0.4200761,0
14613588147#54158093151,0,0.41225865,0
4479096850#107725296889,1,0.41436362,0
4161797606#4132281843,0,0.41634765,0
1903466347#3487828521,0,0.4145717,0
2058316912#4851901157,0,0.41657403,0
1810185303#3557197892,0,0.414853,0
3236601708#1438326380,0,0.41068253,0
2124411604#4536041187,0,0.4128551,0
1684789889#2977755545,0,0.41145757,0
1382214880#2111041560,0,0.4079713,0
18468695966#2068602973,0,0.41594937,0
4926426630#114453608394,0,0.41543743,0
2003710867#3630377420,0,0.41765106,0
219547393842#2114341514,0,0.41574693,0
378133536273#2455842713,0,0.41878623,0
3404019592#1847712017,0,0.4170349,0
2114341514#8431809688,1,0.41305104,0
1533602348#3594649033,0,0.41835862,0
2254264382#23230310067,0,0.41455528,0
4667944802#3648904906,0,0.41582862,0
2119476678#3644272514,0,0.41091916,0
4215038721#4451124306,0,0.41439307,0
4705583754#4735432768,0,0.4167689,0
2007329552#5018368651,0,0.41761425,0
156277207697#3401731422,0,0.41686752,0
2111350136#19705527158,0,0.41600782,0
4687116172#107725290582,0,0.41363946,0
2026258516#1565913509,0,0.41501096,0
2115151765#2281691154,0,0.4143615,0
2455800880#4972894677,0,0.41337362,0
10530767652#10175162517,1,0.41460016,0
2079572106#2075416140,0,0.41586336,0
4417849752#18467669365,0,0.41675332,0
1701333916#1543155210,0,0.41529232,0
1712080073#2314360284,0,0.41513354,0
564144132292#4232471781,0,0.41368097,0
378133536273#1416827061,0,0.41709763,0
4549189933#3114734058,0,0.41129315,0
4623949166#1751364886,0,0.4149712,0
3550979323#1816427364,0,0.4180286,0
2074019451#2058148983,0,0.41413614,0
4489521100#21269204096,0,0.41391477,0
1477156406#309312101477,0,0.4154916,0
3629624977#2111818909,0,0.41339847,0
2338916683#2339749085,0,0.4143109,0
3055576029#2115880476,0,0.41339007,0
22859701254#2117948923,1,0.4161285,0
1497880313#4215038721,0,0.4105023,0
3439202323#2003336437,0,0.41391093,0
1537709317#4057032761,0,0.41589507,0
1727736762#1712570793,0,0.4170219,0
4623947495#309312102749,0,0.4133667,0
4867542841#3896058143,0,0.4151674,0
3882201915#4391919171,1,0.41625214,0
4298588573#4641374150,0,0.4118819,0
1326086493#2057685237,0,0.4162696,0
3648904752#3669306485,0,0.41404125,0
3848611844#4451288784,0,0.41500407,0
3648904752#2113288221,0,0.41382962,0
3359180524#4726704241,0,0.415734,0
1646206864#4176217131,0,0.4168553,0
2275666316#3052165975,0,0.41706085,0
4451342506#4157381557,0,0.4118041,0
3831256267#4549189933,0,0.41362283,0
2066509477#97115452949,0,0.4142983,0
5096293410#2058316912,0,0.41584948,0
10530767652#1903466347,0,0.41601282,0
4680203965#4643011415,0,0.41429362,0
309312101477#4623934568,0,0.41432577,0
4451089335#2254264382,0,0.4124188,0
2452901483#343200247912,0,0.41068357,0
4285709211#4316999082,0,0.41298687,0
309312102749#1718471304,0,0.4154524,0
14613461939#4658620132,0,0.4142044,0
5041670056#4913742546,0,0.41431212,0
1382214880#2133358535,0,0.4066093,0
3214249597#60367707728,0,0.40851378,0
4215038721#2056478070,0,0.41245133,0
150594502346#2059052537,0,0.41944894,0
3633572726#2092610533,0,0.4142993,0
1427286361#1477293192,1,0.41582963,0
18465721026#4495044650,0,0.4136309,0
1656969942#1654102057,1,0.4137834,0
3075628047#2027838359,0,0.41540343,0
4232666143#4657354285,0,0.41737464,0
79993360240#364679238122,0,0.41592944,0
4579172309#3557197892,0,0.41050828,0
2054657150#4636381625,0,0.41288465,0
49857216438#4346970606,0,0.41615203,0
4535949395#4479096588,0,0.4173202,0
343200247912#4623934568,0,0.41444904,0
4620685919#2056662276,0,0.41446564,0
4663785560#4667944802,0,0.417111,0
4065721591#3485676898,0,0.4117862,0
2180579787#2183963548,0,0.41202912,0
87820911338#3791139342,0,0.41371027,0
4658620132#2298730254,0,0.41412196,0
3349756713#167570408533,0,0.41425082,0
4384403228#1721524699,0,0.41516134,0
4195993580#1646275700,0,0.41813108,0
4450888165#1780678934,0,0.41350245,0
3860948251#2058132898,0,0.41201285,0
4274235353#86283717806,0,0.40602064,0
422592070627#4631852445,0,0.4138004,0
4538419241#1395111624,0,0.41637963,0
3550979323#564144132292,0,0.4165257,0
4215058789#4057032761,1,0.41811383,0
5096293410#1848008894,0,0.4129727,0
2061673563#3934602500,0,0.41364077,0
5210078086#1565925308,0,0.41062224,0
2551494872#5003601219,0,0.41069773,0
5185236541#4196030610,0,0.41557854,0
10530767652#3487828521,0,0.41445535,0
2159739481#1694379811,0,0.41435692,0
53263229623#53263275323,0,0.40964484,0
1537709317#1537709311,0,0.41577533,0
3903241588#4943818903,0,0.41772243,0
5037293131#2135316663,0,0.41181675,0
3259289288#7026230674,0,0.41301787,0
2062766088#4643898157,0,0.41719314,0
1374772550#1398443073,1,0.4130892,0
146011937628#1656969942,0,0.41537148,0
47752312088#4140165052,0,0.4163001,0
1994805938#2199135578,0,0.41586164,0
4206224036#4659194738,0,0.4151585,0
1430988070#2359435242,0,0.41946426,0
4155510577#4040016243,0,0.41641906,0
1316058339#1319944364,0,0.41658035,0
156277514294#138963214044,0,0.41117895,0
3628533316#3954668240,0,0.41661173,0
3926867260#3361906432,1,0.41658163,0
4226659635#4232471781,0,0.41260868,0
3831256267#292830032329,0,0.4121237,0
1721524699#2114049002,0,0.4158978,0
1386747994#1395111624,1,0.40933013,0
1528865186#2057145715,0,0.41192982,0
3550979323#4157551094,0,0.41631958,0
3501281334#4150903563,0,0.41333058,0
2062770841#422592070627,0,0.41628674,0
4223043910#1867286717,0,0.41206232,0
4057032761#2163049577,0,0.41511568,0
3361906432#3411721643,0,0.41673315,0
3431879179#4572374020,0,0.41219574,0
3612961288#3999176481,0,0.40733913,0
38406123057#4642512906,0,0.4169069,0
2057145715#2063588766,0,0.4126488,0
45531943201#5027483278,0,0.41100818,0
124021630369#2727127831,0,0.4145804,0
3363370353#3419405027,0,0.4171084,0
2058278464#1635692869,0,0.4147417,0
14613469834#314601953357,0,0.41085753,0
3347114660#4272137501,0,0.4142963,0
3403917033#4316999113,0,0.4157885,0
4581502608#1537709308,0,0.41617495,0
4828387554#3849817492,0,0.41585815,0
1741741476#4680204120,0,0.41212833,0
4804861605#3470148182,0,0.4142657,0
1415647813#7161172305,0,0.41883022,0
1565913509#1456843034,0,0.4149968,0
2148153592#2113760999,0,0.41498083,0
1528865186#4489521100,0,0.41282833,0
5018389488#5154681248,0,0.41729832,0
5007075941#5027483278,0,0.4149784,0
4840773591#4841409785,0,0.41543618,0
187508564338#2064229512,0,0.41700226,0
212771874474#4755359264,0,0.41296628,0
4628467232#4065721591,0,0.40948674,0
580549064505#3881831374,0,0.41307554,0
4536450435#4439737347,0,0.4171644,0
3920807098#1709057480,0,0.41434318,0
1312695289#3044853716,0,0.4125276,0
4534359957#187508564338,0,0.41324776,0
4900378668#2199135578,0,0.41312358,0
18467925256#18465851371,0,0.41587403,0
49857216438#3609077013,0,0.41658977,0
2066624968#4570764341,0,0.4101903,0
3954668240#3054671141,0,0.41505352,0
5087832312#5090005101,0,0.4140725,0
1751364880#1502384801,1,0.41491753,0
4742698844#1843271409,0,0.413718,0
1840606003#1319944364,0,0.41761872,0
50602309472#60367707728,1,0.41472727,0
1453532038#1646275700,0,0.41594717,0
1696095096#1627738213,0,0.41204396,0
2059052537#14613588147,0,0.41590223,0
2359435242#2116342008,0,0.4182365,0
5167083430#18465721026,0,0.41434437,0
2070791273#1419344414,1,0.40758932,0
5007075941#1778563595,0,0.4131514,0
4129122420#1398682725,1,0.41567123,0
4657354285#18467669365,0,0.41530755,0
4993036319#113196401893,1,0.41335228,0
3108657350#2111818909,0,0.41189283,0
3032709817#2075240892,0,0.4156398,0
109165560395#2059052537,0,0.41922423,0
4643943359#2062766088,0,0.41413957,0
4439737347#4439737367,0,0.41135854,0
4401870234#1416301524,0,0.41967693,0
3032709817#4715847880,0,0.41652215,0
1634282673#1712570793,0,0.4156587,0
3408556286#4900256072,0,0.41993752,0
4584646241#1497939109,0,0.41149577,0
4437827660#4439737367,0,0.41303715,0
1316058339#2058316912,0,0.41775292,0
146011937628#3061887519,0,0.4169838,0
79993360240#3055576029,0,0.4164899,0
1951195150#4755359264,0,0.41223413,0
237523614768#435372126625,0,0.41761717,0
1696438060#1415647813,1,0.41314057,0
2059400154#2113760999,0,0.4162336,0
4439737367#4536450435,0,0.41404623,0
3551872495#4792436579,0,0.41315117,0
3050045988#2074458538,0,0.41663095,0
2115151765#1728174555,0,0.41463637,0
111110399548#150594502346,0,0.415046,0
38202857246#2148153592,0,0.4132884,0
2977755545#4195960848,0,0.416305,0
4444196403#5215138753,0,0.41140163,0
7161172172#7161173338,0,0.41906336,0
18468687381#18468695966,0,0.41520432,0
3628839716#3474685537,0,0.41779265,0
3628533316#2092174215,0,0.41895217,0
4841409785#4417818851,0,0.41402802,0
4470296934#1816929342,0,0.41163242,0
1438483240#2062845102,1,0.40960723,0
3880409698#3651289412,0,0.41655162,0
107725292534#2112576214,1,0.41434944,0
86626661064#2314360284,0,0.41951105,0
4593095274#4401870234,0,0.41285136,0
2075914534#4944579314,0,0.4138812,0
18466202308#4348295931,0,0.41329893,0
1574873794#1696095096,1,0.41281512,0
4439426144#97115452949,0,0.4111707,0
4662042966#4335156801,0,0.41355377,0
2092610536#4643943359,0,0.41386354,0
4451342506#4479096588,0,0.41467875,0
4470296934#3477269989,0,0.41610146,0
4748650954#4572636295,0,0.4068348,0
2054657143#4653616782,0,0.4152115,0
2268287413#146778888902,0,0.4152729,0
4316999113#4348295931,1,0.41007018,0
5197586202#4439737347,0,0.41375038,0
4285491833#2066624973,0,0.4124383,0
3926916973#4535930871,0,0.4171007,0
2977755545#4196030610,0,0.41228044,0
3451234547#3551393318,1,0.41589168,0
4898730640#2063588766,0,0.41548803,0
1472057117#336556403061,0,0.4142401,0
2115528606#3988152389,0,0.41405052,0
2062867476#2060355842,0,0.4131808,0
3603201749#2296451977,0,0.41180393,0
3043492443#4636381625,0,0.41619202,0
156277208014#1775497794,0,0.4132608,0
1497939109#2159739481,0,0.40886703,0
2054733437#4439737367,0,0.41293523,0
38202857246#1951195150,0,0.41020972,0
4206269897#3299599421,0,0.4140497,0
4843831604#4993036319,0,0.41430312,0
107725296889#107725292534,0,0.4143481,0
2061673563#2066535766,0,0.41424274,0
2070791273#2175801910,0,0.4090566,0
4210986952#4247271139,0,0.4104324,0
2061309144#1543155210,0,0.41323572,0
4179651570#4272137501,0,0.4149618,0
1848008894#1951195150,1,0.41128278,0
4943818903#4385421396,0,0.415023,0
2314360284#1548108669,0,0.41479683,0
1438483240#1570945860,0,0.4119246,0
1520168707#2168053392,0,0.41433418,0
2120472151#156277514294,0,0.41256422,0
2060185514#2057145715,0,0.41610992,0
2071751695#4722721497,0,0.41638064,0
4209814745#157726428514,0,0.41200003,0
2056128836#2111818909,0,0.4151093,0
2176735919#2016866277,1,0.41184872,0
3791139342#3967431643,0,0.41444317,0
2057811649#2068623358,0,0.4106923,0
3633360460#435372126625,0,0.4119777,0
3913410158#3245545040,1,0.42202908,0
5031406959#4952978442,0,0.41623437,0
86283717806#1456843034,0,0.4130571,0
156274514359#4535949395,0,0.41576263,0
2336490445#3075628047,0,0.41312143,0
4804861605#1848008894,0,0.41623342,0
4584646241#3949154929,0,0.41616002,0
2062782802#2062766801,0,0.4108566,0
4952978442#1313607746,0,0.4158523,0
14613588147#3880409698,0,0.41508386,0
117154450703#111110399548,0,0.41309723,0
4667944802#3772512066,0,0.414978,0
3648904906#3648904752,0,0.4145884,0
5173394727#4161797606,0,0.41671908,0
1816929342#1694379811,0,0.41359353,0
38202856033#38448881724,0,0.41345814,0
3550931655#2066246683,0,0.41589135,0
1914706723#1905948078,0,0.41252774,0
138963214044#4730645460,0,0.41136685,0
4219781521#2181531828,0,0.41517147,0
4973150488#2455800880,0,0.41394076,0
2058222393#3408556286,0,0.4173578,0
2180579787#2026258516,0,0.41083193,0
343200247912#1477156406,0,0.41293588,0
2064727359#4272885125,0,0.4189355,0
4662042966#4024663252,0,0.41260633,0
3404019592#3299599421,0,0.41574204,0
4535949395#2058132898,0,0.4159732,0
3637042235#4327866563,0,0.40769994,0
5167083430#2977755545,0,0.4146872,0
14613465315#4972894677,0,0.41443846,0
5174571094#2254264382,0,0.41434255,0
4933360994#3046471496,0,0.4136709,0
2111351705#2111349786,0,0.41503102,0
3629624977#2063839578,0,0.41433525,0
4256622048#4256926363,0,0.40941197,0
3848611844#1711852573,0,0.41201425,0
4210985419#2135316663,0,0.4120109,0
3290843987#4479424072,0,0.41334355,0
4898626808#2058132898,0,0.4160097,0
336556403061#4161797606,0,0.4148534,0
1920503864#4259429802,0,0.41586807,0
2055448044#5018023921,0,0.4157015,0
2114049002#309670736915,0,0.41795838,0
4499147142#4929499262,0,0.41097593,0
3772512066#3626237468,1,0.4123426,0
3401731422#3880409698,0,0.41597435,0
173652977366#197910587768,0,0.4108574,0
2159739481#1438326380,0,0.41281122,0
146777938215#2067179166,0,0.41268742,0
2057811649#4680203965,0,0.4122064,0
4643718292#2056478070,0,0.4122119,0
4700047151#3055576029,0,0.41513523,0
1453527936#2359435242,0,0.41459858,0
2066509477#4628482537,0,0.41093358,0
5067776785#2111818909,0,0.4126925,0
4536450435#41375214069,0,0.4170711,0
1848008894#18469192585,0,0.41413942,0
14613464473#54158093151,0,0.41184014,0
2057685237#4444196403,0,0.4153244,0
4673557611#4718263231,0,0.4102122,0
14613464473#2062045929,0,0.41344178,0
4659194738#4973150488,0,0.41601056,0
3612961288#4130010417,1,0.414504,0
4755359264#5018368651,0,0.4171794,0
3988152389#4451089335,0,0.40792733,0
4479424072#4196598949,0,0.410165,0
1817644740#3926867260,0,0.4161383,0
3603201749#4636446230,0,0.41367155,0
3628533316#5128222238,0,0.416731,0
4285709207#4348295931,0,0.41038495,0
4746512285#87820905399,0,0.4160672,0
4176217131#4353960088,0,0.41783026,0
1741741476#2068623358,0,0.41511098,0
4195993580#1816430010,0,0.41913682,0
4451289887#4470296934,0,0.41542464,0
5121642074#156893097471,0,0.41445258,0
4147080749#4538419241,0,0.41527167,0
2112576214#4261185678,0,0.4148509,0
3419405027#3404019551,0,0.4173862,0
3108657350#2148153592,0,0.41195074,0
1419344414#2027838359,0,0.41348332,0
4657354311#156277207697,0,0.41734594,0
14613465315#1592254485,0,0.41641816,0
2163049577#4065797638,0,0.41548246,0
2338131041#5128222238,0,0.41613427,0
4214739605#4941134416,0,0.41026035,0
1548108669#5163452200,0,0.4137501,0
4808134153#2007847537,0,0.41525072,0
4150903563#4065795443,0,0.4093803,0
4195960848#4145496082,0,0.41094846,0
2168053481#4589595738,0,0.41088095,0
4223934140#4589820532,0,0.41819775,0
3651289412#1765891797,0,0.4144724,0
2114341514#18467925256,0,0.41818178,0
4129122420#3400442486,0,0.4122768,0
3438816692#1415647813,0,0.4157328,0
2062845102#5197586202,0,0.41679326,0
4289077889#18468695966,0,0.415782,0
564144132292#138963214044,0,0.41353723,0
2359474749#1594535010,1,0.4166033,0
1878732185#1914706723,0,0.41401365,0
2075416140#4635981164,0,0.4146983,0
7026230674#156277514294,0,0.41379058,0
3501285885#395685899087,0,0.4141182,0
2199135578#113196401893,0,0.41383263,0
2057342439#1810185303,0,0.41587174,0
2026258520#2181531828,1,0.41179645,0
4589678847#2168053481,0,0.4178032,0
5041670056#2063588766,0,0.41367528,0
1696208496#2027838359,0,0.4165403,0
4456625974#4750249486,0,0.41224042,0
3282474651#5090005101,0,0.41440827,0
2062766088#2062782802,0,0.41255978,0
4451288784#3446029041,0,0.4110796,0
3896015808#5174571094,0,0.41006568,0
1778563595#197910587768,0,0.41368234,0
2054733437#2070908197,0,0.4131996,0
2135316663#1312695289,0,0.41316134,0
3517506225#4658620132,0,0.41179645,0
4658620132#3054671141,0,0.41139942,0
2074458538#2026258520,0,0.41246113,0
38202856033#2168053481,0,0.4122792,0
4456625974#2061448087,0,0.4120382,0
174006932062#5173394727,0,0.41665357,0
3882201915#4391918874,0,0.41702437,0
4514269980#4523728345,0,0.4189206,0
4549189933#1816929342,0,0.41462752,0
4643943359#435372126625,0,0.41582245,0
174006932062#4004772536,0,0.41339263,0
3754155310#2027929598,0,0.41127935,0
2061022206#2057685237,0,0.41096827,0
2069139175#1816428069,0,0.41815645,0
2159452221#32236834289,0,0.413032,0
3052180518#2061673563,0,0.41145468,0
4570764341#3044853716,0,0.41121614,0
2062075977#2065201243,0,0.41579726,0
4145496082#173652977366,0,0.41308668,0
4712246454#3551393130,0,0.41256866,0
2059124992#1395111624,0,0.41485325,0
4157381557#4247271139,0,0.41056398,0
5174571094#376973981474,0,0.4126486,0
3727491058#4289086328,0,0.41008684,0
4065721591#1696095096,0,0.41051516,0
4435686270#1696095096,0,0.41379383,0
2199135578#2120155505,0,0.41496927,0
2111872187#3227376447,0,0.4147352,0
14613469834#3501285885,0,0.41496003,0
3603201749#3926867260,0,0.41397068,0
4145496082#2329543699,0,0.41486403,0
4285491833#1920503864,0,0.41503018,0
1633806208#2055377631,0,0.41016924,0
3043492443#5163452200,0,0.42017737,0
2270062912#3551872495,1,0.41481513,0
2114049002#4623949166,0,0.41538846,0
4991881534#1712570939,0,0.41507825,0
4040016243#3050045988,0,0.41850626,0
2007934907#4797396841,0,0.4150921,0
2003336437#4259241183,0,0.4168138,0
4165585148#4210986952,0,0.41264927,0
4015322905#4015422065,1,0.41461465,0
3806980943#4943818903,1,0.41024458,0
3214249597#2159452221,0,0.4134904,0
2359435242#106964376935,0,0.41592714,0
1307874587#2059052537,0,0.420699,0
1711852573#2111351705,0,0.4153637,0
4570764341#8431814058,0,0.41418368,0
2165015487#1953270965,0,0.41345367,0
4589678847#3628839722,0,0.41871628,0
10175162517#4656986610,0,0.41186243,0
4405676807#146011948003,0,0.4133681,0
4317041484#2119476678,0,0.41075972,0
2176735919#1382214880,0,0.41066965,0
2115528606#1592254485,0,0.41663247,0
2455800880#2455842713,0,0.41650602,0
4450602322#4579172309,0,0.41531453,0
1639219119#1565925308,0,0.41498742,0
4157381557#4910561821,0,0.4122894,0
4384403228#3709672083,0,0.4132622,0
4223004786#3633572726,0,0.41276625,0
2055886100#4570764341,0,0.41336292,0
2455800880#4897048724,0,0.41697204,0
1394397775#1565925308,0,0.41414288,0
2079581946#2296451977,0,0.41297254,0
3669306485#4157496031,0,0.41465065,0
1639901072#4722721497,0,0.41575646,0
2159452221#3214249595,0,0.40940422,0
4780994423#5060996735,0,0.4131722,0
4437827660#4155408706,0,0.41247725,0
4495500756#4385184631,1,0.4169513,0
4232471781#4232666143,0,0.41199642,0
3474685537#1646206864,0,0.41270292,0
2026258521#4542321633,0,0.41338968,0
2115528606#6015919609,0,0.41753435,0
4417818851#5173394727,0,0.4152792,0
2551494872#3061887519,1,0.41148633,0
3026064813#3630377420,0,0.4129616,0
3490539439#4065795443,0,0.4162918,0
2062770841#1374772550,0,0.41548377,0
3461052410#1778563597,0,0.41657862,0
4656986610#4589595738,0,0.4152323,0
4214739605#4405676807,0,0.4139762,0
3635733776#4716933437,0,0.41169056,0
4071233134#4451288784,1,0.4142722,0
4327866563#2058563113,0,0.4159804,0
4952978442#1646144729,0,0.41680875,0
4643011415#3359180524,1,0.41582757,0
580549064505#4657354294,0,0.41547775,0
2055377631#5037293131,0,0.41360807,0
4285491833#1318260275,0,0.41251323,0
79993360240#1570945860,0,0.41473493,0
22859701254#50602314209,0,0.4147797,0
38202856033#4943818903,0,0.4130913,0
4572636295#4633378534,0,0.410915,0
3913410158#4206267336,0,0.41431865,0
2058278464#3529095384,0,0.4187809,0
3050152494#2054817755,0,0.41468513,0
107725292534#107725290582,0,0.4153695,0
2066509477#2452901483,0,0.4081924,0
4150903563#3487828521,0,0.41048887,0
4643943359#2070627808,0,0.4124975,0
2057051387#3551872495,0,0.41471693,0
4200562083#4536450435,0,0.4090875,0
202363939789#10530767652,0,0.41444403,0
1701333847#1374772550,0,0.41194817,0
4735432768#4206242446,1,0.416891,0
5014897285#3474685536,0,0.41412443,0
38448881724#5095503840,0,0.41273257,0
2079581946#2070908197,0,0.4181262,0
4716933437#1811606488,0,0.41330707,0
1312695289#2066624968,0,0.41260606,0
212771874474#187508564338,0,0.41313812,0
2026069710#4589830735,0,0.41104928,0
4451289887#3446029041,0,0.4130076,0
2074019451#4385069368,0,0.4154622,0
4495500756#3550979323,0,0.41641074,0
3400442486#2059052537,0,0.41839096,0
4206224036#4206267336,0,0.41226348,0
1477156406#4157280271,0,0.41482627,0
4204386191#1416301524,0,0.4175883,0
2057685237#4147080749,0,0.4158052,0
2056662276#100995265790,0,0.41403267,0
3555205657#4150903563,0,0.41100785,0
4323500485#4748650954,0,0.4080405,0
3594649033#4700047151,0,0.41506445,0
3044025040#4210985419,0,0.41537958,0
4644140313#4065721591,0,0.4130349,0
3896058143#1816929342,0,0.41325518,0
1818739935#2065201243,0,0.41573235,0
4223934140#201663692217,0,0.41402438,0
4442900590#4451289887,0,0.4150644,0
4205538788#4218561827,0,0.4151041,0
113196401893#2058316912,0,0.4155726,0
237523614768#1574873794,0,0.41685155,0
4551054156#4535949395,0,0.4167272,0
4206224036#4746144353,0,0.4147131,0
3236601708#3269719212,1,0.4117966,0
2314360284#4259429802,0,0.41695172,0
4495044650#1497939109,0,0.40828165,0
3477269989#2275666316,0,0.41558713,0
1537709308#4209814745,1,0.41608664,0
1574873794#4730645460,0,0.4105821,0
4077473357#3446029040,0,0.41533875,0
4065795443#3501281334,0,0.4100576,0
2268287413#2359474749,0,0.4178704,0
1696208496#2070791273,0,0.41381904,0
4604457043#4511530729,1,0.4106443,0
125323389433#50602309472,0,0.41458318,0
3363370353#3404019551,0,0.41479933,0
3669306485#3289002505,0,0.41419062,0
5214033793#5031406959,0,0.40908632,0
2120851333#156893097471,0,0.41615668,0
314601953357#2055377631,0,0.41310146,0
2061448091#4209814745,0,0.41255414,0
1701470611#1472057117,0,0.41815865,0
41713266437#5007075941,0,0.4178799,0
4155510577#1951195150,0,0.41546154,0
4551054156#4391919171,0,0.41631997,0
2069139175#4384414279,0,0.41600603,0
1537709308#87720200914,0,0.41530848,0
1472057117#1728174555,0,0.4173118,0
2078835030#4417849752,0,0.4149142,0
4291077418#2062045929,0,0.4144013,0
1920503864#4457149562,0,0.41023222,0
106964376935#10530767652,0,0.4162696,0
3628839717#3451234547,0,0.41675726,0
1741741476#1438483240,0,0.41312397,0
21269204096#3046471496,0,0.41560277,0
2268304430#3648904752,0,0.4143059,0
3712801411#4900378668,0,0.41564134,0
395685899087#4196521320,0,0.41347668,0
1307874587#1818739935,1,0.418386,0
4499147142#5182742886,0,0.40647873,0
2120472151#3903241588,0,0.4161704,0
1520168707#2056662276,0,0.41286528,0
138962728028#4636381625,1,0.41684562,0
4285709207#1816430010,0,0.415685,0
291173146171#38448881724,0,0.4132257,0
2057051387#3419405027,1,0.4171042,0
4040016243#3836576451,0,0.41728416,0
2064727359#86283717806,0,0.4167899,0
3055576029#4726704241,1,0.41414136,0
4820163687#4323500485,0,0.41079244,0
1751364880#4514269980,0,0.41864902,0
2069985286#373850283306,0,0.4151763,0
4635981164#4623570105,0,0.4153613,0
4330455313#4165585148,0,0.4096198,0
2168053481#1520168707,0,0.41446212,0
8431809688#3043492443,0,0.41604608,0
2057051388#156893097471,0,0.41384172,0
14613460476#3403897392,0,0.41375995,0
1816430010#1321409006,0,0.41220742,0
5169557343#3269719212,0,0.41161543,0
4454965094#4663785560,0,0.41663763,0
2159452221#4570764341,0,0.41197827,0
292830032329#3628533316,0,0.41392684,0
4435686270#580549064505,0,0.4113794,0
2111349786#2111350136,0,0.41398665,0
4570764341#4705583754,0,0.41315067,0
5027483278#5018023921,0,0.41479042,0
3290843987#97115452949,0,0.41547042,0
1718471304#6871473475,0,0.41300455,0
3550979323#4893633475,0,0.41782492,0
2339749085#2338131041,0,0.41486284,0
2727127831#3860948251,0,0.41605577,0
3551393130#4330455313,0,0.4155829,0
5169557343#2117967935,0,0.4108981,0
1778563597#3485676898,0,0.41908675,0
156893097471#1701470611,0,0.41694498,0
4414530598#2175801910,0,0.40844867,0
4572380856#2064727359,0,0.41597643,0
4384414279#4353960088,0,0.41411212,0
2066624973#1312695289,0,0.41344407,0
5182742886#4746144353,0,0.41455662,0
10175162517#4712246454,0,0.4116884,0
4452060617#4456625974,0,0.41127875,0
110232280082#1816430010,0,0.41317037,0
2071751695#18468695966,0,0.4166374,0
4662042966#4668248026,0,0.4181745,0
53263229623#4514269980,0,0.41438833,0
5173394727#3061887519,0,0.4141653,0
138962685339#3487828521,0,0.41526946,0
4761512241#2119398744,0,0.4144878,0
5018368651#7161172305,0,0.41750216,0
4034038494#2007329552,0,0.41977283,0
2120155505#4272137501,0,0.41310117,0
2003336437#1311812490,0,0.41641113,0
2115151765#2199135578,0,0.4148368,0
18467669365#2068436073,0,0.4175971,0
4157381557#4210986952,0,0.41027063,0
4542321633#4530026053,1,0.41420558,0
4623949169#4623949166,0,0.4153938,0
4218561827#3920807098,0,0.41726574,0
4435528162#4619195159,0,0.41116008,0
4274235353#4643938191,0,0.41346705,0
4272887201#3669306485,1,0.4142173,0
2114716134#2113288221,0,0.4144577,0
5169557343#1627738213,0,0.41185343,0
4439737347#3042764047,0,0.4117849,0
4397595587#4223043910,0,0.40677613,0
1694379812#1694379811,0,0.41023186,0
4893633475#2113288221,0,0.4166568,0
4514269980#4202041822,0,0.41823027,0
18468188878#2071751695,0,0.416396,0
4792436579#2977755545,0,0.41436818,0
5163452200#3637042235,0,0.41313225,0
1688824936#2003336437,0,0.4175213,0
156276677247#4662042966,0,0.4146599,0
4898626808#2026258516,0,0.41663173,0
4209814745#2060257095,0,0.41089073,0
19705527158#3628839716,0,0.41957122,0
3949154897#4584646241,0,0.4159417,0
4929499262#4828387554,0,0.4182565,0
2298730254#4450888165,0,0.41596162,0
3644272514#4442900590,0,0.41518605,0
4898730640#3903241588,0,0.41382423,0
4157496031#1520168707,1,0.4155416,0
2336490445#18465721026,0,0.4135231,0
1520168707#97014870931,0,0.4141938,0
4943160331#5208946130,0,0.41715243,0
1712080073#4024663252,0,0.4130276,0
3913410158#4705583754,0,0.4136394,0
1848008894#4272137501,0,0.41483402,0
4628867825#2168053481,0,0.4184381,0
3446029032#1694379812,0,0.413693,0
2122362220#4316999113,0,0.41501445,0
4439737367#3525845999,0,0.41327536,0
3889395495#4202041822,0,0.41837034,0
4662042966#4718263231,0,0.40988743,0
2026258519#2026258524,0,0.41215217,0
3408556286#3043492443,1,0.42247847,0
4450888165#1962074579,0,0.4171119,0
3648904906#111110399548,0,0.4146027,0
4913742546#2055448044,0,0.41477707,0
3880409698#2079572106,0,0.41710606,0
1537709317#4165585148,0,0.41415045,0
2092938385#1778563597,0,0.41635552,0
4289077889#1743052872,0,0.4143762,0
4448830722#4792436579,0,0.4127657,0
1646144729#1313607746,1,0.41481596,0
2062845102#5087832312,0,0.41454458,0
1688824936#2175801910,0,0.41478184,0
3709672083#2057986140,0,0.4173904,0
3691000538#1684789889,0,0.41286847,0
4897048724#1811606488,0,0.41753903,0
4643718292#2296451977,0,0.41450593,0
4442900590#4451288784,0,0.41480234,0
2117948923#4536450435,0,0.41530225,0
2060253226#1565913509,0,0.41362306,0
2064229512#2119476678,0,0.41318405,0
4657354285#580549064505,0,0.41323698,0
18465851371#10530767652,0,0.41408777,0
2069139175#1816430010,0,0.4201881,0
124021630369#4027742647,0,0.41560286,0
4454965094#2066624968,0,0.41530216,0
4551054156#156277208014,1,0.41632313,0
2060253226#5123189265,0,0.413131,0
4811798618#117277915830,0,0.41174462,0
5210078086#2154491220,0,0.40740937,0
3043492443#2117948923,0,0.4172022,0
3282474651#3259289288,1,0.41299024,0
3299598934#189546061243,0,0.41431373,0
3439202323#3949154897,0,0.4149961,0
2060257095#5169257472,0,0.4149862,0
5154681248#138963214044,0,0.41443628,0
3949154929#3949154897,0,0.41725495,0
4232666143#2059400154,0,0.41418335,0
4176217131#4204386191,0,0.41673112,0
4536041187#3949154929,0,0.41611472,0
138963214044#3245545040,0,0.42035764,0
1477293192#4479070818,0,0.41189268,0
2111351705#1637980981,0,0.41693416,0
1921223120#14613460476,0,0.4109832,0
1743052872#2133358535,0,0.40774837,0
276611684552#5090005101,0,0.41723365,0
4841409785#1867286717,0,0.41339353,0
3485676898#5059261580,0,0.41741663,0
4298588573#4718263231,0,0.41004756,0
2062075980#2114341514,0,0.4155452,0
3287805133#4291077418,0,0.41490084,0
178258449477#4898730640,0,0.40981072,0
3630377420#3651289412,1,0.41436002,0
2452901483#2054657150,0,0.41305667,0
292830032329#2118416856,0,0.41312194,0
4943160331#86626661064,0,0.41753945,0
4456625974#1395111624,0,0.40977895,0
2064955879#207035576772,0,0.4122514,0
8431814058#2062075977,1,0.41272405,0
3501285885#4613276653,0,0.40955773,0
4161797606#1594535012,0,0.4169704,0
4993036319#3108657350,0,0.41095975,0
4643718292#2067179166,0,0.41640508,0
4442900590#3446029041,0,0.41318285,0
1639699607#1416827061,0,0.41250962,0
2168053392#4642854804,0,0.41473374,0
4620261674#2062867476,0,0.41429633,0
3474372520#2062867476,0,0.4151775,0
3860948251#2175801910,0,0.4123345,0
3108657350#4998365450,0,0.41346577,0
1438483240#4628482537,0,0.41489467,0
2168053481#4261185678,0,0.4137547,0
4454991968#3431879179,0,0.41014054,0
1416827061#1782357780,0,0.41719475,0
1752749942#2063588766,0,0.41386837,0
2062045929#4538419241,0,0.41504157,0
1548108669#4659194738,1,0.41610473,0
4929499262#3709672083,0,0.41693532,0
4147080749#1694379812,0,0.41404155,0
4209814745#1537709317,0,0.41491848,0
2070791273#2027838359,0,0.41055787,0
3637042235#4040016243,0,0.41464782,0
2150036453#2026258520,0,0.41589794,0
10530767652#4145496082,0,0.4137344,0
4027742647#3557197892,0,0.4130858,0
4943818903#4735503306,0,0.41563258,0
50602314209#50602309472,0,0.4117241,0
1316556785#1311812490,0,0.41771704,0
1318260275#1951195150,0,0.41341197,0
1712570793#1712570939,0,0.4149312,0
2092610519#2113288221,0,0.41466993,0
3628839722#3513178266,0,0.41851005,0
5208946130#86626661064,0,0.41920915,0
2027890207#2154491220,0,0.41113845,0
4435913614#4289086328,0,0.41294125,0
1647227082#1688824936,1,0.4156317,0
4285709207#1477156406,0,0.41528216,0
2027929598#3431879179,0,0.4101843,0
2066624973#2115528606,0,0.41070038,0
4658956014#2122362220,0,0.41616544,0
4898626808#2314360284,0,0.4176808,0
1875282048#4391919171,0,0.41561148,0
1394397775#2059483876,0,0.41549015,0
4589929428#4535941097,1,0.41035557,0
70183897754#5215138753,0,0.41328526,0
107725296889#4261185678,0,0.41311976,0
146777938215#4636446230,0,0.41061613,0
364679238122#4536450435,0,0.41376323,0
4993036319#4851901157,0,0.41188568,0
4353960088#2057986140,0,0.41805673,0
1718471304#4628467232,0,0.41251928,0
5123189265#5018368651,0,0.41753042,0
4439426144#3227376447,0,0.41528147,0
183335907108#2135316663,0,0.41287774,0
1709057480#1718471304,0,0.41170743,0
4454991968#3349756713,0,0.4085375,0
3501281334#3487828521,0,0.4111997,0
4683006694#1382214880,0,0.41326973,0
1453532038#4401870234,0,0.4157681,0
5109193415#4214739605,0,0.41389102,0
1765891797#4715847880,0,0.41204026,0
4285491833#4149299298,0,0.4115247,0
3772512066#146011937628,0,0.41182044,0
4451124306#3124123344,0,0.41747254,0
5169257472#5169253299,0,0.41888547,0
2118416856#2061673563,1,0.41913706,0
1477156406#4746512285,0,0.41588274,0
156277193948#2296451977,0,0.4132753,0
4256622048#292830032329,0,0.4140866,0
1312695289#2176735919,0,0.4082856,0
2296574953#4643718292,0,0.41680154,0
50602314209#11087571368,0,0.41351494,0
4259241183#3637042235,0,0.41430432,0
2168053481#4619195159,1,0.4136732,0
2057986140#4589830735,0,0.41520265,0
3026064813#3691000538,0,0.41256493,0
2074458538#1951195150,0,0.4138629,0
4643898157#2078774568,1,0.41776904,0
4272843119#2064727359,1,0.41955498,0
4572636295#4323500485,0,0.41327864,0
4792436579#2183428945,0,0.41387737,0
1847712017#138962728028,0,0.41546592,0
48926966870#3026064813,0,0.41686818,0
2163049577#4065795443,0,0.4128809,0
2066246683#3236601708,0,0.41215578,0
3626237468#4718263231,0,0.40958586,0
1696208496#1416528046,0,0.41676766,0
4643898157#2063706226,0,0.41727296,0
2119476678#3903296442,0,0.4106148,0
2359435242#18467669365,1,0.41811553,0
2026258521#2180579787,0,0.40954438,0
3446029041#4206267336,0,0.41537032,0
5041670056#1696208496,0,0.41480067,0
3635733776#3691000538,0,0.4136055,0
2359348328#2054753273,0,0.41777205,0
4643943359#2056478070,0,0.4120113,0
3363370353#1847712017,0,0.4167019,0
4642512906#4636446230,0,0.41126195,0
18465851371#2065201243,0,0.41688702,0
156277208014#156274514359,0,0.41901323,0
2058316912#1537709304,0,0.4177353,0
1637581644#1497939109,0,0.40684843,0
2168053392#4619195159,0,0.41363597,0
1905948078#2168053481,0,0.40742654,0
2054657150#2066509477,0,0.41205364,0
4538332005#4643943359,0,0.4161352,0
2075416140#2066535766,1,0.41644487,0
6015919609#4643718292,0,0.414879,0
4643718292#4944579314,0,0.41686666,0
187508564338#4348295931,0,0.41401836,0
4015322905#4401870234,0,0.41596496,0
4542321633#1502384801,0,0.4150736,0
1639219119#3495408683,0,0.41706443,0
1751247315#4450602322,0,0.4152283,0
2135054445#373850284448,0,0.41083834,0
4197138413#156277193948,0,0.4123533,0
3403897392#3926916973,0,0.41464198,0
3882201915#3903241588,0,0.41923633,0
4165585148#4353960088,0,0.4141359,0
4272137501#1994805938,0,0.41629326,0
4542386587#5173394727,0,0.41314226,0
2056128836#1438326380,0,0.41546527,0
1565912494#4202041822,0,0.4186558,0
4200577198#1472057117,0,0.41614875,0
4680204120#2057811649,0,0.41155845,0
4657354294#4256926363,0,0.41636524,0
3431879179#3754155310,0,0.41341373,0
2064730522#3648904752,1,0.41294822,0
4657354311#2165015487,0,0.41325566,0
3445564730#3461052410,1,0.41912657,0
14613461939#4972894677,0,0.41453806,0
4840773591#156274514359,0,0.41499558,0
3259289288#7161172305,0,0.41519186,0
1386747994#4781194041,0,0.41143003,0
2026258516#2007329552,0,0.4154973,0
38448881724#4959321228,0,0.41351378,0
4668248026#38202856033,0,0.41772985,0
4551054156#14613456118,0,0.41820213,0
4843831604#113196401893,0,0.4131051,0
4391919171#4584646241,0,0.41431856,0
2062045929#106964376935,0,0.41527402,0
3363370353#2057051387,0,0.41789752,0
1311812490#1647227082,0,0.41587025,0
2455800880#2057051387,0,0.4159182,0
2268304430#2359474749,0,0.4167474,0
2268287413#2268304430,0,0.41689885,0
3770456617#3485676898,0,0.4179579,0
1570945860#3633360460,0,0.41407874,0
2064414260#4589929428,0,0.41333047,0
276611684552#4479070818,0,0.41620713,0
1654102057#1921223120,1,0.41216418,0
54161674630#75959618233,0,0.41456178,0
4479096588#4699510653,0,0.41550884,0
3806980943#38448881724,0,0.4125671,0
4457149562#219547393842,0,0.4161558,0
3709672083#4353960088,0,0.4149935,0
146011937628#5173394727,0,0.41785997,0
4454965094#4015422065,0,0.41857916,0
4619195159#4454991968,0,0.41389298,0
38406123057#91686025987,0,0.4156372,0
4353960088#5197586202,0,0.41658556,0
4226659635#4226659634,0,0.41425082,0
4201830454#3626237468,0,0.41402593,0
3628839716#3513178266,0,0.41820082,0
4542321633#4451289887,0,0.41707656,0
4451342506#4479095804,0,0.4153239,0
4535949395#156277193948,0,0.41731238,0
4346970606#4034038494,1,0.4166291,0
53263275323#4763332016,0,0.41228703,0
2007847537#1594535010,0,0.41679668,0
212394033260#4214739605,0,0.41152003,0
1634282673#309312101477,0,0.416209,0
2074458538#4155510577,0,0.41593367,0
4232666143#4683006694,0,0.41365054,0
4215038721#4451124293,0,0.41338286,0
167570408533#4631852445,0,0.41223192,0
3633572726#2727127831,0,0.41160095,0
4535949395#4840773591,0,0.41556963,0
4657354294#4226659634,1,0.41656876,0
1477156406#2343156405,0,0.4118279,0
3551393130#125323389433,0,0.41603604,0
4720389596#46983614517,0,0.41433552,0
4200577198#202363939789,0,0.41304985,0
1574873794#3501285885,0,0.41175422,0
4272887201#3648904906,0,0.4142449,0
2298730254#3050152494,0,0.41263053,0
11087571368#2063839578,0,0.41523615,0
2066535766#2079572106,0,0.41364646,0
8431809688#2054753273,0,0.41723797,0
4755359264#22859701254,0,0.417701,0
3474372520#3470148182,0,0.41665336,0
373850284448#4658620132,0,0.41197193,0
41713266437#5090085713,0,0.41630173,0
4613276653#2058316912,0,0.41209292,0
4644140313#395685899087,0,0.4118485,0
1712570939#1712573177,0,0.4166478,0
5185236541#3052180518,0,0.4162289,0
1740857110#1751247315,1,0.41269082,0
3644272514#4452550298,0,0.4153699,0
1415554755#1419344414,0,0.412919,0
2111351705#1810185303,0,0.41759,0
2314360284#7161172305,0,0.41966677,0
4442900590#4644140313,0,0.4162952,0
4200577198#1728174555,0,0.41291294,0
2003336437#113196401893,0,0.41309223,0
5174571094#1500022510,0,0.41588524,0
4003298247#4149299298,0,0.41695642,0
5104418469#2154491220,0,0.41093522,0
3651289412#1321409006,0,0.4131397,0
87820905399#3439202323,0,0.41150188,0
4570764341#138962685339,0,0.41608003,0
18468687381#18468188878,0,0.41755182,0
34888001864#4663785560,0,0.41491136,0
373850283306#1671393307,0,0.41253132,0
421393369392#2063839578,0,0.41608933,0
1347237190#4623934568,0,0.4162524,0
4542039020#1318260275,0,0.41160363,0
3050045988#5318769457,0,0.41414967,0
4401870234#2026258520,0,0.41292778,0
3474685536#4972894326,0,0.41398036,0
1810185303#3551393318,0,0.41633955,0
1712573177#1816427364,0,0.4185027,0
1395111624#183335907108,0,0.4141962,0
5169253299#2270062912,0,0.4156509,0
1318260275#2074458538,0,0.41392243,0
4210986952#4910561821,0,0.41250116,0
4274235353#3806980943,0,0.4143545,0
2604119334#18469192585,0,0.41379377,0
4589830735#2063839578,0,0.41523093,0
107725290582#4479095804,1,0.4140364,0
4435528162#3836576451,1,0.41499016,0
4157381557#5041670056,0,0.41198847,0
2058316912#106964376935,0,0.41564724,0
38406123057#29299331674,0,0.41820785,0
5214033793#3401731422,0,0.41422355,0
4712246454#4195960848,0,0.41305318,0
4489521100#1694379812,0,0.4128947,0
5174571094#4205424867,0,0.41741076,0
3633360460#3214249595,0,0.41272786,0
292830032329#4065795443,0,0.4092948,0
4206812485#53263275323,0,0.41317943,0
4797396841#3359180524,0,0.4158962,0
1500022510#3988152389,0,0.4118703,0
4750249486#3612961288,0,0.41326544,0
4272843119#4317041484,0,0.41763923,0
1401982678#8431814058,0,0.4154488,0
4644140313#4613276653,0,0.4080024,0
4346970606#1914403252,0,0.41769218,0
1712570793#1778563597,1,0.41710708,0
1316058339#2058563113,0,0.4184484,0
14613460476#54158093151,0,0.41048613,0
4952978442#1395111624,0,0.41294253,0
303600075141#4219781521,0,0.41580608,0
2027890207#2058316912,0,0.4159707,0
125323389433#4232666143,0,0.41370317,0
1743052872#4348295931,0,0.41004512,0
5007075941#45531943201,0,0.4133178,0
4223043910#4761512241,0,0.41245973,0
2007934907#2055377631,0,0.41219342,0
167570408533#3881831374,0,0.41436297,0
4206269897#3860948251,0,0.41462567,0
6871473475#3438816692,0,0.41422728,0
2183968048#2026258520,0,0.41175008,0
197910587768#117277915830,0,0.41225663,0
18465851371#1867286717,0,0.41172835,0
2115528606#5027483278,0,0.4152741,0
2604119334#54158093151,0,0.4144646,0
1640340946#3727491058,0,0.41421467,0
373850283306#3052944481,0,0.41473144,0
4316999082#4828387554,0,0.41405207,0
2079572106#1639901072,0,0.41561532,0
5169557343#4746512285,0,0.41555136,0
2069985286#4215027256,0,0.4172245,0
3754155310#2069774757,0,0.41539565,0
3628839716#3628839722,0,0.41758412,0
5007075941#54161674630,0,0.41284707,0
8431809688#1811606488,0,0.41406918,0
1843271409#3052180518,0,0.41568315,0
4635981164#4699280965,0,0.41435757,0
173652977366#69710193399,0,0.41527176,0
2055255869#1312695289,0,0.41160297,0
4285709211#4260680249,0,0.41552043,0
2066509477#3727491058,0,0.40858632,0
14613460476#14613588147,0,0.4108597,0
4628467232#4620294540,0,0.4142478,0
4196598949#3290843987,1,0.4143591,0
87720200914#1843271409,0,0.41761392,0
3550931655#1382214880,0,0.41455486,0
4256926363#3408556286,0,0.4177517,0
1646206864#2064955879,0,0.4145433,0
2604119334#3487828521,0,0.411731,0
4435686270#4613276653,0,0.4099537,0
2064955879#1639699607,1,0.4146736,0
3485676898#1386747994,0,0.41486168,0
2120155505#4145588659,0,0.41430146,0
2247165276#1847712017,0,0.41190127,0
1533602348#3359180052,0,0.4139188,0
3052165975#1316556785,1,0.41817775,0
4542386587#4454965094,0,0.4155591,0
5060996735#2075240892,0,0.4156307,0
1848008894#121528725386,0,0.412915,0
3691000538#3651289412,0,0.41442913,0
2154491220#3114734058,0,0.41091916,0
2452901483#2062770841,0,0.41396165,0
4570764341#4658956014,0,0.41460744,0
1953270965#4479070818,0,0.41563827,0
2268304430#2359348328,0,0.41705728,0
2181531828#2183963548,0,0.4095917,0
3709672083#4636381625,0,0.4173993,0
4323500485#14613469834,0,0.41383877,0
2067179166#4024663252,0,0.4119388,0
4451124293#2359348328,0,0.4142106,0
11087571368#2057051387,0,0.41383344,0
4841409785#3474372520,0,0.41526812,0
5018368651#4542039020,0,0.41496825,0
60367707728#87720200914,0,0.41036794,0
1710094724#1438326380,0,0.41485497,0
3075628047#3056067914,0,0.4175172,0
4223004786#5018389488,0,0.411597,0
1721524699#4215027256,0,0.4155033,0
1712570939#3477269989,0,0.41747835,0
2113288221#2111351705,0,0.41548857,0
1741741476#4680203965,1,0.41404188,0
5041670056#4910561821,0,0.41446745,0
1743052872#3050152494,0,0.4144591,0
1321409006#1557919756,1,0.41566595,0
2111349786#3903296442,0,0.41550064,0
1401982678#138962685339,0,0.41885924,0
2296451977#2070627808,0,0.41303012,0
2056078364#1574873794,0,0.4097261,0
4755359264#4943818903,0,0.41817775,0
4317041484#3669306485,0,0.41441727,0
1416827061#2064955879,0,0.41662577,0
2169220658#5197586202,0,0.41029173,0
2057986140#4165585148,0,0.41458577,0
91686025987#4535949395,0,0.41827232,0
18466210670#2159739481,0,0.41410208,0
2551494872#48926966870,0,0.41171873,0
1743052872#4683006694,0,0.40961593,0
1847712017#2057051387,0,0.41322687,0
1528865186#3046729281,0,0.41196215,0
3972924699#2060185514,0,0.41741815,0
373850283306#2135054445,0,0.41469902,0
3435281641#4129122420,0,0.41332525,0
3269719212#2092610533,0,0.41297382,0
4828654874#4631852445,0,0.408146,0
38202856033#138962685339,0,0.41722202,0
4538003565#2066246683,0,0.41518986,0
3849817492#5182742886,0,0.41307083,0
3403897392#1711852573,0,0.41565365,0
1565913509#1528865186,0,0.41252428,0
4256926363#2120155505,0,0.41313407,0
4549189933#1817644740,0,0.41526222,0
1711852573#2075914534,0,0.41366217,0
4604457043#5067776785,0,0.4120357,0
2058222393#1326086493,0,0.41305992,0
1778563595#1816427364,0,0.4151345,0
5173394727#5003601219,0,0.41223344,0
1374772535#1398443073,0,0.4127366,0
3431879179#1951195150,0,0.41427255,0
70183897754#4439426144,0,0.41146573,0
5128222238#3551393130,0,0.41388962,0
3772512066#4662042966,1,0.40952748,0
4549189933#2150036453,0,0.41414502,0
111568230982#4202096119,0,0.41307852,0
29608029868#5163452200,0,0.41777313,0
2062045929#4672808661,0,0.41222712,0
2067377960#1701470611,0,0.4157191,0
2114049002#3929215225,0,0.41761824,0
3438816692#1696438060,0,0.4125727,0
10175162517#3289002505,0,0.4114476,0
2026258520#2026258516,0,0.41062135,0
5167083430#2061673563,0,0.41069406,0
47752312088#4439737347,0,0.41341972,0
5169257472#18465816919,0,0.4159127,0
1312695289#2027890207,0,0.4112505,0
3046471496#2111872187,1,0.4148917,0
97115452949#5037293131,0,0.41415012,0
4200577198#4804861605,0,0.4136617,0
1701333847#4200577198,0,0.41471455,0
1951195150#87820905399,0,0.4161754,0
3411721643#1816929342,0,0.41456535,0
4256622048#4450602322,0,0.41457665,0
3612961288#4662042966,0,0.40784633,0
3438816692#4628467232,1,0.41402254,0
197910587768#110232280082,0,0.40988368,0
2092610536#1882929309,1,0.41576517,0
3798986721#3054671141,0,0.4157845,0
4149299298#4259241183,0,0.41394147,0
2118416856#2116342008,0,0.41735226,0
2113093450#4643718292,0,0.4155654,0
1311812490#4620261674,0,0.41852322,0
2112794415#4232471781,0,0.41785273,0
102514982310#2168053392,0,0.41510737,0
2359435242#3934602500,0,0.4183669,0
4642854804#4589595738,0,0.41291568,0
487126887411#55721888445,0,0.4143867,0
4391918874#4391919171,0,0.41569144,0
69710193399#3517506225,0,0.41851676,0
3633360460#4680203965,0,0.41369256,0
55721888445#3529095384,1,0.417463,0
2296574953#1347237190,0,0.41693968,0
2060185514#2060185518,0,0.4151541,0
2058316912#87820911338,0,0.41654113,0
2133358535#202363939789,0,0.41372412,0
4535941097#4633378534,0,0.40977514,0
3359180524#4226659634,0,0.411975,0
2071751695#2063706226,0,0.41458157,0
2056478070#2027929598,0,0.41185907,0
156893097471#110232280082,0,0.40969482,0
2055886100#3214249595,0,0.41229475,0
2183968048#2183428945,0,0.41381946,0
2057051387#3954668240,0,0.41771662,0
3236601708#1882929309,0,0.41092828,0
111110399548#4354044382,0,0.41331744,0
2343156405#4157280271,1,0.40972322,0
2062045929#111110399548,0,0.41267073,0
2026069710#4065797638,0,0.41164282,0
2113760999#2062782802,0,0.4138177,0
87720200914#4642512906,0,0.41346893,0
3259289288#5018368651,0,0.41455963,0
2275666316#5014897285,0,0.41507313,0
2057811649#2062845102,0,0.41469648,0
1318260275#4259241183,0,0.41446942,0
14613464473#2026258524,0,0.41119307,0
5174571094#1594535012,0,0.41543505,0
4628482537#2064730522,0,0.4124817,0
2111350136#3903296442,0,0.41618538,0
5018368651#4572380856,0,0.41375062,0
3042764047#2055886100,0,0.40870982,0
19705527158#5165108496,0,0.41806686,0
117277915830#4680095395,0,0.41429183,0
1878732185#4536450435,0,0.41299966,0
2183963548#4825375981,0,0.41401762,0
3050152494#2071751695,0,0.4151434,0
4643011415#3594649033,0,0.41609317,0
4877427884#4454991968,0,0.41283634,0
1477293192#1688824936,0,0.41178292,0
1654102057#50602314209,0,0.4125623,0
4470296934#2054817755,0,0.41332492,0
4623949169#187508564338,0,0.41424584,0
4272887201#4272843119,0,0.41719076,0
3628533316#1419344414,0,0.4156394,0
156274514359#4595088087,0,0.4143441,0
3052944481#4335156801,1,0.41511202,0
4200562083#4439737367,0,0.40825,0
4024663252#4465664542,0,0.4112543,0
202363939789#2079581946,0,0.4169906,0
4416668620#1867286717,0,0.41274965,0
4285491833#4348295931,0,0.4099165,0
4643943359#2067179166,0,0.4153097,0
4867542841#4943160331,1,0.41439122,0
5037293131#3999176481,0,0.40745425,0
4483987744#4385069368,1,0.41610643,0
21269204096#2057986140,0,0.4138838,0
18465721026#2175801910,0,0.4123073,0
146011948003#4705583754,0,0.41617692,0
4215038721#2122362220,0,0.41458753,0
1497880313#1694379812,1,0.40984023,0
2176735919#2111818909,0,0.40960997,0
2055377631#3835278364,1,0.41411698,0
2065354050#1639901072,0,0.40913308,0
4973150488#14613465315,0,0.41342995,0
4195960848#3477269989,0,0.4141313,0
54161674630#1650171814,0,0.41556734,0
4808134153#5182742886,0,0.41199502,0
3896058143#4542039020,0,0.41583246,0
4417849752#395685899087,0,0.41394556,0
4808134153#3214249597,0,0.41244742,0
4215038721#4465664542,0,0.41425774,0
1727736762#2069774757,0,0.4182024,0
1696208496#1419344414,0,0.41540977,0
1696095096#4613276653,0,0.412976,0
2056128836#4658956014,0,0.41679183,0
1319944364#3882026745,0,0.418702,0
4623947495#4623934568,0,0.41343594,0
5181571321#32236834289,1,0.41382402,0
4499147142#3849817492,0,0.41675323,0
4667944802#4662042966,0,0.41691357,0
4715847880#4401870234,0,0.41461673,0
4642512906#2297005450,0,0.4181983,0
2065201243#4327866563,0,0.41280538,0
18466210670#18468690620,0,0.4118752,0
21269204096#2135316663,0,0.4089733,0
4643898157#18468188878,0,0.41722146,0
4643938191#4642512906,0,0.4174607,0
2064229512#1671393307,0,0.41277248,0
3056067914#1818739935,0,0.4166235,0
2235828707#2063588766,0,0.41448486,0
8431809688#8431814058,0,0.41546798,0
4700047151#4643011415,0,0.41700208,0
3289002505#4150903563,0,0.41024837,0
2092174215#4195960848,0,0.41556072,0
4200562083#3042764047,1,0.4067841,0
4748650954#4589929428,0,0.410441,0
2247165276#3363370353,1,0.41378534,0
4623947495#3304467506,0,0.41640168,0
1415647813#2092610533,0,0.41625273,0
1537709311#1778563602,0,0.41533628,0
4755359264#6871473475,0,0.41281763,0
124021630369#21269204096,0,0.4154942,0
4130010417#4792436579,0,0.41153815,0
4439737367#4435528162,0,0.41414565,0
4712246454#1775497794,0,0.41146722,0
107725292534#4451342506,0,0.4136339,0
4465664542#4451124293,0,0.41240236,0
2061309144#1394397775,0,0.41544607,0
2114716134#2111350136,0,0.4154341,0
3972924699#3052165975,0,0.41848865,0
3798986721#3831256267,0,0.4137362,0
1728174555#3403917033,0,0.41973153,0
4644140313#376973981474,0,0.41460845,0
3882201915#2075914534,0,0.41541666,0
102514982310#167570408533,0,0.4109955,0
3245545040#4218561827,0,0.41937044,0
3107598853#4479424072,0,0.4118912,0
2336490445#2059052537,0,0.42109385,0
2057051388#4781194041,0,0.4124459,0
18465721026#4354044382,0,0.41329822,0
189546061243#5121642074,0,0.4127615,0
4643938191#29299331674,0,0.41538522,0
1951195150#4899954714,0,0.41359168,0
187508564338#2016866277,0,0.41661385,0
4179651570#2115151765,0,0.4148206,0
4065795443#4291077418,0,0.4116019,0
3835278364#4321048267,0,0.4158826,0
3669306485#3282474651,0,0.41333437,0
2058132898#4572380856,0,0.4117457,0
4673557611#4439737367,0,0.4137546,0
156277193948#156277207697,0,0.41628185,0
4471122121#50602309472,0,0.41294047,0
4700047151#3299598934,1,0.41735792,0
3474685536#4223934140,0,0.41287655,0
303600075141#4828387554,0,0.41072363,0
4495500756#2061022206,0,0.41328144,0
4147080749#4353960088,0,0.415716,0
4680204120#4680203965,0,0.41042677,0
1574873794#2254264382,0,0.41006422,0
4897048724#3628533316,0,0.4172064,0
3363370353#5197586202,0,0.41599318,0
14613435427#4195960848,0,0.41558897,0
18468188878#4470296934,0,0.41606286,0
2159739481#3445564730,0,0.4142919,0
145960681701#86626661064,1,0.417218,0
2183963548#2026258516,0,0.41175735,0
3052944481#1688824936,0,0.41414824,0
343200247912#1751364880,0,0.41420758,0
4535930871#4195960848,0,0.41664106,0
4867542841#5154681248,0,0.4169653,0
2455800880#4687116172,0,0.41550514,0
3363370353#2054781193,0,0.41496003,0
2115151765#3347114660,0,0.4133776,0
4004772536#121528725386,0,0.41389143,0
3968945784#3967431643,0,0.41497684,0
580549064505#4572374020,0,0.41392872,0
4840773591#14613469834,0,0.41657013,0
79993360240#1533602348,1,0.4182622,0
2092610533#156277193948,0,0.41519535,0
212394033260#157726428514,0,0.4109459,0
2977755545#4535930871,0,0.41558304,0
1867286717#4397595587,0,0.41042084,0
4746144353#6871473475,1,0.41241217,0
2053826326#2066624968,0,0.41078684,0
5095503840#5018023921,0,0.41217056,0
2148153592#2114975127,0,0.4165869,0
4841409785#1867262556,0,0.41240582,0
4549189933#3411721643,0,0.4150015,0
1438441444#3304467506,0,0.41215348,0
18465816919#18468690620,0,0.41259468,0
4972894326#4973150488,0,0.411618,0
2003710867#3651289412,0,0.41256225,0
4385421396#2359348328,0,0.41784468,0
1778563602#1778563597,0,0.41677287,0
1701333847#1701333916,0,0.41339427,0
2079572106#1816430010,0,0.4182249,0
1437868238#2075914534,0,0.41598985,0
1816428069#4620261674,0,0.41616228,0
87820911338#4643938191,0,0.41505262,0
4658620132#5181571321,0,0.41247636,0
18465816919#18465721026,0,0.4130448,0
1415554755#4538332005,0,0.41529197,0
4231111906#4657354311,1,0.41400075,0
4416668620#4397595587,0,0.4103445,0
2079572106#2064955879,1,0.41450644,0
38202856033#45531943201,0,0.41368863,0
4451124306#4465664542,0,0.41512614,0
157726428514#1818739935,0,0.41714406,0
2026258519#2026258516,0,0.4107228,0
4405676807#4218561827,0,0.4130275,0
3408556286#3648904752,0,0.41686785,0
1416827061#2117967935,0,0.41448385,0
1878732185#1565925308,0,0.41522154,0
3609077013#4972894677,0,0.41483977,0
4451124293#156277207697,0,0.4163765,0
3920807098#4214739605,0,0.41181576,0
1537709308#1537709304,0,0.4121293,0
2068623358#4680204120,0,0.41301632,0
4536041187#3949154897,0,0.41669667,0
4972894326#4972894677,0,0.41299543,0
1646144729#4218561827,0,0.4157962,0
4200577198#2070908197,0,0.41490406,0
3754155310#4658620132,0,0.41318157,0
1816427364#2111349786,0,0.41449296,0
3026064813#3798986721,0,0.41527462,0
2056478070#2296574953,1,0.41512388,0
1653994308#4435686270,0,0.41526002,0
114453608394#189546061243,0,0.4133309,0
4405676807#5090005101,0,0.41269702,0
4385421396#1712570939,0,0.41658974,0
4643011415#3359180052,0,0.4138462,0
4620294540#1718471304,0,0.41206077,0
4451288784#2135316663,0,0.41216666,0
4952978442#5214033793,0,0.4138889,0
4549189933#14613588147,0,0.41538495,0
2092174215#1453532038,0,0.41559908,0
3637042235#3972924699,0,0.4148526,0
2066535766#2117967935,0,0.41367725,0
4321048267#100995265790,0,0.4178669,0
157726428514#102514982310,0,0.41400874,0
4811798618#121528725386,0,0.41421708,0
1307874587#2336490445,0,0.41788474,0
3628839717#4750249486,0,0.41810235,0
1416301524#2058563113,1,0.41890168,0
4742698844#53263229623,1,0.41151816,0
5318769457#5169557343,0,0.41101262,0
2296451977#174006932062,0,0.41382796,0
3075628047#1307874587,0,0.41611877,0
4746512285#23230310067,1,0.41079026,0
1537709304#4206267336,0,0.41786474,0
3477269989#3474685536,0,0.4130261,0
3470148182#7161172172,0,0.41871294,0
2168053392#4157496031,0,0.4153434,0
4206224036#3580539229,1,0.413247,0
2016866277#2111041560,0,0.41116837,0
3529095384#46983614517,0,0.4193709,0
38202856033#3628839716,0,0.4144059,0
4828387554#3032709817,1,0.41403374,0
4354044382#1696208496,0,0.4174849,0
4572374020#4232666143,0,0.41535944,0
1684789889#4687116172,0,0.41501638,0
2057685237#2058222393,1,0.4162347,0
1347237190#237523614768,0,0.41826373,0
111568230982#1456843034,0,0.4141498,0
10175162517#3289002540,0,0.41215217,0
1920503864#4316999113,0,0.41220415,0
4408616491#2314360284,0,0.4184039,0
3709672083#4444196403,0,0.41298157,0
4589678847#4589595738,1,0.41739923,0
4411426624#3124123344,0,0.41350576,0
5060996735#2064727359,0,0.41856468,0
38406123057#4393085087,0,0.4158961,0
4479096850#4479096588,0,0.415268,0
5104418469#7026230674,0,0.41300482,0
3403897392#2075914534,1,0.41202858,0
183335907108#3108657350,0,0.41387758,0
2343156405#1438326380,0,0.41115168,0
106964376935#14613464473,0,0.41526434,0
4763332016#5210078086,0,0.41229805,0
3903296442#4003298247,0,0.41958457,0
4579172309#4027742647,0,0.41033697,0
4206269897#3259289288,0,0.4129957,0
2359435242#2061673563,0,0.41540647,0
3798986721#4523728345,0,0.41528744,0
2003710867#2977755545,0,0.41591722,0
2159739481#2060185518,0,0.41634902,0
4176217131#4499147142,0,0.41592473,0
2057145715#1565913509,0,0.41419128,0
1634282673#202363939789,0,0.41555104,0
3972924699#1951195150,0,0.4141247,0
378133536273#4972894326,0,0.41694933,0
5182742886#4828387554,0,0.4125113,0
4514269980#3042764047,0,0.41295627,0
4628867825#2168053392,0,0.41826135,0
4040016243#2027929598,0,0.41423842,0
1548108669#2113760999,0,0.416352,0
1528865186#2060185514,0,0.4146017,0
2070908197#1701470611,0,0.41856796,0
3926916973#3896015808,0,0.41257882,0
4808134153#4206812485,0,0.4106496,0
4584646241#237523614768,0,0.41812754,0
4570764341#2066624973,0,0.41243893,0
3044025040#4840773591,0,0.4164977,0
2297005450#5163452200,0,0.41688976,0
307718000196#564144132292,1,0.41597864,0
4065797638#4385069368,0,0.41430515,0
38202856033#4755359264,0,0.41081217,0
1533602348#87720200914,0,0.41608435,0
4584646241#1875282048,0,0.4151662,0
3400442486#1438441444,1,0.41466874,0
18468188878#18468695966,0,0.41701242,0
183335907108#2060355842,0,0.41446868,0
1696438060#4620294540,0,0.41082203,0
4658956014#3949154929,0,0.41634443,0
174006932062#3603201749,0,0.41478005,0
1307874587#4495500756,0,0.41687107,0
4027742647#54161674630,0,0.41209787,0
4414530598#4672808661,0,0.41199023,0
1843271409#4279029102,0,0.41720068,0
2124411604#4279029102,0,0.41771472,0
4479096588#4479095804,0,0.4159397,0
2092174215#2056128836,0,0.41802353,0
1751247315#14613466961,0,0.41467068,0
2339749085#4209814745,0,0.41497073,0
3114734058#292830032329,0,0.41169947,0
117277915830#110232280082,0,0.40774372,0
1914706723#2054733437,0,0.41350114,0
2122362220#1920503864,1,0.41422138,0
1778563595#4589820532,0,0.41648793,0
2059052537#4180609537,0,0.41521394,0
4435566465#4748650954,0,0.4121568,0
3903296442#2165015487,0,0.41371405,0
2268287413#146777938215,1,0.41373563,0
7161173338#5123189265,0,0.4156189,0
18469192585#14613464473,0,0.41302216,0
53263229623#60367707728,0,0.41040736,0
4952978442#4205424867,0,0.41481364,0
38202856033#4735503306,0,0.41260117,0
3403917033#3404019551,0,0.4169985,0
4716933437#1640340946,0,0.4132384,0
4746512285#4761512241,1,0.41081783,0
3648904752#106964376935,0,0.41454583,0
1712570939#1778563597,0,0.4147418,0
1727736762#1627587582,0,0.41619688,0
1818739935#4385184631,0,0.4183221,0
237523614768#4680095395,1,0.42084834,0
2135316663#2066624968,0,0.41299275,0
2026258520#4195993580,0,0.41214865,0
3050045988#4899954714,0,0.41700408,0
5183692300#1321409006,0,0.41657767,0
1751364886#395685899087,0,0.41595244,0
32236834289#3474372520,0,0.4175516,0
3967431643#1751364886,0,0.4146812,0
3287805133#3289002540,0,0.41528875,0
1633806208#2056662276,0,0.41026485,0
14613464513#4897048724,0,0.41649723,0
422592070627#4408616491,0,0.410669,0
3290843987#4129122420,0,0.41407087,0
5197586202#5090005101,0,0.41593692,0
395685899087#4435686270,0,0.41264498,0
2169220658#2053826326,0,0.41575876,0
1818739935#2336490445,0,0.41593692,0
4730645460#2118416856,0,0.4157699,0
2120472151#75959618233,0,0.4154568,0
156276677247#4746144353,0,0.41546094,0
2078835030#202363939789,0,0.41724488,0
5087832312#4196521320,0,0.4126683,0
1497880313#2343156405,0,0.4036442,0
4259241183#1951195150,0,0.41306403,0
178258449477#3438816692,0,0.4115511,0
1318260275#1848008894,0,0.41246715,0
4579172309#2455800880,0,0.41210267,0
18468580547#18465816919,0,0.41268882,0
174006932062#4683006694,0,0.41397643,0
4327866563#14613461654,0,0.41224176,0
3920807098#4952978442,0,0.41626412,0
29607392514#38406123057,1,0.4173635,0
18465851371#2062075980,0,0.4124037,0
6871473475#4628467232,0,0.41441393,0
1639901072#4851901157,0,0.4173849,0
14613456118#2026258516,0,0.41456395,0
2112576214#2169220658,0,0.41270322,0
4642854804#4656986610,0,0.4160874,0
14613464513#14613461939,0,0.41238052,0
3404019592#3404019551,0,0.41703236,0
14613435427#4712246454,1,0.41318846,0
2003710867#4298588573,0,0.41527864,0
2055886100#4593095274,0,0.41090983,0
4226659635#4231111906,0,0.41406846,0
107725290582#1456843034,0,0.41275465,0
1656969942#1921223120,0,0.4159244,0
2054753273#1394397775,0,0.4172503,0
4157381557#1751364880,0,0.41328514,0
4483987744#4623570105,0,0.41437793,0
4470296934#3050152494,0,0.41476086,0
4285709207#4165151066,0,0.41502586,0
2075416140#4623570105,0,0.41580594,0
3630377420#3470148182,0,0.4152498,0
2092938385#5060996735,0,0.41701356,0
4929499262#4195993580,0,0.4162283,0
150594502346#189546061243,0,0.41107407,0
4761512241#5210078086,0,0.41109383,0
3926916973#3289002505,0,0.41273326,0
2115880476#4408616491,1,0.4153492,0
1728174555#1728174549,0,0.4170931,0
4304261357#3835278364,0,0.4113591,0
4456625974#3612961288,0,0.41145897,0
1840606003#1813034413,1,0.41586864,0
2056662276#2007934907,0,0.41341242,0
3612961288#4943818903,0,0.4089474,0
4256622048#2069774757,0,0.41495886,0
138962728028#3501281334,0,0.41583848,0
4206812485#4479424072,0,0.41246405,0
1647227082#3949154929,0,0.4166672,0
1751364880#4623949166,0,0.41464806,0
343200247912#1502384801,0,0.41407415,0
4451342506#4261185678,0,0.4159808,0
4456625974#1541880573,0,0.41410595,0
4304261357#4339070553,0,0.4069964,0
4668248026#4298588573,0,0.4159005,0
4680204120#1710094724,1,0.4118121,0
373850283306#2247165276,0,0.4128822,0
38202857246#38202856033,0,0.41141143,0
1867262556#3487828521,0,0.41197622,0
4223934140#4435566465,0,0.41474268,0
5181571321#1778563597,0,0.41126958,0
8431809688#2007847537,0,0.41709098,0
4414530598#2070791273,0,0.4088479,0
1740857110#2056478070,0,0.41381276,0
4538419241#2062075977,0,0.4181694,0
156276677247#2078835030,0,0.41387957,0
4643898157#2071751695,0,0.41579023,0
3044025040#4040016243,0,0.41683406,0
3114734058#2135316663,0,0.41151306,0
2069774757#4454991968,0,0.41312215,0
3835278364#4479096850,0,0.41233283,0
150594502346#109165560395,1,0.41533858,0
29608029868#3349756713,0,0.41738993,0
3637042235#3050045988,1,0.41319993,0
4027742647#3431879179,0,0.4120658,0
4604457043#1816929342,0,0.4129682,0
4781194041#2064730522,0,0.41641846,0
3026064813#4715847880,1,0.41220045,0
5169257472#5167083430,0,0.41526887,0
4426740219#4943818903,0,0.41797048,0
7161172305#14613456118,0,0.4185695,0
4535949395#2007329552,0,0.41774562,0
3408556286#4899954714,0,0.41740903,0
2296493468#4840773591,0,0.41436997,0
5185236541#18468580547,0,0.41693243,0
4604457043#4898730640,0,0.40970585,0
146778888902#2359474749,0,0.41734016,0
4317041484#14613456118,0,0.41558594,0
4195960848#2254264382,0,0.41442174,0
4535949395#156277208014,0,0.41716486,0
4223043910#4417849752,0,0.4132862,0
2339749085#2061448091,1,0.41746637,0
4417818851#3408556286,0,0.41802073,0
4004772536#1627587582,1,0.41355044,0
4285709207#4260680249,0,0.4152107,0
1316058339#4346970606,0,0.41553956,0
2169220658#4641374150,0,0.4108954,0
2054753273#29299331674,0,0.41622117,0
1456843034#75959618233,0,0.41719368,0
41713266437#2113288221,0,0.4149935,0
6871473475#4620294540,0,0.41294903,0
1816428069#5183692300,0,0.41592616,0
2150036453#1817644740,0,0.41103965,0
3474685536#4435528162,0,0.41521695,0
3451234547#3628839716,0,0.41665277,0
2062845102#3403897392,0,0.41521433,0
4451342506#4623934568,0,0.41353855,0
1637581644#1694379811,1,0.40857494,0
1541880573#4893633475,0,0.4187332,0
2296493468#4595088087,0,0.41456428,0
197910587768#5121642074,1,0.41452408,0
4024663252#1905948078,0,0.4106523,0
1847712017#2057051388,1,0.41489172,0
2111351705#5067776785,0,0.4148125,0
4628867825#5169257623,0,0.4164861,0
2359474749#2057051388,0,0.4182862,0
4797396841#1635692869,0,0.4144941,0
18469192585#156276677247,0,0.4139514,0
3630377420#4825375981,0,0.41210592,0
336556403061#1847712017,0,0.4145291,0
18467925256#4748650954,0,0.41426748,0
4417818851#2113760999,0,0.41473076,0
4534359957#1878732185,0,0.4125634,0
19705527158#2058316912,0,0.41682142,0
4620685919#4099641396,0,0.41509765,0
1711852573#3052165975,0,0.41616446,0
4479096850#4746144353,0,0.41237044,0
3485676898#2074458538,0,0.41816562,0
4353960088#2092938385,0,0.4176613,0
1903466347#23230310067,0,0.41697487,0
4323500485#4542039020,0,0.410769,0
309312101477#309312102749,0,0.41230968,0
5123189265#3282474651,0,0.4159299,0
4941134416#4593095274,0,0.40928414,0
2062045929#1528865186,0,0.41094485,0
4808134153#4620294540,1,0.41076642,0
2053826326#4952978442,0,0.4170778,0
3648904906#2064730522,0,0.41543397,0
41375214069#3691000538,0,0.41526088,0
2343156405#1770010645,0,0.41068578,0
4385069368#3712801411,0,0.4139955,0
46983614517#2092610536,0,0.4163646,0
2183968048#2180579787,0,0.41412067,0
2297005450#50602309472,0,0.41522577,0
2016866277#4165151066,0,0.41658375,0
2296574953#2070627808,0,0.41402897,0
183335907108#4145496082,0,0.41552532,0
1684789889#2003710867,0,0.41363448,0
2066535766#1639699607,0,0.41371357,0
2058278464#4457149562,1,0.41628373,0
4658956014#4628467232,0,0.4091057,0
2064727359#3669306485,0,0.41614634,0
2064727359#4317041484,0,0.41516227,0
38448881724#4735432768,0,0.41574678,0
1718471304#2058278464,0,0.41644138,0
2115880476#1816427364,0,0.41783202,0
4210986952#5041670056,1,0.41229087,0
2061448087#2061448091,0,0.41778928,0
14613466961#14613461939,0,0.4127808,0
1497880313#1637581644,0,0.40471938,0
4204386191#2066535766,0,0.41666427,0
11087571368#53263275323,0,0.41200218,0
107725296889#4699510653,0,0.41411698,0
3474685537#3628839717,1,0.41729772,0
5090005101#4581502608,0,0.41336954,0
5210078086#2058563113,0,0.41151467,0
4323500485#4535941097,0,0.41283414,0
3052944481#4145496082,0,0.41476953,0
5003601219#2065354050,0,0.41141012,0
4205424867#2064730522,0,0.41526195,0
4811798618#4057032761,0,0.41609335,0
4843831604#117277915830,0,0.41215226,0
4417818851#4348295931,0,0.41110504,0
187508564338#3630377420,0,0.41709444,0
2070908197#2067377960,0,0.4182271,0
3359180524#1533602348,0,0.4156378,0
1951195150#3754155310,0,0.40987164,0
2175801910#3770456617,0,0.4143453,0
1671393307#4595088087,0,0.41431838,0
55721888445#1701333847,0,0.4182083,0
4157551094#201663692217,0,0.41410214,0
2183968048#2026258521,0,0.4111267,0
2060185514#1565913509,1,0.41496706,0
487126887411#291173146171,1,0.4111076,0
3791139342#4536450435,0,0.41319486,0
4820163687#4435566465,0,0.41353822,0
5031406959#5197586202,0,0.4135109,0
2065201243#2114341514,0,0.413704,0
18468188878#2068602973,1,0.41757816,0
5095503840#2079581946,0,0.41403863,0
406088738482#18468687381,0,0.41648623,0
307718000196#4628482537,0,0.41290244,0
2168053481#2168053392,0,0.40998018,0
2296574953#2058316912,0,0.4151391,0
50016874555#49857216438,1,0.41495302,0
5174571094#2113760999,0,0.4126364,0
4755359264#3626237468,0,0.4159708,0
2148153592#2116342008,0,0.41667262,0
3967431644#2061022206,0,0.41285738,0
1548108669#32236834289,0,0.41363782,0
2062782802#183335907108,0,0.41625607,0
1347237190#4205424867,0,0.41783926,0
3882026745#3633572726,0,0.41536745,0
5185236541#4748650954,0,0.41025245,0
1634282673#1752749942,0,0.41542178,0
4451289887#1419344414,0,0.41448435,0
2060185514#3474372520,0,0.41726127,0
1718471304#1696438060,0,0.41319087,0
4027742647#4450602322,0,0.41367182,0
1684789889#1765891797,0,0.41324985,0
3772512066#4718263231,0,0.4088032,0
4635981164#4687116172,0,0.41554445,0
2067571192#4536450435,0,0.4166636,0
4991881534#2078835030,0,0.41475955,0
2199135578#3347114660,0,0.41323566,0
4401870234#1646275700,0,0.41635686,0
1497939109#1497880313,0,0.40448245,0
3290843987#19705527158,0,0.41822374,0
1712570939#1816427364,0,0.4179397,0
2026258524#2026258521,0,0.41116506,0
4272887201#146011937628,0,0.41633108,0
1347237190#6871473475,0,0.41417482,0
5318769457#3439202323,0,0.4098062,0
3635733776#4339070553,0,0.4149526,0
4176217131#2124411604,0,0.41583025,0
4145496082#5018368651,0,0.41682765,0
3299599421#1543155210,0,0.41454503,0
48926966870#4900256072,1,0.4143407,0
2066509477#1811606488,0,0.41123548,0
2114716134#1953270965,1,0.41665256,0
4451289887#3644272514,1,0.4152657,0
1656969942#1665894324,1,0.41444328,0
2169220658#5214033793,0,0.4108703,0
4913742546#4210986952,0,0.4120345,0
1848008894#3637042235,0,0.41380674,0
3245545040#1709057480,0,0.41566303,0
21269204096#4180609537,0,0.4144634,0
5123189260#7161172172,0,0.41692635,0
2066509477#4716933437,0,0.41137123,0
2055448044#1752749942,0,0.41277224,0
46983614517#4165585148,0,0.41763058,0
4206267336#4589820532,0,0.4168657,0
2235828707#2062075977,0,0.4128387,0
1751247315#4530026053,0,0.41356203,0
4511530729#178258449477,0,0.41087648,0
3435281641#5174571094,0,0.41460207,0
2115528606#1500022510,1,0.41705388,0
111568230982#146778888902,0,0.41560787,0
4155408706#4439737367,0,0.41136935,0
3487828521#3289002540,1,0.412348,0
4077473357#3446029032,0,0.41556662,0
4748650954#4535941097,0,0.4094242,0
2168053392#4656986610,1,0.4136329,0
117154450703#5121642074,0,0.4139037,0
97115452949#219547393842,0,0.41529566,0
4523728345#3929215225,0,0.41646773,0
2114975127#4952978442,0,0.41583267,0
1727736762#2112576214,0,0.41376182,0
113196401893#1635692869,0,0.41329885,0
1565912494#2057145715,0,0.41466373,0
174007019522#2115528606,0,0.41535258,0
3400442486#4479424072,0,0.41419315,0
34888001864#3880409698,0,0.41537604,0
3043492443#4205424867,0,0.4188817,0
2111351705#2114716134,0,0.4140294,0
3490539439#5090005101,0,0.41657805,0
4456625974#3999176481,0,0.41151258,0
2254264382#4542039020,1,0.41537625,0
3881831374#183335907108,0,0.4146127,0
5067776785#4828654874,0,0.41153115,0
2067179166#4780994423,0,0.4161509,0
156893097471#1646144729,0,0.41547167,0
4840773591#2067179166,0,0.41832507,0
2122362220#2062766801,0,0.41381687,0
309312102749#1347237190,0,0.41579506,0
2066509477#2054657143,0,0.4112093,0
5090005101#5109193415,0,0.41624925,0
174007019522#121528725386,0,0.41518626,0
150594502346#212394033260,0,0.41223297,0
4024663252#4451124293,0,0.40966135,0
41375214069#3903296442,0,0.4168768,0
4941134416#4304261357,0,0.41137585,0
3764759336#3550931655,0,0.41891384,0
303600075141#1728174555,0,0.41292357,0
1416827061#1639901072,0,0.4161336,0
2026069710#4991881551,0,0.41062978,0
174006932062#3404019592,0,0.41393366,0
2159739481#1694379812,0,0.41442755,0
3954668240#2054781193,0,0.4158287,0
2061448091#1537709317,0,0.41401178,0
14613465315#4613276653,0,0.41220346,0
4542039020#4746512285,0,0.41408285,0
4657354311#4657354285,0,0.41554436,0
3920807098#4304261357,1,0.41522855,0
157726428514#111110399548,0,0.4129109,0
2111351705#2165015487,1,0.4152146,0
5067776785#178258449477,0,0.41531667,0
2092610519#2092610536,0,0.41559038,0
5104418469#38202857246,0,0.41136545,0
1374772535#2062770841,0,0.4170773,0
75959618233#2063706226,0,0.41774383,0
4385421396#4091921695,0,0.41392952,0
4408616491#1637980981,0,0.41542003,0
4196521320#2054753273,0,0.41342667,0
3633360460#2068623358,1,0.41641042,0
1528865186#2254264382,0,0.4141947,0
3490539439#2113093450,0,0.41746396,0
1818739935#4495500756,0,0.41356808,0
4323500487#4323500485,0,0.41265473,0
2007934907#5037293131,0,0.41223177,0
5163452200#4643938191,0,0.41806027,0
4620294540#1415647813,0,0.4102974,0
4479096588#107725296889,0,0.41495997,0
4991881534#303600075141,0,0.4144141,0
1816427364#5183692300,0,0.41620803,0
2079581946#3794247232,0,0.41244236,0
4384414279#4384403228,1,0.4124794,0
1782357780#3359180524,0,0.41578647,0
2062075977#18467925256,0,0.41730165,0
2069774757#4226659635,0,0.4150363,0
4542321633#4435913614,0,0.41395134,0
4201830454#4327866563,0,0.41276294,0
46983614517#34888001864,1,0.41732997,0
2113093450#1639219119,1,0.415444,0
4781194041#3529095384,0,0.41869655,0
1594535012#1594535010,0,0.4152523,0
2159739481#1639901072,0,0.4128152,0
2314360284#2727127831,0,0.41695803,0
2062766801#3926916973,1,0.41367146,0
4623949169#1672066227,0,0.41580626,0
1639390814#1712080073,0,0.41706133,0
2092610536#4439426144,0,0.41538617,0
2056128836#309670736915,0,0.4179511,0
1312695289#4680095395,0,0.41830266,0
5174571094#4210985419,0,0.4153153,0
3954668240#4797396841,0,0.4153131,0
4223043910#174007019522,0,0.4135281,0
5185236541#5167083430,0,0.4156787,0
1386747994#2056128836,0,0.4109383,0
5197586202#5214033793,1,0.4147686,0
5121642074#102514982310,0,0.41514188,0
1903466347#10175162517,0,0.41566458,0
156274514359#91686025987,0,0.4141367,0
4642512906#3501281334,0,0.41356686,0
2275666316#49857216438,0,0.41445088,0
4272885125#4317041484,1,0.41618672,0
69710193399#2074019451,0,0.41606706,0
4323500485#4435566465,1,0.4115932,0
4755359264#49857216438,0,0.41595381,0
1843271409#4393085087,0,0.40944198,0
2062766088#3403897392,0,0.41560966,0
2059483876#3525845999,0,0.41378573,0
5096293410#156277514294,0,0.41542244,0
4209814745#4913742546,0,0.41237208,0
1728174549#3603201749,0,0.41505465,0
4215038721#4215027256,1,0.41127363,0
2199135578#4549189933,0,0.4137879,0
4673557611#4620685919,1,0.4151883,0
1537709304#1533602348,0,0.41581082,0
1701470611#2078835030,0,0.41674608,0
1528865186#4781194041,0,0.41247424,0
1951195150#4450602322,0,0.41451854,0
4915591396#5154681248,0,0.41674423,0
7161173338#5018368651,0,0.41818962,0
4840773591#125323389433,0,0.41474184,0
2079572106#1639699607,1,0.41820687,0
2124411604#2329543699,0,0.41210407,0
1415554755#2175801910,0,0.41329312,0
2057051388#3550931655,0,0.4158563,0
4218561827#4214739605,0,0.41111183,0
4444196403#3214249595,0,0.4098314,0
4572636295#4435566465,0,0.41214576,0
4391918874#86283717806,0,0.4137451,0
3648904906#4272843119,0,0.41797364,0
5123189265#7161172305,0,0.4174342,0
60367707728#11087571368,0,0.4120617,0
4542321633#3052944481,0,0.4150389,0
1712570793#1712573177,0,0.41682994,0
3550979323#14613588147,1,0.41488805,0
4915591396#4867542841,0,0.4166557,0
2026258519#2026258520,0,0.41095227,0
102514982310#4722721497,0,0.41245398,0
2057051388#2247165276,0,0.4128552,0
2175801910#1696208496,0,0.41521892,0
18465851371#3487828521,0,0.4160973,0
3044025040#3831256267,0,0.4109978,0
4636446230#2061448087,0,0.414357,0
3446029041#4077473357,0,0.4117515,0
4572636295#38406123057,0,0.41017032,0
4439737347#4699510653,0,0.41323453,0
4898626808#3860948251,0,0.41534904,0
3836676657#4530026053,0,0.4134941,0
4022447951#3026064813,0,0.41166145,0
2133358535#2056078364,0,0.4106385,0
1818739935#1316556785,0,0.41747707,0
4993036319#4316999082,0,0.41631967,0
1647227082#1427286361,0,0.4120368,0
2159452221#2199135578,0,0.4161855,0
3408556286#2068436073,0,0.41923493,0
1318260275#2057051388,0,0.41618901,0
4642854804#5165108496,0,0.4102362,0
3404019551#2057051388,0,0.41564867,0
2062867476#18468188878,0,0.41501045,0
1394397775#2060257095,0,0.41235578,0
1778563595#1778563597,0,0.4164449,0
157726428514#4998365450,0,0.41264057,0
4843831604#2056478070,0,0.41227022,0
1813034413#1816430010,0,0.41370815,0
4231111906#4226659634,0,0.41384026,0
4223043910#4003298247,0,0.41850847,0
117154450703#2062782802,0,0.41194075,0
2060253226#2054733437,0,0.41452867,0
2059052537#4495500756,0,0.41568184,0
4272843119#4348295931,0,0.41411805,0
18468690620#5169257623,1,0.41359824,0
4657354285#4657354294,0,0.41727382,0
4179651570#1994805938,0,0.41784573,0
2133358535#4200562083,0,0.40868208,0
91686025987#29299331674,0,0.41859472,0
4219781521#1712573177,0,0.4159658,0
1374772550#3289002540,0,0.41434202,0
2003710867#3635733776,0,0.4139127,0
1497939109#5003601219,0,0.40800384,0
4408616491#4742698844,0,0.4107131,0
14613464473#4549189933,0,0.41348827,0
157726428514#121528725386,0,0.41400477,0
1438326380#4157280271,0,0.41444534,0
5109193415#4405676807,0,0.41528502,0
1574873794#4196521320,0,0.41321126,0
4157280271#1401982678,0,0.41696477,0
4321048267#5037293131,0,0.41779354,0
117154450703#114453608394,0,0.41423503,0
5183692300#2062075980,0,0.41506562,0
3806980943#4348295931,0,0.4100672,0
1316058339#4915591396,0,0.41780335,0
1903466347#4065795443,0,0.41402784,0
1840606003#4157280271,0,0.41467544,0
4256926363#4657354311,0,0.41278702,0
4952978442#5165108496,0,0.41590416,0
3438816692#1709057480,0,0.41355935,0
2281691154#5014897285,0,0.41314837,0
5173394727#5104418469,0,0.41277462,0
3501281334#1646275700,0,0.41616753,0
4820163687#4748650954,0,0.41336477,0
1778563595#1712570939,1,0.4155351,0
2148153592#3594649033,0,0.41446096,0
4157496031#4619195159,0,0.4149068,0
4391918874#4536041187,0,0.41770455,0
201663692217#2062770841,0,0.41408974,0
1672066227#4261185678,0,0.41353646,0
4589929428#4572636295,0,0.41131973,0
4201830454#4450888165,0,0.41435084,0
3349756713#4658620132,0,0.4116778,0
4959321228#41713266437,0,0.41265577,0
207035576772#1847712017,0,0.40917367,0
2059052537#3791139342,0,0.4163619,0
2111041560#4465664542,0,0.41206703,0
2055886100#2329543699,0,0.41115886,0
4523728345#4416668620,0,0.41513866,0
5169257623#18465816919,0,0.41604945,0
2016866277#2133358535,0,0.41061053,0
4534359957#4451288784,0,0.41337758,0
1318260275#2079581946,0,0.41516328,0
4572636295#4323500487,1,0.4090076,0
2059052537#2062766088,0,0.41968367,0
1882929309#2066246683,0,0.41644382,0
2268304430#1594535012,1,0.41556928,0
4581502608#4718263231,0,0.4107799,0
3114734058#4384414279,0,0.41110677,0
4157496031#5014897285,0,0.41526324,0
3236601708#3550931655,0,0.4146148,0
5007075941#5018023921,0,0.41573238,0
4705583754#3249354040,1,0.41631648,0
4176217131#4828387554,0,0.4154538,0
5090005101#4699280965,0,0.41590115,0
5003601219#146011948003,1,0.41016573,0
4161797606#3359180052,0,0.41515347,0
4145588659#2199135578,0,0.4151146,0
1326086493#2062766088,0,0.41286018,0
2062075980#18467925256,0,0.41608742,0
4726704241#2055886100,0,0.41417202,0
4572380856#3794247232,0,0.40981132,0
3044853716#2066624968,0,0.41235676,0
1319944364#3227376447,0,0.41713855,0
314601953357#102514982310,0,0.41550228,0
3495408683#4643943359,0,0.41761997,0
5067776785#2135316663,0,0.41351715,0
4755359264#38448881724,0,0.41204613,0
3972924699#2027929598,0,0.41307485,0
1574873794#3400442486,0,0.41304865,0
18469192585#435372126625,0,0.41245517,0
2060185518#291173146171,0,0.41405126,0
2268287413#34888001864,0,0.41782758,0
2092610536#3269719212,0,0.41340068,0
4623947495#406088738482,1,0.41310254,0
4628867825#4619195159,0,0.4174484,0
2007847537#2112794415,0,0.41918278,0
1994805938#3347114660,0,0.416531,0
4452060617#4750249486,0,0.41096503,0
1962074579#4091921695,0,0.41844565,0
4165151066#1565925308,0,0.41339535,0
1543155210#1565925308,1,0.4149719,0
117154450703#189546061243,0,0.4110918,0
4437827660#3525845999,0,0.41416684,0
4397595587#4781194041,0,0.40665153,0
3052180518#1430988070,0,0.41413054,0
3043492443#2163049577,0,0.4173664,0
5197586202#4952978442,0,0.41597903,0
2111041560#1637581644,0,0.40529197,0
23230310067#4761512241,1,0.4146509,0
3408556286#10530767652,0,0.41981897,0
4353960088#4384403228,0,0.41124704,0
1848008894#3972924699,0,0.41415003,0
2056128836#1816430010,0,0.41484058,0
107725290582#4658620132,0,0.41286027,0
1696095096#4196521320,0,0.41222027,0
4330455313#4511530729,0,0.4111753,0
5182742886#18466202308,1,0.41606405,0
2065354050#1627738213,1,0.4126695,0
1594535012#2026069710,0,0.41553313,0
4206224036#4735432768,0,0.4153954,0
3635733776#1684789889,0,0.41404504,0
2007329552#1646275700,0,0.41888607,0
1472057117#4991881551,0,0.41824207,0
4346970606#4589673799,0,0.4174614,0
4542039020#4619195159,0,0.41084316,0
1811606488#4628482537,0,0.41171592,0
2297005450#1633806208,0,0.4131385,0
2119398744#2111350136,1,0.4146694,0
4218561827#4335156801,0,0.41900897,0
1438441444#2063588766,0,0.41493812,0
1497939109#2343156405,0,0.40310043,0
4644140313#1696095096,0,0.41103053,0
4179651570#2281691154,0,0.41643393,0
55721888445#1701333916,0,0.41661417,0
5181571321#14613435427,0,0.41453508,0
4825375981#21269204096,0,0.41768107,0
3882201915#3949154897,0,0.41772604,0
50602309472#3648904906,0,0.41625676,0
1656969942#5003601219,0,0.41352668,0
3551393130#1810185303,0,0.4168677,0
4479096588#4285709207,0,0.41190296,0
14613461939#4327866563,0,0.41255245,0
1416301524#3612961288,0,0.4160309,0
5059261580#4619195159,0,0.41335022,0
53263275323#60367707728,0,0.41097537,0
4004772536#3282474651,0,0.41382483,0
3709672083#2275666316,0,0.41720417,0
3967431644#3044025040,0,0.4144736,0
3630377420#1696208496,0,0.4156653,0
4454965094#4454991968,0,0.4138684,0
29299331674#4226659635,0,0.41551146,0
3968945784#1502384801,0,0.41422102,0
2062867476#3076859035,1,0.41046607,0
3954668240#2247165276,0,0.4153369,0
145960681701#4867542841,0,0.41439506,0
138963214044#156276677247,0,0.41473264,0
4454991968#2027929598,0,0.40842462,0
4024663252#4215027256,0,0.4083951,0
3920807098#4722721497,0,0.41371095,0
4408616491#1816427364,0,0.41470593,0
3555205657#3487828521,0,0.41101488,0
3046471496#3108657350,0,0.4134202,0
1634282673#201663692217,0,0.41662374,0
3474372520#3076859035,0,0.4166699,0
3289002505#4065797638,0,0.41375062,0
1533602348#3299598934,0,0.41584828,0
41375214069#1684789889,0,0.41534078,0
4285709207#18465816919,0,0.41426858,0
2092610533#2066246683,1,0.41461733,0
1914706723#1565925308,0,0.41258553,0
4391919171#4658956014,0,0.41671067,0
4534359957#3628533316,0,0.41294158,0
3363370353#2057051388,0,0.4150533,0
4604457043#178258449477,0,0.4112522,0
34888001864#4653616782,0,0.41310203,0
4335156801#2122362220,0,0.41639256,0
1728174549#1472057117,1,0.41812158,0
3972924699#4040016243,0,0.41625807,0
2551494872#4223043910,0,0.41192088,0
2176735919#1743052872,0,0.40882394,0
2175801910#4538332005,0,0.4133819,0
4581502608#1395111624,0,0.4122988,0
2176735919#2133358535,0,0.4067702,0
4746144353#4620294540,0,0.4092602,0
114453608394#2079572106,0,0.41334778,0
2297005450#29299331674,0,0.41550335,0
4450602322#4658620132,0,0.41544876,0
1728174549#336556403061,0,0.4174884,0
54161674630#4015422065,0,0.41353458,0
5167083430#18465816919,1,0.41430905,0
4065721591#4015322905,0,0.40678725,0
4628867825#4589678847,0,0.41662523,0
4256622048#4657354294,0,0.416535,0
2054657143#3628839722,0,0.41251266,0
4536450435#2058222393,0,0.41333482,0
2065201243#6871473475,0,0.41285962,0
109165560395#2064229512,0,0.41491103,0
1882929309#421393369392,0,0.41309434,0
3949154897#4549189933,0,0.4125105,0
3831256267#1840606003,0,0.41311744,0
50602314209#87720200914,0,0.41641718,0
38448881724#2065201243,0,0.41477704,0
4589673799#50016874555,0,0.4156272,0
4397595587#4417849752,0,0.4084272,0
4535930871#1557919756,0,0.41506413,0
4657354294#97115452949,0,0.41602725,0
3501285885#14613461654,0,0.41479465,0
3404019592#3419405027,0,0.41654348,0
4140165052#4385421396,0,0.41627413,0
1671393307#2120472151,0,0.41373196,0
1962074579#3245545040,0,0.42240953,0
2078774568#2063706226,0,0.41476566,0
1816430010#34888001864,0,0.41766638,0
2111349786#1953270965,0,0.41412878,0
1694379811#4391919171,0,0.4140453,0
4132281843#1472057117,0,0.4181703,0
4247271139#5041670056,0,0.41159642,0
156277207697#156277208014,0,0.41491058,0
3920807098#4941134416,0,0.4127798,0
4781194041#29299331674,0,0.41697237,0
4530026053#4289086328,0,0.4116175,0
3408556286#4452550298,0,0.41971228,0
2119476678#2165015487,0,0.4127223,0
4755359264#1710094724,0,0.4152017,0
1313607746#1782357780,0,0.41452548,0
14613469834#4644140313,0,0.4131886,0
4195993580#4391919171,0,0.41768792,0
3949154897#1646275700,0,0.4157728,0
2026258519#2181531828,0,0.41155437,0
5154681248#86626661064,0,0.41564515,0
212771874474#4667944802,0,0.4154004,0
422592070627#3361906432,0,0.41431612,0
5060996735#5090085713,0,0.41465688,0
4722721497#2060253226,0,0.413406,0
4452550298#1816427364,0,0.41581455,0
2057051388#2057051387,0,0.41210693,0
2055886100#2133358535,0,0.40818977,0
2053826326#5197586202,0,0.41759792,0
3648904906#3669306485,0,0.41531974,0
3236601708#3809186919,0,0.41016555,0
4451124293#4452550298,1,0.4143536,0
3648904752#4272843119,0,0.41644716,0
1718471304#1374772535,0,0.4148004,0
1646206864#3474372520,0,0.41832948,0
4659194738#19705527158,0,0.41823012,0
5018389488#4155510577,0,0.41623288,0
1684789889#3026064813,0,0.41325575,0
1427286361#1765891797,0,0.4153403,0
4451089335#4699280965,0,0.41490903,0
2055377631#97115452949,0,0.4118631,0
2113093450#4944579314,0,0.41778782,0
1751364886#1751364880,0,0.4145116,0
4411426624#4071233134,0,0.41602975,0
4200562083#1843271409,0,0.41116476,0
3999176481#1994805938,0,0.41327336,0
2551494872#1656969942,0,0.40946028,0
5027483278#1711687490,0,0.41343737,0
1313607746#3920807098,0,0.4133369,0
5060996735#3648904906,1,0.4164356,0
291173146171#2060185514,0,0.41683707,0
3949154929#3903241588,0,0.41457787,0
1780678934#1639390814,0,0.41258925,0
1537709317#4145496082,0,0.41459692,0
4452550298#4215027256,0,0.4150602,0
1537709311#4452550298,0,0.4149285,0
3446029032#4206267336,0,0.41598108,0
4291077418#3289002540,0,0.41450658,0
3791139342#70183897754,0,0.41505635,0
1701470611#336556403061,0,0.41507998,0
4157551094#2115151765,0,0.41537467,0
4057032761#4024663252,0,0.41240123,0
1326086493#3794247232,0,0.41181934,0
4726704241#79993360240,0,0.41588745,0
1818739935#2275666316,0,0.4160358,0
4205424867#4022447951,0,0.41714954,0
1718471304#4657354311,0,0.41540143,0
2066624973#4680095395,0,0.4171918,0
4700047151#3359180052,0,0.4128371,0
4910561821#4247271139,0,0.41078892,0
4755359264#187508564338,0,0.41414738,0
2727127831#4572380856,1,0.41477415,0
4780994423#5318769457,0,0.41428077,0
1817644740#4261185678,0,0.4156801,0
3889395495#4781194041,0,0.4183453,0
2066246683#1818739935,0,0.41811475,0
2119398744#1953270965,0,0.41220668,0
3361906432#1817644740,0,0.41729882,0
4726704241#4700047151,0,0.41266707,0
4572636295#4820163687,0,0.40973026,0
2066535766#1500022510,0,0.41417196,0
3107598853#580549064505,0,0.4145745,0
1905948078#2059483876,0,0.41100687,0
14613460476#2056478070,0,0.4108877,0
3401731422#4952978442,0,0.41609862,0
5090005101#4214739605,0,0.4119255,0
1701333915#3529095384,0,0.41956684,0
2055886100#4804861605,0,0.41305795,0
3635733776#4715847880,0,0.41048396,0
18468687381#2063706226,0,0.4163626,0
114453608394#1639901072,0,0.41300425,0
146778888902#4730645460,0,0.4140717,0
2007847537#4523728345,0,0.41740632,0
2079581946#2078835030,0,0.41341057,0
4589830735#4534359957,0,0.41317073,0
2133358535#1497880313,0,0.40646532,0
2054781193#1914403252,0,0.4173385,0
91686025987#5163452200,0,0.41566998,0
487126887411#4470296934,0,0.41378716,0
2120155505#4179651570,0,0.41426113,0
2026258524#2026258520,0,0.41089296,0
3289002505#3287805133,0,0.41417304,0
4495044650#2061673563,0,0.41766924,0
1962074579#54161674630,0,0.41667816,0
4623947495#1847712017,0,0.41363248,0
4316999113#1321409006,0,0.41660404,0
174006932062#174007019522,0,0.4133937,0
4024663252#4451124306,1,0.41139773,0
2027929598#2069774757,0,0.41527337,0
4755359264#4643718292,0,0.41439065,0
4327866563#4457149562,0,0.41029826,0
156277514294#307718000196,0,0.41579312,0
2180579787#2026258519,0,0.41103747,0
4535949395#4595088087,0,0.41694677,0
4161797606#4991881534,0,0.4152807,0
3612961288#1867262556,0,0.40773207,0
3513178266#1347237190,0,0.41917202,0
1816427364#303600075141,0,0.41457242,0
3934602500#4196598949,0,0.41465116,0
2055448044#3289002540,0,0.41435283,0
5123189260#3282474651,0,0.4160941,0
41375214069#7161172305,1,0.41814432,0
3501281334#1646206864,0,0.41528544,0
4672808661#1635692869,0,0.41691783,0
3477269989#3628839722,1,0.41785192,0
1867286717#4417818851,0,0.4115149,0
3550979323#4898626808,0,0.42014608,0
3551393130#4065721591,0,0.41367978,0
14613461939#2069774757,0,0.4171123,0
4623949169#4851901157,0,0.41466284,0
309312102749#364679238122,1,0.41160896,0
2058148983#3501281334,0,0.41589072,0
2064414260#1520168707,0,0.4107457,0
3485676898#4551054156,0,0.41849625,0
3709672083#4705583754,0,0.4166389,0
4943818903#38448881724,0,0.41418344,0
3926916973#2075914534,0,0.4106684,0
4298588573#3881831374,0,0.41106194,0
1694379811#1497880313,0,0.41141483,0
102514982310#4538332005,0,0.41258064,0
2135054445#2069985286,1,0.41540655,0
4926426630#4215038721,0,0.41275963,0
4972894326#2062867476,0,0.41209328,0
3683502845#3644272514,0,0.4142152,0
2062766088#2062766801,0,0.4096528,0
4828654874#1770010645,0,0.4099226,0
41713266437#111110399548,0,0.41334566,0
2336490445#3860948251,0,0.41651988,0
2054753273#3926867260,0,0.41448098,0
4499147142#1416301524,0,0.41603774,0
4195960848#4197138413,0,0.4116388,0
1818739935#117154450703,0,0.41684777,0
41375214069#4804861605,0,0.41632587,0
4256926363#4479424072,0,0.40997392,0
4726704241#3299598934,0,0.4133044,0
2065201243#2062075980,0,0.4137971,0
4210986952#2063588766,0,0.4148988,0
1312695289#2159452221,0,0.41122285,0
1537709317#4077473357,0,0.41510424,0
3926916973#3050152494,0,0.41556057,0
29608029868#2297005450,0,0.41769508,0
4929499262#3304467506,0,0.41671032,0
1843271409#53263229623,0,0.41510034,0
4451289887#4451288784,0,0.41499135,0
4620261674#3470148182,1,0.42011598,0
4897048724#3848611844,0,0.4192935,0
1951195150#4454991968,0,0.41416132,0
4633378534#4748650954,0,0.410745,0
1701333915#1701333916,1,0.41305062,0
3580539229#3245545040,0,0.418379,0
4405676807#1921223120,0,0.41479084,0
2026258520#4346970606,0,0.415407,0
1374772535#4820163687,0,0.41382667,0
5027483278#117154450703,0,0.41067052,0
2075914534#1721524699,0,0.41316947,0
4091921695#4140165052,1,0.41819125,0
197910587768#4811798618,0,0.4147316,0
4797396841#2058316912,0,0.41538227,0
2061448087#1537709308,0,0.4137532,0
5031406959#5165108496,1,0.41330066,0
1712570793#1816427364,0,0.4184947,0
4149299298#2336490445,0,0.4135898,0
1565912494#1565913509,0,0.4176917,0
138962728028#2061022206,0,0.4122837,0
3361906432#4549189933,0,0.41561025,0
3727491058#2054657143,0,0.41286102,0
4535941097#4535949395,0,0.41602513,0
2159739481#1548108669,0,0.4142667,0
2062766801#1457252585,0,0.4138388,0
1635692869#106964376935,0,0.4162332,0
3044853716#2133358535,0,0.40653417,0
2064229512#4435686270,0,0.41530576,0
2296493468#2183428945,0,0.4145009,0
3551393130#3551393318,0,0.41522926,0
1427286361#2064414260,0,0.41725677,0
3501285885#4633378534,0,0.41432238,0
2115880476#2296451977,0,0.41476673,0
2066624973#4893633475,0,0.41257316,0
3551393130#3451234547,0,0.41468585,0
3626237468#4662042966,0,0.40921766,0
4145588659#3806980943,0,0.41529194,0
102514982310#114453608394,1,0.4095025,0
1415554755#1696208496,0,0.4147972,0
2115528606#3770456617,0,0.41530317,0
2056128836#4272137501,0,0.41765365,0
4687116172#2296451977,0,0.41583395,0
2054657150#5059261580,0,0.41317704,0
1543155210#4926426630,0,0.41475496,0
2154491220#3628533316,0,0.41381532,0
4780994423#157726428514,0,0.4131392,0
2343156405#2056078364,0,0.41094106,0
3972924699#4840773591,0,0.41637218,0
4150903563#4687116172,0,0.4148061,0
4763332016#1653994308,0,0.4133681,0
4893633475#4426740219,0,0.4165157,0
2054657150#3727491058,0,0.4139387,0
54158093151#3403897392,0,0.41468284,0
3445564730#3114734058,0,0.41193357,0
1537709304#1537709311,0,0.415019,0
4589830735#1477293192,0,0.41444117,0
2075240892#2275666316,0,0.41407606,0
3042764047#4536450435,0,0.4089139,0
4439737347#4155408706,0,0.41495293,0
2281691154#1701333847,0,0.4153477,0
18465851371#1401982678,1,0.4164555,0
2053826326#2114975127,0,0.41873,0
1741741476#3446029041,0,0.41300225,0
4667944802#3626237468,0,0.41657567,0
1640340946#1847712017,0,0.41466817,0
4065795443#3487828521,0,0.4115517,0
125323389433#2159739481,0,0.41455433,0
1875282048#4867542841,0,0.41570035,0
2069985286#2007847537,0,0.4207658,0
4161797606#4452060617,0,0.41308606,0
1817644740#3831256267,0,0.4144654,0
1472057117#4219781521,0,0.41796035,0
7161172172#114453608394,0,0.4165998,0
2336490445#1398443073,0,0.4170495,0
3404019592#2057051388,0,0.41560575,0
4663785560#38202857246,0,0.4149839,0
29608029868#2062867476,0,0.41611776,0
2057685237#4391918874,0,0.41364142,0
29608029868#4643938191,0,0.41730112,0
2062782802#1721524699,1,0.41717482,0
4542039020#4633378534,0,0.4134207,0
2551494872#1654102057,0,0.41048467,0
4633378534#4589929428,0,0.40981847,0
4657354311#7161172172,0,0.4185141,0
60367707728#4742698844,0,0.41293645,0
4132281843#303600075141,0,0.4153011,0
1765891797#2003710867,0,0.41563544,0
124021630369#3214249597,0,0.41174507,0
4536450435#4279029102,0,0.41437045,0
2296451977#2092610533,0,0.41368055,0
4384414279#4435913614,0,0.41174158,0
4877427884#2338131041,0,0.41459805,0
1497880313#1477156406,0,0.41363236,0
4165585148#3709672083,0,0.4158704,0
3054434630#1721524699,0,0.41972122,0
4820163687#4479070818,1,0.41047898,0
107725296889#2092174215,0,0.41360375,0
2165015487#3609077013,0,0.41690275,0
1635692869#2062045929,1,0.41620952,0
4840773591#174006932062,0,0.41554093,0
3435281641#3485676898,0,0.42204058,0
3474372520#2060355842,0,0.4146907,0
173652977366#4811798618,0,0.4113052,0
114453608394#4613276653,0,0.413351,0
7161172172#7161172305,0,0.41957015,0
2180579787#60367707728,0,0.40908796,0
4973150488#4972894677,0,0.4126758,0
1710094724#3633360460,0,0.41536948,0
4231111906#4232666143,0,0.41299304,0
4604457043#4667944802,0,0.41461495,0
4196030610#3949154897,0,0.41413754,0
4683006694#4289077889,1,0.41526687,0
4479070818#3054671141,0,0.410102,0
3236601708#1878732185,0,0.41223076,0
106964376935#4843831604,0,0.41437274,0
4155408706#4279029102,1,0.4141537,0
4943818903#4620685919,0,0.41655916,0
4408616491#4200562083,0,0.41077197,0
4289086328#4289077889,0,0.41274098,0
4450888165#4385421396,0,0.415227,0
4129122420#3107598853,0,0.41614816,0
107725296889#4900378668,0,0.41395682,0
4215038721#4024663252,0,0.4100141,0
3860948251#3794247232,0,0.41441455,0
2055255869#4411426624,0,0.41657737,0
5173394727#121528725386,0,0.41594693,0
2054657150#3411721643,0,0.41358262,0
3551393130#2111349786,0,0.41368654,0
4499147142#1646206864,1,0.41487586,0
2359474749#2359348328,0,0.41661733,0
146778888902#146777938215,0,0.41419268,0
1740857110#3408556286,0,0.41893816,0
2314360284#4536450435,0,0.4174957,0
3968945784#4495500756,0,0.41782486,0
124021630369#4202041822,0,0.41738316,0
2058316912#1775497794,0,0.41230223,0
4470296934#4165151066,1,0.4167472,0
3400442486#3603201749,0,0.4150068,0
2181531828#2183428945,0,0.4137422,0
309670736915#4247271139,0,0.41436225,0
4471122121#53263229623,0,0.41267142,0
3404019551#1634282673,0,0.41699913,0
197910587768#156893097471,0,0.41171455,0
4657354285#4256926363,0,0.4146861,0
3501281334#3289002540,0,0.41494042,0
5037293131#97014870931,1,0.4158884,0
4535930871#3968945784,0,0.41749567,0
4272887201#4272885125,0,0.41868815,0
4808134153#2069774757,0,0.41309872,0
4657354311#4933360994,0,0.41577095,0
1497880313#1438326380,0,0.4138807,0
4699510653#107725292534,0,0.413324,0
4385184631#49857216438,0,0.41451034,0
3495408683#189546061243,0,0.41641682,0
8431814058#1557919756,0,0.41566104,0
4572374020#4730645460,1,0.4124244,0
3287805133#4065797638,0,0.41404957,0
4636381625#3046729281,0,0.4128942,0
4346970606#4742698844,0,0.41275856,0
5067776785#3108657350,0,0.409688,0
2111818909#1770010645,0,0.4096098,0
4223043910#174006932062,0,0.4134302,0
4065795443#3289002540,0,0.41258976,0
4321048267#2055377631,0,0.41733927,0
4259241183#4155510577,1,0.4160643,0
1541880573#4202041822,0,0.4138559,0
29607392514#3445564730,0,0.41112027,0
4715847880#32236834289,0,0.41430637,0
4657354285#4226659634,0,0.415323,0
422592070627#1694379811,0,0.41456193,0
2268304430#146778888902,0,0.41413498,0
4900378668#1903466347,1,0.41576445,0
3628533316#207035576772,1,0.41150558,0
5031406959#4065795443,0,0.41554755,0
4840773591#4659194738,0,0.41779703,0
4662042966#2074019451,0,0.41564277,0
3896015808#4530026053,0,0.4131401,0
1456843034#3076859035,0,0.41441908,0
2068623358#2059052537,0,0.41700575,0
2199135578#1810185303,0,0.41686186,0
1712570939#1727736762,0,0.41987127,0
3557197892#2069774757,1,0.4170697,0
2075914534#3403917033,0,0.4144187,0
1778563602#1634282673,0,0.41403252,0
422592070627#4435686270,0,0.4131029,0
38202857246#1543155210,0,0.41498548,0
4416668620#3629624977,0,0.41435528,0
1543155210#1951195150,0,0.4135508,0
5167083430#3446029032,0,0.41296884,0
3042764047#4437827660,0,0.40774202,0
3764759336#3513178266,0,0.4183955,0
4155510577#3967431644,0,0.41200078,0
111568230982#2058132898,1,0.41623482,0
4417849752#1867286717,0,0.4136321,0
3461052410#1318260275,0,0.42080274,0
4223934140#1639390814,0,0.41563553,0
4285709211#4285709207,0,0.4095383,0
5060996735#4317041484,0,0.41266194,0
1878732185#2060257095,0,0.41416216,0
4321048267#2056662276,1,0.4171245,0
1594535010#111110399548,0,0.4149088,0
1778563595#4232471781,0,0.41414228,0
1438441444#1398682725,0,0.41245502,0
3403917033#3926916973,0,0.4146411,0
5007075941#2112576214,0,0.4152631,0
3949154929#4391918874,1,0.4137513,0
3245545040#1541880573,0,0.4190474,0
2120155505#2115151765,0,0.41260996,0
1321409006#1813034413,0,0.41465583,0
4129122420#4196598949,0,0.41401443,0
1457252585#3972924699,0,0.4144498,0
2359435242#3052180518,0,0.41564354,0
4643898157#4285709211,0,0.4146371,0
2007934907#100995265790,1,0.41190964,0
2003710867#4551054156,0,0.4161398,0
3124123344#580549064505,0,0.41549322,0
14613461654#14613461939,0,0.41244376,0
4687116172#18467669365,0,0.41463196,0
5181571321#1951195150,0,0.4105869,0
303600075141#336556403061,0,0.41539928,0
314601953357#22859701254,0,0.41616789,0
3831256267#1816929342,0,0.41137743,0
4231111906#4636446230,0,0.414145,0
4715847880#2003710867,0,0.41589442,0
1843271409#4285709211,0,0.41514948,0
4272887201#2064730522,0,0.41549665,0
309670736915#4712246454,0,0.41582873,0
97014870931#2055377631,0,0.41294444,0
2092610533#156277208014,0,0.41534102,0
3446029041#3683502845,1,0.41116357,0
2092610536#2092610533,0,0.41380987,0
1639832922#4623570105,0,0.41769776,0
4285709207#4285491833,0,0.41294828,0
4471122121#4465664542,0,0.41345307,0
1634282673#1778563597,0,0.41544676,0
1751247315#4915591396,0,0.41635472,0
4091921695#3926916973,0,0.4162941,0
4437827660#2056662276,0,0.41201988,0
376973981474#395685899087,0,0.4139643,0
4840773591#174007019522,0,0.41524756,0
4157496031#4451289887,0,0.41584045,0
3299599421#14613435427,0,0.4148575,0
1712080073#1711852573,0,0.4160406,0
1574873794#3445564730,0,0.4133958,0
2338916683#1438483240,0,0.4164908,0
309312101477#4003298247,0,0.42179784,0
4346970606#156277208014,0,0.41635093,0
2068623358#1710094724,0,0.4136349,0
86283717806#1694379811,0,0.4143619,0
2059124992#4385184631,0,0.41638958,0
5031406959#2114975127,0,0.41552734,0
4285491833#2061309144,0,0.41632098,0
2275666316#3474685536,0,0.4149644,0
1537709308#1537709317,0,0.41452384,0
4451124306#86626661064,0,0.41940972,0
1665894324#1921223120,0,0.41249025,0
4393085087#4680204120,0,0.41084984,0
3949154897#1650171814,0,0.41694215,0
54158093151#4748650954,0,0.4083471,0
3050045988#18468690620,0,0.41316268,0
4210985419#3411721643,0,0.41764098,0
4206812485#3642422898,0,0.41651517,0
2117967935#4623570105,0,0.41407868,0
2275666316#174007019522,0,0.41595244,0
4215038721#4699510653,0,0.4146278,0
2112576214#4479096588,0,0.41652402,0
1740857110#4451288784,0,0.4160728,0
4346970606#4797396841,0,0.41554332,0
1634282673#1633806208,0,0.41320562,0
1321409006#1816428069,0,0.41452992,0
4479070818#4748650954,0,0.40834835,0
4538003565#4589929428,0,0.41162968,0
1472057117#3287805133,0,0.4143559,0
3404019551#2247165276,0,0.4156928,0
4620685919#3806980943,0,0.4144057,0
3881831374#6015919609,0,0.4159179,0
1656969942#3061887519,0,0.41480926,0
4099641396#4298588573,0,0.41359752,0
4972894326#14613464513,0,0.41236398,0
3439202323#1780678934,0,0.4157899,0
1430988070#1875282048,0,0.41503662,0
1778563602#1727736762,1,0.4178792,0
157726428514#189546061243,0,0.41060314,0
422592070627#3633572726,0,0.41189083,0
1751364886#4623949169,0,0.41664848,0
86626661064#5018389488,0,0.41713458,0
1701333847#1374772535,1,0.41217571,0
3054671141#4022447951,0,0.41086072,0
1650171814#5208946130,0,0.4163969,0
1533602348#4726704241,0,0.40974265,0
4643943359#4944579314,0,0.41716692,0
2111351705#2111350136,0,0.41392475,0
4658956014#4536450435,0,0.4128965,0
2053826326#422592070627,0,0.41434214,0
174006932062#121528725386,0,0.41374415,0
2150036453#1816929342,0,0.4117345,0
5104418469#3403897392,0,0.41307354,0
3727491058#1811606488,0,0.41430187,0
4417849752#4416668620,1,0.41402978,0
1326086493#5215138753,0,0.41382605,0
4214739605#3609077013,0,0.41307044,0
2070908197#376973981474,0,0.4173081,0
2068623358#4631852445,0,0.4144793,0
2055377631#4289077889,0,0.41418236,0
3934602500#1430988070,0,0.417665,0
4726704241#4643011415,0,0.41460362,0
5173394727#4973150488,0,0.4154309,0
4405676807#4219781521,0,0.41730368,0
3633572726#3550931655,0,0.41524145,0
4538332005#1316058339,0,0.41785336,0
4808134153#1415647813,0,0.41344196,0
5087832312#1696438060,0,0.4140011,0
1882929309#1316058339,0,0.41716078,0
4206267336#1419344414,0,0.4139048,0
1416528046#2175801910,1,0.41378134,0
4077473357#4877427884,0,0.41516542,0
2058563113#1520168707,0,0.41919413,0
2066624968#4631852445,0,0.41254795,0
2060355842#421393369392,1,0.41631615,0
4451089335#1743052872,0,0.41151384,0
4570764341#4722721497,0,0.41373557,0
3513178266#4202041822,0,0.41739395,0
2057811649#1710094724,0,0.41249374,0
2111350136#564144132292,0,0.41631922,0
3477269989#3474685537,0,0.41278177,0
2175801910#2027838359,0,0.41340634,0
314601953357#1770010645,0,0.4131181,0
4959321228#1497880313,0,0.41234943,0
4584646241#4391918874,0,0.4134133,0
1374772535#4657354311,0,0.41550887,0
3791139342#3967431644,0,0.41327086,0
4417818851#2055255869,0,0.41419697,0
2168053392#4589678847,0,0.4171152,0
41375214069#2062845102,0,0.41591758,0
1712080073#1711687490,0,0.41239524,0
21269204096#4205538788,0,0.41581976,0
4781194041#4841409785,1,0.41565484,0
4898730640#4828654874,1,0.41246802,0
4899954714#3806980943,0,0.41342333,0
364679238122#1701333916,0,0.41591445,0
2148153592#2059400154,0,0.4141945,0
3056067914#2336490445,0,0.41568393,0
14613461654#14613466961,0,0.4125102,0
2057811649#237523614768,0,0.41342637,0
2057051388#3954668240,0,0.41673803,0
4589595738#2113760999,0,0.41211623,0
4285491833#4285709211,0,0.41331887,0
48926966870#2054753273,0,0.4185815,0
4761512241#2254264382,1,0.41455832,0
3628839717#4335156801,0,0.41721585,0
2068623358#4680203965,0,0.41396183,0
3054671141#3517506225,0,0.40916875,0
4495044650#4735503306,0,0.4125766,0
3764759336#2115880476,0,0.414723,0
1684789889#4715847880,0,0.40816942,0
4662042966#4663785560,0,0.41050556,0
4680204120#79993360240,0,0.4151792,0
1374772550#1701333915,0,0.41276148,0
3044853716#2055886100,0,0.41592228,0
1951195150#4808134153,0,0.41402283,0
4635981164#3107598853,0,0.41498345,0
138962685339#276611684552,1,0.4186392,0
4643011415#1533602348,0,0.41630253,0
4256926363#4933360994,0,0.40954223,0
2115880476#4034038494,0,0.4168198,0
4215058789#4215038721,0,0.408716,0
3628839722#3628839717,0,0.41796097,0
1646275700#1816430010,0,0.41865313,0
124021630369#3683502845,0,0.41426033,0
4479095804#4479096850,0,0.41506195,0
4699510653#107725290582,0,0.41244036,0
3517506225#1914403252,1,0.4145805,0
2183963548#2026258519,0,0.41285008,0
1537709317#2338916683,1,0.41388792,0
4755359264#314601953357,0,0.41771406,0
3107598853#1438441444,0,0.41027674,0
4439737367#4435913614,0,0.4122397,0
3550979323#3259289288,0,0.41347727,0
2176735919#2056078364,0,0.4072093,0
4439426144#4256622048,0,0.41276902,0
4065795443#4439737367,0,0.412377,0
2066509477#5037293131,0,0.41177607,0
1500022510#5087832312,0,0.4142659,0
4317041484#4327866563,0,0.41188025,0
4040016243#2057145715,0,0.41894323,0
1867286717#4781194041,0,0.41183752,0
2163049577#2114049002,0,0.41398108,0
237523614768#5128222238,0,0.41699943,0
4435528162#3836676657,0,0.411398,0
364679238122#4658620132,0,0.41207248,0
3061887519#5003601219,0,0.41438177,0
1326086493#4893633475,0,0.41674256,0
2066535766#487126887411,0,0.41162565,0
3359180052#3594649033,1,0.4172467,0
41713266437#54161674630,0,0.4156009,0
2183968048#2183963548,0,0.41253957,0
4140165052#4426740219,0,0.4171656,0
2111872187#2067179166,0,0.41922227,0
4653616782#2054657150,0,0.4133756,0
3889395495#4893633475,0,0.41845766,0
2067571192#5087832312,0,0.41689116,0
1543155210#1878732185,0,0.41311756,0
4680095395#1727736762,0,0.419767,0
1778563597#156277207697,0,0.41829515,0
3794247232#111568230982,0,0.41352436,0
2296451977#2296574953,0,0.41546333,0
3032709817#1627738213,0,0.4148042,0
336556403061#1728174555,0,0.41126558,0
4323500487#4479070818,0,0.40730733,0
4851901157#4285709207,0,0.41472673,0
4219781521#564144132292,0,0.41854143,0
3043492443#4354044382,0,0.4190864,0
3490539439#4015322905,0,0.41800717,0
4393085087#3881831374,1,0.41210198,0
2075416140#3044853716,0,0.41425887,0
4479096588#4289077889,0,0.41609114,0
4209814745#3920807098,0,0.41281545,0
4495500756#18465816919,0,0.4140986,0
1437868238#4589673799,0,0.4124839,0
4165151066#3683502845,0,0.41463143,0
5154681248#157726428514,0,0.41457033,0
2074019451#3968945784,0,0.41949892,0
3108657350#1784900254,0,0.41273645,0
376973981474#4157496031,0,0.4150958,0
1751364880#4619195159,0,0.41540653,0
4157551094#4272137501,0,0.41367918,0
4898626808#3124123344,0,0.41524386,0
97014870931#3637042235,0,0.41447982,0
2056662276#97014870931,0,0.4135324,0
4479095804#4261185678,0,0.41459846,0
53263275323#1394397775,0,0.41325632,0
2060355842#22859701254,0,0.41698793,0
1671393307#3056067914,0,0.41435957,0
4071233134#3446029032,0,0.4134051,0
4915591396#2727127831,0,0.4139152,0
7161172172#5214033793,0,0.41518664,0
564144132292#111568230982,0,0.4172158,0
146011937628#1921223120,0,0.41299766,0
3259289288#5123189260,0,0.40897268,0
2359348328#4750249486,0,0.41702592,0
1430988070#2116342008,1,0.4194121,0
3446029040#2329543699,0,0.41151386,0
3896015808#4668248026,0,0.4147634,0
2066509477#4657354311,0,0.41409102,0
3259289288#4435913614,0,0.4145984,0
1374772535#156277207697,0,0.4179765,0
2180579787#2183428945,0,0.41379628,0
3954668240#1847712017,0,0.41361308,0
4538332005#54158093151,0,0.4158633,0
4450602322#2114341514,0,0.41437098,0
3555205657#3501281334,0,0.41031393,0
1727736762#4397595587,0,0.4129494,0
1780678934#4140165052,0,0.4154608,0
3967431644#2062782802,0,0.41277635,0
2455800880#14613465315,0,0.41227368,0
2056078364#3050152494,0,0.41043237,0
2114975127#4179651570,0,0.41320264,0
4179651570#276611684552,0,0.41760185,0
4628467232#1415647813,0,0.41167575,0
14613464513#14613461654,0,0.4126338,0
2059400154#4004772536,0,0.41385007,0
2059052537#3056067914,0,0.41900367,0
4408616491#5090085713,0,0.4109135,0
2068602973#2066624973,0,0.41291022,0
54161674630#5095503840,0,0.41303575,0
4929499262#3032709817,0,0.41777357,0
2339749085#14613465315,0,0.4161344,0
2059052537#1818739935,0,0.41774607,0
38406123057#2297005450,0,0.4183353,0
4291077418#45531943201,0,0.41473064,0
4417818851#2339749085,0,0.41483465,0
3236601708#2092610533,0,0.41375315,0
2003336437#1647227082,0,0.4142367,0
4742698844#87720200914,0,0.41123092,0
4260680249#4165151066,0,0.41605186,0
1921223120#5059261580,0,0.4108584,0
4454965094#5163452200,0,0.41664037,0
5090005101#4393085087,0,0.4138843,0
4129122420#1438441444,0,0.41341496,0
2060185514#1711687490,0,0.41440627,0
5163452200#29607392514,0,0.41442648,0
2055255869#4209814745,0,0.41797602,0
2092938385#4384414279,0,0.41501144,0
1816428069#1816427364,0,0.41584644,0
2168053392#4589595738,0,0.41144586,0
7161172172#5018368651,0,0.41888,0
2007847537#4715847880,0,0.41839564,0
3501285885#1653994308,0,0.41288486,0
156274514359#3214249595,0,0.4159337,0
2338131041#1537709311,0,0.41635922,0
1712080073#3052165975,0,0.41500628,0
1816929342#1817644740,1,0.4123383,0
3772512066#4735503306,0,0.4081249,0
4746144353#4972894326,0,0.41342646,0
45531943201#41713266437,0,0.41372862,0
4210985419#4893633475,0,0.41735882,0
1784900254#2069774757,0,0.41568112,0
4657354294#3404019551,0,0.41720983,0
53263275323#4653616782,0,0.41459116,0
3835278364#2007934907,0,0.41426253,0
4196521320#4641374150,0,0.412134,0
23230310067#5169557343,1,0.41154283,0
4204386191#3849817492,1,0.41618183,0
1816428069#1840606003,0,0.41592464,0
2135316663#5104418469,0,0.407924,0
2056478070#1639219119,0,0.4112892,0
2066535766#1416827061,0,0.41605678,0
4941134416#4218561827,0,0.4103038,0
3882201915#3949154929,0,0.41462803,0
4022447951#3754155310,0,0.4140576,0
4209814745#1537709304,0,0.4166299,0
201663692217#406088738482,0,0.41075888,0
3461052410#5027483278,0,0.41712302,0
4272137501#4214739605,0,0.41422644,0
1778563595#1537709311,0,0.41702077,0
3644272514#3446029040,0,0.4126274,0
19705527158#107725292534,0,0.414525,0
70183897754#4536450435,0,0.4130054,0
53263229623#3860948251,0,0.41213652,0
2359348328#2067179166,1,0.41676864,0
4726704241#3594649033,0,0.41527453,0
4972894677#2455842713,0,0.41385072,0
4256926363#4542386587,0,0.41166177,0
2059124992#5210078086,0,0.41456652,0
3968945784#4687116172,0,0.41645855,0
7161173338#1696208496,0,0.4182737,0
102514982310#121528725386,0,0.4157616,0
1712570793#3438816692,0,0.41464424,0
219547393842#5174571094,0,0.413756,0
8431814058#1867286717,0,0.41211885,0
1878732185#1394397775,0,0.41691443,0
1728174549#4132281843,0,0.4188297,0
1637980981#3551393130,0,0.41605604,0
2092610536#4071233134,0,0.41557565,0
4763332016#2067571192,0,0.41857526,0
2063588766#1316556785,0,0.41602686,0
3648904906#4317041484,0,0.4148074,0
1665894324#1765891797,0,0.41447115,0
3555205657#3287805133,0,0.41351643,0
2058316912#4843831604,0,0.41764295,0
4057032761#4451124293,0,0.40766364,0
1627587582#4259429802,0,0.41691768,0
4840773591#3727491058,0,0.4167498,0
4619195159#1520168707,0,0.41267055,0
1780678934#1782357780,1,0.41429958,0
3580539229#3249354040,0,0.41539857,0
1386747994#2062045929,0,0.40875491,0
5167083430#5169253299,0,0.41489717,0
5007075941#3477269989,0,0.41527724,0
4451289887#2551494872,0,0.41228056,0
4705583754#4489521100,0,0.41427627,0
5169557343#4542039020,0,0.41473317,0
1594535010#2026069710,0,0.4155855,0
373850283306#373850284448,1,0.4137554,0
4792436579#2168053481,0,0.40923327,0
3926916973#1721524699,0,0.41525716,0
3114734058#2159739481,0,0.41251132,0
2116342008#3052180518,0,0.41742572,0
4231111906#97115452949,0,0.41197973,0
109165560395#189546061243,0,0.41389322,0
4993036319#580549064505,0,0.41580355,0
1438326380#4289086328,0,0.41136667,0
8431814058#2114341514,0,0.41512796,0
4003298247#1784900254,0,0.41823497,0
4285709211#4316999113,0,0.4126988,0
4623934568#183335907108,0,0.41610187,0
2007934907#97014870931,0,0.41219,0
1818739935#2338916683,0,0.41904205,0
3860948251#3299599421,0,0.4167555,0
1415554755#3691000538,0,0.41526306,0
3487828521#4448830722,0,0.41113025,0
38202856033#4663785560,0,0.4120107,0
2056662276#2055377631,0,0.4102835,0
1951195150#107725292534,0,0.41230595,0
2070627808#2092610536,0,0.41280684,0
1398682725#3435281641,0,0.41451317,0
4479095804#4699510653,0,0.41560927,0
3419405027#2026258520,0,0.41431758,0
1313607746#4972894326,0,0.4155022,0
4411426624#3304467506,0,0.41730392,0
5027483278#2111350136,0,0.41345316,0
3403917033#406088738482,0,0.41628516,0
4658956014#2054817755,0,0.4153287,0
1497939109#4735432768,0,0.41045946,0
4620294540#3438816692,0,0.41207767,0
2235828707#2062075980,1,0.41316998,0
2054733437#1878732185,0,0.41568384,0
1962074579#4140165052,0,0.41877893,0
4720389596#4289077889,0,0.41526186,0
4623949166#4004772536,0,0.41394687,0
4716933437#4897048724,0,0.4172493,0
564144132292#2062075977,0,0.416406,0
4933360994#3487828521,0,0.41194254,0
4915591396#5208946130,1,0.4164271,0
1816428069#1813034413,0,0.41418785,0
2119476678#2119398744,0,0.40863347,0
4274235353#1752749942,0,0.41220278,0
5123189265#7161172172,1,0.41709656,0
1709057480#4620294540,0,0.40587595,0
14613461654#4201830454,0,0.4139426,0
3451234547#3513178266,0,0.41346753,0
4145496082#4077473357,0,0.4166316,0
2114049002#3848611844,0,0.41498187,0
4973150488#14613466961,0,0.41295454,0
2117967935#3794247232,0,0.41219074,0
29607392514#2297005450,0,0.4167606,0
3054434630#2062766801,0,0.41498792,0
4620261674#4195960848,0,0.4154177,0
2120851333#1311812490,1,0.41784844,0
1701333915#1701333847,0,0.41378105,0
29608029868#29607392514,0,0.4146055,0
1438326380#1497939109,1,0.412165,0
4414530598#5060996735,0,0.41225174,0
2026258521#2183428945,1,0.41055542,0
5182742886#4929499262,0,0.4139104,0
46983614517#4643718292,0,0.41572395,0
3517506225#4354044382,0,0.41638577,0
2118416856#4339070553,0,0.4168899,0
4437827660#1843271409,1,0.41398478,0
4259429802#4973150488,0,0.41437694,0
4792436579#4750249486,1,0.4120263,0
1882929309#3550931655,0,0.41858488,0
4538332005#1696208496,0,0.41644943,0
1727736762#1712573177,0,0.4168545,0
4877427884#4454965094,0,0.41827592,0
5214033793#4699280965,0,0.4129869,0
2183963548#2026258521,0,0.41134092,0
3633572726#307718000196,0,0.41020718,0
1672066227#21269204096,0,0.41292346,0
3882201915#4584646241,0,0.41817045,0
4157496031#4197138413,0,0.41393557,0
4157551094#2066624968,0,0.412095,0
2111041560#1497880313,0,0.40644273,0
3495408683#4897048724,1,0.41825682,0
4003298247#4417849752,0,0.41949627,0
102514982310#2114716134,0,0.41648287,0
3798986721#48926966870,0,0.41655982,0
4898730640#3289002505,0,0.41403374,0
4797396841#113196401893,0,0.4153955,0
2054657150#2054657143,0,0.41216898,0
1728174555#2067377960,0,0.41785714,0
4416668620#4841409785,0,0.41469774,0
5165108496#5197586202,0,0.4187542,0
4742698844#4653616782,0,0.40962577,0
1694379811#2298730254,0,0.41514203,0
4015422065#5018023921,0,0.41737142,0
87820911338#2168053392,0,0.41820937,0
29608029868#29299331674,0,0.4170367,0
1743052872#2056078364,0,0.4089811,0
2176735919#4470296934,0,0.40807986,0
4750249486#3999176481,0,0.41283435,0
4628867825#1570945860,0,0.41375765,0
4720389596#4223043910,0,0.41424087,0
2058222393#2270062912,0,0.4129141,0
4027742647#2117967935,0,0.4099901,0
373850284448#2114975127,0,0.41537583,0
2061309144#1878732185,0,0.4122753,0
4642512906#4933360994,0,0.41698635,0
49857216438#4893633475,0,0.41514906,0
110232280082#4437827660,0,0.4109154,0
10530767652#156277208014,0,0.41485623,0
4279029102#2235828707,0,0.41246715,0
38448881724#1696095096,0,0.40844917,0
1528865186#4536041187,0,0.4123216,0
1951195150#4040016243,0,0.41705742,0
5318769457#4157280271,0,0.41228974,0
3988152389#3999176481,1,0.4128307,0
4165585148#2092938385,0,0.41631752,0
1594535010#107725290582,0,0.41225785,0
4071233134#3446029041,0,0.41496953,0
1765891797#4130010417,0,0.41768697,0
97115452949#1633806208,1,0.41411078,0
1416528046#1438441444,0,0.41251445,0
3770456617#1415554755,0,0.41293052,0
4317041484#3648904752,0,0.41338682,0
53263275323#50602309472,0,0.41406983,0
1953270965#2113288221,0,0.41687983,0
1438326380#1694379811,0,0.41428193,0
1905948078#1565925308,0,0.4124477,0
4140165052#4450888165,0,0.41715515,0
1743052872#2111041560,0,0.4083296,0
21269204096#173652977366,0,0.41534486,0
4673557611#4735503306,0,0.41319042,0
4397595587#4841409785,0,0.40685353,0
5003601219#146011937628,1,0.41125077,0
4913742546#1570945860,0,0.41424748,0
18468580547#5167083430,0,0.41298616,0
580549064505#1696208496,0,0.41348237,0
2115880476#3551393130,0,0.41446328,0
3626237468#4099641396,0,0.4114948,0
2120851333#1477293192,0,0.418825,0
1711687490#4091921695,0,0.41524392,0
4247271139#4726704241,0,0.41075572,0
4232471781#4657354285,1,0.41575864,0
2092174215#1637980981,1,0.41210034,0
87820905399#3490539439,0,0.4176915,0
4316999082#3949154897,0,0.4151861,0
4825375981#4180609537,1,0.41236514,0
3626237468#1953270965,0,0.4111679,0
2343156405#2159739481,0,0.4089271,0
5087832312#1415647813,0,0.41387177,0
146011937628#1654102057,0,0.41361699,0
2135316663#2159452221,0,0.41068184,0
4157551094#291173146171,0,0.4154679,0
4840773591#4579172309,0,0.41668323,0
2060253226#3046729281,1,0.41320133,0
4514269980#4893633475,0,0.41852716,0
1635692869#4851901157,0,0.4152152,0
4581502608#4538003565,0,0.41393775,0
3359180052#4589929428,0,0.4117847,0
2235828707#1401982678,0,0.41373733,0
4631852445#2114049002,0,0.41188943,0
2058132898#3794247232,0,0.41570288,0
1640340946#2061022206,0,0.4125103,0
2056128836#4260680249,0,0.4164563,0
4730645460#4636446230,0,0.41214994,0
156893097471#174006932062,0,0.41382048,0
1867262556#7026230674,0,0.4129085,0
4439737367#34888001864,0,0.41654846,0
2071751695#18468687381,1,0.41739187,0
2159452221#2055886100,0,0.41595787,0
91686025987#2604119334,0,0.41480565,0
4471122121#4653616782,1,0.41412434,0
3404019551#4658620132,0,0.41483757,0
2336490445#2120472151,0,0.41439846,0
4658620132#309670736915,0,0.41663137,0
3445564730#2135316663,0,0.41062152,0
1671393307#4022447951,0,0.41536385,0
4479070818#3249354040,0,0.41292816,0
4643898157#2135316663,0,0.41331187,0
3967431643#4495500756,0,0.4141214,0
4451289887#3446029040,0,0.41569602,0
4893633475#2112794415,0,0.41896042,0
2079581946#4454991968,0,0.414835,0
4843831604#4851901157,0,0.41194293,0
1477156406#2159739481,1,0.41314316,0
2057145715#2338916683,0,0.41702694,0
38406123057#5163452200,0,0.41612792,0
3439202323#1438326380,0,0.41585204,0
47752312088#4755359264,0,0.4122516,0
18469192585#3411721643,0,0.41094095,0
3282474651#2270062912,0,0.4150673,0
3052180518#1453527936,1,0.4118305,0
4201830454#14613464513,0,0.41387945,0
3513178266#1751247315,0,0.41535792,0
5197586202#19705527158,0,0.41575885,0
3628839717#3628839716,0,0.41834202,0
2067377960#1701333847,0,0.41460285,0
4200577198#2199135578,0,0.41401622,0
4330455313#4353960088,0,0.4139977,0
3249354040#3245545040,0,0.42263883,0
292830032329#70183897754,0,0.4118788,0
1497880313#4414530598,0,0.40696087,0
4065795443#3289002505,0,0.41186482,0
4900378668#1472057117,0,0.4155675,0
1813034413#406088738482,0,0.41737688,0
4015422065#1640340946,0,0.41497314,0
6015919609#1639219119,0,0.41460916,0
3648904752#2270062912,0,0.4143661,0
2060185518#1528865186,0,0.41500854,0
3628839722#3451234547,0,0.41847983,0
2092610533#4926426630,0,0.41451764,0
110232280082#54158093151,0,0.4136674,0
2061448091#111568230982,0,0.41319108,0
2270062912#4439426144,0,0.4135975,0
4534359957#4077473357,0,0.41227582,0
2183968048#2181531828,0,0.41326427,0
1882929309#3809186919,1,0.41235548,0
4451288784#146011948003,0,0.4157801,0
1951195150#4658620132,0,0.41342106,0
4205424867#3075628047,0,0.41447964,0
2056078364#1382214880,1,0.40961462,0
3347114660#4145588659,0,0.41555643,0
3903241588#4536041187,0,0.41888633,0
2120851333#4619195159,0,0.4173428,0
4589820532#3477269989,0,0.414073,0
4579172309#4658620132,0,0.4088944,0
2551494872#1921223120,0,0.41070506,0
54161674630#29299331674,0,0.41510567,0
5128222238#5183692300,0,0.4156857,0
2268287413#2359348328,0,0.4170931,0
4003298247#5163452200,0,0.42155364,0
2058316912#4700047151,0,0.41550478,0
2117967935#18465851371,0,0.4148146,0
1472057117#303600075141,0,0.41702077,0
50602309472#11087571368,0,0.4121229,0
3934602500#3052180518,0,0.41567704,0
4439737347#3044853716,0,0.41559756,0
4898730640#406088738482,0,0.41266477,0
5037293131#4015322905,0,0.4159091,0
1438441444#4206812485,0,0.41319194,0
2069774757#4735503306,0,0.4115841,0
1537709308#1537709311,0,0.41410768,0
1541880573#4514269980,0,0.41649047,0
7161172305#7161173338,0,0.4171916,0
2119476678#4339070553,0,0.4093781,0
1639219119#2296451977,0,0.4154612,0
5169257472#3709672083,0,0.41785786,0
4057032761#3633572726,0,0.41439113,0
4944579314#1656969942,0,0.4174496,0
4223004786#5208946130,0,0.41546464,0
4570764341#3214249595,0,0.414131,0
4289077889#1701333915,0,0.41622928,0
4411426624#4205424867,0,0.4145323,0
4581502608#4680204120,0,0.41129497,0
3513178266#3628839717,0,0.41653556,0
3245545040#3629624977,0,0.4168142,0
5182742886#5027483278,0,0.41336286,0
3107598853#4206812485,1,0.41398454,0
5095503840#45531943201,0,0.4138823,0
4057032761#4215027256,0,0.41527534,0
4589820532#1778563597,0,0.4167809,0
2063706226#2068602973,0,0.4133281,0
2059483876#1543155210,0,0.41332716,0
3630377420#4623570105,0,0.41348937,0
4672808661#106964376935,0,0.414375,0
1665894324#2551494872,0,0.41080475,0
2068623358#1570945860,0,0.41251704,0
2062845102#4218561827,0,0.41458762,0
2058222393#4165585148,0,0.4143111,0
4657354311#4316999082,0,0.4145392,0
49857216438#5014897285,0,0.41614714,0
4572380856#2079581946,0,0.41451505,0
3214249595#2066624973,0,0.4088771,0
1438441444#4479424072,0,0.41292533,0
4205424867#2059052537,1,0.41894877,0
2061448087#1537709304,1,0.4141326,0
4219781521#4200577198,0,0.41705588,0
1656969942#5173394727,0,0.41535658,0
3487828521#3712801411,0,0.4126089,0
2026258519#3044025040,0,0.41680542,0
1453532038#2118416856,0,0.41812414,0
1696438060#1709057480,0,0.41221666,0
4034038494#3445564730,0,0.41670188,0
4479070818#4572636295,0,0.4100361,0
3835278364#1633806208,0,0.41023058,0
23230310067#4542039020,0,0.4141602,0
1816430010#2007329552,0,0.4180988,0
2061309144#8431814058,0,0.41472092,0
4272843119#3836576451,0,0.41915143,0
1962074579#2056128836,0,0.41913438,0
4259429802#4316999113,0,0.41280282,0
4840773591#2069985286,0,0.41502544,0
4620294540#4200562083,0,0.4135951,0
49857216438#3359180052,0,0.41246173,0
5018389488#5208946130,0,0.413614,0
2079572106#1416827061,0,0.41659147,0
3831256267#2054753273,1,0.4150041,0
4161797606#303600075141,0,0.41515997,0
3525845999#1816428069,0,0.4113718,0
1565912494#1528865186,0,0.41598135,0
2062766801#3403897392,0,0.41386563,0
174006932062#150594502346,0,0.4136467,0
4401870234#3628533316,0,0.41932383,0
3630377420#4900256072,0,0.41421363,0
4437827660#4439737347,0,0.41263086,0
1684789889#3630377420,0,0.41335097,0
1867262556#1867286717,0,0.4139987,0
2054781193#4439737347,0,0.41538945,0
4354044382#18468580547,0,0.41413656,0
3903296442#2119398744,0,0.41120425,0
4667944802#4668248026,0,0.420158,0
97014870931#4223934140,0,0.4169005,0
4226659635#4910561821,0,0.41472018,0
1875282048#4658956014,1,0.417243,0
3403917033#3403897392,0,0.41734135,0
307718000196#2270062912,0,0.41208962,0
3401731422#4628482537,0,0.41476932,0
4219781521#4015422065,0,0.4162529,0
4530026053#4157496031,0,0.41383868,0
1813034413#1319944364,0,0.4165612,0
3642422898#4196598949,0,0.41282493,0
4452060617#4451089335,1,0.41168517,0
2064730522#4272885125,0,0.41712603,0
113196401893#1637581644,0,0.4122109,0
4943160331#2176735919,0,0.4125514,0
4323500487#4748650954,0,0.4098401,0
50602314209#2117948923,0,0.41387588,0
2055255869#2027890207,1,0.4191356,0
3926867260#4202096119,0,0.41452858,0
4201830454#292830032329,1,0.4122747,0
2169220658#2114975127,1,0.4120508,0
2071751695#2078774568,0,0.41477552,0
3419405027#3954668240,0,0.4182692,0
3557197892#2027929598,0,0.41209292,0
5174571094#4452550298,0,0.41564146,0
29607392514#4642512906,0,0.41681919,0
3269719212#50602309472,0,0.41352233,0
5096293410#5104418469,1,0.4137137,0
2062845102#4680203965,0,0.4135495,0
4534359957#4435913614,1,0.4137218,0
3929215225#3882026745,1,0.4180883,0
4435686270#4065721591,0,0.40996644,0
4450888165#4260680249,0,0.41456854,0
4750249486#4780994423,0,0.41356072,0
107725296889#107725290582,0,0.41367957,0
1565925308#2060257095,0,0.4137438,0
4867542841#1751247315,0,0.41666958,0
2114716134#2111349786,0,0.41529465,0
212771874474#1565913509,0,0.41717312,0
1743052872#4130010417,0,0.41674408,0
4536041187#4658956014,0,0.4137946,0
2003336437#2057342439,0,0.41735753,0
3054434630#3926916973,0,0.41610083,0
3501281334#4730645460,0,0.41311282,0
2452901483#2061022206,0,0.41150814,0
4595088087#156277207697,0,0.41712078,0
2604119334#564144132292,0,0.41511872,0
14613466961#4657354311,0,0.41385123,0
1565912494#1438483240,0,0.4176302,0
3999176481#4452060617,0,0.41136155,0
3881831374#1565925308,0,0.41167974,0
4623949169#1751364880,0,0.4140592,0
1639901072#2117967935,1,0.41375953,0
4057032761#3848611844,0,0.41545022,0
4132281843#1728174555,0,0.4159328,0
4972894677#3236601708,0,0.4140115,0
2075416140#2117967935,0,0.41698906,0
2135054445#4572636295,0,0.4101837,0
2026258519#2026258521,0,0.41040748,0
4426740219#4643011415,0,0.41842476,0
2112576214#1671393307,0,0.41388392,0
4451089335#4130010417,0,0.41292125,0
14613465315#14613461939,0,0.41196805,0
1627738213#2068623358,0,0.41190174,0
4843831604#4672808661,0,0.415485,0
3637042235#1318260275,0,0.4136153,0
4439737367#3042764047,0,0.41004056,0
3882026745#4536041187,0,0.417949,0
3727491058#2452901483,0,0.4136627,0
4536450435#1635692869,0,0.41538537,0
4435528162#4542321633,0,0.41607594,0
2063706226#18468188878,0,0.41666457,0
10530767652#2092610536,0,0.4164929,0
3487828521#2069985286,0,0.41354597,0
2112576214#4451342506,0,0.41137487,0
6015919609#18469192585,0,0.41556633,0
7161173338#5123189260,1,0.41674456,0
5018023921#2183968048,0,0.41455755,0
3044853716#2066624973,0,0.41233477,0
2058316912#4672808661,1,0.4171936,0
4232666143#4256926363,1,0.4118156,0
2120472151#2275666316,0,0.41364515,0
4900256072#4572636295,0,0.41152295,0
1782357780#4091921695,0,0.41413122,0
156276677247#1640340946,0,0.414921,0
2070908197#4572374020,0,0.4146654,0
1502384801#4535930871,0,0.415467,0
1770010645#5067776785,0,0.41340944,0
1778563602#1416301524,0,0.41674834,0
1701470611#3836676657,0,0.4159518,0
22859701254#4641374150,0,0.41550013,0
3580539229#86283717806,0,0.41374734,0
1696095096#2065354050,0,0.41151467,0
5169257472#3026064813,0,0.41589046,0
4323500487#1477293192,0,0.4111852,0
8431814058#4680204120,0,0.4109628,0
1775497794#4196030610,0,0.41201562,0
3044025040#4034038494,0,0.41642976,0
2067571192#2069139175,0,0.41992527,0
5067776785#4511530729,0,0.41248712,0
1398443073#18468188878,0,0.41566992,0
2114716134#2165015487,0,0.41674972,0
2118416856#2068436073,0,0.41319472,0
8431809688#2235828707,0,0.41281137,0
3794247232#2114975127,0,0.41934308,0
150594502346#3628839722,0,0.4165607,0
4900378668#10530767652,0,0.41578412,0
4454991968#4202096119,0,0.40980428,0
3359180524#79993360240,0,0.4161858,0
4339070553#4015322905,0,0.41040415,0
4157381557#2055448044,1,0.41031575,0
3477269989#3896058143,0,0.41293427,0
14613466961#3764759336,0,0.4139214,0
6015919609#2056478070,1,0.4150155,0
4206269897#4898626808,1,0.4163487,0
4157280271#1694379811,0,0.41479006,0
5173394727#1867286717,0,0.41303137,0
2079572106#2117967935,0,0.4168967,0
2119476678#2111349786,1,0.41411227,0
1712570939#1634282673,0,0.4165656,0
7026230674#14613461654,0,0.41546422,0
79993360240#2338131041,0,0.41644058,0
18465851371#2114341514,0,0.41692668,0
4952978442#2169220658,0,0.41428253,0
3525845999#4439737347,0,0.4135752,0
2977755545#1672066227,0,0.41469598,0
3046471496#2078835030,0,0.41524568,0
3026064813#173652977366,0,0.4132158,0
3642422898#3290843987,0,0.4186496,0
97014870931#100995265790,0,0.4150204,0
4643938191#2297005450,1,0.4169007,0
2268304430#4643938191,0,0.41733482,0
2058132898#2727127831,0,0.41538593,0
2064727359#421393369392,0,0.41757223,0
4538003565#5031406959,0,0.41327223,0
3299598934#3594649033,0,0.41896638,0
110232280082#4811798618,0,0.40970737,0
50016874555#4673557611,0,0.41477105,0
4479096588#2168053481,0,0.4125357,0
4755359264#3806980943,0,0.41409197,0
4657354285#1711852573,0,0.41650423,0
2060257095#1914706723,0,0.41274264,0
2061022206#1811606488,0,0.41015565,0
4840773591#4551054156,0,0.41864812,0
14613464473#156277514294,0,0.4109285,0
3032709817#3299598934,0,0.41618395,0
124021630369#2111872187,0,0.414107,0
2064229512#2120472151,1,0.41250175,0
14613469834#4551054156,0,0.41650265,0
4215058789#1533602348,0,0.41744807,0
4226659634#4232471781,0,0.41334975,0
3446029040#1533602348,0,0.41557726,0
4755359264#4735503306,0,0.41209385,0
4495044650#50016874555,0,0.41454044,0
4272885125#3648904752,0,0.41693395,0
3968945784#2068436073,0,0.4155365,0
146011937628#2551494872,0,0.41308257,0
4259241183#3050045988,0,0.4154479,0
1741741476#4435913614,0,0.4172826,0
2074019451#4205538788,0,0.41316426,0
2078835030#4687116172,0,0.41397887,0
4746512285#2058316912,0,0.41428703,0
2092610533#4471122121,0,0.41373792,0
5027483278#41713266437,0,0.41401663,0
1415647813#1718471304,0,0.4135906,0
4435686270#3501285885,0,0.41372928,0
2068602973#4330455313,0,0.41356578,0
4150903563#4718263231,0,0.4120404,0
4411426624#146777938215,0,0.41310304,0
18468580547#18466210670,0,0.41084126,0
4828654874#2247165276,0,0.40891838,0
2455800880#4259241183,0,0.4154397,0
4680204120#2359435242,0,0.41221085,0
3770456617#1419344414,0,0.41584823,0
2066535766#4623570105,0,0.41462377,0
4499147142#18466202308,0,0.41547975,0
4489521100#2069985286,0,0.41310394,0
3934602500#376973981474,0,0.41501483,0
3551872495#4155510577,0,0.41563827,0
4444196403#4147080749,0,0.4120594,0
2111350136#4414530598,0,0.41160014,0
4667944802#4641374150,1,0.41493708,0
3404019592#4147080749,0,0.41336384,0
2092610519#3809186919,0,0.4122528,0
4620261674#3076859035,0,0.4156864,0
4471122121#4439737347,0,0.4127254,0
3056067914#1307874587,0,0.4142578,0
1321409006#5128222238,0,0.41369784,0
4195993580#1453532038,0,0.41612148,0
4623949166#4619195159,0,0.41345868,0
86283717806#69710193399,1,0.4140416,0
309312102749#3485676898,0,0.41890615,0
183335907108#2054817755,0,0.41581267,0
1520168707#18466210670,0,0.4120161,0
2060257095#2059483876,0,0.41267058,0
4662042966#4641374150,0,0.41434476,0
2068602973#2071751695,0,0.41398987,0
156277208014#156277193948,0,0.41643536,0
4643011415#3055576029,0,0.4132165,0
3934602500#2068436073,1,0.41615203,0
2064955879#2117967935,0,0.40954092,0
303600075141#4991881551,1,0.41359484,0
41713266437#2069139175,0,0.41752225,0
4397595587#4417818851,1,0.40635183,0
60367707728#4417818851,0,0.4101781,0
2027929598#4579172309,0,0.4123664,0
1637980981#4034038494,0,0.41542563,0
4219781521#4991881534,1,0.41581473,0
1307874587#117154450703,0,0.41421148,0
4828654874#4867542841,0,0.40968677,0
3831256267#4943818903,0,0.41203097,0
1816428069#4195960848,0,0.4148968,0
2078774568#4330455313,0,0.413429,0
3949154929#3967431643,0,0.4126765,0
4549189933#3044025040,1,0.41560203,0
8431814058#2065201243,0,0.41498226,0
2296574953#4687116172,0,0.41654888,0
1374772535#1374772550,0,0.41256636,0
4926426630#4452550298,0,0.41531265,0
4397595587#5214033793,0,0.41292614,0
1778563602#1778563595,0,0.41676733,0
3612961288#4448830722,0,0.41037717,0
2079572106#4623570105,0,0.416469,0
1541880573#4155510577,0,0.41820905,0
3290843987#3107598853,0,0.41637585,0
4991881534#4991881551,0,0.4112702,0
4700047151#4247271139,0,0.41363052,0
4899954714#4699280965,1,0.41567558,0
156274514359#4385069368,0,0.4143464,0
4247271139#4015322905,0,0.4115707,0
4285709207#4316999113,0,0.41348702,0
421393369392#564144132292,0,0.41765898,0
4657354285#435372126625,0,0.41251156,0
4157381557#4913742546,0,0.41378787,0
174006932062#1694379811,0,0.41401538,0
1639390814#1639832922,0,0.41489995,0
1951195150#4643718292,0,0.41623515,0
173652977366#156893097471,0,0.40938267,0
4499147142#4828387554,0,0.41311535,0
4206224036#4705583754,0,0.4164065,0
1727736762#4209814745,0,0.41725564,0
49857216438#3712801411,0,0.4134064,0
1639901072#4623570105,0,0.41495332,0
1770010645#4898730640,0,0.40755016,0
4426740219#4385421396,1,0.41787326,0
1457252585#1711687490,0,0.41279405,0
2297005450#4636446230,0,0.4098019,0
3648904906#4755359264,0,0.41343188,0
2180579787#3954668240,0,0.41389954,0
2007934907#1633806208,0,0.41061765,0
2054733437#2060257095,0,0.41347778,0
3304467506#4129122420,0,0.41373646,0
2054657143#4900256072,0,0.41353044,0
4643718292#18469192585,0,0.41264445,0
14613461939#2455800880,0,0.41326997,0
3920807098#3635733776,0,0.4138757,0
1688824936#343200247912,0,0.41310945,0
18468695966#4643898157,0,0.41502938,0
14613460476#138962728028,0,0.41311768,0
4499147142#4718263231,0,0.41052338,0
1671393307#1456843034,1,0.41104364,0
1639832922#3403897392,0,0.41648766,0
3806980943#1712570793,0,0.41423154,0
3967431644#1565912494,0,0.4160905,0
4077473357#5181571321,0,0.4147443,0
97115452949#4321048267,0,0.41682655,0
4941134416#5109193415,1,0.41024712,0
23230310067#5210078086,0,0.41074365,0
2119398744#3236601708,0,0.41051838,0
1537709317#4195960848,0,0.41489843,0
19705527158#4952978442,1,0.41687557,0
4272885125#1548108669,0,0.4184845,0
4393085087#2070627808,0,0.41230047,0
2117948923#4944579314,0,0.4195253,0
156277207697#2452901483,0,0.41590437,0
3651289412#5210078086,0,0.4079009,0
4065721591#1653994308,1,0.4106089,0
1438483240#1398682725,0,0.41498452,0
4589595738#4628867825,0,0.4120514,0
2183428945#5121642074,0,0.41390502,0
2062770841#4206269897,0,0.41583103,0
4511530729#3108657350,0,0.4113902,0
1374772535#2133358535,0,0.41151875,0
4385184631#4944579314,0,0.4195226,0
2057342439#3798986721,1,0.41647774,0
2078835030#4657354294,0,0.41618845,0
1727736762#4099641396,0,0.41538852,0
422592070627#4589830735,0,0.41443577,0
2113093450#1416301524,0,0.4166619,0
3926867260#3831256267,0,0.41471967,0
14613466961#14613464513,0,0.4127836,0
1784900254#4274235353,1,0.4128242,0
3594649033#1718471304,0,0.41549572,0
4991881551#4132281843,0,0.4167121,0
2343156405#1637581644,0,0.40846953,0
2055377631#100995265790,0,0.41366377,0
2135316663#2159739481,0,0.41307133,0
2180579787#2181531828,0,0.4136543,0
5095503840#4959321228,0,0.410427,0
2455842713#3791139342,0,0.41273013,0
2336490445#2059124992,1,0.41983986,0
1654102057#4551054156,0,0.41514155,0
2254264382#2016866277,0,0.4139041,0
4339070553#14613435427,0,0.41068062,0
11087571368#87720200914,1,0.4113373,0
3517506225#97115452949,0,0.41092375,0
2455800880#2060185518,0,0.4166188,0
2057051388#4972894677,0,0.41623223,0
4705583754#1816428069,0,0.41594717,0
201663692217#1650171814,0,0.41448444,0
4746512285#2254264382,0,0.4121856,0
3727491058#2061022206,0,0.4124525,0
1817644740#3411721643,0,0.41929457,0
3446029032#3446029040,0,0.4118641,0
3772512066#4620685919,0,0.41312063,0
5037293131#2056662276,0,0.41250435,0
34888001864#2027890207,0,0.4138095,0
4898730640#1994805938,0,0.41711926,0
4991881551#4161797606,0,0.41601223,0
2027890207#4327866563,0,0.41418827,0
4763332016#4542039020,0,0.41640058,0
1782357780#4450888165,0,0.41473398,0
2074019451#2063839578,1,0.41730058,0
3044025040#14613456118,0,0.41657224,0
38448881724#22859701254,0,0.41432685,0
309670736915#14613456118,1,0.41706246,0
5169257472#5169257623,0,0.41931525,0
2069139175#5109193415,0,0.41752747,0
3438816692#3644272514,0,0.4092516,0
4065795443#2092610536,0,0.4146276,0
178258449477#1770010645,0,0.41094705,0
5109193415#2067571192,0,0.41605636,0
3628839716#3474685536,1,0.41731617,0
2060185514#1592254485,0,0.4177526,0
2183968048#2026258519,1,0.411022,0
1312695289#1816428069,0,0.41091537,0
1671393307#75959618233,0,0.413336,0
3896015808#1684789889,1,0.41305724,0
2111350136#4511530729,0,0.41324022,0
4549189933#3926867260,0,0.41586167,0
4479070818#1770010645,0,0.41123983,0
1537709317#1453527936,0,0.41587704,0
4898730640#4335156801,0,0.41344708,0
3470148182#4155510577,0,0.41755447,0
212394033260#167570408533,0,0.41445884,0
1639219119#4643943359,0,0.41489285,0
4465664542#2298730254,0,0.41502032,0
2060185518#2154491220,0,0.41223916,0
4623949166#4687116172,0,0.41486996,0
3485676898#1778563595,0,0.41785663,0
3555205657#1438441444,0,0.41506338,0
4327866563#4534359957,0,0.4116242,0
5210078086#4746512285,0,0.40825593,0
4820163687#4323500487,0,0.4089847,0
19705527158#2169220658,0,0.4171626,0
3403897392#2063839578,0,0.41796836,0
146778888902#219547393842,1,0.41584584,0
4589595738#3637042235,0,0.41253862,0
2074019451#2135054445,0,0.41328982,0
3967431644#2057342439,0,0.41247365,0
1696095096#1653994308,0,0.41455612,0
4161797606#1728174555,1,0.41425025,0
2067377960#1701333915,0,0.4170949,0
2054657143#2452901483,0,0.4130094,0
146778888902#4457149562,0,0.41267583,0
2118416856#2359348328,0,0.41789973,0
4572374020#2056078364,0,0.41160497,0
1711852573#4495500756,0,0.41753647,0
70183897754#1741741476,0,0.41564053,0
2114975127#5197586202,0,0.415649,0
2064414260#2003336437,1,0.41564217,0
3626237468#4495044650,0,0.41106328,0
4589595738#3809186919,0,0.40950665,0
4210986952#1477293192,0,0.41470188,0
2120851333#2064414260,0,0.417166,0
2078774568#2059483876,0,0.41390634,0
2235828707#1415647813,0,0.41367772,0
4272887201#5174571094,0,0.4154703,0
3474685536#3551393130,0,0.41286132,0
1438441444#3290843987,0,0.41419777,0
435372126625#1639832922,0,0.4150342,0
4926426630#4465664542,1,0.41546363,0
3290843987#4206812485,0,0.4151165,0
4004772536#2120472151,0,0.41431636,0
156893097471#5167083430,0,0.413391,0
2114049002#2113760999,0,0.417528,0
4840773591#4595088087,0,0.41677782,0
4321048267#3043492443,0,0.4189276,0
4439426144#8431809688,0,0.41415194,0
3501281334#4065797638,0,0.41176343,0
3920807098#4205538788,0,0.41488558,0
2183428945#2183963548,0,0.41172814,0
3882201915#4536041187,0,0.4145321,0
4781194041#4417849752,0,0.41629547,0
4489521100#4523728345,0,0.41489094,0
4720389596#4202096119,0,0.41250542,0
4232666143#4226659635,0,0.41431046,0
2074019451#3903241588,0,0.41356078,0
4479095804#2112576214,0,0.41610572,0
3289002540#4065797638,0,0.41384152,0
207035576772#4195993580,0,0.41342294,0
1570945860#2057811649,1,0.40944037,0
156277207697#4323500485,0,0.4140254,0
3259289288#4495500756,0,0.41466784,0
3446029040#3446029041,0,0.41124818,0
4549189933#3403917033,0,0.41631025,0
1639699607#1639901072,0,0.4134306,0
4642854804#4628867825,1,0.4154779,0
2007329552#5123189265,0,0.4169354,0
4479095804#1316556785,0,0.41719693,0
1537709304#422592070627,0,0.41724563,0
4657354285#4256622048,0,0.41514316,0
4470296934#2111818909,0,0.41327494,0
4820163687#4589929428,0,0.41112155,0
3903241588#3949154897,1,0.41733545,0
4057032761#4451124306,0,0.411715,0
2003336437#1427286361,0,0.41429114,0
4385184631#2336490445,0,0.41420737,0
4209814745#3929215225,0,0.41592088,0
4442900590#3446029040,1,0.4153176,0
4680203965#1438483240,0,0.410528,0
4471122121#2060185514,0,0.4167163,0
4943160331#3076859035,0,0.411749,0
1634282673#1778563595,0,0.41576296,0
5169253299#5181571321,0,0.41691634,0
4479096850#3712801411,0,0.41281694,0
156274514359#14613469834,0,0.41375068,0
303600075141#18468580547,0,0.41502687,0
1728174549#303600075141,0,0.4086528,0
2092610533#2092610519,0,0.41564843,0
487126887411#4157551094,0,0.41260743,0
4129122420#3642422898,0,0.4127248,0
1813034413#4628467232,0,0.41218054,0
146011937628#146011948003,0,0.41596293,0
4435528162#2135054445,0,0.41437036,0
18467669365#1920503864,0,0.41459388,0
4623947495#309312101477,0,0.41474646,0
4065797638#1903466347,0,0.41407344,0
4489521100#1694379811,0,0.4126941,0
1694379812#2016866277,0,0.4143615,0
3446029041#3644272514,0,0.41059977,0
2199135578#4179651570,0,0.41417468,0
1962074579#2066624968,0,0.41339952,0
2116342008#2061673563,0,0.41933984,0
14613465315#14613466961,0,0.41273427,0
4572380856#111568230982,0,0.4132315,0
5031406959#2058316912,0,0.4140181,0
3485676898#1816427364,0,0.4183057,0
4972894326#2455842713,0,0.4131814,0
5154681248#3495408683,0,0.4146362,0
4099641396#4718263231,1,0.41343904,0
3439202323#91686025987,0,0.4154177,0
1457252585#1312695289,0,0.4128821,0
3903241588#2064229512,0,0.41558307,0
1770010645#4604457043,0,0.41219842,0
3637042235#1951195150,0,0.41377264,0
2169220658#5031406959,0,0.4078296,0
156893097471#4811798618,0,0.4125469,0
4673557611#6871473475,0,0.40956646,0
3988152389#4456625974,0,0.41180578,0
14613460476#14613464473,0,0.41159075,0
1816430010#1453532038,0,0.41510746,0
1639390814#2062766801,0,0.41434947,0
4536450435#4155408706,0,0.4156701,0
4206242446#4705583754,0,0.415977,0
4196598949#4354044382,0,0.41406998,0
1782357780#4140165052,0,0.41590106,0
4657354294#3287805133,0,0.41238868,0
2064955879#1751364886,0,0.41584948,0
2054817755#2298730254,1,0.41041556,0
38448881724#38202857246,1,0.41426197,0
3551393318#3474685537,0,0.41298607,0
2066246683#4589820532,0,0.41671458,0
4304261357#4495044650,0,0.41272858,0
1419344414#1502384801,0,0.4133595,0
4132281843#336556403061,1,0.41332838,0
2078774568#18468687381,0,0.4166162,0
1727736762#18467669365,0,0.41785863,0
1810185303#4972894677,0,0.4146781,0
4451089335#4750249486,0,0.41355962,0
2057685237#5215138753,0,0.4171815,0
1497939109#3642422898,0,0.4137013,0
1751364886#145960681701,0,0.41379058,0
3551393318#2070627808,0,0.41276726,0
2092938385#4384403228,0,0.41333872,0
4746512285#5174571094,0,0.4135753,0
5041670056#2296451977,0,0.41355488,0
4742698844#11087571368,0,0.4120702,0
1875282048#4015322905,0,0.41655266,0
3403917033#3054434630,0,0.41958168,0
4843831604#4797396841,0,0.4162809,0
3359180052#4726704241,0,0.40962675,0
4589673799#4593095274,0,0.41307372,0
87720200914#53263275323,0,0.41253293,0
4289086328#4542321633,0,0.41466603,0
4200562083#4099641396,0,0.41102847,0
1634282673#2069139175,0,0.41635346,0
4426740219#1541880573,0,0.4182702,0
4523728345#1816428069,0,0.41682208,0
2003336437#4215027256,0,0.4182075,0
3446029032#4442900590,0,0.41375205,0
1953270965#3712801411,0,0.41209492,0
4457149562#1594535012,0,0.41714072,0
2176735919#3050152494,0,0.41093066,0
14613461654#2455842713,0,0.41446084,0
2062075980#2062075977,0,0.4141744,0
4416668620#4223043910,0,0.41332322,0
1316058339#4643011415,0,0.41669154,0
18469192585#2003336437,0,0.4158628,0
4321048267#1565912494,0,0.41673255,0
4316999082#4285709207,0,0.4119762,0
1319944364#4353960088,0,0.41587824,0
2054781193#3043492443,0,0.41713277,0
1537709311#2061448087,0,0.41471693,0
18465851371#4635981164,0,0.4170318,0
4451089335#3999176481,0,0.41060206,0
1565913509#3046729281,0,0.41223997,0
5169253299#3603201749,0,0.41592395,0
2452901483#406088738482,0,0.4167739,0
2604119334#1656969942,0,0.4155411,0
4499147142#4204386191,0,0.4161618,0
4483987744#1727736762,0,0.4186606,0
50016874555#2026258516,0,0.41270074,0
3880409698#5154681248,0,0.41745418,0
4323500487#3517506225,0,0.4111719,0
1639219119#1696438060,0,0.41777804,0
4620261674#4444196403,0,0.41410342,0
102514982310#4811798618,0,0.4133412,0
4659194738#4572374020,0,0.4148076,0
4542386587#4538332005,1,0.41309288,0
38406123057#29608029868,0,0.41816092,0
3988152389#4828654874,0,0.40920943,0
2060355842#5154681248,0,0.41560692,0
4247271139#5059261580,0,0.41455957,0
4231111906#4581502608,0,0.41630504,0
3401731422#1565912494,0,0.41857138,0
4867542841#3881831374,0,0.41546375,0
2120155505#3446029041,0,0.4139492,0
4943818903#38202857246,0,0.41658998,0
2064414260#1311812490,0,0.41337308,0
1520168707#2112794415,0,0.41870937,0
156274514359#2296493468,0,0.4116737,0
2314360284#3124123344,0,0.41778153,0
4499147142#3032709817,0,0.4139409,0
1905948078#2061309144,0,0.41251147,0
1778563602#4346970606,0,0.4150732,0
4247271139#4913742546,0,0.41262454,0
5169257472#18465721026,0,0.4147004,0
4209814745#2338131041,0,0.41579953,0
4735432768#4584646241,0,0.41464293,0
307718000196#2092610533,0,0.41527805,0
2062766088#2113760999,1,0.4170706,0
3050152494#4348295931,0,0.410002,0
2111041560#2133358535,0,0.40575093,0
5090005101#4620261674,0,0.41837633,0
4656986610#4589678847,0,0.41316783,0
4024663252#3474685536,0,0.41188416,0
47752312088#38202856033,1,0.41347212,0
1382214880#2016866277,0,0.41359025,0
121528725386#3594649033,0,0.41510907,0
3474372520#4620261674,0,0.4181229,0
3882026745#2058148983,0,0.41701177,0
2026258516#3451234547,0,0.4124064,0
5027483278#54161674630,1,0.41444987,0
87820905399#183335907108,0,0.41643965,0
1765891797#4623949169,0,0.41633746,0
14613588147#2062770841,0,0.41292083,0
2066624973#2066624968,0,0.41234398,0
4452060617#3612961288,0,0.41453543,0
2075914534#1712080073,0,0.41144004,0
4321048267#207035576772,0,0.41702506,0
23230310067#2359474749,0,0.41507065,0
4730645460#1639219119,0,0.41281345,0
1727736762#1778563597,0,0.41599998,0
3999176481#343200247912,0,0.40916905,0
2066624973#2159452221,0,0.4100549,0
1634282673#1712573177,1,0.41613138,0
1741741476#2057811649,0,0.41359955,0
4071233134#3913410158,0,0.41547155,0
2059124992#4523728345,0,0.4192069,0
4223043910#4877427884,0,0.41276756,0
41713266437#4712246454,0,0.4138572,0
3299599421#3124123344,0,0.4134753,0
309312102749#4623934568,0,0.41477343,0
4391918874#1875282048,0,0.4152358,0
3446029032#3446029041,0,0.41149846,0
5182742886#4176217131,0,0.41407436,0
2057986140#107725296889,0,0.4146452,0
4998365450#2111818909,0,0.41371834,0
4633378534#4323500485,0,0.41168994,0
1712573177#3806980943,0,0.41442233,0
14613461654#4730645460,0,0.4145,0
4065795443#4065797638,0,0.41121522,0
4581502608#4149299298,1,0.4131051,0
2065201243#18467925256,1,0.41789597,0
2111351705#2119476678,0,0.41426936,0
2016866277#2056078364,0,0.41156274,0
4910561821#4913742546,0,0.41423208,0
3903241588#3513178266,0,0.42026994,0
1633806208#97014870931,0,0.41004044,0
4991881551#4451342506,0,0.41453534,0
3629624977#3913410158,0,0.4145913,0
3913410158#4180609537,0,0.41212085,0
2727127831#111568230982,0,0.41809574,0
18468690620#5167083430,0,0.41343725,0
4589673799#1312695289,0,0.41396233,0
8431814058#2235828707,0,0.41347355,0
87820911338#3490539439,1,0.4179578,0
4715847880#3691000538,0,0.41036192,0
3445564730#4680095395,0,0.41742456,0
4226659635#4256622048,1,0.41238126,0
4157551094#4179651570,0,0.41564688,0
2060257095#2061309144,1,0.4141649,0
2063588766#5059261580,0,0.41318744,0
10530767652#2339749085,0,0.41459012,0
4735432768#3913410158,0,0.4154555,0
45531943201#4959321228,1,0.4128647,0
2070791273#156274514359,0,0.41463214,0
2064955879#4147080749,0,0.412611,0
1718471304#3551872495,0,0.41169167,0
46983614517#55721888445,0,0.418031,0
3404019592#2054781193,1,0.41571105,0
3809186919#2066246683,0,0.4112249,0
1319944364#1321409006,0,0.41980132,0
4538419241#4538003565,1,0.41674927,0
1953270965#2119476678,0,0.41160005,0
2150036453#3411721643,1,0.4101134,0
2296493468#4155408706,0,0.41561204,0
5018023921#45531943201,0,0.41279194,0
107725290582#4261185678,0,0.41515157,0
2064955879#3299599421,0,0.41480544,0
4636446230#2066624973,0,0.41217482,0
3913410158#4206224036,0,0.4144997,0
4470296934#3809186919,0,0.41278827,0
2254264382#1500022510,0,0.41382623,0
1701333915#1398443073,0,0.41186234,0
343200247912#435372126625,1,0.41362372,0
3903241588#4155510577,0,0.418403,0
47752312088#3806980943,0,0.41298774,0
1319944364#3896058143,0,0.4159636,0
1592254485#1528865186,1,0.41344947,0
4304261357#5090005101,0,0.41207913,0
1778563595#1712570793,0,0.41784844,0
2078774568#18468188878,0,0.41682473,0
4285491833#4259429802,0,0.41614905,0
3791139342#4223004786,1,0.4163223,0
1709057480#4808134153,0,0.40852767,0
336556403061#4538419241,0,0.4148753,0
3691000538#2003710867,0,0.41542745,0
3896015808#3691000538,0,0.4122445,0
1416528046#1415554755,0,0.41222492,0
3770456617#4354044382,0,0.41703066,0
5104418469#5018368651,0,0.41304216,0
3628839722#4680203965,0,0.41720915,0
156277193948#4439426144,0,0.41419107,0
1639699607#4623570105,0,0.41551036,0
3404019551#364679238122,0,0.41280988,0
156276677247#14613460476,0,0.41190112,0
3401731422#4426740219,0,0.4178876,0
4435528162#2055377631,0,0.41337278,0
4581502608#1316556785,0,0.41673887,0
2183428945#1867286717,0,0.4118762,0
3400442486#3926867260,0,0.41240078,0
3401731422#5109193415,0,0.41682,0
4196521320#4435686270,0,0.41138253,0
3550931655#1634282673,0,0.4164119,0
3061887519#49857216438,0,0.41213384,0
2057051387#3903296442,0,0.41594756,0
7161173338#4542039020,0,0.41278425,0
2175801910#1816430010,0,0.41317382,0
4202041822#2150036453,0,0.41773003,0
4680203965#1570945860,1,0.41280904,0
5165108496#2053826326,0,0.4150567,0
3881831374#3054434630,0,0.41549048,0
2281691154#4145588659,0,0.41501948,0
1816428069#110232280082,0,0.4124697,0
303600075141#4200577198,0,0.4114178,0
5185236541#5169253299,0,0.4188646,0
4176217131#3849817492,0,0.4153385,0
4620685919#38202856033,0,0.4130376,0
3612961288#276611684552,0,0.4153145,0
2058148983#4226659635,0,0.41497982,0
2026069710#4202096119,0,0.4116268,0
1994805938#2235828707,0,0.414638,0
4204386191#4828387554,0,0.41310155,0
2199135578#2281691154,0,0.41530868,0
1430988070#1640340946,0,0.41577837,0
4391919171#86283717806,0,0.41209108,0
4716933437#4628482537,1,0.41303492,0
2064955879#2066535766,0,0.4100747,0
3487828521#2114049002,0,0.41456366,0
4206269897#4339070553,0,0.41329768,0
4215058789#2026069710,0,0.4121159,0
4218561827#4339070553,0,0.41046777,0
125323389433#201663692217,0,0.4122498,0
5215138753#1653994308,0,0.41301847,0
2118416856#5018389488,0,0.41811356,0
1775497794#1672066227,1,0.4158668,0
4451289887#4071233134,0,0.41673377,0
3967431643#3967431644,0,0.41334686,0
2075416140#14613469834,0,0.41600233,0
3848611844#2113760999,0,0.4143104,0
1878732185#1905948078,0,0.4135607,0
2113288221#2111349786,0,0.4152243,0
1921223120#1765891797,0,0.4165439,0
5123189260#7026230674,0,0.41717458,0
1574873794#4653616782,0,0.4088489,0
4354044382#2027838359,0,0.41451356,0
4470296934#1920503864,0,0.41317326,0
14613464513#14613465315,0,0.41294268,0
2063839578#4570764341,0,0.41391125,0
4479424072#3642422898,1,0.4156478,0
4004772536#1477293192,0,0.41563094,0
5123189265#4755359264,0,0.4160974,0
2111351705#4643938191,0,0.41807383,0
4197138413#2122362220,0,0.41306025,0
4426740219#4673557611,0,0.41730008,0
4065797638#4147080749,0,0.4128547,0
2055886100#3259289288,0,0.4117485,0
2118416856#2359435242,0,0.4177475,0
2150036453#3474685537,0,0.41381457,0
1321409006#19705527158,0,0.4175785,0
3896058143#3764759336,0,0.41579515,0
1694379811#4289086328,0,0.41233855,0
1520168707#4656986610,0,0.4135591,0
5007075941#4959321228,0,0.41476867,0
1477156406#2124411604,0,0.41539013,0
18469192585#4636381625,0,0.4162541,0
1633806208#4321048267,0,0.41375083,0
2119398744#2113288221,0,0.41454798,0
2058278464#4408616491,0,0.41453856,0
1840606003#3227376447,0,0.41650975,0
1557919756#4549189933,0,0.41476858,0
3882026745#5090085713,0,0.41497463,0
4570764341#3214249597,0,0.4139974,0
3644272514#4071233134,0,0.41392496,0
3227376447#2059400154,0,0.41603625,0
3628839722#5123189265,0,0.41729712,0
1639390814#4825375981,0,0.41379976,0
2111872187#4699510653,0,0.41271782,0
5014897285#5104418469,0,0.41205275,0
4897048724#5208946130,0,0.41894537,0
2056128836#4140165052,0,0.41756156,0
2297005450#4202096119,0,0.4173636,0
2111350136#4893633475,0,0.41728762,0
5059261580#4910561821,1,0.41388568,0
4735432768#3629624977,0,0.4164519,0
3648904752#4272887201,0,0.41465518,0
14613465315#2455842713,0,0.41440353,0
91686025987#4933360994,0,0.4146222,0
4435528162#4435913614,0,0.41126314,0
3967431644#4687116172,0,0.4148466,0
4735432768#3580539229,0,0.41517797,0
2329543699#4593095274,0,0.41030303,0
207035576772#1665894324,0,0.41297045,0
2058222393#4195960848,0,0.41443092,0
4215058789#4323500487,0,0.41442913,0
4716933437#2452901483,0,0.4128211,0
5123189265#5123189260,0,0.41404128,0
4843831604#1635692869,0,0.4123557,0
3487828521#2007847537,0,0.41646072,0
3669306485#5060996735,1,0.41603944,0
2065201243#1374772535,0,0.41656917,0
1398443073#202363939789,0,0.41297963,0
2159739481#4201830454,0,0.41195768,0
3513178266#3551393130,1,0.41591427,0
2066246683#1438441444,0,0.41598475,0
3403897392#2329543699,0,0.41129157,0
4641374150#4933360994,0,0.41306874,0
3054434630#309670736915,0,0.41756013,0
2075914534#4811798618,0,0.4144114,0
10530767652#14613460476,0,0.41426656,0
4215058789#4323500485,0,0.4137109,0
1656969942#2054817755,0,0.41475815,0
3831256267#1813034413,0,0.41373274,0
4653616782#50602309472,0,0.41330537,0
2027838359#1415554755,1,0.4138952,0
183335907108#4825375981,0,0.4144707,0
1565912494#2060253226,0,0.41561154,0
4219781521#1701470611,0,0.41696608,0
4330455313#1665894324,0,0.4130313,0
1712570939#3806980943,0,0.41431376,0
4673557611#4943818903,0,0.40749368,0
4272137501#2054733437,0,0.4157738,0
102514982310#197910587768,0,0.41042027,0
4451124306#4451124293,0,0.4122918,0
4699510653#4451342506,1,0.4139172,0
2067179166#4672808661,0,0.4156368,0
4715847880#3896015808,0,0.4148006,0
3050152494#2111041560,1,0.40807268,0
4435913614#3836676657,0,0.4138423,0
3107598853#4196598949,0,0.4127269,0
1878732185#2059483876,0,0.41397232,0
1775497794#2067179166,0,0.41249603,0
1312695289#4570764341,0,0.41111866,0
3026064813#117277915830,0,0.41036913,0
4003298247#4495500756,0,0.42025867,0
2059400154#3848611844,0,0.41515908,0
3501285885#4196521320,0,0.4136996,0
4998365450#4223043910,0,0.41327116,0
4057032761#4215038721,0,0.41228333,0
4289086328#3836676657,0,0.41143307,0
2359348328#146778888902,0,0.41543853,0
1775497794#2026258520,0,0.413786,0
2057051387#4972894677,0,0.41669932,0
4034038494#1816430010,0,0.41767263,0
1520168707#125323389433,0,0.41714633,0
2071751695#54158093151,0,0.41518852,0
2118416856#1453527936,0,0.4101444,0
3269719212#29608029868,0,0.41279727,0
3626237468#4943818903,0,0.40858853,0
5095503840#41713266437,1,0.41308573,0
4155408706#3042764047,0,0.4075603,0
1537709317#1537709304,0,0.41651756,0
4623934568#5060996735,0,0.4148164,0
4595088087#2604119334,0,0.41310632,0
4202041822#4893633475,0,0.41454232,0
49857216438#212771874474,0,0.41413122,0
3770456617#1696208496,0,0.41340768,0
2111041560#2176735919,0,0.40651864,0
1637980981#1816430010,0,0.41313398,0
2070627808#4643718292,0,0.41268128,0
4304261357#4218561827,0,0.41052872,0
4201830454#2007329552,0,0.41909075,0
47752312088#38202857246,0,0.4136121,0
4247271139#2063588766,0,0.41577375,0
5169557343#5210078086,0,0.40846357,0
1882929309#2092610519,1,0.41302776,0
5087832312#4223004786,0,0.4140343,0
4065797638#1639832922,0,0.41714045,0
5018368651#7026230674,1,0.41699392,0
4435913614#4898626808,0,0.41367832,0
2057145715#2060185518,1,0.4156612,0
3967431643#1740857110,0,0.41293404,0
3551393130#3474685537,0,0.41330332,0
2135316663#4653616782,0,0.40956673,0
2068623358#1592254485,0,0.41733772,0
378133536273#69710193399,0,0.4190707,0
4658620132#2027929598,0,0.41254523,0
4572380856#4204386191,0,0.415294,0
4205538788#2075240892,1,0.4124109,0
4841409785#4417849752,0,0.41451544,0
4898626808#2727127831,0,0.41779375,0
117154450703#109165560395,0,0.41408107,0
4099641396#5018023921,0,0.41559377,0
4471122121#60367707728,0,0.41294044,0
1472057117#4161797606,0,0.41789964,0
69710193399#4635981164,0,0.41714826,0
2003710867#1646206864,0,0.4146026,0
3108657350#2359435242,0,0.41506228,0
3849817492#110232280082,0,0.41556686,0
4551054156#156274514359,0,0.41527095,0
2113093450#4643943359,0,0.41647264,0
38406123057#1882929309,0,0.4173842,0
1438441444#3435281641,0,0.411816,0
2062782802#2057986140,0,0.41679126,0
1914403252#4572636295,0,0.4126094,0
276611684552#4619195159,0,0.4162751,0
156277514294#4226659635,0,0.41072497,0
2059124992#1818739935,0,0.41732645,0
4589678847#1520168707,0,0.4161799,0
4642512906#4748650954,0,0.41443193,0
1639832922#1437868238,0,0.41679516,0
87820911338#18468687381,0,0.41757396,0
3359180524#3359180052,0,0.4128301,0
4825375981#5165108496,0,0.41383713,0
1920503864#1951195150,0,0.40856355,0
4781194041#2057342439,0,0.4163742,0
4201830454#1416528046,0,0.4150663,0
4620685919#38202857246,0,0.41273242,0
4354044382#1415554755,0,0.41611412,0
4761512241#4763332016,0,0.4149563,0
4973150488#2455842713,0,0.41389313,0
4214739605#4643938191,0,0.4154647,0
4514269980#3628533316,0,0.4177244,0
4384403228#4165585148,0,0.41201642,0
3474685536#3474685537,0,0.41274297,0
4071233134#3683502845,0,0.41320255,0
4535930871#4687116172,0,0.4176048,0
3052180518#4499147142,0,0.41565505,0
2062782802#3044025040,0,0.41686767,0
1313607746#1921223120,0,0.41317558,0
4155510577#156893097471,0,0.4135408,0
5095503840#5208946130,0,0.4157905,0
3361906432#2150036453,0,0.41350457,0
4933360994#4657354294,0,0.4161296,0
3214249597#4155510577,0,0.41399068,0
580549064505#376973981474,0,0.4171539,0
5123189260#5018368651,0,0.41667503,0
157726428514#4644140313,0,0.40863758,0
4417818851#1867262556,0,0.41066724,0
4643943359#6015919609,0,0.41746813,0
3075628047#14613588147,0,0.41443133,0
111110399548#167570408533,0,0.41232702,0
4720389596#100995265790,0,0.41565895,0
4205538788#4195993580,0,0.41704884,0
1780678934#4426740219,0,0.41363993,0
4442900590#3114734058,0,0.41607094,0
5014897285#212771874474,0,0.41437486,0
3487828521#1347237190,0,0.4144595,0
1712573177#1778563597,0,0.4157371,0
1311812490#3485676898,0,0.41921693,0
4699510653#2064955879,0,0.4135467,0
4348295931#4285709211,0,0.41042042,0
1710094724#1570945860,0,0.41249308,0
18465816919#18466210670,0,0.4128204,0
4196030610#91686025987,0,0.41295356,0
183335907108#4327866563,1,0.41536415,0
4354044382#4570764341,0,0.4142029,0
4755359264#4620685919,0,0.41675466,0
3926916973#2062766088,0,0.4176196,0
1382214880#3439202323,0,0.41072765,0
2092938385#5215138753,0,0.418153,0
4572380856#4746144353,0,0.41559276,0
1656969942#5121642074,0,0.41504127,0
4680204120#54161674630,0,0.4111196,0
5027483278#4015422065,0,0.41333878,0
1712570939#75959618233,0,0.41685683,0
2027929598#4027742647,0,0.41251287,0
1520168707#14613456118,0,0.41675818,0
1416301524#3525845999,0,0.41392705,0
1565912494#3046729281,0,0.41446358,0
4327866563#4900378668,0,0.41185746,0
3968945784#4623949166,1,0.4159991,0
4261185678#1671393307,0,0.41411793,0
2075240892#3477269989,0,0.411975,0
167570408533#189546061243,0,0.41225436,0
1752749942#4157381557,0,0.41284794,0
3076859035#187508564338,0,0.41202882,0
4354044382#2175801910,0,0.4158811,0
4317041484#2064730522,0,0.41394255,0
1477293192#2027838359,0,0.41309243,0
4579172309#4454991968,1,0.41156787,0
4065721591#4613276653,0,0.41311732,0
4435528162#4226659635,0,0.41270292,0
3446029032#2124411604,0,0.41168928,0
4926426630#3056067914,0,0.41395563,0
4581502608#1457252585,0,0.41432092,0
4339070553#4015422065,0,0.41568884,0
2359348328#146777938215,0,0.41320553,0
4034038494#4219781521,0,0.41670159,0
106964376935#2298730254,0,0.4144431,0
3644272514#4165151066,0,0.41559306,0
1752749942#4726704241,0,0.4128514,0
4226659634#4259241183,0,0.4173222,0
4549189933#3054434630,0,0.41513297,0
3648904906#4195993580,0,0.4174439,0
121528725386#2062770841,0,0.41397104,0
1541880573#2150036453,0,0.41835833,0
3988152389#2119476678,0,0.4099985,0
4206267336#4260680249,0,0.41856843,0
4941134416#4604457043,0,0.40585598,0
124021630369#3046471496,0,0.41482297,0
1903466347#207035576772,0,0.41273063,0
1818739935#18466202308,0,0.41834414,0
2061673563#1430988070,0,0.41243902,0
307718000196#14613464473,0,0.41334718,0
4196521320#4613276653,0,0.4127063,0
1688824936#2069774757,0,0.41776857,0
1427286361#1688824936,0,0.41299242,0
4202041822#3626237468,0,0.4135766,0
4642512906#5163452200,0,0.41814193,0
5090085713#4523728345,0,0.41927817,0
18467925256#2183963548,0,0.41305616,0
3043492443#4993036319,0,0.41790777,0
4145588659#1994805938,0,0.41681495,0
14613460476#4748650954,0,0.40729728,0
1398682725#5095503840,0,0.41539395,0
14613461654#146011937628,0,0.41458744,0
3628533316#4195993580,0,0.4184635,0
1914403252#3289002540,0,0.41470814,0
5185236541#4197138413,0,0.41758624,0
178258449477#4998365450,0,0.41246647,0
2079581946#4746144353,0,0.41624755,0
4448830722#4451089335,0,0.40968177,0
4589830735#4411426624,1,0.41207403,0
3926867260#4530026053,0,0.4137806,0
3967431643#3299598934,0,0.411971,0
2059052537#4385184631,0,0.4179126,0
4176217131#1903466347,0,0.41708186,0
2026069710#87820905399,1,0.4136108,0
4454991968#4534359957,0,0.4102603,0
3050045988#4247271139,0,0.41621265,0
4657354311#4657354294,0,0.41699377,0
1316556785#4132281843,0,0.41525227,0
3691000538#2007934907,0,0.41359863,0
1701333916#1398443073,0,0.41211715,0
4631852445#2065354050,0,0.41237435,0
4206267336#3629624977,1,0.41446024,0
4735432768#3431879179,0,0.4157641,0
5208946130#580549064505,0,0.41621614,0
1497939109#157726428514,0,0.40934408,0
2026258516#2183968048,0,0.40977514,0
4202096119#3794247232,0,0.41658384,0
4943160331#3968945784,0,0.41666183,0
4479095804#107725296889,0,0.41601455,0
3287805133#4657354285,0,0.41339913,0
1477156406#1438326380,0,0.41532308,0
212394033260#111110399548,0,0.4137645,0
29299331674#5163452200,0,0.41458753,0
23230310067#4763332016,0,0.41563925,0
1574873794#4613276653,0,0.4084506,0
4828654874#178258449477,0,0.40755352,0
2062867476#111568230982,0,0.4137501,0
2067377960#1477156406,0,0.4152756,0
54161674630#5018023921,0,0.41410625,0
1565913509#3889395495,0,0.41473752,0
2063588766#4913742546,1,0.4149396,0
5215138753#4165585148,0,0.41559455,0
373850284448#1951195150,0,0.4141534,0
3831256267#5123189260,0,0.41134715,0
1847712017#2062045929,0,0.41215935,0
3245545040#4206267336,0,0.4158675,0
4589820532#2058316912,0,0.41629753,0
2977755545#4720389596,0,0.41289914,0
4643718292#4643943359,0,0.41619942,0
2070627808#3727491058,0,0.4130859,0
113196401893#2054753273,0,0.41685665,0
5208946130#4867542841,0,0.41718808,0
3445564730#2314360284,0,0.41978592,0
4289086328#4435528162,0,0.41077098,0
45531943201#54161674630,0,0.41387942,0
4536041187#4584646241,1,0.41373703,0
4642854804#2168053481,0,0.41182482,0
1401982678#2062075980,0,0.41433933,0
1718471304#3967431643,0,0.4124323,0
4145588659#4157551094,0,0.414756,0
4841409785#4223043910,0,0.4145896,0
4022447951#2068436073,0,0.41693568,0
3612961288#4451089335,0,0.4114456,0
3054671141#3349756713,1,0.41026708,0
1416301524#4176217131,0,0.41759565,0
3404019592#2247165276,0,0.41402316,0
4260680249#2122362220,0,0.4147186,0
1627738213#4542039020,0,0.41146365,0
4581502608#1951195150,0,0.41299093,0
87720200914#53263229623,0,0.41272464,0
3882201915#4658956014,0,0.4159913,0
4411426624#3683502845,0,0.41514608,0
4643898157#18468687381,0,0.41758895,0
2338131041#2338916683,0,0.41338268,0
87720200914#4653616782,0,0.4156949,0
4898730640#1453527936,0,0.4147751,0
3683502845#3446029040,0,0.41423097,0
4414530598#1696208496,0,0.40979066,0
4653616782#53263229623,0,0.41614413,0
4451089335#4456625974,0,0.4136426,0
4004772536#3050045988,0,0.41498706,0
5174571094#4411426624,0,0.41320938,0
4631852445#4722721497,1,0.4137972,0
4391918874#3949154897,0,0.41720325,0
4150903563#2066535766,0,0.4168347,0
4180609537#183335907108,0,0.41471624,0
2159739481#3461052410,0,0.41360697,0
4448830722#4456625974,1,0.41056103,0
1646144729#4157551094,0,0.41613623,0
4840773591#156277193948,1,0.4155188,0
3474685536#1319944364,0,0.41470474,0
3435281641#3304467506,0,0.41721702,0
4165585148#3551393130,0,0.41515392,0
4643943359#87820911338,0,0.4146523,0
5163452200#3076859035,0,0.41157734,0
5128222238#4195993580,0,0.4160213,0
1765891797#3691000538,0,0.41424498,0
2057051387#3404019592,0,0.4156754,0
145960681701#3831256267,0,0.41250917,0
2296451977#4589830735,0,0.4145871,0
18467669365#2067179166,0,0.41838345,0
4530026053#2270062912,0,0.4128712,0
4196030610#4206269897,0,0.41444546,0
2455842713#4405676807,0,0.41393027,0
4593095274#3214249597,0,0.41241708,0
14613465315#14613461654,0,0.41313067,0
3249354040#3629624977,1,0.4157475,0
2057811649#1438483240,1,0.41001529,0
3044853716#53263229623,0,0.40955713,0
3108657350#2003336437,0,0.41348425,0
4321048267#2055255869,0,0.4176357,0
46983614517#4589830735,0,0.41421747,0
3551393318#3474685536,0,0.41364,0
2062845102#97115452949,0,0.4129569,0
4483987744#1765891797,0,0.41457748,0
219547393842#2112794415,0,0.4183604,0
4720389596#4877427884,1,0.4119396,0
4439737347#4200562083,0,0.41198206,0
2026258524#2183428945,0,0.41016468,0
309312102749#3967431643,0,0.41390064,0
3920807098#4405676807,0,0.41397315,0
1654102057#1665894324,1,0.41284153,0
4450602322#3557197892,0,0.41305235,0
4401870234#4195993580,0,0.41543138,0
23230310067#3626237468,0,0.41215092,0
2180579787#2026258524,1,0.410996,0
5154681248#111568230982,0,0.4164322,0
1574873794#1453527936,0,0.41463017,0
1326086493#4165585148,0,0.4148576,0
4210986952#3612961288,0,0.41021717,0
3551872495#4261185678,0,0.41522926,0
4176217131#18466202308,0,0.41721168,0
4542039020#1639832922,0,0.4134018,0
4900378668#3487828521,0,0.4098008,0
4316999113#4316999082,0,0.41491914,0
4763332016#3626237468,0,0.41369388,0
1537709317#2061448087,0,0.4145813,0
3836576451#4542321633,0,0.41407296,0
10530767652#421393369392,0,0.41519916,0
3628839716#2092610533,0,0.41955855,0
4867542841#173652977366,0,0.4154248,0
4157280271#1694379812,0,0.41511175,0
1574873794#395685899087,0,0.4128727,0
38202857246#2055448044,0,0.41288954,0
4015322905#1565925308,0,0.41357708,0
3580539229#3629624977,0,0.41383958,0
2154491220#4642854804,0,0.41045612,0
3831256267#1696208496,0,0.41577494,0
4384403228#4330455313,0,0.41073263,0
3400442486#3435281641,0,0.4111164,0
107725290582#50016874555,0,0.41469163,0
2298730254#50016874555,0,0.41711852,0
4943818903#2058563113,0,0.416789,0
2054733437#2059483876,1,0.4151092,0
3363370353#3404019592,0,0.41748714,0
167570408533#173652977366,0,0.41344476,0
1528865186#2296574953,0,0.41677552,0
1477293192#2064414260,0,0.414477,0
146011937628#212394033260,0,0.41320592,0
3052944481#5210078086,0,0.4138688,0
4944579314#6015919609,0,0.4173137,0
2116342008#1711852573,0,0.41742963,0
4589673799#1727736762,0,0.41593945,0
2079572106#4635981164,1,0.4156701,0
4572636295#145960681701,0,0.4125197,0
18468695966#2063706226,1,0.4150125,0
4535930871#4623949169,1,0.41579518,0
2061448091#1537709304,0,0.4143117,0
2074019451#4335156801,0,0.41592023,0
4755359264#38202857246,0,0.41402245,0
2118416856#114453608394,0,0.41623944,0
6871473475#2114341514,0,0.41216293,0
4755359264#4673557611,0,0.41589633,0
54161674630#4959321228,0,0.4138042,0
3485676898#1639390814,0,0.41726798,0
4514269980#3061887519,0,0.418203,0
2114341514#4536450435,0,0.41399494,0
4157280271#1811606488,0,0.41227108,0
2064414260#3903241588,0,0.41239017,0
5027483278#4959321228,0,0.41307452,0
2026258516#2026258521,0,0.41066107,0
4195993580#4584646241,0,0.41843903,0
2062845102#4261185678,0,0.41342425,0
4444196403#2092938385,0,0.41259387,0
1921223120#146011948003,0,0.4087891,0
187508564338#45531943201,0,0.41287386,0
1721524699#4149299298,0,0.41526836,0
4489521100#2120851333,0,0.41497162,0
4291077418#3289002505,0,0.41327325,0
3835278364#5037293131,0,0.41423768,0
1810185303#1650171814,0,0.41846883,0
1477293192#1627587582,0,0.41294423,0
4206242446#4197138413,0,0.413638,0
2169220658#373850284448,0,0.41234523,0
2092610536#3236601708,0,0.4160873,0
3214249597#3214249595,0,0.41219798,0
1557919756#2075240892,0,0.41381025,0
18468580547#18465721026,0,0.41358078,0
34888001864#3431879179,0,0.41268754,0
3361906432#29299331674,0,0.4154494,0
4161797606#1728174549,0,0.4139719,0
2026258516#2026258524,0,0.41201636,0
4495500756#2336490445,0,0.41598824,0
4130010417#4972894677,0,0.41127527,0
2066535766#1646144729,0,0.4177592,0
4226659634#4232666143,0,0.41300133,0
18468690620#5169557343,0,0.41093433,0
2281691154#4663785560,0,0.412764,0
2054781193#1847712017,0,0.41335267,0
3630377420#1627587582,0,0.41359758,0
3529095384#1701333847,0,0.41754746,0
