pair_id,ltable_mag_id,rtable_mag_id,true_label,pred_label,confidence
0,0,0,0,0,0.2039186024063751
1,1,1,0,0,0.2192625101789164
2,2,2,0,0,0.20167827339651387
3,3,3,0,0,0.21203294620030796
4,4,4,0,0,0.24774826544329548
5,5,5,0,0,0.2698436631416872
6,6,6,0,0,0.43848315161164325
7,7,7,0,1,0.6427126273845142
8,8,8,0,0,0.4836800550035791
9,9,9,0,0,0.2954640595244257
10,10,10,0,0,0.21242032646130396
11,11,11,0,0,0.4120896244126102
12,12,12,0,0,0.19548817280249411
13,13,13,0,0,0.2109303788333567
14,14,14,0,0,0.2185559938518382
15,15,15,0,0,0.31644997408645564
16,16,16,0,0,0.3021378599486836
17,17,17,0,1,0.7256307232510747
18,18,18,0,0,0.3270883803911708
19,19,19,0,0,0.38672909254505816
20,20,20,0,0,0.20085813849301046
21,21,21,0,0,0.18033477582932864
22,22,22,0,0,0.45260941556985224
23,23,23,1,1,0.7954949753667676
24,24,24,0,1,0.5626747329988013
25,25,25,0,1,0.6874711677972443
26,26,26,0,0,0.23419944086256295
27,27,27,0,0,0.22214555335487804
28,28,28,0,0,0.27541943052132223
29,29,29,0,1,0.6421062711490902
30,30,30,0,0,0.21821200555462536
31,31,31,0,0,0.3165619597924248
32,32,32,1,1,0.729860905140248
33,33,33,0,0,0.34909514386669027
34,34,34,0,0,0.34861838483845536
35,35,35,0,0,0.35025118101187336
36,16,36,0,0,0.44862700807253925
37,36,37,0,0,0.1921892651789841
38,37,38,0,0,0.2595175401728449
39,38,39,0,0,0.2307240573996508
40,39,40,1,1,0.7082092514577895
41,24,41,0,0,0.20296953424132894
42,2,42,0,0,0.3136053549849504
43,40,43,0,0,0.1774950467205823
44,41,44,0,0,0.30325360375814536
45,42,45,0,1,0.6411600928067057
46,43,46,0,0,0.358340084661599
47,44,47,0,0,0.46049341907866975
48,45,48,0,0,0.17891223346715485
49,46,25,0,0,0.3764409383043847
50,47,49,0,0,0.16580966225955918
51,48,50,0,0,0.25435590281213255
52,49,51,0,0,0.21454930651687604
53,50,52,0,0,0.19902167000121082
54,51,53,1,1,0.5266562069366435
55,52,54,0,1,0.512779309535332
56,53,55,0,1,0.6658334959057123
57,54,56,0,0,0.17067098475549072
58,55,57,0,0,0.41982092682839417
59,56,58,0,1,0.6131812408608985
60,57,59,0,0,0.22158423209338565
61,58,60,0,0,0.2238059168116301
62,59,61,1,1,0.6238226571640465
63,60,3,0,0,0.1964513923246112
64,61,62,1,1,0.6070404353436027
65,62,63,0,0,0.20649954538761445
66,63,64,0,0,0.280038942714334
67,64,65,0,0,0.44775853817195727
68,65,66,0,1,0.5597694014619827
69,66,67,0,0,0.21440004257289955
70,67,68,0,0,0.1758144690704776
71,68,69,1,1,0.6200199547556784
72,69,70,0,0,0.318813827353081
73,70,71,1,1,0.7333362910851997
74,71,72,0,0,0.2691180429410968
75,72,73,0,0,0.32326519145614874
76,73,74,0,0,0.1965455786505032
77,74,75,0,1,0.5147346496241865
78,75,76,0,0,0.32782348503823167
79,76,77,0,0,0.42496897038503534
80,77,78,0,1,0.8153483963758031
81,78,79,0,1,0.6308504648668745
82,79,80,0,0,0.34539065447814665
83,49,81,0,0,0.1930558090090599
84,80,82,0,1,0.640800593023609
85,81,83,0,0,0.17537643327889468
86,82,84,0,0,0.22834851210127943
87,83,85,0,0,0.3157338276047463
88,40,86,0,0,0.4466466859271615
89,84,31,0,0,0.18327574496044458
90,85,87,0,0,0.41209838262681925
91,86,88,0,0,0.23212210443119538
92,87,89,0,0,0.2276818880538031
93,88,90,0,0,0.1802965123124936
94,89,91,0,0,0.2011958920889244
95,9,92,0,1,0.6323970896734403
96,90,93,0,1,0.6273362911741249
97,91,94,0,0,0.2681895016094167
98,92,95,0,1,0.5240206864487026
99,93,96,0,0,0.2785834996335748
100,94,97,0,1,0.6868499565228176
101,95,98,0,0,0.3553776514272789
102,96,99,0,0,0.35657445647393743
103,97,100,0,0,0.17749911187178774
104,98,101,0,1,0.6235557071166241
105,99,102,0,0,0.33682423554122976
106,100,103,0,0,0.2623343554351742
107,101,104,0,0,0.31795733388843533
108,102,31,0,0,0.18755571903269364
109,103,18,0,0,0.35680034365069846
110,104,62,0,0,0.2518319599474378
111,105,105,0,0,0.3424820569988483
112,106,35,0,0,0.4754406859035178
113,107,35,0,0,0.462432411243749
114,108,106,0,1,0.643098237039712
115,109,107,0,0,0.3361757153555906
116,110,108,0,0,0.45411060742333437
117,111,109,0,0,0.4052736935250608
118,107,110,0,1,0.5321000594851484
119,112,111,0,0,0.23979172160643888
120,113,112,0,0,0.2546656601272292
121,114,113,0,0,0.27684259074875417
122,115,114,0,0,0.44866593406873506
123,116,115,1,0,0.400737999100718
124,117,116,0,0,0.3758280141098768
125,118,22,0,1,0.6279289382521434
126,119,117,0,0,0.34078852774978113
127,120,118,1,1,0.6274590880273604
128,121,119,0,0,0.3095170879301815
129,122,120,0,1,0.5781003572003263
130,80,72,0,0,0.49992291069595546
131,123,121,0,1,0.6609601177001668
132,124,122,0,0,0.30594738600626176
133,125,123,1,1,0.8167608854466651
134,126,124,0,0,0.3119660513693043
135,127,125,0,0,0.33003222635958973
136,128,126,0,1,0.5189057915070396
137,84,127,0,0,0.30152212236444514
138,129,128,0,0,0.2038071226886918
139,130,20,0,0,0.2166296115545743
140,131,129,0,0,0.18766055292449418
141,132,130,0,1,0.7136845173793332
142,52,131,1,1,0.6263323916826363
143,133,132,0,0,0.24735200227431117
144,88,133,0,0,0.1483608669677334
145,32,134,0,0,0.1803246909461552
146,134,135,1,1,0.5027161511130366
147,135,136,0,0,0.36156676213263883
148,136,137,0,0,0.18345236031928128
149,137,138,0,0,0.3065253151982685
150,138,139,0,0,0.1966329113778039
151,136,140,0,1,0.7183026567393987
152,139,141,0,0,0.39152082262106386
153,140,70,0,0,0.26254453299422964
154,141,142,0,0,0.1842914446860457
155,142,45,0,0,0.23621505685553448
156,143,143,0,0,0.1941770878188706
157,144,144,0,0,0.16237710298920252
158,145,145,0,0,0.29182670858029774
159,146,32,0,0,0.15593822468746998
160,147,146,0,0,0.31720821605884786
161,148,147,0,1,0.6561188653980122
162,149,148,0,1,0.7333739572519561
163,150,149,0,0,0.19780784194735407
164,151,150,0,0,0.19887835390108877
165,152,130,0,0,0.4150080302931405
166,153,62,0,0,0.2381376551244909
167,154,151,0,0,0.2574071913523299
168,155,152,0,0,0.18582921715672274
169,123,110,0,1,0.6619889934288453
170,29,153,0,1,0.6180571634531272
171,156,154,1,1,0.615340572490438
172,136,155,0,1,0.6784388635882221
173,157,156,0,0,0.1807140035318889
174,158,157,1,1,0.8131554277473283
175,78,158,0,0,0.354704504409139
176,159,159,0,0,0.4182802678006516
177,160,160,0,0,0.207382860075312
178,161,161,1,1,0.7286270009505539
179,162,162,0,0,0.29895096381944997
180,163,163,0,0,0.3466802963050758
181,164,164,0,0,0.4448119817090104
182,165,165,0,0,0.2339341899038951
183,166,166,0,0,0.3486254181911932
184,167,167,0,0,0.23008947498888274
185,168,168,0,0,0.4088416835530797
186,169,169,0,1,0.685541850961664
187,170,170,1,0,0.39172468770796903
188,171,171,0,0,0.4705804083686231
189,172,172,1,1,0.5372684208688769
190,173,149,0,1,0.6120632356239414
191,174,173,0,0,0.36143040753709776
192,175,174,1,1,0.6179099841230908
193,176,175,0,0,0.3790134140079429
194,177,176,0,0,0.2699837015778934
195,178,177,0,0,0.22743015682709383
196,179,146,0,0,0.40923660190430944
197,116,178,0,0,0.1512269494156449
198,180,179,0,0,0.33609719091220036
199,181,180,0,0,0.205868322117072
200,182,181,0,0,0.19033778146984298
201,183,182,0,0,0.32366361334256966
202,184,183,0,0,0.35329426024173166
203,185,184,0,0,0.2483427368110262
204,185,185,0,0,0.19233870136214823
205,186,186,0,0,0.23246396527479862
206,187,187,0,0,0.3755096426802244
207,188,188,0,0,0.1865387510471333
208,117,189,0,0,0.22565180955996172
209,189,190,0,0,0.41579472897310926
210,190,191,0,0,0.3387222007261549
211,191,192,0,0,0.18548051337749044
212,192,193,0,0,0.2616757295292108
213,193,194,0,0,0.32836498424912774
214,48,195,0,0,0.4897187587961256
215,194,196,0,0,0.43685217632402384
216,195,197,0,0,0.19021723873107452
217,69,198,0,0,0.2294981288985494
218,196,199,0,0,0.40810495288703735
219,197,200,0,0,0.3123930651754873
220,30,201,0,0,0.1624956089405912
221,198,202,0,0,0.31460270390006845
222,199,203,0,0,0.4472218051360894
223,200,151,0,0,0.24743471804832462
224,201,204,0,1,0.5356701416841768
225,202,205,0,1,0.5836077534651423
226,203,206,0,1,0.7237753782779965
227,204,207,0,0,0.23706898892396805
228,205,208,0,0,0.22314033852101398
229,37,209,0,0,0.2786927742503966
230,14,210,0,0,0.45005468194140436
231,206,211,0,0,0.31777867323655656
232,207,212,0,0,0.49903304157474104
233,208,213,1,1,0.5953241351271288
234,209,214,1,1,0.6890185469411994
235,117,215,0,0,0.16990717789557497
236,123,216,0,1,0.5060606640651105
237,210,180,0,0,0.18804750160086234
238,211,217,0,1,0.7146260992746466
239,173,217,0,0,0.16623153015063696
240,212,218,0,1,0.6338268780985343
241,213,219,1,1,0.5915371160844172
242,167,220,0,0,0.18876429851415624
243,131,221,0,0,0.17782164162549832
244,214,222,1,1,0.7206432079497163
245,215,27,0,0,0.22803964878950223
246,216,223,0,0,0.37153996588777255
247,217,153,0,0,0.3256043785227544
248,218,224,0,0,0.47419609970889365
249,219,148,0,1,0.6641711250240516
250,220,107,0,0,0.41357500505959954
251,221,225,0,1,0.6292353906781069
252,222,98,1,1,0.7388062840193086
253,223,226,0,0,0.3091946641202561
254,224,227,0,0,0.16280763629008765
255,225,228,0,0,0.41944197749844503
256,226,229,0,0,0.33642564431048044
257,227,230,0,0,0.27190204241065435
258,228,231,0,0,0.3355515112779672
259,221,232,0,0,0.32174861824901674
260,197,136,0,0,0.27363859057600814
261,229,233,0,0,0.2139010987647724
262,59,234,0,0,0.20570945161533175
263,230,235,0,0,0.19854514546706198
264,59,236,0,0,0.3169628711952286
265,231,237,0,1,0.5547771777715715
266,137,238,0,0,0.3587087248635492
267,232,239,0,0,0.19746712394279572
268,233,240,0,0,0.18257452822883735
269,234,241,0,1,0.5829697075025809
270,235,242,0,0,0.376659870242155
271,236,243,0,1,0.5347002469248514
272,237,244,0,0,0.2134400598256028
273,238,245,0,0,0.40785968651502996
274,239,246,0,0,0.2558048965644206
275,240,121,0,1,0.5152613071038734
276,100,247,0,0,0.2736604609892604
277,53,248,0,1,0.6244178319559986
278,241,201,0,0,0.18651125488485434
279,242,249,0,0,0.3466922269336546
280,243,250,0,1,0.654134693060488
281,244,251,0,0,0.3443288415018078
282,245,252,0,0,0.21119560476914812
283,77,253,1,1,0.7731053111687667
284,246,254,0,0,0.4261744591650156
285,90,3,0,0,0.19062164747826438
286,247,255,0,0,0.1837638558456328
287,73,250,0,1,0.6411597708528122
288,139,254,0,0,0.39384250405620747
289,248,256,0,0,0.3674230115062793
290,249,257,0,0,0.21426408812859846
291,250,258,0,0,0.26265386027703025
292,251,259,1,1,0.7596492769176646
293,251,260,0,0,0.20534025369454592
294,252,261,0,0,0.4315235429282176
295,253,262,0,0,0.38554186380312877
296,254,263,0,0,0.23627510267668397
297,255,68,0,0,0.4292870106916269
298,256,264,0,0,0.16797361843322062
299,257,265,0,0,0.4479944688146308
300,258,163,0,0,0.3379182159997181
301,214,266,0,0,0.23126034607544035
302,259,266,0,0,0.3564476023599006
303,260,267,0,0,0.29870724935026804
304,131,264,0,1,0.595577001736878
305,199,130,0,1,0.7201148953337484
306,145,268,0,0,0.32194901514035706
307,261,269,0,1,0.6540167540962246
308,248,270,0,0,0.24333517525108062
309,262,271,0,0,0.34469106216544254
310,263,272,0,0,0.21296855385176064
311,76,178,0,0,0.2788830764969422
312,264,226,0,0,0.23272396087750996
313,265,85,0,0,0.35650850094071096
314,266,206,0,0,0.1586038669857152
315,267,273,0,0,0.44890967225169615
316,268,132,0,0,0.20607163128871464
317,269,274,0,0,0.3910568495218389
318,270,275,0,0,0.2847300853998591
319,271,276,0,0,0.21608855656377404
320,272,277,0,0,0.257334446337419
321,273,278,0,1,0.6364868507399578
322,274,279,0,0,0.4515169402380859
323,167,280,0,0,0.23818365477799075
324,275,281,0,0,0.33382810833953314
325,276,282,0,0,0.4118324079673867
326,140,161,0,0,0.20222056450256387
327,277,15,0,1,0.7310334471493385
328,278,283,0,1,0.5455405279904406
329,279,247,0,0,0.20922432854405726
330,280,284,0,0,0.34840776036976334
331,36,285,0,0,0.21117224230760745
332,281,286,0,0,0.3112525134843904
333,282,287,0,1,0.7871662173388174
334,283,288,0,0,0.2803276241740742
335,284,94,0,1,0.6122741598360258
336,66,289,0,0,0.20427694954283154
337,285,290,0,0,0.18504017213359927
338,286,291,1,1,0.7289997126041075
339,180,292,0,0,0.32582956180107253
340,287,293,0,0,0.302392158398923
341,211,294,0,0,0.1719491339884205
342,123,295,0,1,0.6667908216425189
343,248,296,0,0,0.28218368078396827
344,288,78,0,0,0.15398854262448683
345,86,297,0,0,0.24940480195293369
346,289,298,0,0,0.2780265657430188
347,72,299,0,1,0.7414996180248342
348,209,300,0,0,0.19260254670097457
349,290,199,0,0,0.31466785755844456
350,94,301,0,0,0.25337483719889586
351,291,220,0,0,0.17357392875982575
352,292,302,0,0,0.182427848807848
353,293,284,0,0,0.33288357443727035
354,294,303,1,0,0.4960254714984622
355,181,304,0,0,0.47159592943243905
356,295,305,0,0,0.22511001241487852
357,296,306,0,0,0.2941816424285404
358,171,163,0,0,0.414941364854456
359,120,106,0,0,0.21531679473903104
360,297,307,0,1,0.6368705448486817
361,298,308,0,0,0.39727357505953276
362,299,309,0,0,0.35540815975080864
363,300,2,0,0,0.2191442876802969
364,301,310,0,0,0.2364677325283154
365,302,305,0,0,0.1371268576651399
366,303,248,0,1,0.7050844278076311
367,304,311,0,0,0.3184298805270442
368,151,129,0,0,0.21200122255253123
369,305,237,0,0,0.2004216896005972
370,306,312,0,0,0.42419558729858153
371,77,187,0,0,0.22655349905624167
372,307,313,0,0,0.21738574426724838
373,308,314,0,0,0.3196065344279981
374,309,315,0,0,0.1895419383255517
375,310,243,0,1,0.6615000249820726
376,311,316,0,0,0.48074477361600043
377,185,317,0,0,0.23420049914861446
378,312,214,0,0,0.3043097004781616
379,313,282,0,0,0.49513505826084814
380,314,318,0,0,0.21765108771433875
381,315,230,0,1,0.6517603048067535
382,316,111,0,0,0.1842007566454515
383,317,162,0,1,0.5223611073836099
384,66,319,0,0,0.3477716731649271
385,318,320,0,0,0.18527853061502841
386,319,321,0,0,0.3714436077290235
387,320,216,0,0,0.4706069539819277
388,321,67,0,0,0.3025474649973092
389,322,322,0,0,0.4484106114256256
390,90,323,0,0,0.250905160425478
391,323,69,0,0,0.16037345514789586
392,324,107,0,0,0.27747793986108676
393,325,324,0,0,0.4302055371638812
394,326,325,0,1,0.6262713301910111
395,327,326,0,0,0.2548617733534928
396,328,327,0,0,0.17381394487858662
397,154,328,0,0,0.49311774556067917
398,329,329,0,0,0.42156262848248205
399,330,56,0,0,0.23939154672807939
400,331,330,0,0,0.20643234951735923
401,332,297,1,1,0.5793598520807832
402,333,331,0,0,0.1639202857334641
403,259,183,0,0,0.343590533435895
404,229,212,0,0,0.2521613909909805
405,334,332,0,0,0.24178244852214287
406,335,333,0,0,0.3241465067918502
407,209,334,0,0,0.18464245971536675
408,335,126,0,0,0.22147964836126308
409,336,233,0,0,0.35182668311626536
410,17,293,0,0,0.1951827894861439
411,56,335,0,0,0.33918756700443986
412,13,336,0,0,0.26274088446462696
413,192,337,0,1,0.6763281603115086
414,337,338,1,1,0.5500306686181721
415,338,339,0,1,0.6015931435862237
416,339,339,0,0,0.409794719006089
417,340,340,0,1,0.6299703215451191
418,341,270,0,0,0.22993775405076491
419,342,341,0,0,0.3282871681637872
420,135,271,0,0,0.3773457150635683
421,343,270,0,0,0.2958391896997625
422,344,342,0,0,0.16956216719819167
423,261,343,0,0,0.354200692627372
424,62,214,0,0,0.4224845028935509
425,158,341,0,0,0.19489792966383926
426,345,2,0,0,0.166500396081576
427,346,267,0,0,0.19163130923396793
428,347,344,0,0,0.2356353573337236
429,348,117,0,1,0.59280783386873
430,228,280,0,0,0.21947143556250778
431,349,208,1,1,0.6700114187916378
432,105,345,0,0,0.221242370512022
433,350,346,0,0,0.4179047996374887
434,333,347,0,1,0.6099378751959674
435,183,348,0,0,0.2754086754569766
436,351,269,0,0,0.21738116022583925
437,352,349,0,0,0.18143197459766125
438,338,302,0,0,0.4927120178778735
439,179,286,1,1,0.8251510117621829
440,353,350,0,0,0.23659376895258794
441,11,210,0,0,0.23685642650052774
442,61,351,0,0,0.31099249776349264
443,180,352,0,0,0.18167676571067645
444,354,353,0,0,0.37742511148506985
445,355,354,0,0,0.20774499275789987
446,273,355,0,0,0.35585372456458
447,356,113,0,0,0.21235192810686795
448,357,296,0,0,0.33954770430407893
449,358,356,0,0,0.22995645703643788
450,310,357,0,1,0.6242785216339846
451,249,160,0,0,0.20395886372408373
452,359,316,0,0,0.36339946528519923
453,335,18,0,1,0.7072196385845726
454,360,358,0,0,0.37551949874148416
455,361,359,0,0,0.42511811526652177
456,284,310,0,1,0.6259516026413463
457,362,29,0,1,0.6859568386533554
458,333,360,0,0,0.27754212166045655
459,354,361,1,1,0.8733021661246092
460,363,362,0,0,0.23166399990728936
461,364,363,0,0,0.2940452207460581
462,365,101,0,0,0.3721307828988584
463,366,364,0,0,0.22962903233095452
464,367,365,0,0,0.3353711926634298
465,164,280,0,0,0.3986275820584415
466,352,366,0,0,0.3660403579620329
467,368,367,0,0,0.2820458173991379
468,279,350,0,0,0.2574704641129364
469,322,181,0,0,0.4352367940857091
470,341,368,0,0,0.4902133023554266
471,369,369,0,0,0.2900745064741896
472,370,220,0,1,0.6732783452491263
473,231,370,0,1,0.5243164310798073
474,371,315,0,0,0.2653314310557337
475,372,371,0,1,0.6561608061616047
476,373,372,0,0,0.2292596612272239
477,278,9,0,1,0.6319749574647328
478,264,373,0,0,0.22656262458414478
479,374,374,0,0,0.36675207185769193
480,375,375,0,0,0.40789973433818827
481,76,376,0,0,0.44464942477459857
482,376,377,0,0,0.20797132771317706
483,270,40,0,0,0.1752912126049687
484,377,378,0,0,0.19116252930998734
485,378,379,0,0,0.406342347625849
486,327,380,0,0,0.20805160336687117
487,379,304,0,0,0.26163185020763485
488,380,381,0,0,0.1810562241467411
489,381,382,0,0,0.4242998805018746
490,8,239,0,1,0.5710950172834144
491,382,383,0,0,0.20937781105335102
492,383,384,0,0,0.40041053391811077
493,384,331,0,0,0.40351879652849665
494,385,257,0,0,0.18899028445899077
495,386,385,0,1,0.6493641048505616
496,387,171,0,0,0.46887032716734667
497,363,386,1,1,0.5819058244974412
498,388,387,0,0,0.3760236055232679
499,389,255,0,0,0.19039241281763283
500,390,101,0,0,0.24519130190656524
501,391,388,0,0,0.34169486001658583
502,330,389,0,0,0.25172786411077197
503,392,300,0,0,0.19905954352946711
504,393,390,0,0,0.1945482657103248
505,394,391,0,0,0.24386153749158357
506,198,392,1,1,0.6707534622545096
507,395,393,0,1,0.6976227582763523
508,85,321,0,0,0.2899244769247313
509,381,6,0,0,0.173632088627537
510,107,394,0,0,0.43145559935118877
511,327,395,0,0,0.2943666087352075
512,396,396,1,1,0.6461044183602029
513,397,397,0,0,0.19555759968912442
514,398,398,0,0,0.19065129390626148
515,399,391,0,0,0.2331402160357717
516,400,399,0,0,0.3074358784670561
517,401,339,0,1,0.5261736215732129
518,402,400,0,0,0.2094002853288664
519,136,73,0,0,0.4705689409665465
520,403,401,0,0,0.22510761157242545
521,404,402,0,0,0.3731366507442263
522,405,403,0,0,0.28556838494792375
523,406,74,0,0,0.32271483763718617
524,407,38,0,0,0.3224550256208636
525,408,404,0,0,0.20861676120707268
526,409,405,0,1,0.5367205703200586
527,410,75,1,1,0.5252647751671531
528,411,406,0,0,0.276108277062445
529,412,407,0,0,0.4844750294806848
530,413,317,0,0,0.18467946279622116
531,414,45,0,0,0.3482565512117154
532,415,408,0,0,0.39121763409018784
533,416,140,0,1,0.6443950498603055
534,320,71,0,0,0.19505560160776864
535,417,409,0,0,0.2566940582083981
536,418,327,0,0,0.16551769805144056
537,399,351,0,0,0.4533195901007839
538,4,410,1,1,0.5266578524771548
539,419,411,0,0,0.1540814454251019
540,13,123,0,0,0.2885517895865478
541,205,2,0,0,0.2233303217614066
542,420,337,0,0,0.4700268608251302
543,199,412,0,1,0.6098293348796481
544,421,413,0,0,0.4487560936166366
545,366,414,1,1,0.5136873539570156
546,48,415,0,0,0.27207262552463124
547,48,416,0,0,0.2403880526231231
548,326,417,0,0,0.36878264710317116
549,422,418,0,0,0.24140329271962013
550,423,25,0,0,0.33020407587764006
551,424,419,0,0,0.49890176299262273
552,143,420,0,0,0.18469002121326308
553,425,421,0,0,0.3006022187794281
554,103,422,1,1,0.7979699939735657
555,293,423,0,0,0.1547021039528369
556,237,424,0,0,0.2160690647790273
557,426,122,0,0,0.2035562832618515
558,398,66,0,0,0.31670667573980077
559,427,282,0,0,0.4765042050688322
560,428,168,1,0,0.4955912409533548
561,429,425,0,0,0.23333489861844978
562,11,426,0,0,0.28560813933842033
563,144,427,0,0,0.19774715859784084
564,430,428,0,0,0.40371464380221106
565,431,213,0,0,0.27013812053960573
566,432,429,0,0,0.1439632712334348
567,433,335,0,0,0.174160078012817
568,207,430,0,0,0.3142922833657741
569,294,431,0,0,0.3000090839917866
570,434,432,0,0,0.3395857483720351
571,77,433,0,1,0.7362526949116819
572,435,434,0,1,0.6147416689429426
573,436,38,0,0,0.26174360924385803
574,437,435,0,0,0.20849848850121114
575,73,436,0,0,0.37544196672005037
576,438,437,0,0,0.25840090776936947
577,439,438,0,0,0.21241362154941995
578,395,439,0,0,0.25101809493700855
579,354,435,0,0,0.4630326604443938
580,440,440,0,0,0.21628751051395442
581,441,441,0,0,0.46662044808275815
582,442,314,0,0,0.2101045443197283
583,217,157,0,1,0.5758461953318041
584,443,292,0,0,0.1662895094636992
585,444,138,1,1,0.6549601109997811
586,445,360,0,0,0.4445898489266891
587,90,287,0,1,0.6310205892977673
588,157,442,0,0,0.40519453425995144
589,446,443,0,0,0.4742050649849005
590,447,243,0,1,0.5195012326935867
591,219,444,0,0,0.19803925995779492
592,448,445,0,1,0.673939362841314
593,95,446,0,0,0.4205258004531327
594,104,447,0,0,0.3892987787663553
595,3,448,0,0,0.36420610175069124
596,449,114,0,0,0.220558838150237
597,450,449,0,1,0.6837899274792476
598,451,140,0,0,0.21162070802422683
599,413,450,0,0,0.1497418674373722
600,75,451,0,0,0.21786604660560946
601,452,452,0,0,0.42478744981968364
602,453,319,0,0,0.19240440409225554
603,243,331,0,0,0.2098563208286859
604,80,339,0,1,0.5547344863317012
605,454,453,0,0,0.1923648692240966
606,447,23,0,1,0.7594895656920608
607,455,454,0,0,0.2404102928991616
608,456,455,0,1,0.6824223546733147
609,457,456,0,0,0.1940333046632186
610,458,308,0,0,0.3054966239866264
611,332,457,0,0,0.24915721928351625
612,459,268,0,1,0.5308295924532566
613,294,458,0,0,0.24445381988375925
614,460,459,0,0,0.30394797509732036
615,197,460,0,0,0.2304859364727622
616,75,34,0,0,0.22781614577622222
617,461,25,0,1,0.6180502736205121
618,462,461,1,0,0.48286567307937933
619,161,229,0,0,0.49093511560818953
620,463,462,1,1,0.6002133528198725
621,460,417,0,0,0.2834349868445202
622,76,463,0,0,0.372579350646308
623,143,12,0,0,0.17889550537858087
624,255,464,0,1,0.5115671509608855
625,464,129,0,0,0.44479249265326265
626,324,201,0,0,0.2125029050129938
627,465,310,0,0,0.38971793600747967
628,139,108,0,0,0.4916130754799417
629,304,341,0,1,0.680726944757303
630,466,87,0,0,0.3467607918445744
631,72,393,0,1,0.7120247924231887
632,467,100,0,0,0.3215396876486042
633,325,55,0,1,0.55014253829067
634,468,465,0,0,0.21197468893299024
635,463,368,0,0,0.2513810888256527
636,469,466,0,0,0.41953198720566715
637,470,210,0,1,0.5467999255989234
638,385,115,0,0,0.17673452599469294
639,173,467,0,0,0.1855209270854892
640,471,468,0,0,0.3142336784088904
641,410,469,0,0,0.3531328597478253
642,388,375,0,1,0.6894368446196368
643,472,470,1,1,0.7082940734375633
644,473,24,0,0,0.23754961390298335
645,241,74,0,0,0.33196318052635804
646,462,178,0,0,0.17436078817358344
647,474,87,0,0,0.26744855521278266
648,475,270,0,0,0.41188919177036065
649,476,462,0,0,0.24263455948259693
650,477,2,0,0,0.20588241004780025
651,166,106,0,1,0.5985049656430695
652,263,471,0,0,0.2093702612064829
653,478,472,0,0,0.4111813319236642
654,479,473,0,0,0.20696754155141525
655,6,232,0,1,0.5786156746575931
656,13,292,1,0,0.46497844737635463
657,104,474,0,0,0.32530292430348506
658,258,475,0,0,0.2060961149138306
659,435,476,0,1,0.5916021240810271
660,480,350,0,1,0.642713500367706
661,481,477,1,1,0.6464700117152749
662,482,408,0,0,0.18235977404397602
663,483,478,0,0,0.4199862671181513
664,358,469,0,0,0.3864946639762555
665,484,479,0,0,0.4232653439374946
666,485,480,0,0,0.15527481255331127
667,367,77,0,0,0.2153038354888124
668,279,481,0,0,0.24312972859518947
669,486,211,0,0,0.3937683083055828
670,7,482,0,0,0.3235658938379738
671,487,459,0,0,0.26077152974971757
672,210,261,0,1,0.6096647304043542
673,252,483,0,0,0.3268774576846595
674,173,388,0,0,0.20825365145685495
675,166,484,0,0,0.4288680723552616
676,488,485,0,0,0.30979139718675996
677,489,317,0,0,0.23994612123106235
678,260,148,0,1,0.658396340948499
679,164,486,0,0,0.42419614130764444
680,490,487,0,1,0.5001613091036324
681,491,488,0,0,0.2912045745831652
682,267,59,1,1,0.5244730868987935
683,300,119,0,0,0.30238414868285324
684,492,403,0,0,0.18494065538386434
685,103,453,1,0,0.48028995600198116
686,400,489,0,0,0.2919321142856589
687,493,490,0,0,0.18381863907176627
688,14,491,0,0,0.23284882393035777
689,494,492,0,0,0.23291660489632512
690,190,493,0,0,0.24184905974419954
691,495,494,0,1,0.6031318029413157
692,296,495,0,0,0.18074360103019096
693,474,496,0,0,0.16900877274171772
694,496,497,0,0,0.4358942503410016
695,497,274,0,0,0.4276603836372006
696,160,498,0,0,0.1746463488057876
697,98,499,0,0,0.4029986096069876
698,484,261,0,0,0.22566146547925653
699,273,47,0,0,0.2299662106597203
700,498,401,0,0,0.47422253835980654
701,339,225,0,0,0.43994147472787665
702,499,500,0,1,0.507392710541442
703,297,501,0,1,0.5369092923099302
704,497,182,0,1,0.5218742138683269
705,78,250,0,1,0.7394679640435473
706,0,502,0,0,0.19820582671820014
707,383,262,0,0,0.47336505063888945
708,500,503,0,0,0.2543476757591448
709,456,385,0,1,0.7247762856393792
710,501,334,1,1,0.8016150512976594
711,502,73,0,0,0.20270325436060216
712,452,504,1,1,0.6678450709273477
713,503,505,0,0,0.4166646563926843
714,375,311,0,0,0.30487987922505566
715,504,506,0,0,0.20511741501729203
716,170,373,0,0,0.26925824727648073
717,406,507,0,0,0.23829808603285363
718,505,508,0,0,0.2537125862294242
719,383,509,0,0,0.3426286757389398
720,506,510,0,0,0.3173713938419328
721,102,511,0,0,0.2807686544758037
722,112,104,0,0,0.2239893174152393
723,507,261,0,0,0.15772432215013488
724,508,512,0,0,0.414073779173364
725,213,254,0,0,0.3562501061402699
726,509,513,0,1,0.5493321284500438
727,510,514,1,1,0.6169814383079765
728,415,292,0,0,0.324207669496945
729,15,515,0,0,0.18648810845092076
730,406,516,0,0,0.19575121701213724
731,184,307,0,0,0.4934291372698545
732,511,517,0,0,0.19064093723089304
733,13,403,0,0,0.39548659224696014
734,260,88,0,0,0.28771481352569755
735,512,518,1,1,0.7128595611393762
736,513,510,0,0,0.2966331936684373
737,504,252,0,0,0.17069746454281035
738,514,31,0,0,0.18888043128190726
739,515,519,0,0,0.36301609055038553
740,516,520,0,0,0.4244498381201325
741,188,476,0,0,0.23852802170267975
742,117,521,0,0,0.3484454321393005
743,517,147,1,1,0.8074198981835402
744,35,522,0,0,0.2703722009272789
745,518,523,0,0,0.23616673152598477
746,136,524,0,0,0.16726449350403672
747,519,525,1,1,0.6625727894550755
748,520,526,0,1,0.7660510164489347
749,177,238,0,0,0.21275554590217247
750,521,406,0,0,0.17087581402916782
751,522,195,0,0,0.19421208674133303
752,523,527,0,0,0.1625109590260582
753,524,123,0,0,0.2994432637430687
754,506,421,0,0,0.38553461716765935
755,525,528,0,0,0.2784612759908167
756,526,286,0,0,0.3661467427180826
757,524,138,0,0,0.19384864492777623
758,527,94,0,0,0.19370806065043894
759,528,485,0,0,0.1786027496250039
760,529,529,0,0,0.203116166877117
761,402,530,0,0,0.4496372079614259
762,530,531,0,0,0.39707037842500076
763,150,304,0,1,0.5429418018136376
764,393,178,0,0,0.4316355850744835
765,212,532,0,0,0.29004660995879805
766,531,533,0,0,0.30011968191526667
767,532,534,0,0,0.31427373946077275
768,533,153,0,0,0.32458246810532926
769,217,535,0,0,0.2862971124548434
770,328,425,0,0,0.316626775571251
771,405,309,1,1,0.647130010964942
772,119,319,0,0,0.1920087844997433
773,534,258,0,1,0.5518611655348644
774,535,536,0,0,0.22659925806214598
775,536,537,0,0,0.23767457669842112
776,537,63,1,1,0.5965408125601793
777,128,479,0,0,0.18628260908595182
778,166,538,0,0,0.4286743851394312
779,538,539,0,0,0.3736448064372302
780,539,540,0,0,0.20119208173232858
781,432,87,0,0,0.2127911894229362
782,540,541,0,0,0.32629040509534
783,1,197,0,1,0.5231273270951127
784,541,167,0,0,0.15984412388746072
785,542,542,0,0,0.2314977889678355
786,87,100,0,0,0.21462769681288338
787,468,216,0,0,0.2361067475776091
788,199,543,0,0,0.42934371798715826
789,189,91,0,0,0.2165635246995894
790,81,343,0,0,0.43145896948650636
791,543,80,0,0,0.16939306236453677
792,544,544,0,0,0.21294024068062264
793,183,102,0,0,0.421428460019299
794,111,541,0,0,0.44562088086310603
795,399,119,0,0,0.41767700737743446
796,545,226,0,0,0.1936648187475368
797,149,282,0,1,0.5789097134681854
798,546,101,0,0,0.20748525234431842
799,185,545,0,0,0.23780154266339926
800,547,244,0,0,0.18352624352832203
801,548,546,0,0,0.1790770435351812
802,10,547,0,0,0.3806992013690367
803,427,72,0,1,0.5838918487987605
804,430,548,0,0,0.17371811015188948
805,467,549,0,0,0.28154656098669273
806,137,550,0,0,0.2878931424717286
807,368,289,0,0,0.3855883449496771
808,549,194,0,0,0.2748874246684259
809,550,243,0,0,0.3942761634676179
810,66,256,0,0,0.20771393167144844
811,551,551,0,0,0.39562417076336587
812,241,552,0,0,0.30918360255926336
813,552,553,0,1,0.7129464907296788
814,160,380,1,1,0.7325608165872288
815,454,432,0,0,0.2839763343957684
816,489,233,0,0,0.47519539881984285
817,42,387,0,0,0.2847718317725814
818,546,554,0,0,0.42354198209661187
819,17,93,0,1,0.5665301625864098
820,553,555,0,0,0.2627889796773894
821,554,556,0,0,0.3629291940425408
822,81,340,0,0,0.44722480751156396
823,322,407,0,0,0.24265205050640365
824,555,148,0,0,0.2545245258967823
825,187,557,0,0,0.16050239592233315
826,556,429,0,0,0.19671919334649518
827,150,256,0,0,0.39996263857067565
828,273,558,0,0,0.4753746505242434
829,557,474,0,0,0.3037076559337515
830,558,559,0,0,0.21354360798521946
831,424,74,0,0,0.20222139472822334
832,436,158,0,0,0.3337695076936748
833,174,560,0,0,0.400238379628664
834,559,91,0,0,0.19401781243434887
835,560,226,0,0,0.35274876794631166
836,561,561,1,1,0.6886882478147036
837,472,220,0,0,0.21984398150014134
838,511,562,0,0,0.17149370370257772
839,368,563,1,1,0.6695229979927093
840,148,564,0,0,0.43608499716901056
841,562,433,0,0,0.45434358505528405
842,294,565,0,0,0.31324322416838113
843,360,49,0,0,0.2607341198355111
844,290,566,0,0,0.2034567404527947
845,82,16,0,0,0.3468023780510241
846,563,567,0,0,0.361613621007188
847,39,568,0,0,0.15212310981310928
848,564,569,0,0,0.3651894397820924
849,565,397,0,0,0.1771741244079592
850,566,549,0,0,0.4407929448989736
851,513,570,0,0,0.30782658684186315
852,533,556,0,1,0.6212822145468067
853,205,192,0,0,0.22605917788844967
854,567,571,0,0,0.3580802966856393
855,2,196,0,0,0.2404836058061258
856,465,261,0,0,0.406480605220448
857,352,572,0,0,0.3952437401791543
858,446,158,1,1,0.6910865589064981
859,568,507,0,0,0.1757437385695317
860,158,539,0,0,0.35128335236820335
861,261,573,0,0,0.47967706412092437
862,569,454,0,0,0.3020752513913078
863,570,226,0,0,0.17971864054313086
864,571,574,0,0,0.254130436571966
865,86,231,0,0,0.27785107213752125
866,572,575,0,1,0.6192041154999374
867,573,576,0,1,0.6369132195490028
868,53,577,0,0,0.19738157076798657
869,478,578,0,0,0.2012366648172315
870,574,579,0,1,0.5264239410175169
871,296,580,0,0,0.30657442377230326
872,179,581,0,0,0.4120231844976151
873,21,111,1,1,0.6163882009843141
874,575,582,0,0,0.18903538945763154
875,514,245,0,0,0.2995953041267231
876,422,90,0,0,0.20829138546510406
877,365,583,1,1,0.7306798444655925
878,33,221,0,0,0.3644114436571142
879,536,584,0,0,0.2157420693946431
880,319,356,0,0,0.3828102740369559
881,359,492,0,1,0.5725590890624306
882,389,250,0,0,0.18717099386388014
883,226,585,0,0,0.2323093083373673
884,517,192,0,0,0.2058368939295654
885,93,457,0,0,0.22104334558857663
886,354,586,0,1,0.6906295261569271
887,573,587,0,0,0.3200319778176185
888,576,588,0,0,0.34912016571469057
889,577,589,1,1,0.7328268719526922
890,262,100,0,0,0.22442278760418996
891,207,25,0,0,0.3009169566929978
892,17,590,1,1,0.6943915573746411
893,179,114,0,0,0.2131241197390006
894,389,591,0,0,0.20419495804813959
895,578,125,0,0,0.16380263748018692
896,42,592,0,0,0.49528065097160573
897,262,593,0,0,0.34997806667823655
898,579,594,0,0,0.23007213515037375
899,33,180,0,0,0.19763281092102705
900,148,166,0,0,0.17177865221556207
901,580,94,0,0,0.3322939853790023
902,277,595,0,0,0.43484183588141373
903,250,596,0,0,0.18552670112118888
904,581,394,0,0,0.43681710607135144
905,182,597,0,0,0.28917362273956615
906,290,494,0,1,0.5667641507805017
907,217,177,0,0,0.29476393432347153
908,582,330,0,0,0.2246065738139251
909,362,161,0,0,0.2077633692247844
910,583,176,0,0,0.1689034837595814
911,584,598,0,0,0.2048630379240347
912,205,587,0,0,0.31727738445496306
913,41,150,1,1,0.7880410815008468
914,560,599,0,0,0.41836878054377263
915,217,600,0,0,0.22344216714753995
916,148,601,0,0,0.34797743988857277
917,461,365,0,0,0.29900616596235025
918,412,341,0,0,0.36050074769824003
919,140,479,0,0,0.22925982163796818
920,518,602,0,1,0.5026246393403878
921,585,603,1,1,0.7287825248447568
922,586,484,0,0,0.32277394009540283
923,507,596,0,0,0.1850678543554582
924,270,604,0,1,0.7120897219411154
925,587,476,0,0,0.281849428674824
926,588,605,0,0,0.15310436222869675
927,28,14,0,0,0.24887486387974264
928,230,199,0,0,0.2122927136858232
929,214,606,0,0,0.39884591535264635
930,168,607,0,1,0.5435931482812049
931,563,420,0,0,0.41295937917005715
932,421,608,0,1,0.6243023252673823
933,589,609,0,0,0.1763405008444274
934,590,610,0,0,0.3899266279273041
935,491,611,0,0,0.2656612611621083
936,259,25,0,0,0.3108578178684092
937,583,612,0,0,0.3207062617016042
938,591,613,0,1,0.5191248699000401
939,592,614,0,1,0.5188435397265069
940,171,269,0,0,0.4506759334540367
941,511,615,0,0,0.17366822782581415
942,367,401,0,0,0.2621715316928442
943,593,566,0,0,0.227528603879398
944,298,616,0,0,0.21627498089681466
945,306,617,0,1,0.6196752385485621
946,585,618,0,0,0.24944614063254641
947,594,619,0,0,0.17521412338886744
948,106,395,0,0,0.20041628963439367
949,595,538,0,0,0.34644133086018825
950,596,421,0,0,0.239866436771272
951,5,620,0,0,0.3470950012123037
952,142,621,0,0,0.33570943314902135
953,597,521,0,0,0.1455496839642411
954,14,622,0,0,0.4697088691243219
955,363,513,0,0,0.31114287587678324
956,598,623,0,0,0.31210456644295353
957,5,436,1,1,0.7516822599539125
958,132,624,0,0,0.20771895814097086
959,599,625,0,1,0.550498084274869
960,568,544,0,0,0.14065913762338617
961,315,522,0,0,0.36339070577075905
962,600,52,0,0,0.4580985289931029
963,601,603,0,0,0.1930087678315743
964,602,626,0,0,0.43802984993352373
965,474,499,0,0,0.21244945595737136
966,83,521,0,1,0.5458265605847271
967,603,428,0,0,0.31947233186445056
968,604,627,0,1,0.5714306553045713
969,457,126,0,0,0.33286409162069336
970,605,628,0,0,0.32881837385124457
971,606,255,0,0,0.1964495820112823
972,607,629,0,0,0.40996779772587527
973,608,630,0,0,0.22871712566222924
974,342,133,0,0,0.3036281592721962
975,609,631,0,0,0.1969801369485214
976,149,632,0,1,0.5511694565337888
977,221,146,0,0,0.35694608074153106
978,118,147,0,0,0.42023165730274764
979,545,49,0,0,0.19810276526035495
980,225,299,0,1,0.7543421934099446
981,610,164,0,0,0.4102782071303102
982,611,559,0,1,0.5188166633128004
983,565,633,0,0,0.18637842962379356
984,51,634,0,0,0.17498459149887247
985,235,534,0,0,0.2990996745019529
986,612,635,0,0,0.17885046926936227
987,319,630,0,0,0.4539163894644196
988,98,108,0,1,0.6653019811658382
989,490,211,0,0,0.3134203301686608
990,146,636,0,0,0.21660176451714502
991,242,637,0,0,0.41967206767834714
992,530,638,0,0,0.3133583080471035
993,42,225,0,1,0.5669478634648694
994,613,637,0,1,0.6566263890078547
995,103,639,0,0,0.1882597855560083
996,195,225,0,0,0.21288164770063295
997,614,640,0,0,0.17024503004953878
998,126,341,0,0,0.16787278793671148
999,93,641,0,0,0.28020262246729494
1000,359,477,0,0,0.4842260945181685
1001,56,4,0,0,0.20548913938477512
1002,615,642,1,1,0.7032413722889169
1003,532,550,0,0,0.24969250547739794
1004,616,643,0,0,0.37941738914995077
1005,416,170,0,0,0.34807424287537614
1006,518,644,0,1,0.5266543499719569
1007,617,171,0,0,0.3535155810867605
1008,618,254,0,0,0.4289079328772561
1009,619,645,0,1,0.7126790250733324
1010,202,67,0,0,0.30454212601583325
1011,54,439,0,0,0.40233932391587296
1012,620,625,0,0,0.460252540873096
1013,96,646,0,0,0.46609072734601487
1014,621,507,0,0,0.39858441249723503
1015,622,233,0,0,0.45691268813794306
1016,623,529,0,0,0.3035459727724718
1017,624,587,0,0,0.491681424400926
1018,442,134,1,1,0.7079547222439164
1019,512,506,0,0,0.40260812527576484
1020,625,647,0,0,0.26670472569376713
1021,626,480,0,0,0.4360699678752673
1022,382,353,0,0,0.3492986717674203
1023,627,648,1,1,0.8107289820105235
1024,628,302,0,1,0.5532474362011298
1025,165,649,0,0,0.26393719018999146
1026,629,629,0,0,0.1984288254680696
1027,392,19,0,1,0.6928374979124114
1028,587,113,0,0,0.18722624461064066
1029,630,650,0,0,0.32555977538500375
1030,376,198,1,1,0.6684178357105295
1031,89,651,0,0,0.39163057126203843
1032,631,652,0,0,0.4531526228301427
1033,128,9,0,1,0.6936743259087198
1034,84,653,0,0,0.21691509528092037
1035,632,314,0,0,0.3947422792387313
1036,124,654,1,1,0.6125051527513535
1037,375,655,0,1,0.7575223909944337
1038,633,31,0,0,0.18512306966638942
1039,309,656,0,0,0.26779086052668644
1040,184,206,0,1,0.5143809883054977
1041,634,357,1,1,0.602980768371921
1042,569,78,0,0,0.42828370044581643
1043,562,215,0,0,0.17475859944971256
1044,635,260,1,1,0.725146031656002
1045,636,543,1,1,0.5316885656796769
1046,510,284,0,0,0.3188537778797943
1047,637,657,0,0,0.2904878839524384
1048,414,658,1,1,0.6174331679849526
1049,415,659,0,0,0.2468740408421768
1050,296,84,0,0,0.3556766265279438
1051,638,660,0,0,0.47871739330759755
1052,210,33,0,0,0.262445167029458
1053,410,661,0,0,0.14330131807640872
1054,583,662,0,0,0.2280544494032976
1055,639,458,1,1,0.6866388362236566
1056,626,189,0,0,0.22791987083295548
1057,87,663,0,0,0.2241466312441741
1058,531,86,0,0,0.17835749717204352
1059,322,233,0,1,0.6148513701453187
1060,385,649,0,0,0.26297185187567945
1061,640,428,0,0,0.23033716937988713
1062,641,664,1,1,0.5064753231776873
1063,466,176,1,1,0.6994961032816785
1064,152,665,0,0,0.35929674055965627
1065,202,666,0,0,0.22509796577865923
1066,32,309,0,0,0.21758130504455261
1067,642,11,0,0,0.20175855851750898
1068,643,667,0,1,0.6679008961972777
1069,425,479,0,0,0.2458180223845703
1070,644,221,0,0,0.19933825388414408
1071,631,336,0,0,0.2681318313844295
1072,183,205,0,1,0.5192813487869415
1073,458,668,0,0,0.4664487222688632
1074,629,193,0,0,0.2409040062490986
1075,645,669,0,0,0.3732100222979107
1076,199,670,0,0,0.44937233723950415
1077,105,565,0,0,0.2620165323629019
1078,196,113,0,0,0.1921582925433854
1079,628,462,0,0,0.22641312189811985
1080,114,94,0,1,0.6337438548024223
1081,521,551,0,0,0.3990087809250307
1082,646,386,0,0,0.2665279713731076
1083,647,276,0,0,0.28278772900794313
1084,493,343,0,0,0.18212158089555322
1085,90,671,0,1,0.6139921151923138
1086,648,0,0,1,0.5606656914716053
1087,7,75,0,0,0.45840737617091465
1088,649,377,0,0,0.2897891973360326
1089,631,672,0,0,0.16905052167269438
1090,411,47,0,0,0.2589317074096411
1091,160,223,0,0,0.16344358521882124
1092,299,673,0,0,0.49010995938384344
1093,345,623,1,1,0.5807450020194708
1094,650,454,1,1,0.7115910772267189
1095,651,619,1,1,0.7728161283382162
1096,652,495,0,0,0.3680454741110974
1097,409,674,0,0,0.4849411666502274
1098,298,675,0,0,0.20512873583770044
1099,87,271,1,1,0.6842491339504831
1100,653,170,0,0,0.39760378846185945
1101,136,148,0,0,0.29227021838260825
1102,417,125,0,0,0.20451808572567087
1103,411,120,0,0,0.1850705219563778
1104,492,486,0,0,0.24625910354332955
1105,654,106,0,0,0.4640528159648216
1106,655,676,0,0,0.27179866796886865
1107,62,476,0,0,0.4704488044366313
1108,656,317,0,0,0.21590540446553996
1109,496,677,0,0,0.35934304886347956
1110,281,678,0,0,0.4813501408934893
1111,657,679,0,0,0.21243603322557872
1112,658,339,0,1,0.6006757902161662
1113,659,680,1,1,0.7518319999796654
1114,37,245,0,0,0.2010925030416687
1115,660,681,0,0,0.1772605024661242
1116,488,682,0,0,0.19350329841272176
1117,661,221,0,0,0.18060133577517742
1118,644,425,0,0,0.2006948547603568
1119,651,669,0,1,0.6576163104954168
1120,662,73,0,1,0.625848178703672
1121,34,575,0,0,0.16995705433128216
1122,420,6,0,0,0.4122412767164225
1123,644,438,0,0,0.338539214047182
1124,42,569,0,0,0.3232983229575614
1125,347,34,0,1,0.609510537327528
1126,79,136,0,0,0.32920577605008244
1127,663,358,1,1,0.7365872933167636
1128,664,683,0,0,0.3090497727055113
1129,665,684,0,0,0.2563538216447771
1130,71,16,0,0,0.19280593066308474
1131,666,529,0,0,0.35929186312748673
1132,667,637,0,0,0.22811846131708585
1133,456,453,0,1,0.5619504871815604
1134,518,685,0,1,0.7575223909944337
1135,379,686,0,0,0.16375757238494282
1136,474,383,0,0,0.279805600322347
1137,380,278,0,0,0.17914969315763782
1138,415,653,0,0,0.17298201537083202
1139,220,505,0,1,0.6316741714651286
1140,668,381,0,0,0.26906054791802575
1141,145,687,0,0,0.290039673302499
1142,669,688,0,1,0.7186222359924471
1143,670,379,0,0,0.17569202085063843
1144,499,671,0,0,0.26159411533396837
1145,84,689,0,0,0.3572140981402394
1146,566,690,0,0,0.4260734136662998
1147,671,475,0,0,0.4022426192199651
1148,661,391,1,1,0.7362988042741849
1149,672,408,0,0,0.28566830589736364
1150,305,653,1,1,0.758190836943249
1151,673,274,0,0,0.4033210416019931
1152,243,691,0,1,0.7615704110630608
1153,408,692,0,0,0.20200931421183538
1154,119,153,0,0,0.3783652747678598
1155,34,181,0,0,0.2121665622796997
1156,99,693,0,0,0.3601600070689596
1157,558,694,0,1,0.7954155786474167
1158,674,279,0,0,0.20720419303768914
1159,424,695,0,0,0.26652832590181813
1160,229,523,0,0,0.19218443518948192
1161,320,68,0,0,0.2707108207040429
1162,675,696,0,0,0.35140175886644226
1163,150,697,0,0,0.21197565914163363
1164,98,74,0,0,0.2960049343731032
1165,652,222,0,0,0.38890160353918884
1166,676,698,0,0,0.32966711293095263
1167,325,517,0,1,0.586748669137521
1168,188,699,1,1,0.6416040385442621
1169,164,700,0,1,0.6923443569641011
1170,328,557,0,0,0.2761072533960551
1171,677,0,0,0,0.29568226374474044
1172,678,66,0,1,0.599877611955638
1173,679,701,0,1,0.6302337466534992
1174,223,348,0,0,0.4209780285450664
1175,678,503,0,0,0.2432832131897624
1176,168,119,0,0,0.291420157517825
1177,513,702,0,0,0.2730421560779633
1178,680,483,0,0,0.3288374798288086
1179,681,703,0,0,0.1611607877146392
1180,539,349,1,0,0.4874110659614987
1181,564,20,0,0,0.26612178303687206
1182,460,104,0,0,0.4110221361639904
1183,454,704,0,0,0.20913442664767626
1184,224,705,1,1,0.7917958137130465
1185,682,619,0,0,0.4946497648561501
1186,609,181,0,0,0.375246185799034
1187,683,706,0,0,0.28594272953971345
1188,42,75,0,0,0.4100059578488644
1189,235,94,0,0,0.37999486554912354
1190,92,67,0,0,0.40073984958178277
1191,179,242,0,0,0.38145166276506337
1192,469,390,0,0,0.3787889903254272
1193,684,607,0,0,0.14964961714287925
1194,475,707,0,0,0.2691199132048591
1195,187,686,0,0,0.3250853597216527
1196,163,331,0,0,0.27378158210648296
1197,569,403,0,0,0.4016121456701186
1198,655,355,1,1,0.7250250777232145
1199,685,708,0,1,0.5131248490406596
1200,281,435,0,0,0.3086078021453186
1201,335,709,0,0,0.17294754984102123
1202,76,710,0,0,0.41564839424636024
1203,686,262,0,1,0.5344709192624512
1204,222,674,0,0,0.4340223287284292
1205,687,711,0,1,0.5615770267367499
1206,136,712,0,1,0.669218260048307
1207,688,713,0,0,0.3556664023405746
1208,689,648,0,1,0.776369195205389
1209,460,177,0,0,0.24638779972167157
1210,88,714,0,0,0.15459195379488852
1211,690,715,1,1,0.6457954592282
1212,456,616,0,0,0.16431709467993585
1213,462,435,0,0,0.4044966828725078
1214,441,716,0,0,0.44185101849183345
1215,564,671,0,0,0.44383510191208503
1216,33,717,1,1,0.8075157799306109
1217,42,718,0,0,0.41330463760907843
1218,384,651,0,0,0.3534152191703789
1219,691,719,0,0,0.3108601049256747
1220,522,720,0,0,0.1651511407517283
1221,692,721,0,0,0.1915118621235212
1222,669,357,0,1,0.5561243580150189
1223,514,478,0,0,0.22250092330733545
1224,448,614,0,1,0.5538571322934029
1225,71,425,0,1,0.6052395151047414
1226,353,722,0,0,0.24701474748978672
1227,555,386,0,0,0.2528475859693736
1228,27,389,0,1,0.7436797462874815
1229,693,640,0,0,0.15293252337712115
1230,49,540,0,0,0.22142721496239778
1231,694,171,0,1,0.683791601694476
1232,330,723,0,0,0.2492128709458603
1233,568,623,0,0,0.17666282888838267
1234,51,724,0,0,0.18677388858328642
1235,695,156,0,0,0.21711967422011635
1236,696,100,0,0,0.1750048155709958
1237,204,73,0,1,0.5517546747392519
1238,388,218,0,1,0.6939788651831585
1239,491,473,0,0,0.25148380772523315
1240,21,526,0,0,0.349704310363152
1241,697,725,1,1,0.7365091358450102
1242,698,424,1,1,0.5844990070321385
1243,699,726,0,0,0.15111470816482123
1244,700,190,0,1,0.6207706379100251
1245,645,727,0,1,0.6448111006693975
1246,327,148,0,0,0.2811826785016422
1247,225,402,0,1,0.690146924015168
1248,335,575,0,1,0.6362512438324964
1249,701,629,0,0,0.38651726337130515
1250,427,728,0,1,0.5304144755726969
1251,702,235,0,0,0.1769341927716791
1252,300,498,0,0,0.30305286197675774
1253,96,618,0,0,0.3631759510297706
1254,139,39,0,0,0.3437233895437135
1255,703,729,0,0,0.2773086439373965
1256,704,54,0,0,0.24584140542890415
1257,705,241,0,0,0.20250398910399037
1258,547,538,0,0,0.19570012212208562
1259,706,730,0,0,0.43872721275492976
1260,707,513,0,0,0.2175429716781438
1261,55,731,0,1,0.8342323382876882
1262,301,550,0,0,0.25734440498518457
1263,660,732,0,1,0.5527381748216607
1264,281,684,0,0,0.32068285939719776
1265,708,733,0,0,0.26388820587577455
1266,709,63,0,0,0.24858399944798076
1267,35,509,0,0,0.36424053108093135
1268,40,212,0,0,0.48709482008940264
1269,217,695,0,1,0.6016359737887323
1270,710,378,1,1,0.6449094533120978
1271,619,556,0,0,0.48370132325833015
1272,690,60,0,0,0.4285428234944159
1273,711,632,0,0,0.42008416911242913
1274,506,534,1,0,0.4863098099199268
1275,544,101,0,0,0.30079476429906565
1276,312,51,0,0,0.2114153662598248
1277,263,697,0,0,0.26302055617462944
1278,663,734,0,0,0.24507101539474918
1279,37,735,0,0,0.35856188310959053
1280,614,476,0,0,0.39250505907600397
1281,426,736,0,0,0.29835066101187574
1282,712,687,0,0,0.37254712978873317
1283,450,230,0,0,0.25676520298963207
1284,380,410,0,0,0.22577512538710579
1285,534,633,0,0,0.21088923559290357
1286,8,623,0,0,0.2133307768762513
1287,677,737,0,0,0.2800004909294632
1288,225,704,0,0,0.22830518666309774
1289,560,500,0,0,0.21131252504377382
1290,231,724,0,0,0.3618343570889225
1291,399,733,0,0,0.2751143467376831
1292,713,285,0,0,0.26935726353432216
1293,23,738,0,1,0.7587040038545393
1294,108,614,0,1,0.5520241005751476
1295,714,739,0,0,0.30547901959399665
1296,418,582,1,1,0.6471921707442746
1297,319,740,0,0,0.23367637726511237
1298,124,24,0,0,0.15334802285469584
1299,643,733,0,1,0.5904440295389861
1300,683,741,0,0,0.2857880567496595
1301,347,599,0,0,0.3263786904094389
1302,299,537,0,0,0.20502279430302736
1303,379,411,1,1,0.6502728646309214
1304,715,559,0,0,0.3636434555338846
1305,698,440,0,0,0.3474967747059752
1306,531,742,0,0,0.1644195834657538
1307,44,483,0,1,0.6214027941051057
1308,539,438,0,0,0.20216086915338655
1309,400,478,0,0,0.3046462141164863
1310,133,206,0,0,0.19665807125610607
1311,185,572,0,0,0.3266927518577102
1312,490,643,1,1,0.5850851078518086
1313,56,743,0,0,0.18708317666972293
1314,43,120,0,0,0.17159794082841462
1315,656,401,0,0,0.2298404313931941
1316,364,548,1,1,0.6640789202495264
1317,716,744,0,0,0.30681033249819084
1318,635,555,0,0,0.18424168387986986
1319,383,465,0,0,0.32647197512534587
1320,227,745,0,0,0.1800615717040784
1321,287,746,0,0,0.304197486423754
1322,651,223,0,0,0.31796249666950255
1323,661,678,0,0,0.28829576167795035
1324,183,260,0,0,0.19305064651463355
1325,525,598,0,0,0.17680349046223354
1326,234,613,0,0,0.3094473364664178
1327,679,270,0,0,0.27211043326242207
1328,266,747,0,0,0.4251389675082368
1329,717,81,0,0,0.2566956073795511
1330,718,620,0,1,0.5740786278238648
1331,719,595,0,0,0.4674604098543298
1332,720,526,0,0,0.28725090322120356
1333,422,186,1,1,0.7008642334702169
1334,574,284,0,0,0.22521931674332502
1335,47,559,0,0,0.20142542442965042
1336,480,553,0,0,0.37379541118131004
1337,287,748,0,0,0.22008065576815183
1338,721,327,0,0,0.18420273737085488
1339,576,749,0,0,0.3937144022731187
1340,691,750,0,0,0.14477472887427953
1341,419,621,0,0,0.2158076205253311
1342,722,751,0,0,0.20585637136322749
1343,3,421,0,0,0.39345636673046486
1344,723,594,1,1,0.6724867481437495
1345,469,593,0,0,0.2782636161516575
1346,724,377,0,0,0.3508020077420072
1347,668,114,0,0,0.39916787409716376
1348,586,515,0,0,0.21457164138262894
1349,92,752,0,0,0.39528154705036495
1350,653,283,0,1,0.5532908767818969
1351,725,657,0,1,0.5471669066136057
1352,442,753,0,0,0.19475229012942308
1353,541,736,0,0,0.228326050030592
1354,403,522,0,0,0.2850803786667689
1355,289,239,0,0,0.3884688613483752
1356,726,707,0,0,0.29001509595300184
1357,173,754,0,0,0.21939015595154623
1358,727,122,0,0,0.15590619835710645
1359,728,755,0,0,0.16508712576179885
1360,416,634,0,1,0.6383713229780462
1361,148,16,0,0,0.15891714894897604
1362,372,463,0,0,0.40279012854510965
1363,729,263,0,0,0.34986616251569075
1364,605,756,0,1,0.7899654107516864
1365,714,398,1,1,0.6166214185893543
1366,458,757,1,1,0.7499715454251876
1367,217,37,0,0,0.27679211209776683
1368,730,32,0,0,0.16571359825739956
1369,731,283,0,0,0.13872441777451747
1370,551,69,0,0,0.17810325488260564
1371,258,521,0,0,0.2507275557714559
1372,732,707,0,0,0.2555018936535215
1373,93,89,1,1,0.7655206755522886
1374,719,515,0,0,0.17309676832664442
1375,600,758,0,0,0.24749441482163265
1376,654,556,0,0,0.4573380313608899
1377,488,759,0,0,0.1797134096586176
1378,733,162,0,0,0.41100587937143246
1379,734,760,0,0,0.15400478595788197
1380,149,65,0,1,0.7255668667570397
1381,326,71,0,0,0.17326945402654204
1382,501,294,0,0,0.29829974464396014
1383,570,86,0,0,0.23222455803342795
1384,705,142,0,0,0.2193688597859802
1385,735,22,0,0,0.18249240765583208
1386,88,697,0,0,0.16590409487289823
1387,345,678,0,0,0.18076443003563766
1388,736,761,0,0,0.17765159792775653
1389,287,28,0,0,0.26283478040413116
1390,251,762,0,0,0.18934175393620806
1391,232,531,0,0,0.3847627192539378
1392,155,399,0,1,0.5290676942339166
1393,480,104,0,0,0.4230438785361813
1394,409,763,0,0,0.2653669630191327
1395,383,84,0,0,0.2619111713314433
1396,333,335,0,0,0.17532739716247314
1397,517,379,0,0,0.17569202085063843
1398,507,585,0,0,0.19530960398929467
1399,295,589,0,0,0.2539483952041016
1400,441,764,1,1,0.7219939762817008
1401,580,116,0,0,0.45491718756839566
1402,294,178,0,0,0.3598052719861396
1403,9,87,0,0,0.48122024766607696
1404,491,765,1,1,0.5826843958446578
1405,579,351,0,0,0.411973816313025
1406,526,269,0,1,0.6508755162717353
1407,47,668,0,0,0.40631559817909035
1408,354,379,0,0,0.3153420528545633
1409,737,453,0,0,0.2116982807159878
1410,391,53,0,0,0.17799963969260177
1411,738,38,0,0,0.29861484991747006
1412,697,191,0,0,0.49384527056004307
1413,76,145,0,0,0.16141040547206845
1414,140,766,0,0,0.38955576729345387
1415,738,125,0,0,0.2300283039910383
1416,739,598,0,0,0.21364287635081283
1417,617,225,1,1,0.7716085108309894
1418,240,108,0,0,0.367865309545256
1419,677,570,1,1,0.6725118521110031
1420,82,196,0,0,0.18999604498700018
1421,726,718,0,0,0.1713931966607075
1422,447,357,0,1,0.6824811948544597
1423,189,606,0,0,0.42656009000799816
1424,182,707,0,0,0.15489845588666556
1425,378,311,0,1,0.5259428444045707
1426,642,489,1,1,0.5607578238514929
1427,384,214,0,0,0.3308242696944887
1428,80,767,0,1,0.6502319586255064
1429,615,218,0,1,0.6281822000468621
1430,402,299,0,0,0.40388145109357165
1431,289,137,0,0,0.20160786420902183
1432,329,768,1,1,0.770758449294414
1433,84,552,0,0,0.32779368195554287
1434,668,628,0,0,0.43429160890744406
1435,287,769,0,0,0.16340346262016767
1436,558,554,0,0,0.26371048958925
1437,434,559,0,0,0.3432628830670946
1438,740,604,0,0,0.3234422448163529
1439,200,725,0,0,0.37507768616761616
1440,741,770,0,0,0.30805475380271435
1441,742,362,0,0,0.41126191184109273
1442,743,760,1,1,0.6188003597990744
1443,744,550,0,0,0.2668638525372158
1444,453,320,0,0,0.20312153734105437
1445,745,433,0,0,0.28361862072566396
1446,746,494,0,0,0.23227959721557326
1447,747,499,0,0,0.25532343946666664
1448,551,379,0,0,0.3420693231785536
1449,748,252,0,0,0.20889469872854685
1450,508,388,0,0,0.45803343108437566
1451,722,22,0,0,0.33143634818005197
1452,347,177,0,0,0.23396842952426816
1453,749,735,0,0,0.287915252123889
1454,88,554,1,1,0.6294389785981386
1455,269,771,0,0,0.4841034407787728
1456,373,179,0,0,0.24923801198842102
1457,164,676,0,0,0.3357318354527171
1458,433,336,0,0,0.18059114111066937
1459,750,142,0,1,0.5642479257271222
1460,707,350,0,0,0.23575932397936783
1461,350,4,0,0,0.41043357181054124
1462,751,772,0,0,0.34915610975308264
1463,291,262,0,0,0.4949127611647683
1464,249,729,0,0,0.17432002863463678
1465,752,155,0,0,0.19353150223914048
1466,667,188,0,0,0.42291989462963175
1467,438,773,0,1,0.5529586525271679
1468,753,463,0,0,0.16919766769045788
1469,747,646,0,0,0.15647904297961474
1470,362,169,1,1,0.6970173845469951
1471,75,774,0,0,0.22964875293765533
1472,105,775,0,0,0.2966794185160088
1473,37,692,0,0,0.19273914106902965
1474,701,776,0,0,0.29268959715908605
1475,82,777,0,0,0.2454801574217206
1476,495,30,0,0,0.41405298783934785
1477,754,639,0,1,0.5333091285798907
1478,754,205,0,0,0.48412496473243916
1479,755,778,0,0,0.249305126388736
1480,756,779,0,0,0.254031159012464
1481,757,611,1,1,0.5011963535268472
1482,590,210,0,0,0.2325557682547924
1483,725,322,1,1,0.701696066558991
1484,758,641,0,0,0.3933535342504609
1485,649,409,0,0,0.43243844462813397
1486,480,344,0,0,0.31241403371505105
1487,36,240,1,1,0.6606988030818872
1488,633,62,0,0,0.2562004087839215
1489,541,780,0,0,0.2811288386439815
1490,125,425,0,0,0.337511005438059
1491,724,781,0,0,0.35768940153252593
1492,66,782,0,0,0.19255182579524663
1493,759,240,0,0,0.1691990125367812
1494,760,783,0,0,0.26751983192818285
1495,461,39,0,0,0.43896818063786613
1496,518,623,0,0,0.2092655906100474
1497,761,37,0,0,0.21407979328011623
1498,93,138,0,0,0.2808881225481237
1499,762,23,0,0,0.23756778412323815
1500,754,64,1,1,0.5952204003246802
1501,763,92,0,0,0.3544415891801578
1502,238,342,0,0,0.2943170928648564
1503,764,94,0,0,0.48426123664162357
1504,409,203,0,0,0.4093700177733891
1505,415,721,0,0,0.3733023389464506
1506,164,488,0,0,0.40043074246624055
1507,666,602,0,0,0.22985782643826705
1508,542,357,0,0,0.4283552956327959
1509,765,210,0,1,0.6818960337438743
1510,588,643,0,1,0.5709098654783247
1511,686,784,1,1,0.7445877735768912
1512,745,509,0,0,0.3738492870274987
1513,711,39,0,0,0.4472243037432881
1514,766,506,0,1,0.6326145049384936
1515,493,785,0,0,0.274554536927378
1516,767,695,0,1,0.7149672696606421
1517,529,138,0,0,0.4785739690915617
1518,151,167,0,0,0.17190812780800327
1519,628,767,0,1,0.6098883254025224
1520,214,7,0,0,0.36623332831114164
1521,768,261,0,0,0.4111111624221028
1522,769,773,0,1,0.5396721145665944
1523,654,37,0,0,0.4336041859713595
1524,770,424,0,0,0.19571576397573798
1525,687,395,0,1,0.5045731171496266
1526,359,362,0,0,0.4485232388857163
1527,121,280,0,0,0.32420048657547174
1528,441,786,0,0,0.2178412078826656
1529,470,787,0,0,0.2956529980019174
1530,405,424,0,0,0.25295271003988745
1531,520,788,0,0,0.18155674585236242
1532,459,316,0,1,0.5340272113033803
1533,714,165,0,0,0.17016975587669303
1534,396,789,0,0,0.33534378116919783
1535,771,283,0,0,0.16646507563827848
1536,729,383,0,1,0.6531437890972445
1537,772,588,0,1,0.5286290798401851
1538,205,505,0,0,0.39872703866400977
1539,651,790,0,0,0.32705189504606824
1540,551,631,0,0,0.26203220445924474
1541,651,791,0,0,0.2065789990057513
1542,773,211,0,0,0.3589029226070788
1543,563,792,0,0,0.25770875216943556
1544,728,293,0,0,0.16192671828931235
1545,256,208,0,0,0.20802996633026713
1546,774,543,0,0,0.325252732665543
1547,672,793,0,0,0.3498122011477784
1548,775,30,0,1,0.5911367382648468
1549,776,794,0,0,0.25693465506705
1550,223,770,0,0,0.1506716637289941
1551,777,721,0,1,0.5789872090853342
1552,522,795,0,0,0.2720038640965291
1553,438,796,0,0,0.3420201559941823
1554,392,292,0,0,0.20356075932352405
1555,13,133,0,0,0.36406091731377177
1556,778,769,0,0,0.2057707149424701
1557,140,171,0,1,0.5987221614960611
1558,526,673,0,0,0.43082039029266933
1559,768,519,0,0,0.20286194859414128
1560,506,489,0,0,0.2801209322313938
1561,779,702,0,1,0.5102709975007708
1562,575,797,0,0,0.17275260615927782
1563,304,465,0,0,0.35298295731078166
1564,28,105,0,0,0.17671920585580703
1565,139,101,0,1,0.555529905777635
1566,780,116,0,0,0.41197952879521405
1567,141,798,0,0,0.1918014716769495
1568,667,581,0,0,0.44110625176644885
1569,781,799,1,1,0.7431573997922396
1570,461,800,0,0,0.2723955446407154
1571,105,559,1,1,0.7792968888905439
1572,367,801,0,0,0.2043091941030782
1573,219,492,1,1,0.5911919301108987
1574,241,717,0,0,0.20971930007464307
1575,316,802,0,0,0.16833099467484247
1576,29,216,0,1,0.5325097871308111
1577,782,250,0,1,0.686562018471251
1578,639,493,0,0,0.21441687547382723
1579,502,803,0,0,0.23318553052593463
1580,429,181,0,1,0.6128686368889066
1581,465,556,0,0,0.32992188919283433
1582,564,804,0,1,0.5742626426549616
1583,468,444,0,0,0.23221748386763003
1584,783,109,0,0,0.21934753559081815
1585,784,693,1,1,0.6174780652092525
1586,785,281,0,0,0.23372787934247238
1587,246,207,0,0,0.48391726147287956
1588,786,11,0,0,0.24461823398396682
1589,209,760,0,0,0.3900750913597018
1590,787,48,0,0,0.43374597195393744
1591,432,330,0,0,0.1841620330213741
1592,589,416,0,0,0.2652653688499054
1593,713,381,0,0,0.23248982890468647
1594,381,360,1,1,0.6442592955490252
1595,788,805,0,0,0.24978467220556733
1596,789,501,0,0,0.343173496647605
1597,790,544,0,0,0.13703090326989784
1598,466,79,0,0,0.27528276196895285
1599,714,806,0,0,0.3768666502027376
1600,380,300,0,0,0.2755438963524387
1601,711,624,0,0,0.2346100362873471
1602,704,710,0,0,0.28569465413115047
1603,791,371,0,1,0.6133644189478465
1604,17,635,0,0,0.42149763147237457
1605,654,328,0,1,0.6573710938308909
1606,690,8,0,0,0.3649537714969417
1607,509,263,0,0,0.21470187266869467
1608,792,94,0,0,0.4506216763088758
1609,248,160,0,0,0.2031033450075578
1610,440,205,0,0,0.3622295414059502
1611,554,237,0,0,0.4235228437017856
1612,793,708,0,0,0.45282241495258596
1613,58,119,0,0,0.22500315172707003
1614,794,367,0,0,0.23864802744214633
1615,465,397,0,0,0.2616291586280902
1616,344,48,0,1,0.5070103748036263
1617,789,58,0,0,0.1618640094841831
1618,441,717,0,0,0.17939879829581773
1619,725,102,0,0,0.4209039079822372
1620,376,329,0,0,0.2956012925819772
1621,795,807,0,0,0.44571462855185723
1622,358,436,0,0,0.2053123001652829
1623,291,521,0,1,0.5746393808067609
1624,42,808,0,0,0.19048842922882928
1625,667,99,0,1,0.7872185801448764
1626,796,694,0,0,0.2618253590922113
1627,23,212,0,0,0.37366590080695844
1628,797,348,0,0,0.17756634882677758
1629,498,249,0,0,0.175240617303188
1630,516,148,0,1,0.6444993351038085
1631,119,139,0,0,0.3761937911526949
1632,362,809,0,0,0.4032098189701583
1633,26,219,0,0,0.25827813368916797
1634,344,662,0,0,0.23234774999956817
1635,577,16,0,0,0.3054162171022944
1636,325,373,0,1,0.626182481429179
1637,471,355,0,0,0.37962165705433376
1638,712,164,0,0,0.35579860141377095
1639,798,320,0,0,0.20010533068380637
1640,380,214,0,0,0.18485441712806527
1641,556,663,0,0,0.2696301245626324
1642,799,810,0,0,0.38905501098399664
1643,589,180,0,0,0.2170322785756918
1644,800,811,0,0,0.1589324237625883
1645,70,763,0,0,0.23246072974254017
1646,192,447,0,1,0.5661017472286385
1647,801,327,0,0,0.20260929832234076
1648,295,448,0,0,0.314404689388979
1649,275,491,0,0,0.37484683829336235
1650,802,36,0,0,0.42521295619523913
1651,7,812,0,0,0.45369386667819656
1652,803,813,0,0,0.2612733367263983
1653,804,814,0,0,0.36635450218403015
1654,475,815,0,0,0.25865527410296024
1655,181,183,0,0,0.444143272572048
1656,681,701,0,0,0.25340490961264456
1657,436,338,0,0,0.3988471757285956
1658,457,816,0,0,0.27934300993114325
1659,141,8,0,0,0.1914382842363971
1660,805,114,0,0,0.2303538775482058
1661,683,817,0,0,0.29249597690157236
1662,145,493,0,0,0.3677660153262544
1663,347,818,0,0,0.28127745938851567
1664,49,87,0,0,0.4246983393409536
1665,806,719,0,0,0.20018845275011107
1666,312,689,0,0,0.19627911398640804
1667,807,819,1,1,0.5807029893364861
1668,348,539,0,0,0.19154842255059984
1669,253,568,0,0,0.3539464286775326
1670,808,749,0,0,0.24843116545923397
1671,72,760,0,0,0.35098561587794475
1672,631,745,1,1,0.8339758311021825
1673,101,24,0,0,0.3564539636017919
1674,744,280,0,0,0.43100570642084113
1675,571,820,0,0,0.17696217521205518
1676,92,119,0,0,0.3273552849514202
1677,42,795,0,0,0.44478925971749106
1678,125,507,0,0,0.44211140305726726
1679,757,572,0,0,0.3162135196409036
1680,746,817,0,0,0.16898459260005427
1681,187,481,0,0,0.1759787723264266
1682,88,365,0,0,0.23797401371596208
1683,314,821,0,0,0.46337431732095463
1684,694,155,0,0,0.46114376851033434
1685,170,9,0,1,0.5372649555098518
1686,179,303,0,0,0.17889918086337203
1687,809,303,0,0,0.36878495911288073
1688,555,294,0,0,0.16689937924722661
1689,351,822,0,0,0.24607125955579917
1690,810,823,0,0,0.15722154107884048
1691,321,12,0,0,0.3507732058737016
1692,188,248,0,0,0.20392202159643344
1693,609,306,0,0,0.3125646149802307
1694,81,824,0,0,0.48978997254173934
1695,471,435,0,0,0.3271116201251334
1696,612,290,0,0,0.2285759276890198
1697,182,462,0,0,0.2429052941693068
1698,569,382,0,0,0.21030088848009335
1699,318,66,0,0,0.31689041198521467
1700,811,323,0,0,0.2768923212550033
1701,24,674,0,0,0.29999985212157493
1702,501,825,0,0,0.1756103504920083
1703,672,338,0,0,0.17951908295125363
1704,812,471,0,0,0.19289511556493427
1705,44,826,0,0,0.24131162559452782
1706,778,497,0,0,0.20561754477031646
1707,474,627,0,1,0.5776187182257737
1708,460,409,0,0,0.33691304183422977
1709,12,657,0,0,0.22694611709348197
1710,359,827,0,0,0.21854600771740473
1711,766,228,0,1,0.5848248349057814
1712,278,94,0,0,0.32488472705916605
1713,813,49,0,1,0.561261893646794
1714,671,190,0,1,0.7849811707654852
1715,176,168,0,0,0.17108988631952576
1716,814,828,0,0,0.17917068659890337
1717,533,106,0,1,0.6186484714022801
1718,815,829,0,0,0.18925283028704237
1719,169,364,0,1,0.5415211115464968
1720,86,279,0,0,0.41779120399493686
1721,816,112,0,0,0.29074839148366477
1722,632,200,0,0,0.36787113933909454
1723,40,720,0,0,0.23313108445012215
1724,817,626,1,1,0.5908017801936042
1725,690,389,0,0,0.20775580005015212
1726,252,128,0,0,0.22992652589318657
1727,425,94,0,0,0.338317961684771
1728,818,350,0,1,0.6711891471360373
1729,819,104,0,1,0.598249443601044
1730,54,2,1,1,0.655924453176497
1731,397,710,0,0,0.30062120913046736
1732,297,206,0,1,0.5205610327882114
1733,820,830,0,0,0.42374753515320734
1734,217,538,0,0,0.29530821661825324
1735,269,758,0,0,0.21673949625451647
1736,646,831,0,0,0.202468718344588
1737,588,487,0,0,0.43797995229730513
1738,138,832,0,1,0.6267503795120977
1739,313,433,0,0,0.4615404002456228
1740,811,344,0,1,0.5791530295777527
1741,755,535,0,1,0.5324850848150764
1742,319,315,0,0,0.22099230424014968
1743,513,777,0,0,0.44401350687458974
1744,712,833,0,0,0.3088900136773563
1745,247,118,0,0,0.42360954342650725
1746,230,427,0,0,0.2785817682054823
1747,821,356,0,0,0.4451031463682704
1748,532,300,0,0,0.3512597528921271
1749,822,49,0,0,0.253514742685968
1750,80,302,0,1,0.580810116380517
1751,823,615,0,0,0.4901739286105952
1752,709,571,0,0,0.3765539657311216
1753,742,501,0,0,0.17980514071953296
1754,218,834,1,1,0.5493547421291067
1755,636,615,0,0,0.4548319274409819
1756,824,786,0,1,0.5601271863392311
1757,825,286,0,0,0.2558519779696404
1758,498,242,0,0,0.198919101163612
1759,308,80,0,1,0.5469045428633675
1760,362,477,0,0,0.3708100094686848
1761,609,602,0,0,0.22976608607014784
1762,272,720,0,0,0.18853816363240683
1763,382,80,0,1,0.531291507430394
1764,826,322,0,0,0.3442686877523874
1765,22,13,0,0,0.37033306670823235
1766,473,835,0,0,0.272185169146179
1767,827,106,0,0,0.2297465208607374
1768,712,767,0,0,0.41170543942329846
1769,577,621,0,0,0.2666080549495652
1770,760,26,0,0,0.23531104765021482
1771,495,476,0,1,0.6891753549546111
1772,582,596,1,1,0.606812771681186
1773,828,445,0,1,0.5023389667735869
1774,829,567,0,0,0.23836947616160267
1775,718,665,0,0,0.41697220401803026
1776,824,700,0,0,0.30818586029175954
1777,561,690,0,0,0.3149264554319256
1778,829,836,0,0,0.361863857699867
1779,830,504,0,0,0.24612541381730144
1780,720,196,0,0,0.18471964085749493
1781,232,837,0,0,0.25129686836107407
1782,831,412,0,0,0.36296099199072895
1783,579,529,0,0,0.401358322166171
1784,446,431,0,0,0.499560173153113
1785,78,838,0,1,0.6095799023997874
1786,576,63,0,0,0.18104216984948254
1787,275,433,0,1,0.7029884030218508
1788,355,127,1,1,0.6448154203080142
1789,441,125,0,0,0.44192730843537076
1790,832,435,0,0,0.39581899325307546
1791,625,287,0,1,0.6659975224101861
1792,102,839,0,0,0.2482685829307608
1793,833,177,1,1,0.5767496792194368
1794,537,514,0,0,0.33147490162348847
1795,808,291,0,0,0.3691297923938459
1796,596,355,0,0,0.24555970944061167
1797,355,840,0,0,0.4006630454584379
1798,228,101,0,0,0.21696147914321456
1799,443,655,0,0,0.19876635148896143
1800,633,841,0,0,0.40634037783219934
1801,141,111,0,0,0.4242189090024857
1802,60,1,0,0,0.4398558177566008
1803,834,706,0,1,0.7137858482767203
1804,687,516,0,1,0.5611713074450325
1805,340,808,0,0,0.4699086292675102
1806,697,326,0,0,0.3354316054753405
1807,835,115,0,0,0.17897822739061595
1808,16,842,0,0,0.49345159455265303
1809,741,552,0,0,0.4186526019267884
1810,11,67,0,0,0.40296240742052586
1811,535,15,0,0,0.3074076983098187
1812,836,843,0,0,0.4059200161992328
1813,303,730,0,1,0.7286910012024195
1814,547,844,0,0,0.1924285856125419
1815,219,303,0,0,0.19411254588742807
1816,161,427,0,0,0.22671347389380853
1817,292,744,1,0,0.3424460805304878
1818,625,845,0,0,0.261025570647959
1819,533,825,0,0,0.25595796062849263
1820,837,103,0,0,0.4545319894918317
1821,707,831,0,0,0.202972625514018
1822,486,636,0,0,0.338442450759224
1823,131,462,0,0,0.19965183348087756
1824,268,320,1,1,0.7719394500994532
1825,838,592,0,1,0.6503280092501705
1826,145,754,0,0,0.39290157562614125
1827,616,294,0,0,0.4668907407189582
1828,43,13,1,1,0.6958187292518088
1829,240,100,0,0,0.1800051723433542
1830,839,530,0,0,0.1693299559131564
1831,840,87,0,0,0.3473571644499584
1832,609,562,0,1,0.5032443896379821
1833,290,522,0,0,0.28706109269053437
1834,841,412,0,0,0.2107077434304952
1835,9,58,0,1,0.608745981862011
1836,37,326,0,0,0.20639738185568415
1837,842,416,0,0,0.3289569613302383
1838,493,756,0,0,0.19777012693431428
1839,5,198,0,0,0.2472895241259905
1840,459,321,1,1,0.6201441483150174
1841,654,837,0,1,0.501426413024299
1842,843,134,0,0,0.46510132464961007
1843,377,504,0,0,0.1873142982337003
1844,397,626,0,1,0.699374420805483
1845,686,513,0,1,0.602665697204566
1846,844,751,0,0,0.30592755565924284
1847,840,92,0,1,0.6236299510093595
1848,536,621,0,0,0.2036772066796258
1849,731,53,0,0,0.17126742707556283
1850,562,112,0,0,0.2884312531259454
1851,645,193,0,0,0.3302106471107054
1852,619,172,0,0,0.2074909970917266
1853,6,846,0,0,0.38093683072906637
1854,364,238,0,0,0.17648236402324197
1855,845,650,0,0,0.15353317504999853
1856,212,847,0,1,0.6703093359742156
1857,607,687,0,0,0.47540939770533336
1858,334,848,0,0,0.19594775610820853
1859,778,130,1,0,0.3605468472098975
1860,647,70,0,1,0.635726029339472
1861,264,849,0,0,0.3073933527582638
1862,657,593,0,0,0.3456761273574137
1863,846,634,0,0,0.3905213910720148
1864,601,541,0,0,0.18597814944250807
1865,25,324,0,1,0.6435982141156324
1866,476,163,1,1,0.7042101886620129
1867,145,378,0,0,0.3254044927619365
1868,577,282,0,0,0.27819097499371953
1869,187,850,0,0,0.17106165574299265
1870,234,851,0,1,0.5158120364543529
1871,94,852,1,1,0.7912646679285994
1872,565,197,0,0,0.3049526926924903
1873,148,820,0,0,0.2943451634779149
1874,380,853,0,0,0.2831041922339034
1875,790,854,0,0,0.3651528558496439
1876,347,388,0,0,0.4157969615406783
1877,245,153,0,0,0.42086303748499815
1878,25,695,0,1,0.7183009959997718
1879,423,446,1,1,0.774413064400741
1880,631,851,0,0,0.33455193451906845
1881,847,243,0,1,0.5378876944013606
1882,232,302,0,0,0.2650801060515493
1883,369,245,0,0,0.16689476525360397
1884,411,372,1,1,0.6454556653054652
1885,642,370,0,0,0.2616709408278078
1886,507,450,1,1,0.5320705065831731
1887,246,120,0,1,0.5573051328214714
1888,791,781,0,0,0.2568687599984558
1889,282,855,0,1,0.6265511206164521
1890,688,488,0,0,0.2157414762097644
1891,287,588,0,1,0.5250622688538963
1892,606,819,0,0,0.17206208253354888
1893,817,856,0,0,0.16535307147912282
1894,489,640,0,0,0.2407797153623655
1895,848,636,1,1,0.5270812926136218
1896,139,734,0,0,0.1822262155351282
1897,81,857,1,1,0.6816112256448754
1898,717,314,0,0,0.4730855127023925
1899,22,283,0,0,0.19116642734017825
1900,519,148,0,1,0.6601056005314239
1901,849,103,0,0,0.1852084313093421
1902,850,751,0,1,0.5877781044208011
1903,588,437,0,1,0.5422296070366843
1904,431,675,0,0,0.36935074017817165
1905,851,785,0,1,0.5044176793996504
1906,410,14,0,0,0.35576033732174506
1907,852,456,0,0,0.28968326831917734
1908,315,732,0,1,0.7071838731211827
1909,164,540,0,0,0.4111924711606994
1910,359,524,0,0,0.18176102655138884
1911,216,858,1,1,0.7816140307567742
1912,853,186,0,0,0.2013461842300667
1913,22,147,0,0,0.36005197442377823
1914,651,369,0,0,0.4292872809612637
1915,854,101,0,0,0.19968946596217874
1916,766,859,0,0,0.1914537332140872
1917,780,70,0,0,0.21145665486689175
1918,294,857,0,0,0.44213909668583656
1919,518,860,0,0,0.2929749415012434
1920,855,553,0,0,0.2096113924594416
1921,852,10,0,0,0.2537221815602381
1922,136,667,0,1,0.5475542363978155
1923,856,294,0,0,0.19642941138422182
1924,857,431,0,0,0.19175975704990741
1925,341,427,0,1,0.5032100860872896
1926,774,502,0,0,0.34771402506529936
1927,36,360,0,0,0.16992709778415485
1928,358,532,0,0,0.2610454594983785
1929,509,629,0,1,0.5433146852782654
1930,835,822,0,1,0.7217345165315535
1931,759,316,0,0,0.1639390478982218
1932,858,708,0,0,0.2416904685183008
1933,95,241,0,0,0.4086551767456219
1934,859,484,0,0,0.28885473528941596
1935,298,205,0,0,0.4296970359594502
1936,55,393,0,1,0.6500475911268313
1937,491,702,0,0,0.43458558404243225
1938,188,646,0,0,0.14519169919928163
1939,860,678,0,0,0.2164913319595368
1940,861,503,0,0,0.24105733472497493
1941,607,385,0,0,0.1816884891309376
1942,316,859,0,0,0.16544219699690635
1943,862,760,0,0,0.3467016610808922
1944,495,828,0,1,0.6107733232181206
1945,863,132,0,0,0.325367872427143
1946,330,646,0,0,0.4061106506187335
1947,730,31,0,0,0.22911717080397584
1948,120,213,0,0,0.3791744793827635
1949,499,543,0,0,0.243116553465501
1950,94,523,0,0,0.16936172393105656
1951,52,732,0,0,0.24630808949692573
1952,864,795,0,0,0.2970078236952062
1953,317,642,0,1,0.5007266382420914
1954,865,600,0,0,0.3099381634594964
1955,749,639,0,0,0.390405628093879
1956,244,205,1,1,0.8139777578275852
1957,827,756,0,0,0.1378039406501859
1958,866,736,0,0,0.3309002742053758
1959,118,653,0,0,0.4631792214318337
1960,140,861,0,0,0.49460865624150757
1961,550,121,1,1,0.6959778351674986
1962,49,862,1,1,0.5963266398411496
1963,134,113,0,0,0.29021929881373887
1964,753,863,1,1,0.6516494626067274
1965,679,532,0,0,0.4499070895803024
1966,161,40,0,1,0.5862653535734289
1967,235,756,0,0,0.32268654758393545
1968,739,482,0,0,0.15195128095476534
1969,655,721,0,0,0.31171092213585894
1970,203,3,0,0,0.4019461933966028
1971,586,864,0,0,0.46579640595667854
1972,177,718,0,0,0.37921777141841456
1973,711,667,0,1,0.6046497649241301
1974,499,865,0,0,0.22314793967857066
1975,296,593,0,1,0.7291964350722413
1976,867,165,0,0,0.17988731469610078
1977,495,866,0,0,0.28204155936337433
1978,868,774,0,0,0.20725570448168298
1979,694,867,0,1,0.6356634713687142
1980,869,556,0,0,0.47980402601581196
1981,412,817,0,0,0.19034489800871454
1982,29,868,1,1,0.5686038644034979
1983,512,340,0,0,0.39055821356922416
1984,686,869,0,0,0.22337819932587621
1985,26,126,0,0,0.2792709824633162
1986,870,75,0,0,0.38060616022302596
1987,563,318,0,0,0.27600586081307965
1988,776,851,0,0,0.3959850170774077
1989,720,668,0,0,0.22713410487468788
1990,785,432,0,1,0.5032352191897888
1991,871,53,0,0,0.15793352252757853
1992,717,681,0,0,0.1868301565921694
1993,856,462,0,0,0.19252863803798836
1994,268,867,0,0,0.22139611125699785
1995,636,870,0,0,0.41383566035153824
1996,245,220,0,0,0.1810677446701274
1997,872,353,1,1,0.5978663679577808
1998,256,836,0,0,0.299262210403231
1999,622,531,0,0,0.2236513865124663
2000,798,871,0,0,0.34832889711786
2001,521,550,0,0,0.4510348088457375
2002,771,326,1,1,0.6136663992897237
2003,801,282,0,0,0.4951841247719464
2004,287,392,0,1,0.6844237783511384
2005,355,31,0,0,0.24368452694722173
2006,873,251,0,1,0.5402612668543525
2007,563,310,0,1,0.582041952717475
2008,874,81,0,1,0.6467604896361948
2009,706,798,0,0,0.33793742683727807
2010,266,872,0,0,0.18877632767321414
2011,875,873,0,0,0.15274925182052543
2012,511,214,0,0,0.19084863596926366
2013,118,419,0,0,0.3900124241298249
2014,876,305,0,0,0.18085302933905306
2015,433,412,0,0,0.1994379264557791
2016,657,874,0,0,0.4297771262809371
2017,877,241,0,0,0.21459021008941973
2018,57,185,0,0,0.17886639258324116
2019,878,237,0,0,0.389312923381317
2020,661,378,0,0,0.3366497052392738
2021,175,289,0,0,0.411441313411214
2022,595,634,0,0,0.31526257206292135
2023,15,696,0,0,0.45158127371796314
2024,826,635,0,0,0.1951413188991135
2025,879,244,0,0,0.21654511487775593
2026,880,549,0,0,0.24654637981224767
2027,203,628,0,0,0.1973527590196218
2028,850,174,0,0,0.35604230429872974
2029,491,137,0,0,0.20689940320462447
2030,244,270,0,0,0.24835735579555474
2031,881,569,0,0,0.21143084826550124
2032,266,421,0,0,0.19229225186289975
2033,840,444,0,0,0.1916204750536312
2034,875,30,0,0,0.16347970585090163
2035,749,233,0,0,0.4208958643062965
2036,454,539,0,1,0.541792818627836
2037,281,584,0,0,0.37104152716549327
2038,367,200,0,0,0.2332765098687966
2039,136,875,0,0,0.292590550650566
2040,504,536,0,0,0.30812970240997695
2041,363,405,0,0,0.4618337158938141
2042,303,23,0,1,0.7582538376017239
2043,616,660,0,0,0.3645662691645951
2044,882,206,0,0,0.19413070344750666
2045,791,235,0,0,0.20296843760436173
2046,425,807,0,0,0.2654075757312234
2047,883,876,0,0,0.4919002480044746
2048,99,628,0,0,0.4021150539779625
2049,716,467,0,0,0.2214182144028479
2050,801,733,0,0,0.47822191647235957
2051,676,519,0,0,0.21779157471015959
2052,809,857,0,0,0.435232039202575
2053,726,89,0,0,0.30209971310065004
2054,188,343,0,0,0.22358376844450226
2055,820,65,0,0,0.47881035786998605
2056,125,179,0,0,0.29095578922548454
2057,160,656,0,0,0.21851632398196474
2058,529,720,0,0,0.18776064463684583
2059,342,519,0,0,0.22894151777251698
2060,275,877,0,0,0.4773757227108948
2061,884,153,0,0,0.19150890893480244
2062,696,29,0,0,0.47288038076703653
2063,79,353,0,1,0.5139942434270443
2064,607,869,0,0,0.3881501992119742
2065,325,357,0,1,0.5304973396951376
2066,842,282,0,0,0.3628663172606107
2067,72,878,0,0,0.24231692502075877
2068,366,745,0,0,0.32957422868060166
2069,696,188,0,0,0.30664103395195347
2070,513,244,0,0,0.18105541029419267
2071,459,879,0,0,0.3173794077592185
2072,51,880,0,0,0.22511717016355287
2073,465,402,0,0,0.3391499372975632
2074,885,877,1,1,0.5565026250130392
2075,287,7,0,0,0.421365903814138
2076,886,881,0,1,0.5192941624554098
2077,61,552,0,0,0.31490678846812986
2078,366,882,0,0,0.24491621482266418
2079,762,883,0,0,0.25672068986571206
2080,619,445,0,0,0.47921821209620535
2081,887,884,1,1,0.6554842715632302
2082,157,422,0,0,0.20431872178398847
2083,735,767,0,0,0.3001258513475268
2084,888,333,0,1,0.5125200618242748
2085,579,551,0,0,0.41714112158380384
2086,402,695,0,1,0.6855613805218131
2087,46,625,0,0,0.4237007828383945
2088,761,110,0,0,0.16805870305118958
2089,212,576,0,0,0.3914245362651711
2090,843,278,0,0,0.3159466129422114
2091,474,371,0,0,0.308670822329473
2092,13,517,0,0,0.24288095293724105
2093,561,642,0,1,0.5484829126123948
2094,15,30,0,1,0.5382213277165651
2095,75,564,0,0,0.20233784997905013
2096,889,587,0,0,0.3353229978077945
2097,644,201,0,0,0.2868310225486795
2098,500,93,0,1,0.6660818745839272
2099,7,205,0,0,0.2656369055824896
2100,609,383,0,0,0.2907960388378353
2101,290,828,0,1,0.5998336614504566
2102,413,319,0,0,0.4847910999712694
2103,166,885,0,0,0.29324013319218856
2104,13,886,0,0,0.31326363911390775
2105,702,53,0,0,0.2615176485054001
2106,227,732,0,0,0.3453929689981329
2107,728,859,0,0,0.17203403119446975
2108,888,575,0,0,0.46749100358960266
2109,374,839,0,0,0.4245019174604428
2110,875,394,0,0,0.17358021013780184
2111,546,312,0,0,0.18802206998684784
2112,674,169,0,0,0.4530092342728819
2113,577,588,0,0,0.25521174576045413
2114,880,872,0,0,0.16458969732362833
2115,881,667,0,1,0.5128113897656846
2116,166,556,0,1,0.6012699634745751
2117,885,363,0,0,0.34135392962064565
2118,78,284,0,0,0.27404859349741345
2119,788,139,0,0,0.2757845933741043
2120,875,887,0,0,0.16886039773822434
2121,84,244,0,0,0.3765027492418398
2122,715,213,0,0,0.3646192671691859
2123,808,219,0,0,0.3917210138720289
2124,681,532,0,0,0.3486510975107147
2125,558,244,0,0,0.20526352794073877
2126,786,481,0,0,0.23137591196925877
2127,526,573,0,1,0.5678946274569603
2128,115,615,0,0,0.2901355118773297
2129,292,199,0,0,0.1558285853497352
2130,40,847,0,0,0.34066502807972937
2131,12,10,0,0,0.2712474377685408
2132,187,705,0,0,0.15790807302504767
2133,10,733,0,1,0.5823986870406587
2134,890,95,0,0,0.3688220688429248
2135,778,203,0,1,0.5765815828192673
2136,21,461,0,0,0.16603863620446416
2137,524,888,0,0,0.20608197916947435
2138,593,53,0,0,0.15274138313182284
2139,161,847,0,0,0.37225709773158405
2140,439,234,0,0,0.22277399009298185
2141,885,879,0,1,0.6377882994657691
2142,536,53,0,0,0.22960830567832025
2143,430,479,1,1,0.7349218188174863
2144,891,227,0,0,0.19023040192350132
2145,892,310,0,0,0.28496665975423485
2146,310,817,0,0,0.4135579179345232
2147,687,495,0,0,0.1832547511023922
2148,282,639,0,1,0.6280193620036637
2149,856,682,0,0,0.2471339779288141
2150,275,692,0,0,0.1754257052292445
2151,836,889,0,0,0.4735168681287104
2152,502,890,0,0,0.21766557132343708
2153,893,891,0,0,0.17060833013969734
2154,301,880,1,1,0.635947447603119
2155,861,846,0,0,0.3558248856263087
2156,893,402,0,0,0.2556562880565447
2157,195,892,1,1,0.6478057840367631
2158,842,212,0,1,0.5121398153152735
2159,700,203,0,1,0.6192991950486566
2160,894,893,0,0,0.13391372767059662
2161,224,894,0,0,0.19187156776021613
2162,678,235,0,0,0.28769563396798997
2163,604,895,0,1,0.6353252463699292
2164,273,896,0,0,0.17990642200495716
2165,299,626,0,0,0.3887876109429717
2166,37,174,0,0,0.40931562563122637
2167,724,235,0,0,0.30603557975599355
2168,314,215,0,0,0.16941224598452778
2169,95,875,0,0,0.38864914749070695
2170,56,897,0,0,0.21564942119575614
2171,412,779,0,0,0.20589005223144458
2172,433,160,0,0,0.3600862496843695
2173,502,370,0,0,0.4057286473089985
2174,874,843,0,0,0.30231838217126444
2175,895,816,0,0,0.2517899142286242
2176,780,891,0,0,0.22562774250668383
2177,502,76,0,0,0.22692620926918583
2178,896,200,1,1,0.6578516219572856
2179,674,191,0,0,0.2172941088401268
2180,786,293,0,0,0.18093997610407295
2181,42,804,0,0,0.36807467627492657
2182,897,102,0,0,0.3982974795002377
2183,717,748,0,0,0.18080129652680582
2184,617,241,0,0,0.4048526771858593
2185,21,854,0,0,0.13967739838390245
2186,555,823,0,0,0.36065716892221383
2187,506,700,0,0,0.4053546815334125
2188,452,160,0,0,0.18386888796628528
2189,184,30,0,0,0.21736603648637962
2190,133,53,0,0,0.15033394749851076
2191,588,138,0,1,0.5897947985595673
2192,489,418,0,1,0.5626212580821927
2193,898,593,0,0,0.25312716369586385
2194,579,418,0,0,0.31397184037774306
2195,269,522,0,0,0.4773326412685727
2196,464,375,0,0,0.4324649290726259
2197,522,320,0,0,0.1584638944347348
2198,420,291,0,0,0.4307430105437038
2199,564,54,0,0,0.20349282590265608
2200,243,443,0,1,0.5709836330954918
2201,899,649,0,0,0.4207869207932439
2202,644,261,0,0,0.31452605396529587
2203,708,45,0,0,0.34409486554047336
2204,263,334,0,0,0.4007968676634842
2205,239,242,0,0,0.2810374931247188
2206,700,803,0,0,0.3714179480708118
2207,683,293,0,1,0.5912559118650064
2208,814,805,0,0,0.15840774384493408
2209,497,898,1,1,0.7824102939670897
2210,900,483,0,0,0.30562305734792805
2211,488,531,0,0,0.17524522123589722
2212,256,866,0,0,0.3597545730717217
2213,192,899,0,0,0.2636428013569502
2214,901,812,0,1,0.6014516879447053
2215,460,227,0,0,0.1909995912639506
2216,297,569,0,1,0.6551352404871889
2217,548,481,0,0,0.34647354974192984
2218,902,755,0,0,0.22088342895542548
2219,517,601,0,0,0.3630123363155436
2220,103,848,0,0,0.20169718779579335
2221,205,273,0,0,0.23968887244325718
2222,530,837,0,0,0.27396482691981233
2223,903,376,0,0,0.16859946934287826
2224,235,672,0,0,0.1797447910023193
2225,45,833,0,0,0.29338627619980456
2226,500,392,0,0,0.3382005382792549
2227,904,43,0,0,0.21466739911124463
2228,210,101,0,0,0.4659857661901719
2229,773,802,0,0,0.4032510610879139
2230,788,100,0,0,0.15380823553160297
2231,596,418,0,0,0.4668727131581876
2232,672,473,0,0,0.3920146130742582
2233,905,456,1,1,0.7232705223834479
2234,850,818,0,0,0.2357254006332003
2235,266,279,0,0,0.2758719842611745
2236,872,824,0,0,0.20842388133234627
2237,574,522,0,0,0.17041449563793423
2238,485,417,0,0,0.18554302465018663
2239,311,169,0,1,0.6667908216425189
2240,346,101,0,0,0.21730921327026909
2241,304,715,0,0,0.23897698653505292
2242,677,900,0,0,0.46503516277365087
2243,35,732,0,1,0.5470305221781275
2244,51,194,0,0,0.18910736404477352
2245,324,715,0,0,0.3695523475243682
2246,906,50,0,0,0.21163219420943394
2247,170,718,0,1,0.6462610783457466
2248,703,238,0,0,0.21823019046902364
2249,842,435,0,0,0.36418871571039474
2250,907,495,0,0,0.49448548513785523
2251,452,35,0,0,0.4134430166375753
2252,630,464,0,0,0.21847962007387733
2253,574,667,0,0,0.4889000444570339
2254,86,314,0,0,0.22894712510597007
2255,671,536,0,1,0.6231213014678719
2256,261,753,0,1,0.6137755756591581
2257,666,206,0,0,0.20664837009462078
2258,187,486,0,0,0.16674926905202447
2259,82,710,0,0,0.21519666299126577
2260,53,23,0,1,0.662311791499648
2261,763,901,0,0,0.3964427771135951
2262,790,819,0,0,0.24920443671622952
2263,898,656,0,0,0.25996090886333467
2264,390,779,0,0,0.3729770213595075
2265,71,647,0,0,0.28175647023941514
2266,159,460,0,0,0.3823567989259068
2267,432,81,0,0,0.16641420574629745
2268,508,71,0,0,0.18253951688667397
2269,62,577,0,0,0.24734981699693417
2270,908,206,0,0,0.21626024723441778
2271,830,466,0,0,0.2788210578848348
2272,96,674,0,0,0.265617589625019
2273,526,861,0,1,0.5465230693104087
2274,483,68,0,0,0.3663357255973775
2275,432,428,0,0,0.2650080586376328
2276,84,211,0,0,0.35610260910739955
2277,521,18,0,0,0.1653722577787068
2278,851,677,0,0,0.28103497110705455
2279,669,248,1,1,0.7830196908828613
2280,187,83,0,0,0.48183215045405553
2281,357,198,0,0,0.3794894015240498
2282,452,902,0,1,0.65995103000251
2283,903,804,0,0,0.1648843956242263
2284,759,642,0,0,0.3205826140435382
2285,158,757,0,0,0.18539289554035873
2286,399,794,0,1,0.5498868826418071
2287,731,421,0,0,0.14491824901165765
2288,627,655,0,1,0.7942268743723354
2289,909,370,0,0,0.307744699500199
2290,81,150,0,0,0.31608344297900354
2291,269,801,1,1,0.5284986207408581
2292,806,824,0,0,0.1917512326709452
2293,635,804,0,0,0.18600749276500347
2294,311,121,1,1,0.6959778351674986
2295,756,348,1,1,0.6022464923634036
2296,170,719,0,1,0.559452688276223
2297,910,283,0,0,0.24720939402035824
2298,112,299,0,0,0.44534842729664276
2299,911,862,0,0,0.1585037611063206
2300,912,181,1,1,0.7335291435546379
2301,673,128,0,0,0.21383924182439196
2302,357,693,0,0,0.3533498848174315
2303,913,536,1,0,0.4909829146718229
2304,279,483,0,0,0.3742619724392642
2305,187,430,0,0,0.39283547840489774
2306,426,903,0,0,0.44823598878189647
2307,882,904,0,0,0.19963256846152283
2308,614,434,0,0,0.39202893929062826
2309,381,83,0,0,0.447321434693015
2310,879,256,0,1,0.6030338296057032
2311,424,406,0,1,0.7185566685533928
2312,635,422,0,1,0.7283439696907095
2313,488,448,0,0,0.3101200284784758
2314,863,905,0,0,0.2728347786356342
2315,300,906,0,0,0.386213343380455
2316,333,907,0,0,0.35252444374941044
2317,819,678,0,0,0.37283945544309305
2318,453,398,0,0,0.2051603828132371
2319,767,908,0,1,0.6639330005010351
2320,241,380,0,0,0.17582894557979767
2321,768,226,0,0,0.28259896070152574
2322,489,909,0,1,0.6703307636213562
2323,122,586,0,0,0.31196889631221336
2324,847,248,0,1,0.6941196399036608
2325,228,910,0,1,0.5239540812464849
2326,914,45,0,0,0.29000792185339275
2327,686,534,0,1,0.6913308600761424
2328,566,639,0,0,0.2913548357159526
2329,769,861,0,0,0.2793140340736949
2330,628,410,0,0,0.4024874172729598
2331,83,911,0,0,0.16357582140903104
2332,97,119,0,0,0.22322621933748749
2333,862,616,0,0,0.17567911825012605
2334,719,879,0,0,0.2615346295774453
2335,38,779,0,0,0.2336124523033446
2336,730,821,0,0,0.219681396230907
2337,347,912,1,1,0.5995223968148129
2338,370,238,0,0,0.41636251500069027
2339,438,540,0,0,0.3036606895930347
2340,623,140,0,0,0.26288524294289695
2341,329,800,0,0,0.25916834646949116
2342,781,913,0,0,0.49793367021077145
2343,881,512,0,0,0.4149308881010315
2344,848,829,0,0,0.15187733376348297
2345,540,174,0,1,0.5606009224155583
2346,92,586,0,0,0.2823173231002446
2347,239,275,0,0,0.23872734640063703
2348,72,154,0,0,0.25395255374404496
2349,915,61,0,0,0.23904566169113378
2350,311,798,0,1,0.5841184809855202
2351,916,167,0,1,0.6499679471843818
2352,861,90,1,1,0.7459481328180549
2353,139,79,0,0,0.15783608253106582
2354,299,914,0,0,0.22166816126116884
2355,397,130,0,0,0.30175246574592546
2356,157,293,0,0,0.2460988695394658
2357,624,379,0,0,0.32867028662262715
2358,679,609,0,0,0.2113934839775282
2359,208,723,0,0,0.21919774840930253
2360,664,915,0,0,0.15938159207550423
2361,546,749,0,0,0.1717038386712018
2362,113,287,0,1,0.5890042520602273
2363,541,916,0,0,0.1480718485064304
2364,723,917,0,0,0.24273541158999812
2365,598,918,0,0,0.4619734439492553
2366,439,900,0,0,0.341329675583878
2367,119,658,0,0,0.3582649978640228
2368,646,919,0,0,0.2121217365973988
2369,28,166,0,0,0.24058121659091944
2370,17,920,0,0,0.38208909237593663
2371,359,916,0,0,0.2779701613857283
2372,307,785,0,1,0.5291381432284937
2373,830,385,0,0,0.19134555692270933
2374,41,143,0,0,0.41081943379264824
2375,610,159,0,0,0.24020497365529705
2376,257,131,0,0,0.1738706382706457
2377,567,270,0,0,0.17362111862496302
2378,532,122,1,1,0.6667005562551936
2379,637,440,0,0,0.3147982135766723
2380,917,225,0,0,0.3962783557824939
2381,247,836,0,0,0.3889621767403932
2382,918,733,0,0,0.35186861073902975
2383,807,157,0,0,0.2397942526063714
2384,919,422,0,0,0.1855314907009011
2385,624,369,0,1,0.5161944074182366
2386,82,148,1,1,0.5937844443835238
2387,502,898,0,0,0.16883493714217304
2388,569,330,0,0,0.2824852678485642
2389,311,125,0,0,0.2561854454593981
2390,460,195,1,0,0.4785828714142206
2391,805,703,0,0,0.19311325934257947
2392,633,32,0,0,0.37213620356686455
2393,430,480,0,0,0.21015657120655826
2394,920,687,0,0,0.4184940674670881
2395,674,208,0,0,0.2631152039915364
2396,471,593,0,0,0.24886865755080625
2397,281,921,0,0,0.25620055986016393
2398,808,302,0,0,0.26080327052055763
2399,217,790,0,0,0.32370531433629346
2400,178,64,0,0,0.21276414748115324
2401,213,501,0,0,0.18631294937472712
2402,636,670,0,1,0.574666302630855
2403,921,418,0,0,0.18373174498471134
2404,863,254,0,0,0.3021921991198425
2405,593,476,0,0,0.41656945664654926
2406,922,518,0,0,0.41663446467244014
2407,923,773,0,0,0.2892323322006377
2408,449,669,0,0,0.38391407378476317
2409,393,303,0,0,0.26101323902426854
2410,694,269,1,1,0.6730988909030317
2411,80,728,1,1,0.6693742375376638
2412,226,451,0,1,0.5608013523769293
2413,75,471,0,0,0.30099092032105224
2414,250,635,0,0,0.18150377682702146
2415,572,333,0,0,0.42639105101304625
2416,406,892,0,0,0.37196301535390697
2417,844,922,0,0,0.20279461788131056
2418,382,923,0,0,0.3463305213671052
2419,481,68,0,0,0.3243954072848931
2420,377,144,0,0,0.19380694770368515
2421,728,113,0,0,0.18190689373752486
2422,924,574,1,0,0.41118180088649764
2423,925,754,0,0,0.4616805623138742
2424,8,241,0,0,0.275390751389414
2425,599,723,0,0,0.21192416276550138
2426,102,492,0,0,0.4848516921736497
2427,901,924,0,0,0.2606144286117698
2428,718,284,0,0,0.4209650837604621
2429,326,249,0,0,0.2989798254200896
2430,295,190,0,0,0.362329798949084
2431,570,536,0,0,0.20768072906057589
2432,364,747,0,0,0.4056804213076835
2433,526,452,0,1,0.6494295237972192
2434,578,18,0,0,0.17167924134022483
2435,359,805,0,0,0.40813757137407813
2436,146,496,1,1,0.6390107705434235
2437,444,211,0,0,0.16356108277995163
2438,104,288,0,0,0.28258285898725805
2439,85,669,0,0,0.42045083252753707
2440,792,745,0,0,0.33143518793942567
2441,269,890,0,0,0.32106792167770976
2442,294,387,0,0,0.1929993154792131
2443,247,89,0,0,0.44248218288534497
2444,29,416,0,0,0.3007025515182729
2445,474,363,0,0,0.17563909578854092
2446,562,925,0,0,0.3165755091216161
2447,385,899,0,0,0.1848786194319394
2448,294,809,0,0,0.29858845147007396
2449,0,107,0,0,0.18998983409682088
2450,163,383,0,0,0.22999259791162976
2451,676,926,0,0,0.24373472869105092
2452,246,521,1,1,0.8120798841298742
2453,66,927,0,0,0.16972987155930414
2454,926,376,0,0,0.3036587627548448
2455,927,60,0,0,0.23649191109801893
2456,402,478,0,1,0.5721418941899125
2457,651,5,0,0,0.3578913471580104
2458,242,671,0,0,0.39696577932343324
2459,191,85,1,1,0.6451779061623545
2460,690,779,0,0,0.27017088313241533
2461,829,441,0,0,0.19364121233297663
2462,1,685,0,0,0.3297931279024968
2463,454,426,0,0,0.3246189929045196
2464,396,10,0,0,0.22392355302305655
2465,219,362,0,0,0.41489952757108495
2466,156,615,0,1,0.6339528515166427
2467,196,498,0,0,0.21547005210653436
2468,688,496,0,0,0.12318841924541865
2469,814,467,0,0,0.21985124241796786
2470,671,288,0,0,0.36260313979550185
2471,547,361,0,0,0.22381129628180824
2472,71,568,0,0,0.24849699182424734
2473,147,717,0,0,0.39549638175747626
2474,504,706,0,0,0.4330691210657501
2475,393,871,0,0,0.1900431416488713
2476,548,613,0,1,0.5039064475646613
2477,523,50,0,0,0.2338651347486672
2478,215,832,0,0,0.17804826141914273
2479,113,639,0,1,0.6972686136472577
2480,289,310,1,1,0.7170138558354259
2481,866,227,0,0,0.175656247389393
2482,29,891,0,0,0.2456516977900223
2483,412,604,0,0,0.18552388826605531
2484,377,928,0,0,0.24364412806382627
2485,75,790,1,1,0.5761642805574905
2486,526,841,0,0,0.2545467225653248
2487,302,419,0,0,0.2901371602129556
2488,639,692,0,0,0.1771978734430006
2489,608,414,0,0,0.40865371649130733
2490,717,433,0,0,0.27122826471377687
2491,355,148,0,0,0.24540321648066254
2492,928,840,1,1,0.7143485378526377
2493,705,419,0,0,0.23365368990376337
2494,687,131,0,1,0.5134427331186143
2495,692,834,0,0,0.48761399092142305
2496,720,929,0,0,0.20567068435773503
2497,608,497,0,0,0.34625421345497903
2498,929,268,0,0,0.4078600268798899
2499,797,453,1,1,0.5056435274703877
2500,214,212,0,0,0.2280767898370675
2501,43,875,0,0,0.15839678551269357
2502,616,930,0,0,0.15804977352118482
2503,679,909,0,1,0.7384067489983687
2504,645,724,0,0,0.42617628262830876
2505,757,644,0,0,0.402175852976847
2506,775,215,0,0,0.14816039892308364
2507,0,267,0,0,0.22218121380523384
2508,655,843,0,0,0.4700897144691944
2509,392,655,1,1,0.5410731304666023
2510,700,475,0,0,0.4162887065222236
2511,722,656,1,1,0.7500896920856958
2512,930,323,0,0,0.4833127430209149
2513,931,931,1,1,0.8254363709538748
2514,237,298,0,0,0.29984028490123976
2515,780,468,0,0,0.41487262167263933
2516,473,646,0,0,0.17861685655121906
2517,347,103,0,0,0.3421163458524197
2518,204,511,0,1,0.5891158725129068
2519,932,769,1,0,0.4111328814337069
2520,509,521,0,1,0.5363364783815072
2521,4,715,0,0,0.34704763705114067
2522,263,873,1,0,0.3742945640519977
2523,659,448,0,0,0.24097983823762859
2524,851,478,0,0,0.42325416186485204
2525,697,270,0,0,0.15007940335431827
2526,537,700,0,0,0.17587638046446136
2527,295,177,0,0,0.22926593389380814
2528,786,926,1,1,0.5557717049840827
2529,504,260,0,0,0.17250458739725702
2530,34,932,0,1,0.6899407974724733
2531,270,231,0,0,0.38991255703848493
2532,926,109,0,0,0.16017279727616254
2533,724,471,1,1,0.7418551712886251
2534,174,825,0,0,0.2507508169771175
2535,382,301,0,0,0.3292674806449593
2536,763,341,0,0,0.16534666143332838
2537,450,863,0,1,0.6268417138544505
2538,879,305,0,0,0.18506506105357226
2539,548,304,0,0,0.2593644402374501
2540,736,493,0,0,0.26725910418911175
2541,773,194,0,0,0.3177612131197511
2542,330,737,0,0,0.3133439253709648
2543,920,210,0,0,0.32555054823190194
2544,387,502,0,0,0.2954419746838513
2545,662,786,0,1,0.7149940802736174
2546,870,536,0,0,0.3682983806837301
2547,261,330,0,0,0.2859712619065641
2548,577,511,0,0,0.39708555988035177
2549,424,933,0,1,0.6290929515352706
2550,118,406,1,1,0.632151032525063
2551,294,439,0,1,0.6496240676094918
2552,774,475,0,0,0.4160377056003619
2553,80,722,0,0,0.3569417864939976
2554,389,748,0,0,0.23004445925569134
2555,905,675,0,0,0.4847443265961412
2556,816,607,0,1,0.6215355472448728
2557,745,700,0,0,0.406854637543479
2558,817,548,0,0,0.30364834693371173
2559,23,713,0,0,0.17673434632953267
2560,712,560,0,0,0.34639571269252173
2561,635,455,0,0,0.3888663558036421
2562,675,883,0,0,0.23186050254268933
2563,633,354,0,0,0.192655911043585
2564,37,661,0,0,0.17913284268250276
2565,933,206,1,1,0.5578446157629269
2566,208,238,0,0,0.29558434196538275
2567,114,529,0,0,0.30397613295587134
2568,691,456,0,0,0.38304620835800124
2569,42,66,0,0,0.40741774716534307
2570,622,911,0,0,0.17679602631084587
2571,431,433,0,1,0.7609976351074718
2572,359,65,0,1,0.5887152567628348
2573,893,787,0,0,0.19589030483738976
2574,884,613,0,0,0.14127189160233738
2575,794,883,0,0,0.18504671580174323
2576,63,353,0,0,0.4848400110867107
2577,383,261,1,1,0.5855496451340362
2578,707,581,0,0,0.18937105558561299
2579,934,197,0,0,0.4494962912047071
2580,713,113,0,0,0.49958779103679357
2581,806,235,0,0,0.16368956719827094
2582,359,804,0,0,0.43921900923463064
2583,42,204,0,0,0.3599919103503554
2584,898,934,0,0,0.3580087959487471
2585,819,363,0,0,0.20519081566731076
2586,152,935,0,0,0.20363435720485817
2587,916,602,0,0,0.35358658290430384
2588,935,401,0,0,0.3297250211054738
2589,332,678,0,1,0.5406290275701391
2590,613,816,0,0,0.3017011321794086
2591,406,170,0,0,0.1611658861172958
2592,443,268,0,0,0.1695814685977141
2593,701,324,0,0,0.2613142872544963
2594,830,401,0,0,0.3501635199423574
2595,802,855,0,0,0.3831594883957684
2596,111,16,0,0,0.4593543505101996
2597,323,809,0,0,0.2819635422091361
2598,580,936,1,1,0.5131662367362594
2599,459,145,0,0,0.4964089250743293
2600,651,559,0,0,0.3986297424815201
2601,366,908,0,0,0.2059048522511376
2602,596,853,0,0,0.3491109643236758
2603,406,454,0,0,0.43385084547710867
2604,181,7,0,1,0.640317457104259
2605,19,836,0,1,0.6710649835094695
2606,936,431,0,0,0.21795663243733823
2607,217,539,0,0,0.3621068244541704
2608,908,491,1,1,0.7380478712097025
2609,826,418,0,0,0.2960345811815778
2610,264,463,0,0,0.21749157360410626
2611,62,937,0,0,0.19007455542113827
2612,921,15,0,0,0.12699647040014878
2613,937,94,0,0,0.20749969025133735
2614,166,809,0,0,0.3441506568509972
2615,440,301,0,0,0.31034776539036046
2616,206,403,0,0,0.3178116277613499
2617,111,776,0,0,0.3744918264022377
2618,597,201,0,0,0.39994700284745427
2619,610,938,0,0,0.29203330511838316
2620,401,846,0,0,0.3845574982962257
2621,629,903,1,1,0.5364014770195753
2622,139,919,0,0,0.36814376774581653
2623,938,0,0,0,0.25271898153329914
2624,848,939,0,0,0.20086688824685014
2625,9,793,0,0,0.2370178225831131
2626,406,940,0,0,0.2928464908774714
2627,918,175,0,0,0.2568899788625276
2628,939,799,0,0,0.238366615352333
2629,750,133,0,0,0.31131688037588284
2630,623,424,0,0,0.3425049567332558
2631,239,793,1,1,0.621644606055775
2632,550,110,1,1,0.5686038644034979
2633,324,310,0,0,0.3973692341878353
2634,502,941,0,0,0.20796859648985722
2635,216,772,0,0,0.304236062246582
2636,633,904,0,0,0.2032865364340163
2637,625,590,0,1,0.5883253081407523
2638,732,942,0,0,0.2320307248898625
2639,24,637,0,1,0.618029605241021
2640,354,80,0,1,0.6322755606074777
2641,878,920,0,0,0.33676837562704776
2642,940,77,1,1,0.7429105296111388
2643,939,378,0,0,0.28124373610627207
2644,941,943,0,1,0.5546705204245708
2645,147,175,0,0,0.4296696105055258
2646,600,400,0,0,0.33402812930178466
2647,390,944,0,0,0.4889613188803714
2648,11,399,1,1,0.8406301473199794
2649,678,509,0,1,0.5229878300066153
2650,452,267,0,0,0.38615889276624915
2651,646,643,0,0,0.14087321721914633
2652,590,912,0,1,0.511477402840703
2653,139,384,0,0,0.3573979419419404
2654,941,157,0,0,0.40056955076747586
2655,496,819,0,0,0.4004971514901657
2656,324,558,0,0,0.23648370704781216
2657,22,406,0,1,0.5469937976597042
2658,224,883,0,0,0.21424161329022876
2659,290,945,0,1,0.5807828858202804
2660,614,652,1,1,0.6068194084257676
2661,877,946,1,1,0.8022445280792496
2662,626,864,0,1,0.5526883869517727
2663,882,311,0,0,0.44431260928615707
2664,768,739,0,1,0.5221373319242594
2665,700,76,0,0,0.4549314669444884
2666,492,848,0,1,0.5557295112773435
2667,648,536,0,0,0.44311902018326754
2668,60,433,0,0,0.3687867427686191
2669,239,947,0,0,0.17038818630332692
2670,336,102,0,0,0.33386161684584376
2671,692,874,0,0,0.1807962209019328
2672,429,806,0,1,0.6216258956563117
2673,907,854,0,1,0.5127486914482386
2674,636,893,0,0,0.15889927627472872
2675,883,455,1,1,0.6818197028017186
2676,198,533,0,0,0.267789931206275
2677,24,805,0,0,0.30526253010990523
2678,238,933,0,0,0.20946882991678867
2679,912,133,0,0,0.23658700867394608
2680,488,245,0,0,0.29666784702867827
2681,768,902,0,1,0.6308055338754284
2682,30,285,1,0,0.3827603973289683
2683,942,119,0,0,0.19392001480546617
2684,287,147,0,0,0.16581822356946418
2685,457,217,0,0,0.34200813931501306
2686,298,301,0,0,0.41531434783729426
2687,856,236,0,0,0.304288307263603
2688,662,757,0,0,0.18086705382429166
2689,654,747,0,0,0.31517327715301624
2690,487,87,0,0,0.49683952407076076
2691,593,745,0,0,0.4419815970483347
2692,534,648,0,1,0.5543738099446802
2693,684,215,0,0,0.38214508847942347
2694,8,915,0,1,0.5499688426107191
2695,857,176,0,0,0.34693240848754564
2696,532,470,0,0,0.22736459085513314
2697,581,362,0,0,0.29301498829999284
2698,840,778,0,0,0.4419898757636856
2699,721,231,1,1,0.663010848325364
2700,941,53,0,0,0.1929828659105965
2701,229,441,0,0,0.4395837317333582
2702,840,742,0,0,0.3284866168019623
2703,167,592,0,0,0.33455799356695237
2704,424,601,1,1,0.8442963358509447
2705,938,279,1,1,0.828240625456793
2706,519,388,0,0,0.40128927334428577
2707,182,151,1,1,0.827270716827011
2708,412,8,0,0,0.18531663451344504
2709,867,666,0,0,0.3463317079463343
2710,243,584,0,0,0.2128122336474837
2711,132,911,0,0,0.15750284187340594
2712,943,112,0,0,0.3531815532354394
2713,68,515,0,0,0.1705576603705158
2714,488,270,0,0,0.36536514462123193
2715,563,282,0,0,0.2914035734623653
2716,453,154,0,0,0.385912854888901
2717,600,745,0,0,0.3088759997025745
2718,552,435,1,1,0.5174662330372617
2719,944,558,0,0,0.4983377750050644
2720,260,520,0,0,0.38577092458809586
2721,213,202,0,0,0.35335085515362324
2722,740,590,0,0,0.3707772720340406
2723,877,444,0,0,0.2214080092120042
2724,377,141,0,0,0.21579084079270558
2725,417,858,0,0,0.3911317936861831
2726,37,41,0,0,0.19196422445210296
2727,860,7,0,0,0.3166814377150991
2728,945,94,0,0,0.2773052270514813
2729,906,75,0,1,0.6968408334480273
2730,414,129,0,0,0.30637853303777807
2731,946,120,0,0,0.44135963863279654
2732,777,576,0,1,0.6670181087594874
2733,454,948,0,0,0.14014366309586143
2734,143,430,0,0,0.32548529543407423
2735,700,19,0,0,0.3182488313578485
2736,589,441,0,0,0.20711353954710682
2737,196,398,0,0,0.36662251083386854
2738,726,234,0,0,0.13991346175113348
2739,388,642,0,1,0.6196487573836763
2740,128,719,0,1,0.6623373567655061
2741,245,144,0,0,0.38078082660443363
2742,333,453,0,1,0.5975089024166511
2743,88,686,0,0,0.30581127809288045
2744,928,380,0,0,0.16019638033130448
2745,947,241,0,0,0.23282355029655116
2746,93,140,0,0,0.41548390875927793
2747,948,852,0,0,0.38747055385083123
2748,323,98,0,0,0.37937587824043534
2749,822,261,0,0,0.2878165368795531
2750,584,284,1,1,0.8246534647043732
2751,313,388,0,0,0.4025542629120164
2752,949,949,0,0,0.28478464932755504
2753,772,375,0,0,0.3036991064178165
2754,637,9,0,0,0.2429190989307498
2755,137,172,0,0,0.26380726539828975
2756,425,647,0,0,0.3531310387337464
2757,661,599,0,0,0.30252275028791964
2758,674,789,0,0,0.42977946047624627
2759,5,824,0,0,0.39679965431546854
2760,776,865,0,0,0.33073115492670835
2761,342,447,0,0,0.42527889800316176
2762,8,15,1,1,0.6708806286828662
2763,140,119,0,0,0.3881687418480171
2764,602,284,0,1,0.5119033029498822
2765,634,55,0,1,0.6993575852465722
2766,228,634,0,0,0.21141129300512884
2767,390,317,0,0,0.17701556654067913
2768,189,276,0,0,0.48538030388120174
2769,505,71,0,0,0.16345219731398664
2770,890,785,0,0,0.35039989776315955
2771,651,291,0,0,0.4665423131482239
2772,708,86,0,0,0.318105151832511
2773,451,552,0,0,0.4616963386629969
2774,950,154,0,0,0.4881943126270528
2775,723,158,0,0,0.15089223004925842
2776,169,153,0,0,0.43907555263350645
2777,873,349,0,0,0.18423857082973405
2778,26,254,0,0,0.2618034775979627
2779,951,100,0,0,0.24210083140757382
2780,881,160,0,0,0.1925441462907905
2781,895,906,0,0,0.26360923369516964
2782,466,294,0,0,0.20580702039847612
2783,319,325,1,1,0.614616668346668
2784,544,263,0,0,0.21355217527170606
2785,1,24,0,0,0.26775535371614007
2786,519,38,0,0,0.26949734283168275
2787,487,657,0,0,0.23178738162224663
2788,0,150,0,0,0.3821277189752652
2789,172,605,0,0,0.28178280517311444
2790,605,308,0,0,0.2685333925431059
2791,84,354,0,0,0.21325347583832505
2792,380,843,0,0,0.2969494400629341
2793,622,632,0,0,0.4291900400165503
2794,823,610,0,1,0.5527281940671614
2795,486,689,1,1,0.6474097073644425
2796,320,794,0,0,0.3147414502287264
2797,323,637,0,0,0.3767625103565196
2798,894,553,0,0,0.3995732643264849
2799,184,854,1,1,0.5048417029435599
2800,272,950,0,0,0.44157806461360144
2801,237,573,0,1,0.5481530233173728
2802,612,634,0,0,0.2400601485858069
2803,952,793,0,0,0.466794579933578
2804,173,135,0,0,0.28234863079332806
2805,953,34,0,0,0.40421356669004965
2806,591,68,0,1,0.6057921405302872
2807,954,691,0,1,0.5319557793013607
2808,907,34,0,0,0.3371043559831105
2809,906,712,0,1,0.7641804172653001
2810,682,369,0,0,0.3232193301940013
2811,440,644,0,0,0.4758128776925646
2812,494,247,0,0,0.4696891609675804
2813,150,296,0,0,0.27221582153198737
2814,382,651,0,0,0.38063100290487695
2815,263,536,0,0,0.20259611727441545
2816,25,908,0,1,0.6895339157645639
2817,355,17,0,0,0.2091536821674008
2818,713,452,0,0,0.4664935617289884
2819,771,875,0,0,0.1654337464367201
2820,176,207,0,0,0.3042657516449365
2821,503,159,0,0,0.21764019032394202
2822,654,469,0,0,0.49121894945570477
2823,450,877,0,1,0.5588712880982822
2824,17,575,0,0,0.18048367495784182
2825,0,92,0,0,0.23673520159245445
2826,607,263,0,0,0.26545306550372544
2827,905,649,0,0,0.21801200357416167
2828,101,135,0,0,0.238424804569897
2829,31,264,0,0,0.18910239578439622
2830,583,832,0,0,0.4359459522428404
2831,189,416,0,1,0.6521811256149026
2832,585,662,0,1,0.5719235742360557
2833,572,294,0,0,0.16887740179013422
2834,670,22,0,0,0.4340544357535217
2835,57,932,0,1,0.5256410719739246
2836,549,448,0,0,0.17992262002416945
2837,897,870,1,1,0.6694058675800051
2838,939,439,1,1,0.6404120782830014
2839,443,689,0,0,0.22674831222592978
2840,128,144,0,0,0.4292753065638355
2841,574,7,0,1,0.5739639899919359
2842,226,711,1,1,0.7643132618304656
2843,862,136,0,0,0.28291110928582086
2844,62,566,0,0,0.2301808282157658
2845,662,15,0,0,0.45552702450271315
2846,550,111,0,0,0.1776672810811774
2847,490,424,0,0,0.3763099687184069
2848,776,823,0,0,0.498736662920242
2849,486,6,0,0,0.16966067635549678
2850,638,729,0,0,0.17602616694710088
2851,181,764,0,0,0.20656241554310026
2852,44,735,0,0,0.332285670818838
2853,879,429,0,0,0.2163427823540379
2854,602,261,0,0,0.1960806674752664
2855,854,692,1,1,0.7379770326645894
2856,652,951,0,0,0.17054345038812882
2857,47,83,0,0,0.2525546865636515
2858,824,529,0,0,0.37506260255092916
2859,274,31,1,1,0.6995361461187807
2860,470,504,0,0,0.4366657640582488
2861,940,585,0,0,0.18335403390246255
2862,95,490,0,0,0.2714706198374456
2863,955,415,0,1,0.6681641693003287
2864,58,793,0,0,0.2591644352098025
2865,930,445,1,0,0.4887664990775069
2866,282,461,0,0,0.23954928414080195
2867,233,243,0,0,0.21958061360874975
2868,438,50,0,0,0.3745139276583908
2869,838,800,0,1,0.5915058130717403
2870,115,568,0,0,0.21994319576707186
2871,480,515,0,0,0.2184310623277132
2872,269,705,0,0,0.21108418044452476
2873,763,294,0,0,0.18736525367233745
2874,904,364,0,0,0.3179879519183023
2875,656,388,0,0,0.43683875338531514
2876,279,59,0,0,0.2036746486921991
2877,631,751,0,0,0.38233180255119553
2878,481,114,0,0,0.212801474859253
2879,281,770,0,0,0.15482777762365957
2880,482,898,0,0,0.19672356980821545
2881,956,26,0,0,0.21762289014145866
2882,607,839,0,0,0.3435049775735026
2883,410,421,0,0,0.36543588042749764
2884,406,780,0,0,0.4534552993045964
2885,43,186,0,0,0.46325737878360196
2886,674,289,0,0,0.29268481508892086
2887,654,480,0,1,0.508337946624246
2888,35,607,1,1,0.8040025563287991
2889,768,164,0,0,0.43066253683766986
2890,151,836,0,0,0.2425118922373498
2891,857,487,0,0,0.20589016447648342
2892,928,1,0,0,0.2712850794412098
2893,211,92,0,1,0.6923525974846203
2894,80,225,0,1,0.6571130797231232
2895,37,952,0,0,0.1792420151306109
2896,116,171,0,0,0.19046054628999604
2897,422,518,0,0,0.3969269813695174
2898,463,548,0,0,0.19893903082659872
2899,51,896,0,0,0.19330443305725314
2900,563,953,0,1,0.5334592153112618
2901,497,365,0,0,0.4082270153052635
2902,253,461,0,0,0.36528389887696505
2903,158,426,0,1,0.7205705352841717
2904,784,594,0,0,0.17651151758798583
2905,936,897,0,0,0.4538516582065264
2906,15,339,0,1,0.5620641214922169
2907,669,535,0,0,0.2782443968906753
2908,97,397,0,0,0.2046637062420768
2909,16,103,0,0,0.32652007364388164
2910,707,608,0,0,0.36934428920213813
2911,627,12,0,0,0.2724514903806904
2912,37,882,0,0,0.36952532518701
2913,450,413,0,0,0.23562595235964182
2914,31,167,0,0,0.3883882318759513
2915,30,775,0,0,0.18473311290489833
2916,917,241,0,0,0.43566574407841296
2917,175,510,0,0,0.3429223876404225
2918,315,100,0,0,0.225670944627763
2919,180,318,0,0,0.22780824853892814
2920,439,189,0,0,0.24604543400643675
2921,332,217,0,0,0.4769490491217003
2922,270,229,0,0,0.1539937532633484
2923,655,954,0,0,0.33944187812619775
2924,957,208,0,0,0.35256051186958026
2925,934,934,0,0,0.4254183304721974
2926,360,648,0,0,0.27218174749471535
2927,114,715,0,0,0.447075497726365
2928,606,692,0,0,0.3674637913011692
2929,715,146,0,0,0.2533474712327702
2930,274,884,0,0,0.24726303723730372
2931,489,5,0,0,0.33873648720538024
2932,52,910,0,0,0.29724171653250575
2933,197,825,0,0,0.23119353508083132
2934,364,626,0,0,0.36437407127236315
2935,402,132,0,0,0.25457444106684196
2936,308,659,0,0,0.2882260509999158
2937,213,66,0,0,0.4817194630473394
2938,787,877,0,0,0.20005921414168135
2939,111,844,1,1,0.5957086370296553
2940,896,515,0,0,0.208966757203255
2941,428,616,0,0,0.1863289602515498
2942,730,276,0,0,0.38951724042662783
2943,228,137,0,0,0.24282416540852236
2944,185,86,0,1,0.6099184138107105
2945,527,678,0,0,0.2703102541985891
2946,479,914,0,0,0.23140936510175172
2947,735,548,0,1,0.5422471467734306
2948,129,626,0,0,0.34222112109981834
2949,419,168,0,0,0.22929307348828304
2950,653,9,1,1,0.539552137864757
2951,520,955,0,0,0.2958688776262036
2952,409,244,0,0,0.20522099730231563
2953,802,825,0,1,0.6285099345672087
2954,755,662,0,0,0.26012072305315004
2955,283,956,0,0,0.2617699436572011
2956,106,869,0,0,0.3322317837910725
2957,421,639,1,1,0.6715481344677499
2958,330,45,0,0,0.2653449856288402
2959,767,625,0,1,0.7204323407316615
2960,862,957,0,0,0.2601017764584325
2961,350,822,0,0,0.1961096642594624
2962,319,921,0,0,0.25767087530917065
2963,852,297,0,0,0.22952082318832642
2964,727,168,0,0,0.367381960140177
2965,958,76,0,0,0.44238342690710175
2966,828,853,0,0,0.2746886805218401
2967,906,588,0,1,0.6201509463865342
2968,125,546,0,0,0.17825291765734713
2969,520,211,0,0,0.17533460541472148
2970,360,467,0,0,0.2610032255281215
2971,478,511,0,0,0.36419715467248953
2972,959,561,0,0,0.26752928623331707
2973,743,856,0,0,0.21113159204566823
2974,616,524,0,0,0.3189678988085782
2975,510,239,0,0,0.2710398451486623
2976,276,827,0,0,0.16728968093558955
2977,114,825,0,0,0.33373575387216986
2978,457,762,0,0,0.16458956354410434
2979,960,163,0,0,0.2064743851864076
2980,622,657,0,1,0.554409990133727
2981,732,492,0,0,0.19122067280194963
2982,115,34,0,0,0.2531100944880532
2983,367,662,0,1,0.5640411110439016
2984,0,806,0,0,0.26518780759160226
2985,799,569,0,0,0.2244270250681727
2986,294,595,0,0,0.25585166921030134
2987,91,145,1,1,0.7744519787135429
2988,449,188,0,0,0.399817022714838
2989,702,369,0,0,0.18441730608546233
2990,91,39,0,0,0.44962302405620397
2991,21,48,0,0,0.35566298916232353
2992,66,63,0,1,0.5429688467676997
2993,177,0,1,1,0.5954782610584584
2994,682,101,0,0,0.3411477017215178
2995,320,144,1,0,0.4684286250161583
2996,341,88,0,1,0.6008372071645713
2997,961,273,0,0,0.18387874850736569
2998,10,943,0,0,0.4985237858596047
2999,962,180,0,0,0.2672919455584637
3000,841,109,0,0,0.27126437713293483
3001,504,403,1,1,0.5445320381766933
3002,955,910,0,1,0.66756647390949
3003,815,709,0,0,0.1822747587701153
3004,564,632,0,1,0.5814396796474739
3005,351,432,0,0,0.2214380085457958
3006,478,806,0,0,0.3339282519158449
3007,160,43,0,0,0.15584270780650142
3008,298,517,0,0,0.3912109125287701
3009,580,295,0,0,0.41959881046831937
3010,277,947,0,0,0.13685825863045936
3011,696,807,0,0,0.3441026860076195
3012,687,958,0,0,0.41147618606051173
3013,610,629,0,0,0.3619737333459609
3014,283,767,0,0,0.1967680773949401
3015,225,648,1,1,0.5212488387673632
3016,3,425,0,0,0.3308948624630562
3017,521,807,0,0,0.25171724396813006
3018,843,955,1,1,0.5222299240916692
3019,615,644,0,1,0.5177492219120442
3020,442,667,0,0,0.19554026253779044
3021,963,830,0,1,0.5126412495118814
3022,479,443,0,0,0.4027361985536677
3023,113,580,0,1,0.6613079061006776
3024,100,405,0,0,0.3472485798598043
3025,588,524,1,1,0.5394457410545259
3026,665,286,0,0,0.25932175846907324
3027,764,348,0,0,0.39142219297073844
3028,918,698,0,0,0.43385035995940097
3029,964,831,0,0,0.23809997488627455
3030,700,527,0,0,0.21065716820047276
3031,638,320,0,1,0.6117855062000079
3032,594,304,0,0,0.23426348215090284
3033,327,273,0,0,0.19343840638977314
3034,169,216,0,1,0.5142678695323193
3035,912,286,0,0,0.3756028057181227
3036,951,863,0,0,0.17679174163071693
3037,99,193,0,0,0.22748184902534746
3038,496,10,1,1,0.6069626689757566
3039,331,628,0,0,0.18815164932503634
3040,845,330,0,0,0.28396393422683186
3041,833,713,0,0,0.20539395721832387
3042,4,783,0,1,0.5495069419659188
3043,965,241,0,0,0.3673192601348441
3044,389,871,0,0,0.37401822607748125
3045,319,959,0,0,0.4116575921838557
3046,583,668,0,0,0.42450461818841256
3047,776,547,0,0,0.32404989206002077
3048,607,267,0,0,0.34309434774536335
3049,580,133,0,0,0.28961311859827926
3050,408,100,0,0,0.19266848289132707
3051,648,153,1,0,0.4412670406853828
3052,98,930,0,0,0.4143343540806227
3053,253,101,0,0,0.44309831743406014
3054,518,402,0,1,0.5422755783850153
3055,791,564,1,1,0.8167140413939336
3056,641,907,0,0,0.17786577937538622
3057,753,960,0,0,0.25687223891590594
3058,443,497,0,0,0.2332604186889541
3059,922,920,0,0,0.385791382111309
3060,175,476,0,0,0.25329125745582504
3061,69,961,0,0,0.3235012972766682
3062,719,534,0,0,0.2794591586493756
3063,17,926,0,0,0.3835334820705559
3064,542,874,1,1,0.6614127847289092
3065,112,236,0,0,0.23329461350491884
3066,460,271,0,0,0.3597507851905207
3067,899,110,0,1,0.6871154646795158
3068,164,960,0,1,0.5193789393498329
3069,21,575,0,0,0.3614696978211435
3070,249,501,0,0,0.1743249382415249
3071,476,906,0,0,0.29171475827030136
3072,110,261,0,0,0.2996372706630215
3073,342,527,0,0,0.19542726865397544
3074,22,909,0,0,0.21084031466607353
3075,833,490,0,0,0.4481512633952557
3076,111,536,0,0,0.41008787364534194
3077,116,769,0,0,0.4650738823950471
3078,134,955,0,0,0.18776699453057707
3079,412,962,0,0,0.2152100268946881
3080,842,962,1,1,0.706353613048994
3081,502,327,0,0,0.1728847285136178
3082,928,881,0,1,0.5541707966797691
3083,164,261,0,1,0.5634257522404911
3084,659,38,0,0,0.20500020761320523
3085,37,948,0,0,0.17217234288557254
3086,114,622,0,1,0.7118970391355426
3087,55,775,0,0,0.31321379149816525
3088,226,832,0,1,0.7610192322299352
3089,616,444,0,0,0.24966092008565696
3090,966,306,0,0,0.1948102537655774
3091,50,758,0,0,0.19176119820308157
3092,177,170,0,0,0.49526547004458144
3093,918,122,0,0,0.2515903842556546
3094,903,116,0,0,0.19140354982732588
3095,461,478,1,1,0.6670765011790896
3096,649,862,0,0,0.2511439839468434
3097,128,354,0,0,0.17789737089197413
3098,840,140,0,0,0.4785075369091389
3099,581,550,0,0,0.43536409853470465
3100,485,762,0,1,0.6309672779431098
3101,282,580,1,1,0.7425842999014222
3102,438,642,0,0,0.47850407334266426
3103,386,455,0,1,0.7331548963344021
3104,707,862,0,0,0.3754416495590753
3105,308,816,0,0,0.452650199826701
3106,809,431,0,0,0.3595291594699562
3107,905,793,0,0,0.3160236817622257
3108,532,581,0,0,0.39427743725323716
3109,618,132,0,0,0.49419878428832476
3110,105,871,0,0,0.3637296840753201
3111,561,258,0,0,0.4428014988404852
3112,533,535,0,0,0.440084344289026
3113,582,856,0,0,0.29172602050915636
3114,421,64,0,1,0.6355672437527337
3115,856,551,0,0,0.24667140241244218
3116,124,292,0,0,0.38789330980851056
3117,606,81,0,0,0.17919684993147578
3118,441,557,0,0,0.220064948493169
3119,223,954,0,1,0.5121850375801649
3120,811,68,0,1,0.6110055705833746
3121,335,400,0,0,0.19783094370739737
3122,885,277,0,0,0.3205494546064678
3123,802,107,0,0,0.26129586329059273
3124,150,963,0,0,0.3744373417847608
3125,601,538,0,0,0.22262244995998082
3126,812,953,0,0,0.26201284451609047
3127,316,964,0,1,0.5696303317089138
3128,863,356,0,0,0.3451379328503742
3129,563,887,0,0,0.21993785544220085
3130,284,822,0,1,0.67554929035802
3131,241,928,0,0,0.1949464276640835
3132,806,279,0,0,0.16964425940516017
3133,834,965,0,1,0.5184160089463352
3134,940,500,0,0,0.24549597035802606
3135,780,592,1,1,0.6575440761182892
3136,174,105,0,0,0.28891408917394623
3137,670,731,0,0,0.2085024088062113
3138,660,434,1,1,0.7028351534292379
3139,453,223,0,0,0.41486927782598354
3140,459,124,0,0,0.3862514283415392
3141,393,643,0,0,0.1574201507364397
3142,729,572,0,0,0.1865544931688057
3143,118,282,0,0,0.1550575394523679
3144,274,347,0,0,0.2977682143444864
3145,119,774,1,1,0.6113180116212826
3146,883,624,0,0,0.1639027812093213
3147,479,2,0,0,0.29458234099049263
3148,169,121,0,1,0.6204706410780226
3149,434,966,0,0,0.1865199581666524
3150,967,835,0,0,0.16826681892378167
3151,968,110,0,0,0.308104049108402
3152,600,742,0,0,0.19226406337512983
3153,280,343,0,1,0.5304565965639155
3154,380,331,0,0,0.2620056713585762
3155,140,753,0,1,0.6217105689181316
3156,661,116,0,0,0.31627885534910444
3157,1,132,0,0,0.35424856426542334
3158,134,884,0,0,0.36681318923869644
3159,359,86,0,0,0.30140304949634994
3160,539,107,0,0,0.19472733727984975
3161,604,173,0,0,0.18808169166002653
3162,343,502,0,0,0.20073017258909165
3163,640,159,0,0,0.27281906789457083
3164,165,417,0,0,0.27235695241526925
3165,737,454,0,0,0.18552334757781988
3166,923,750,0,1,0.5107472230000722
3167,925,316,0,0,0.3645366651391316
3168,578,713,0,0,0.32346560987159634
3169,714,253,0,0,0.20920097345185176
3170,295,193,1,1,0.6773696289014667
3171,205,127,0,0,0.31038521648600315
3172,41,777,0,0,0.3935249572935442
3173,25,424,0,0,0.1854393884089527
3174,396,227,0,0,0.20398036490117055
3175,969,141,0,0,0.3189081199739402
3176,749,719,0,0,0.2799155906616798
3177,795,287,0,1,0.6600744439023141
3178,373,833,0,0,0.26459174303287863
3179,803,633,0,0,0.18413341165276573
3180,107,696,1,0,0.47916788978439984
3181,782,303,0,0,0.3689447752341013
3182,251,26,0,0,0.4826742762656907
3183,272,845,1,1,0.5056503693755631
3184,696,967,0,0,0.47408062214291796
3185,415,687,0,0,0.48493683465576
3186,209,65,0,0,0.2874782080150888
3187,163,27,0,0,0.2501245478051265
3188,964,397,0,0,0.2505795636772178
3189,923,372,0,0,0.33588260800938446
3190,630,377,0,0,0.17471817859800645
3191,747,864,0,0,0.22703573959436965
3192,790,959,0,0,0.17651377115623024
3193,337,537,0,0,0.22434174985590355
3194,157,246,0,0,0.4470636385297322
3195,563,176,0,0,0.44107737868695446
3196,865,878,1,1,0.5127441588397128
3197,485,1,0,0,0.16353983130674932
3198,242,945,0,0,0.41218719304347873
3199,505,283,0,0,0.30111701615317593
3200,34,206,0,1,0.5107850722832643
3201,192,288,0,0,0.3048831181265177
3202,671,803,1,0,0.36180096452349064
3203,802,204,0,1,0.6155061577781772
3204,81,439,0,0,0.4179214181366457
3205,109,359,1,1,0.5392453964986254
3206,665,941,1,1,0.6284091119187079
3207,10,968,0,1,0.6129993430192449
3208,470,679,0,0,0.23655857602932226
3209,802,956,0,0,0.2757625668029091
3210,782,691,0,1,0.5600729229344948
3211,196,365,1,1,0.6962030913249138
3212,674,354,0,0,0.2075448968724758
3213,411,2,0,0,0.33066958722461554
3214,820,176,0,0,0.38906578538057796
3215,11,326,0,0,0.1892703652628446
3216,604,634,0,0,0.24435208845840317
3217,392,203,0,0,0.28059446330225685
3218,816,828,0,1,0.6181422689441453
3219,272,831,0,0,0.33962841455454185
3220,661,528,0,0,0.2106380081506994
3221,471,843,1,1,0.6538545388933389
3222,815,377,0,0,0.26165391471127375
3223,203,503,0,0,0.23095518685677438
3224,415,278,0,0,0.2658797081134516
3225,105,949,0,0,0.20670660520745765
3226,820,204,0,0,0.4200652721902964
3227,13,69,0,0,0.16731565609422688
3228,201,962,0,0,0.47351959379945796
3229,90,17,0,1,0.7733473746560674
3230,699,704,1,1,0.7729766666938674
3231,17,542,0,0,0.27974016555507986
3232,296,51,0,0,0.3381105752065012
3233,945,66,0,0,0.4263017016679163
3234,607,754,0,1,0.5224946977977896
3235,937,30,0,0,0.18548549892806618
3236,192,583,0,0,0.41689048894285774
3237,76,66,0,0,0.16659910844302117
3238,491,335,0,0,0.42771043443005197
3239,616,714,1,1,0.6168925618238441
3240,763,969,0,0,0.19925829157583005
3241,445,192,0,0,0.21281463559851743
3242,661,473,0,0,0.18686710133470316
3243,472,103,0,0,0.46360986408075866
3244,104,835,0,0,0.3285696962426756
3245,17,776,0,0,0.289516668867978
3246,378,754,0,0,0.4333907326723028
3247,250,237,0,0,0.437541143801584
3248,335,453,0,1,0.5042296378427662
3249,229,833,0,0,0.27184625701521276
3250,227,325,0,0,0.20180446339749608
3251,928,127,0,0,0.3677517306263442
3252,764,681,0,0,0.1529954740118843
3253,117,82,0,0,0.46937121087961603
3254,479,799,0,0,0.31324793933008716
3255,186,89,0,0,0.45969141784091966
3256,151,935,0,0,0.22034419257780863
3257,187,870,0,0,0.19246576088105077
3258,418,301,0,0,0.36309858303412684
3259,198,103,0,1,0.7120173558578997
3260,621,400,0,0,0.3993845029051289
3261,154,695,0,0,0.28436812203725575
3262,775,339,1,1,0.7349138939188616
3263,444,804,0,0,0.16936507304394477
3264,970,970,0,0,0.2339536785948282
3265,3,911,0,0,0.15015770489994365
3266,563,925,0,0,0.15674701095082413
3267,485,917,0,0,0.1866617898016482
3268,454,338,0,0,0.2432534602661002
3269,858,478,0,1,0.6205352537458518
3270,941,140,0,1,0.7138945298840101
3271,446,167,0,1,0.5093739522096333
3272,148,829,0,0,0.28931349641179777
3273,378,398,0,0,0.2711560432050473
3274,701,366,0,0,0.23890926710526741
3275,15,359,0,0,0.3285967974080089
3276,528,495,0,0,0.1603026576773106
3277,600,505,0,0,0.34629430275960676
3278,856,881,1,1,0.508222515681964
3279,294,826,0,0,0.46304841689050363
3280,777,967,0,1,0.5725608662405396
3281,815,821,0,0,0.4462853160960532
3282,512,180,0,0,0.215062328868582
3283,861,826,0,0,0.40692938172141835
3284,559,628,1,1,0.6100797442227887
3285,896,797,0,0,0.47367803918896834
3286,77,117,0,1,0.7210188730354973
3287,300,318,0,0,0.2773263355064971
3288,584,196,0,1,0.5729390351740068
3289,971,306,0,0,0.34148615009841843
3290,59,650,0,0,0.1945388568155002
3291,613,344,0,1,0.5580395711647765
3292,99,466,0,0,0.29910929963510435
3293,87,157,0,0,0.264820092614139
3294,343,485,1,1,0.630780607681275
3295,615,375,0,0,0.4634201615443986
3296,614,20,0,0,0.4975821461844316
3297,972,662,0,0,0.16773458501867894
3298,641,497,0,0,0.3825307174656911
3299,592,157,0,0,0.26724801659573977
3300,891,377,0,1,0.5520615532806474
3301,171,573,1,1,0.7800192999504134
3302,840,971,0,1,0.5598906619743929
3303,777,619,0,1,0.6863177369836795
3304,394,184,0,0,0.20194577042232192
3305,555,216,0,0,0.36377239761233476
3306,549,713,1,1,0.7672261186998147
3307,153,689,0,0,0.312415963644567
3308,312,721,0,0,0.3314122436067297
3309,676,449,0,1,0.6194205164840023
3310,159,249,1,1,0.6610695872577904
3311,290,230,1,1,0.5962540528889518
3312,924,926,0,0,0.2820552935383684
3313,773,800,0,0,0.18906128197022606
3314,955,732,0,0,0.2772389199732456
3315,398,312,0,0,0.48922369081227474
3316,212,972,0,1,0.7079605577090611
3317,293,707,0,0,0.15786822156459185
3318,347,351,0,0,0.43726726322944026
3319,743,820,0,0,0.19434213102329742
3320,55,661,0,0,0.23388796793754066
3321,192,390,0,0,0.3549840564462751
3322,194,126,0,0,0.24805461186690506
3323,536,605,0,0,0.21149035571017843
3324,559,179,0,0,0.27319914101888887
3325,930,106,0,0,0.4627776682105285
3326,821,698,0,0,0.4737688293868468
3327,402,625,0,1,0.6256982241165507
3328,645,871,0,0,0.4609440409211606
3329,417,600,0,0,0.29923748659610916
3330,447,411,0,0,0.17543147638533066
3331,929,112,0,1,0.6203073597876695
3332,422,973,0,0,0.173766518387479
3333,349,842,0,0,0.29640498061806436
3334,135,108,0,1,0.555114025154511
3335,428,764,0,0,0.42745141850561136
3336,521,241,0,0,0.35648288187981597
3337,250,815,0,0,0.2351047757152862
3338,245,379,0,0,0.3315310354028845
3339,860,622,0,0,0.22680585557547142
3340,555,58,0,1,0.6982204119343555
3341,502,772,0,0,0.23684389738504774
3342,629,730,0,0,0.18868182032916211
3343,317,942,0,0,0.3386540227004925
3344,650,504,0,0,0.22854330340840995
3345,322,276,1,0,0.43662124877580727
3346,960,622,0,0,0.34559459347525745
3347,887,599,0,0,0.36021287820335457
3348,166,107,0,0,0.3198753628866532
3349,442,261,0,0,0.1687013350909028
3350,954,158,0,1,0.6165936189656149
3351,746,876,0,0,0.17395224674352283
3352,852,827,0,0,0.1693836442921432
3353,273,45,0,0,0.2206909126891198
3354,534,974,1,1,0.7099257428528041
3355,429,899,0,0,0.20297741940610514
3356,916,431,0,1,0.6517249980305455
3357,203,351,0,0,0.20982739026413544
3358,311,427,0,1,0.559225936751524
3359,104,849,0,0,0.4268612797917303
3360,319,584,0,0,0.36080234906636427
3361,607,814,0,0,0.48981690205348694
3362,714,148,0,0,0.20664969889025314
3363,967,664,0,0,0.21691964489850218
3364,246,374,0,1,0.5556252497182377
3365,835,94,0,1,0.6283709962375321
3366,182,781,0,0,0.17668727868381476
3367,208,259,0,1,0.5129647628363715
3368,82,975,0,0,0.26844174548958943
3369,464,153,0,0,0.28240468157238435
3370,416,563,0,1,0.5565666002169843
3371,522,370,0,1,0.5924233430083387
3372,523,885,0,0,0.3765702780711132
3373,327,0,0,0,0.3024278034506408
3374,401,305,0,0,0.17446779400974066
3375,426,677,1,1,0.7619564446226744
3376,879,314,0,0,0.3307461579931192
3377,798,61,0,0,0.4415172306299683
3378,799,568,1,1,0.6867089808735848
3379,262,11,0,0,0.3951741406901721
3380,414,793,0,0,0.4195927292905091
3381,34,976,1,1,0.5733384773264736
3382,7,930,0,0,0.31661423273354694
3383,362,387,0,0,0.30222370881287247
3384,266,431,0,0,0.3099300401625341
3385,836,906,1,1,0.7363121646042544
3386,447,398,0,0,0.26024271884524164
3387,725,909,0,1,0.6721343313427172
3388,417,100,0,0,0.20752911887871947
3389,653,566,0,0,0.1521443102813438
3390,701,754,0,0,0.40676531071887795
3391,826,940,0,0,0.27540537681864097
3392,75,369,0,0,0.4109052685862897
3393,575,40,0,1,0.5722383790645408
3394,637,119,0,0,0.23956039507931945
3395,258,943,0,0,0.18510653044186176
3396,104,83,0,0,0.15484084446481242
3397,973,210,0,0,0.23170130547956932
3398,418,381,0,0,0.2569250751546964
3399,765,701,0,0,0.3376099656153723
3400,530,873,0,0,0.2761861691660819
3401,726,663,0,0,0.2240774544182742
3402,974,429,1,1,0.7592883670820999
3403,73,832,0,0,0.4582996081453747
3404,944,214,0,0,0.3680309264758576
3405,975,928,0,0,0.20111293355010207
3406,820,36,0,0,0.4513357356695161
3407,340,228,0,0,0.22433386235360905
3408,605,883,0,0,0.20479426855865018
3409,56,275,0,0,0.38792187916145515
3410,246,975,0,0,0.20861712649444028
3411,187,679,0,0,0.15663821074933026
3412,737,101,0,0,0.21029698184185497
3413,331,507,0,0,0.2055250518933893
3414,16,344,0,0,0.40144867692497643
3415,966,109,1,1,0.5323084810133584
3416,445,382,1,1,0.694897391312726
3417,840,862,0,0,0.3405789945060162
3418,583,498,0,0,0.1761107010401904
3419,25,595,0,0,0.43446864548917236
3420,795,580,0,1,0.7433851063819988
3421,466,775,0,0,0.42273767389824185
3422,613,92,1,1,0.5528279659218318
3423,346,456,0,0,0.21730619233563708
3424,874,856,0,1,0.6906086902991483
3425,396,726,0,0,0.23124794070754826
3426,199,190,0,0,0.44938433458571114
3427,844,608,0,0,0.35957150267313664
3428,16,340,0,0,0.2533099655209593
3429,681,977,1,1,0.7880763683452501
3430,245,158,0,0,0.21044366852750768
3431,796,519,0,0,0.24168461536816208
3432,119,667,0,0,0.31643514039173215
3433,568,224,0,0,0.4109997881317479
3434,359,823,0,0,0.3189560348134371
3435,731,596,0,0,0.18979308130010342
3436,166,332,0,1,0.6031041857455113
3437,181,103,0,0,0.47881337984903216
3438,666,556,0,1,0.6452808874122166
3439,70,601,0,0,0.19090051929762292
3440,692,888,0,1,0.5454038168798778
3441,804,261,0,0,0.24143173812423074
3442,377,87,0,0,0.19263163403869207
3443,498,109,0,0,0.393092447003324
3444,221,339,0,1,0.5362217233177379
3445,67,513,0,0,0.1935704973140247
3446,327,68,0,0,0.4660482282388285
3447,105,835,0,0,0.452049432772083
3448,767,301,0,0,0.4468628462336093
3449,90,510,0,0,0.32964910464793656
3450,41,279,0,0,0.3980015487936601
3451,419,869,0,0,0.2096563550952141
3452,434,474,0,0,0.35078543208484175
3453,818,944,0,0,0.35147785197114484
3454,961,107,0,0,0.23595508112075422
3455,139,838,0,0,0.1490500737598478
3456,390,695,0,0,0.3366800338600283
3457,389,805,0,1,0.6574485046529834
3458,608,643,0,0,0.23531521407857886
3459,574,75,0,1,0.5382174948681516
3460,867,201,1,1,0.7009129427196795
3461,687,832,1,1,0.6473033859871788
3462,811,315,0,0,0.1905523868689557
3463,726,487,0,0,0.4584623339024676
3464,927,377,0,0,0.20912382744601726
3465,256,493,0,0,0.26670423816004524
3466,691,875,0,0,0.3758817787370447
3467,779,690,1,1,0.7261322188798961
3468,573,59,0,0,0.17106243451168263
3469,919,46,0,0,0.26473733258669974
3470,398,839,0,0,0.19566354890530474
3471,481,254,0,0,0.35045460040765875
3472,223,787,0,0,0.32082406757490783
3473,973,175,1,1,0.5111700830778183
3474,683,84,0,0,0.24518154412908097
3475,620,762,0,0,0.165195252682176
3476,348,891,0,0,0.19250452117009162
3477,936,448,0,0,0.2374388512248012
3478,423,628,0,0,0.33432855138832934
3479,747,779,0,0,0.41931949802012514
3480,48,978,0,1,0.525594886204318
3481,693,607,0,0,0.26018210356221405
3482,430,879,0,0,0.23620001262776405
3483,125,979,0,0,0.1783726529004654
3484,82,141,0,0,0.31253447647372157
3485,959,20,0,0,0.20810569654598773
3486,628,651,0,0,0.43382895536301247
3487,22,106,0,0,0.21114676369477128
3488,198,154,0,0,0.38638005422960575
3489,894,495,0,0,0.18926788480470108
3490,953,146,1,1,0.6067674899545732
3491,894,24,0,0,0.2506993980659529
3492,881,733,1,1,0.7022287281705125
3493,685,431,0,0,0.41952086038602243
3494,976,772,0,0,0.3321360712732379
3495,547,150,0,0,0.22809974167486116
3496,223,481,0,0,0.3140745371033777
3497,513,55,0,0,0.42656881682346426
3498,818,667,0,1,0.5887380057774847
3499,152,980,0,0,0.31207696231842774
3500,823,36,0,0,0.45115636715621266
3501,603,195,0,0,0.2610261398389947
3502,591,719,0,0,0.24669445071169546
3503,723,903,0,0,0.24067436649996607
3504,691,981,0,0,0.21129859302529144
3505,369,531,1,1,0.8398472042933841
3506,826,980,0,0,0.24323340269008303
3507,385,837,0,0,0.1950652711929447
3508,9,954,0,1,0.5510587846742624
3509,975,761,1,1,0.6815133600413806
3510,318,381,0,0,0.4361335942301991
3511,127,800,0,0,0.17800124971986722
3512,271,199,0,0,0.16900898258412367
3513,177,732,0,0,0.21129720727055448
3514,447,248,0,1,0.715084993935663
3515,713,619,0,0,0.2780313713571174
3516,522,237,0,0,0.43012235377287705
3517,449,326,0,0,0.15778553244540244
3518,599,12,1,1,0.5709897528465064
3519,73,216,0,0,0.23210974983332927
3520,326,315,0,0,0.21561484758064237
3521,248,261,0,0,0.4265506012232618
3522,934,488,0,0,0.24913886599398605
3523,124,982,0,0,0.29728791291179263
3524,781,439,0,0,0.2271209640555376
3525,252,793,0,0,0.44717712846679974
3526,974,907,0,0,0.16411278804995105
3527,199,846,0,0,0.3341988721087728
3528,428,736,0,0,0.20264620003315417
3529,630,664,0,0,0.49510664857127923
3530,133,778,1,1,0.7263227224471809
3531,772,882,0,0,0.33344112669694215
3532,270,36,0,0,0.26667946698038225
3533,4,416,0,0,0.37797209535787113
3534,731,15,0,0,0.15704956513754617
3535,454,555,0,0,0.23335453509070814
3536,158,649,0,0,0.40763268476411674
3537,764,579,0,0,0.19912987208641067
3538,105,288,0,0,0.3927297496026606
3539,803,741,0,0,0.3957246756161221
3540,520,552,0,0,0.17502798823311982
3541,780,588,0,0,0.39614120235821115
3542,846,129,0,0,0.4785866295062938
3543,805,364,0,1,0.5395715666095855
3544,606,627,1,1,0.6790223097398997
3545,972,273,0,0,0.20109427938105995
3546,101,971,0,0,0.4749012554592658
3547,431,313,0,0,0.2338801331613182
3548,717,380,0,0,0.1812557322183274
3549,974,633,0,0,0.27827004196632454
3550,796,200,0,0,0.18567280788125576
3551,166,740,0,0,0.4112640074282725
3552,836,410,0,0,0.3062791241365031
3553,29,810,0,0,0.27801083989031844
3554,873,717,0,1,0.5372029782002474
3555,753,765,0,0,0.26449202446672826
3556,641,85,0,0,0.3858015150496972
3557,132,543,0,0,0.3244483176584836
3558,166,535,1,1,0.501477993390407
3559,490,948,0,1,0.5450912615743188
3560,977,53,0,0,0.21311374605598715
3561,790,573,0,0,0.16911807004133156
3562,32,110,0,0,0.1896786633873497
3563,530,482,1,1,0.8268927617496292
3564,738,643,0,0,0.2352351797324303
3565,559,941,0,0,0.2560428196980686
3566,540,804,0,0,0.36207254129047967
3567,327,506,0,0,0.41340444637463475
3568,255,978,0,0,0.44578391175921583
3569,107,983,0,0,0.20761521723720167
3570,463,21,0,0,0.20900714441558116
3571,795,93,0,1,0.721735256296406
3572,9,605,0,1,0.6333013413768378
3573,431,253,0,1,0.8382756792043391
3574,975,693,0,0,0.19912480214025122
3575,882,805,0,0,0.38150212849822784
3576,719,915,0,1,0.5994489436753655
3577,677,899,0,0,0.2518697789696484
3578,96,823,0,0,0.29277123811265127
3579,733,641,0,0,0.2667500155721649
3580,237,768,0,0,0.37451083596854184
3581,881,882,0,0,0.2818457187131669
3582,871,975,0,1,0.5281821877621403
3583,578,961,1,1,0.5745523990754249
3584,354,778,0,0,0.30727167982946335
3585,711,744,0,0,0.22639857408907663
3586,119,223,0,0,0.4092311596889189
3587,529,661,0,0,0.17025399823258694
3588,495,969,0,0,0.25076991777572616
3589,839,402,0,0,0.23348939464915566
3590,593,433,0,0,0.2001210039850518
3591,677,274,0,0,0.4769119801041732
3592,938,129,0,0,0.23774884472390134
3593,926,365,0,0,0.19732568376132295
3594,610,136,0,1,0.7129902037631731
3595,371,847,0,1,0.6668477644669287
3596,806,396,0,0,0.21128181759937065
3597,479,97,0,0,0.45855001997430656
3598,41,152,0,0,0.4244542495305205
3599,619,480,0,1,0.5104729965008117
3600,689,258,0,1,0.8107289820105235
3601,243,518,0,0,0.290014760523192
3602,935,280,0,0,0.39436843860770054
3603,94,250,0,1,0.6695336959675865
3604,798,462,0,0,0.23564974575552872
3605,901,153,0,0,0.40884870220641606
3606,592,40,0,0,0.17640133555008766
3607,664,272,0,0,0.2450021510029167
3608,414,824,0,0,0.2026105751458277
3609,883,453,0,1,0.5774765900323886
3610,348,713,0,0,0.2532685959364947
3611,233,982,0,0,0.21077506815663624
3612,390,366,0,0,0.3224392430699056
3613,468,457,0,1,0.7338726648481341
3614,822,268,0,0,0.2696263866573972
3615,31,22,0,1,0.6684587272542157
3616,701,745,0,0,0.3263725322850534
3617,863,87,0,0,0.44139521482333705
3618,449,809,0,0,0.25900562743306105
3619,532,194,0,0,0.45839095234788346
3620,460,478,0,0,0.4178041280106887
3621,957,682,0,0,0.33273534691093914
3622,372,291,0,0,0.20080785284732983
3623,513,984,0,0,0.21156942795449704
3624,832,985,1,1,0.7335237247209253
3625,876,370,0,0,0.3054511000856166
3626,733,375,0,1,0.5276641502724726
3627,805,403,0,0,0.24270646912995233
3628,650,242,0,0,0.1842027174097265
3629,73,852,0,1,0.656557167621141
3630,56,403,0,0,0.16112295946333413
3631,415,353,0,1,0.5772063164910546
3632,816,154,0,0,0.21023287546996142
3633,639,377,0,0,0.2221565877214174
3634,285,893,1,1,0.5257990225099023
3635,229,104,0,0,0.21134725068508303
3636,237,113,1,1,0.6628026804643194
3637,890,329,0,0,0.40215447479925664
3638,566,88,0,0,0.33612127759184485
3639,36,677,0,0,0.29820650985840635
3640,787,771,0,0,0.4000259277434738
3641,885,706,0,1,0.7358857595440239
3642,2,186,0,0,0.30825258860822335
3643,978,883,0,0,0.22109753996821074
3644,857,948,0,0,0.20742526096128655
3645,811,348,0,0,0.34698044916176396
3646,710,64,0,0,0.28362412707480145
3647,658,225,0,1,0.6539587757049683
3648,115,826,1,1,0.5479529896728677
3649,189,914,0,0,0.3154255396460478
3650,223,40,0,0,0.17265267079017685
3651,877,904,0,0,0.3304389878685416
3652,421,522,0,0,0.18804548013490427
3653,617,45,0,1,0.5973296031621531
3654,922,362,0,0,0.449232488301868
3655,451,244,1,0,0.4765319272550016
3656,78,498,0,0,0.19839942974247401
3657,851,835,0,1,0.5351117233089828
3658,435,194,0,0,0.2079562396844228
3659,492,179,0,0,0.17415063030347955
3660,543,726,1,1,0.5985367570193175
3661,13,683,0,0,0.4174296522053011
3662,509,839,0,0,0.2744089652003155
3663,297,782,0,0,0.29998516052028285
3664,386,18,1,1,0.6662673060355327
3665,117,105,0,0,0.40855020779099593
3666,718,439,0,0,0.38421994558010597
3667,53,324,0,1,0.5082774175632916
3668,859,456,0,0,0.1923199026323757
3669,428,210,0,0,0.27617293655698955
3670,948,369,0,1,0.5747818146028201
3671,151,279,0,0,0.17813473974709254
3672,809,842,0,0,0.21606662158849507
3673,787,634,0,0,0.19939161210651307
3674,9,35,0,0,0.37893792210994176
3675,187,750,0,0,0.22212545455201674
3676,788,294,0,0,0.15923730170842357
3677,834,879,0,1,0.6969365413026168
3678,553,397,0,0,0.1919594601071283
3679,755,872,0,0,0.17751184290232688
3680,814,661,1,1,0.8274956995625717
3681,924,269,0,0,0.3762990619135027
3682,6,164,0,0,0.43197596510442804
3683,81,610,0,0,0.360706078532093
3684,638,487,0,1,0.5787787933051298
3685,347,566,0,0,0.15580379110457868
3686,385,241,0,0,0.19459292889713506
3687,846,80,0,0,0.3443229523468122
3688,426,429,0,0,0.414348778497549
3689,722,546,0,0,0.43643441916101133
3690,532,456,0,0,0.44232080898171894
3691,380,721,0,0,0.2003543811795589
3692,543,869,0,0,0.21872719517453246
3693,852,938,1,0,0.4389984490024857
3694,883,567,0,0,0.18406924277495054
3695,799,831,0,0,0.44995807073512545
3696,509,663,0,0,0.23309475992142398
3697,354,631,0,0,0.2530103282266541
3698,79,318,1,1,0.8397021282258768
3699,62,571,1,1,0.7104125832837564
3700,456,924,0,0,0.34049046880923145
3701,455,294,0,1,0.5690709358503157
3702,386,368,0,0,0.1848428779982084
3703,37,865,1,1,0.6224183104851856
3704,861,196,0,0,0.22240839980909782
3705,603,832,0,1,0.5660286660711459
3706,979,5,0,0,0.49542752160728115
3707,210,465,0,0,0.4282600516365681
3708,590,951,0,0,0.20102981891549457
3709,481,282,0,0,0.4747593985663269
3710,767,478,0,1,0.5180293931153798
3711,390,286,0,0,0.21033979221262672
3712,840,717,0,0,0.2554133850938826
3713,655,906,0,0,0.2355646278166899
3714,953,136,0,0,0.38934408249594027
3715,191,777,0,0,0.228936229869802
3716,107,116,0,0,0.3955581971771866
3717,39,366,0,0,0.26125947206066846
3718,527,789,0,0,0.21128446815521945
3719,452,751,0,0,0.4263226362653401
3720,735,673,1,1,0.7640307646137302
3721,844,752,0,0,0.2168075257472463
3722,428,180,0,0,0.39061245166899494
3723,465,164,0,0,0.3728617333517355
3724,69,399,0,0,0.4509230585509435
3725,964,571,0,0,0.1576018742688976
3726,472,148,0,0,0.33496505820037026
3727,762,601,0,0,0.2153527591523377
3728,791,821,0,0,0.3638695865926752
3729,498,188,0,0,0.3563081560181784
3730,282,492,0,0,0.22572713821694038
3731,468,415,0,1,0.5607886454295394
3732,270,818,0,0,0.17564184472432562
3733,808,964,0,0,0.4002051760917438
3734,933,585,0,0,0.21634228171859637
3735,403,494,0,1,0.7216581263804194
3736,144,589,0,0,0.2029044196482959
3737,825,613,0,0,0.33827009006628556
3738,268,367,0,0,0.16103126784403632
3739,156,36,0,0,0.35419753252919933
3740,862,765,0,0,0.3633899265013596
3741,142,468,0,0,0.23965810246666724
3742,150,372,0,0,0.2243423908846903
3743,932,677,0,0,0.3148004230000479
3744,601,887,0,0,0.2497048724389993
3745,389,688,0,0,0.3340261174174827
3746,427,136,0,0,0.4377466852216355
3747,640,32,0,0,0.33430644973945595
3748,980,279,0,0,0.2135880390594196
3749,148,986,0,1,0.6572681648968277
3750,95,127,0,0,0.25931379689858436
3751,669,517,0,1,0.7165058819184924
3752,236,97,0,0,0.21786578166332227
3753,417,893,0,0,0.1729264153200144
3754,240,169,0,1,0.515057229180573
3755,62,626,0,1,0.6196351791648436
3756,13,961,0,0,0.24388376172502865
3757,132,76,0,1,0.7255445636502873
3758,446,611,0,0,0.3483814293272824
3759,191,951,0,0,0.18417530000696297
3760,379,719,0,0,0.21101935655000864
3761,371,92,0,0,0.4942667971151902
3762,162,328,0,0,0.21379896306860055
3763,68,885,0,0,0.1651842498089739
3764,845,894,0,1,0.5209523233485921
3765,971,111,0,0,0.1876696481797658
3766,947,100,0,0,0.18830694457100694
3767,92,293,1,1,0.6107111277747864
3768,347,104,0,0,0.2746274485304781
3769,929,225,0,1,0.637869816246943
3770,781,170,0,0,0.4392698960925768
3771,623,868,0,0,0.2670267644881334
3772,480,390,0,0,0.3843325413037044
3773,502,667,0,0,0.24592970847738424
3774,484,345,0,0,0.22054595329005386
3775,129,245,0,0,0.169757998371693
3776,914,879,0,1,0.7481883292535733
3777,653,884,1,1,0.5332881315964132
3778,399,283,0,0,0.420985998962965
3779,113,855,0,1,0.6069791524290966
3780,715,173,0,0,0.2582523546325665
3781,226,746,0,0,0.22569197024167767
3782,330,407,0,0,0.40296809063604017
3783,745,235,0,0,0.21469697889509615
3784,55,960,0,0,0.3048461303380172
3785,238,760,0,0,0.1911557069368865
3786,112,840,0,0,0.29784771231394547
3787,86,98,0,0,0.20397424849054663
3788,493,930,0,0,0.29107624405640903
3789,746,330,0,0,0.248361816211145
3790,365,236,0,0,0.4157450586373289
3791,744,411,0,0,0.342643886890361
3792,771,965,0,0,0.1766658744303613
3793,574,397,0,1,0.6260804825364517
3794,971,690,0,1,0.5326023773273707
3795,133,28,0,0,0.21605324133631418
3796,173,810,0,1,0.5655017807159988
3797,39,613,0,0,0.16642162564711893
3798,321,593,0,0,0.3422368726348458
3799,981,692,0,0,0.19513289261371677
3800,834,638,1,1,0.7119343742349111
3801,581,312,0,0,0.28749185984989784
3802,239,394,0,0,0.41370749400842594
3803,963,949,1,1,0.8012300916774575
3804,390,275,0,0,0.31550234399909977
3805,361,657,0,1,0.5600306237022671
3806,72,57,0,0,0.44194405713515517
3807,116,966,0,0,0.2786427674138514
3808,424,241,0,0,0.19651162854703416
3809,363,470,0,0,0.26194936235827726
3810,938,457,0,0,0.48715166016136197
3811,52,498,0,0,0.1763533274078783
3812,95,152,0,0,0.20801406877107342
3813,663,188,0,0,0.30754349658624286
3814,911,945,0,0,0.22650480113283902
3815,243,97,0,1,0.6130438981541545
3816,851,182,0,0,0.26513156770567575
3817,511,187,0,0,0.27250584853975024
3818,453,605,0,0,0.24719803615905547
3819,870,906,0,0,0.4770567212380463
3820,420,259,0,0,0.40057320650955613
3821,366,533,0,0,0.3009931448330264
3822,651,288,0,0,0.3178457984301987
3823,490,762,0,0,0.1374588753790377
3824,10,544,0,0,0.26150370318750804
3825,835,920,1,1,0.5944114307020062
3826,173,749,0,1,0.639403543928596
3827,585,19,0,0,0.32066004076542814
3828,255,595,0,1,0.6775821268049372
3829,212,773,0,0,0.4859865031949127
3830,147,281,1,1,0.7064465473420497
3831,268,948,0,1,0.6670874340495613
3832,281,605,0,1,0.7004252206768773
3833,404,325,0,0,0.4954264743189521
3834,142,800,0,0,0.26829622312466667
3835,730,596,0,0,0.41900892181372673
3836,582,654,0,0,0.16725255629745842
3837,56,613,0,1,0.531905676671241
3838,936,769,0,0,0.28094819639280527
3839,98,511,0,0,0.3957483421196615
3840,982,147,0,1,0.6203251872507526
3841,576,866,0,1,0.5924774430078723
3842,784,397,0,0,0.2655662618508803
3843,408,488,0,0,0.30418376863973673
3844,942,170,0,0,0.22662786720265804
3845,215,315,0,0,0.4411690157574058
3846,381,327,0,0,0.3987414657738612
3847,50,49,0,0,0.20206238707308333
3848,361,276,0,1,0.542145424596604
3849,341,212,0,0,0.46959159220391616
3850,373,302,0,0,0.35736076943426004
3851,408,474,0,0,0.3425399746897294
3852,590,362,0,0,0.3835713697249754
3853,725,418,0,1,0.5567031167724766
3854,848,62,0,0,0.2535292573355207
3855,377,69,0,0,0.17392621034742772
3856,391,842,0,0,0.42890974637871876
3857,902,561,0,0,0.33411179355746407
3858,122,468,0,0,0.3172874208819586
3859,180,24,0,0,0.1732461905202476
3860,499,897,0,0,0.17004530281303998
3861,40,131,0,0,0.18042829008035594
3862,89,113,0,1,0.6169538074672425
3863,950,454,0,0,0.23035731943743112
3864,383,902,0,0,0.3535024345797981
3865,529,437,0,0,0.4237604110676362
3866,888,744,0,0,0.15739657922693018
3867,571,518,0,0,0.3981177659734229
3868,731,905,0,0,0.18628042613076212
3869,795,599,0,0,0.3772581406632546
3870,632,160,0,0,0.21578744519689322
3871,722,201,0,0,0.47683661455052495
3872,816,462,0,0,0.40363141407200015
3873,793,603,0,0,0.4271936559306778
3874,162,843,0,0,0.19684003584403056
3875,910,298,0,1,0.58654615259039
3876,56,952,0,0,0.1753917751606386
3877,204,140,0,0,0.3463686443360198
3878,766,831,0,0,0.1971058741120915
3879,591,270,0,0,0.19380338894370933
3880,582,149,0,0,0.15831109866760135
3881,662,16,0,0,0.3132326308355139
3882,431,706,1,1,0.8340440688675366
3883,715,474,0,0,0.3097158554294848
3884,866,859,1,0,0.43703111731473726
3885,430,272,0,0,0.21351412927821495
3886,793,300,0,0,0.17824087341747488
3887,505,893,0,0,0.15372710740408296
3888,34,919,0,0,0.21163837868538352
3889,594,956,0,0,0.22596187059654868
3890,968,217,1,1,0.5599824900737235
3891,594,724,0,0,0.2047538625209679
3892,845,550,0,1,0.6342477238606442
3893,3,309,0,0,0.3578796675022431
3894,208,423,0,0,0.2761070030884687
3895,622,418,0,1,0.6007657329056783
3896,291,268,0,0,0.32993592751067885
3897,140,201,0,0,0.2125444346946201
3898,725,529,0,1,0.6260564884574186
3899,730,237,0,0,0.27345199362207745
3900,804,263,1,1,0.7136333632579324
3901,907,307,0,0,0.4992959257899632
3902,150,119,0,0,0.4118121956605186
3903,610,220,0,0,0.16003288695686163
3904,265,242,0,0,0.2549992872653699
3905,655,383,0,0,0.32637989872038176
3906,827,102,0,0,0.2340336548393486
3907,727,808,1,1,0.6231865547703633
3908,289,822,0,1,0.7571133754707733
3909,48,89,0,0,0.474227349918279
3910,550,427,0,1,0.5418606420842715
3911,155,835,0,0,0.33533431126138225
3912,155,865,0,0,0.30084879821814375
3913,517,958,0,0,0.42186493496785443
3914,741,227,0,0,0.1489550665805845
3915,510,979,0,0,0.2115926258841365
3916,165,365,0,0,0.3883695391922457
3917,282,17,0,1,0.7106692009763496
3918,907,206,0,1,0.5107850722832643
3919,310,23,0,1,0.7189380474492726
3920,789,818,0,0,0.18854022699291742
3921,983,337,0,0,0.33775380296698604
3922,306,774,0,0,0.308774929847509
3923,971,698,0,1,0.5476919835273688
3924,804,839,0,0,0.343200917913971
3925,628,82,0,1,0.6550877386158295
3926,623,197,0,0,0.2977851088361632
3927,243,876,0,0,0.4603998035046588
3928,153,692,0,0,0.20257781033163746
3929,379,292,0,0,0.32704544558546644
3930,94,691,0,1,0.5124717153769053
3931,957,605,0,0,0.4371055144822799
3932,259,388,0,1,0.5937130900367467
3933,656,939,0,0,0.2413714062474496
3934,649,623,0,0,0.18616587114775046
3935,743,612,0,0,0.16212621412190112
3936,447,55,1,1,0.7886974407710139
3937,501,889,0,0,0.18732360193919526
3938,346,568,0,0,0.18046823847289115
3939,918,961,0,0,0.18436616902738934
3940,316,817,0,0,0.33452439081421664
3941,800,758,0,0,0.1985304872081824
3942,452,932,0,0,0.18807636182124307
3943,921,947,0,0,0.4602081304590752
3944,130,895,0,0,0.18384608552334122
3945,583,711,0,0,0.3890843973129268
3946,863,942,0,0,0.27993795701177104
3947,112,266,0,0,0.29347386435619044
3948,568,957,0,0,0.16101227088222186
3949,476,192,0,0,0.1987986488788097
3950,621,907,0,0,0.17185839346337742
3951,954,572,0,0,0.16962958123319735
3952,136,103,0,1,0.7706383445620463
3953,961,785,0,0,0.3150607007968021
3954,501,438,0,0,0.21452858500795924
3955,758,821,0,0,0.20461665148707958
3956,529,643,0,1,0.5919315123825388
3957,629,674,0,0,0.22177455767626075
3958,601,513,0,0,0.20529138836899344
3959,841,272,1,0,0.37068368046927586
3960,231,458,0,0,0.34848819706595163
3961,704,475,0,0,0.3860320829639243
3962,701,493,0,0,0.32029366655714403
3963,562,892,0,0,0.2860221058583835
3964,388,399,0,1,0.5693053202705936
3965,19,718,0,0,0.4789836121857163
3966,206,909,0,0,0.29913408781049033
3967,0,727,0,0,0.16904618203606092
3968,211,954,0,1,0.6012669063363623
3969,597,676,0,0,0.22083324380030775
3970,206,749,0,0,0.2981149648990637
3971,811,613,0,0,0.4989052297004983
3972,298,730,0,0,0.4227648964935658
3973,464,279,0,0,0.2345925904975796
3974,208,435,0,0,0.3176537934180076
3975,753,877,0,1,0.5080552669511236
3976,633,25,0,0,0.18332388672495156
3977,750,725,0,0,0.179213082556452
3978,912,756,0,0,0.3916071765684863
3979,327,359,0,0,0.2690815701913592
3980,741,211,1,1,0.544485849475217
3981,754,510,0,0,0.457743244164768
3982,249,557,1,1,0.6407456454688613
3983,193,383,0,1,0.5328737140105442
3984,671,609,0,0,0.1766740911526266
3985,858,25,0,1,0.6069067952426419
3986,206,71,0,0,0.19573728152807757
3987,480,952,0,0,0.20267637651351905
3988,5,961,0,0,0.18464942598836834
3989,387,867,0,0,0.3575645232810084
3990,622,100,0,0,0.20053257581166795
3991,725,233,0,0,0.4915111839129538
3992,894,244,0,0,0.26069649196726763
3993,60,101,0,0,0.3195531089190815
3994,674,987,0,0,0.21021520967072457
3995,805,450,0,0,0.1418246102119935
3996,206,33,1,1,0.6568744450581548
3997,360,285,0,0,0.37338212624723643
3998,914,877,0,1,0.5080552669511236
3999,914,433,0,1,0.6379116433642457
4000,483,815,1,1,0.6714260165668805
4001,576,663,0,0,0.37569993789524997
4002,652,492,0,0,0.35977920269791336
4003,97,152,1,0,0.4881485338166402
4004,949,896,0,0,0.4198474299173236
4005,619,106,0,0,0.48591617467426695
4006,974,29,0,0,0.22135649316949446
4007,929,386,0,0,0.38992541310125506
4008,467,513,0,0,0.2717659972148302
4009,288,709,1,1,0.5666188276533052
4010,452,739,0,0,0.45292615360140537
4011,524,525,0,0,0.3993076661737422
4012,438,162,0,1,0.6210316423752528
4013,820,610,0,1,0.5844466639905623
4014,211,140,0,0,0.3676678215863163
4015,34,495,0,0,0.49504227155130537
4016,770,495,0,0,0.12747960176417342
4017,187,972,0,0,0.2680746870879009
4018,132,412,0,1,0.5953409098902465
4019,331,109,0,0,0.19765413978415647
4020,325,688,0,1,0.6213064007417995
4021,695,312,0,0,0.2959657517977714
4022,602,196,1,1,0.7771891439697357
4023,508,719,0,0,0.26005368332074863
4024,244,982,0,0,0.2010286238689534
4025,449,480,1,0,0.47696481016538655
4026,457,448,1,1,0.6821297841552577
4027,449,655,0,0,0.25959672859008154
4028,984,835,0,0,0.381315261949716
4029,43,40,0,0,0.2376221356265636
4030,265,818,0,0,0.3420181009393426
4031,853,923,0,1,0.5126914252717987
4032,394,788,0,0,0.25372045094340706
4033,493,257,1,1,0.5391779526011912
4034,563,968,0,0,0.3627754022030667
4035,283,981,0,0,0.19989759007329838
4036,785,291,0,0,0.4865892198456882
4037,699,212,0,0,0.1751979826894594
4038,699,654,0,0,0.3255956548750007
4039,544,986,0,0,0.18780313473880803
4040,932,928,0,0,0.37091110000357314
4041,418,129,0,0,0.3201983475753698
4042,625,187,0,0,0.1918701362910094
4043,42,339,0,1,0.5211812424142582
4044,107,605,0,0,0.3999896025862409
4045,261,438,0,1,0.5209942476776492
4046,673,631,0,0,0.42491815442905934
4047,226,268,0,0,0.19889047166743928
4048,850,742,0,0,0.29791066966164714
4049,599,839,0,0,0.29123294810301553
4050,591,970,0,0,0.19399077524394828
4051,599,949,0,1,0.5046101529237954
4052,430,113,0,0,0.2195495182521864
4053,794,403,0,0,0.1937631012163942
4054,744,403,0,0,0.38829754429374297
4055,680,640,0,1,0.6829299189824999
4056,638,948,0,1,0.7202172844589758
4057,178,170,0,0,0.21811959317230556
4058,421,855,0,1,0.5969175252643537
4059,380,318,0,0,0.40429788103756337
4060,242,140,0,0,0.4146510250252888
4061,183,524,0,0,0.24206263679167447
4062,276,119,0,0,0.3448067411467671
4063,347,386,0,0,0.4388107598875804
4064,362,121,0,1,0.6676350986367294
4065,601,235,0,0,0.16937999036598567
4066,205,236,0,0,0.3426055831705999
4067,596,306,0,0,0.4435923702930303
4068,200,294,0,0,0.17087240030788153
4069,616,487,0,1,0.7354967202364241
4070,960,408,0,0,0.2343154435289469
4071,747,114,1,1,0.7040264665261347
4072,818,712,0,1,0.7045231623423894
4073,985,419,0,0,0.411635254471314
4074,910,218,0,0,0.27868901515618505
4075,496,227,0,0,0.15336478512686347
4076,551,80,0,1,0.6237018516394708
4077,508,953,0,0,0.37275967218018374
4078,577,585,0,0,0.27930273578194353
4079,334,398,0,0,0.195111881303088
4080,309,376,0,0,0.20089705192845922
4081,528,744,0,0,0.15623865166429934
4082,942,577,1,1,0.8460845402687286
4083,203,475,0,0,0.17626815296202936
4084,253,256,0,0,0.4106903001691436
4085,54,737,0,0,0.19815772411800728
4086,380,783,0,0,0.3361234082400387
4087,605,779,0,0,0.4156239590043775
4088,834,863,0,1,0.6723736089557754
4089,275,273,0,0,0.20001133304140037
4090,138,100,0,0,0.20086361325866267
4091,914,449,0,1,0.6600675056640898
4092,276,707,0,0,0.2423789232140726
4093,661,446,0,0,0.21689409805069196
4094,321,743,0,0,0.21227596052743927
4095,750,180,0,0,0.22468487298021253
4096,90,855,0,1,0.5723493951527707
4097,413,476,0,0,0.1949863873945174
4098,875,497,0,0,0.16539679247488728
4099,27,832,0,0,0.17112684425475633
4100,500,236,0,0,0.3109552577476675
4101,448,332,1,1,0.60294110679704
4102,219,488,0,1,0.64664433031302
4103,225,974,0,1,0.6296518983030734
4104,120,270,0,0,0.19506428305396167
4105,237,767,0,0,0.44842231072052585
4106,753,253,0,1,0.6401549160817614
4107,311,424,0,0,0.23541446159109516
4108,867,281,0,0,0.16200783395722407
4109,371,738,0,0,0.44618332968477453
4110,613,180,0,0,0.21580544378789934
4111,839,847,0,0,0.2947182571554912
4112,195,643,0,0,0.2547170168355145
4113,404,934,0,0,0.3705826569171678
4114,29,101,0,0,0.34694611169689954
4115,78,97,0,1,0.7946419110684141
4116,772,103,0,1,0.6824271562083072
4117,343,14,0,0,0.3102831899911751
4118,742,550,0,0,0.33495829106285224
4119,7,502,0,0,0.4464091803020372
4120,20,166,1,1,0.7249169806892889
4121,66,469,0,0,0.1886769611478414
4122,734,489,0,0,0.18029137535444614
4123,893,599,0,0,0.24136836333632178
4124,837,549,0,0,0.49400769775866943
4125,986,277,0,0,0.28468677988453045
4126,630,567,0,0,0.18287533388690813
4127,106,751,0,0,0.36972254911880653
4128,175,667,0,0,0.38619411785369123
4129,434,708,0,0,0.43467630960470005
4130,188,979,0,0,0.19114517002975395
4131,109,560,0,0,0.4113034066335011
4132,918,212,0,1,0.6648341496096287
4133,433,746,0,0,0.21725590861818012
4134,944,852,0,0,0.22281822388254918
4135,161,70,0,0,0.1951548345323369
4136,145,905,0,0,0.24646685549439568
4137,245,183,1,1,0.5632965803168297
4138,684,799,0,0,0.16320585472192947
4139,836,562,0,0,0.37135779343586345
4140,360,988,0,0,0.33224771071456427
4141,46,12,0,1,0.6424661397227484
4142,426,207,0,0,0.22510044935783896
4143,604,143,0,1,0.5553888421064743
4144,136,378,0,0,0.3023722041961995
4145,74,588,0,1,0.6155310576158456
4146,200,163,0,0,0.2274291248842657
4147,291,384,0,1,0.6123783534990603
4148,841,529,0,0,0.2277558086516196
4149,504,179,0,0,0.336976532499884
4150,536,727,0,0,0.29235340179489566
4151,639,316,0,0,0.2812494370245173
4152,112,164,0,0,0.18251715011535893
4153,632,927,0,0,0.18829068031065163
4154,71,493,0,0,0.16667543447813435
4155,568,886,0,0,0.16687044451450814
4156,889,45,0,0,0.28516142669845834
4157,151,472,0,0,0.30145696787996035
4158,122,521,0,1,0.6425017718781263
4159,398,328,0,0,0.3443327184022575
4160,925,176,0,0,0.3639625660732424
4161,827,94,0,0,0.141563318983283
4162,73,196,0,0,0.28277984070214507
4163,277,57,0,0,0.31188971874907473
4164,779,94,0,0,0.3100063307201863
4165,513,243,0,1,0.6296518698779571
4166,971,500,0,0,0.2569352682978359
4167,369,482,0,0,0.4056711669699456
4168,888,347,1,0,0.46960110938729127
4169,851,613,0,0,0.4318022846904567
4170,486,43,0,0,0.27389415418444113
4171,872,896,0,1,0.5326498451266033
4172,595,489,0,0,0.3666364551517222
4173,313,148,0,1,0.5406497541837827
4174,678,728,0,0,0.35141869048420327
4175,45,690,0,0,0.3917963099085742
4176,589,266,1,1,0.7380403578846669
4177,936,317,0,1,0.5792387536636541
4178,349,916,0,0,0.3526790394379167
4179,453,375,0,0,0.27659043551395823
4180,984,796,0,0,0.39744711118121107
4181,303,373,0,1,0.6590552809077164
4182,338,72,0,1,0.5569952001340759
4183,72,258,0,1,0.6499643440579314
4184,986,493,1,1,0.68960935378869
4185,151,658,0,0,0.459408593307195
4186,462,585,0,0,0.41731291776032925
4187,282,402,0,0,0.43475464139309694
4188,24,613,0,1,0.5742958061936998
4189,746,238,0,0,0.16829998250334022
4190,812,751,0,0,0.19587285907377106
4191,606,707,0,0,0.24288484591891132
4192,420,835,0,1,0.5718174199364638
4193,793,31,0,0,0.3952485806233191
4194,285,837,0,0,0.18251500172101592
4195,564,726,0,0,0.1662690091507295
4196,907,448,0,0,0.19006376331803135
4197,983,309,0,1,0.5056793525823858
4198,830,624,0,0,0.3683439288285024
4199,241,565,0,0,0.18537558919646524
4200,749,180,0,0,0.2105396930512331
4201,438,218,0,1,0.6881493346026338
4202,789,794,0,0,0.25792877934762354
4203,11,667,0,0,0.2862698234189578
4204,510,486,0,0,0.17694431410609907
4205,364,637,0,0,0.19633261304135866
4206,187,641,0,0,0.18043188695913373
4207,723,207,0,0,0.16387197830068115
4208,655,408,0,0,0.2655348986568383
4209,455,868,0,0,0.22913105348215382
4210,277,915,1,1,0.5657393045636184
4211,693,971,0,0,0.22035797238625254
4212,897,671,0,0,0.30933115830838237
4213,66,904,1,1,0.6197963237972072
4214,352,278,0,1,0.539803869928958
4215,987,368,0,1,0.7107877607959231
4216,756,261,0,0,0.2911012004459108
4217,72,19,0,1,0.6917572962124754
4218,513,591,0,1,0.5677011478249747
4219,808,49,0,0,0.31386542049622407
4220,717,41,0,0,0.16895749078961741
4221,988,157,0,0,0.476097275090315
4222,344,46,0,0,0.43722506366448893
4223,457,823,0,0,0.35133452300052265
4224,139,277,0,0,0.24459010941823586
4225,355,62,0,0,0.345098883353398
4226,349,119,0,0,0.272227255535613
4227,880,403,0,0,0.456147087556077
4228,721,826,0,0,0.35297775466947684
4229,973,989,0,0,0.34180879652221247
4230,617,922,0,0,0.17188839243281692
4231,932,410,0,0,0.21679276413679097
4232,433,546,1,1,0.6810406744551666
4233,134,639,0,0,0.22102533296992954
4234,746,899,0,0,0.259269567366714
4235,552,725,0,0,0.20901691924897614
4236,538,908,1,1,0.6653270721835409
4237,320,470,0,0,0.32326779674480843
4238,864,980,0,0,0.4436077108245621
4239,93,485,0,0,0.20985322255257527
4240,14,66,0,0,0.48618092716986494
4241,247,848,1,1,0.8296135926173283
4242,921,274,0,0,0.2973139538546403
4243,437,477,0,0,0.19752305966738334
4244,468,480,0,0,0.16753436940965782
4245,700,672,0,0,0.17700933966363933
4246,42,936,0,0,0.4512012562686767
4247,547,771,1,1,0.6048834024850246
4248,395,685,1,1,0.5612591228689968
4249,716,4,1,0,0.3635272160402125
4250,838,795,1,1,0.637237249511835
4251,829,95,1,1,0.6986956475698548
4252,87,425,0,0,0.269265917769152
4253,599,245,0,0,0.2252056054385222
4254,764,625,0,0,0.37976932506290484
4255,315,134,0,0,0.3765065386331925
4256,46,757,0,0,0.18497902674905684
4257,767,25,1,1,0.7279070620728679
4258,267,488,0,0,0.21403406551953358
4259,150,401,0,0,0.3071787766189073
4260,448,630,0,0,0.27111785615801887
4261,915,31,0,0,0.467502076594224
4262,527,545,0,0,0.1728091897587033
4263,701,602,0,0,0.3232246358798695
4264,203,492,0,0,0.3624915831916446
4265,938,265,0,0,0.21134149759583065
4266,186,333,0,0,0.17638658982670202
4267,50,964,0,0,0.2245383580946611
4268,712,520,0,0,0.30133049950765395
4269,833,279,0,0,0.2739675002367221
4270,593,121,0,0,0.28312384316107636
4271,684,209,0,0,0.17398392382650593
4272,391,344,0,0,0.3103512034489983
4273,736,268,1,1,0.5389401127746348
4274,73,755,0,0,0.15661187991218764
4275,472,188,0,0,0.34139233600344765
4276,803,414,0,0,0.3269934683593734
4277,584,145,0,0,0.27719765500108506
4278,55,299,0,1,0.8105164727625164
4279,109,545,0,0,0.20495104006264106
4280,572,63,0,0,0.45433110547290073
4281,715,849,1,1,0.7656275731167336
4282,480,563,0,1,0.5953986684067687
4283,134,791,0,0,0.26068454097618665
4284,280,837,0,0,0.37412532366535367
4285,283,771,0,0,0.19593497296128326
4286,787,575,0,0,0.32958686432466355
4287,252,824,0,0,0.2028754972718735
4288,683,857,0,0,0.34859637124016163
4289,691,521,0,0,0.37518952025735275
4290,106,739,0,1,0.5264968268465562
4291,186,90,0,1,0.6293190402704558
4292,402,745,0,0,0.4383833458135921
4293,285,369,0,0,0.20328877988523897
4294,168,159,1,1,0.5690888936536532
4295,774,670,0,0,0.36124927997706235
4296,262,340,0,0,0.15590493567918373
4297,910,75,0,0,0.4190531928731912
4298,892,390,1,1,0.698667305326803
4299,284,957,0,0,0.2870535665239032
4300,194,799,0,0,0.30635707385347966
4301,789,617,0,0,0.2205423829894317
4302,989,920,0,0,0.31527866973044716
4303,926,686,1,0,0.47407091826234465
4304,587,545,0,1,0.74101208530766
4305,770,16,0,0,0.2803428429612349
4306,54,316,0,0,0.1735350514470126
4307,93,987,0,0,0.2604168248863922
4308,553,754,0,0,0.25231308948181347
4309,521,696,0,1,0.6208205798147542
4310,450,638,0,1,0.6638371835211441
4311,324,884,0,1,0.6325046834355584
4312,564,990,0,0,0.2594081504101136
4313,158,545,0,0,0.22189839338480016
4314,422,620,0,0,0.3525148037228923
4315,943,632,1,1,0.5699158205836339
4316,747,29,0,0,0.2799360912114028
4317,920,3,0,0,0.16512316197795765
4318,451,111,0,0,0.15452724294638112
4319,935,344,0,0,0.4068929087336997
4320,237,269,0,1,0.6041199352061072
4321,582,564,0,0,0.2398539842558013
4322,636,745,0,0,0.33560951220465884
4323,292,720,0,0,0.13451515615669946
4324,319,518,0,0,0.46323337079995625
4325,290,62,0,0,0.19458701682792465
4326,455,660,0,0,0.47927413386081547
4327,781,857,0,0,0.4780918238116196
4328,260,956,0,0,0.42604864729370684
4329,822,504,0,0,0.2959364621411953
4330,791,419,0,0,0.4051711993893761
4331,698,662,0,0,0.1803124689660266
4332,128,251,0,0,0.42926546238653324
4333,495,20,0,1,0.6308619872350312
4334,679,731,0,0,0.32214916559610146
4335,164,705,0,0,0.20815009522058484
4336,414,152,0,0,0.22421369656163825
4337,458,840,0,0,0.2235779612896025
4338,556,124,0,0,0.29997662400364783
4339,390,489,0,0,0.307301565524726
4340,37,395,0,0,0.21663340428634878
4341,461,695,0,1,0.6810618209158927
4342,532,898,0,0,0.1880373800375165
4343,249,530,0,0,0.4553428587434971
4344,878,806,0,0,0.4117780023810069
4345,855,798,0,0,0.26214500615973535
4346,842,698,0,0,0.46267777505513036
4347,707,41,0,0,0.2723425772095787
4348,345,894,0,0,0.24176065604449729
4349,52,299,0,0,0.2179007679025423
4350,895,871,0,0,0.23033122319498145
4351,476,26,0,0,0.311812919005919
4352,611,23,0,0,0.29629985165122436
4353,505,779,0,0,0.4320692007785009
4354,74,520,1,1,0.7202460165409645
4355,572,876,0,0,0.36531770967612437
4356,347,105,0,0,0.40241828047501177
4357,792,701,0,0,0.2666020809419932
4358,949,466,0,0,0.42366905679653527
4359,711,92,0,0,0.3143988118986741
4360,202,459,0,0,0.2159706136935708
4361,82,152,0,0,0.210681768498143
4362,575,47,0,0,0.2089107216600715
4363,651,967,0,0,0.42898347771539397
4364,775,225,0,1,0.5797444255379589
4365,431,782,0,0,0.2906645245138044
4366,78,665,0,0,0.2613619309240349
4367,774,412,0,1,0.5872381768380109
4368,930,535,0,1,0.6577824935539185
4369,734,38,0,0,0.18757666717096916
4370,616,138,0,1,0.5898099676710233
4371,90,639,0,1,0.5870410632506045
4372,328,135,0,0,0.43399721423148296
4373,113,550,0,0,0.2837001155568484
4374,870,468,0,0,0.4172755334940303
4375,982,419,1,1,0.5671665712350614
4376,617,576,0,0,0.36268961183012627
4377,629,429,0,0,0.3659833084467751
4378,360,479,0,0,0.17026009741759987
4379,886,653,0,0,0.23664002780139595
4380,535,811,0,0,0.15090177681709574
4381,688,128,1,1,0.5457578012061546
4382,172,255,0,0,0.17491302475580994
4383,603,516,1,1,0.7992220334863208
4384,486,240,0,0,0.2447755320944582
4385,681,155,0,0,0.2661908475261045
4386,826,534,0,0,0.3930438974946488
4387,705,300,0,0,0.17718913410212106
4388,795,17,1,1,0.6193071027915359
4389,974,903,0,0,0.4226609326833877
4390,42,82,0,1,0.6404253706595806
4391,700,705,0,0,0.19722899646644693
4392,664,34,0,0,0.24650057524032354
4393,148,406,0,0,0.4860585694044122
4394,579,394,0,0,0.4611999110124436
4395,980,478,0,0,0.3020948994814028
4396,48,119,0,0,0.33258802133125903
4397,948,393,0,1,0.6239536804492668
4398,192,849,0,1,0.5855159481501594
4399,969,734,0,0,0.34484661898972013
4400,853,676,0,0,0.46178922353076146
4401,812,924,0,0,0.19810449914814074
4402,516,989,0,1,0.6725294551006571
4403,846,888,0,0,0.21731813747958492
4404,944,631,0,0,0.29440818037476235
4405,567,191,0,0,0.4881447775346682
4406,802,842,0,1,0.5669618939684679
4407,247,333,0,0,0.21332371580195467
4408,554,599,0,0,0.33087572611082094
4409,361,6,0,0,0.4555577638412691
4410,422,959,0,0,0.38957733624739305
4411,316,844,0,0,0.23169993850999224
4412,600,875,1,0,0.47082505577821115
4413,222,944,0,0,0.2906395291796036
4414,871,159,0,1,0.5034083960162308
4415,12,292,0,0,0.21080719819934876
4416,903,478,0,0,0.18954386980237722
4417,684,3,1,1,0.503491385976041
4418,645,656,0,0,0.21022244097780857
4419,332,770,0,0,0.16810341758638192
4420,80,845,0,0,0.2885977756321724
4421,276,60,0,0,0.26499382200287874
4422,726,138,0,1,0.5164697477104215
4423,533,445,0,1,0.6416120157189111
4424,808,504,0,0,0.2950838440812262
4425,261,440,0,1,0.625053327302649
4426,311,376,0,0,0.21342909423844425
4427,321,543,0,0,0.45419729662438746
4428,181,316,0,0,0.3650796307037769
4429,856,246,0,0,0.22347755456656532
4430,560,64,0,0,0.33213941252586693
4431,950,789,0,0,0.32973582348706687
4432,334,100,0,0,0.3094190335049997
4433,833,180,0,0,0.21534019257535195
4434,989,866,0,0,0.28586785035426665
4435,540,148,0,0,0.29602769600985074
4436,218,544,0,0,0.14163956062180494
4437,672,901,0,0,0.19381305991622697
4438,407,632,0,1,0.5053772735459416
4439,88,874,0,0,0.17712264470575825
4440,404,630,0,1,0.5179193274498174
4441,259,989,0,0,0.37755920295706374
4442,265,486,1,1,0.7692956916507258
4443,311,29,0,1,0.6573740749159145
4444,964,704,0,0,0.3959957092418824
4445,204,650,0,0,0.15330212109488064
4446,987,576,0,0,0.38874561113981954
4447,539,132,0,0,0.15712995929562276
4448,142,232,0,0,0.21665160841483208
4449,193,60,0,1,0.5741908130905603
4450,256,882,1,1,0.5499455181464192
4451,164,991,0,0,0.25108224641657234
4452,281,608,0,0,0.303272559068257
4453,979,252,0,0,0.20270792901469206
4454,902,87,0,1,0.5500792894052695
