pair_id,ltable_mag_id,rtable_mag_id,true_label,pred_label,confidence
0,0,0,0,0,0.003956625
1,1,1,0,0,0.004774692
2,2,2,0,0,0.00088651496
3,3,3,0,0,0.0045456584
4,4,4,0,0,0.0023792484
5,5,5,0,0,0.0013958844
6,6,6,0,1,0.8689483
7,7,7,1,1,0.7895627
8,8,8,0,0,0.0021115125
9,9,9,0,0,0.14200656
10,10,10,0,1,0.89186865
11,11,11,0,0,0.0045287823
12,12,12,0,0,0.0008267128
13,13,13,0,0,0.004946155
14,14,14,1,0,0.0117570935
15,15,15,0,0,0.07055298
16,16,16,0,0,0.045492947
17,17,17,0,0,0.12501378
18,18,18,0,0,0.3283719
19,19,19,1,1,0.87981355
20,14,20,0,0,0.0008566786
21,20,21,0,0,0.002124204
22,21,22,0,1,0.95481205
23,22,23,0,0,0.0012577579
24,23,24,0,0,0.0042890734
25,24,25,0,0,0.0153897675
26,25,26,0,0,0.41200218
27,26,27,0,0,0.018611627
28,27,28,0,0,0.44578618
29,28,12,0,0,0.052089173
30,29,29,0,0,0.014937175
31,30,30,0,0,0.3279407
32,31,31,0,0,0.0012853955
33,32,32,0,0,0.0104589
34,33,33,0,0,0.05127847
35,34,34,0,0,0.0014880465
36,35,35,1,0,0.4194229
37,36,36,0,0,0.0025196068
38,37,37,0,1,0.63686496
39,38,38,0,0,0.0010352372
40,39,39,0,1,0.83327013
41,40,40,0,0,0.03603411
42,41,41,0,0,0.001892197
43,42,42,0,0,0.0015337968
44,43,43,0,0,0.18229038
45,44,44,0,0,0.024384683
46,45,45,0,0,0.0033363125
47,46,46,0,0,0.47813708
48,47,47,0,0,0.006714518
49,48,48,0,0,0.00064989174
50,49,49,0,0,0.011467467
51,50,50,0,0,0.013226524
52,51,51,0,0,0.0012714057
53,52,52,1,1,0.6723961
54,53,53,1,1,0.83790594
55,54,54,0,0,0.040168546
56,55,55,0,0,0.0008473389
57,56,56,0,0,0.0024232871
58,57,57,0,0,0.0008489665
59,58,58,0,0,0.0014034997
60,59,59,0,0,0.019280806
61,60,60,0,0,0.0011505986
62,61,61,0,0,0.0019814444
63,62,62,0,0,0.42311916
64,63,63,0,0,0.001468679
65,64,64,0,0,0.0008708738
66,65,65,0,0,0.003804677
67,66,66,0,0,0.015877435
68,67,67,1,0,0.20781778
69,68,68,0,0,0.24308147
70,69,69,0,0,0.25979373
71,70,70,0,0,0.34755942
72,71,71,0,0,0.1273654
73,72,72,0,0,0.00103014
74,73,73,0,1,0.6511854
75,74,74,0,0,0.008188634
76,75,19,0,0,0.058663726
77,76,75,0,0,0.0015101015
78,77,76,0,0,0.052137323
79,78,77,0,0,0.11639474
80,79,78,0,0,0.0034282433
81,80,79,0,1,0.9262293
82,81,80,0,0,0.42666394
83,82,81,0,0,0.0027007114
84,83,82,0,0,0.00082818844
85,84,83,0,0,0.0038711487
86,85,84,0,0,0.11149183
87,86,27,0,1,0.6629494
88,87,85,0,0,0.00086248363
89,88,86,0,0,0.0017730817
90,89,87,0,1,0.9024069
91,90,88,0,0,0.0012470228
92,91,89,0,0,0.4477879
93,92,90,0,0,0.062833376
94,7,91,0,0,0.0062420457
95,93,92,0,1,0.57463974
96,28,93,0,0,0.00079590396
97,94,94,0,0,0.49439934
98,63,95,1,1,0.7143791
99,95,96,0,0,0.0010939108
100,96,97,0,1,0.5919472
101,97,98,0,0,0.00055829075
102,98,99,0,0,0.005267484
103,99,100,0,1,0.7619456
104,100,101,0,0,0.27210715
105,101,102,0,0,0.44403076
106,102,103,0,0,0.00054766616
107,103,104,0,0,0.0011578894
108,104,105,0,0,0.38417473
109,105,106,0,0,0.114492014
110,106,107,0,0,0.002169863
111,107,108,0,0,0.00058979343
112,108,109,0,0,0.001546167
113,2,110,1,0,0.2047251
114,109,111,0,0,0.1588855
115,93,112,0,0,0.0028596432
116,110,113,0,0,0.401089
117,111,114,0,1,0.84868646
118,112,115,0,0,0.0031934406
119,113,116,0,0,0.0011703644
120,114,24,0,1,0.6691522
121,115,117,0,0,0.0014304223
122,116,118,0,0,0.046972346
123,117,119,0,0,0.0022486409
124,118,120,0,0,0.047353547
125,119,121,0,0,0.17534241
126,76,122,0,0,0.0007955294
127,120,123,0,0,0.0065904087
128,121,124,0,0,0.0024023124
129,85,125,0,0,0.03808283
130,122,126,0,0,0.004864529
131,123,127,0,0,0.007876912
132,5,128,0,0,0.0020300837
133,124,129,0,0,0.002189723
134,119,130,0,0,0.0011468444
135,125,131,0,0,0.022691702
136,126,132,0,1,0.6973102
137,127,98,0,0,0.0011565964
138,128,133,0,0,0.02738252
139,129,134,0,0,0.00096839387
140,130,122,0,1,0.82400686
141,131,135,0,1,0.51451445
142,132,136,0,0,0.0055120154
143,133,137,1,1,0.9232747
144,134,138,0,0,0.0017344267
145,135,139,0,1,0.9304853
146,135,128,0,0,0.00081009936
147,136,140,0,0,0.22602572
148,137,33,0,0,0.0030085538
149,138,141,1,0,0.24084856
150,139,142,0,0,0.16895628
151,140,143,0,0,0.008881898
152,141,144,0,0,0.0020421534
153,142,145,0,0,0.124772236
154,143,146,1,0,0.123077616
155,144,17,0,0,0.0021428312
156,21,147,0,0,0.0005533872
157,145,148,0,0,0.00081285177
158,146,149,0,0,0.0049902117
159,147,150,0,1,0.90889746
160,148,151,0,0,0.00105471
161,149,152,0,0,0.023277277
162,150,153,0,0,0.0010611321
163,151,154,0,0,0.00096160313
164,83,155,0,0,0.0024550054
165,152,156,0,1,0.9660972
166,153,157,0,0,0.0009387996
167,154,158,0,0,0.0016583896
168,155,159,0,0,0.000970129
169,156,160,0,0,0.0017829855
170,157,161,0,1,0.86780936
171,158,115,0,0,0.0056042536
172,139,162,0,0,0.0008695571
173,23,163,0,0,0.019436335
174,159,99,1,1,0.8925903
175,160,164,0,0,0.3943888
176,161,165,0,0,0.04176633
177,162,166,0,0,0.0006613601
178,147,141,0,1,0.74618614
179,163,167,0,0,0.003587282
180,119,168,0,0,0.15200476
181,164,169,0,0,0.008113458
182,165,170,1,1,0.87482685
183,166,20,0,0,0.08013476
184,143,171,0,0,0.068975754
185,167,172,0,0,0.24673349
186,168,173,0,0,0.0224344
187,169,174,0,0,0.0006375967
188,170,175,0,0,0.0015054804
189,171,40,0,0,0.21173896
190,172,17,0,0,0.0010802771
191,173,176,0,0,0.0018542734
192,174,174,0,0,0.00071931357
193,175,177,1,0,0.3528482
194,176,178,0,1,0.64881766
195,177,179,1,1,0.5582841
196,69,180,0,0,0.039314095
197,178,181,0,1,0.6831667
198,179,182,0,0,0.008791309
199,180,183,0,0,0.0004979662
200,181,184,0,0,0.0004984586
201,182,185,0,0,0.0015253621
202,183,95,0,0,0.00057727186
203,184,171,0,0,0.06097394
204,185,186,1,1,0.6900105
205,186,185,0,0,0.008080415
206,187,187,0,0,0.011492483
207,155,188,0,1,0.5825645
208,188,189,0,0,0.0009398588
209,189,190,0,0,0.040035207
210,190,191,0,0,0.001835403
211,191,146,0,0,0.36164123
212,192,192,0,1,0.8872545
213,193,193,0,0,0.04102597
214,194,149,0,0,0.0055114166
215,195,194,1,1,0.7610457
216,196,195,0,0,0.024211017
217,197,196,0,0,0.0008204069
218,198,197,0,0,0.07421492
219,199,43,0,0,0.120600484
220,200,198,0,0,0.13435882
221,110,159,0,0,0.009460643
222,201,199,0,0,0.014920142
223,202,200,0,0,0.0014547083
224,203,1,0,0,0.0025646177
225,204,201,0,1,0.7579906
226,205,202,0,0,0.0007800147
227,206,203,0,0,0.002988488
228,207,204,0,0,0.0010709281
229,208,174,0,0,0.00055043085
230,209,205,0,0,0.001213881
231,210,206,0,0,0.012495511
232,211,207,0,0,0.0007105816
233,212,78,0,0,0.0007309267
234,213,208,0,0,0.46086916
235,214,209,0,0,0.0051558306
236,215,210,0,0,0.00076276803
237,216,211,0,0,0.006600243
238,217,212,0,0,0.0008951191
239,218,213,0,0,0.038583715
240,41,214,0,1,0.79075545
241,219,215,0,0,0.4670948
242,220,216,0,0,0.00185536
243,221,217,0,0,0.0026148567
244,222,36,1,0,0.021302592
245,223,218,0,0,0.0008912974
246,224,70,0,0,0.0018668728
247,225,121,0,0,0.0008258204
248,96,219,1,0,0.4764967
249,226,140,0,0,0.0023642967
250,227,220,0,0,0.00091176503
251,228,221,0,0,0.0036098666
252,229,222,0,0,0.022302264
253,230,185,0,0,0.0025718745
254,231,223,0,0,0.0012239069
255,139,224,0,0,0.005446425
256,77,225,0,0,0.001103496
257,232,226,0,0,0.23769644
258,233,227,0,0,0.11332311
259,72,228,0,0,0.058848005
260,234,229,0,0,0.0021276432
261,133,230,0,0,0.0005293314
262,235,198,0,1,0.8291041
263,236,231,0,1,0.68525165
264,237,232,0,0,0.02652387
265,238,144,0,0,0.005092304
266,239,233,0,0,0.10606655
267,240,77,0,0,0.02679999
268,241,234,0,1,0.81468326
269,242,230,0,0,0.0022712778
270,243,235,0,0,0.0033257422
271,244,236,0,0,0.18473823
272,245,237,0,0,0.00062779
273,246,238,0,0,0.0013496199
274,178,239,0,0,0.0006712644
275,49,240,0,0,0.009458682
276,151,241,0,0,0.0052401787
277,247,242,0,0,0.0061257044
278,174,243,0,0,0.0006859426
279,114,231,0,1,0.9158476
280,248,244,0,0,0.00088930817
281,169,245,0,0,0.0006646332
282,249,246,0,0,0.0022735817
283,203,247,0,1,0.5838711
284,250,248,0,0,0.017998202
285,251,249,0,0,0.006269629
286,252,250,0,0,0.09081967
287,253,251,0,0,0.0018577476
288,254,252,0,0,0.0045318054
289,255,253,0,0,0.000841679
290,256,254,0,0,0.031155141
291,257,255,0,1,0.61975884
292,64,256,0,0,0.0007711617
293,52,257,0,0,0.0017834745
294,258,258,0,0,0.0013660665
295,259,259,0,0,0.0078101223
296,260,122,0,0,0.0007013154
297,116,260,0,0,0.47204533
298,261,98,0,0,0.36394465
299,175,261,0,1,0.9019906
300,262,262,0,0,0.0036700342
301,263,263,0,0,0.0013304029
302,264,202,0,0,0.0007045117
303,265,264,1,0,0.44060186
304,266,265,0,0,0.0031694437
305,267,266,0,0,0.0005319065
306,222,267,0,0,0.0116603
307,268,145,0,0,0.0010501712
308,269,268,0,0,0.0011178831
309,237,269,0,0,0.008360644
310,270,117,0,0,0.009460062
311,233,270,0,1,0.7728517
312,271,271,0,1,0.6955304
313,272,272,0,0,0.0015256004
314,273,273,0,1,0.89669496
315,274,274,0,0,0.0042534275
316,275,275,0,0,0.022248292
317,276,276,0,0,0.0009222992
318,235,57,0,0,0.32076165
319,277,277,0,0,0.00406897
320,278,278,0,0,0.002204832
321,279,279,0,0,0.0041148798
322,280,52,0,0,0.00068019546
323,63,92,0,1,0.57625663
324,146,280,0,0,0.001265839
325,281,281,0,0,0.0011833193
326,231,162,0,0,0.0036793181
327,282,282,0,0,0.0010343884
328,283,283,0,1,0.7692964
329,184,75,1,1,0.6362269
330,284,284,0,0,0.0012271953
331,154,55,1,1,0.5419473
332,285,285,0,0,0.10378758
333,286,286,1,1,0.63138837
334,90,287,0,0,0.046212252
335,287,169,0,1,0.7875513
336,77,123,0,0,0.24625726
337,288,288,0,0,0.0012796859
338,289,289,0,0,0.010189717
339,223,103,0,0,0.0012806504
340,290,77,0,0,0.0044458695
341,291,290,0,0,0.0010468623
342,262,43,0,1,0.7415186
343,292,291,1,1,0.8577972
344,207,211,1,0,0.1699214
345,293,26,0,1,0.83832455
346,101,292,0,0,0.3137172
347,294,293,0,0,0.0019803434
348,295,294,0,0,0.03480466
349,296,295,0,0,0.001161087
350,297,296,0,0,0.0017948253
351,180,297,0,0,0.002525953
352,49,272,0,0,0.011892626
353,20,246,0,0,0.0031354006
354,298,201,0,0,0.0013592792
355,299,298,1,1,0.8137517
356,300,3,0,0,0.0067541003
357,301,299,0,0,0.014258767
358,302,300,0,1,0.731849
359,191,301,0,0,0.0018475149
360,303,45,0,1,0.7076271
361,304,302,0,0,0.0049058967
362,305,303,0,0,0.0030939616
363,145,264,0,0,0.1524043
364,143,304,0,0,0.0021790431
365,306,305,1,1,0.6667071
366,307,306,0,0,0.0047199526
367,233,158,0,1,0.6115421
368,308,163,0,1,0.78555745
369,208,286,0,0,0.0013872716
370,199,265,0,0,0.33751273
371,309,307,0,0,0.003384174
372,6,308,0,1,0.7419408
373,310,309,0,0,0.007655888
374,235,310,1,0,0.46532595
375,311,158,0,1,0.5356905
376,312,311,1,1,0.57549495
377,253,312,0,1,0.7932351
378,313,313,0,0,0.0007127584
379,314,31,0,0,0.14793554
380,315,314,1,1,0.9644935
381,31,315,1,1,0.8167729
382,132,127,0,0,0.0010973106
383,139,316,0,0,0.0081954105
384,246,317,0,0,0.40760908
385,299,273,0,0,0.12774968
386,316,318,0,0,0.008704778
387,317,45,0,0,0.0027454814
388,318,319,0,0,0.00062732614
389,319,258,0,1,0.762666
390,294,320,0,0,0.0012689735
391,320,321,0,0,0.021641785
392,321,322,0,0,0.0007972768
393,101,323,0,0,0.0010077548
394,322,324,0,0,0.0016993062
395,323,325,0,0,0.27803144
396,324,217,0,1,0.5896281
397,325,1,1,1,0.8622658
398,326,262,0,0,0.0041092364
399,327,326,0,0,0.021665255
400,328,136,0,0,0.37480268
401,329,258,0,0,0.0010453102
402,330,109,0,0,0.017096516
403,331,327,0,1,0.58250767
404,332,328,0,0,0.0015424811
405,333,291,0,0,0.00073125697
406,334,81,0,1,0.90611404
407,253,329,0,0,0.015994469
408,335,330,0,0,0.0019764004
409,336,331,1,1,0.89057666
410,239,332,0,0,0.1364545
411,264,226,0,0,0.00094081025
412,337,333,0,0,0.0038242748
413,338,334,0,0,0.4306955
414,339,335,0,1,0.89293915
415,340,336,0,0,0.07664667
416,341,337,0,0,0.0010165273
417,342,338,0,0,0.019438768
418,343,339,0,0,0.00100086
419,39,281,0,1,0.6012314
420,344,39,0,0,0.0031100167
421,345,340,0,0,0.030976245
422,346,341,0,0,0.002579645
423,347,275,0,0,0.0007032764
424,348,342,0,0,0.007749606
425,150,343,0,0,0.0016061785
426,349,344,1,0,0.42325163
427,350,345,0,0,0.0005022675
428,158,346,0,0,0.41609845
429,351,69,0,0,0.001550218
430,352,347,0,0,0.06608193
431,243,348,0,0,0.000950399
432,38,66,0,1,0.7988563
433,18,164,1,1,0.82863593
434,148,22,0,0,0.0036099022
435,353,349,0,0,0.0009075743
436,46,350,0,0,0.4425524
437,354,174,0,0,0.0011711647
438,355,351,1,1,0.9341503
439,356,45,0,0,0.012285097
440,357,352,1,1,0.66496855
441,140,223,0,0,0.0022022359
442,357,353,0,0,0.048974156
443,358,167,1,0,0.43070453
444,181,354,0,0,0.48713115
445,359,355,0,0,0.05069288
446,360,356,0,0,0.00051726017
447,94,357,0,0,0.16962537
448,361,358,0,0,0.0026326654
449,362,359,0,1,0.7391708
450,363,303,0,0,0.2899815
451,49,360,0,0,0.017824138
452,364,361,0,0,0.002751551
453,365,362,0,0,0.0012222619
454,366,363,0,1,0.8543681
455,129,135,0,1,0.6765284
456,367,319,0,0,0.0013189883
457,207,364,0,0,0.0020356537
458,303,365,0,0,0.0009282721
459,356,366,0,0,0.00061355665
460,368,201,0,0,0.0006894322
461,369,367,0,0,0.00084878976
462,370,368,0,1,0.88531685
463,371,369,0,0,0.0029096815
464,372,370,0,0,0.0010013398
465,373,27,1,0,0.43014568
466,208,371,0,0,0.0007650918
467,257,372,0,0,0.15029797
468,13,373,0,0,0.0017708163
469,374,374,1,1,0.9377834
470,375,375,0,0,0.0009289406
471,170,376,0,0,0.0011458042
472,376,377,0,0,0.03091614
473,377,378,0,0,0.011321533
474,378,379,0,0,0.0046799364
475,211,380,0,0,0.0014539451
476,379,381,0,0,0.06545787
477,20,382,0,0,0.028365863
478,380,4,0,1,0.7066678
479,120,244,0,0,0.0014221517
480,68,383,0,1,0.8916528
481,201,83,0,0,0.17257081
482,381,384,0,0,0.0013243512
483,189,191,0,0,0.002492876
484,367,385,0,0,0.0016782543
485,119,108,0,0,0.0015097096
486,382,386,0,0,0.0024038178
487,383,387,0,1,0.5028468
488,384,63,0,0,0.01894445
489,210,388,0,0,0.0074196127
490,385,70,1,1,0.72182024
491,386,389,0,1,0.8655902
492,209,390,0,0,0.0009594617
493,387,391,1,1,0.63677424
494,388,392,0,0,0.00090887235
495,66,393,0,0,0.28599778
496,389,362,0,0,0.0018270079
497,332,127,0,0,0.02085996
498,390,180,0,1,0.66479105
499,69,394,0,0,0.0021076489
500,391,395,0,0,0.0005734674
501,392,379,0,0,0.0004974377
502,302,352,0,0,0.0024177548
503,393,325,0,0,0.16007046
504,394,133,0,0,0.0039815856
505,395,210,0,0,0.001721037
506,141,192,0,0,0.001279567
507,60,113,0,0,0.0019432324
508,396,245,0,0,0.4097518
509,397,396,0,0,0.001646555
510,265,263,0,0,0.4483858
511,398,397,0,0,0.024954457
512,331,398,0,0,0.022228645
513,399,399,0,0,0.0967813
514,400,136,1,1,0.5108426
515,255,400,0,0,0.0005834372
516,401,213,1,1,0.8962565
517,122,67,0,0,0.04288632
518,52,194,0,0,0.0034822344
519,402,296,0,0,0.0014834066
520,403,401,0,0,0.33779913
521,404,402,0,0,0.31239808
522,60,403,0,0,0.0025316651
523,194,404,0,0,0.0022405067
524,180,405,1,1,0.7733138
525,405,406,0,0,0.31456396
526,406,230,0,0,0.007034631
527,104,120,0,0,0.051026434
528,105,313,0,0,0.0007833063
529,234,407,0,0,0.0012372578
530,407,257,0,0,0.12294151
531,408,408,0,0,0.12181438
532,409,409,0,0,0.31593835
533,410,245,0,0,0.46774969
534,195,246,0,0,0.0012332393
535,411,410,1,0,0.25488865
536,89,411,0,0,0.17009157
537,412,170,0,0,0.0060323817
538,214,412,0,0,0.0136692505
539,135,219,0,1,0.55314463
540,331,218,0,1,0.539472
541,413,8,1,1,0.76645094
542,138,413,0,1,0.7560679
543,414,414,0,0,0.0009977886
544,415,415,1,0,0.41401467
545,413,391,0,0,0.0052412697
546,416,416,0,1,0.77501756
547,417,417,0,0,0.04121612
548,72,418,0,0,0.01069569
549,418,419,0,0,0.0007303251
550,419,420,0,1,0.8107597
551,420,421,0,0,0.00077356404
552,421,37,0,0,0.023909176
553,422,422,0,0,0.3663689
554,423,423,0,0,0.001489621
555,424,424,0,0,0.014307263
556,22,149,1,1,0.83373815
557,425,425,0,0,0.003125685
558,426,182,0,0,0.004747056
559,375,426,0,0,0.0007354488
560,223,427,0,0,0.0008216211
561,427,428,0,0,0.14548424
562,58,263,0,0,0.02321306
563,292,424,0,0,0.0019043791
564,425,429,0,0,0.0009140744
565,428,430,1,0,0.17815411
566,388,431,0,0,0.031518906
567,417,426,0,0,0.13311124
568,149,432,0,0,0.0063907066
569,429,433,0,1,0.7776567
570,430,93,0,0,0.00074192893
571,87,434,0,0,0.0008217472
572,431,435,0,0,0.011187253
573,432,436,1,1,0.9356884
574,198,384,0,0,0.0060393815
575,43,437,0,0,0.37682918
576,433,438,0,0,0.0015985516
577,434,310,0,0,0.034993615
578,65,439,0,0,0.0009640148
579,435,440,0,0,0.0007837502
580,436,441,0,0,0.0007429775
581,64,442,0,0,0.0016777137
582,437,443,0,0,0.00058490236
583,247,444,0,1,0.5669826
584,307,335,0,0,0.0007868925
585,430,445,0,0,0.018387841
586,438,446,0,0,0.024406325
587,439,447,0,1,0.54428816
588,440,448,0,1,0.6418106
589,233,449,0,0,0.21984808
590,441,450,0,0,0.0013984712
591,442,451,0,1,0.61673677
592,443,145,0,0,0.43356255
593,291,348,0,0,0.09546655
594,444,452,0,0,0.2697919
595,300,317,0,0,0.00054346083
596,445,215,0,0,0.0008630435
597,446,397,0,1,0.65067494
598,447,453,0,0,0.00071618624
599,448,454,0,1,0.628173
600,185,455,0,0,0.0028237968
601,316,456,0,0,0.0038096553
602,335,258,1,0,0.47875637
603,449,457,0,0,0.2296694
604,450,59,0,0,0.17681476
605,451,458,0,0,0.0010733616
606,452,459,0,0,0.0007204002
607,453,227,0,0,0.18189615
608,454,217,0,0,0.08710217
609,455,264,0,0,0.0012707544
610,338,118,0,0,0.064134434
611,456,379,0,0,0.0071751014
612,192,460,0,0,0.007889226
613,58,461,0,0,0.16184664
614,457,359,0,0,0.003486662
615,458,462,0,0,0.43291044
616,459,463,0,0,0.0014015656
617,460,464,0,0,0.0009831707
618,2,465,0,0,0.0074999537
619,103,273,0,0,0.00089079264
620,461,466,0,0,0.024180256
621,462,467,0,0,0.437356
622,463,115,0,0,0.004388956
623,464,468,0,0,0.0011287341
624,465,17,0,1,0.58366966
625,363,469,0,0,0.002036862
626,34,108,0,0,0.0012194169
627,466,191,0,0,0.0011696585
628,262,470,0,0,0.00076242327
629,467,107,0,0,0.0015022005
630,137,471,0,0,0.020771014
631,83,472,0,0,0.0024268068
632,387,473,0,0,0.014001474
633,182,474,0,0,0.084855445
634,454,396,1,0,0.4383207
635,468,475,0,1,0.65622586
636,469,337,0,0,0.0017759714
637,470,476,0,0,0.431171
638,471,422,0,0,0.45959434
639,154,477,0,0,0.0014739247
640,472,478,0,0,0.0005103615
641,39,479,0,0,0.42204478
642,139,480,0,0,0.090953745
643,473,33,0,0,0.14669557
644,474,90,0,0,0.0040270602
645,435,315,0,0,0.00071009557
646,475,481,0,0,0.0009832372
647,476,482,0,0,0.0014873247
648,220,412,0,0,0.033311658
649,187,235,1,1,0.5463004
650,314,483,1,0,0.38880917
651,477,292,0,0,0.0032680768
652,467,138,0,0,0.007370429
653,478,484,0,0,0.0015320991
654,301,485,1,1,0.7951779
655,479,486,0,1,0.6301569
656,480,487,0,0,0.0007183898
657,281,488,0,0,0.0014735626
658,481,489,0,0,0.17208935
659,79,272,0,0,0.016821744
660,482,2,0,0,0.009728807
661,227,490,1,0,0.42179567
662,483,491,0,0,0.015346135
663,484,15,0,0,0.006240517
664,314,492,0,0,0.0008428041
665,440,493,0,0,0.0324974
666,390,69,0,1,0.8342486
667,485,494,0,0,0.3340231
668,198,77,0,0,0.020328797
669,486,312,0,0,0.0006664406
670,116,367,0,1,0.69083244
671,487,495,1,0,0.38535145
672,488,496,0,0,0.004940137
673,400,131,0,0,0.001090232
674,489,497,1,1,0.8188833
675,341,483,0,0,0.0019620527
676,465,498,0,0,0.0023023118
677,490,177,0,0,0.0023678478
678,24,298,0,0,0.0022461987
679,203,310,0,0,0.44487372
680,491,499,0,0,0.0046973755
681,492,500,0,0,0.015518735
682,412,475,0,1,0.508915
683,493,501,0,0,0.0043681166
684,116,111,0,0,0.012074939
685,298,109,0,1,0.75479203
686,494,502,0,0,0.118436165
687,264,503,0,0,0.016080655
688,495,56,1,1,0.7777043
689,496,504,0,0,0.0009071714
690,165,505,0,0,0.13630968
691,197,506,0,0,0.068818524
692,497,209,0,0,0.014209041
693,221,502,0,1,0.67853844
694,476,395,0,0,0.0070755505
695,498,189,0,0,0.0013401156
696,499,507,1,1,0.9103534
697,500,368,0,0,0.4320817
698,362,508,0,0,0.12050009
699,501,509,0,0,0.00070168235
700,502,510,0,0,0.06254654
701,503,374,0,0,0.000727542
702,504,511,1,1,0.6915259
703,434,133,0,0,0.009169921
704,308,512,0,0,0.2626004
705,353,289,0,0,0.0018250785
706,422,94,0,0,0.004291414
707,88,358,0,0,0.019484418
708,505,513,0,0,0.0012049921
709,83,514,0,0,0.0013440454
710,506,116,0,0,0.001323734
711,507,140,0,0,0.0011410123
712,508,515,0,0,0.004697153
713,509,516,0,0,0.003375337
714,417,517,0,0,0.49456036
715,263,203,0,0,0.0018939611
716,510,90,0,0,0.042578347
717,296,339,0,0,0.05476995
718,511,103,0,0,0.030995473
719,74,50,0,0,0.17244874
720,500,119,0,0,0.46605775
721,512,49,0,0,0.003424477
722,232,20,0,1,0.85946274
723,17,425,1,1,0.65524787
724,513,518,0,0,0.0012012046
725,514,519,0,0,0.010108697
726,515,287,0,0,0.3926154
727,56,520,0,0,0.0013876851
728,516,96,1,1,0.88244593
729,517,521,0,1,0.7245241
730,291,171,0,0,0.021053163
731,454,522,0,0,0.34743804
732,457,523,0,0,0.032588173
733,518,369,0,0,0.005122307
734,519,524,0,1,0.85957116
735,520,525,0,1,0.642623
736,5,83,0,0,0.044162013
737,160,526,1,1,0.75307405
738,391,8,0,1,0.9699784
739,171,128,0,1,0.8862167
740,521,527,0,0,0.39490607
741,522,121,0,0,0.1652658
742,523,9,0,0,0.06946972
743,97,491,0,0,0.006552406
744,42,141,0,0,0.19985938
745,524,528,0,0,0.12851763
746,50,529,1,1,0.9361542
747,456,530,0,1,0.5304679
748,525,531,0,1,0.5842608
749,526,532,0,0,0.05912901
750,527,467,0,0,0.042501368
751,4,533,0,0,0.024029514
752,161,534,0,1,0.5638896
753,39,432,0,0,0.21969387
754,528,446,0,1,0.6771551
755,529,535,0,0,0.0017181311
756,110,536,0,0,0.0007998142
757,212,468,0,0,0.001712692
758,203,537,0,1,0.7177662
759,293,538,1,0,0.03352946
760,28,539,0,0,0.0078540165
761,358,512,0,0,0.0014710138
762,530,58,0,0,0.001083645
763,236,218,0,0,0.15824883
764,447,214,0,1,0.84243643
765,402,540,0,0,0.00080084486
766,37,527,0,0,0.0009570203
767,254,141,0,0,0.008249347
768,234,135,0,0,0.26683185
769,172,541,1,0,0.4181898
770,219,538,0,0,0.28986683
771,531,542,0,1,0.61062086
772,532,543,1,1,0.7515413
773,29,544,1,1,0.7474695
774,533,181,0,1,0.9359304
775,503,545,0,0,0.010366811
776,158,489,0,0,0.0011973658
777,521,187,0,0,0.0017341321
778,67,257,0,0,0.0005159761
779,534,546,0,0,0.0021136447
780,535,446,1,0,0.4434325
781,132,3,0,1,0.9544377
782,536,547,0,0,0.0023470414
783,292,548,0,0,0.002216046
784,521,99,0,0,0.0013366248
785,537,549,0,0,0.004546226
786,146,550,0,0,0.0013893732
787,104,551,0,0,0.0127341
788,142,552,0,0,0.0076484685
789,47,553,0,0,0.0022440378
790,271,68,0,0,0.016128724
791,538,554,0,0,0.002118497
792,539,555,0,0,0.0010842227
793,61,367,0,1,0.8784066
794,539,295,1,1,0.890007
795,181,556,0,0,0.020158064
796,371,557,0,0,0.010546129
797,540,73,0,1,0.50522965
798,100,311,0,0,0.083843544
799,541,376,0,0,0.00055744156
800,542,264,0,0,0.0030548354
801,51,219,0,0,0.46296555
802,434,183,0,0,0.011912344
803,543,558,0,0,0.0718909
804,544,34,0,0,0.00072854315
805,364,217,0,0,0.0016573115
806,287,245,0,0,0.00068244926
807,545,559,0,0,0.0005627726
808,546,560,0,1,0.79639155
809,547,561,0,0,0.00090000924
810,548,513,1,0,0.06846487
811,549,261,0,0,0.0008917451
812,550,562,0,0,0.0008329529
813,551,563,0,0,0.00081836
814,552,564,0,0,0.3423171
815,431,565,0,0,0.07321015
816,209,371,0,0,0.011045564
817,553,90,0,0,0.0018770805
818,257,331,0,0,0.00128014
819,303,566,0,1,0.60124505
820,554,567,0,0,0.0004971367
821,211,301,0,0,0.00068566453
822,555,524,0,0,0.0011133517
823,2,86,0,0,0.0059522004
824,31,568,0,1,0.6015396
825,556,316,0,1,0.52321124
826,295,565,0,0,0.0027673538
827,436,569,0,0,0.003083619
828,557,106,0,0,0.0009718428
829,479,132,0,0,0.32472092
830,93,410,0,1,0.54655236
831,558,570,1,1,0.76673454
832,391,571,0,0,0.0027615814
833,559,338,0,0,0.01021979
834,560,572,0,0,0.0025330419
835,17,573,0,0,0.016609682
836,501,574,0,0,0.002332244
837,515,348,0,0,0.006430549
838,373,347,0,0,0.03531724
839,420,575,1,0,0.3931869
840,391,576,0,1,0.93017215
841,561,14,0,0,0.0010685989
842,396,112,0,0,0.038885243
843,562,577,0,0,0.0036043017
844,563,95,0,0,0.3270293
845,564,578,0,0,0.022743538
846,497,140,0,0,0.089769445
847,534,300,0,0,0.16679838
848,565,389,0,0,0.27504706
849,566,71,0,0,0.001480396
850,295,579,0,0,0.25868532
851,439,580,1,1,0.91465276
852,399,339,0,0,0.053695437
853,15,573,0,1,0.5830233
854,451,254,0,0,0.0023928666
855,567,234,0,0,0.0035551856
856,51,581,0,1,0.8025367
857,568,582,0,0,0.47496238
858,417,486,0,1,0.6158659
859,569,520,0,1,0.6370473
860,570,116,0,0,0.0040483023
861,571,583,0,0,0.008267448
862,110,126,0,0,0.01915054
863,572,126,0,0,0.0760668
864,573,405,0,0,0.0005780033
865,515,584,0,0,0.0060190726
866,574,62,0,0,0.29102927
867,575,226,0,0,0.00079025334
868,576,29,0,0,0.032174814
869,400,155,0,0,0.0016138632
870,577,585,0,0,0.036854863
871,279,103,0,0,0.0017502175
872,578,342,0,0,0.31707698
873,579,586,0,0,0.0020855623
874,580,587,0,0,0.0010106113
875,138,588,0,0,0.0019975805
876,572,170,0,0,0.0008527949
877,251,275,0,0,0.0019323473
878,542,589,0,0,0.059945434
879,136,580,0,0,0.024612978
880,553,590,0,0,0.019693907
881,581,444,0,0,0.051003885
882,193,66,0,0,0.10458965
883,582,437,0,0,0.1897038
884,576,542,0,0,0.00056387094
885,42,413,1,1,0.8445145
886,464,417,0,0,0.0010190455
887,583,539,0,0,0.12638363
888,351,591,0,0,0.00092491636
889,584,380,0,0,0.0012259475
890,585,29,0,0,0.005737301
891,586,499,0,0,0.02683544
892,148,108,1,0,0.40129262
893,551,413,0,0,0.0010508342
894,587,592,0,0,0.0012560664
895,93,593,0,0,0.0012830988
896,495,360,0,0,0.0030138933
897,67,594,0,0,0.00053845556
898,588,595,0,1,0.56036514
899,589,596,0,0,0.0012227364
900,590,578,0,0,0.0023068115
901,539,243,0,0,0.0075495634
902,591,551,0,0,0.000870571
903,592,597,0,0,0.020120744
904,44,598,0,1,0.6821708
905,311,599,0,0,0.3911589
906,544,568,1,1,0.91300106
907,317,600,0,0,0.06582839
908,2,314,0,0,0.0007613175
909,397,244,0,0,0.0033745526
910,247,601,0,0,0.00044953072
911,593,286,0,0,0.0012046971
912,35,592,0,0,0.0063701198
913,594,49,0,0,0.0004711957
914,595,208,0,0,0.020326082
915,251,315,0,0,0.0017659686
916,54,55,0,0,0.48701414
917,344,602,0,0,0.0009646708
918,161,248,0,0,0.0008711909
919,566,395,0,0,0.47154224
920,596,603,0,1,0.71462584
921,109,341,0,0,0.0012153636
922,597,154,0,0,0.0021200306
923,153,604,1,1,0.7055197
924,598,246,0,0,0.0073455204
925,300,216,0,0,0.0026547785
926,126,209,1,1,0.9430295
927,542,605,0,0,0.05633265
928,599,606,0,0,0.006937666
929,197,607,0,0,0.44165316
930,455,608,0,0,0.0008428262
931,600,424,0,0,0.010723907
932,601,609,0,0,0.0009065597
933,602,562,0,0,0.47567573
934,450,399,0,0,0.1936185
935,603,441,0,0,0.00079609547
936,604,488,0,0,0.032155227
937,605,334,0,0,0.001667187
938,304,610,0,0,0.18351376
939,606,611,0,1,0.5414141
940,593,612,0,0,0.001201671
941,23,441,0,0,0.00389118
942,607,598,0,1,0.60499024
943,608,407,0,1,0.62222177
944,411,175,0,0,0.10795858
945,297,613,0,0,0.013076765
946,147,413,0,1,0.8398327
947,609,368,0,0,0.00092319644
948,49,614,0,0,0.016420167
949,610,566,0,0,0.00084088976
950,611,202,0,0,0.004992172
951,69,498,0,0,0.04570825
952,612,145,0,0,0.00205838
953,209,114,0,0,0.02080396
954,613,496,0,1,0.6330302
955,614,615,0,0,0.0024320418
956,615,616,0,0,0.30280656
957,348,617,0,1,0.83017874
958,305,187,0,0,0.004778539
959,311,489,0,0,0.009025763
960,342,66,0,1,0.84317213
961,529,618,0,1,0.8201502
962,616,19,0,1,0.76889986
963,593,619,0,0,0.0012761232
964,224,538,0,0,0.0015716846
965,586,407,0,0,0.01138814
966,615,620,0,1,0.5043604
967,420,621,0,0,0.0017473482
968,396,622,0,0,0.057020087
969,520,532,0,1,0.5670729
970,617,308,0,0,0.042620126
971,618,623,0,0,0.0015749751
972,469,231,0,0,0.0588436
973,619,624,0,0,0.008532575
974,16,439,0,0,0.018215641
975,58,625,0,0,0.0025196522
976,210,342,0,1,0.6651177
977,620,626,0,1,0.64532006
978,172,249,0,0,0.004124785
979,562,30,0,1,0.5371226
980,621,111,1,0,0.4489902
981,328,177,0,1,0.57244444
982,241,430,0,0,0.1617661
983,212,627,0,0,0.033405248
984,363,341,0,1,0.6932686
985,622,49,0,0,0.0029634696
986,531,444,0,0,0.23621349
987,333,628,0,0,0.24869102
988,623,369,0,1,0.821289
989,53,426,0,0,0.0005789106
990,15,629,0,0,0.31894594
991,288,630,0,0,0.01052618
992,178,119,0,0,0.00083512126
993,344,458,0,0,0.47441113
994,624,484,0,0,0.00081504206
995,377,103,1,0,0.4965882
996,625,631,0,0,0.0010335369
997,126,632,0,0,0.4778615
998,289,602,0,0,0.0020664886
999,626,530,0,0,0.0013157667
1000,627,378,0,0,0.0028645545
1001,384,232,0,0,0.004835613
1002,628,180,0,0,0.20031984
1003,537,633,1,1,0.6160353
1004,629,88,0,0,0.00075356895
1005,470,634,1,1,0.80873483
1006,298,100,0,0,0.009399652
1007,200,635,0,0,0.0014637831
1008,317,138,0,0,0.0009989429
1009,248,57,0,1,0.8649863
1010,190,255,0,0,0.0029902006
1011,630,599,0,0,0.019005576
1012,631,636,1,0,0.4493759
1013,27,637,0,0,0.06324741
1014,632,376,0,0,0.00084911054
1015,633,638,1,1,0.9677959
1016,342,442,0,1,0.8514518
1017,529,390,0,0,0.0017812701
1018,282,639,0,1,0.63855445
1019,634,351,0,0,0.012246887
1020,635,640,0,0,0.090665095
1021,346,224,0,0,0.00081283436
1022,636,236,0,1,0.7372831
1023,380,509,0,0,0.0009988524
1024,181,605,0,0,0.01749256
1025,637,434,0,0,0.012256505
1026,638,24,0,0,0.0025387628
1027,639,102,0,0,0.42940012
1028,268,46,0,0,0.0027875314
1029,348,224,0,0,0.019137964
1030,640,641,0,0,0.0703141
1031,537,642,0,0,0.33379033
1032,5,504,0,0,0.0011119869
1033,128,290,0,0,0.045416407
1034,281,84,0,0,0.0009131569
1035,267,127,0,0,0.0030438474
1036,263,643,0,0,0.024089169
1037,471,459,0,0,0.020027399
1038,523,264,0,0,0.0061202804
1039,641,133,0,1,0.5263645
1040,642,557,0,0,0.001336117
1041,444,397,0,0,0.0014988212
1042,643,636,0,0,0.00428485
1043,154,644,0,0,0.00057294755
1044,327,473,0,0,0.078885876
1045,164,645,0,0,0.11720367
1046,644,13,0,0,0.0024034567
1047,510,646,0,0,0.027379416
1048,645,104,0,1,0.5016247
1049,30,647,0,0,0.005455615
1050,135,542,0,0,0.45701882
1051,646,190,0,0,0.0007583065
1052,647,533,0,0,0.0014547117
1053,345,475,0,0,0.0038936054
1054,20,313,0,0,0.18662657
1055,48,169,0,0,0.49846348
1056,513,202,0,0,0.0011454724
1057,477,648,0,0,0.000778656
1058,497,62,0,0,0.4766881
1059,616,649,0,1,0.6859617
1060,648,65,0,1,0.57013357
1061,649,650,0,1,0.6460524
1062,322,447,0,0,0.0010666557
1063,640,442,0,0,0.0058926884
1064,650,293,0,0,0.009332108
1065,466,371,0,0,0.017551746
1066,376,234,0,0,0.0023636376
1067,296,203,0,0,0.055876218
1068,557,651,0,0,0.00076367793
1069,651,652,0,0,0.12296903
1070,652,232,0,0,0.0010950556
1071,399,653,0,0,0.008063871
1072,653,572,0,0,0.0071179504
1073,354,654,0,0,0.0012582655
1074,495,655,0,0,0.001599542
1075,35,656,0,0,0.041831505
1076,647,657,0,0,0.19593477
1077,654,369,0,0,0.16308159
1078,566,312,0,1,0.8134128
1079,655,23,0,0,0.005850307
1080,157,658,0,0,0.0007363608
1081,610,257,0,0,0.0037636023
1082,416,659,0,0,0.0019677326
1083,645,333,0,0,0.0010260761
1084,334,479,0,0,0.0023645915
1085,656,660,0,1,0.80762464
1086,347,538,0,0,0.09212271
1087,360,529,0,0,0.078233294
1088,460,543,0,0,0.00067517493
1089,94,661,0,0,0.25570732
1090,657,94,0,1,0.7504001
1091,552,662,1,0,0.3049461
1092,384,618,0,0,0.0019209519
1093,658,215,0,0,0.0009765914
1094,659,39,0,1,0.76640815
1095,193,147,0,0,0.0013575895
1096,631,599,0,0,0.027854726
1097,578,663,0,0,0.0006075155
1098,660,257,0,0,0.41260368
1099,661,269,0,0,0.0012116769
1100,6,355,0,0,0.0032397597
1101,299,664,0,0,0.0021334735
1102,73,252,0,1,0.5920073
1103,649,359,0,1,0.88437295
1104,423,665,0,0,0.0012217852
1105,21,562,1,1,0.7028993
1106,443,666,0,0,0.14162697
1107,331,667,0,0,0.46340218
1108,662,668,0,0,0.0010097533
1109,663,586,0,0,0.00091605657
1110,407,293,1,0,0.47110984
1111,663,170,0,0,0.06227367
1112,389,400,0,1,0.52157533
1113,664,168,0,0,0.0012506674
1114,376,283,0,0,0.00080580293
1115,665,365,0,0,0.001341834
1116,362,532,0,0,0.0007426798
1117,666,203,0,0,0.016665673
1118,644,29,0,0,0.0011557263
1119,667,669,1,1,0.7869529
1120,651,150,0,0,0.30304876
1121,388,670,0,0,0.10417899
1122,668,432,0,1,0.6996868
1123,618,43,0,0,0.00439553
1124,251,302,0,0,0.008859133
1125,669,366,0,0,0.0023576992
1126,26,510,0,0,0.22328863
1127,240,671,0,0,0.025257008
1128,670,386,0,0,0.0011150452
1129,55,482,0,0,0.0008455446
1130,671,103,0,0,0.0010920797
1131,197,369,0,0,0.0011633077
1132,672,672,0,0,0.0069430717
1133,277,324,0,0,0.010186135
1134,673,673,0,0,0.093562186
1135,227,145,0,0,0.0005063352
1136,674,60,0,0,0.00063777785
1137,564,59,1,1,0.65293896
1138,466,360,0,0,0.0006080157
1139,526,33,0,0,0.19545896
1140,396,278,0,0,0.042358235
1141,537,674,0,0,0.0017713179
1142,29,270,0,0,0.020594945
1143,66,352,0,0,0.3999751
1144,675,609,0,0,0.0009553031
1145,131,659,0,0,0.0011542944
1146,70,255,0,0,0.00078949693
1147,269,462,0,0,0.04231611
1148,676,675,1,0,0.16830917
1149,305,356,0,0,0.0008812748
1150,677,105,0,0,0.2058778
1151,381,676,0,0,0.0056868396
1152,152,677,0,0,0.006184166
1153,96,678,0,0,0.000516401
1154,678,181,0,0,0.017153027
1155,60,679,0,0,0.0065300493
1156,311,222,0,0,0.0034914047
1157,679,1,0,0,0.018855603
1158,680,315,0,0,0.0024682179
1159,473,680,0,0,0.016344246
1160,235,681,0,1,0.5461582
1161,359,446,0,0,0.008167161
1162,681,468,0,0,0.0026586826
1163,666,399,0,0,0.0037961467
1164,682,651,0,0,0.076076455
1165,560,682,1,1,0.6538819
1166,355,427,0,0,0.07104777
1167,625,683,0,0,0.0034383964
1168,683,90,0,0,0.035006262
1169,684,270,0,0,0.0021654137
1170,226,684,0,0,0.0011858717
1171,685,685,0,0,0.0051606167
1172,686,385,1,1,0.74478596
1173,548,394,0,0,0.002790185
1174,563,686,0,1,0.93725497
1175,129,61,0,0,0.0017157666
1176,687,679,1,1,0.8671237
1177,287,345,0,1,0.51521146
1178,688,515,0,0,0.010543165
1179,209,687,0,0,0.0011872946
1180,331,455,0,0,0.003376213
1181,363,573,0,0,0.00086258765
1182,10,178,0,0,0.25050074
1183,689,154,0,0,0.0008506921
1184,7,589,0,0,0.001437645
1185,349,104,0,0,0.17980887
1186,690,569,0,0,0.0019516886
1187,356,76,0,0,0.0010492307
1188,201,670,0,0,0.0014380518
1189,572,629,0,1,0.66321623
1190,27,290,0,0,0.012953317
1191,346,688,0,0,0.0006266775
1192,691,689,0,0,0.001373144
1193,658,508,0,0,0.20033687
1194,670,655,0,0,0.0020945778
1195,692,690,1,1,0.83891094
1196,693,691,0,0,0.0013961256
1197,424,149,0,0,0.4069453
1198,383,618,0,0,0.2374595
1199,427,174,0,0,0.0013162801
1200,294,503,1,0,0.04777142
1201,694,692,0,0,0.0017618663
1202,614,693,0,0,0.000683222
1203,695,308,0,0,0.01013872
1204,696,694,0,0,0.0008031337
1205,649,274,0,0,0.0011835396
1206,522,574,0,0,0.001148389
1207,312,583,0,0,0.43842378
1208,451,572,0,0,0.0023151669
1209,297,126,0,0,0.10041836
1210,697,695,0,0,0.18458773
1211,440,696,0,1,0.6569799
1212,698,535,0,0,0.001421334
1213,680,39,0,1,0.66039
1214,47,697,0,0,0.004109149
1215,368,698,1,1,0.8157261
1216,76,345,0,0,0.0011982295
1217,699,699,1,1,0.6847092
1218,308,700,0,1,0.8336264
1219,6,433,0,1,0.80574
1220,700,701,0,0,0.0010951118
1221,306,506,0,0,0.00090805267
1222,510,24,0,0,0.0008073101
1223,165,64,0,0,0.0071896
1224,487,702,0,0,0.0024130808
1225,531,102,0,0,0.3577383
1226,570,703,0,0,0.0059191105
1227,701,462,0,0,0.30181718
1228,464,704,0,0,0.00096161454
1229,224,703,0,0,0.0030660364
1230,702,90,0,0,0.04676009
1231,703,506,0,0,0.005345266
1232,704,185,0,0,0.0009742963
1233,533,705,0,0,0.001021221
1234,254,554,0,0,0.018004697
1235,249,612,0,0,0.4333279
1236,705,119,0,0,0.0008819191
1237,65,169,0,0,0.003232603
1238,116,140,0,0,0.01771375
1239,101,706,0,1,0.619078
1240,682,178,0,1,0.88172424
1241,27,123,0,0,0.32666066
1242,14,197,0,0,0.011258258
1243,706,140,0,0,0.0012486236
1244,131,412,0,0,0.070258394
1245,194,644,0,0,0.0007488728
1246,52,600,0,0,0.00636314
1247,700,611,1,0,0.38104436
1248,409,707,0,0,0.0010690765
1249,282,45,1,1,0.5312484
1250,476,708,0,0,0.034510437
1251,707,94,0,0,0.0012694321
1252,468,335,0,0,0.007999551
1253,485,709,0,0,0.49643853
1254,383,479,0,0,0.055058405
1255,505,100,0,0,0.0006773956
1256,471,601,0,0,0.0008131663
1257,399,710,0,0,0.0019098334
1258,443,6,1,0,0.22335033
1259,612,314,0,0,0.0018249734
1260,146,711,0,0,0.0014380846
1261,250,131,0,1,0.578353
1262,18,712,0,0,0.0045667468
1263,179,369,0,0,0.0015301039
1264,12,713,0,0,0.003625876
1265,708,714,0,0,0.037771594
1266,709,195,0,0,0.004638465
1267,710,715,0,0,0.0035386104
1268,486,259,0,0,0.0008537991
1269,711,529,0,0,0.1673426
1270,613,270,0,1,0.8472648
1271,40,716,0,0,0.037826218
1272,628,690,0,0,0.0104968585
1273,712,131,0,0,0.05764188
1274,437,331,0,0,0.001148924
1275,642,491,0,0,0.0011175276
1276,20,434,0,0,0.0022415975
1277,169,717,0,0,0.0004993829
1278,713,132,0,0,0.0007962639
1279,284,718,0,0,0.0020727264
1280,714,719,0,0,0.31418562
1281,380,325,0,0,0.13015196
1282,608,74,0,0,0.027828539
1283,316,228,0,0,0.27494514
1284,413,392,0,1,0.8137605
1285,652,350,0,1,0.5743456
1286,715,720,0,1,0.5838116
1287,456,721,0,0,0.024120735
1288,716,298,0,0,0.09018873
1289,717,20,0,0,0.0012768649
1290,498,314,0,0,0.0011815487
1291,718,23,0,0,0.0015107128
1292,39,468,0,0,0.010443839
1293,528,220,1,1,0.7137099
1294,364,722,0,0,0.017124753
1295,719,123,0,0,0.004163895
1296,558,25,0,0,0.0018550617
1297,320,723,0,0,0.13869809
1298,720,489,0,0,0.0019724409
1299,133,724,0,0,0.0009833369
1300,629,475,0,0,0.000961446
1301,721,122,0,0,0.001473609
1302,722,80,1,1,0.64767563
1303,723,363,0,1,0.77767944
1304,723,725,0,0,0.0027438318
1305,485,509,0,0,0.039832193
1306,168,642,0,0,0.27806056
1307,460,647,0,0,0.082586564
1308,724,133,0,0,0.014656271
1309,725,726,0,0,0.00094684743
1310,569,532,0,0,0.01184315
1311,116,715,0,0,0.0033591716
1312,112,727,0,0,0.0013419931
1313,522,728,0,0,0.038386397
1314,15,283,0,1,0.7020813
1315,543,96,0,0,0.003229019
1316,726,149,0,0,0.0023132216
1317,727,248,1,1,0.84223604
1318,728,729,1,1,0.8107555
1319,348,730,0,0,0.0014117077
1320,729,667,0,0,0.0008332319
1321,534,557,0,0,0.0025045304
1322,262,731,0,0,0.0021403225
1323,642,275,0,0,0.0011535607
1324,730,716,0,0,0.04309007
1325,731,655,0,0,0.0025668775
1326,473,732,0,0,0.0010109869
1327,548,14,0,0,0.041671388
1328,620,10,0,1,0.740732
1329,39,733,0,0,0.00086774654
1330,269,734,0,0,0.0004805823
1331,278,732,0,0,0.001048282
1332,282,105,0,0,0.0006502278
1333,732,735,0,0,0.0025492944
1334,310,415,0,0,0.0013314106
1335,85,263,0,0,0.0039945655
1336,733,736,1,1,0.9445802
1337,370,253,0,1,0.77273357
1338,88,737,0,0,0.00089294056
1339,78,738,1,0,0.27945277
1340,652,739,0,0,0.010770659
1341,553,114,0,0,0.003058548
1342,261,558,0,0,0.17738791
1343,734,582,0,0,0.27704185
1344,549,716,0,0,0.001485295
1345,735,740,0,0,0.0010714266
1346,695,34,0,0,0.008275733
1347,479,741,0,0,0.008021084
1348,165,305,0,0,0.101125
1349,736,418,0,0,0.0023962578
1350,737,503,0,0,0.0006735791
1351,6,742,0,1,0.9054815
1352,738,501,1,1,0.5515839
1353,304,450,0,0,0.0059253816
1354,194,97,0,0,0.35164386
1355,739,505,1,1,0.8611922
1356,256,284,0,0,0.16278426
1357,658,496,0,0,0.11332311
1358,94,651,0,1,0.75212026
1359,427,111,0,0,0.0011165524
1360,436,743,0,0,0.0013339142
1361,740,59,0,0,0.0021959748
1362,337,744,0,0,0.0010036649
1363,591,274,0,0,0.0005645644
1364,649,553,0,1,0.8497993
1365,741,506,0,0,0.0030254752
1366,359,307,1,0,0.2530218
1367,742,613,0,0,0.020609297
1368,372,745,1,0,0.4378637
1369,578,746,0,0,0.30151215
1370,247,581,0,1,0.8400504
1371,49,663,0,0,0.00075397734
1372,67,474,0,0,0.0028214308
1373,743,253,0,0,0.0010687792
1374,474,62,0,0,0.0014822545
1375,557,739,1,1,0.7767516
1376,207,404,0,0,0.021584501
1377,558,747,0,0,0.005885955
1378,744,748,0,0,0.00068006973
1379,704,600,0,0,0.00090326904
1380,494,749,0,0,0.0019622787
1381,745,536,0,0,0.001151846
1382,718,42,1,1,0.9501332
1383,746,507,0,0,0.027946651
1384,124,619,0,1,0.8819609
1385,584,352,0,0,0.0009932872
1386,747,750,0,0,0.0037338003
1387,54,454,0,0,0.47392023
1388,671,490,0,0,0.0012807132
1389,260,751,0,1,0.5136704
1390,748,752,0,0,0.0015326199
1391,425,324,0,0,0.0013069604
1392,216,196,0,0,0.16524716
1393,84,753,0,1,0.7491747
1394,581,609,1,1,0.7068382
1395,401,628,0,0,0.0056810807
1396,250,754,0,0,0.046717368
1397,406,679,0,0,0.0019809457
1398,520,595,0,0,0.15407227
1399,749,663,0,0,0.00074542704
1400,540,755,0,1,0.5812531
1401,604,465,0,0,0.012997279
1402,750,500,0,0,0.0016200684
1403,751,282,0,0,0.0008673014
1404,473,756,0,0,0.00096547167
1405,752,316,0,0,0.000589274
1406,382,445,0,0,0.0029226493
1407,661,66,0,0,0.001018158
1408,388,757,0,0,0.0013497544
1409,403,758,0,0,0.0006553028
1410,688,248,0,0,0.07474133
1411,78,200,0,0,0.0020905123
1412,18,234,0,0,0.002350059
1413,185,164,0,0,0.0013991139
1414,739,403,0,0,0.0021062214
1415,734,759,0,0,0.0021444906
1416,753,760,0,0,0.01690384
1417,100,574,0,0,0.0033181894
1418,289,761,0,0,0.24095407
1419,341,98,0,0,0.0007334247
1420,754,354,0,0,0.0005415159
1421,205,762,0,0,0.009619936
1422,755,593,0,0,0.0024232124
1423,99,374,0,0,0.0010100597
1424,566,389,1,1,0.95656943
1425,199,175,0,0,0.045345675
1426,560,520,0,0,0.29716069
1427,756,586,0,0,0.00079930254
1428,57,763,0,0,0.0012289814
1429,757,159,0,1,0.6567371
1430,530,54,0,0,0.100163534
1431,75,272,0,0,0.1467249
1432,758,764,1,0,0.39656088
1433,408,341,0,1,0.53767014
1434,244,393,0,0,0.0015719825
1435,373,242,0,0,0.0035480387
1436,759,695,1,0,0.4358595
1437,12,160,0,0,0.009744199
1438,215,765,1,0,0.18477751
1439,70,81,0,0,0.005732627
1440,760,200,0,1,0.6588291
1441,761,382,0,0,0.001541835
1442,762,278,0,0,0.015994033
1443,763,766,0,0,0.08139556
1444,197,35,0,1,0.9300382
1445,595,697,0,0,0.007639737
1446,485,369,0,0,0.32515505
1447,764,100,0,0,0.0008752562
1448,411,436,0,0,0.0006068257
1449,583,767,0,0,0.32263136
1450,562,597,0,0,0.36696348
1451,26,626,0,0,0.010592654
1452,638,57,0,0,0.11459804
1453,765,66,0,0,0.3019885
1454,323,768,0,0,0.0047351173
1455,557,727,0,0,0.015577095
1456,766,140,0,0,0.0016694225
1457,362,496,1,0,0.21984808
1458,56,309,1,1,0.8989399
1459,95,296,1,1,0.79413503
1460,156,689,0,0,0.17921829
1461,758,769,0,0,0.005093087
1462,626,372,0,1,0.73398703
1463,88,556,0,0,0.0022922615
1464,706,629,0,0,0.001946155
1465,716,770,0,0,0.0020269493
1466,767,289,0,0,0.1862072
1467,218,771,0,1,0.7048762
1468,349,686,0,0,0.4402621
1469,41,574,0,0,0.001268945
1470,127,772,0,0,0.20095381
1471,734,206,0,0,0.0133114755
1472,768,231,0,0,0.00093656604
1473,213,278,0,0,0.001787563
1474,117,773,0,0,0.005042935
1475,662,340,0,0,0.0005265448
1476,769,675,0,0,0.0031748945
1477,448,420,0,0,0.00050905335
1478,442,172,0,0,0.3473056
1479,491,598,0,0,0.18093337
1480,770,774,0,0,0.12305549
1481,467,476,0,0,0.00624375
1482,397,775,0,1,0.5248554
1483,434,776,1,1,0.57507664
1484,701,777,0,0,0.0018570935
1485,718,778,0,0,0.0020882196
1486,31,674,0,0,0.0009399314
1487,771,174,0,0,0.0013286979
1488,191,751,0,1,0.570198
1489,772,140,0,0,0.0017002277
1490,681,204,0,0,0.013937218
1491,312,548,0,0,0.0023951365
1492,547,727,0,0,0.389656
1493,27,775,0,0,0.00077681174
1494,514,15,0,0,0.0106747765
1495,773,779,0,0,0.031127376
1496,774,724,0,0,0.0085103335
1497,97,514,0,0,0.005876292
1498,337,780,0,1,0.64128757
1499,440,413,0,1,0.5961506
1500,216,98,0,0,0.328869
1501,462,781,0,0,0.0059092646
1502,307,417,0,0,0.00070760597
1503,660,600,1,1,0.68304205
1504,261,712,0,0,0.0026029265
1505,775,123,1,1,0.5208939
1506,312,381,0,0,0.0011738619
1507,604,732,1,0,0.36033595
1508,776,142,0,0,0.0010261266
1509,241,782,0,0,0.014069148
1510,28,202,0,0,0.0020936073
1511,777,98,0,0,0.0026107398
1512,778,103,0,0,0.0028671762
1513,779,279,0,0,0.061554298
1514,55,767,0,0,0.007042196
1515,780,783,0,0,0.0022568828
1516,545,275,0,1,0.8537818
1517,507,288,0,0,0.00056561414
1518,442,762,0,0,0.48511228
1519,781,370,0,0,0.0016066657
1520,591,516,0,0,0.0008501787
1521,299,784,0,1,0.8339508
1522,514,785,0,1,0.54739636
1523,331,211,0,0,0.015887192
1524,180,758,0,0,0.0009143157
1525,782,786,0,1,0.59737694
1526,183,787,0,1,0.8023301
1527,275,445,0,0,0.0014800224
1528,41,556,1,0,0.4330334
1529,525,228,0,0,0.0008897535
1530,222,190,0,0,0.013976664
1531,622,782,0,0,0.0029720257
1532,783,30,0,0,0.3076592
1533,637,748,0,1,0.55162746
1534,445,568,0,0,0.00051418605
1535,784,788,0,0,0.1481398
1536,308,626,0,0,0.0027903095
1537,479,789,1,1,0.8690026
1538,144,121,0,0,0.19434604
1539,29,300,0,0,0.00082459685
1540,135,790,0,0,0.00075825985
1541,196,622,0,0,0.007402997
1542,41,633,0,0,0.01920823
1543,620,661,0,1,0.5408737
1544,785,498,0,0,0.0040797866
1545,786,665,0,0,0.0008316617
1546,787,364,0,0,0.008439959
1547,121,791,0,0,0.0015900091
1548,788,792,0,0,0.0038528682
1549,607,47,0,0,0.06741996
1550,320,733,0,0,0.006110867
1551,292,572,0,0,0.00178997
1552,537,453,0,0,0.002179963
1553,457,670,0,0,0.04746809
1554,185,267,0,0,0.0018991106
1555,62,371,0,0,0.0009453308
1556,586,531,0,0,0.005427602
1557,489,793,0,0,0.00084423396
1558,789,313,0,0,0.0006559341
1559,13,324,0,0,0.0051323045
1560,88,107,0,0,0.0040737675
1561,790,794,0,0,0.00095474394
1562,791,795,0,0,0.21805203
1563,697,784,0,0,0.4691439
1564,792,796,0,0,0.340769
1565,146,797,0,0,0.001068746
1566,477,767,0,0,0.0019461402
1567,601,731,0,0,0.0017610731
1568,143,777,0,1,0.7178992
1569,688,12,0,0,0.0011445105
1570,738,798,0,0,0.0022350661
1571,40,95,0,0,0.010329381
1572,511,554,0,0,0.0028584348
1573,504,504,0,0,0.0018851857
1574,254,62,0,1,0.6205103
1575,722,799,0,0,0.0008019915
1576,70,6,0,0,0.066724025
1577,149,442,0,1,0.73237944
1578,46,800,0,0,0.0037541224
1579,723,34,0,1,0.69973254
1580,209,801,0,1,0.5389652
1581,216,256,0,0,0.046391685
1582,365,705,0,0,0.0009847821
1583,793,802,0,0,0.042620126
1584,145,803,0,0,0.0023183124
1585,138,130,0,1,0.6464589
1586,152,395,0,0,0.37210673
1587,794,624,0,0,0.00049730495
1588,795,700,0,0,0.0012581155
1589,796,118,0,0,0.06438764
1590,674,804,0,0,0.0013739353
1591,127,787,0,0,0.0007644978
1592,44,398,0,1,0.6494343
1593,797,805,0,0,0.08542233
1594,778,490,0,0,0.0014715692
1595,798,110,0,0,0.01425305
1596,799,498,0,0,0.0015814692
1597,295,188,0,0,0.34534553
1598,86,740,0,0,0.007221142
1599,368,260,0,1,0.8356476
1600,536,497,0,0,0.0097963475
1601,800,334,0,0,0.0015059651
1602,801,404,0,0,0.0012061801
1603,379,436,0,0,0.0008526633
1604,802,416,0,0,0.14476514
1605,708,390,0,0,0.02047166
1606,803,713,0,0,0.060478214
1607,514,462,0,0,0.3763808
1608,256,425,0,0,0.003247814
1609,413,593,0,0,0.4288791
1610,690,806,0,0,0.0034082863
1611,240,599,0,0,0.017993122
1612,502,347,0,0,0.25545508
1613,804,591,0,0,0.028337186
1614,130,807,0,0,0.004157712
1615,782,307,0,0,0.14527191
1616,805,808,0,1,0.79294443
1617,252,437,0,0,0.0020797658
1618,758,809,0,0,0.008862387
1619,209,716,1,1,0.5694516
1620,806,810,0,0,0.010273712
1621,247,139,1,0,0.2888456
1622,114,667,0,1,0.5317739
1623,807,20,0,0,0.005192872
1624,515,811,0,0,0.10918239
1625,808,114,0,0,0.35871932
1626,809,812,0,0,0.001966741
1627,582,690,0,0,0.100680254
1628,464,216,0,0,0.0013315907
1629,694,451,0,0,0.00085331884
1630,217,103,0,0,0.0011559465
1631,782,670,0,0,0.18255763
1632,156,498,0,0,0.030678255
1633,810,190,0,0,0.0075069494
1634,67,813,0,0,0.23442249
1635,811,185,0,0,0.29003468
1636,812,161,0,0,0.005192567
1637,813,104,0,0,0.0030484393
1638,465,787,0,0,0.10882875
1639,510,402,0,0,0.08255828
1640,579,744,0,0,0.005939521
1641,116,733,0,0,0.021050634
1642,523,554,0,0,0.0023003335
1643,645,789,0,0,0.0048784376
1644,647,301,0,0,0.044677734
1645,645,60,0,0,0.0019608776
1646,173,814,0,0,0.19611444
1647,568,564,0,0,0.0012868281
1648,810,385,0,0,0.099631764
1649,798,196,0,0,0.1401906
1650,402,390,0,0,0.04871313
1651,363,730,0,0,0.0007978164
1652,814,815,0,0,0.056965258
1653,350,621,1,1,0.8686377
1654,336,640,0,0,0.024667384
1655,256,816,0,0,0.0040419996
1656,196,581,0,0,0.03547184
1657,337,720,1,1,0.73032975
1658,796,342,0,0,0.0017674622
1659,815,763,1,1,0.7723822
1660,369,817,0,0,0.06710322
1661,569,455,0,1,0.64655125
1662,247,699,0,0,0.44162977
1663,816,25,1,1,0.72214204
1664,349,287,0,0,0.001644963
1665,273,818,0,0,0.0012359763
1666,327,456,0,0,0.050886452
1667,554,517,0,0,0.0012847087
1668,330,295,0,0,0.0017731418
1669,694,819,0,0,0.006386408
1670,327,59,0,0,0.020293107
1671,817,820,0,0,0.0016418423
1672,13,553,0,1,0.9332467
1673,779,173,0,0,0.0023201308
1674,288,745,0,0,0.0055524018
1675,818,821,0,0,0.0028360875
1676,819,775,0,0,0.23516038
1677,500,609,0,0,0.0037568503
1678,485,439,0,0,0.070495
1679,414,341,0,0,0.00095422706
1680,820,222,0,0,0.006707757
1681,291,724,0,0,0.0014332045
1682,233,496,0,1,0.6460524
1683,821,569,0,0,0.0037731847
1684,241,822,0,0,0.19478191
1685,14,719,0,1,0.62706256
1686,425,288,1,1,0.6985252
1687,712,184,0,0,0.04637846
1688,21,344,0,0,0.0011178295
1689,34,514,0,0,0.0015305054
1690,794,2,0,0,0.44117215
1691,134,823,0,0,0.08020794
1692,737,127,0,0,0.001224859
1693,649,67,0,0,0.04288632
1694,660,824,0,1,0.55964124
1695,822,105,0,0,0.0048423754
1696,823,689,0,0,0.0041304557
1697,272,825,0,0,0.006931128
1698,358,812,0,0,0.0011596036
1699,546,826,0,0,0.0008399492
1700,391,466,0,0,0.0022009204
1701,824,645,0,0,0.0008317033
1702,376,233,0,0,0.0023631498
1703,737,827,0,0,0.0011983938
1704,247,693,0,0,0.22131263
1705,825,801,0,0,0.00092841755
1706,709,33,0,0,0.09236552
1707,21,314,0,0,0.00263908
1708,585,828,1,1,0.6397729
1709,134,604,0,0,0.0048324727
1710,18,114,0,0,0.23133023
1711,761,829,0,0,0.0006712056
1712,826,830,0,0,0.0016854303
1713,702,402,0,0,0.09732268
1714,127,422,0,0,0.123431325
1715,30,585,0,0,0.0027148114
1716,280,176,0,0,0.0039456203
1717,721,550,0,0,0.0008052149
1718,126,282,0,0,0.02624302
1719,321,831,0,0,0.0007613563
1720,313,57,0,0,0.0009538807
1721,119,532,0,0,0.0018179198
1722,775,604,0,0,0.0022695733
1723,656,774,0,0,0.03066106
1724,827,132,0,0,0.0031790654
1725,100,664,0,0,0.0021920018
1726,828,233,0,0,0.0013667386
1727,639,482,0,0,0.0011552476
1728,37,380,0,0,0.0021571447
1729,829,657,0,1,0.9547015
1730,33,490,0,0,0.0023150183
1731,247,616,0,1,0.6387996
1732,79,500,0,0,0.0015752796
1733,173,68,0,0,0.017049976
1734,396,516,0,0,0.0025894628
1735,612,127,0,0,0.001325172
1736,549,29,0,0,0.0058719986
1737,830,429,0,1,0.5811886
1738,249,57,0,0,0.3817924
1739,109,429,0,0,0.3516707
1740,758,689,0,0,0.001766537
1741,552,165,0,0,0.00062771345
1742,281,832,1,0,0.42748487
1743,140,165,0,0,0.0007756567
1744,779,14,0,0,0.0008232033
1745,694,128,0,0,0.010950024
1746,495,833,0,0,0.010947314
1747,579,732,0,0,0.027651463
1748,175,718,0,0,0.08697342
1749,429,834,0,1,0.60152864
1750,831,98,0,1,0.87679386
1751,832,548,0,0,0.05008918
1752,323,835,0,0,0.00087578385
1753,826,144,0,0,0.0014576515
1754,214,836,0,0,0.015823284
1755,92,837,0,0,0.04974655
1756,800,381,0,0,0.001804146
1757,674,838,0,0,0.006308091
1758,554,411,0,0,0.008713419
1759,592,839,1,0,0.37839362
1760,114,327,0,1,0.6347327
1761,62,276,1,1,0.5346219
1762,520,638,0,0,0.002032981
1763,146,478,0,0,0.0063701198
1764,177,292,0,0,0.12529379
1765,302,763,0,0,0.017388532
1766,530,376,1,1,0.95625275
1767,8,840,0,0,0.0024348348
1768,440,141,0,1,0.5123638
1769,504,376,0,0,0.40439367
1770,117,841,0,0,0.010319709
1771,833,95,0,0,0.015727526
1772,539,248,0,0,0.02958224
1773,233,508,0,0,0.07836332
1774,404,7,0,0,0.00084826705
1775,711,230,0,0,0.30398372
1776,302,493,1,1,0.66957915
1777,793,553,0,0,0.002883512
1778,287,312,0,1,0.5922325
1779,800,593,0,0,0.016672308
1780,67,526,0,0,0.00263383
1781,143,75,0,0,0.2134724
1782,466,532,0,0,0.0017343136
1783,834,671,0,0,0.31675908
1784,55,842,1,1,0.67193043
1785,607,236,0,0,0.14516911
1786,249,583,0,0,0.0039537204
1787,682,320,0,0,0.0008367482
1788,81,638,0,0,0.0011752616
1789,124,364,0,1,0.90222514
1790,16,458,0,0,0.072233334
1791,240,491,0,0,0.0029347856
1792,428,843,0,0,0.0016559645
1793,403,701,0,0,0.13635801
1794,835,401,1,1,0.50402254
1795,592,844,0,0,0.0024340404
1796,507,578,1,0,0.4169788
1797,104,448,0,0,0.0017751169
1798,300,316,0,0,0.0008889786
1799,98,762,0,0,0.023848852
1800,184,401,0,0,0.001477625
1801,836,369,0,0,0.00071848975
1802,457,285,0,0,0.0010863764
1803,389,845,0,0,0.0011423277
1804,493,846,1,1,0.6911301
1805,513,372,0,0,0.001235715
1806,631,128,0,0,0.0021030668
1807,720,55,0,0,0.0005465679
1808,20,847,0,0,0.0017461284
1809,550,554,0,0,0.01685497
1810,837,13,0,0,0.004754557
1811,838,20,0,0,0.0007217543
1812,166,671,0,0,0.00083246524
1813,307,827,0,0,0.0060486374
1814,421,294,0,0,0.0005922444
1815,141,321,0,0,0.0034579458
1816,176,626,0,1,0.82133716
1817,589,848,0,1,0.5378261
1818,839,355,0,0,0.0020136798
1819,523,245,0,0,0.3976881
1820,766,849,0,0,0.0006529083
1821,840,172,0,0,0.086715974
1822,446,672,0,0,0.00056579505
1823,841,850,0,0,0.16475493
1824,257,301,1,0,0.25267765
1825,383,851,0,0,0.0052235215
1826,269,852,0,0,0.00047924998
1827,842,853,0,0,0.00058429316
1828,843,554,1,1,0.6172563
1829,370,854,0,0,0.001992976
1830,417,855,0,0,0.14315823
1831,215,673,0,0,0.13240553
1832,299,389,0,0,0.017365498
1833,522,825,0,0,0.0006985858
1834,623,172,0,0,0.00079027895
1835,549,65,0,0,0.0074909083
1836,610,329,1,1,0.86970234
1837,271,491,0,0,0.0012949173
1838,280,310,0,1,0.57136935
1839,151,705,0,0,0.10137533
1840,599,482,1,1,0.58558005
1841,608,221,0,0,0.00067881605
1842,658,449,0,0,0.13304129
1843,789,856,0,0,0.00678825
1844,736,164,0,0,0.29877067
1845,159,819,0,0,0.009315617
1846,116,282,0,0,0.0010943881
1847,844,593,0,0,0.0006656481
1848,368,687,0,1,0.511574
1849,722,176,0,0,0.48416054
1850,845,539,0,0,0.0043791006
1851,374,518,0,0,0.00067682256
1852,2,132,0,0,0.025227875
1853,716,857,0,0,0.47001785
1854,170,812,1,1,0.959889
1855,846,1,0,0,0.0059084636
1856,720,180,0,0,0.0011327594
1857,745,226,0,0,0.00095964817
1858,97,8,0,0,0.008038254
1859,680,281,0,0,0.13476099
1860,361,313,0,0,0.0014384284
1861,65,724,0,0,0.003409801
1862,378,830,0,1,0.6531202
1863,4,858,0,0,0.0017908639
1864,847,355,0,0,0.008072195
1865,468,423,0,0,0.0010092999
1866,145,338,0,0,0.0011939871
1867,118,319,0,0,0.0064752987
1868,233,650,0,0,0.075848825
1869,192,859,0,0,0.0037293083
1870,242,451,0,0,0.2616644
1871,584,278,0,0,0.016531976
1872,743,857,0,0,0.13569114
1873,149,392,0,1,0.7643302
1874,711,860,0,0,0.026240366
1875,228,568,0,0,0.0012279314
1876,378,180,0,0,0.002569686
1877,491,690,0,1,0.7714256
1878,391,442,0,1,0.88908964
1879,848,512,0,0,0.07769156
1880,173,861,0,0,0.0025853086
1881,849,687,0,0,0.015983336
1882,463,862,0,0,0.0011629482
1883,355,863,0,0,0.0145806605
1884,194,219,0,0,0.043441158
1885,843,864,0,0,0.0019091626
1886,848,865,0,0,0.0023081452
1887,755,278,0,0,0.06738691
1888,846,782,0,0,0.013366972
1889,315,811,0,0,0.0008045205
1890,410,428,0,0,0.0013734866
1891,686,863,0,0,0.001659015
1892,850,142,0,0,0.05664981
1893,746,152,0,0,0.052591935
1894,428,310,0,0,0.0027959957
1895,683,353,0,0,0.0017777408
1896,159,360,0,0,0.098464265
1897,20,866,0,0,0.03972115
1898,522,641,0,0,0.015764084
1899,666,767,0,0,0.083623186
1900,164,294,0,0,0.37297443
1901,207,867,0,0,0.0011173317
1902,851,179,0,1,0.5553326
1903,780,613,1,0,0.48238868
1904,399,584,1,0,0.051582538
1905,293,90,0,0,0.26523674
1906,852,868,0,0,0.07268855
1907,243,821,1,0,0.34941182
1908,247,534,0,1,0.89897776
1909,853,491,0,0,0.00902036
1910,19,814,0,1,0.74257916
1911,494,192,1,1,0.9343886
1912,722,262,0,0,0.062828645
1913,765,576,0,1,0.5206697
1914,21,119,0,1,0.5458497
1915,702,648,0,1,0.9115486
1916,413,576,0,1,0.7612606
1917,854,110,0,0,0.00614737
1918,47,556,0,1,0.80833656
1919,855,665,1,0,0.12913518
1920,168,869,0,0,0.0022465964
1921,276,782,1,1,0.66680217
1922,404,26,0,0,0.2933627
1923,702,643,0,0,0.0006035449
1924,576,870,0,0,0.0010239494
1925,52,667,0,0,0.1305299
1926,330,319,0,0,0.04265569
1927,148,41,0,0,0.004576459
1928,74,871,1,1,0.84804296
1929,449,204,0,0,0.0013447496
1930,422,459,0,0,0.46142256
1931,503,100,0,0,0.03745254
1932,20,91,0,0,0.0012189669
1933,91,845,0,0,0.0014608046
1934,563,104,0,1,0.5276302
1935,768,402,1,0,0.10014834
1936,746,767,0,0,0.0017825381
1937,856,90,0,0,0.0005451948
1938,857,222,0,1,0.7545717
1939,814,43,0,0,0.009051201
1940,858,872,0,0,0.0011433184
1941,301,873,0,0,0.0007735062
1942,859,194,0,0,0.0038440241
1943,860,871,0,0,0.0048720553
1944,445,528,0,0,0.002409532
1945,83,65,0,0,0.046735886
1946,375,242,1,0,0.368153
1947,714,872,0,0,0.060897555
1948,693,77,0,0,0.0030489236
1949,861,708,0,0,0.0008021822
1950,365,732,0,0,0.0025009268
1951,862,603,0,0,0.0013909996
1952,162,535,0,0,0.02483988
1953,388,235,0,0,0.005118671
1954,754,216,0,0,0.00078461814
1955,479,168,0,0,0.0011089303
1956,278,723,1,0,0.48637992
1957,683,646,0,0,0.35788107
1958,154,511,0,1,0.83501554
1959,218,789,0,0,0.0010605485
1960,646,340,0,0,0.098150864
1961,587,561,0,0,0.017945172
1962,863,69,0,1,0.72934604
1963,428,53,0,0,0.0871327
1964,661,587,0,0,0.0062391334
1965,463,291,0,0,0.005246924
1966,390,498,0,1,0.8053099
1967,425,874,0,0,0.0033467696
1968,52,855,0,0,0.0042750714
1969,864,0,0,0,0.2674907
1970,247,366,0,0,0.0016916575
1971,562,636,0,1,0.5864951
1972,865,192,0,0,0.005271288
1973,866,875,0,0,0.0012287649
1974,731,603,0,0,0.00069643935
1975,569,451,0,0,0.46635836
1976,431,447,0,0,0.010649305
1977,854,486,0,1,0.84818166
1978,398,379,0,0,0.00074860774
1979,675,399,0,0,0.03834247
1980,98,464,0,0,0.011548037
1981,351,200,0,1,0.57934976
1982,611,96,0,0,0.0036917743
1983,861,850,0,0,0.0035024383
1984,867,766,0,1,0.5775327
1985,868,767,0,0,0.48390794
1986,707,806,0,0,0.009638363
1987,700,84,0,0,0.2606822
1988,5,876,0,0,0.0007835985
1989,253,877,0,0,0.07714577
1990,838,863,0,0,0.0029240267
1991,869,878,0,0,0.018548023
1992,842,864,0,0,0.11364125
1993,489,730,0,0,0.21023881
1994,828,3,0,0,0.005816545
1995,806,552,0,0,0.011342475
1996,471,376,0,0,0.35009518
1997,838,691,0,0,0.30786112
1998,302,809,0,0,0.028555922
1999,870,879,0,0,0.0057987813
2000,824,535,0,0,0.0029796711
2001,664,682,0,0,0.063590884
2002,252,587,0,0,0.03314594
2003,171,880,0,0,0.48317143
2004,871,103,0,0,0.0027877223
2005,328,649,0,0,0.05668391
2006,632,111,0,0,0.0011432132
2007,42,658,0,0,0.0016640803
2008,351,486,0,0,0.0010619669
2009,413,66,0,0,0.48496196
2010,11,828,0,0,0.0029032307
2011,378,709,0,1,0.89668113
2012,872,163,0,0,0.0009098727
2013,472,881,0,1,0.6870235
2014,760,702,0,0,0.0005218551
2015,374,67,0,0,0.0010091243
2016,873,882,1,0,0.09660012
2017,251,321,0,0,0.0027356825
2018,795,514,0,0,0.029486652
2019,470,446,0,0,0.00088108965
2020,600,433,0,0,0.069326
2021,450,289,0,0,0.0035360628
2022,238,878,0,0,0.20487331
2023,662,493,0,0,0.001869534
2024,190,317,0,0,0.019827608
2025,697,544,0,0,0.00076605007
2026,194,748,0,0,0.111704245
2027,332,883,1,0,0.36851147
2028,509,884,0,0,0.0066170758
2029,874,221,0,1,0.570721
2030,393,400,0,0,0.4525079
2031,144,168,0,0,0.13596086
2032,875,20,0,0,0.0025346351
2033,349,885,0,0,0.2713152
2034,543,83,0,1,0.5982124
2035,470,657,0,1,0.9298138
2036,819,878,0,0,0.10713537
2037,876,525,1,0,0.34414846
2038,613,359,0,0,0.32952324
2039,403,628,0,0,0.04419467
2040,833,45,0,0,0.038764223
2041,40,886,0,0,0.077982485
2042,437,153,0,0,0.0018234235
2043,820,36,0,0,0.00084807957
2044,510,657,0,0,0.13974558
2045,701,725,0,0,0.0019291138
2046,306,375,0,0,0.068712644
2047,767,272,1,1,0.59856504
2048,575,557,0,0,0.0017148831
2049,702,764,0,0,0.004141629
2050,877,490,0,0,0.0010815401
2051,522,887,0,0,0.17234242
2052,117,100,0,0,0.0036087586
2053,539,328,0,1,0.8681661
2054,728,530,0,0,0.08281027
2055,878,726,0,0,0.0021227289
2056,410,832,0,0,0.0007137096
2057,779,224,0,0,0.034838196
2058,544,21,0,0,0.0016653262
2059,665,405,0,0,0.00088782946
2060,514,68,1,1,0.9491069
2061,879,630,0,0,0.0011837612
2062,203,57,0,0,0.32107842
2063,131,88,0,0,0.004248097
2064,249,537,0,0,0.3013809
2065,817,888,0,0,0.0045025926
2066,301,810,0,0,0.010660755
2067,430,114,0,0,0.01740168
2068,103,10,0,1,0.53799
2069,53,889,0,0,0.0006779068
2070,218,354,0,0,0.0018202091
2071,526,139,0,0,0.0010509263
2072,272,416,0,0,0.003263425
2073,417,636,0,0,0.0042772866
2074,763,406,0,0,0.21166833
2075,270,817,0,0,0.0023938548
2076,328,261,0,0,0.38011816
2077,880,316,0,0,0.029769477
2078,25,215,0,0,0.09777541
2079,96,86,0,0,0.0013119264
2080,806,106,0,0,0.0014925593
2081,242,354,0,0,0.00080457533
2082,881,77,0,0,0.0014558453
2083,439,890,0,0,0.0034568186
2084,140,565,1,0,0.14377636
2085,882,769,0,0,0.0012813733
2086,883,708,1,1,0.8031151
2087,28,478,1,0,0.10426462
2088,508,856,0,0,0.0023702674
2089,517,470,1,1,0.6471452
2090,884,674,0,0,0.10005986
2091,26,560,0,0,0.0103231575
2092,425,123,0,0,0.00097308203
2093,327,891,0,0,0.48715395
2094,170,127,0,0,0.0008993856
2095,885,22,0,1,0.8917692
2096,409,128,0,0,0.002186784
2097,886,404,0,0,0.003615431
2098,16,352,0,0,0.0015275017
2099,562,346,0,0,0.0016235915
2100,275,775,0,0,0.0015279572
2101,152,430,0,0,0.0013090158
2102,816,563,0,0,0.0021163588
2103,641,431,0,1,0.8505305
2104,146,207,0,0,0.0007540402
2105,567,267,0,0,0.019161057
2106,487,561,0,0,0.008478197
2107,683,538,0,1,0.7182828
2108,343,109,0,0,0.06365426
2109,391,593,0,0,0.3727473
2110,684,549,0,0,0.011612053
2111,40,892,0,0,0.044414796
2112,120,410,0,0,0.0025738312
2113,114,893,0,0,0.0005418688
2114,882,859,0,0,0.011394852
2115,869,197,0,0,0.006924137
2116,622,429,0,0,0.0040534507
2117,339,510,0,0,0.0014034857
2118,195,13,0,0,0.0021809652
2119,19,154,0,0,0.003490574
2120,34,660,0,0,0.0017464642
2121,218,628,0,1,0.9716542
2122,167,894,0,0,0.042903155
2123,171,84,0,0,0.44785857
2124,93,895,0,1,0.811177
2125,753,771,1,1,0.5470977
2126,134,118,0,0,0.05229066
2127,549,678,1,1,0.8465286
2128,205,438,0,0,0.0015710659
2129,573,435,0,0,0.4290515
2130,794,336,0,0,0.28401503
2131,403,896,1,0,0.32238075
2132,421,101,0,0,0.016334627
2133,563,82,0,0,0.00073310285
2134,3,755,0,1,0.6645283
2135,382,431,0,0,0.26339543
2136,598,813,0,0,0.18385945
2137,887,135,0,0,0.0008751211
2138,888,6,0,0,0.36311233
2139,324,97,0,0,0.000816721
2140,637,370,0,0,0.009359656
2141,668,99,0,0,0.017962188
2142,116,794,0,0,0.0026102369
2143,875,602,1,1,0.67177904
2144,360,702,0,0,0.00064870826
2145,484,19,0,0,0.0017583861
2146,717,33,0,0,0.004945165
2147,867,447,0,1,0.7297803
2148,12,283,1,1,0.6412997
2149,889,688,0,0,0.030823532
2150,478,820,0,0,0.0005849704
2151,427,91,0,0,0.0008488132
2152,475,289,1,1,0.687456
2153,713,550,1,1,0.7839737
2154,890,230,1,1,0.8375007
2155,817,196,0,0,0.21525452
2156,337,331,0,0,0.0032935415
2157,891,308,1,0,0.3791948
2158,498,61,0,0,0.0011563573
2159,483,703,0,0,0.0041392543
2160,819,426,0,0,0.017002214
2161,230,428,0,0,0.0031440598
2162,123,102,0,0,0.004119334
2163,87,370,0,0,0.0011222889
2164,156,635,0,0,0.036568213
2165,811,478,0,0,0.0013146332
2166,671,897,1,1,0.71212244
2167,892,721,0,0,0.0028943743
2168,443,817,0,0,0.0009573533
2169,603,898,1,1,0.7018339
2170,113,261,0,0,0.0010519826
2171,355,656,0,0,0.0060136174
2172,195,660,0,0,0.016758455
2173,348,105,0,0,0.31999752
2174,582,754,0,0,0.0008135399
2175,521,597,0,0,0.000675894
2176,199,710,0,0,0.10922293
2177,893,579,0,0,0.0007209122
2178,894,319,0,0,0.03925553
2179,869,293,0,0,0.08299217
2180,692,845,0,0,0.004504476
2181,388,351,0,0,0.0070327925
2182,690,622,0,0,0.0016619483
2183,858,899,0,0,0.005334517
2184,513,900,0,0,0.0011592082
2185,508,207,0,0,0.00072507444
2186,137,569,0,0,0.0027071494
2187,619,432,0,0,0.05750911
2188,684,294,0,0,0.0013655247
2189,110,889,0,1,0.8566884
2190,812,127,0,0,0.0011247729
2191,895,114,1,1,0.8592487
2192,16,728,0,1,0.58369994
2193,374,214,0,0,0.00056290516
2194,32,901,0,0,0.0016939966
2195,186,643,0,0,0.099461675
2196,795,155,1,1,0.72905695
2197,529,733,0,0,0.0020833514
2198,629,590,0,0,0.0022177156
2199,798,288,0,0,0.0005176515
2200,896,527,0,0,0.0009586361
2201,689,106,0,0,0.0007759543
2202,482,429,0,0,0.00935955
2203,488,346,1,1,0.8510265
2204,565,562,0,0,0.0005511845
2205,742,105,0,0,0.10955832
2206,706,902,1,1,0.8789692
2207,219,648,0,0,0.24794635
2208,707,709,0,1,0.7678188
2209,822,394,0,0,0.003754793
2210,390,823,0,0,0.0017504401
2211,129,524,0,1,0.67813754
2212,520,123,0,0,0.0017913934
2213,657,10,0,1,0.8121854
2214,702,342,0,0,0.0005734671
2215,526,421,0,1,0.67926615
2216,829,667,0,0,0.0008332319
2217,732,107,0,0,0.0009907797
2218,667,505,0,0,0.00087049097
2219,279,603,0,0,0.001379423
2220,788,827,0,0,0.0034765715
2221,382,220,0,0,0.007229474
2222,155,903,0,0,0.46135914
2223,427,456,0,0,0.38407597
2224,513,829,0,0,0.12398994
2225,746,448,0,0,0.0014469603
2226,312,708,0,0,0.00067827874
2227,20,31,1,1,0.5512202
2228,654,411,0,0,0.06408648
2229,561,333,0,0,0.11601103
2230,335,871,0,0,0.016823014
2231,897,251,0,1,0.8283589
2232,898,456,0,0,0.033750236
2233,189,561,0,0,0.0008383467
2234,271,79,0,0,0.0007694722
2235,783,904,1,1,0.6178099
2236,221,536,0,0,0.3014741
2237,873,269,0,0,0.033627853
2238,13,192,0,0,0.0028290437
2239,899,218,0,0,0.033839498
2240,273,50,0,0,0.0010836058
2241,303,674,0,0,0.0027358867
2242,820,409,0,1,0.76101565
2243,0,905,0,0,0.0023281402
2244,900,83,0,0,0.00068698503
2245,813,438,0,0,0.025875034
2246,764,487,0,0,0.001531461
2247,640,876,0,0,0.0042008376
2248,772,461,0,0,0.0030638247
2249,841,902,0,0,0.00070531917
2250,611,362,0,0,0.001963964
2251,901,107,0,0,0.0014769385
2252,836,475,0,0,0.0061410717
2253,113,906,1,1,0.83333546
2254,902,62,0,0,0.0030899637
2255,43,907,0,0,0.0014641888
2256,669,843,0,0,0.0019469444
2257,99,737,0,0,0.0043131807
2258,719,908,0,1,0.7684869
2259,80,259,0,1,0.655142
2260,699,435,0,0,0.0011785277
2261,466,811,0,0,0.015510033
2262,426,502,0,0,0.0013406326
2263,232,139,0,0,0.0835874
2264,687,213,0,0,0.012921118
2265,899,667,0,0,0.09003601
2266,771,600,0,0,0.0013598455
2267,197,717,0,0,0.0127639035
2268,156,773,0,1,0.52038217
2269,168,843,0,0,0.20897776
2270,833,364,0,0,0.3851978
2271,119,625,0,0,0.0058212313
2272,180,41,0,0,0.0009603309
2273,752,498,0,0,0.0010955579
2274,795,532,0,0,0.001592321
2275,65,877,0,0,0.0022281331
2276,394,150,0,1,0.817586
2277,658,650,1,0,0.18324232
2278,363,816,0,0,0.0007864221
2279,140,216,0,0,0.010216125
2280,457,900,0,0,0.0015259905
2281,309,507,0,0,0.0053138887
2282,625,809,0,0,0.00078051805
2283,50,909,0,0,0.005143411
2284,655,80,0,0,0.0016711957
2285,213,583,0,0,0.011497604
2286,216,221,0,0,0.004832771
2287,366,698,0,1,0.69741565
2288,789,453,0,0,0.0010310835
2289,362,42,0,0,0.0119175995
2290,174,526,0,0,0.00060225336
2291,684,817,0,0,0.0008555007
2292,431,541,0,0,0.0038259644
2293,600,499,0,0,0.004329302
2294,301,831,0,0,0.019408137
2295,820,157,0,0,0.48852047
2296,338,608,0,0,0.15121785
2297,823,267,0,0,0.0013447636
2298,903,910,0,0,0.0010138289
2299,388,911,0,0,0.010892253
2300,12,912,0,1,0.8120458
2301,657,626,0,1,0.5474568
2302,694,250,0,0,0.2719405
2303,632,913,0,0,0.005740909
2304,143,276,0,0,0.0040269564
2305,182,279,0,0,0.2060072
2306,230,835,0,0,0.0006645439
2307,904,731,1,0,0.4612579
2308,905,914,0,0,0.0014808612
2309,320,483,0,1,0.5042484
2310,503,548,0,0,0.07429975
2311,905,653,0,0,0.0034422297
2312,744,77,0,0,0.0035006695
2313,895,262,0,1,0.7665885
2314,303,681,0,0,0.0006277678
2315,212,431,0,0,0.040782277
2316,819,911,0,0,0.11988584
2317,902,249,1,1,0.73661906
2318,814,354,0,0,0.15246555
2319,327,603,1,1,0.70402193
2320,906,84,0,1,0.68660325
2321,38,193,0,0,0.011485573
2322,275,384,0,1,0.69905615
2323,326,511,0,0,0.00046832566
2324,275,660,0,0,0.011041221
2325,28,584,0,0,0.10160803
2326,671,386,0,0,0.0015768381
2327,43,297,0,1,0.71801114
2328,739,53,0,0,0.05275294
2329,157,507,0,0,0.005089399
2330,34,409,0,0,0.0006236302
2331,907,383,0,1,0.5365432
2332,908,915,0,0,0.0015015483
2333,882,722,0,0,0.00171098
2334,430,916,0,0,0.0025725914
2335,757,47,0,0,0.00064357487
2336,839,563,0,0,0.0012655472
2337,68,841,0,0,0.039359745
2338,841,582,1,1,0.69970036
2339,687,544,0,0,0.0027872648
2340,647,372,0,0,0.17680867
2341,451,842,0,0,0.0009867577
2342,527,106,0,1,0.67567885
2343,467,748,0,0,0.0012578316
2344,704,710,0,0,0.00211422
2345,745,875,1,1,0.755127
2346,886,232,0,0,0.24720107
2347,172,53,0,0,0.0008023921
2348,64,917,0,0,0.0006824047
2349,191,41,0,0,0.00074662216
2350,504,918,0,0,0.001336091
2351,510,180,0,0,0.0019690748
2352,902,364,0,0,0.0062594325
2353,101,871,0,0,0.009864265
2354,215,157,0,0,0.006080908
2355,907,58,1,1,0.9035982
2356,79,919,0,0,0.014051717
2357,31,747,0,0,0.001515238
2358,408,920,0,0,0.31327012
2359,218,374,0,0,0.0009012059
2360,865,577,1,0,0.046385106
2361,553,814,0,0,0.011852919
2362,191,363,0,0,0.002802779
2363,178,921,1,1,0.92561746
2364,8,174,0,0,0.0008548431
2365,458,498,0,0,0.0023411636
2366,909,922,0,0,0.0013376252
2367,597,726,0,0,0.0011721607
2368,478,390,0,0,0.23379451
2369,892,831,0,1,0.5459531
2370,511,737,0,0,0.00080922333
2371,822,923,1,1,0.76174533
2372,679,623,0,0,0.15959814
2373,35,607,0,0,0.035447948
2374,910,61,0,0,0.0096417805
2375,856,677,1,1,0.8135525
2376,911,924,0,0,0.00072459166
2377,912,902,0,0,0.0020427161
2378,763,866,0,0,0.0019523909
2379,746,863,0,0,0.00284103
2380,913,75,0,0,0.003945484
2381,842,257,0,0,0.17178598
2382,911,407,0,0,0.04468949
2383,81,350,0,0,0.470842
2384,786,29,1,1,0.9720551
2385,77,847,0,0,0.0009861487
2386,914,925,0,0,0.004872053
2387,675,903,0,1,0.7006437
2388,503,599,0,0,0.19393128
2389,64,926,1,1,0.5633381
2390,375,58,0,0,0.0033948403
2391,515,257,0,0,0.4774085
2392,224,764,0,0,0.010803513
2393,542,914,0,0,0.0008607809
2394,354,927,1,0,0.47854546
2395,913,199,0,0,0.0009877665
2396,639,837,0,0,0.00051863655
2397,42,685,0,0,0.3158253
2398,713,748,0,0,0.018500619
2399,231,928,0,0,0.0011459735
2400,88,68,0,0,0.001554171
2401,705,585,0,0,0.18380934
2402,398,929,0,0,0.0009997135
2403,256,250,0,0,0.120989084
2404,546,567,0,0,0.00067547295
2405,915,830,0,0,0.03411439
2406,84,791,0,0,0.0012161041
2407,55,240,0,0,0.0078706015
2408,778,824,0,0,0.0011696585
2409,399,656,0,0,0.019570569
2410,916,582,0,1,0.5655836
2411,755,118,1,1,0.92940056
2412,549,355,0,0,0.013211516
2413,887,721,0,0,0.05623804
2414,880,739,0,0,0.34587872
2415,786,49,0,0,0.0007367521
2416,701,101,0,1,0.6541015
2417,474,798,0,0,0.11919797
2418,917,753,0,1,0.78084075
2419,918,43,0,0,0.12868494
2420,486,524,0,0,0.0018401064
2421,468,279,0,1,0.91955423
2422,919,369,0,0,0.47829187
2423,244,687,0,0,0.08087216
2424,284,302,0,0,0.0043929475
2425,857,619,0,0,0.080561385
2426,645,92,0,0,0.10920082
2427,920,2,1,0,0.35397816
2428,116,238,0,0,0.11007083
2429,402,159,0,0,0.4915501
2430,921,135,0,0,0.12646881
2431,679,324,0,0,0.0057559907
2432,517,201,0,1,0.66386926
2433,122,449,0,0,0.11592748
2434,498,9,0,0,0.003823394
2435,221,133,0,0,0.0050673396
2436,637,621,0,0,0.0013148122
2437,132,930,0,0,0.0016267187
2438,289,297,0,1,0.7290517
2439,202,206,0,0,0.012103972
2440,468,931,0,0,0.02039604
2441,560,451,0,0,0.030344477
2442,916,316,0,0,0.0009036845
2443,826,19,0,0,0.000827445
2444,802,351,0,0,0.07446726
2445,806,932,0,0,0.00962934
2446,164,341,0,1,0.6710976
2447,922,474,0,0,0.1862579
2448,824,468,0,0,0.0017657484
2449,673,12,0,0,0.012780769
2450,858,887,0,0,0.2954207
2451,338,20,0,0,0.0011152931
2452,280,57,0,1,0.8725328
2453,789,149,0,0,0.0028111234
2454,374,344,0,0,0.0012320246
2455,923,491,0,0,0.43387318
2456,924,113,0,1,0.71416235
2457,668,618,0,0,0.4725103
2458,215,800,0,0,0.0032871093
2459,99,197,0,0,0.0025572595
2460,138,150,0,1,0.92919713
2461,581,620,0,0,0.019519622
2462,925,413,0,1,0.9221445
2463,781,307,1,0,0.14786944
2464,251,933,1,1,0.7515781
2465,281,547,0,0,0.0011619184
2466,605,564,0,0,0.0014915038
2467,881,369,0,0,0.30621502
2468,926,911,1,0,0.2733291
2469,769,636,0,0,0.01976799
2470,842,100,0,0,0.004056177
2471,489,364,0,0,0.0030058804
2472,322,740,1,1,0.7877651
2473,634,832,0,0,0.0007756157
2474,693,835,0,0,0.15669915
2475,607,398,0,1,0.62961996
2476,725,934,0,0,0.006413492
2477,846,703,0,0,0.04410288
2478,450,478,0,0,0.011993662
2479,927,716,0,0,0.0029860071
2480,811,619,0,0,0.015673451
2481,502,548,0,0,0.000555414
2482,891,813,0,0,0.011767674
2483,579,921,0,0,0.00076373795
2484,691,804,1,1,0.88704085
2485,498,322,0,0,0.0025210597
2486,878,10,0,0,0.00081208796
2487,894,437,0,0,0.0040205684
2488,790,806,0,0,0.002310429
2489,221,533,0,0,0.0031162333
2490,640,320,0,0,0.005710922
2491,640,340,0,0,0.013925605
2492,216,590,0,0,0.0019138186
2493,220,394,0,1,0.88845986
2494,802,626,0,0,0.06971961
2495,460,778,0,0,0.023031758
2496,872,832,0,0,0.00057649467
2497,124,692,0,1,0.59007436
2498,569,653,0,1,0.78602344
2499,706,807,0,0,0.00070808927
2500,207,304,0,0,0.0048292107
2501,12,685,0,0,0.0006268997
2502,375,594,0,0,0.0012740236
2503,161,818,0,0,0.023935651
2504,453,637,0,0,0.0015395867
2505,906,828,0,0,0.0014011106
2506,887,569,0,0,0.02114773
2507,298,866,0,0,0.010681476
2508,389,566,0,0,0.0012768315
2509,321,472,0,0,0.12701865
2510,395,470,0,0,0.26442716
2511,147,931,0,0,0.0007542594
2512,378,411,0,1,0.66909915
2513,807,327,0,0,0.0005983211
2514,928,920,0,0,0.0011265879
2515,363,920,0,0,0.1010518
2516,929,561,0,0,0.0037619239
2517,813,672,0,0,0.4403086
2518,631,778,0,0,0.045162532
2519,228,393,0,0,0.0064640227
2520,394,696,0,1,0.5526023
2521,126,752,0,0,0.07170476
2522,707,625,0,0,0.063482195
2523,724,120,0,0,0.06731086
2524,511,609,0,0,0.0017268774
2525,387,428,0,0,0.17949992
2526,367,51,0,0,0.17310786
2527,298,9,0,0,0.12395903
2528,584,125,0,0,0.0045606424
2529,621,239,0,1,0.7205965
2530,835,405,0,0,0.36030352
2531,782,642,0,0,0.077120975
2532,225,250,0,0,0.04912053
2533,432,422,0,1,0.7036979
2534,930,235,0,0,0.0039504487
2535,344,935,0,0,0.0032830392
2536,145,180,0,0,0.03418065
2537,342,593,1,1,0.82457036
2538,488,502,0,0,0.036615685
2539,445,251,0,0,0.0019230639
2540,572,283,0,0,0.1933509
2541,395,368,0,1,0.86701924
2542,147,757,1,1,0.74855804
2543,725,593,0,1,0.9549516
2544,808,890,0,0,0.0012988613
2545,431,487,0,0,0.000860468
2546,471,691,0,0,0.27444434
2547,467,615,0,0,0.0015829304
2548,176,936,0,1,0.75726324
2549,510,5,0,0,0.0011349309
2550,28,35,0,0,0.49059504
2551,161,937,0,0,0.0008654885
2552,798,381,0,0,0.023087269
2553,254,544,0,0,0.0012196917
2554,734,938,0,0,0.0027501187
2555,633,431,0,0,0.010749518
2556,283,912,1,0,0.36025158
2557,66,240,0,0,0.0019713345
2558,106,632,1,1,0.71840376
2559,809,614,0,0,0.0018032762
2560,15,742,0,0,0.001353305
2561,234,669,0,0,0.00518817
2562,899,759,0,0,0.0035731278
2563,105,756,0,0,0.19230881
2564,376,868,0,0,0.0016892891
2565,194,226,0,0,0.15749633
2566,645,686,0,0,0.19232374
2567,328,229,0,0,0.25169423
2568,931,389,0,1,0.87212634
2569,638,640,1,1,0.7127175
2570,51,215,0,0,0.0008376576
2571,174,588,0,0,0.00054077775
2572,463,119,0,0,0.00406197
2573,3,939,0,0,0.0029966603
2574,319,807,1,1,0.9050014
2575,13,359,0,1,0.85920596
2576,119,439,0,0,0.10750609
2577,628,498,0,0,0.14480604
2578,645,95,0,0,0.4326136
2579,337,184,0,0,0.09630342
2580,520,940,0,0,0.311314
2581,579,158,0,0,0.0010781864
2582,60,106,0,0,0.001900068
2583,667,74,0,0,0.00764063
2584,767,679,0,0,0.0016695323
2585,214,178,0,0,0.0027384209
2586,783,940,0,1,0.8439472
2587,932,932,0,0,0.0042897374
2588,573,453,0,0,0.001168403
2589,460,850,0,0,0.0038099631
2590,793,6,0,1,0.87824094
2591,319,914,0,0,0.0014571339
2592,933,93,0,0,0.005004426
2593,98,861,0,0,0.0013710473
2594,871,573,0,1,0.73401624
2595,622,245,0,0,0.0010890891
2596,639,20,0,0,0.4559964
2597,913,460,0,0,0.00068914477
2598,934,941,0,0,0.0012687843
2599,19,136,0,0,0.31266454
2600,876,901,0,0,0.0014425595
2601,634,30,1,0,0.1726993
2602,935,483,0,0,0.0021493838
2603,65,605,1,1,0.89010185
2604,536,103,0,0,0.0006239286
2605,650,114,0,1,0.67851114
2606,553,107,0,1,0.5416092
2607,868,62,0,1,0.55157703
2608,234,524,0,0,0.07938882
2609,501,555,0,1,0.74309826
2610,901,124,0,0,0.0012876593
2611,785,807,0,0,0.0010863396
2612,146,517,0,0,0.0012667599
2613,313,772,0,0,0.0011419109
2614,169,140,0,0,0.0014955655
2615,130,226,0,1,0.5690967
2616,514,669,0,0,0.0099109365
2617,76,286,0,0,0.0006691228
2618,135,4,0,0,0.0037772988
2619,914,188,0,0,0.0037307155
2620,796,238,0,1,0.7132388
2621,672,517,0,0,0.0021430545
2622,154,517,0,0,0.0010145159
2623,100,80,0,0,0.0024923258
2624,196,942,0,0,0.0024185162
2625,37,443,0,0,0.0009570203
2626,353,408,0,0,0.02882666
2627,310,453,0,0,0.0007193941
2628,730,663,0,0,0.0006182607
2629,936,819,1,1,0.9306727
2630,81,46,0,0,0.32941064
2631,652,80,0,0,0.23610674
2632,578,744,0,0,0.0028531419
2633,287,877,0,0,0.083777964
2634,725,896,0,0,0.016259894
2635,74,238,0,0,0.028983956
2636,88,438,0,0,0.018223258
2637,28,323,0,0,0.0077116126
2638,226,106,0,0,0.004063982
2639,573,563,0,0,0.001889295
2640,935,899,0,0,0.004153888
2641,211,290,0,0,0.013828606
2642,694,564,0,0,0.0010543911
2643,76,797,0,0,0.0014170544
2644,937,190,0,0,0.22102934
2645,899,48,0,0,0.012005807
2646,370,472,0,0,0.00373188
2647,791,111,0,0,0.06368489
2648,757,943,0,0,0.30042493
2649,422,333,0,0,0.3448531
2650,114,256,0,0,0.0009438723
2651,78,538,0,0,0.0010219378
2652,342,3,0,0,0.0047922097
2653,797,575,0,0,0.0010836368
2654,849,356,0,0,0.071187496
2655,334,18,0,0,0.43601006
2656,492,855,0,0,0.14111644
2657,938,683,0,0,0.013560325
2658,534,358,0,0,0.0009076535
2659,749,866,0,0,0.0004643604
2660,939,596,0,0,0.007559584
2661,490,463,0,0,0.0030937176
2662,143,751,0,0,0.077760376
2663,482,608,1,1,0.8318762
2664,447,171,0,0,0.0018735148
2665,473,331,0,0,0.0040335176
2666,492,162,0,0,0.00096145144
2667,442,528,0,0,0.0020743466
2668,605,944,0,0,0.004328336
2669,253,25,0,0,0.22639164
2670,373,511,0,0,0.0056880936
2671,606,880,1,0,0.4332147
2672,30,85,0,0,0.00912328
2673,751,655,0,0,0.002521579
2674,177,556,0,0,0.0010475771
2675,410,278,0,0,0.04047789
2676,940,743,0,1,0.77029294
2677,614,880,0,0,0.17566659
2678,941,472,0,0,0.0009705626
2679,760,830,0,0,0.31334597
2680,103,651,0,0,0.10931183
2681,562,844,0,0,0.009976904
2682,868,406,0,0,0.21989486
2683,187,945,0,0,0.0038484896
2684,442,520,0,0,0.3640154
2685,942,437,1,1,0.95350045
2686,762,852,1,1,0.55442464
2687,943,462,0,0,0.0057307896
2688,410,890,0,0,0.00064579665
2689,300,313,0,0,0.008023865
2690,34,890,0,0,0.044916827
2691,659,618,0,0,0.07336691
2692,944,698,0,0,0.0007656209
2693,510,26,1,0,0.28813577
2694,640,509,0,0,0.04123753
2695,86,479,0,0,0.0017018529
2696,516,41,0,0,0.0008724066
2697,524,928,0,0,0.0015489041
2698,611,148,0,0,0.000747355
2699,816,556,0,0,0.0010548849
2700,219,186,0,0,0.0022611958
2701,710,818,0,0,0.0010884326
2702,578,560,0,0,0.0050427197
2703,320,946,0,0,0.05738952
2704,117,900,0,0,0.23364493
2705,526,590,0,0,0.004921329
2706,795,909,0,0,0.007642463
2707,296,346,0,0,0.008439495
2708,572,255,0,0,0.0012117899
2709,412,44,0,0,0.0008156531
2710,436,296,0,0,0.0042201583
2711,945,248,0,1,0.59986144
2712,715,554,0,0,0.0007097851
2713,337,754,0,1,0.5174912
2714,704,947,0,0,0.0006909398
2715,651,413,0,0,0.18160437
2716,60,161,0,0,0.00085627096
2717,166,807,0,0,0.0029754357
2718,363,174,0,0,0.0013703736
2719,307,686,0,0,0.013506857
2720,667,821,0,0,0.029372532
2721,43,761,0,0,0.41788557
2722,743,747,0,0,0.0007403109
2723,192,662,0,0,0.003098501
2724,50,87,0,0,0.010215253
2725,120,133,0,0,0.063006856
2726,480,299,0,0,0.036842097
2727,290,794,0,0,0.0041654888
2728,310,711,0,0,0.0010653477
2729,228,594,0,0,0.0007453571
2730,49,561,0,0,0.0032723509
2731,838,511,0,1,0.734307
2732,311,843,0,0,0.017845027
2733,946,926,0,0,0.0006740752
2734,715,560,0,1,0.7623647
2735,465,113,0,1,0.5360577
2736,452,772,0,0,0.00090325106
2737,763,347,0,0,0.00083659636
2738,848,365,0,0,0.001088091
2739,411,95,0,0,0.11110318
2740,842,948,0,0,0.001280818
2741,620,949,0,0,0.0036562418
2742,401,907,0,0,0.00066315045
2743,774,932,0,0,0.0025145616
2744,33,448,0,0,0.0012317115
2745,94,626,0,1,0.74583846
2746,456,630,0,0,0.0043259673
2747,947,316,0,0,0.24740434
2748,544,950,0,0,0.30738607
2749,37,95,0,1,0.7759816
2750,764,342,0,0,0.014668499
2751,948,358,0,0,0.00079877407
2752,610,632,0,0,0.025297174
2753,576,455,0,0,0.0026899062
2754,826,951,0,0,0.0019942343
2755,949,442,0,0,0.17006658
2756,805,364,0,0,0.007462988
2757,777,952,0,0,0.0005634624
2758,672,740,0,0,0.0005778155
2759,273,65,0,0,0.0011774483
2760,593,95,0,0,0.0010224262
2761,466,448,0,0,0.0016773383
2762,527,898,0,0,0.27227738
2763,796,127,0,0,0.0025217985
2764,240,679,0,1,0.6770026
2765,554,579,0,0,0.0006961908
2766,542,535,0,0,0.002009447
2767,854,953,0,0,0.020517977
2768,674,932,0,0,0.0005244166
2769,247,898,0,0,0.0017923205
2770,308,672,0,0,0.0015444299
2771,950,286,0,0,0.002288635
2772,652,156,0,0,0.00081269996
2773,619,216,0,0,0.0012071236
2774,951,412,1,0,0.28698713
2775,457,249,0,0,0.0016989658
2776,952,364,0,0,0.00070624874
2777,85,310,0,0,0.008616167
2778,850,388,0,0,0.19633886
2779,637,776,0,0,0.0031430512
2780,851,495,0,0,0.0013762638
2781,650,556,0,0,0.008899919
2782,781,699,0,0,0.0006455794
2783,818,954,0,0,0.0050950856
2784,452,739,0,0,0.028106585
2785,900,567,0,0,0.0017156294
2786,230,815,0,0,0.00061010255
2787,324,475,0,0,0.11429984
2788,301,183,0,0,0.002241671
2789,302,595,0,0,0.005095792
2790,359,181,0,0,0.00062480697
2791,925,493,0,0,0.03140631
2792,156,69,0,0,0.145547
2793,910,955,0,0,0.0026668974
2794,113,320,0,0,0.003031891
2795,360,919,0,1,0.86743695
2796,947,128,0,0,0.00079476903
2797,564,106,0,0,0.008423251
2798,247,219,0,1,0.5417152
2799,340,45,0,1,0.52422917
2800,911,543,0,0,0.00058311893
2801,241,623,0,0,0.0045969435
2802,547,297,0,0,0.00077707344
2803,296,805,0,0,0.0026372657
2804,533,554,0,0,0.0014535001
2805,462,788,0,0,0.0014973525
2806,39,746,0,0,0.0019681717
2807,83,743,0,0,0.0009186092
2808,755,353,0,0,0.003843984
2809,755,112,0,0,0.06092895
2810,449,779,0,0,0.012897797
2811,552,512,0,0,0.0028236464
2812,945,754,0,1,0.8236155
2813,417,953,0,0,0.08453406
2814,622,244,0,0,0.0012199507
2815,105,890,0,0,0.00078659673
2816,232,706,0,0,0.21251392
2817,599,11,0,0,0.0013774
2818,910,912,0,0,0.0081494395
2819,564,107,0,0,0.005165746
2820,476,956,0,0,0.019509701
2821,402,267,0,1,0.6294662
2822,287,698,0,0,0.0012625386
2823,564,73,0,0,0.057917528
2824,900,876,0,0,0.17259638
2825,452,342,0,0,0.3220798
2826,953,383,0,1,0.82059145
2827,773,181,0,1,0.638287
2828,916,565,0,0,0.010754048
2829,287,137,0,0,0.10145248
2830,323,400,0,0,0.100396976
2831,434,633,0,0,0.028069936
2832,234,234,1,1,0.7203869
2833,712,928,0,1,0.559961
2834,877,919,0,0,0.0017688685
2835,590,159,0,0,0.0010891323
2836,302,632,0,0,0.26115847
2837,786,517,0,0,0.00088486046
2838,512,625,0,0,0.011321085
2839,388,332,0,0,0.00209423
2840,954,582,0,0,0.0037450932
2841,406,783,1,1,0.7059516
2842,589,864,0,0,0.00056943606
2843,761,111,0,0,0.003320338
2844,103,102,0,0,0.0024715909
2845,495,907,0,0,0.0024803919
2846,538,54,0,0,0.1492904
2847,581,250,0,0,0.0040397844
2848,800,134,0,0,0.0006813058
2849,314,252,0,0,0.003216475
2850,817,98,0,1,0.8543391
2851,491,34,0,1,0.6080508
2852,581,910,0,0,0.0041568712
2853,883,877,0,0,0.0006399854
2854,757,874,0,0,0.0022040263
2855,364,531,0,0,0.0017801641
2856,367,168,0,1,0.81575257
2857,461,70,0,0,0.0086278645
2858,955,760,0,0,0.0013020731
2859,956,416,0,0,0.008018348
2860,928,12,0,0,0.00067425217
2861,413,242,0,0,0.38497308
2862,435,835,0,0,0.0007711477
2863,485,340,0,0,0.3731086
2864,106,132,0,0,0.05892431
2865,372,957,0,0,0.0017370493
2866,232,769,0,0,0.0009727353
2867,637,549,0,0,0.0017162411
2868,705,730,0,0,0.19704628
2869,940,22,0,0,0.0019510252
2870,207,560,0,0,0.0013276302
2871,660,894,0,0,0.09520328
2872,792,756,1,1,0.9317272
2873,154,413,0,0,0.0008008968
2874,825,958,0,0,0.0012008923
2875,593,647,0,0,0.0007131141
2876,271,45,0,1,0.5585458
2877,765,708,0,0,0.00069813785
2878,872,946,0,0,0.010045662
2879,952,772,0,0,0.27432555
2880,92,359,0,0,0.0016416712
2881,911,818,0,1,0.62085086
2882,231,124,1,1,0.9007616
2883,84,309,0,0,0.013576025
2884,704,873,0,0,0.0006851521
2885,134,367,0,0,0.054100055
2886,829,467,0,0,0.15653454
2887,388,319,0,1,0.9103269
2888,314,196,0,0,0.015039056
2889,735,354,0,0,0.00052609685
2890,477,460,0,0,0.0018855437
2891,106,746,0,0,0.017621187
2892,814,308,0,1,0.82675356
2893,743,784,0,0,0.15758654
2894,947,530,0,0,0.07850149
2895,509,595,0,0,0.0006467757
2896,167,451,1,1,0.76476383
2897,519,11,0,0,0.0045053163
2898,481,743,0,0,0.0014039476
2899,204,470,0,1,0.5410692
2900,908,959,0,0,0.0013287695
2901,936,129,0,0,0.0009054715
2902,92,26,0,0,0.033731345
2903,797,960,0,0,0.2545864
2904,255,224,0,0,0.001707743
2905,651,769,1,1,0.9168966
2906,535,937,0,0,0.052807175
2907,187,683,0,0,0.0011269072
2908,679,747,0,0,0.20172215
2909,732,549,0,0,0.0006112506
2910,339,233,0,0,0.17574422
2911,239,394,0,0,0.21003723
2912,536,905,0,0,0.00096622435
2913,285,349,0,0,0.0060265204
2914,594,907,0,0,0.0008039925
2915,957,751,0,1,0.8035913
2916,608,529,0,0,0.064537
2917,409,78,0,0,0.0025107027
2918,89,372,0,0,0.0010745678
2919,850,400,0,0,0.1070777
2920,2,159,0,0,0.0010838427
2921,882,358,0,0,0.00089153013
2922,615,219,0,1,0.5895639
2923,586,84,1,1,0.59121174
2924,636,332,0,0,0.0010208961
2925,949,576,1,0,0.1457767
2926,400,289,0,0,0.16390197
2927,735,793,1,0,0.369095
2928,928,590,0,0,0.06911373
2929,956,929,1,1,0.68529
2930,958,274,1,1,0.5393775
2931,75,814,0,1,0.54855615
2932,157,818,0,0,0.0012733781
2933,45,930,0,1,0.587238
2934,734,149,0,0,0.006802349
2935,382,197,1,0,0.19819579
2936,497,961,0,1,0.53703165
2937,477,487,0,0,0.028550962
2938,495,883,0,0,0.0019376627
2939,209,287,0,0,0.041302633
2940,697,857,0,1,0.6319029
2941,515,7,0,1,0.78416806
2942,235,391,0,0,0.03972765
2943,145,589,0,0,0.002143084
2944,576,16,0,0,0.016188664
2945,580,531,0,0,0.0037107454
2946,851,789,0,0,0.0006690227
2947,709,901,0,0,0.0008512106
2948,843,246,0,0,0.0021808874
2949,707,830,0,1,0.6625808
2950,403,556,0,0,0.0061490657
2951,610,300,0,0,0.069517694
2952,486,89,0,0,0.47176817
2953,959,896,0,0,0.036432803
2954,726,67,0,0,0.4575738
2955,900,870,0,0,0.002099599
2956,905,33,0,0,0.03130841
2957,860,629,0,0,0.35939276
2958,759,781,0,0,0.4058003
2959,184,194,0,0,0.00390687
2960,219,490,0,0,0.0015451206
2961,580,878,0,1,0.60178244
2962,960,151,1,0,0.035967033
2963,661,365,0,0,0.0006569095
2964,924,629,0,1,0.54730815
2965,421,962,0,0,0.0017715201
2966,961,963,0,0,0.00884996
2967,686,418,0,0,0.003782984
2968,286,811,0,0,0.002515058
2969,206,237,0,0,0.0018398314
2970,88,137,0,0,0.0014061768
2971,45,694,1,1,0.7480781
2972,297,746,0,1,0.74116373
2973,260,230,0,0,0.00092939154
2974,8,488,1,1,0.6444141
2975,193,964,0,0,0.013736983
2976,957,673,0,1,0.5732077
2977,378,200,0,1,0.89154893
2978,91,510,1,0,0.4579809
2979,441,577,0,0,0.0010073377
2980,93,296,0,0,0.007024107
2981,304,404,1,0,0.3452925
2982,783,778,0,0,0.49586982
2983,94,659,0,0,0.0019547096
2984,287,500,0,0,0.018866757
2985,821,189,1,1,0.87965214
2986,414,322,0,0,0.058938988
2987,759,250,0,0,0.0005820254
2988,240,351,0,0,0.0053462647
2989,294,965,0,0,0.0017600816
2990,607,698,0,1,0.75217366
2991,958,738,0,0,0.015070965
2992,614,750,0,0,0.0009934811
2993,73,455,0,0,0.0068412437
2994,451,378,0,0,0.009114662
2995,408,532,0,0,0.022217399
2996,383,966,0,0,0.008203712
2997,402,93,0,0,0.00076072064
2998,655,344,0,0,0.0014535956
2999,713,967,0,0,0.0011205192
3000,262,437,0,0,0.08521096
3001,839,509,0,0,0.001620272
3002,471,968,0,0,0.112307444
3003,359,678,0,1,0.51985085
3004,882,612,0,0,0.28890637
3005,30,525,0,0,0.32204348
3006,461,241,0,0,0.07605825
3007,217,373,0,0,0.0012659439
3008,467,331,0,0,0.0015255074
3009,174,546,0,0,0.006090928
3010,947,349,0,0,0.47845593
3011,435,246,0,0,0.0011958282
3012,431,969,0,0,0.0012464575
3013,199,921,0,0,0.0015198245
3014,404,567,0,0,0.0020302942
3015,690,496,0,0,0.007872051
3016,270,970,1,0,0.13854387
3017,354,377,0,0,0.003020743
3018,641,538,0,0,0.002636508
3019,484,971,1,1,0.7784283
3020,49,204,1,1,0.588372
3021,701,57,0,0,0.005523725
3022,357,453,0,0,0.0018809178
3023,25,730,0,0,0.00090425374
3024,554,552,1,1,0.6148632
3025,928,849,0,0,0.002171158
3026,337,445,0,0,0.005042466
3027,897,498,0,0,0.11186102
3028,235,644,0,0,0.0070034806
3029,694,841,0,0,0.012045383
3030,701,210,0,0,0.009481359
3031,817,610,0,0,0.1666338
3032,606,11,0,0,0.03605992
3033,76,343,1,1,0.79850596
3034,290,604,0,0,0.0010011218
3035,630,686,1,1,0.72629935
3036,42,74,0,0,0.0018338661
3037,387,320,0,0,0.001286173
3038,649,496,0,0,0.07836332
3039,542,311,0,0,0.0024180252
3040,26,968,0,0,0.0014723564
3041,41,628,0,1,0.82023853
3042,842,163,0,0,0.0006388583
3043,575,151,0,0,0.0020521092
3044,313,684,1,1,0.9360654
3045,366,598,0,1,0.7083088
3046,567,257,0,0,0.008102992
3047,41,547,0,0,0.0012362743
3048,49,477,0,0,0.0045364224
3049,308,396,0,1,0.54486364
3050,880,105,0,0,0.04729016
3051,199,361,0,0,0.25860682
3052,611,261,0,0,0.0011564278
3053,275,285,0,0,0.010921086
3054,153,49,0,0,0.00421748
3055,56,972,0,0,0.0048639122
3056,228,566,0,1,0.6292491
3057,424,894,0,1,0.83355445
3058,620,651,1,1,0.8222937
3059,315,120,0,0,0.0030024697
3060,943,768,0,1,0.76661295
3061,187,892,0,0,0.0019545234
3062,433,911,0,0,0.040563084
3063,474,171,0,0,0.0007722067
3064,1,0,0,0,0.17590895
3065,869,819,0,0,0.0012613222
3066,837,384,0,0,0.0010177774
3067,906,246,0,0,0.010664347
3068,86,89,0,1,0.6323832
3069,18,403,0,0,0.0076636337
3070,256,88,0,0,0.020955944
3071,68,794,0,0,0.0010610108
3072,709,822,0,0,0.0017438784
3073,82,788,0,0,0.26668194
3074,206,43,0,0,0.006594999
3075,450,531,0,0,0.24462985
3076,87,799,0,1,0.67280656
3077,663,525,0,0,0.0009478845
3078,711,725,0,0,0.0035149287
3079,196,852,0,0,0.0013742383
3080,541,581,0,1,0.74496645
3081,521,159,0,0,0.36317125
3082,55,226,0,0,0.0007389449
3083,923,901,0,0,0.007234127
3084,308,522,0,0,0.20885842
3085,67,661,0,0,0.0010898593
3086,485,887,0,0,0.022549218
3087,363,136,0,0,0.0012518245
3088,28,503,0,0,0.1177778
3089,60,552,0,0,0.0053890976
3090,139,654,0,0,0.0024436912
3091,469,52,0,1,0.8328293
3092,933,713,0,0,0.0053123287
3093,713,931,0,0,0.00094087346
3094,936,230,0,0,0.0027914802
3095,141,694,0,0,0.0010440458
3096,386,331,0,0,0.0021665834
3097,134,506,0,0,0.006141904
3098,894,143,1,1,0.8079767
3099,710,165,0,0,0.0010763673
3100,962,537,0,1,0.9203546
3101,143,28,0,0,0.0014955905
3102,229,611,0,0,0.0013078924
3103,700,880,0,0,0.42837486
3104,834,539,0,0,0.3328996
3105,298,707,0,0,0.0011055956
3106,949,755,0,0,0.0011155726
3107,727,215,0,0,0.0006881252
3108,571,847,1,1,0.8298383
3109,123,404,0,0,0.0040021273
3110,83,146,0,0,0.0015869848
3111,350,626,0,0,0.0013110783
3112,221,686,0,0,0.0070215967
3113,962,886,0,0,0.0011961864
3114,245,631,0,0,0.023950396
3115,508,867,0,0,0.0006623391
3116,575,376,0,0,0.0009453434
3117,852,100,0,0,0.00090120366
3118,895,420,0,0,0.08586635
3119,509,863,0,0,0.015357812
3120,799,165,0,0,0.0052348743
3121,839,688,0,0,0.09493446
3122,80,36,0,0,0.000628188
3123,846,13,0,0,0.091104284
3124,696,193,0,1,0.8940535
3125,775,678,0,0,0.08039023
3126,537,592,0,0,0.008969969
3127,219,853,0,0,0.08055306
3128,899,589,0,0,0.01331737
3129,105,476,1,0,0.3109951
3130,756,364,0,0,0.0009729958
3131,944,563,0,0,0.0010494336
3132,963,13,0,0,0.0010693102
3133,17,793,0,0,0.00992014
3134,604,108,0,0,0.002213752
3135,718,435,0,1,0.7339803
3136,964,48,0,0,0.0012306853
3137,944,899,0,0,0.0014294691
3138,355,433,0,0,0.0011370091
3139,911,250,0,0,0.030505367
3140,410,823,0,1,0.5475921
3141,88,187,1,1,0.75191635
3142,867,598,0,0,0.008765029
3143,764,738,0,1,0.5958752
3144,636,687,0,1,0.69487494
3145,547,729,0,0,0.02693036
3146,557,729,0,0,0.009487617
3147,284,151,0,0,0.0053912727
3148,479,417,0,1,0.90218043
3149,442,752,0,0,0.05078029
3150,842,7,0,1,0.7569951
3151,625,160,0,0,0.0011757145
3152,712,720,0,0,0.04700317
3153,1,579,0,1,0.6659237
3154,43,710,0,1,0.68107694
3155,112,694,0,0,0.017566955
3156,447,732,0,0,0.0008509187
3157,555,961,0,1,0.5645923
3158,114,460,0,1,0.92989284
3159,728,613,0,0,0.012048336
3160,797,140,0,0,0.045903068
3161,840,283,0,0,0.0008106036
3162,561,454,0,0,0.4019811
3163,536,237,0,0,0.0032401108
3164,881,641,0,1,0.77278435
3165,450,789,0,0,0.0064218626
3166,818,847,0,0,0.0010283393
3167,465,457,0,0,0.0009256878
3168,353,188,1,1,0.9255669
3169,940,504,0,0,0.0015290283
3170,84,349,0,0,0.0005968795
3171,93,425,0,0,0.002819675
3172,861,160,0,0,0.0015513677
3173,182,512,1,1,0.62039566
3174,455,129,0,0,0.00077644765
3175,727,928,0,1,0.92705977
3176,404,290,0,0,0.0009600473
3177,883,890,0,0,0.020737888
3178,45,378,0,0,0.021816315
3179,117,31,0,0,0.0067469035
3180,143,673,0,0,0.08758176
3181,405,577,0,0,0.112125315
3182,610,167,0,0,0.0013417611
3183,392,540,0,0,0.0010923571
3184,768,853,0,0,0.018898338
3185,943,696,0,0,0.0028064062
3186,480,20,0,0,0.00074402394
3187,761,688,1,1,0.8721273
3188,259,169,0,0,0.0037986652
3189,262,184,0,0,0.000887862
3190,312,222,0,0,0.063891046
3191,488,960,0,0,0.122675546
3192,907,555,0,1,0.7528238
3193,167,591,0,1,0.7137616
3194,117,868,0,0,0.003708907
3195,641,931,0,0,0.0015892977
3196,263,339,0,0,0.0019239857
3197,216,614,0,0,0.0044420427
3198,695,769,0,1,0.72221786
3199,745,292,0,0,0.00068276864
3200,508,548,0,0,0.00059098046
3201,440,130,0,1,0.8011265
3202,167,444,0,0,0.00081178546
3203,854,317,0,0,0.000595046
3204,222,527,0,0,0.084367335
3205,652,681,0,0,0.010076026
3206,324,512,0,1,0.5638376
3207,938,702,0,0,0.00054736214
3208,59,280,1,1,0.5974964
3209,632,891,0,1,0.77649164
3210,515,973,0,0,0.022125361
3211,14,960,0,1,0.86077106
3212,191,51,0,0,0.0004480379
3213,965,649,0,0,0.0031970174
3214,126,300,0,0,0.15054645
3215,728,224,0,0,0.0049735093
3216,460,468,0,0,0.056716666
3217,399,478,0,1,0.55362374
3218,414,404,0,0,0.005684683
3219,121,873,0,0,0.08282247
3220,593,914,1,1,0.56162834
3221,315,833,0,0,0.00068656
3222,404,771,0,0,0.0005189283
3223,291,777,0,1,0.84683645
3224,216,397,0,0,0.1550477
3225,324,224,0,0,0.011981785
3226,617,712,0,0,0.008063536
3227,703,238,0,1,0.7132388
3228,685,968,0,0,0.000928933
3229,452,316,0,1,0.9289527
3230,665,693,0,1,0.6291727
3231,641,36,0,0,0.0012952128
3232,56,761,0,0,0.46696648
3233,930,435,0,0,0.004752425
3234,679,430,0,0,0.018294321
3235,298,43,0,0,0.45569012
3236,924,634,0,0,0.0019283382
3237,144,432,0,0,0.0023048827
3238,312,110,0,0,0.0018273706
3239,288,415,0,0,0.0012200815
3240,143,321,0,0,0.003935828
3241,805,353,0,0,0.0023177334
3242,466,716,0,1,0.71652895
3243,54,248,0,0,0.05075868
3244,476,610,0,0,0.0011288965
3245,966,561,0,0,0.00093121536
3246,62,577,0,1,0.537025
3247,144,887,0,0,0.042133816
3248,163,724,0,0,0.2836865
3249,783,525,0,0,0.4732185
3250,967,559,0,0,0.0025542
3251,173,272,0,0,0.33689603
3252,93,175,0,0,0.47357556
3253,653,109,0,0,0.0013024812
3254,493,483,0,0,0.007980596
3255,358,111,0,0,0.22475967
3256,210,969,0,0,0.0066012065
3257,436,838,0,0,0.023151955
3258,702,436,0,0,0.0005659115
3259,847,134,0,0,0.00052366685
3260,58,82,0,0,0.005132723
3261,885,562,0,0,0.24165738
3262,131,103,0,0,0.0010423135
3263,776,902,0,0,0.105285995
3264,98,719,0,0,0.019798275
3265,288,867,0,0,0.002534452
3266,616,912,0,0,0.002196976
3267,390,689,0,0,0.40959913
3268,476,896,0,0,0.018864505
3269,135,835,0,0,0.004381178
3270,446,120,0,0,0.0016592968
3271,931,163,0,0,0.00055381417
3272,942,404,0,0,0.0011138995
3273,623,947,0,0,0.0006530175
3274,26,243,0,0,0.035657294
3275,840,776,0,0,0.0006681064
3276,656,916,0,0,0.00079851726
3277,495,785,0,0,0.0016999422
3278,404,538,0,0,0.050065264
3279,158,719,0,1,0.56457454
3280,655,174,1,1,0.573249
3281,515,600,0,0,0.27456513
3282,143,962,0,0,0.0016449647
3283,574,741,0,0,0.0022458504
3284,965,506,1,1,0.8699213
3285,597,93,1,0,0.38341135
3286,762,329,0,0,0.0052600564
3287,631,500,0,0,0.001064418
3288,791,525,0,0,0.0026482202
3289,646,464,0,0,0.16974239
3290,287,974,0,0,0.4290719
3291,194,682,0,0,0.0007458658
3292,250,559,0,0,0.0009994912
3293,538,454,0,1,0.5254259
3294,790,285,0,0,0.001358546
3295,731,74,0,0,0.0014289172
3296,636,119,0,0,0.00060900854
3297,13,508,0,1,0.7728517
3298,689,182,0,0,0.0033286784
3299,298,437,0,1,0.52026105
3300,932,571,0,0,0.028424496
3301,740,194,0,0,0.01921093
3302,430,382,0,0,0.004221679
3303,122,359,0,1,0.88437295
3304,737,856,1,1,0.83293176
3305,93,37,0,1,0.586424
3306,747,100,0,0,0.0046469513
3307,719,785,0,0,0.3872821
3308,857,395,0,0,0.0011297652
3309,201,303,0,0,0.031543925
3310,953,418,0,1,0.7003721
3311,465,388,0,0,0.004627398
3312,475,356,0,0,0.0007871707
3313,591,594,0,1,0.7150539
3314,4,791,1,1,0.7526365
3315,571,290,0,0,0.0013717336
3316,307,591,0,0,0.010722717
3317,151,678,0,0,0.009248672
3318,93,104,0,0,0.44272536
3319,431,942,0,0,0.0048636124
3320,767,66,0,0,0.0021578635
3321,293,646,0,0,0.07463072
3322,826,975,0,0,0.00076649035
3323,237,834,0,0,0.0018894514
3324,760,340,0,1,0.58648366
3325,839,899,0,0,0.4221635
3326,645,344,0,0,0.23938616
3327,136,40,0,0,0.0032430522
3328,869,945,1,1,0.82622653
3329,438,136,0,0,0.044530038
3330,190,727,0,0,0.018497113
3331,246,368,0,1,0.8386395
3332,164,188,0,1,0.80415714
3333,492,953,0,0,0.0052064527
3334,735,318,0,0,0.0014966185
3335,887,342,0,0,0.0006383449
3336,520,853,0,0,0.0014161059
3337,827,188,0,0,0.3802144
3338,852,976,0,0,0.31574035
3339,514,228,0,0,0.01016353
3340,367,755,0,0,0.0011538398
3341,707,869,0,0,0.11196352
3342,821,375,0,0,0.0020061047
3343,526,738,0,0,0.03212147
3344,637,378,0,1,0.5381027
3345,699,693,0,0,0.38926473
3346,880,165,0,0,0.0015280305
3347,667,462,0,0,0.038847864
3348,337,295,0,0,0.48351622
3349,99,296,0,0,0.0028910777
3350,305,5,1,0,0.13254556
3351,313,267,0,0,0.46759304
3352,802,305,0,0,0.0016598428
3353,331,753,0,1,0.5811286
3354,421,599,0,0,0.0017947382
3355,626,635,0,0,0.0028437087
3356,471,977,1,0,0.472039
3357,390,283,0,0,0.0011427304
3358,276,713,0,0,0.006845729
3359,264,929,0,1,0.68259877
3360,547,849,0,0,0.0065392554
3361,776,708,0,0,0.35066888
3362,911,978,0,0,0.00070814596
3363,880,356,0,0,0.007427655
3364,772,744,1,0,0.33751068
3365,237,562,0,0,0.0009855805
3366,54,459,1,1,0.6141568
3367,146,656,0,0,0.0063701198
3368,928,737,1,1,0.9338955
3369,472,862,0,0,0.009768786
3370,664,675,0,0,0.003659777
3371,204,683,0,0,0.051035963
3372,873,21,0,0,0.00087052205
3373,443,834,0,1,0.5408295
3374,855,766,0,0,0.0037622598
3375,900,146,0,0,0.0014907072
3376,242,172,0,0,0.15195754
3377,535,930,0,0,0.0064628194
3378,825,661,1,1,0.93564117
3379,819,386,0,0,0.0028172988
3380,795,491,0,0,0.01723776
3381,343,888,0,0,0.0027594129
3382,908,627,0,0,0.0017515969
3383,588,830,0,0,0.0004754127
3384,323,388,0,0,0.3800009
3385,555,643,0,1,0.8519594
3386,435,833,1,0,0.49003285
3387,595,63,1,1,0.93682265
3388,441,525,0,0,0.0018257344
3389,968,975,0,0,0.0012082545
3390,485,118,0,0,0.0013307185
3391,473,864,0,0,0.0031817139
3392,595,237,0,0,0.0025123178
3393,791,431,0,0,0.0019947153
3394,422,968,0,1,0.6832611
3395,565,877,1,1,0.92617714
3396,448,111,0,0,0.0011897197
3397,270,353,0,0,0.0048398897
3398,192,582,0,0,0.39275253
3399,666,447,0,0,0.040371507
3400,526,383,0,0,0.044936206
3401,549,220,0,0,0.014503253
3402,34,491,0,0,0.004234096
3403,607,334,0,0,0.0585784
3404,295,408,1,1,0.9471873
3405,897,66,0,0,0.0009839681
3406,125,413,0,0,0.0008245909
3407,47,214,1,1,0.57322776
3408,404,975,0,0,0.0005766461
3409,481,214,0,0,0.0010079296
3410,874,491,1,1,0.74932027
3411,449,862,1,1,0.87745714
3412,738,277,0,0,0.003795743
3413,502,621,0,0,0.00097420206
3414,620,749,0,0,0.002438415
3415,739,966,0,0,0.1981226
3416,299,969,0,0,0.0024600436
3417,831,196,1,0,0.046391685
3418,100,555,1,0,0.42255402
3419,737,838,0,0,0.0013242611
3420,969,527,0,1,0.8880038
3421,715,820,0,0,0.0007108055
3422,296,22,0,0,0.0009907925
3423,550,932,0,0,0.0009047018
3424,895,747,0,0,0.0036933688
3425,594,352,0,0,0.00090562255
3426,320,846,0,0,0.016347794
3427,263,140,0,0,0.04799207
3428,56,361,0,1,0.8776087
3429,970,244,0,0,0.004070716
3430,176,94,0,1,0.7471597
3431,190,244,0,0,0.002730346
3432,680,432,0,0,0.4140957
3433,416,936,0,1,0.5798259
3434,957,393,0,0,0.0015587631
3435,938,29,0,0,0.0022044133
3436,38,593,0,1,0.8982872
3437,918,278,1,0,0.17598662
3438,920,582,0,0,0.029072333
3439,605,731,0,0,0.003327192
3440,320,246,0,0,0.0052622
3441,387,147,0,0,0.007223262
3442,139,325,0,0,0.014136456
3443,346,358,1,0,0.013697599
3444,564,194,0,0,0.15401073
3445,971,279,0,0,0.1637468
3446,528,817,0,0,0.000824018
3447,228,271,0,1,0.784938
3448,99,758,0,0,0.046243005
3449,479,911,0,1,0.53317744
3450,675,654,0,0,0.00076782086
3451,864,303,0,0,0.113677494
3452,804,779,0,0,0.00076643773
3453,833,117,0,1,0.57966155
3454,531,620,0,0,0.40921533
3455,871,889,1,1,0.65080166
3456,490,52,0,0,0.02052128
3457,972,407,0,1,0.66968024
3458,278,147,0,0,0.0007557563
3459,973,6,0,0,0.03142143
3460,974,575,0,0,0.004341817
3461,843,559,0,0,0.00095591083
3462,675,59,0,0,0.033609077
3463,282,956,0,0,0.00072398665
3464,93,630,0,0,0.002845953
3465,202,670,0,0,0.006656863
3466,801,620,0,0,0.13770488
3467,543,386,0,0,0.0007308745
3468,975,844,1,0,0.18301131
3469,286,512,0,0,0.002123248
3470,976,46,0,0,0.0023201483
3471,84,967,1,1,0.88603544
3472,647,195,0,0,0.0010570261
3473,118,810,1,0,0.17490883
3474,151,432,0,0,0.0023813352
3475,466,287,0,0,0.037263926
3476,267,834,0,0,0.0007900689
3477,861,785,0,0,0.009224511
3478,932,979,0,0,0.0022481552
3479,299,775,1,1,0.50399303
3480,657,427,0,0,0.32042533
3481,898,833,0,0,0.0139502855
3482,733,711,0,0,0.00063398166
3483,673,171,0,0,0.07184451
3484,929,13,0,0,0.023058457
3485,317,287,0,0,0.017075552
3486,142,225,0,1,0.9107539
3487,654,871,0,0,0.0016915977
3488,820,767,0,0,0.26489538
3489,966,376,0,0,0.0011743959
3490,459,258,0,0,0.0051464913
3491,192,677,0,0,0.007530637
3492,505,781,1,1,0.60439146
3493,36,880,0,0,0.0057950136
3494,207,908,0,0,0.010046079
3495,889,353,1,1,0.7650866
3496,363,456,0,0,0.0008529176
3497,888,433,0,0,0.025166988
3498,831,900,0,1,0.6655088
3499,176,446,0,0,0.0012659524
3500,463,872,0,0,0.27981412
3501,96,699,0,1,0.75119734
3502,798,504,0,0,0.0007744233
3503,292,800,0,0,0.004116866
3504,531,127,0,0,0.0012665004
3505,923,569,0,0,0.0015125307
3506,977,296,0,0,0.008067729
3507,827,529,0,0,0.0021094086
3508,842,293,0,1,0.72237843
3509,634,525,0,0,0.36628366
3510,773,957,0,1,0.63423043
3511,869,980,0,0,0.0007388283
3512,768,799,0,0,0.046529807
3513,18,81,0,0,0.2521555
3514,968,2,0,1,0.5761466
3515,831,404,0,0,0.11455773
3516,857,848,0,0,0.025955983
3517,313,874,0,0,0.0012707289
3518,363,617,0,0,0.0006737582
3519,916,949,0,0,0.06601605
3520,953,981,0,0,0.0011533304
3521,908,777,0,1,0.7315028
3522,376,394,0,0,0.0015350459
3523,113,250,0,0,0.0043777223
3524,569,675,0,0,0.0054404563
3525,604,806,0,0,0.0015589999
3526,566,156,0,1,0.73244417
3527,385,709,0,0,0.00070374337
3528,680,481,0,0,0.0005541148
3529,949,982,0,0,0.309875
3530,869,657,0,0,0.0023937263
3531,571,342,0,0,0.002991974
3532,968,54,0,0,0.0015392621
3533,928,270,0,0,0.00815744
3534,828,215,0,0,0.00049799494
3535,844,362,0,0,0.002833175
3536,754,954,1,0,0.21745822
3537,174,469,0,0,0.002273242
3538,30,42,0,0,0.0020749734
3539,856,549,0,0,0.0025168508
3540,750,424,0,0,0.0023504358
3541,103,469,0,0,0.002105616
3542,216,404,0,0,0.34572822
3543,978,358,0,0,0.0014443259
3544,461,562,0,0,0.0010315571
3545,918,807,0,0,0.0076570837
3546,430,116,1,0,0.2773234
3547,922,217,0,0,0.27634698
3548,871,629,0,0,0.323151
3549,402,983,0,0,0.005056871
3550,60,90,0,0,0.0019437614
3551,780,739,0,0,0.3956306
3552,95,378,0,0,0.0008200169
3553,471,791,0,0,0.00076664594
3554,635,145,0,0,0.0014738434
3555,402,484,0,0,0.00060269004
3556,693,966,0,0,0.0043905913
3557,627,450,0,0,0.004140461
3558,258,970,0,0,0.0013001275
3559,641,803,0,0,0.002731411
3560,750,557,1,1,0.97773874
3561,327,730,0,0,0.001094424
3562,758,707,0,0,0.3663102
3563,338,823,0,0,0.081287384
3564,586,770,0,0,0.0013842349
3565,102,153,1,1,0.8048334
3566,894,344,0,0,0.012927378
3567,681,637,0,0,0.07689653
3568,604,554,0,0,0.0099488245
3569,404,286,0,0,0.0009728345
3570,0,974,0,1,0.6156716
3571,879,595,0,1,0.55978876
3572,118,739,0,1,0.7326371
3573,701,758,0,0,0.0010941743
3574,631,30,0,0,0.2484072
3575,535,666,0,0,0.043798294
3576,106,191,0,0,0.0010709873
3577,806,580,0,0,0.0010312472
3578,429,531,0,0,0.0011121422
3579,369,294,0,0,0.29057115
3580,899,967,0,1,0.54421586
3581,249,922,0,0,0.37516177
3582,151,637,0,0,0.0062008104
3583,772,424,0,0,0.0008356463
3584,217,868,1,1,0.5255783
3585,968,336,0,1,0.5579118
3586,832,968,0,0,0.0007708516
3587,566,534,0,0,0.00064722216
3588,371,642,0,0,0.0014687448
3589,293,526,0,0,0.0008557518
3590,908,49,1,1,0.84895366
3591,511,897,0,0,0.0038191846
3592,98,830,0,0,0.0029890735
3593,892,429,0,0,0.0077290996
3594,618,926,0,0,0.0011306766
3595,264,392,0,0,0.0010031798
3596,604,744,0,0,0.010606151
3597,556,487,0,0,0.07731361
3598,945,928,1,1,0.8832065
3599,166,158,0,0,0.00082671474
3600,646,349,0,0,0.002477827
3601,795,441,0,0,0.0014545379
3602,936,436,0,0,0.00048647838
3603,112,972,0,0,0.010586659
3604,338,952,1,0,0.19441293
3605,921,77,0,0,0.0022597536
3606,580,79,0,0,0.011042674
3607,919,340,0,0,0.11345061
3608,578,409,0,0,0.0009144102
3609,435,644,0,0,0.0006044089
3610,113,337,0,0,0.024691919
3611,334,750,0,1,0.87847716
3612,414,984,1,0,0.28918537
3613,122,496,0,0,0.075848825
3614,279,778,0,0,0.0010315763
3615,244,627,0,0,0.0032939718
3616,171,760,0,1,0.7108845
3617,379,855,1,1,0.83674634
3618,937,400,0,0,0.016164342
3619,932,350,0,0,0.44634458
3620,392,95,0,0,0.015809635
3621,138,854,0,0,0.0007669101
3622,599,558,0,0,0.0007297863
3623,979,753,0,0,0.0014335669
3624,944,255,1,1,0.8839215
3625,401,843,0,0,0.0013216893
3626,35,29,0,0,0.0023013286
3627,91,959,0,0,0.0008863
3628,434,820,0,0,0.0008345509
3629,21,521,0,0,0.4539914
3630,501,785,0,0,0.38189855
3631,714,277,0,0,0.06086958
3632,928,413,0,0,0.00077908544
3633,138,907,0,0,0.0040129246
3634,227,287,0,0,0.1409355
3635,69,845,0,0,0.0017525861
3636,499,306,0,0,0.009582905
3637,647,796,0,0,0.2629749
3638,30,904,0,1,0.7318526
3639,325,945,0,0,0.0006479393
3640,384,753,0,0,0.26783976
3641,167,762,0,0,0.14367655
3642,163,78,0,0,0.0013298633
3643,746,442,0,1,0.69852805
3644,514,859,0,1,0.8493149
3645,926,331,0,0,0.0019888831
3646,4,762,0,0,0.0018421927
3647,980,45,0,0,0.0038492994
3648,635,766,0,0,0.0037205825
3649,651,133,0,0,0.0025844048
3650,515,739,0,0,0.0009586845
3651,959,392,0,0,0.035591245
3652,48,259,1,1,0.9313358
3653,981,817,1,1,0.8010709
3654,233,553,1,1,0.8669975
3655,976,637,0,0,0.0005717932
3656,801,292,1,1,0.5370956
3657,649,973,0,0,0.0029133402
3658,774,239,0,0,0.0033149596
3659,711,254,0,0,0.003428351
3660,313,670,0,0,0.0009545116
3661,503,322,0,0,0.0110166045
3662,743,935,0,0,0.0008223444
3663,862,224,0,0,0.0013708397
3664,218,424,0,0,0.0061956844
3665,480,222,0,0,0.007613889
3666,759,775,0,0,0.160696
3667,919,411,0,0,0.3503931
3668,918,236,0,0,0.053860564
3669,623,411,0,1,0.5071396
3670,351,340,0,0,0.3060024
3671,233,829,0,0,0.0012223603
3672,617,553,0,1,0.8669975
3673,619,918,1,1,0.7620454
3674,655,118,0,0,0.0008721481
3675,321,396,0,0,0.00066014036
3676,323,349,0,1,0.84958184
3677,777,486,1,1,0.72351843
3678,459,500,1,1,0.70571446
3679,905,449,0,0,0.007642018
3680,282,167,0,0,0.12990826
3681,90,985,0,1,0.6035065
3682,560,455,0,1,0.74186945
3683,742,206,0,0,0.2965167
3684,306,513,0,0,0.00061182264
3685,577,754,0,0,0.0007526224
3686,543,610,0,0,0.18254717
3687,13,953,0,0,0.0015629021
3688,318,121,0,0,0.12993956
3689,905,599,0,0,0.12824129
3690,982,115,0,0,0.0020630076
3691,606,116,0,0,0.0014931629
3692,74,986,0,0,0.001794124
3693,817,596,0,0,0.00072743837
3694,830,790,0,1,0.8534021
3695,66,223,0,0,0.0027803404
3696,133,169,0,0,0.043019228
3697,572,889,0,0,0.11650663
3698,83,95,0,0,0.0021207733
3699,784,910,0,1,0.83777916
3700,137,716,0,0,0.021211248
3701,112,548,0,0,0.0010227915
3702,59,765,0,0,0.038471553
3703,419,526,0,0,0.024108889
3704,806,979,0,0,0.0015469394
3705,942,43,0,0,0.15500873
3706,83,103,0,0,0.0009818578
3707,220,285,0,0,0.20824742
3708,578,316,0,1,0.7451461
3709,439,910,0,0,0.00065795047
3710,109,249,0,0,0.0030172106
3711,830,239,0,0,0.23135647
3712,911,529,0,0,0.2686496
3713,30,636,0,1,0.85730195
3714,820,934,0,0,0.049458504
3715,462,541,0,0,0.0006587304
3716,687,545,0,1,0.7923091
3717,931,312,0,0,0.124459885
3718,666,682,0,0,0.35036853
3719,443,433,0,1,0.66105497
3720,956,653,0,0,0.014504582
3721,328,814,0,0,0.1803988
3722,892,581,0,0,0.04852005
3723,14,619,0,0,0.00750615
3724,924,92,0,0,0.001072365
3725,193,316,0,0,0.00096259726
3726,633,667,0,0,0.005665033
3727,400,229,0,0,0.43260798
3728,257,349,0,0,0.0010328655
3729,414,719,0,0,0.0016765471
3730,273,784,0,0,0.3163286
3731,898,473,0,0,0.22912337
3732,965,780,0,0,0.0006102392
3733,36,531,1,1,0.73195136
3734,181,174,0,0,0.00076217554
3735,394,652,0,1,0.8738109
3736,771,269,0,0,0.00080195634
3737,323,865,0,0,0.016823307
3738,358,566,0,1,0.90697074
3739,554,165,0,0,0.026160415
3740,654,494,0,1,0.80808455
3741,268,957,0,0,0.0076891207
3742,899,327,0,0,0.064871944
3743,909,416,0,0,0.0031515053
3744,772,948,0,0,0.001096614
3745,412,186,0,0,0.0009905688
3746,983,513,0,0,0.0012845113
3747,573,466,0,0,0.015620471
3748,261,404,0,0,0.43259084
3749,437,110,0,0,0.0012440284
3750,579,302,0,0,0.0129685365
3751,963,912,0,0,0.0024725667
3752,238,115,0,0,0.0015135903
3753,864,844,0,0,0.0007944328
3754,445,758,0,0,0.46964
3755,688,184,1,1,0.74301845
3756,543,372,0,0,0.013464399
3757,217,23,0,0,0.0043890825
3758,579,570,0,0,0.0006611673
3759,676,668,0,0,0.009232799
3760,498,624,0,0,0.0013514773
3761,724,739,0,1,0.6830106
3762,397,987,0,0,0.27553558
3763,830,167,0,0,0.421273
3764,867,409,0,0,0.46091947
3765,709,421,0,0,0.0077790567
3766,660,91,0,0,0.023326188
3767,498,935,0,0,0.0014084505
3768,907,785,0,0,0.46462008
3769,984,299,0,0,0.05603854
3770,286,912,0,0,0.00072398287
3771,606,40,0,0,0.319779
3772,141,142,0,0,0.0012218405
3773,955,924,0,0,0.008687698
3774,107,626,0,0,0.0044236463
3775,859,406,0,0,0.00062204764
3776,857,981,0,0,0.0007703813
3777,820,671,0,1,0.72304803
3778,447,25,0,0,0.0007880657
3779,116,47,0,0,0.032916304
3780,912,392,0,0,0.0028530944
3781,51,693,0,1,0.6405458
3782,204,700,0,0,0.0012297701
3783,968,802,0,0,0.0065519186
3784,663,305,0,0,0.21005043
3785,231,815,0,0,0.00089851534
3786,564,293,0,0,0.0052052303
3787,517,22,0,1,0.7255228
3788,949,193,0,0,0.012177539
3789,834,516,0,0,0.0046059266
3790,60,563,0,0,0.0029422839
3791,452,746,0,0,0.10053371
3792,462,756,0,1,0.653152
3793,364,399,0,0,0.09962864
3794,121,181,0,0,0.007277893
3795,608,860,0,0,0.040339015
3796,714,185,1,0,0.024548732
3797,615,921,0,0,0.0012993687
3798,300,543,0,0,0.0005757095
3799,808,375,0,0,0.0012809004
3800,51,226,1,1,0.8429782
3801,68,983,0,0,0.0010145811
3802,767,649,0,0,0.4672231
3803,387,24,0,0,0.0014455739
3804,473,477,0,1,0.71936584
3805,296,656,0,0,0.020386592
3806,877,438,0,0,0.0017596027
3807,675,70,0,0,0.000756899
3808,815,162,0,0,0.0016770725
3809,319,715,0,0,0.022159928
3810,638,797,0,0,0.0010186586
3811,250,184,1,1,0.6262045
3812,214,870,0,0,0.003972136
3813,647,571,0,0,0.0011740632
3814,504,513,0,0,0.000975706
3815,423,326,0,0,0.05294702
3816,290,939,0,0,0.011458389
3817,542,548,0,0,0.07971714
3818,86,595,0,0,0.00075232226
3819,954,349,0,0,0.0054163244
3820,338,457,0,0,0.00078362355
3821,894,497,0,0,0.009578357
3822,30,798,0,0,0.0049411166
3823,106,282,0,0,0.008357382
3824,325,213,0,0,0.08490666
3825,757,793,0,0,0.007866366
3826,463,642,1,1,0.8614641
3827,764,946,1,1,0.6653906
3828,97,767,0,0,0.00060502416
3829,869,826,0,0,0.00057396415
3830,635,941,0,0,0.009460228
3831,449,438,0,0,0.00064254465
3832,764,134,0,0,0.00093789934
3833,972,853,0,0,0.0009090915
3834,35,836,0,0,0.0006926205
3835,754,363,0,0,0.00073015987
3836,681,28,0,1,0.72784376
3837,525,59,0,0,0.10096225
3838,584,791,0,0,0.0016497013
3839,490,24,1,1,0.8751054
3840,938,45,0,0,0.0027926578
3841,347,948,1,1,0.51301044
3842,39,618,0,0,0.19044642
3843,956,173,0,0,0.0015263589
3844,829,756,0,0,0.14441293
3845,513,17,0,0,0.0011374832
3846,142,742,1,1,0.8142306
3847,318,728,0,0,0.059581526
3848,202,988,1,1,0.804073
3849,256,919,1,1,0.5359816
3850,360,74,1,0,0.44603628
3851,748,973,0,1,0.8175542
3852,606,953,0,0,0.0007819355
3853,373,600,0,0,0.001301564
3854,668,533,0,0,0.040222254
3855,607,101,0,0,0.0019127359
3856,672,64,0,0,0.0008079635
3857,305,382,0,0,0.0014373289
3858,910,348,0,0,0.0032562085
3859,111,164,0,0,0.033759505
3860,75,702,0,0,0.00061667175
3861,579,949,0,0,0.00076963205
3862,277,293,0,0,0.024207177
3863,176,424,0,0,0.0008627923
3864,469,327,1,1,0.711083
3865,63,892,0,0,0.0020182915
3866,613,961,0,0,0.0035380172
3867,890,171,0,0,0.0009100375
3868,533,280,0,0,0.0011057815
3869,898,747,0,0,0.00076396065
3870,148,329,0,0,0.002472982
3871,688,720,0,0,0.4071984
3872,276,357,0,0,0.0012629043
3873,362,304,0,0,0.010035523
3874,38,428,0,0,0.0035897715
3875,770,309,0,0,0.0014023421
3876,914,213,0,0,0.0024311303
3877,917,309,0,0,0.013576025
3878,191,49,0,1,0.909622
3879,338,924,0,0,0.0009353283
3880,395,562,0,1,0.7185577
3881,950,778,0,0,0.0048913136
3882,135,338,0,0,0.007272972
3883,486,440,1,0,0.37290064
3884,574,193,0,0,0.009575295
3885,925,141,0,0,0.07576562
3886,231,411,0,0,0.0485845
3887,122,553,0,1,0.8497993
3888,488,872,0,1,0.8582004
3889,806,165,0,0,0.047788896
3890,374,100,0,0,0.00079441426
3891,704,212,0,0,0.40680462
3892,799,627,0,0,0.0046907635
3893,361,351,0,1,0.5973909
3894,917,667,1,1,0.7261759
3895,817,672,0,0,0.0018867735
3896,445,989,0,0,0.0039247284
3897,609,939,1,1,0.92959213
3898,316,750,0,0,0.3559866
3899,81,576,0,0,0.010900456
3900,966,502,0,0,0.029499553
3901,283,15,0,0,0.076834515
3902,932,455,0,0,0.0011049438
3903,480,653,0,0,0.3276314
3904,61,34,0,1,0.87078834
3905,82,476,0,0,0.0027924546
3906,314,846,0,0,0.0049742367
3907,762,327,0,0,0.020477783
3908,145,251,0,1,0.7572794
3909,977,627,1,0,0.23686334
3910,352,930,1,0,0.46136335
3911,507,782,0,0,0.001205932
3912,957,24,0,0,0.001026325
3913,896,665,0,0,0.01650312
3914,247,660,0,0,0.0019122362
3915,291,116,0,0,0.0038413813
3916,523,963,0,0,0.0040441537
3917,697,273,0,1,0.7386148
3918,493,558,0,1,0.6911301
3919,918,118,0,0,0.38605195
3920,795,864,0,0,0.0006231872
3921,871,113,0,0,0.12619987
3922,602,384,0,0,0.0058566118
3923,962,421,0,0,0.0010634718
3924,847,370,1,0,0.34383792
3925,551,545,1,1,0.80009264
3926,256,165,0,0,0.05716576
3927,667,237,0,0,0.0029574542
3928,746,66,0,1,0.54916847
3929,593,488,0,0,0.0032607692
3930,569,564,0,0,0.15348808
3931,787,966,0,0,0.000634036
3932,819,209,0,0,0.28018165
3933,75,229,0,0,0.09646231
3934,900,680,1,1,0.7918764
3935,166,990,0,1,0.5596447
3936,672,289,0,0,0.0021758967
3937,562,133,0,0,0.004560166
3938,710,692,0,1,0.56740797
3939,392,778,0,0,0.18000482
3940,331,52,0,0,0.4395302
3941,413,828,0,0,0.011813933
3942,229,319,0,0,0.07766854
3943,716,695,0,0,0.20763384
3944,246,499,0,0,0.0006536763
3945,502,751,0,0,0.0005568431
3946,321,939,0,0,0.003980447
3947,660,864,0,1,0.815143
3948,595,315,0,0,0.0023594585
3949,67,459,0,0,0.0013425491
3950,716,273,1,1,0.88116235
3951,729,551,0,0,0.001127828
3952,938,89,0,1,0.51272416
3953,494,747,0,1,0.5864532
3954,968,884,0,0,0.0041682785
3955,720,713,1,1,0.8388149
3956,227,358,0,0,0.0041022566
3957,461,785,0,0,0.0011765973
3958,340,845,0,0,0.03089572
3959,376,623,0,0,0.0061914995
3960,422,558,0,0,0.0009195384
3961,952,840,0,0,0.0032139828
3962,322,295,0,0,0.007355506
3963,985,653,0,0,0.00081233337
3964,236,160,0,0,0.0019591444
3965,313,159,0,0,0.0530052
3966,383,907,0,0,0.0027362446
3967,517,562,0,0,0.22619392
3968,822,262,0,0,0.0011670514
3969,873,562,0,0,0.0008122954
3970,586,391,0,0,0.0041077635
3971,191,44,0,0,0.014069182
3972,557,316,0,0,0.008561568
3973,471,812,0,0,0.00076927245
3974,740,986,1,0,0.4200797
3975,733,623,0,0,0.03305693
3976,253,861,0,0,0.00863383
3977,373,440,0,1,0.634803
3978,433,68,0,0,0.0041709454
3979,229,949,0,0,0.33877832
3980,905,844,0,0,0.32751676
3981,452,249,0,0,0.0005276645
3982,912,441,1,1,0.9330447
3983,498,740,0,0,0.00075354706
3984,823,987,0,1,0.7837976
3985,936,885,0,0,0.0063522984
3986,333,663,0,0,0.00078628084
3987,302,909,0,0,0.0017361374
3988,339,960,0,0,0.024744561
3989,652,310,0,0,0.003504609
3990,245,727,0,0,0.12577495
3991,986,939,0,0,0.060140856
3992,58,883,0,0,0.002491899
3993,446,322,0,0,0.0026622808
3994,449,708,0,0,0.43908766
3995,816,969,0,0,0.0016474788
3996,491,437,0,0,0.046511862
3997,219,805,0,0,0.000817301
3998,175,469,0,0,0.018747302
3999,717,813,0,1,0.76423794
4000,1,227,0,0,0.0016398896
4001,474,382,0,1,0.5635171
4002,730,267,0,0,0.0061183344
4003,848,256,0,0,0.000738241
4004,121,463,0,0,0.004429297
4005,858,532,0,0,0.0018179198
4006,160,18,0,0,0.13011242
4007,9,109,1,1,0.5238316
4008,4,432,0,1,0.6495437
4009,454,279,0,0,0.26023543
4010,974,809,0,0,0.0009885832
4011,359,350,0,0,0.0012355638
4012,177,573,0,0,0.005676434
4013,969,159,0,1,0.7233115
4014,725,442,1,1,0.7126754
4015,88,535,0,0,0.0025178853
4016,521,443,0,0,0.45446202
4017,704,637,0,0,0.0014246466
4018,851,620,0,0,0.43339235
4019,211,33,0,0,0.0032503712
4020,919,383,0,0,0.0022487682
4021,319,254,0,0,0.0040462916
4022,454,474,0,0,0.26739493
4023,779,151,0,0,0.005878064
4024,101,721,0,0,0.00070683385
4025,987,193,0,0,0.03554344
4026,616,991,0,1,0.7295641
4027,512,297,0,0,0.0060239555
4028,67,760,0,0,0.06490748
4029,268,407,0,0,0.06352723
4030,373,893,0,0,0.04792918
4031,70,433,0,0,0.4570007
4032,960,385,0,0,0.0034802014
4033,127,977,0,0,0.030466938
4034,172,216,0,0,0.003892792
4035,97,901,1,0,0.44150865
4036,316,992,0,0,0.04216915
4037,963,310,0,0,0.0011331658
4038,828,61,1,1,0.77702427
4039,312,261,0,0,0.009914934
4040,567,624,0,0,0.0012472568
4041,27,958,0,0,0.005637654
4042,764,142,0,0,0.38435683
4043,445,525,0,0,0.008692134
4044,366,761,0,0,0.41632876
4045,603,106,0,1,0.91809183
4046,345,44,0,0,0.00080369797
4047,210,421,0,0,0.0006400705
4048,206,903,0,0,0.0012231942
4049,269,392,0,0,0.0024982924
4050,348,504,0,0,0.016066283
4051,880,126,1,1,0.632001
4052,430,49,0,0,0.0048160977
4053,435,31,0,0,0.00063789485
4054,954,849,1,1,0.930498
4055,920,980,0,0,0.00436203
4056,929,484,0,0,0.15234976
4057,307,620,0,0,0.0009711416
4058,845,134,0,0,0.085539974
4059,215,514,0,0,0.000897992
4060,724,872,0,0,0.0187017
4061,915,625,0,1,0.9340475
4062,320,803,0,0,0.00088298146
4063,104,142,0,0,0.0319179
4064,870,175,1,1,0.75541157
4065,872,956,0,0,0.0011672204
4066,101,676,0,0,0.00083368213
4067,202,557,0,0,0.02956853
4068,640,121,0,0,0.13226832
4069,506,727,0,0,0.0021756296
4070,250,407,0,0,0.0018360777
4071,162,12,1,1,0.7401524
4072,287,92,0,0,0.00056721055
4073,10,357,0,0,0.29826814
4074,424,916,0,0,0.003198583
4075,869,194,0,0,0.014978923
4076,314,202,0,0,0.0019111234
4077,693,305,0,0,0.0050829034
4078,556,325,0,0,0.41040102
4079,356,46,0,1,0.78195184
4080,89,869,0,0,0.37521362
4081,928,403,0,0,0.0036024116
4082,713,512,0,0,0.0016690642
4083,469,753,0,1,0.77913415
4084,154,333,0,0,0.37822798
4085,893,211,0,0,0.0025085325
4086,510,359,0,0,0.001010779
4087,46,910,0,0,0.14002134
4088,222,443,0,0,0.06084393
4089,361,129,1,1,0.6246405
4090,781,76,0,0,0.2467737
4091,607,118,0,0,0.06946403
4092,487,69,0,0,0.0013621703
4093,652,246,0,0,0.05028304
4094,336,381,0,0,0.010842387
4095,570,2,0,0,0.0016268387
4096,473,599,0,0,0.016999966
4097,511,410,0,0,0.0012796585
4098,931,310,0,0,0.0008007277
4099,832,985,0,0,0.003697022
4100,282,111,0,1,0.77417636
4101,254,934,0,0,0.06322279
4102,249,423,0,1,0.82266176
4103,101,990,0,1,0.53914136
4104,835,403,0,0,0.26399383
4105,6,606,0,0,0.008170917
4106,25,799,0,0,0.018917404
4107,951,205,0,0,0.0031612092
4108,246,504,0,0,0.00447293
4109,899,313,0,0,0.0169428
4110,411,336,0,0,0.01895754
4111,821,87,0,0,0.016112162
4112,365,670,0,0,0.0008131969
4113,773,239,0,0,0.00077164726
4114,499,292,0,0,0.0008818397
4115,634,457,0,0,0.0006731379
4116,791,281,0,0,0.035428844
4117,30,532,1,0,0.22785315
4118,701,764,0,0,0.0010217801
4119,866,65,0,0,0.031259272
4120,407,945,0,0,0.23004219
4121,458,555,0,1,0.59706295
4122,875,708,0,0,0.0029969707
4123,456,551,0,0,0.13594732
4124,236,763,0,0,0.0009996078
4125,848,711,0,0,0.002095458
4126,946,325,0,0,0.43954742
4127,24,929,0,1,0.5320242
4128,68,669,0,0,0.017238617
4129,963,41,0,0,0.003090563
4130,488,242,0,0,0.0010314953
4131,851,102,0,1,0.71505404
4132,729,989,0,0,0.0006179847
4133,815,247,0,0,0.000988344
4134,16,463,0,0,0.14812757
4135,120,362,0,0,0.0029106624
4136,508,141,0,0,0.0014744877
4137,843,449,0,0,0.0008703703
4138,504,968,0,1,0.83343035
4139,879,759,0,0,0.0010812742
4140,844,812,0,0,0.0028204245
4141,610,132,0,0,0.038856294
4142,568,117,0,1,0.8449234
4143,257,150,0,0,0.0024946956
4144,18,815,0,0,0.0010955548
4145,269,543,0,0,0.0016895785
4146,378,369,0,1,0.7686221
4147,253,345,1,0,0.38529894
4148,922,866,0,0,0.0010030359
4149,386,156,1,1,0.7829577
4150,875,213,0,0,0.000728956
4151,540,45,0,0,0.0017562797
4152,904,426,0,1,0.6716287
4153,620,906,0,0,0.0020256399
4154,822,737,0,0,0.0020294904
4155,957,75,0,0,0.46530956
4156,802,857,0,0,0.0005327734
4157,806,46,0,0,0.00459721
4158,619,618,0,0,0.0397063
4159,168,61,0,0,0.0018736226
4160,524,942,0,0,0.0015600044
4161,525,154,1,0,0.49332008
4162,599,848,0,0,0.0023397761
4163,505,775,1,1,0.9278154
4164,283,573,0,0,0.23186655
4165,13,914,0,0,0.00061757665
4166,369,287,0,0,0.0017458485
4167,714,747,0,0,0.4029625
4168,88,77,0,0,0.0015691957
4169,495,504,0,0,0.0007917571
4170,35,339,0,1,0.55045414
4171,915,494,0,0,0.10004412
4172,20,678,0,0,0.0029922598
4173,392,954,0,0,0.00087917893
4174,726,175,0,0,0.0015017148
4175,69,689,0,0,0.16924764
4176,844,658,0,0,0.0014946664
4177,460,225,0,0,0.0029014978
4178,135,581,0,0,0.15693736
4179,100,906,0,0,0.0010098174
4180,601,740,0,0,0.0019700853
4181,431,93,0,0,0.00052468013
4182,912,51,0,0,0.0049978388
4183,878,584,0,0,0.0020214191
4184,637,690,0,0,0.00049852254
4185,779,749,0,0,0.01002249
4186,226,66,0,0,0.00095264864
4187,652,983,0,0,0.0025381504
4188,174,961,0,0,0.014364934
4189,981,495,0,0,0.0013585169
4190,806,860,0,0,0.03136455
4191,734,808,0,0,0.011377601
4192,734,850,0,0,0.0046299
4193,66,152,0,0,0.34335595
4194,709,229,0,0,0.0010886058
4195,535,152,0,0,0.02366863
4196,901,963,1,0,0.2853085
4197,194,442,0,0,0.0031429152
4198,515,716,0,0,0.032655843
4199,734,195,0,0,0.01563702
4200,21,470,0,1,0.6534001
4201,905,72,1,1,0.5965713
4202,375,881,0,0,0.0058405367
4203,505,987,0,0,0.21744809
4204,70,585,0,0,0.446047
4205,674,547,0,0,0.0018826051
4206,241,502,0,0,0.0050839353
4207,143,527,0,0,0.004066297
4208,301,781,0,0,0.0015717519
4209,405,979,0,0,0.0014421743
4210,117,98,0,0,0.2641532
4211,788,477,0,0,0.0006886865
4212,603,657,0,0,0.18429369
4213,627,429,0,0,0.0014089837
4214,515,91,0,0,0.0072072423
4215,232,534,0,1,0.7729579
4216,62,132,0,0,0.002567377
4217,478,267,0,0,0.04286952
4218,402,684,0,1,0.57627743
4219,870,686,0,0,0.27133465
4220,669,184,0,0,0.0010275798
4221,359,215,0,0,0.00069682376
4222,70,145,0,0,0.36056918
4223,598,962,0,0,0.0018165834
4224,234,993,0,0,0.15339372
4225,784,80,0,1,0.629897
4226,126,493,0,1,0.8464773
4227,828,358,0,0,0.00061869604
4228,405,29,0,0,0.0013027441
4229,671,804,0,0,0.00091748
4230,591,895,0,0,0.0016518814
4231,622,474,0,0,0.0124583915
4232,57,670,0,0,0.002149343
4233,639,292,0,0,0.34021616
4234,320,596,0,0,0.015649568
4235,595,812,0,0,0.0020312462
4236,41,683,0,0,0.0014857401
4237,487,48,0,0,0.0045154714
4238,895,81,0,1,0.5925303
4239,299,381,0,0,0.014469555
4240,988,177,0,0,0.0957723
4241,21,770,0,0,0.0039758203
4242,732,831,0,0,0.002898838
4243,717,322,0,0,0.03577195
4244,728,946,0,0,0.09820305
4245,717,984,0,0,0.34992325
4246,972,284,1,1,0.95981055
4247,171,611,0,1,0.74298203
4248,806,250,0,1,0.7450814
4249,455,665,0,0,0.0076794676
4250,250,780,0,0,0.051991127
4251,642,0,0,0,0.0013481536
4252,773,103,0,0,0.05234888
4253,964,463,0,0,0.0034216582
4254,142,897,0,0,0.0014706791
4255,48,79,0,1,0.5571884
4256,155,920,0,1,0.78147024
4257,129,285,0,0,0.48551264
4258,861,926,0,0,0.00075499393
4259,806,407,1,1,0.5603292
4260,546,612,0,0,0.0009119266
4261,385,723,0,0,0.10148217
4262,825,707,0,0,0.000996244
4263,142,433,0,0,0.027823366
4264,766,994,1,1,0.93270034
4265,510,215,0,0,0.17959675
4266,153,291,0,0,0.001381714
4267,959,510,0,0,0.0475269
4268,934,347,0,0,0.020886239
4269,882,922,1,0,0.27684295
4270,656,487,0,0,0.0009038941
4271,515,293,0,0,0.33330014
4272,121,956,0,0,0.004521599
4273,190,936,0,0,0.0015179082
4274,841,692,0,0,0.31669834
4275,186,513,0,0,0.0035650507
4276,932,735,0,0,0.001129932
4277,774,898,0,0,0.00061909505
4278,818,760,0,0,0.0010814288
4279,561,772,1,1,0.7110028
4280,817,707,0,0,0.0068141306
4281,104,487,0,1,0.61068505
4282,741,385,0,0,0.0015208126
4283,920,240,0,0,0.001039669
4284,124,582,0,1,0.6720094
4285,194,563,0,0,0.010199225
4286,854,426,0,0,0.02484769
4287,667,668,0,0,0.022360679
4288,288,86,0,0,0.0011233354
4289,349,246,0,0,0.0013674892
4290,578,505,0,0,0.0016777113
4291,663,133,0,0,0.0008455713
4292,406,51,0,0,0.0039752726
4293,843,181,0,0,0.0020801527
4294,648,85,0,0,0.0044107563
4295,378,648,0,0,0.0014930512
4296,406,887,0,0,0.007945797
4297,624,431,0,0,0.03480773
4298,119,966,0,0,0.000548991
4299,833,582,0,1,0.53467107
4300,441,545,0,0,0.0031387454
4301,384,685,0,0,0.0023303141
4302,959,357,0,0,0.0025541137
4303,675,579,1,1,0.75107044
4304,483,514,1,1,0.7880824
4305,792,701,0,0,0.00095848995
4306,197,726,0,1,0.55503464
4307,277,87,0,0,0.0006480381
4308,126,855,0,0,0.028245274
4309,616,229,0,0,0.487628
4310,491,147,0,0,0.0045469985
4311,536,325,0,0,0.0068310713
4312,905,158,0,0,0.004247069
4313,210,965,0,0,0.32374993
4314,107,516,0,0,0.002359718
4315,134,45,0,0,0.013308375
4316,174,671,0,0,0.00383203
4317,486,995,0,0,0.02066141
4318,37,893,0,0,0.0006072017
4319,296,724,0,0,0.005205021
4320,356,910,0,0,0.34656698
4321,207,210,0,0,0.014706176
4322,145,563,0,0,0.00077086745
4323,885,996,0,0,0.011233116
4324,250,295,0,1,0.8067194
4325,568,619,0,1,0.56493545
4326,188,260,0,0,0.0015863171
4327,77,574,0,0,0.00049918686
4328,254,23,0,0,0.0014183585
4329,896,523,0,0,0.0015625636
4330,314,137,0,0,0.0024726924
4331,200,57,0,1,0.5927374
4332,244,118,0,0,0.4733879
4333,22,787,0,0,0.0010672336
4334,12,559,0,0,0.0011870995
4335,122,136,0,0,0.0031536196
4336,571,243,0,0,0.004564859
4337,30,241,0,0,0.0035247628
4338,0,156,0,1,0.89229536
4339,5,25,0,0,0.0069639175
4340,625,969,0,0,0.0023914396
4341,515,824,0,1,0.6548375
4342,971,928,0,0,0.0014378595
4343,505,784,0,1,0.6301905
4344,204,253,0,0,0.28849432
4345,88,997,0,0,0.0006626886
4346,895,432,0,0,0.0039624036
4347,695,448,1,1,0.91949034
4348,343,28,0,0,0.099872455
4349,551,2,0,0,0.18885759
4350,568,89,0,0,0.00064017874
4351,423,473,0,0,0.023055386
4352,977,819,0,0,0.018341899
4353,625,836,0,0,0.011589887
4354,218,979,0,0,0.008055477
4355,747,532,0,0,0.0016870413
4356,799,254,0,0,0.041602537
4357,833,152,0,0,0.068767406
4358,179,861,0,0,0.008622467
4359,675,920,0,0,0.4057219
4360,52,837,0,0,0.0007632956
4361,873,747,0,0,0.008523629
4362,465,889,0,0,0.06395093
4363,547,480,0,0,0.2698378
4364,463,206,0,0,0.0051284684
4365,628,689,0,0,0.105947115
4366,547,713,0,0,0.00081244716
4367,556,480,0,0,0.024174618
4368,736,262,0,1,0.5509962
4369,927,99,0,0,0.00087877683
4370,274,939,0,0,0.0011207814
4371,475,863,0,0,0.0012113099
4372,583,585,0,0,0.0010250419
4373,646,439,0,0,0.10885523
4374,308,217,0,0,0.061675906
4375,692,9,0,0,0.09396813
4376,80,66,0,0,0.000986059
4377,518,239,0,0,0.008091992
4378,956,656,0,0,0.02068713
4379,951,753,0,0,0.0004924827
4380,146,939,0,0,0.13597931
4381,135,873,0,0,0.0010799037
4382,838,797,0,1,0.79041535
4383,268,3,0,0,0.019325953
4384,606,820,0,0,0.0061447048
4385,614,760,0,0,0.19478871
4386,70,308,0,1,0.69809276
4387,965,517,0,0,0.00089843577
4388,180,964,0,0,0.0020052677
4389,486,331,0,0,0.014969358
4390,730,824,1,0,0.47525564
4391,489,354,0,0,0.007824828
4392,428,475,0,0,0.0073682037
4393,235,77,0,0,0.00520852
4394,989,870,0,0,0.011635011
4395,510,819,0,0,0.0013760332
4396,363,294,1,1,0.59487194
4397,932,513,0,0,0.000642872
4398,800,661,0,0,0.0008209989
4399,543,196,0,0,0.18898746
4400,97,221,0,0,0.011249285
4401,567,517,0,0,0.0012892092
4402,521,352,0,0,0.0015296682
4403,274,922,0,0,0.00077968556
4404,37,410,0,0,0.023134572
4405,763,577,0,0,0.3133982
4406,611,495,0,0,0.0055498616
4407,35,684,0,0,0.0010978099
4408,72,254,0,0,0.0027248983
4409,815,767,0,0,0.0021136396
4410,125,184,0,0,0.039344758
4411,648,916,0,0,0.011929149
4412,735,113,0,0,0.055267144
4413,410,792,0,0,0.0048022447
4414,534,775,0,0,0.0052986774
4415,874,514,0,0,0.25747067
4416,265,251,0,0,0.07098111
4417,970,514,0,0,0.001860636
4418,362,23,0,0,0.0039993986
4419,638,604,0,0,0.0010555766
4420,146,632,0,0,0.004806939
4421,98,14,0,0,0.117326684
4422,95,563,0,0,0.0012168173
4423,541,122,0,0,0.025389647
4424,192,619,0,1,0.5625433
4425,233,29,0,0,0.3443894
4426,352,901,0,0,0.006141045
4427,238,911,0,1,0.6702455
4428,260,414,1,0,0.4330629
4429,744,680,0,0,0.0039344616
4430,988,289,0,0,0.2701218
4431,64,936,0,0,0.0007943723
4432,819,117,0,0,0.001109585
4433,807,763,0,0,0.0006875333
4434,121,588,1,0,0.27213565
4435,792,255,0,1,0.59512657
4436,272,327,0,0,0.17709324
4437,810,755,0,0,0.0018989452
4438,431,499,1,0,0.2833631
4439,528,39,0,0,0.001959042
4440,921,329,0,0,0.0013912454
4441,601,614,1,1,0.7886304
4442,785,177,0,0,0.0009677818
4443,956,389,0,0,0.0015338785
4444,84,231,0,0,0.472518
4445,112,723,0,0,0.004300595
4446,345,566,0,0,0.0009972351
4447,917,218,0,1,0.6036158
4448,146,644,1,0,0.48456287
4449,149,964,0,0,0.01815515
4450,368,970,0,0,0.001628231
4451,175,994,0,0,0.0010574175
4452,545,667,0,0,0.0016179119
4453,807,755,0,0,0.0010152909
4454,356,106,0,0,0.0011586425
4455,770,703,0,0,0.006427667
4456,990,118,0,0,0.0010265778
4457,71,583,1,1,0.6132927
4458,509,774,0,0,0.002242565
4459,376,947,0,0,0.0020186882
4460,259,459,0,0,0.00057370466
4461,432,47,0,0,0.0007816718
4462,606,760,0,1,0.72675014
4463,343,492,0,0,0.0008724187
4464,684,240,0,0,0.0005595672
4465,325,341,0,0,0.0018906955
4466,683,799,0,0,0.08184267
4467,358,462,0,0,0.0065184063
4468,911,300,0,0,0.00093099265
4469,134,361,0,0,0.46227223
