pair_id,ltable_mag_id,rtable_mag_id,true_label,pred_label,confidence
0,0,0,0,0,0.12962962962962962
1,1,1,0,0,0.25096525096525096
2,2,2,0,0,0.3926940639269406
3,3,3,0,0,0.03896103896103896
4,4,4,0,1,0.829343365253078
5,5,5,0,1,0.5826771653543307
6,6,6,0,0,0.004574565416285453
7,7,7,0,0,0.4
8,8,8,0,0,0.0
9,9,9,0,0,0.06451612903225806
10,10,10,0,0,0.0276273022751896
11,11,11,0,1,0.5069444444444444
12,12,12,0,1,0.829343365253078
13,13,13,0,0,0.0
14,14,14,0,0,0.002140181915462814
15,15,15,0,1,0.5460122699386503
16,16,16,0,1,0.6756024096385542
17,17,17,0,0,0.0
18,18,18,0,1,0.6379310344827587
19,19,19,0,0,0.0
20,20,20,1,1,0.7243532560214094
21,21,21,0,0,0.0276273022751896
22,22,22,0,1,0.6756024096385542
23,23,23,0,0,0.0276273022751896
24,24,24,0,0,0.002140181915462814
25,25,25,0,0,0.004574565416285453
26,26,26,0,0,0.002140181915462814
27,27,27,0,1,0.829343365253078
28,28,28,0,0,0.29545454545454547
29,29,29,0,0,0.043478260869565216
30,30,30,0,0,0.002140181915462814
31,31,31,0,1,0.6958333333333333
32,32,32,0,1,0.6756024096385542
33,33,33,0,0,0.004574565416285453
34,34,34,0,1,0.6556776556776557
35,35,35,0,0,0.06451612903225806
36,36,36,0,0,0.002140181915462814
37,37,37,0,1,0.829343365253078
38,38,38,0,0,0.0
39,39,39,1,1,0.7243532560214094
40,14,40,0,1,0.9024390243902439
41,40,41,0,1,0.6556776556776557
42,41,42,0,1,0.6756024096385542
43,42,43,0,0,0.4195804195804196
44,43,44,0,0,0.0276273022751896
45,44,45,0,0,0.0
46,45,46,0,0,0.1669266770670827
47,46,47,0,1,1.0
48,22,48,0,0,0.002140181915462814
49,47,49,1,1,0.6958333333333333
50,48,50,0,0,0.06451612903225806
51,49,51,0,1,0.5069444444444444
52,50,52,0,0,0.4
53,51,53,0,0,0.002140181915462814
54,52,54,0,0,0.004574565416285453
55,53,55,1,1,0.6756024096385542
56,54,56,0,0,0.004574565416285453
57,55,57,0,1,0.829343365253078
58,56,58,0,1,0.5826771653543307
59,57,59,0,0,0.0
60,58,60,0,0,0.2
61,59,61,1,1,0.56
62,60,62,0,0,0.0276273022751896
63,61,63,0,1,0.6756024096385542
64,62,64,1,0,0.25
65,63,65,0,0,0.14285714285714285
66,64,66,0,0,0.004574565416285453
67,65,67,0,0,0.0276273022751896
68,66,68,0,1,0.5625
69,67,69,0,0,0.002140181915462814
70,68,70,0,0,0.0276273022751896
71,69,71,0,0,0.1669266770670827
72,70,72,0,1,0.6756024096385542
73,71,73,0,1,0.8461538461538461
74,72,74,0,0,0.04960835509138381
75,73,75,0,0,0.004574565416285453
76,36,76,0,0,0.02631578947368421
77,74,77,0,0,0.002140181915462814
78,75,78,0,0,0.04960835509138381
79,76,38,0,0,0.04960835509138381
80,77,79,0,0,0.002140181915462814
81,78,80,0,0,0.0
82,79,81,0,1,0.6958333333333333
83,53,82,0,0,0.002140181915462814
84,80,83,0,1,0.6958333333333333
85,81,84,0,0,0.002140181915462814
86,82,85,0,0,0.04960835509138381
87,83,34,0,0,0.1130952380952381
88,84,86,0,1,0.6958333333333333
89,85,87,1,1,0.829343365253078
90,86,88,0,0,0.25096525096525096
91,87,89,0,1,0.829343365253078
92,88,90,0,1,1.0
93,89,91,0,1,0.8534653465346534
94,90,92,0,0,0.0276273022751896
95,91,93,0,0,0.1130952380952381
96,92,94,0,0,0.02631578947368421
97,93,95,0,0,0.004574565416285453
98,94,96,0,1,0.829343365253078
99,95,97,0,1,0.5069444444444444
100,96,98,0,0,0.25096525096525096
101,97,99,0,1,0.6756024096385542
102,98,100,0,0,0.45454545454545453
103,99,101,0,0,0.04186046511627907
104,100,28,0,1,0.6556776556776557
105,101,102,0,1,0.829343365253078
106,102,103,0,0,0.29545454545454547
107,103,104,0,0,0.004574565416285453
108,104,105,0,0,0.0276273022751896
109,105,106,0,0,0.015503875968992248
110,106,107,0,0,0.0276273022751896
111,107,108,0,0,0.0276273022751896
112,108,109,0,0,0.06451612903225806
113,97,44,0,0,0.06451612903225806
114,109,110,0,0,0.043478260869565216
115,110,111,0,0,0.002140181915462814
116,111,112,0,0,0.0276273022751896
117,112,113,0,0,0.1669266770670827
118,113,114,0,0,0.047619047619047616
119,114,115,1,1,0.829343365253078
120,115,116,0,0,0.0276273022751896
121,116,117,0,0,0.002140181915462814
122,111,118,1,1,0.829343365253078
123,117,119,0,0,0.42028985507246375
124,118,111,1,1,0.829343365253078
125,119,120,0,0,0.0
126,120,121,0,0,0.04960835509138381
127,121,122,0,0,0.002140181915462814
128,122,98,0,0,0.0
129,123,51,0,0,0.0276273022751896
130,124,123,0,0,0.004574565416285453
131,125,124,0,0,0.0276273022751896
132,2,125,0,0,0.0
133,126,126,1,1,0.6556776556776557
134,127,127,0,0,0.0
135,128,128,0,0,0.4
136,129,129,0,0,0.0276273022751896
137,130,130,0,1,0.9024390243902439
138,131,131,1,1,0.6756024096385542
139,132,132,0,0,0.0875
140,81,133,0,0,0.48717948717948717
141,133,134,1,1,0.5826771653543307
142,134,135,0,0,0.0
143,135,136,0,0,0.0276273022751896
144,136,137,0,1,0.6756024096385542
145,137,95,0,0,0.004574565416285453
146,138,138,0,0,0.06451612903225806
147,139,139,1,1,0.6756024096385542
148,140,106,0,0,0.002140181915462814
149,141,140,0,0,0.0
150,142,141,0,0,0.0276273022751896
151,68,124,0,0,0.004574565416285453
152,143,58,1,1,0.5826771653543307
153,20,142,0,1,1.0
154,144,143,0,1,0.6
155,145,144,0,1,0.7243532560214094
156,146,145,1,1,0.6756024096385542
157,147,74,0,0,0.04960835509138381
158,148,146,1,0,0.48058252427184467
159,149,147,0,1,0.85
160,150,148,0,0,0.004574565416285453
161,151,50,0,0,0.06451612903225806
162,152,149,0,0,0.3926940639269406
163,153,150,0,1,0.8297297297297297
164,154,151,0,1,1.0
165,104,110,0,0,0.0276273022751896
166,155,152,0,0,0.004574565416285453
167,156,153,0,0,0.04960835509138381
168,31,154,0,0,0.0
169,157,155,0,1,0.7243532560214094
170,61,94,1,1,0.829343365253078
171,152,156,0,0,0.06451612903225806
172,158,157,0,0,0.002140181915462814
173,159,49,0,1,1.0
174,160,29,0,0,0.0
175,161,158,0,0,0.2
176,162,159,0,1,0.6692913385826772
177,163,160,0,1,0.7243532560214094
178,164,161,0,1,0.7243532560214094
179,165,162,0,1,0.8636363636363636
180,166,163,0,1,0.6958333333333333
181,167,164,0,0,0.1276595744680851
182,168,165,0,0,0.42028985507246375
183,24,166,0,0,0.06451612903225806
184,169,167,0,1,0.6958333333333333
185,170,168,0,0,0.0
186,108,169,0,1,0.6756024096385542
187,171,170,1,0,0.25
188,172,171,0,0,0.027777777777777776
189,173,172,0,0,0.0
190,174,173,0,1,0.829343365253078
191,175,174,0,0,0.0276273022751896
192,176,175,0,0,0.002140181915462814
193,122,176,0,0,0.0
194,177,177,0,0,0.0276273022751896
195,178,178,0,1,0.7243532560214094
196,179,179,0,1,0.6958333333333333
197,180,180,0,0,0.004574565416285453
198,181,181,0,1,0.6958333333333333
199,182,182,0,0,0.1130952380952381
200,183,183,0,0,0.0
201,184,184,0,1,0.6958333333333333
202,12,35,1,1,0.829343365253078
203,185,185,0,1,0.829343365253078
204,186,186,0,1,0.7243532560214094
205,187,187,0,0,0.0
206,188,188,0,0,0.015503875968992248
207,93,189,0,0,0.42028985507246375
208,189,190,0,0,0.1669266770670827
209,190,191,0,0,0.04960835509138381
210,191,192,0,0,0.002140181915462814
211,86,193,0,0,0.0276273022751896
212,132,194,0,0,0.0
213,192,195,0,0,0.0276273022751896
214,193,196,0,1,0.6756024096385542
215,2,197,0,1,0.6958333333333333
216,194,198,1,1,0.6958333333333333
217,195,199,0,0,0.027777777777777776
218,196,200,0,0,0.002140181915462814
219,14,201,0,0,0.002140181915462814
220,197,78,0,0,0.04186046511627907
221,198,98,0,0,0.0
222,183,202,0,0,0.0276273022751896
223,199,203,0,0,0.04960835509138381
224,200,204,0,1,0.56
225,201,205,0,0,0.002140181915462814
226,202,8,0,0,0.0
227,114,206,0,0,0.004574565416285453
228,203,207,0,0,0.0276273022751896
229,204,208,0,0,0.004574565416285453
230,115,209,0,0,0.1669266770670827
231,205,26,0,0,0.0276273022751896
232,206,210,1,1,0.5489130434782609
233,207,211,0,0,0.0276273022751896
234,208,212,0,0,0.004574565416285453
235,209,213,0,0,0.0276273022751896
236,210,214,0,1,0.6958333333333333
237,211,215,0,1,1.0
238,36,216,0,0,0.002140181915462814
239,81,217,1,1,0.6556776556776557
240,70,218,0,1,0.6756024096385542
241,212,219,0,0,0.04960835509138381
242,213,220,0,1,0.85
243,214,221,0,0,0.043478260869565216
244,213,88,0,0,0.0276273022751896
245,215,95,0,1,0.829343365253078
246,216,140,0,0,0.0
247,58,222,0,0,0.1130952380952381
248,217,223,0,0,0.002140181915462814
249,142,224,0,1,0.6958333333333333
250,119,92,0,0,0.015503875968992248
251,44,113,0,0,0.004574565416285453
252,194,225,0,0,0.0
253,218,226,0,0,0.004574565416285453
254,219,227,0,1,1.0
255,220,228,0,1,0.7243532560214094
256,221,229,0,0,0.04186046511627907
257,222,230,0,1,0.7419354838709677
258,223,120,0,0,0.0
259,224,107,0,0,0.0276273022751896
260,225,231,0,1,0.5489130434782609
261,178,232,0,1,0.7243532560214094
262,226,233,0,0,0.0
263,93,0,0,0,0.04960835509138381
264,227,234,0,0,0.0276273022751896
265,228,235,0,0,0.002140181915462814
266,229,236,1,1,0.5069444444444444
267,230,237,0,0,0.0276273022751896
268,231,238,1,0,0.18181818181818182
269,232,239,0,0,0.0276273022751896
270,33,240,0,0,0.45454545454545453
271,233,93,0,0,0.004574565416285453
272,234,174,0,0,0.06451612903225806
273,110,241,0,1,0.8636363636363636
274,235,10,0,0,0.0
275,236,242,0,0,0.0
276,237,227,0,0,0.02631578947368421
277,138,243,0,0,0.0276273022751896
278,238,244,0,1,0.6756024096385542
279,239,245,0,0,0.0276273022751896
280,240,246,0,1,0.8205128205128205
281,241,247,0,0,0.0276273022751896
282,242,248,0,0,0.1276595744680851
283,243,145,0,0,0.004574565416285453
284,244,249,0,0,0.004574565416285453
285,245,250,0,0,0.29545454545454547
286,246,251,0,0,0.42028985507246375
287,247,252,0,1,0.5294117647058824
288,248,253,0,0,0.0276273022751896
289,147,254,0,0,0.1130952380952381
290,249,255,0,0,0.0
291,201,256,0,1,0.7243532560214094
292,250,213,1,1,0.9833333333333333
293,44,257,0,0,0.0
294,251,258,0,1,0.7243532560214094
295,252,259,0,0,0.0276273022751896
296,253,260,0,0,0.4444444444444444
297,254,261,0,0,0.0276273022751896
298,194,172,0,1,0.5069444444444444
299,255,136,0,1,0.7243532560214094
300,256,94,0,0,0.3926940639269406
301,209,262,0,0,0.1669266770670827
302,257,263,0,0,0.0
303,43,264,0,0,0.0276273022751896
304,258,265,0,1,0.6756024096385542
305,259,266,0,0,0.004574565416285453
306,260,147,1,1,1.0
307,261,121,0,1,0.6958333333333333
308,262,267,0,0,0.002140181915462814
309,263,268,0,1,0.6958333333333333
310,264,36,0,0,0.0276273022751896
311,265,48,0,1,0.6958333333333333
312,266,269,0,1,0.6756024096385542
313,267,161,0,1,0.6756024096385542
314,268,270,0,1,0.6556776556776557
315,123,271,0,0,0.002140181915462814
316,269,272,1,1,0.6556776556776557
317,270,98,0,0,0.12962962962962962
318,142,273,0,0,0.002140181915462814
319,271,274,0,0,0.0276273022751896
320,272,255,1,1,0.829343365253078
321,273,275,0,1,0.6438356164383562
322,201,276,0,0,0.004574565416285453
323,274,277,0,1,0.9024390243902439
324,59,278,0,0,0.004574565416285453
325,275,279,0,0,0.5
326,276,280,0,0,0.015503875968992248
327,277,37,0,1,0.9217391304347826
328,278,84,0,0,0.002140181915462814
329,279,152,0,0,0.29545454545454547
330,280,281,0,1,0.6556776556776557
331,281,282,0,0,0.0276273022751896
332,282,283,0,1,0.6756024096385542
333,283,99,0,0,0.0276273022751896
334,284,284,0,1,0.6756024096385542
335,285,285,0,0,0.015503875968992248
336,47,286,0,0,0.015503875968992248
337,104,287,0,1,0.7243532560214094
338,286,288,0,0,0.0276273022751896
339,38,289,0,0,0.004574565416285453
340,287,290,0,0,0.4117647058823529
341,288,291,0,0,0.42028985507246375
342,20,292,0,0,0.04960835509138381
343,289,293,0,0,0.04960835509138381
344,290,294,0,0,0.004574565416285453
345,291,97,0,1,0.6438356164383562
346,273,295,0,0,0.015503875968992248
347,76,129,0,1,0.6958333333333333
348,292,283,0,1,0.829343365253078
349,293,296,0,0,0.0276273022751896
350,294,297,0,0,0.002140181915462814
351,295,298,0,1,0.5625
352,296,67,0,0,0.0
353,297,299,0,0,0.004574565416285453
354,298,300,0,0,0.42028985507246375
355,299,301,0,0,0.0276273022751896
356,300,302,0,0,0.29545454545454547
357,301,303,0,0,0.002140181915462814
358,302,268,0,0,0.004574565416285453
359,303,304,0,0,0.1669266770670827
360,235,305,0,0,0.004574565416285453
361,304,306,0,1,0.6756024096385542
362,305,29,0,0,0.15384615384615385
363,306,307,0,0,0.004574565416285453
364,307,308,1,1,1.0
365,308,309,0,0,0.002140181915462814
366,107,161,0,1,1.0
367,309,233,1,1,0.6756024096385542
368,310,250,0,1,0.5489130434782609
369,311,310,0,0,0.0276273022751896
370,312,311,0,0,0.004574565416285453
371,313,312,0,1,0.829343365253078
372,314,313,0,1,0.6958333333333333
373,315,314,1,0,0.48058252427184467
374,292,315,0,0,0.002140181915462814
375,316,316,1,1,0.829343365253078
376,317,200,0,0,0.04960835509138381
377,318,317,1,1,0.9024390243902439
378,31,208,0,1,0.6438356164383562
379,319,318,0,0,0.002140181915462814
380,320,234,0,0,0.0
381,130,319,0,0,0.0
382,321,320,0,0,0.1669266770670827
383,8,321,0,0,0.0276273022751896
384,319,322,0,0,0.0276273022751896
385,322,214,0,1,0.6958333333333333
386,323,323,0,0,0.015503875968992248
387,324,324,0,0,0.002140181915462814
388,325,320,0,0,0.25096525096525096
389,267,113,0,0,0.015503875968992248
390,261,325,0,1,0.6958333333333333
391,233,33,0,1,0.6958333333333333
392,326,298,0,0,0.002140181915462814
393,327,326,0,0,0.04960835509138381
394,328,327,1,1,0.8534653465346534
395,34,97,0,1,0.6556776556776557
396,329,328,0,0,0.42028985507246375
397,330,329,0,0,0.0276273022751896
398,153,119,0,0,0.2
399,193,330,0,0,0.04186046511627907
400,331,331,0,1,0.829343365253078
401,332,332,0,0,0.004574565416285453
402,60,333,0,0,0.0276273022751896
403,333,334,0,0,0.04960835509138381
404,334,335,0,0,0.3926940639269406
405,335,336,0,0,0.1111111111111111
406,336,337,0,1,0.5826771653543307
407,123,338,0,0,0.002140181915462814
408,337,339,0,0,0.2571428571428571
409,338,340,0,0,0.002140181915462814
410,339,341,1,1,0.829343365253078
411,340,342,0,0,0.0
412,341,343,1,1,0.829343365253078
413,342,78,0,0,0.0276273022751896
414,3,344,0,0,0.0
415,128,345,0,0,0.004574565416285453
416,343,346,0,0,0.0276273022751896
417,344,347,1,1,0.6756024096385542
418,345,92,0,0,0.15
419,346,348,0,0,0.043478260869565216
420,347,349,0,0,0.0
421,217,242,0,0,0.25
422,338,350,0,0,0.002140181915462814
423,348,351,0,1,0.5489130434782609
424,349,352,0,0,0.0
425,350,353,0,1,0.5069444444444444
426,141,346,1,1,0.6958333333333333
427,351,300,0,0,0.002140181915462814
428,352,354,0,0,0.0
429,353,355,0,0,0.0276273022751896
430,60,261,0,1,0.6958333333333333
431,354,356,1,1,0.5826771653543307
432,355,282,0,0,0.0276273022751896
433,356,357,0,0,0.1669266770670827
434,357,358,0,0,0.15
435,358,359,0,0,0.0
436,359,130,0,0,0.04960835509138381
437,360,241,0,0,0.0
438,361,360,0,0,0.0276273022751896
439,362,361,0,1,0.7243532560214094
440,363,320,0,0,0.002140181915462814
441,332,150,0,0,0.002140181915462814
442,364,362,0,0,0.04960835509138381
443,365,363,0,1,0.6958333333333333
444,366,364,0,0,0.1669266770670827
445,251,365,0,0,0.0276273022751896
446,315,366,0,1,0.6438356164383562
447,121,134,0,0,0.1669266770670827
448,102,201,0,0,0.29545454545454547
449,367,287,0,1,0.6756024096385542
450,368,150,1,1,0.6756024096385542
451,369,367,0,0,0.04960835509138381
452,370,368,0,0,0.002140181915462814
453,339,369,0,1,0.9217391304347826
454,371,370,0,0,0.06451612903225806
455,372,371,0,0,0.0
456,373,275,0,1,0.6438356164383562
457,374,372,0,0,0.015503875968992248
458,375,373,0,0,0.0276273022751896
459,376,208,0,0,0.004574565416285453
460,377,374,1,1,0.7243532560214094
461,75,375,0,0,0.004574565416285453
462,378,376,0,0,0.3926940639269406
463,379,326,0,0,0.0276273022751896
464,380,377,1,1,0.5826771653543307
465,381,378,0,0,0.3926940639269406
466,382,294,0,0,0.004574565416285453
467,383,49,0,0,0.48717948717948717
468,384,379,0,0,0.0
469,20,257,0,0,0.0
470,324,380,0,0,0.5
471,385,381,0,1,0.6556776556776557
472,386,382,0,0,0.004574565416285453
473,108,383,0,0,0.002140181915462814
474,155,384,0,1,0.6756024096385542
475,187,72,0,1,0.6958333333333333
476,387,385,0,1,0.56
477,131,386,0,0,0.002140181915462814
478,388,136,0,0,0.002140181915462814
479,389,387,0,1,0.6756024096385542
480,390,100,0,1,0.5069444444444444
481,29,388,0,1,0.6958333333333333
482,391,389,0,0,0.04960835509138381
483,392,390,0,0,0.002140181915462814
484,83,391,0,1,0.829343365253078
485,393,392,0,0,0.0276273022751896
486,240,14,0,1,0.7243532560214094
487,237,393,0,0,0.002140181915462814
488,394,394,0,0,0.4117647058823529
489,346,395,0,0,0.0276273022751896
490,184,362,0,0,0.0
491,236,252,0,0,0.015503875968992248
492,395,396,0,0,0.0276273022751896
493,314,177,0,0,0.0276273022751896
494,396,197,0,1,0.829343365253078
495,397,228,0,1,0.7243532560214094
496,398,153,0,0,0.25842696629213485
497,399,397,0,0,0.1669266770670827
498,204,398,0,0,0.0276273022751896
499,10,399,0,0,0.4
500,214,400,0,1,1.0
501,400,264,0,0,0.002140181915462814
502,401,401,0,1,1.0
503,156,252,0,0,0.0
504,402,386,0,0,0.1669266770670827
505,403,402,0,1,0.6438356164383562
506,404,403,0,0,0.002140181915462814
507,405,404,0,0,0.0276273022751896
508,406,405,0,1,0.6756024096385542
509,407,406,1,1,0.6958333333333333
510,408,383,0,1,0.6756024096385542
511,409,407,0,1,0.9217391304347826
512,255,175,0,1,0.6756024096385542
513,91,408,0,1,0.6958333333333333
514,378,409,0,1,0.6756024096385542
515,7,0,0,1,0.829343365253078
516,410,33,0,1,0.829343365253078
517,411,48,0,0,0.0
518,119,410,0,1,0.7142857142857143
519,412,208,0,1,0.6438356164383562
520,298,411,0,0,0.002140181915462814
521,368,412,0,0,0.0
522,413,169,0,0,0.0
523,113,413,0,0,0.21739130434782608
524,414,138,0,0,0.0
525,413,414,0,0,0.0276273022751896
526,415,415,0,0,0.0276273022751896
527,279,142,1,1,0.6756024096385542
528,416,191,0,0,0.002140181915462814
529,417,416,0,1,0.6756024096385542
530,418,417,0,1,0.829343365253078
531,419,80,0,1,0.6958333333333333
532,359,418,0,1,0.6756024096385542
533,123,419,0,0,0.0276273022751896
534,420,346,0,1,0.6438356164383562
535,421,420,0,0,0.04960835509138381
536,55,421,0,0,0.04960835509138381
537,288,376,0,1,0.6958333333333333
538,245,68,0,0,0.15
539,422,422,0,0,0.04960835509138381
540,423,423,0,0,0.16666666666666666
541,424,38,0,0,0.0276273022751896
542,425,64,0,0,0.3926940639269406
543,426,424,0,1,0.6756024096385542
544,31,332,0,0,0.0276273022751896
545,427,239,0,1,0.9217391304347826
546,428,425,0,0,0.18181818181818182
547,396,426,0,0,0.004574565416285453
548,429,427,0,0,0.004574565416285453
549,430,419,0,0,0.0276273022751896
550,431,428,0,1,0.829343365253078
551,432,429,0,0,0.002140181915462814
552,433,168,0,0,0.0276273022751896
553,434,430,0,1,0.6958333333333333
554,435,431,0,0,0.0
555,436,432,0,0,0.06451612903225806
556,437,433,0,1,0.829343365253078
557,438,434,0,1,0.6958333333333333
558,12,435,0,1,0.6756024096385542
559,316,436,0,1,0.8297297297297297
560,439,327,0,1,0.8534653465346534
561,23,437,0,0,0.0276273022751896
562,440,336,0,0,0.004574565416285453
563,198,270,0,0,0.0
564,441,66,1,1,0.829343365253078
565,442,56,0,1,0.6958333333333333
566,443,438,0,1,0.829343365253078
567,444,371,0,0,0.002140181915462814
568,127,439,0,1,0.6556776556776557
569,445,317,0,0,0.0276273022751896
570,30,440,0,0,0.002140181915462814
571,446,390,1,1,0.7243532560214094
572,151,166,0,0,0.06451612903225806
573,225,282,0,1,0.5826771653543307
574,447,239,0,1,0.829343365253078
575,448,148,0,1,0.85
576,449,307,0,0,0.002140181915462814
577,259,441,0,1,0.6556776556776557
578,49,442,0,1,0.5069444444444444
579,450,443,0,0,0.0
580,451,407,0,0,0.0276273022751896
581,363,444,0,0,0.0276273022751896
582,452,445,0,1,0.6958333333333333
583,453,107,0,0,0.04186046511627907
584,242,29,0,0,0.42028985507246375
585,454,46,0,0,0.002140181915462814
586,389,166,0,0,0.002140181915462814
587,448,446,0,0,0.0276273022751896
588,455,447,0,0,0.004574565416285453
589,81,448,0,1,0.6556776556776557
590,456,449,0,0,0.42028985507246375
591,199,340,0,1,0.6756024096385542
592,130,326,0,1,0.8636363636363636
593,455,450,0,0,0.5
594,457,451,0,0,0.06451612903225806
595,458,219,0,0,0.0276273022751896
596,459,452,0,1,1.0
597,460,453,0,0,0.002140181915462814
598,461,454,0,0,0.17391304347826086
599,462,302,0,1,0.6756024096385542
600,463,455,0,1,0.829343365253078
601,464,456,0,0,0.004574565416285453
602,465,457,0,0,0.002140181915462814
603,466,255,0,0,0.002140181915462814
604,467,134,0,0,0.1669266770670827
605,397,458,0,0,0.0
606,468,459,0,0,0.002140181915462814
607,239,347,0,1,0.7243532560214094
608,16,347,0,1,0.6756024096385542
609,445,460,0,1,0.6756024096385542
610,469,90,0,0,0.0875
611,47,461,0,0,0.004574565416285453
612,359,80,0,0,0.0276273022751896
613,464,462,0,0,0.002140181915462814
614,352,463,0,1,0.7419354838709677
615,470,464,0,1,0.7419354838709677
616,360,429,0,0,0.0
617,471,465,1,1,0.829343365253078
618,405,466,0,1,0.6692913385826772
619,472,467,0,0,0.002140181915462814
620,473,468,0,1,0.6756024096385542
621,474,469,0,0,0.0276273022751896
622,475,470,0,0,0.0276273022751896
623,476,471,0,0,0.004574565416285453
624,477,472,1,1,0.829343365253078
625,478,263,1,1,0.6958333333333333
626,226,473,0,1,0.829343365253078
627,313,474,0,0,0.0276273022751896
628,479,234,0,0,0.03225806451612903
629,480,475,0,0,0.0
630,462,476,0,0,0.002140181915462814
631,481,15,0,0,0.1669266770670827
632,151,477,0,0,0.002140181915462814
633,482,478,0,0,0.002140181915462814
634,80,131,0,0,0.0
635,483,479,0,0,0.0276273022751896
636,377,480,0,1,0.7243532560214094
637,357,426,0,0,0.0875
638,2,183,0,0,0.1669266770670827
639,484,481,0,1,0.8534653465346534
640,22,259,0,0,0.0276273022751896
641,467,482,0,1,0.5489130434782609
642,244,483,0,0,0.4
643,485,484,0,0,0.002140181915462814
644,486,306,0,1,0.5460122699386503
645,2,485,0,0,0.0
646,487,259,0,1,0.7243532560214094
647,488,130,0,0,0.14285714285714285
648,489,486,0,0,0.015503875968992248
649,490,372,0,0,0.0276273022751896
650,460,3,0,1,0.829343365253078
651,491,487,0,0,0.0
652,325,488,0,1,0.6756024096385542
653,492,489,1,1,0.8534653465346534
654,493,490,0,0,0.12962962962962962
655,494,491,0,0,0.002140181915462814
656,45,73,0,0,0.04186046511627907
657,357,492,0,0,0.0
658,495,447,0,0,0.0
659,253,325,1,0,0.5
660,496,181,0,0,0.3157894736842105
661,497,430,0,0,0.04960835509138381
662,59,69,0,1,0.5069444444444444
663,116,493,0,1,0.829343365253078
664,24,432,0,0,0.13114754098360656
665,431,494,0,0,0.1669266770670827
666,498,495,0,0,0.002140181915462814
667,499,221,1,1,0.829343365253078
668,500,496,0,0,0.0276273022751896
669,386,497,0,0,0.0
670,501,163,1,1,0.829343365253078
671,297,76,0,0,0.04186046511627907
672,502,498,0,1,0.6958333333333333
673,352,499,0,0,0.0276273022751896
674,233,369,0,0,0.004574565416285453
675,206,500,0,0,0.002140181915462814
676,389,263,0,0,0.14925373134328357
677,42,501,0,0,0.08333333333333333
678,380,4,0,1,0.8297297297297297
679,285,502,0,0,0.0276273022751896
680,503,503,0,0,0.0875
681,341,194,0,0,0.12962962962962962
682,119,102,0,1,0.990909090909091
683,434,172,0,1,0.829343365253078
684,130,504,0,1,0.829343365253078
685,504,465,0,0,0.25
686,505,328,0,1,0.6756024096385542
687,506,505,0,0,0.48717948717948717
688,149,69,0,1,0.85
689,507,70,1,1,0.829343365253078
690,145,506,0,0,0.002140181915462814
691,508,507,0,0,0.3103448275862069
692,488,444,0,0,0.42028985507246375
693,509,55,0,1,0.6958333333333333
694,300,508,0,0,0.29545454545454547
695,295,303,0,1,0.829343365253078
696,510,509,0,0,0.04960835509138381
697,422,442,0,1,0.8534653465346534
698,202,510,0,0,0.004574565416285453
699,492,511,0,0,0.04186046511627907
700,511,234,0,0,0.0276273022751896
701,264,4,0,0,0.1669266770670827
702,203,512,0,1,0.829343365253078
703,512,321,0,1,0.6756024096385542
704,113,513,0,0,0.0967741935483871
705,513,514,0,1,0.6756024096385542
706,514,277,0,0,0.36363636363636365
707,515,515,0,1,0.829343365253078
708,166,516,0,0,0.42028985507246375
709,37,517,0,0,0.0
710,516,67,0,1,0.7243532560214094
711,517,340,0,0,0.002140181915462814
712,25,455,0,0,0.0
713,437,518,0,1,0.6958333333333333
714,518,519,0,0,0.1669266770670827
715,519,520,0,0,0.0276273022751896
716,520,113,0,1,0.829343365253078
717,327,16,0,0,0.0
718,521,49,0,1,0.829343365253078
719,264,521,0,0,0.015503875968992248
720,176,162,1,1,0.829343365253078
721,370,402,0,0,0.004574565416285453
722,522,324,0,0,0.0276273022751896
723,523,522,0,0,0.002140181915462814
724,524,42,1,1,0.5489130434782609
725,344,389,0,0,0.0
726,525,51,0,1,1.0
727,526,523,0,0,0.42028985507246375
728,350,524,0,1,0.6756024096385542
729,447,525,0,1,0.6438356164383562
730,527,526,1,1,0.7243532560214094
731,168,527,0,0,0.002140181915462814
732,284,424,0,1,0.5489130434782609
733,489,71,0,0,0.0276273022751896
734,528,528,0,1,0.829343365253078
735,529,423,0,0,0.0276273022751896
736,530,464,0,0,0.04186046511627907
737,531,42,0,1,0.829343365253078
738,532,529,0,0,0.4
739,533,530,0,1,0.6756024096385542
740,266,150,0,1,0.6756024096385542
741,521,217,0,0,0.015503875968992248
742,459,531,0,0,0.0276273022751896
743,524,532,0,0,0.0276273022751896
744,356,330,0,0,0.46153846153846156
745,534,533,0,0,0.0276273022751896
746,535,414,0,0,0.0276273022751896
747,403,25,0,0,0.004574565416285453
748,536,505,0,0,0.0276273022751896
749,537,534,0,1,0.5826771653543307
750,288,535,0,0,0.2857142857142857
751,538,153,0,0,0.4117647058823529
752,539,385,0,0,0.04960835509138381
753,540,536,0,0,0.0276273022751896
754,541,537,0,1,0.9833333333333333
755,479,538,1,1,0.8534653465346534
756,406,539,0,1,0.6756024096385542
757,372,540,0,0,0.04186046511627907
758,371,243,0,0,0.0276273022751896
759,542,241,1,0,0.36363636363636365
760,420,68,0,0,0.0
761,543,387,0,0,0.002140181915462814
762,504,284,1,1,0.6958333333333333
763,473,160,0,0,0.002140181915462814
764,394,253,0,0,0.0
765,205,95,1,1,0.6958333333333333
766,544,1,0,1,0.5294117647058824
767,307,541,0,0,0.0875
768,545,542,0,0,0.0
769,162,543,0,1,0.56
770,546,114,0,1,0.7243532560214094
771,436,544,0,1,0.6756024096385542
772,92,545,0,0,0.0875
773,547,423,0,0,0.0276273022751896
774,548,546,0,0,0.0276273022751896
775,549,547,0,1,0.6556776556776557
776,550,162,0,0,0.0276273022751896
777,85,548,0,0,0.002140181915462814
778,460,306,0,1,0.829343365253078
779,551,549,0,0,0.002140181915462814
780,16,550,0,1,0.7
781,552,551,0,0,0.1669266770670827
782,462,552,0,0,0.0276273022751896
783,553,403,0,1,0.6756024096385542
784,401,92,0,0,0.015503875968992248
785,554,553,0,0,0.1276595744680851
786,201,554,0,0,0.004574565416285453
787,555,555,0,1,1.0
788,94,556,0,0,0.06451612903225806
789,556,557,0,0,0.002140181915462814
790,550,558,0,0,0.004574565416285453
791,557,245,0,1,0.829343365253078
792,558,559,0,0,0.0276273022751896
793,559,366,0,1,0.7419354838709677
794,560,560,0,0,0.015503875968992248
795,561,421,0,1,1.0
796,562,445,0,0,0.25096525096525096
797,563,521,0,0,0.0276273022751896
798,482,561,0,0,0.002140181915462814
799,564,562,0,1,0.829343365253078
800,565,68,0,0,0.0276273022751896
801,374,336,0,1,0.829343365253078
802,346,563,0,1,0.6756024096385542
803,256,541,0,0,0.0
804,131,325,0,1,0.829343365253078
805,566,172,0,0,0.015503875968992248
806,567,564,0,0,0.015503875968992248
807,568,293,0,1,0.9217391304347826
808,158,565,0,0,0.0
809,569,287,0,1,0.829343365253078
810,475,566,0,1,0.7243532560214094
811,193,268,0,1,0.6756024096385542
812,570,567,0,0,0.0
813,467,471,0,0,0.1669266770670827
814,571,32,1,1,0.829343365253078
815,572,466,0,0,0.1669266770670827
816,573,568,0,0,0.1669266770670827
817,32,50,0,0,0.002140181915462814
818,248,569,0,0,0.002140181915462814
819,574,220,1,1,0.829343365253078
820,56,88,0,0,0.25096525096525096
821,550,310,0,0,0.04960835509138381
822,321,570,0,1,0.829343365253078
823,575,571,0,1,0.7243532560214094
824,576,136,0,0,0.25
825,577,88,0,0,0.0276273022751896
826,456,572,0,1,1.0
827,106,573,0,1,0.829343365253078
828,578,177,0,0,0.04186046511627907
829,579,574,0,0,0.0967741935483871
830,580,212,0,1,0.6666666666666666
831,581,575,0,0,0.002140181915462814
832,156,14,0,0,0.004574565416285453
833,375,576,0,0,0.0276273022751896
834,582,577,0,0,0.0276273022751896
835,583,578,0,0,0.5
836,584,579,0,1,0.6756024096385542
837,585,87,0,0,0.0276273022751896
838,586,580,0,1,0.829343365253078
839,355,540,0,0,0.015503875968992248
840,587,544,1,0,0.42028985507246375
841,384,313,0,0,0.004574565416285453
842,371,581,0,0,0.0276273022751896
843,588,582,0,0,0.25
844,197,395,0,0,0.0276273022751896
845,380,552,0,1,0.6958333333333333
846,368,287,0,0,0.0
847,589,166,0,0,0.06451612903225806
848,590,156,0,1,1.0
849,591,288,0,0,0.2
850,329,583,0,1,0.829343365253078
851,592,572,0,0,0.0276273022751896
852,346,138,0,1,0.829343365253078
853,593,584,0,1,1.0
854,323,545,1,1,0.6958333333333333
855,246,585,0,1,0.6958333333333333
856,387,384,0,0,0.0276273022751896
857,594,586,0,1,0.5826771653543307
858,340,587,0,0,0.0
859,209,114,0,0,0.0276273022751896
860,148,493,0,0,0.004574565416285453
861,440,588,0,0,0.0
862,595,329,0,1,0.829343365253078
863,109,382,1,1,0.6958333333333333
864,23,589,0,0,0.0
865,580,366,0,0,0.0276273022751896
866,596,146,0,0,0.0875
867,597,590,0,0,0.038461538461538464
868,598,55,0,0,0.21739130434782608
869,7,130,0,1,0.85
870,518,221,0,0,0.3926940639269406
871,599,328,0,0,0.002140181915462814
872,600,195,0,1,1.0
873,601,479,0,0,0.004574565416285453
874,317,550,0,0,0.04186046511627907
875,602,505,0,1,0.9
876,459,68,0,0,0.2
877,283,591,0,0,0.002140181915462814
878,85,508,0,0,0.043478260869565216
879,521,592,1,0,0.5
880,600,593,0,0,0.002140181915462814
881,603,594,0,0,0.48058252427184467
882,252,595,0,0,0.1276595744680851
883,360,210,0,0,0.0
884,449,117,1,1,0.829343365253078
885,604,596,0,0,0.004574565416285453
886,208,597,0,0,0.0276273022751896
887,605,598,0,0,0.004574565416285453
888,606,270,0,0,0.002140181915462814
889,607,597,0,1,0.6756024096385542
890,33,599,0,0,0.0276273022751896
891,55,600,0,0,0.25
892,608,380,0,1,0.829343365253078
893,391,377,0,0,0.25
894,609,124,0,0,0.004574565416285453
895,399,601,0,0,0.03896103896103896
896,610,602,0,0,0.0875
897,611,232,0,1,0.8534653465346534
898,612,307,0,0,0.002140181915462814
899,337,279,0,1,0.5263157894736842
900,613,603,0,0,0.002140181915462814
901,70,138,0,1,0.6756024096385542
902,614,182,0,1,0.829343365253078
903,615,604,0,1,0.6958333333333333
904,616,605,0,1,0.7243532560214094
905,617,342,1,1,0.6958333333333333
906,221,606,0,0,0.2857142857142857
907,551,125,0,0,0.02631578947368421
908,588,607,0,0,0.03896103896103896
909,448,255,0,0,0.15
910,618,608,0,0,0.14285714285714285
911,19,12,1,1,0.6756024096385542
912,127,155,0,1,0.7243532560214094
913,172,609,0,0,0.002140181915462814
914,318,610,0,0,0.1130952380952381
915,7,408,0,0,0.0
916,518,442,0,0,0.4195804195804196
917,619,202,0,1,0.6958333333333333
918,620,611,0,0,0.06451612903225806
919,621,612,0,0,0.002140181915462814
920,622,612,0,1,0.8534653465346534
921,247,366,0,0,0.004574565416285453
922,31,613,0,1,0.829343365253078
923,339,410,0,0,0.0276273022751896
924,436,64,0,0,0.002140181915462814
925,623,9,0,0,0.42028985507246375
926,624,614,0,0,0.0276273022751896
927,133,282,0,1,0.829343365253078
928,625,38,0,0,0.04960835509138381
929,432,36,1,1,0.6958333333333333
930,584,483,0,0,0.002140181915462814
931,424,156,0,0,0.0
932,375,615,0,1,0.6756024096385542
933,315,239,0,1,0.829343365253078
934,395,269,0,1,0.6756024096385542
935,78,46,0,0,0.002140181915462814
936,194,431,0,0,0.02631578947368421
937,626,174,0,0,0.42028985507246375
938,369,616,0,1,0.6958333333333333
939,61,527,0,0,0.1669266770670827
940,627,566,0,0,0.0
941,628,150,0,0,0.06451612903225806
942,629,467,0,1,1.0
943,165,88,0,0,0.002140181915462814
944,630,5,0,1,0.5826771653543307
945,631,607,0,0,0.42028985507246375
946,632,595,0,0,0.15
947,633,459,0,0,0.17391304347826086
948,634,617,1,1,0.8534653465346534
949,420,393,0,0,0.08333333333333333
950,126,9,0,0,0.42028985507246375
951,562,618,0,0,0.04960835509138381
952,635,133,0,1,0.5069444444444444
953,156,78,0,1,0.6756024096385542
954,636,217,0,1,0.7741935483870968
955,487,103,0,1,0.7243532560214094
956,637,43,1,0,0.25
957,638,334,0,0,0.002140181915462814
958,366,64,0,1,0.6756024096385542
959,91,418,0,0,0.004574565416285453
960,639,328,0,0,0.15
961,318,173,0,1,0.9217391304347826
962,640,146,0,1,0.9833333333333333
963,554,619,0,1,1.0
964,641,191,0,1,0.5069444444444444
965,345,90,0,0,0.002140181915462814
966,642,264,0,0,0.0276273022751896
967,643,120,0,1,0.6556776556776557
968,623,620,0,0,0.06451612903225806
969,274,172,0,1,0.6756024096385542
970,644,480,0,0,0.42028985507246375
971,310,344,0,1,0.6958333333333333
972,645,86,0,1,0.6958333333333333
973,646,322,0,1,0.6756024096385542
974,352,108,0,0,0.0276273022751896
975,407,104,0,0,0.002140181915462814
976,647,621,0,0,0.0276273022751896
977,648,622,0,0,0.3926940639269406
978,649,454,1,1,0.7243532560214094
979,203,623,0,0,0.004574565416285453
980,650,130,0,0,0.0
981,10,273,0,0,0.0276273022751896
982,300,624,0,0,0.002140181915462814
983,651,625,0,1,0.56
984,61,626,0,1,0.6958333333333333
985,117,574,0,1,0.6756024096385542
986,436,50,1,1,0.8297297297297297
987,652,509,0,0,0.04960835509138381
988,496,627,0,1,0.7441860465116279
989,454,150,0,0,0.2
990,653,143,1,1,0.829343365253078
991,100,560,1,1,0.6556776556776557
992,42,1,0,1,0.829343365253078
993,578,628,0,0,0.0276273022751896
994,654,629,0,0,0.002140181915462814
995,655,630,0,1,1.0
996,429,430,0,0,0.04186046511627907
997,656,631,0,1,0.6379310344827587
998,657,138,0,1,0.829343365253078
999,447,47,0,1,0.829343365253078
1000,653,632,0,0,0.16666666666666666
1001,188,58,0,1,0.5069444444444444
1002,313,200,1,0,0.0
1003,45,633,0,1,0.7243532560214094
1004,658,4,0,0,0.015503875968992248
1005,225,634,0,0,0.0276273022751896
1006,498,627,0,1,0.8
1007,659,635,0,0,0.02631578947368421
1008,130,0,0,1,0.6958333333333333
1009,284,184,0,1,0.6958333333333333
1010,660,418,0,1,0.7243532560214094
1011,602,455,0,1,0.6756024096385542
1012,361,636,0,1,0.7142857142857143
1013,174,637,0,0,0.0276273022751896
1014,661,324,0,0,0.25096525096525096
1015,620,50,0,0,0.06451612903225806
1016,39,166,0,0,0.002140181915462814
1017,110,638,0,0,0.2857142857142857
1018,662,349,0,0,0.002140181915462814
1019,443,365,1,1,0.9217391304347826
1020,13,625,0,0,0.1669266770670827
1021,7,345,0,1,0.6958333333333333
1022,294,346,0,0,0.0967741935483871
1023,477,344,0,0,0.0
1024,571,308,0,0,0.002140181915462814
1025,22,639,0,0,0.4
1026,663,126,0,0,0.004574565416285453
1027,664,640,0,1,0.5069444444444444
1028,665,641,0,0,0.002140181915462814
1029,666,642,0,1,0.7243532560214094
1030,81,540,0,0,0.14925373134328357
1031,476,421,0,0,0.04960835509138381
1032,667,643,0,1,0.829343365253078
1033,120,447,0,0,0.04960835509138381
1034,376,175,0,0,0.002140181915462814
1035,668,572,0,0,0.0276273022751896
1036,669,529,0,0,0.48717948717948717
1037,670,17,0,1,0.6756024096385542
1038,671,399,0,1,0.88
1039,278,644,0,0,0.42028985507246375
1040,672,385,1,1,0.829343365253078
1041,428,91,0,0,0.002140181915462814
1042,673,645,1,1,0.829343365253078
1043,224,197,0,1,0.829343365253078
1044,293,636,0,0,0.48717948717948717
1045,258,293,0,1,0.6756024096385542
1046,272,646,0,1,0.5069444444444444
1047,192,565,0,1,0.9
1048,508,647,0,0,0.0967741935483871
1049,674,648,0,0,0.0
1050,521,74,0,0,0.015503875968992248
1051,365,317,0,1,0.7
1052,675,578,0,0,0.03896103896103896
1053,625,474,0,1,0.6958333333333333
1054,284,649,0,1,0.829343365253078
1055,676,650,0,1,0.5069444444444444
1056,2,649,0,1,0.6556776556776557
1057,539,524,0,1,0.8205128205128205
1058,350,651,0,1,0.6756024096385542
1059,677,245,0,0,0.0276273022751896
1060,678,652,0,1,0.829343365253078
1061,679,653,0,0,0.0
1062,612,124,0,0,0.004574565416285453
1063,680,654,1,1,0.8
1064,681,655,0,0,0.0967741935483871
1065,62,656,0,1,0.6756024096385542
1066,478,387,0,1,0.6958333333333333
1067,682,657,0,0,0.0875
1068,596,421,0,1,0.8333333333333334
1069,261,447,0,1,0.6756024096385542
1070,85,472,0,0,0.002140181915462814
1071,683,658,0,0,0.002140181915462814
1072,280,659,0,1,0.829343365253078
1073,640,437,0,0,0.004574565416285453
1074,270,660,0,0,0.46875
1075,684,406,0,0,0.002140181915462814
1076,336,5,0,1,0.5826771653543307
1077,571,519,0,0,0.1130952380952381
1078,217,65,0,0,0.14925373134328357
1079,236,641,0,1,0.9217391304347826
1080,685,11,1,1,0.6958333333333333
1081,686,661,0,0,0.0276273022751896
1082,687,66,0,0,0.0276273022751896
1083,688,86,0,0,0.08333333333333333
1084,322,207,0,0,0.0276273022751896
1085,454,662,0,0,0.06451612903225806
1086,33,663,0,0,0.0
1087,93,664,0,0,0.42028985507246375
1088,689,254,0,1,0.6666666666666666
1089,228,99,0,0,0.002140181915462814
1090,236,665,0,1,0.6756024096385542
1091,671,660,1,0,0.45454545454545453
1092,203,666,0,1,0.7243532560214094
1093,556,667,0,0,0.3103448275862069
1094,690,122,0,0,0.0276273022751896
1095,669,52,0,1,0.9217391304347826
1096,344,461,0,0,0.29545454545454547
1097,574,187,0,1,0.6958333333333333
1098,585,668,0,1,0.6556776556776557
1099,691,398,0,0,0.002140181915462814
1100,692,587,0,1,0.9217391304347826
1101,92,635,0,0,0.002140181915462814
1102,416,669,0,0,0.002140181915462814
1103,622,292,0,0,0.04960835509138381
1104,693,107,0,1,0.8
1105,533,670,0,0,0.002140181915462814
1106,694,113,0,0,0.0276273022751896
1107,516,439,0,1,0.6556776556776557
1108,695,671,0,1,1.0
1109,254,672,0,0,0.0
1110,696,673,1,1,0.6756024096385542
1111,586,674,0,0,0.0
1112,697,314,0,1,0.5789473684210527
1113,399,440,0,0,0.04960835509138381
1114,370,293,0,0,0.0276273022751896
1115,518,675,0,0,0.0276273022751896
1116,669,330,0,0,0.48717948717948717
1117,475,317,0,0,0.015503875968992248
1118,397,676,0,0,0.25
1119,99,108,0,0,0.0
1120,698,595,0,0,0.25842696629213485
1121,438,547,0,0,0.015503875968992248
1122,699,115,0,0,0.004574565416285453
1123,462,677,0,0,0.04960835509138381
1124,335,678,0,1,1.0
1125,700,548,0,0,0.02631578947368421
1126,160,679,0,0,0.0
1127,701,398,0,0,0.0276273022751896
1128,702,227,0,0,0.04186046511627907
1129,118,499,0,0,0.0276273022751896
1130,153,680,0,0,0.02631578947368421
1131,8,46,0,0,0.04960835509138381
1132,703,2,0,0,0.004574565416285453
1133,175,356,0,1,0.9
1134,704,205,0,1,0.829343365253078
1135,705,681,0,0,0.0
1136,706,682,0,0,0.004574565416285453
1137,628,119,0,1,0.6756024096385542
1138,121,482,0,1,0.6756024096385542
1139,248,683,0,0,0.1130952380952381
1140,124,412,0,0,0.0
1141,707,398,0,0,0.0
1142,708,65,1,0,0.25
1143,32,160,1,1,0.6958333333333333
1144,467,684,0,1,0.6756024096385542
1145,174,474,0,1,0.829343365253078
1146,280,685,0,1,0.56
1147,528,192,0,0,0.002140181915462814
1148,465,333,0,0,0.002140181915462814
1149,114,156,0,0,0.04960835509138381
1150,397,686,0,0,0.1130952380952381
1151,379,3,0,0,0.004574565416285453
1152,551,430,0,0,0.0276273022751896
1153,709,94,0,0,0.004574565416285453
1154,710,163,0,0,0.0
1155,711,358,0,0,0.0
1156,712,687,0,1,0.829343365253078
1157,100,688,0,1,0.9833333333333333
1158,35,476,0,0,0.06451612903225806
1159,516,155,0,1,0.7243532560214094
1160,685,689,0,0,0.0
1161,629,493,1,1,0.829343365253078
1162,267,496,0,0,0.0
1163,548,169,0,0,0.1669266770670827
1164,386,255,0,0,0.002140181915462814
1165,713,690,0,1,0.6958333333333333
1166,632,113,0,0,0.0276273022751896
1167,168,490,0,0,0.004574565416285453
1168,611,346,0,0,0.04960835509138381
1169,292,691,0,1,0.6958333333333333
1170,275,111,0,0,0.0276273022751896
1171,474,464,0,1,0.6958333333333333
1172,689,299,0,0,0.04960835509138381
1173,364,556,0,1,0.7441860465116279
1174,65,692,0,1,0.6756024096385542
1175,67,46,0,1,0.7243532560214094
1176,714,594,0,1,0.5294117647058824
1177,602,279,0,0,0.002140181915462814
1178,357,283,0,0,0.002140181915462814
1179,124,169,0,1,0.9180327868852459
1180,53,693,0,1,0.829343365253078
1181,160,694,0,0,0.0
1182,715,579,0,0,0.004574565416285453
1183,195,695,0,1,0.6958333333333333
1184,550,623,0,1,0.5460122699386503
1185,545,696,0,0,0.0276273022751896
1186,457,697,0,1,0.6756024096385542
1187,336,477,0,1,0.75
1188,292,698,0,1,0.6958333333333333
1189,92,55,0,0,0.002140181915462814
1190,716,672,0,0,0.002140181915462814
1191,162,699,0,0,0.0276273022751896
1192,409,700,0,0,0.002140181915462814
1193,717,445,0,0,0.004574565416285453
1194,222,167,0,1,0.6438356164383562
1195,119,693,0,1,0.9180327868852459
1196,548,311,0,0,0.42028985507246375
1197,296,701,0,1,0.9217391304347826
1198,718,702,1,1,0.75
1199,719,309,0,0,0.002140181915462814
1200,390,480,0,0,0.002140181915462814
1201,720,392,0,0,0.0276273022751896
1202,216,703,0,0,0.015503875968992248
1203,124,172,0,0,0.21739130434782608
1204,16,155,0,1,0.7243532560214094
1205,618,127,1,1,0.829343365253078
1206,613,704,0,0,0.043478260869565216
1207,569,705,0,0,0.2857142857142857
1208,721,184,0,0,0.42028985507246375
1209,185,706,0,1,0.6958333333333333
1210,722,707,1,1,0.7243532560214094
1211,120,708,0,0,0.04960835509138381
1212,723,318,0,0,0.004574565416285453
1213,368,709,0,0,0.0276273022751896
1214,597,342,0,0,0.3333333333333333
1215,724,203,0,1,0.6438356164383562
1216,221,710,0,0,0.0276273022751896
1217,462,711,0,0,0.0
1218,725,124,0,0,0.004574565416285453
1219,539,712,0,0,0.42028985507246375
1220,726,246,0,0,0.5
1221,596,241,0,0,0.004574565416285453
1222,515,713,0,0,0.004574565416285453
1223,727,395,0,0,0.0276273022751896
1224,728,712,0,0,0.004574565416285453
1225,691,649,0,0,0.002140181915462814
1226,337,139,0,0,0.4
1227,568,141,0,0,0.0
1228,729,532,0,1,0.6958333333333333
1229,730,175,0,0,0.015503875968992248
1230,232,714,0,0,0.03896103896103896
1231,485,715,0,0,0.04960835509138381
1232,271,696,0,0,0.0276273022751896
1233,695,350,0,0,0.04186046511627907
1234,143,475,0,0,0.25096525096525096
1235,288,409,1,0,0.3926940639269406
1236,225,482,0,0,0.1669266770670827
1237,611,668,0,1,0.8534653465346534
1238,731,13,1,1,0.75
1239,552,58,0,1,0.5826771653543307
1240,35,677,0,0,0.2857142857142857
1241,732,504,0,1,0.6958333333333333
1242,733,16,0,0,0.0
1243,416,263,0,1,0.7243532560214094
1244,483,220,0,1,0.85
1245,624,703,0,1,0.6958333333333333
1246,87,437,0,1,0.6756024096385542
1247,652,114,0,1,0.7243532560214094
1248,734,49,0,0,0.0875
1249,150,361,0,0,0.0276273022751896
1250,253,716,0,0,0.0276273022751896
1251,611,663,0,0,0.0
1252,654,649,0,1,0.6756024096385542
1253,273,717,0,0,0.043478260869565216
1254,735,718,0,0,0.0276273022751896
1255,160,85,0,0,0.0
1256,736,54,0,0,0.48717948717948717
1257,98,235,0,0,0.18181818181818182
1258,737,254,0,0,0.0276273022751896
1259,389,677,0,0,0.002140181915462814
1260,738,100,0,0,0.0
1261,739,539,0,0,0.4117647058823529
1262,666,400,0,0,0.5
1263,290,719,0,1,0.6438356164383562
1264,720,460,0,0,0.0
1265,199,720,0,0,0.42028985507246375
1266,480,721,0,0,0.5
1267,527,722,0,1,0.7243532560214094
1268,393,21,0,0,0.4195804195804196
1269,451,205,0,1,0.6756024096385542
1270,131,260,0,1,0.6958333333333333
1271,740,147,0,0,0.12962962962962962
1272,278,150,0,0,0.002140181915462814
1273,638,723,0,1,0.6958333333333333
1274,741,457,0,1,0.6692913385826772
1275,407,575,1,1,0.829343365253078
1276,199,724,0,0,0.42028985507246375
1277,742,96,0,1,0.6958333333333333
1278,73,429,0,0,0.05555555555555555
1279,625,6,0,1,0.6756024096385542
1280,743,559,0,1,0.8534653465346534
1281,405,725,0,0,0.0276273022751896
1282,439,726,0,1,0.7243532560214094
1283,482,71,0,0,0.48717948717948717
1284,446,14,0,0,0.1669266770670827
1285,314,454,0,0,0.0276273022751896
1286,262,300,0,0,0.002140181915462814
1287,648,727,0,1,0.829343365253078
1288,300,123,0,0,0.0276273022751896
1289,744,728,1,1,0.6958333333333333
1290,63,498,0,1,0.829343365253078
1291,669,729,0,0,0.0276273022751896
1292,149,7,0,0,0.0
1293,326,420,0,0,0.0276273022751896
1294,745,340,0,1,0.6958333333333333
1295,10,126,0,0,0.0276273022751896
1296,279,575,0,0,0.0276273022751896
1297,439,619,1,1,0.829343365253078
1298,714,730,0,1,0.5294117647058824
1299,347,731,1,0,0.0
1300,746,29,0,0,0.043478260869565216
1301,747,470,0,0,0.004574565416285453
1302,649,312,0,0,0.42028985507246375
1303,748,625,0,1,0.6958333333333333
1304,676,732,0,0,0.004574565416285453
1305,749,98,0,0,0.0
1306,54,370,0,0,0.0276273022751896
1307,313,258,0,0,0.06451612903225806
1308,750,432,0,1,0.6756024096385542
1309,751,135,0,0,0.002140181915462814
1310,752,217,0,1,0.75
1311,753,733,0,0,0.0276273022751896
1312,379,409,0,1,0.6958333333333333
1313,754,502,1,1,0.6756024096385542
1314,651,132,0,0,0.0
1315,373,734,0,0,0.1669266770670827
1316,174,735,0,0,0.0276273022751896
1317,755,52,0,0,0.0276273022751896
1318,756,501,0,0,0.1669266770670827
1319,215,660,0,0,0.004574565416285453
1320,374,632,0,1,1.0
1321,757,451,0,0,0.002140181915462814
1322,558,730,0,1,0.6756024096385542
1323,486,3,0,1,0.6756024096385542
1324,67,628,0,1,0.8205128205128205
1325,504,271,0,1,0.6756024096385542
1326,176,731,0,0,0.2571428571428571
1327,331,736,0,0,0.0276273022751896
1328,758,512,1,1,0.7243532560214094
1329,625,384,0,0,0.0276273022751896
1330,510,427,0,0,0.004574565416285453
1331,759,441,0,1,0.5069444444444444
1332,719,281,0,0,0.002140181915462814
1333,258,191,0,1,0.5069444444444444
1334,58,737,0,0,0.002140181915462814
1335,378,341,0,1,0.829343365253078
1336,628,470,0,0,0.05555555555555555
1337,413,584,0,0,0.002140181915462814
1338,397,609,0,0,0.004574565416285453
1339,760,738,0,0,0.0
1340,86,58,0,1,0.5826771653543307
1341,568,739,0,0,0.002140181915462814
1342,761,59,0,0,0.002140181915462814
1343,582,89,0,1,0.6958333333333333
1344,762,740,0,0,0.0
1345,442,328,0,0,0.002140181915462814
1346,763,159,0,0,0.002140181915462814
1347,503,573,0,0,0.015503875968992248
1348,501,185,0,1,0.6756024096385542
1349,764,658,0,0,0.015503875968992248
1350,609,617,0,1,0.6556776556776557
1351,680,500,0,0,0.002140181915462814
1352,338,503,0,0,0.04960835509138381
1353,572,303,0,0,0.0276273022751896
1354,574,741,0,1,0.6556776556776557
1355,123,314,0,0,0.0276273022751896
1356,383,742,0,1,0.6785714285714286
1357,765,348,1,1,0.829343365253078
1358,505,320,0,1,0.723404255319149
1359,766,743,0,1,0.75
1360,506,744,0,1,0.5069444444444444
1361,767,279,0,0,0.5
1362,352,346,0,1,0.829343365253078
1363,130,408,0,0,0.0
1364,36,745,1,1,0.6958333333333333
1365,43,152,0,0,0.0276273022751896
1366,129,510,1,1,0.829343365253078
1367,538,146,0,0,0.004574565416285453
1368,230,366,0,0,0.0276273022751896
1369,768,552,0,0,0.0276273022751896
1370,93,133,0,0,0.004574565416285453
1371,207,156,1,1,0.7243532560214094
1372,377,208,0,0,0.0276273022751896
1373,502,746,1,1,0.829343365253078
1374,769,695,0,0,0.0276273022751896
1375,83,747,0,1,0.6958333333333333
1376,435,350,0,1,0.829343365253078
1377,681,748,0,1,0.7243532560214094
1378,433,539,0,0,0.0276273022751896
1379,517,141,0,0,0.02631578947368421
1380,196,439,0,0,0.0276273022751896
1381,433,749,0,0,0.0
1382,93,743,0,1,0.829343365253078
1383,210,697,0,0,0.043478260869565216
1384,447,314,0,1,0.6438356164383562
1385,311,155,0,1,0.7243532560214094
1386,376,711,0,0,0.002140181915462814
1387,770,750,0,0,0.0875
1388,211,227,0,0,0.13114754098360656
1389,771,453,1,1,0.5489130434782609
1390,406,290,0,0,0.4117647058823529
1391,187,575,0,1,0.6756024096385542
1392,772,344,0,0,0.015503875968992248
1393,660,751,0,0,0.2571428571428571
1394,773,396,0,0,0.04960835509138381
1395,150,752,0,1,0.85
1396,538,264,0,0,0.002140181915462814
1397,653,678,0,0,0.4
1398,774,281,0,1,0.6379310344827587
1399,601,679,0,0,0.04960835509138381
1400,775,538,0,0,0.0875
1401,776,282,0,0,0.002140181915462814
1402,92,476,0,0,0.1669266770670827
1403,410,226,0,1,0.5489130434782609
1404,777,277,0,1,0.829343365253078
1405,66,333,0,0,0.0
1406,505,570,1,1,0.6958333333333333
1407,348,653,0,1,0.56
1408,721,753,1,1,0.6958333333333333
1409,211,754,0,0,0.015503875968992248
1410,289,235,0,0,0.0276273022751896
1411,41,755,0,0,0.0276273022751896
1412,416,553,0,0,0.0276273022751896
1413,283,206,0,1,0.6958333333333333
1414,136,329,0,1,0.6958333333333333
1415,329,756,0,1,0.9
1416,465,360,0,0,0.0276273022751896
1417,341,757,0,1,0.6756024096385542
1418,778,664,0,0,0.12962962962962962
1419,102,39,0,1,0.7243532560214094
1420,56,551,0,0,0.25096525096525096
1421,735,222,0,0,0.002140181915462814
1422,746,758,0,0,0.0
1423,779,759,0,0,0.0276273022751896
1424,516,458,0,0,0.48717948717948717
1425,81,721,0,0,0.0276273022751896
1426,54,145,0,1,0.6756024096385542
1427,780,520,0,0,0.0
1428,781,401,0,1,0.6958333333333333
1429,384,234,0,0,0.0
1430,547,646,0,0,0.0276273022751896
1431,230,736,0,0,0.0276273022751896
1432,782,760,0,1,0.5294117647058824
1433,774,685,0,1,0.9024390243902439
1434,326,761,0,0,0.5
1435,294,374,0,0,0.0
1436,367,762,0,1,0.6756024096385542
1437,526,604,0,1,0.6958333333333333
1438,783,763,0,1,0.5069444444444444
1439,489,764,0,0,0.0
1440,784,739,0,1,0.829343365253078
1441,414,320,0,0,0.0
1442,650,425,0,0,0.1669266770670827
1443,785,527,0,1,0.6756024096385542
1444,410,765,1,1,0.6958333333333333
1445,703,165,0,0,0.02631578947368421
1446,713,579,0,0,0.002140181915462814
1447,492,766,0,0,0.0276273022751896
1448,424,421,0,0,0.21739130434782608
1449,670,409,0,0,0.3926940639269406
1450,344,228,0,0,0.0276273022751896
1451,598,549,0,0,0.002140181915462814
1452,284,437,0,0,0.002140181915462814
1453,786,333,0,0,0.002140181915462814
1454,106,422,0,0,0.0276273022751896
1455,255,767,0,0,0.043478260869565216
1456,787,607,1,1,0.6958333333333333
1457,763,14,0,1,0.7243532560214094
1458,765,617,0,0,0.0276273022751896
1459,237,768,0,0,0.0
1460,788,333,0,0,0.002140181915462814
1461,36,129,0,1,0.6958333333333333
1462,2,105,0,0,0.043478260869565216
1463,284,769,0,1,0.6958333333333333
1464,193,770,0,1,0.7243532560214094
1465,789,709,0,0,0.0276273022751896
1466,790,375,0,1,0.8333333333333334
1467,297,84,0,0,0.0276273022751896
1468,293,713,0,1,0.829343365253078
1469,233,771,1,1,0.829343365253078
1470,791,641,0,0,0.0
1471,688,373,0,1,0.829343365253078
1472,60,355,0,0,0.0
1473,792,101,0,1,0.6692913385826772
1474,793,553,1,1,1.0
1475,794,508,0,0,0.002140181915462814
1476,795,403,0,1,0.829343365253078
1477,291,772,0,0,0.004574565416285453
1478,337,773,0,0,0.0875
1479,199,37,0,1,0.829343365253078
1480,27,754,0,0,0.004574565416285453
1481,17,752,0,1,0.56
1482,796,415,0,0,0.1669266770670827
1483,181,342,0,0,0.42028985507246375
1484,797,712,0,0,0.002140181915462814
1485,798,493,0,0,0.1669266770670827
1486,149,106,0,0,0.1669266770670827
1487,195,68,0,0,0.04960835509138381
1488,51,721,0,0,0.0276273022751896
1489,88,732,0,0,0.002140181915462814
1490,241,569,0,1,0.6556776556776557
1491,242,774,0,0,0.002140181915462814
1492,17,313,0,1,0.56
1493,697,775,0,0,0.004574565416285453
1494,96,776,1,0,0.45454545454545453
1495,767,101,0,1,0.6756024096385542
1496,195,703,1,1,0.6438356164383562
1497,389,691,0,0,0.1276595744680851
1498,647,743,0,0,0.12962962962962962
1499,146,538,0,0,0.004574565416285453
1500,593,14,0,1,1.0
1501,80,520,0,1,0.5714285714285714
1502,323,385,0,0,0.0276273022751896
1503,624,558,0,1,0.6438356164383562
1504,442,259,0,1,0.9024390243902439
1505,139,197,0,0,0.004574565416285453
1506,728,425,0,0,0.0276273022751896
1507,299,86,0,0,0.0
1508,524,637,0,0,0.1669266770670827
1509,799,291,0,1,0.6756024096385542
1510,608,597,0,1,0.829343365253078
1511,796,197,0,0,0.1669266770670827
1512,109,520,0,0,0.04960835509138381
1513,669,444,0,1,0.8666666666666667
1514,457,107,0,1,0.829343365253078
1515,800,397,0,0,0.002140181915462814
1516,496,777,0,1,0.8636363636363636
1517,757,22,1,1,0.829343365253078
1518,157,778,0,1,0.6756024096385542
1519,801,596,0,0,0.42028985507246375
1520,80,307,0,0,0.0967741935483871
1521,797,467,0,0,0.002140181915462814
1522,501,706,0,1,0.829343365253078
1523,802,120,0,1,0.7243532560214094
1524,49,264,0,0,0.0
1525,386,779,0,0,0.25096525096525096
1526,199,311,0,0,0.002140181915462814
1527,66,780,0,0,0.25
1528,395,781,0,0,0.17391304347826086
1529,692,558,0,1,0.7419354838709677
1530,803,514,0,1,0.5069444444444444
1531,146,782,0,0,0.42028985507246375
1532,603,709,0,1,0.6958333333333333
1533,479,783,0,1,0.5217391304347826
1534,537,148,0,0,0.0276273022751896
1535,804,496,1,0,0.14925373134328357
1536,308,784,1,1,0.6756024096385542
1537,111,785,0,1,1.0
1538,732,786,0,0,0.004574565416285453
1539,232,787,0,1,0.7243532560214094
1540,421,186,1,1,0.829343365253078
1541,805,4,0,0,0.0276273022751896
1542,523,506,0,1,0.6756024096385542
1543,806,788,0,0,0.002140181915462814
1544,620,486,0,0,0.06451612903225806
1545,264,789,1,1,0.5826771653543307
1546,807,178,0,1,0.7243532560214094
1547,808,122,0,0,0.04960835509138381
1548,389,577,0,0,0.002140181915462814
1549,287,57,1,1,0.829343365253078
1550,46,634,0,1,0.7243532560214094
1551,809,490,0,0,0.0276273022751896
1552,177,105,0,0,0.043478260869565216
1553,113,790,1,1,0.7243532560214094
1554,702,791,0,1,0.6958333333333333
1555,742,294,0,0,0.5
1556,482,792,0,1,0.7741935483870968
1557,403,288,0,0,0.2
1558,810,78,0,0,0.0276273022751896
1559,596,413,0,0,0.0
1560,151,432,1,1,1.0
1561,811,621,0,0,0.0276273022751896
1562,723,560,0,1,0.6958333333333333
1563,280,793,0,0,0.0
1564,171,242,0,0,0.3926940639269406
1565,698,265,0,0,0.0
1566,666,721,1,0,0.40625
1567,642,610,0,0,0.004574565416285453
1568,758,175,0,1,0.7243532560214094
1569,536,109,0,0,0.0276273022751896
1570,812,118,0,1,0.6756024096385542
1571,15,794,0,0,0.002140181915462814
1572,234,591,0,0,0.4117647058823529
1573,364,117,0,0,0.004574565416285453
1574,313,454,0,1,0.7243532560214094
1575,746,449,0,0,0.15
1576,181,177,0,0,0.0276273022751896
1577,255,734,0,0,0.0
1578,55,795,0,1,0.6756024096385542
1579,281,195,0,1,0.6438356164383562
1580,322,52,0,0,0.004574565416285453
1581,735,150,0,1,0.7243532560214094
1582,183,2,0,0,0.002140181915462814
1583,563,579,0,0,0.02666666666666667
1584,456,570,0,0,0.015503875968992248
1585,589,370,0,0,0.42028985507246375
1586,473,451,0,0,0.002140181915462814
1587,432,97,0,0,0.1130952380952381
1588,273,718,0,0,0.26732673267326734
1589,813,559,0,1,0.7741935483870968
1590,353,796,0,0,0.0276273022751896
1591,433,797,0,0,0.004574565416285453
1592,324,791,0,0,0.0276273022751896
1593,462,354,0,1,0.6756024096385542
1594,37,665,0,1,0.6692913385826772
1595,814,429,0,1,0.56
1596,815,256,1,1,1.0
1597,816,510,0,0,0.1130952380952381
1598,389,298,0,1,0.7243532560214094
1599,185,532,0,0,0.004574565416285453
1600,324,798,0,1,0.6958333333333333
1601,511,799,1,1,0.829343365253078
1602,106,336,0,0,0.1111111111111111
1603,642,359,0,0,0.4
1604,328,701,0,1,0.7243532560214094
1605,635,380,0,1,0.6958333333333333
1606,455,800,0,0,0.004574565416285453
1607,479,801,0,0,0.0
1608,626,698,0,0,0.002140181915462814
1609,559,6,0,0,0.004574565416285453
1610,716,802,0,1,0.5069444444444444
1611,122,802,0,0,0.0
1612,62,65,0,0,0.1669266770670827
1613,66,803,0,0,0.002140181915462814
1614,663,804,0,0,0.004574565416285453
1615,555,42,0,0,0.1130952380952381
1616,817,273,0,0,0.04186046511627907
1617,762,730,0,1,0.6756024096385542
1618,29,805,0,1,0.6958333333333333
1619,591,463,1,1,0.6438356164383562
1620,451,433,0,1,0.6363636363636364
1621,312,806,0,0,0.0276273022751896
1622,818,515,0,1,0.7243532560214094
1623,15,91,0,1,0.5460122699386503
1624,350,807,1,1,0.6958333333333333
1625,819,593,0,1,0.6756024096385542
1626,820,109,0,1,0.7142857142857143
1627,256,233,0,1,0.829343365253078
1628,386,686,0,0,0.002140181915462814
1629,389,616,0,1,0.6958333333333333
1630,286,424,0,0,0.0276273022751896
1631,509,808,0,1,0.6958333333333333
1632,421,111,1,1,0.6958333333333333
1633,213,474,0,0,0.0276273022751896
1634,695,493,0,1,0.829343365253078
1635,210,19,0,0,0.0
1636,25,489,0,1,0.76
1637,327,740,1,1,1.0
1638,452,508,0,1,0.829343365253078
1639,446,809,0,0,0.04960835509138381
1640,153,761,0,0,0.1130952380952381
1641,821,547,0,1,0.9833333333333333
1642,822,439,0,0,0.0
1643,823,139,0,0,0.04960835509138381
1644,824,204,0,1,0.6
1645,615,792,0,0,0.1669266770670827
1646,470,243,0,1,0.7419354838709677
1647,103,485,0,0,0.0
1648,147,82,0,0,0.04960835509138381
1649,401,54,0,1,0.5625
1650,351,307,0,0,0.0276273022751896
1651,541,778,0,0,0.48717948717948717
1652,87,810,0,1,0.6756024096385542
1653,25,783,0,0,0.0
1654,825,125,0,0,0.0967741935483871
1655,372,655,0,0,0.1130952380952381
1656,581,521,0,0,0.0
1657,534,52,0,0,0.03225806451612903
1658,306,537,0,0,0.004574565416285453
1659,207,666,0,0,0.36363636363636365
1660,117,150,0,1,0.6756024096385542
1661,616,692,0,0,0.0
1662,628,257,0,0,0.05555555555555555
1663,234,391,0,0,0.0276273022751896
1664,826,727,0,1,0.56
1665,455,663,0,0,0.0
1666,500,811,0,0,0.1130952380952381
1667,299,378,0,0,0.004574565416285453
1668,827,812,1,0,0.3926940639269406
1669,602,813,0,1,0.829343365253078
1670,65,619,0,1,0.6756024096385542
1671,490,173,0,0,0.0276273022751896
1672,828,14,0,0,0.002140181915462814
1673,425,814,0,0,0.002140181915462814
1674,750,478,0,1,0.5489130434782609
1675,103,815,0,1,0.6129032258064516
1676,184,424,0,1,0.6756024096385542
1677,786,561,1,1,0.7243532560214094
1678,181,816,0,0,0.0276273022751896
1679,486,817,0,0,0.25842696629213485
1680,270,818,0,0,0.02666666666666667
1681,708,294,0,0,0.0276273022751896
1682,231,654,0,1,0.6785714285714286
1683,829,39,0,0,0.0
1684,467,768,0,0,0.002140181915462814
1685,129,543,0,0,0.0
1686,338,668,0,1,0.6958333333333333
1687,420,819,0,0,0.4195804195804196
1688,443,543,0,0,0.4666666666666667
1689,617,292,0,0,0.0276273022751896
1690,148,487,0,0,0.0276273022751896
1691,584,809,0,0,0.0276273022751896
1692,227,596,0,1,0.8666666666666667
1693,567,118,0,1,0.829343365253078
1694,353,71,0,0,0.0276273022751896
1695,830,82,1,1,0.829343365253078
1696,779,820,0,0,0.3448275862068966
1697,84,746,0,0,0.0276273022751896
1698,448,687,0,1,0.829343365253078
1699,107,151,1,1,0.7243532560214094
1700,513,821,0,1,0.6958333333333333
1701,279,263,0,0,0.04960835509138381
1702,10,697,0,0,0.0276273022751896
1703,542,523,0,0,0.0
1704,709,401,0,1,0.829343365253078
1705,634,380,0,0,0.0
1706,307,466,0,1,0.8534653465346534
1707,237,308,0,0,0.16666666666666666
1708,217,64,0,1,0.829343365253078
1709,448,822,0,0,0.0276273022751896
1710,84,823,0,1,0.6958333333333333
1711,674,816,0,1,0.6958333333333333
1712,670,824,1,1,0.829343365253078
1713,160,41,0,0,0.15
1714,332,648,0,1,1.0
1715,831,172,0,0,0.0875
1716,437,825,0,0,0.004574565416285453
1717,771,493,0,0,0.002140181915462814
1718,92,168,0,0,0.0276273022751896
1719,559,525,0,0,0.02666666666666667
1720,696,0,0,0,0.004574565416285453
1721,249,12,0,0,0.0
1722,581,826,0,0,0.0276273022751896
1723,653,573,0,0,0.16666666666666666
1724,37,269,0,0,0.002140181915462814
1725,817,264,0,0,0.0276273022751896
1726,9,658,0,0,0.06451612903225806
1727,783,827,0,0,0.015503875968992248
1728,227,828,1,1,0.6756024096385542
1729,73,620,0,0,0.002140181915462814
1730,395,468,1,1,0.6756024096385542
1731,626,9,0,1,0.829343365253078
1732,527,340,0,0,0.0
1733,832,738,0,0,0.0276273022751896
1734,496,322,1,1,0.9217391304347826
1735,648,829,0,1,0.829343365253078
1736,833,263,0,0,0.04186046511627907
1737,834,74,0,0,0.04960835509138381
1738,236,565,0,0,0.0875
1739,323,761,0,0,0.0276273022751896
1740,159,665,0,1,1.0
1741,254,830,0,1,0.6958333333333333
1742,527,605,0,1,0.6438356164383562
1743,835,524,0,0,0.03896103896103896
1744,483,74,0,0,0.0276273022751896
1745,435,228,0,0,0.002140181915462814
1746,236,592,0,1,0.9217391304347826
1747,275,533,0,0,0.36363636363636365
1748,555,831,1,0,0.15
1749,495,392,0,0,0.0875
1750,789,19,1,0,0.4117647058823529
1751,420,167,0,1,0.5489130434782609
1752,267,10,0,0,0.5
1753,87,218,0,0,0.0
1754,829,685,0,0,0.0
1755,836,655,0,0,0.04186046511627907
1756,533,88,0,0,0.04960835509138381
1757,65,701,0,1,0.7
1758,88,154,0,1,0.6556776556776557
1759,78,720,0,0,0.4117647058823529
1760,703,756,0,0,0.002140181915462814
1761,354,577,0,1,0.5826771653543307
1762,23,546,0,0,0.0276273022751896
1763,217,227,0,0,0.0
1764,661,136,1,1,0.6756024096385542
1765,837,554,0,0,0.25842696629213485
1766,159,742,0,0,0.36363636363636365
1767,714,760,1,1,0.9217391304347826
1768,766,388,0,0,0.0276273022751896
1769,654,832,1,1,0.6756024096385542
1770,399,722,0,0,0.0276273022751896
1771,589,112,0,0,0.002140181915462814
1772,441,832,0,0,0.0
1773,710,285,0,1,0.6756024096385542
1774,820,833,0,0,0.03896103896103896
1775,617,159,0,0,0.0276273022751896
1776,402,184,0,0,0.002140181915462814
1777,303,515,0,0,0.0
1778,495,97,0,0,0.0276273022751896
1779,301,834,0,0,0.0
1780,582,113,0,0,0.0276273022751896
1781,138,835,0,0,0.06451612903225806
1782,480,222,0,0,0.04960835509138381
1783,171,521,0,0,0.0276273022751896
1784,613,119,0,0,0.04960835509138381
1785,640,836,0,0,0.03225806451612903
1786,173,186,0,0,0.004574565416285453
1787,515,141,0,0,0.004574565416285453
1788,219,215,0,0,0.3926940639269406
1789,641,764,0,1,0.829343365253078
1790,838,817,0,0,0.002140181915462814
1791,625,719,0,0,0.0276273022751896
1792,433,701,1,1,0.829343365253078
1793,794,378,0,1,0.7
1794,387,738,0,1,0.6958333333333333
1795,839,627,0,0,0.45454545454545453
1796,758,837,0,0,0.0875
1797,840,838,0,1,0.7243532560214094
1798,841,839,0,0,0.04960835509138381
1799,67,633,0,0,0.5
1800,814,527,0,0,0.002140181915462814
1801,807,819,0,1,0.829343365253078
1802,651,504,0,0,0.42028985507246375
1803,642,431,0,0,0.0276273022751896
1804,177,840,0,1,0.6756024096385542
1805,692,127,0,1,0.829343365253078
1806,285,25,1,1,0.5069444444444444
1807,635,619,0,0,0.0276273022751896
1808,394,220,0,1,0.829343365253078
1809,394,688,0,1,0.6958333333333333
1810,508,190,0,0,0.0276273022751896
1811,554,841,0,0,0.0276273022751896
1812,830,205,0,0,0.04960835509138381
1813,121,684,1,0,0.48058252427184467
1814,842,831,0,1,0.5460122699386503
1815,843,815,0,0,0.5
1816,207,842,0,0,0.36363636363636365
1817,512,365,0,0,0.0276273022751896
1818,691,94,0,1,0.6958333333333333
1819,366,656,0,0,0.25
1820,494,843,1,1,0.5826771653543307
1821,167,844,0,0,0.004574565416285453
1822,252,496,0,0,0.0276273022751896
1823,515,43,0,1,0.76
1824,765,431,0,0,0.0276273022751896
1825,844,845,0,0,0.004574565416285453
1826,845,738,0,0,0.0967741935483871
1827,603,213,0,0,0.0276273022751896
1828,365,594,0,0,0.04960835509138381
1829,495,346,0,0,0.0
1830,294,181,0,0,0.5
1831,813,61,0,1,0.5069444444444444
1832,215,771,0,1,0.6958333333333333
1833,326,644,0,0,0.04186046511627907
1834,846,116,0,0,0.4
1835,847,742,0,0,0.0
1836,754,846,0,0,0.04960835509138381
1837,848,518,0,0,0.0276273022751896
1838,67,847,0,1,0.7243532560214094
1839,373,195,1,1,0.6438356164383562
1840,751,848,1,1,0.6756024096385542
1841,75,328,0,0,0.04960835509138381
1842,544,825,0,1,0.7243532560214094
1843,381,437,0,1,0.6756024096385542
1844,773,182,0,1,1.0
1845,106,179,1,1,0.829343365253078
1846,795,744,0,0,0.002140181915462814
1847,849,849,0,0,0.0276273022751896
1848,815,410,0,0,0.004574565416285453
1849,436,370,0,0,0.06451612903225806
1850,651,113,0,0,0.0276273022751896
1851,850,850,1,1,0.829343365253078
1852,397,97,0,0,0.004574565416285453
1853,416,406,0,0,0.06451612903225806
1854,291,312,0,0,0.0276273022751896
1855,851,766,0,0,0.0276273022751896
1856,432,453,0,0,0.1130952380952381
1857,385,681,0,0,0.0276273022751896
1858,702,686,0,0,0.1130952380952381
1859,852,484,0,0,0.0276273022751896
1860,254,515,0,0,0.0276273022751896
1861,322,851,0,0,0.002140181915462814
1862,422,314,0,0,0.0276273022751896
1863,373,139,0,0,0.0276273022751896
1864,554,726,0,0,0.1669266770670827
1865,626,126,0,1,0.9833333333333333
1866,177,434,0,1,0.829343365253078
1867,407,138,0,0,0.3926940639269406
1868,162,105,0,1,1.0
1869,853,328,0,1,0.8666666666666667
1870,472,826,0,1,0.6556776556776557
1871,445,770,0,1,0.7243532560214094
1872,8,250,0,1,0.7419354838709677
1873,362,852,0,0,0.36363636363636365
1874,401,193,0,0,0.0276273022751896
1875,695,205,0,1,0.829343365253078
1876,854,847,0,1,1.0
1877,574,104,0,0,0.004574565416285453
1878,702,553,0,0,0.0276273022751896
1879,111,115,0,0,0.0276273022751896
1880,498,823,0,0,0.0276273022751896
1881,55,853,0,0,0.002140181915462814
1882,464,191,0,0,0.002140181915462814
1883,855,201,0,0,0.0276273022751896
1884,655,323,1,0,0.4444444444444444
1885,119,55,0,1,0.829343365253078
1886,56,15,1,1,0.5826771653543307
1887,422,188,1,1,0.829343365253078
1888,231,854,1,0,0.02631578947368421
1889,87,779,0,0,0.5
1890,594,471,0,1,0.6756024096385542
1891,368,574,0,1,0.6756024096385542
1892,780,301,0,0,0.0
1893,538,806,0,0,0.04960835509138381
1894,856,788,0,1,0.6756024096385542
1895,119,495,0,1,0.7142857142857143
1896,404,851,0,1,0.6958333333333333
1897,841,114,0,0,0.004574565416285453
1898,857,433,0,0,0.015503875968992248
1899,776,12,0,1,0.6756024096385542
1900,663,32,0,0,0.04960835509138381
1901,858,31,0,1,0.6438356164383562
1902,736,443,0,0,0.004574565416285453
1903,357,676,1,1,0.8461538461538461
1904,742,353,0,0,0.002140181915462814
1905,859,320,0,1,0.6756024096385542
1906,64,792,1,1,0.829343365253078
1907,525,855,0,0,0.5
1908,348,43,0,0,0.4195804195804196
1909,620,478,1,1,0.6756024096385542
1910,155,760,0,1,0.5294117647058824
1911,63,657,0,0,0.0276273022751896
1912,860,725,0,1,0.6692913385826772
1913,861,378,0,0,0.0
1914,210,343,0,0,0.02631578947368421
1915,520,285,0,1,0.9217391304347826
1916,668,275,0,1,0.6438356164383562
1917,862,618,0,0,0.004574565416285453
1918,511,401,0,1,0.6958333333333333
1919,700,383,0,1,0.6958333333333333
1920,360,686,0,0,0.0
1921,399,856,0,0,0.25096525096525096
1922,497,307,0,0,0.004574565416285453
1923,448,152,0,1,0.829343365253078
1924,186,141,1,1,0.7243532560214094
1925,863,681,0,0,0.004574565416285453
1926,412,857,0,1,0.6958333333333333
1927,727,20,0,0,0.002140181915462814
1928,558,497,0,0,0.0276273022751896
1929,293,408,0,0,0.0276273022751896
1930,591,381,0,0,0.0276273022751896
1931,223,132,0,0,0.04960835509138381
1932,119,858,0,1,0.8787878787878788
1933,167,859,0,0,0.25842696629213485
1934,862,709,0,0,0.48058252427184467
1935,227,164,0,1,0.6756024096385542
1936,766,664,0,0,0.04960835509138381
1937,839,58,0,0,0.002140181915462814
1938,838,83,0,1,0.6958333333333333
1939,11,860,0,0,0.002140181915462814
1940,713,330,0,0,0.5
1941,624,695,0,1,0.829343365253078
1942,510,861,0,0,0.004574565416285453
1943,455,862,0,0,0.004574565416285453
1944,255,156,0,1,0.7243532560214094
1945,305,769,0,1,0.829343365253078
1946,531,615,0,1,0.6958333333333333
1947,396,155,0,0,0.004574565416285453
1948,118,623,0,1,0.8666666666666667
1949,428,240,0,0,0.1669266770670827
1950,299,83,1,1,0.7243532560214094
1951,146,384,0,1,0.6756024096385542
1952,399,91,1,1,0.5826771653543307
1953,412,31,0,1,0.6438356164383562
1954,165,839,0,1,0.6756024096385542
1955,698,863,0,0,0.004574565416285453
1956,740,710,0,1,0.5069444444444444
1957,82,632,0,0,0.004574565416285453
1958,797,864,0,1,0.829343365253078
1959,810,601,0,0,0.002140181915462814
1960,864,635,0,0,0.0
1961,379,376,1,1,0.6958333333333333
1962,273,228,0,0,0.0276273022751896
1963,497,865,0,0,0.04960835509138381
1964,25,801,0,0,0.06451612903225806
1965,865,1,0,0,0.1669266770670827
1966,474,498,0,0,0.4117647058823529
1967,579,569,0,1,0.56
1968,802,327,0,1,0.6556776556776557
1969,62,170,0,0,0.25
1970,472,866,0,1,0.829343365253078
1971,800,154,0,1,0.5069444444444444
1972,488,867,0,0,0.002140181915462814
1973,561,868,1,1,1.0
1974,866,163,0,0,0.004574565416285453
1975,463,435,0,1,0.829343365253078
1976,9,869,0,0,0.004574565416285453
1977,571,870,0,0,0.25
1978,684,396,0,1,1.0
1979,841,871,1,1,0.6756024096385542
1980,748,872,1,1,0.829343365253078
1981,832,502,0,0,0.004574565416285453
1982,867,66,0,1,0.8205128205128205
1983,255,695,0,0,0.0276273022751896
1984,370,99,0,0,0.0
1985,95,642,1,1,0.7243532560214094
1986,572,873,0,0,0.3333333333333333
1987,77,874,0,0,0.36363636363636365
1988,347,723,0,0,0.0
1989,376,404,0,0,0.002140181915462814
1990,300,740,0,0,0.04186046511627907
1991,397,517,0,0,0.043478260869565216
1992,305,469,0,0,0.0
1993,275,875,0,0,0.0276273022751896
1994,254,829,0,1,0.8297297297297297
1995,272,803,0,0,0.0
1996,351,779,1,0,0.25096525096525096
1997,423,782,0,1,0.5294117647058824
1998,173,198,0,1,0.6556776556776557
1999,383,659,0,0,0.4
2000,660,523,0,0,0.0
2001,58,850,0,0,0.002140181915462814
2002,140,688,1,1,0.6958333333333333
2003,753,876,0,1,0.8888888888888888
2004,515,825,1,1,1.0
2005,416,850,0,0,0.0
2006,716,793,0,0,0.1130952380952381
2007,259,546,0,1,0.6958333333333333
2008,868,583,0,0,0.0276273022751896
2009,44,371,0,0,0.0
2010,375,231,0,0,0.0276273022751896
2011,18,800,0,1,0.6692913385826772
2012,93,696,1,0,0.5
2013,445,224,0,0,0.0276273022751896
2014,414,877,1,1,0.6756024096385542
2015,805,771,0,0,0.04960835509138381
2016,532,826,0,1,0.829343365253078
2017,273,646,0,0,0.0276273022751896
2018,326,126,0,0,0.04186046511627907
2019,869,129,0,0,0.0
2020,819,191,0,1,0.9217391304347826
2021,293,667,0,0,0.0276273022751896
2022,195,127,1,1,0.829343365253078
2023,122,462,0,1,0.6756024096385542
2024,697,366,0,1,0.6666666666666666
2025,547,860,0,0,0.002140181915462814
2026,573,86,0,0,0.0
2027,333,3,0,0,0.002140181915462814
2028,42,825,0,1,0.7243532560214094
2029,752,253,0,0,0.015503875968992248
2030,387,741,0,1,0.6556776556776557
2031,641,293,0,1,0.6756024096385542
2032,729,626,0,0,0.1669266770670827
2033,571,694,0,0,0.0967741935483871
2034,629,671,0,1,1.0
2035,201,311,1,1,0.9180327868852459
2036,869,878,0,1,0.8534653465346534
2037,593,46,0,1,1.0
2038,54,372,0,0,0.08333333333333333
2039,547,41,0,1,0.6958333333333333
2040,846,634,0,0,0.48058252427184467
2041,602,172,0,1,0.8636363636363636
2042,37,758,0,1,0.6958333333333333
2043,870,446,0,0,0.015503875968992248
2044,658,879,0,0,0.5
2045,42,812,0,0,0.004574565416285453
2046,321,656,0,0,0.0
2047,156,556,0,1,0.6958333333333333
2048,71,32,0,1,0.6958333333333333
2049,72,630,0,0,0.0276273022751896
2050,755,149,0,0,0.3926940639269406
2051,25,707,0,0,0.0276273022751896
2052,318,230,0,0,0.0276273022751896
2053,634,110,0,0,0.48058252427184467
2054,460,268,0,0,0.0276273022751896
2055,323,567,0,0,0.04960835509138381
2056,628,832,0,0,0.002140181915462814
2057,750,89,0,0,0.002140181915462814
2058,871,832,0,1,0.6958333333333333
2059,358,678,0,0,0.15384615384615385
2060,487,576,0,1,0.7243532560214094
2061,451,493,0,0,0.1669266770670827
2062,146,613,0,0,0.04960835509138381
2063,365,0,0,0,0.0276273022751896
2064,872,68,0,0,0.03896103896103896
2065,96,660,0,0,0.06451612903225806
2066,275,794,0,0,0.48717948717948717
2067,155,441,0,0,0.004574565416285453
2068,600,805,0,0,0.0276273022751896
2069,312,801,0,1,0.829343365253078
2070,100,346,0,0,0.0
2071,873,112,1,1,0.829343365253078
2072,317,76,0,1,0.8205128205128205
2073,367,643,0,1,0.829343365253078
2074,755,880,0,0,0.002140181915462814
2075,734,685,0,1,0.7142857142857143
2076,392,671,0,0,0.002140181915462814
2077,260,792,0,0,0.0
2078,181,881,0,0,0.125
2079,362,260,0,0,0.002140181915462814
2080,810,882,0,0,0.002140181915462814
2081,413,224,0,0,0.0
2082,146,709,0,0,0.0
2083,874,512,0,1,0.829343365253078
2084,645,494,0,0,0.42028985507246375
2085,344,537,0,1,0.6756024096385542
2086,875,883,0,0,0.002140181915462814
2087,803,498,0,1,0.5069444444444444
2088,155,180,0,0,0.06451612903225806
2089,821,813,0,0,0.0
2090,478,346,0,0,0.004574565416285453
2091,267,75,0,0,0.002140181915462814
2092,173,430,0,0,0.0875
2093,107,512,0,0,0.1276595744680851
2094,720,776,0,0,0.48717948717948717
2095,386,89,0,1,0.6958333333333333
2096,439,301,0,1,1.0
2097,876,737,0,0,0.0
2098,131,884,0,0,0.04960835509138381
2099,274,250,0,0,0.0276273022751896
2100,544,515,0,1,0.6756024096385542
2101,451,467,1,1,0.829343365253078
2102,291,185,0,0,0.0
2103,587,50,0,0,0.42028985507246375
2104,752,176,0,1,0.6556776556776557
2105,877,710,0,0,0.0276273022751896
2106,878,64,0,0,0.0
2107,637,351,0,1,0.6756024096385542
2108,684,87,0,0,0.002140181915462814
2109,243,107,0,0,0.0
2110,879,885,0,1,0.829343365253078
2111,880,184,0,0,0.0
2112,312,247,0,0,0.0276273022751896
2113,152,743,0,0,0.0276273022751896
2114,486,462,0,0,0.0
2115,860,886,0,0,0.0276273022751896
2116,881,727,0,1,0.829343365253078
2117,807,232,0,1,0.7243532560214094
2118,301,221,0,1,1.0
2119,628,744,0,0,0.002140181915462814
2120,42,887,1,1,0.829343365253078
2121,312,319,0,0,0.0276273022751896
2122,882,100,0,1,0.829343365253078
2123,539,609,1,1,0.6958333333333333
2124,38,138,0,0,0.0276273022751896
2125,817,531,0,0,0.004574565416285453
2126,587,737,0,0,0.002140181915462814
2127,176,860,0,1,0.8534653465346534
2128,292,403,0,1,0.829343365253078
2129,189,888,1,0,0.36363636363636365
2130,55,579,0,1,0.829343365253078
2131,167,699,0,0,0.0276273022751896
2132,844,131,1,1,0.829343365253078
2133,172,706,0,0,0.0276273022751896
2134,883,268,0,1,0.7243532560214094
2135,212,319,0,0,0.0
2136,614,435,0,1,0.829343365253078
2137,884,59,0,0,0.004574565416285453
2138,560,867,0,1,0.7
2139,885,508,0,0,0.1669266770670827
2140,770,90,0,1,1.0
2141,530,782,0,0,0.004574565416285453
2142,886,349,0,1,0.6556776556776557
2143,412,264,0,0,0.004574565416285453
2144,416,387,0,1,0.7243532560214094
2145,735,451,0,0,0.002140181915462814
2146,344,436,0,0,0.0
2147,820,326,0,0,0.04960835509138381
2148,887,848,0,0,0.004574565416285453
2149,350,871,0,0,0.002140181915462814
2150,347,162,0,0,0.18181818181818182
2151,211,889,1,0,0.0276273022751896
2152,589,50,0,0,0.06451612903225806
2153,687,890,0,1,0.6958333333333333
2154,263,770,0,1,0.7243532560214094
2155,564,148,0,1,0.829343365253078
2156,888,864,0,1,0.6756024096385542
2157,889,259,0,0,0.002140181915462814
2158,890,259,1,0,0.3926940639269406
2159,155,596,0,1,0.6756024096385542
2160,325,583,0,1,0.829343365253078
2161,575,646,0,0,0.4117647058823529
2162,461,79,0,1,0.6958333333333333
2163,360,280,0,0,0.0
2164,351,378,0,1,0.5489130434782609
2165,152,842,0,0,0.06451612903225806
2166,891,111,1,1,0.6756024096385542
2167,323,505,0,0,0.0276273022751896
2168,640,868,0,1,0.8333333333333334
2169,368,781,0,0,0.0
2170,376,68,0,0,0.0
2171,708,107,0,0,0.002140181915462814
2172,311,537,0,1,0.6756024096385542
2173,546,526,0,0,0.004574565416285453
2174,563,891,1,1,1.0
2175,769,310,1,1,0.829343365253078
2176,867,892,0,1,1.0
2177,264,190,0,1,0.6756024096385542
2178,498,590,0,0,0.3926940639269406
2179,190,250,0,1,0.9833333333333333
2180,356,861,0,0,0.047619047619047616
2181,685,893,0,0,0.0
2182,118,50,0,0,0.04186046511627907
2183,101,410,0,1,0.6958333333333333
2184,814,158,0,0,0.0276273022751896
2185,89,551,1,1,1.0
2186,573,348,0,0,0.0276273022751896
2187,27,282,0,0,0.004574565416285453
2188,362,666,0,0,0.25096525096525096
2189,516,347,0,1,0.6958333333333333
2190,367,196,0,1,0.829343365253078
2191,754,106,0,0,0.0
2192,771,894,0,0,0.002140181915462814
2193,892,206,0,0,0.04960835509138381
2194,81,597,0,1,0.5217391304347826
2195,309,187,0,0,0.0276273022751896
2196,231,260,0,1,0.6958333333333333
2197,556,440,0,0,0.0
2198,62,895,0,0,0.004574565416285453
2199,224,396,0,0,0.1130952380952381
2200,804,687,0,0,0.004574565416285453
2201,893,50,0,0,0.04960835509138381
2202,686,233,0,1,0.6958333333333333
2203,789,764,0,0,0.1130952380952381
2204,596,522,0,0,0.002140181915462814
2205,851,896,0,0,0.04960835509138381
2206,617,634,0,0,0.0276273022751896
2207,85,658,0,0,0.0
2208,894,869,0,0,0.0276273022751896
2209,790,308,0,1,0.5460122699386503
2210,358,897,1,1,0.6958333333333333
2211,305,41,0,0,0.42028985507246375
2212,787,878,0,0,0.1130952380952381
2213,391,833,0,0,0.03896103896103896
2214,623,451,0,1,0.829343365253078
2215,766,696,0,0,0.0276273022751896
2216,299,372,0,0,0.08333333333333333
2217,810,205,0,0,0.4
2218,514,172,0,1,0.7243532560214094
2219,744,610,0,0,0.0276273022751896
2220,322,518,0,0,0.03896103896103896
2221,622,897,0,0,0.0276273022751896
2222,777,427,0,1,0.829343365253078
2223,185,765,0,1,0.6958333333333333
2224,839,590,0,1,0.9833333333333333
2225,420,727,0,0,0.004574565416285453
2226,791,100,1,1,1.0
2227,29,259,0,1,0.6958333333333333
2228,675,711,0,0,0.0
2229,301,549,0,1,0.7
2230,284,832,0,1,0.829343365253078
2231,527,31,0,1,0.7243532560214094
2232,700,352,0,0,0.002140181915462814
2233,895,133,0,0,0.5
2234,18,529,1,1,1.0
2235,735,269,0,1,0.7243532560214094
2236,253,571,0,0,0.0276273022751896
2237,377,588,0,1,0.8534653465346534
2238,846,775,0,0,0.0276273022751896
2239,38,255,0,0,0.0
2240,377,232,0,0,0.3926940639269406
2241,793,701,0,1,0.6756024096385542
2242,801,587,0,0,0.004574565416285453
2243,814,685,0,1,0.9024390243902439
2244,484,107,0,1,0.6379310344827587
2245,18,357,0,0,0.46153846153846156
2246,681,472,0,1,0.6958333333333333
2247,314,727,1,1,0.56
2248,239,898,0,0,0.015503875968992248
2249,589,899,0,1,0.6756024096385542
2250,10,76,0,1,0.88
2251,349,477,0,0,0.002140181915462814
2252,298,790,0,0,0.002140181915462814
2253,773,553,0,1,0.5263157894736842
2254,320,297,0,0,0.0276273022751896
2255,882,900,0,0,0.0276273022751896
2256,583,224,0,0,0.002140181915462814
2257,142,901,0,0,0.002140181915462814
2258,61,532,0,1,0.6958333333333333
2259,508,455,0,0,0.0
2260,896,62,0,0,0.002140181915462814
2261,575,533,0,1,0.6958333333333333
2262,788,13,0,0,0.04186046511627907
2263,671,92,0,0,0.004574565416285453
2264,127,811,0,0,0.04960835509138381
2265,184,284,0,1,0.6756024096385542
2266,897,367,0,1,0.829343365253078
2267,847,902,0,0,0.45454545454545453
2268,888,377,0,0,0.0276273022751896
2269,6,632,0,0,0.46875
2270,549,871,0,0,0.002140181915462814
2271,552,15,0,1,0.5826771653543307
2272,898,217,0,0,0.002140181915462814
2273,899,529,0,0,0.1669266770670827
2274,900,684,0,1,0.6756024096385542
2275,191,592,0,1,0.6129032258064516
2276,299,428,0,0,0.0
2277,832,685,0,0,0.0276273022751896
2278,901,459,0,1,0.7243532560214094
2279,323,674,0,0,0.04186046511627907
2280,188,91,0,1,0.8534653465346534
2281,416,824,0,0,0.0276273022751896
2282,137,614,0,1,0.5263157894736842
2283,47,675,0,0,0.0276273022751896
2284,245,217,0,0,0.0276273022751896
2285,583,250,0,0,0.04960835509138381
2286,593,390,0,1,0.7243532560214094
2287,606,607,0,0,0.03896103896103896
2288,295,244,0,0,0.002140181915462814
2289,147,272,0,0,0.0
2290,723,670,0,0,0.0276273022751896
2291,902,903,0,0,0.0276273022751896
2292,903,205,0,0,0.04960835509138381
2293,547,649,0,0,0.3926940639269406
2294,486,232,0,0,0.0
2295,794,437,0,1,0.6958333333333333
2296,387,220,0,1,0.56
2297,176,904,0,1,0.88
2298,728,674,1,1,0.6438356164383562
2299,213,741,0,1,0.6556776556776557
2300,554,40,0,0,0.0875
2301,216,139,0,0,0.0276273022751896
2302,415,193,0,0,0.1130952380952381
2303,76,662,0,0,0.002140181915462814
2304,177,630,0,1,0.6958333333333333
2305,229,434,0,0,0.004574565416285453
2306,220,699,0,0,0.0276273022751896
2307,502,92,0,1,0.6958333333333333
2308,748,345,0,1,0.6756024096385542
2309,822,768,0,1,0.8534653465346534
2310,811,905,0,0,0.3448275862068966
2311,505,309,0,1,0.6958333333333333
2312,904,643,0,0,0.0
2313,253,121,0,0,0.3448275862068966
2314,553,60,0,0,0.0276273022751896
2315,137,568,0,0,0.04960835509138381
2316,723,187,1,1,0.829343365253078
2317,543,718,0,0,0.004574565416285453
2318,607,540,0,1,0.6958333333333333
2319,905,34,0,0,0.002140181915462814
2320,209,431,0,0,0.0
2321,903,696,0,0,0.16666666666666666
2322,41,674,0,0,0.015503875968992248
2323,590,4,0,0,0.015503875968992248
2324,535,792,0,1,0.829343365253078
2325,75,906,0,0,0.1130952380952381
2326,532,357,0,0,0.4
2327,848,762,0,0,0.0276273022751896
2328,276,395,0,1,0.6363636363636364
2329,212,867,0,0,0.0
2330,884,907,0,1,0.6756024096385542
2331,25,522,0,0,0.1276595744680851
2332,845,908,0,0,0.0
2333,554,776,0,1,0.8
2334,562,740,0,1,0.7243532560214094
2335,410,706,0,1,0.6958333333333333
2336,906,134,0,1,0.5489130434782609
2337,416,303,0,0,0.0
2338,94,739,1,0,0.42028985507246375
2339,491,680,0,0,0.03896103896103896
2340,419,64,0,0,0.002140181915462814
2341,592,646,0,0,0.0276273022751896
2342,656,538,0,0,0.0276273022751896
2343,89,15,0,1,0.8534653465346534
2344,277,720,0,1,0.6556776556776557
2345,884,516,0,0,0.35135135135135137
2346,42,909,0,1,0.6756024096385542
2347,692,676,0,0,0.0276273022751896
2348,781,550,0,0,0.004574565416285453
2349,39,103,0,1,0.829343365253078
2350,548,0,0,0,0.002140181915462814
2351,408,378,0,0,0.002140181915462814
2352,167,86,0,0,0.3103448275862069
2353,907,502,0,0,0.0
2354,486,729,0,0,0.002140181915462814
2355,498,322,0,0,0.42028985507246375
2356,335,632,0,1,0.829343365253078
2357,801,695,0,0,0.0276273022751896
2358,835,389,0,0,0.0
2359,687,449,0,1,0.5625
2360,488,826,0,0,0.2571428571428571
2361,707,910,0,1,0.6756024096385542
2362,755,852,0,0,0.06451612903225806
2363,908,689,0,0,0.0
2364,734,429,0,1,0.829343365253078
2365,751,422,0,0,0.002140181915462814
2366,569,911,0,1,0.6756024096385542
2367,854,46,0,0,0.1669266770670827
2368,777,912,0,0,0.1669266770670827
2369,522,454,0,0,0.0276273022751896
2370,888,698,0,0,0.5
2371,211,184,0,0,0.04960835509138381
2372,141,547,0,0,0.015503875968992248
2373,455,875,0,0,0.1669266770670827
2374,766,189,1,1,0.75
2375,126,697,0,0,0.06451612903225806
2376,416,625,0,0,0.4
2377,500,25,0,0,0.04960835509138381
2378,268,913,0,1,0.9833333333333333
2379,240,914,0,1,0.7243532560214094
2380,236,742,0,1,1.0
2381,172,18,0,0,0.42028985507246375
2382,279,773,0,0,0.0276273022751896
2383,909,132,0,0,0.0276273022751896
2384,800,866,0,0,0.002140181915462814
2385,910,417,0,0,0.0276273022751896
2386,404,792,0,0,0.0276273022751896
2387,856,764,0,1,0.829343365253078
2388,839,293,1,0,0.0
2389,274,491,0,0,0.0276273022751896
2390,911,285,0,1,0.6958333333333333
2391,523,477,1,1,0.5826771653543307
2392,792,339,0,0,0.5
2393,201,44,0,0,0.004574565416285453
2394,556,67,0,0,0.04960835509138381
2395,224,697,0,1,1.0
2396,572,173,0,0,0.015503875968992248
2397,223,93,1,0,0.0276273022751896
2398,912,523,0,0,0.0276273022751896
2399,679,544,0,0,0.002140181915462814
2400,613,915,0,0,0.015503875968992248
2401,596,552,0,0,0.004574565416285453
2402,369,387,0,1,0.6958333333333333
2403,353,721,0,1,0.7243532560214094
2404,70,299,0,0,0.0276273022751896
2405,898,852,0,1,0.7243532560214094
2406,54,775,0,0,0.004574565416285453
2407,664,916,1,1,0.6958333333333333
2408,180,211,0,1,0.6756024096385542
2409,796,612,0,0,0.015503875968992248
2410,913,188,0,0,0.3926940639269406
2411,259,381,0,1,0.6438356164383562
2412,737,837,0,1,0.829343365253078
2413,533,384,0,0,0.0
2414,384,556,0,0,0.002140181915462814
2415,829,80,0,1,0.6958333333333333
2416,406,321,0,0,0.25
2417,435,144,0,0,0.002140181915462814
2418,25,917,0,0,0.0276273022751896
2419,839,729,0,0,0.03896103896103896
2420,720,401,0,0,0.0276273022751896
2421,884,765,0,1,0.829343365253078
2422,773,813,0,1,0.829343365253078
2423,121,282,0,1,0.5826771653543307
2424,300,473,0,1,0.6958333333333333
2425,209,879,0,0,0.0875
2426,353,668,0,0,0.0276273022751896
2427,73,751,0,1,0.56
2428,584,754,0,0,0.5
2429,716,784,0,0,0.04960835509138381
2430,422,221,0,0,0.29545454545454547
2431,621,292,1,1,0.829343365253078
2432,598,918,0,0,0.043478260869565216
2433,326,658,0,0,0.0
2434,914,515,0,0,0.4195804195804196
2435,907,106,1,1,1.0
2436,105,377,0,1,0.6958333333333333
2437,80,654,0,0,0.0276273022751896
2438,446,10,0,0,0.04960835509138381
2439,740,909,0,0,0.0276273022751896
2440,553,917,0,0,0.004574565416285453
2441,128,249,0,1,0.6692913385826772
2442,915,267,1,1,0.6958333333333333
2443,714,919,0,1,0.9217391304347826
2444,710,113,0,1,0.6756024096385542
2445,842,289,0,1,0.6958333333333333
2446,381,89,1,1,0.8297297297297297
2447,629,205,0,1,0.829343365253078
2448,747,783,0,0,0.004574565416285453
2449,668,195,0,0,0.4166666666666667
2450,542,766,0,0,0.03896103896103896
2451,277,224,0,1,0.6556776556776557
2452,468,858,0,0,0.02631578947368421
2453,756,49,0,0,0.0276273022751896
2454,255,368,0,0,0.002140181915462814
2455,95,45,0,0,0.5
2456,112,474,0,1,0.829343365253078
2457,885,232,0,0,0.0
2458,601,778,0,0,0.004574565416285453
2459,159,628,0,0,0.0
2460,556,356,0,0,0.1669266770670827
2461,229,920,0,1,0.829343365253078
2462,127,501,0,0,0.015503875968992248
2463,830,130,0,0,0.002140181915462814
2464,562,554,0,0,0.0276273022751896
2465,556,534,0,1,0.5826771653543307
2466,657,575,0,1,0.6958333333333333
2467,883,683,0,0,0.0276273022751896
2468,54,180,1,1,0.6756024096385542
2469,697,634,0,1,0.6666666666666666
2470,357,116,0,0,0.0276273022751896
2471,376,287,0,0,0.1130952380952381
2472,132,130,0,0,0.03225806451612903
2473,110,603,0,0,0.002140181915462814
2474,890,921,0,0,0.0276273022751896
2475,724,549,0,0,0.0
2476,491,373,0,0,0.0276273022751896
2477,758,149,0,0,0.06451612903225806
2478,735,665,0,0,0.25
2479,434,105,0,1,0.8636363636363636
2480,812,922,0,0,0.004574565416285453
2481,577,923,0,0,0.25
2482,110,693,0,0,0.2857142857142857
2483,125,546,0,0,0.004574565416285453
2484,673,203,0,0,0.04186046511627907
2485,805,262,0,0,0.1669266770670827
2486,707,236,0,0,0.0
2487,916,522,0,0,0.04960835509138381
2488,761,328,0,0,0.42028985507246375
2489,321,488,0,1,0.6756024096385542
2490,876,846,0,0,0.004574565416285453
2491,602,883,1,0,0.5
2492,794,772,0,1,0.7243532560214094
2493,288,442,0,0,0.015503875968992248
2494,187,406,0,1,0.829343365253078
2495,53,184,0,0,0.02631578947368421
2496,526,172,0,1,0.6958333333333333
2497,168,361,0,0,0.002140181915462814
2498,636,878,0,0,0.002140181915462814
2499,545,168,0,0,0.0276273022751896
2500,172,924,0,0,0.04960835509138381
2501,419,758,0,1,0.6958333333333333
2502,356,690,0,1,0.5789473684210527
2503,334,180,0,0,0.004574565416285453
2504,384,147,0,0,0.002140181915462814
2505,184,832,0,1,0.6958333333333333
2506,238,863,0,0,0.0
2507,73,612,0,0,0.0
2508,113,448,0,0,0.0276273022751896
2509,73,569,0,0,0.42028985507246375
2510,385,249,1,1,0.6958333333333333
2511,118,501,0,0,0.004574565416285453
2512,253,238,0,1,0.723404255319149
2513,914,653,0,0,0.25
2514,428,788,0,0,0.043478260869565216
2515,729,882,0,1,0.829343365253078
2516,899,866,0,0,0.06451612903225806
2517,646,840,0,1,0.5489130434782609
2518,283,749,0,0,0.0
2519,298,802,0,1,0.5069444444444444
2520,732,235,0,0,0.0
2521,561,870,0,0,0.002140181915462814
2522,764,555,0,0,0.004574565416285453
2523,207,393,0,1,0.829343365253078
2524,476,483,0,1,0.6379310344827587
2525,917,249,0,0,0.48717948717948717
2526,544,124,1,1,0.829343365253078
2527,366,338,0,0,0.002140181915462814
2528,481,305,0,0,0.04960835509138381
2529,112,414,1,1,0.6756024096385542
2530,293,786,0,0,0.004574565416285453
2531,736,245,0,0,0.0276273022751896
2532,622,359,0,1,0.5069444444444444
2533,409,919,0,1,0.829343365253078
2534,801,155,0,0,0.004574565416285453
2535,334,293,0,1,0.5460122699386503
2536,240,233,0,0,0.0
2537,83,197,0,0,0.1669266770670827
2538,730,652,0,1,0.829343365253078
2539,96,490,0,0,0.02666666666666667
2540,527,244,0,0,0.0276273022751896
2541,918,597,0,0,0.0276273022751896
2542,644,925,1,1,0.6958333333333333
2543,1,29,0,0,0.004574565416285453
2544,176,834,0,0,0.0276273022751896
2545,536,926,0,0,0.42028985507246375
2546,859,802,1,1,0.5069444444444444
2547,369,877,0,1,0.6958333333333333
2548,810,880,0,0,0.04960835509138381
2549,163,925,0,0,0.0
2550,246,367,0,0,0.42028985507246375
2551,316,81,0,1,0.6958333333333333
2552,366,536,0,0,0.0
2553,93,395,0,1,0.6363636363636364
2554,247,867,0,0,0.06451612903225806
2555,717,927,0,0,0.0276273022751896
2556,131,709,0,0,0.004574565416285453
2557,110,37,0,0,0.002140181915462814
2558,556,397,0,0,0.002140181915462814
2559,406,491,1,1,0.6958333333333333
2560,441,712,0,1,0.6756024096385542
2561,835,807,0,0,0.18181818181818182
2562,696,392,0,0,0.004574565416285453
2563,370,328,0,0,0.1130952380952381
2564,790,801,0,0,0.0276273022751896
2565,283,572,0,0,0.04960835509138381
2566,174,360,0,0,0.0276273022751896
2567,338,819,1,0,0.0
2568,511,800,0,0,0.0
2569,726,628,0,0,0.5
2570,919,134,0,0,0.004574565416285453
2571,785,784,0,1,0.829343365253078
2572,871,928,0,0,0.002140181915462814
2573,714,423,0,1,0.7142857142857143
2574,317,399,0,1,0.88
2575,274,792,0,1,0.6958333333333333
2576,43,581,1,1,0.7419354838709677
2577,788,929,0,1,0.6041666666666666
2578,574,394,0,0,0.42028985507246375
2579,433,697,0,1,0.6666666666666666
2580,428,930,0,1,0.6
2581,207,175,0,1,0.829343365253078
2582,920,364,0,0,0.25
2583,921,850,0,0,0.002140181915462814
2584,886,596,0,0,0.0276273022751896
2585,19,13,0,0,0.002140181915462814
2586,809,389,1,1,0.6958333333333333
2587,615,427,0,1,0.829343365253078
2588,922,717,0,0,0.0276273022751896
2589,685,882,0,0,0.002140181915462814
2590,412,610,0,1,0.6438356164383562
2591,923,837,0,1,0.6958333333333333
2592,275,786,0,0,0.0276273022751896
2593,526,792,0,1,0.6958333333333333
2594,803,464,0,1,0.5069444444444444
2595,117,662,1,1,0.8297297297297297
2596,837,572,0,1,0.5460122699386503
2597,827,767,0,0,0.002140181915462814
2598,772,453,0,0,0.0276273022751896
2599,317,660,0,1,0.6875
2600,147,136,0,0,0.004574565416285453
2601,539,353,0,0,0.03896103896103896
2602,302,225,1,1,0.6958333333333333
2603,123,608,1,1,0.829343365253078
2604,381,430,0,0,0.0276273022751896
2605,293,36,0,0,0.004574565416285453
2606,346,876,0,0,0.1130952380952381
2607,450,32,0,0,0.015503875968992248
2608,836,897,0,0,0.004574565416285453
2609,799,234,0,0,0.0276273022751896
2610,445,440,0,0,0.0276273022751896
2611,695,931,0,1,0.6958333333333333
2612,40,697,1,1,0.6756024096385542
2613,128,759,0,0,0.4
2614,798,928,0,0,0.14925373134328357
2615,147,778,0,0,0.25
2616,332,201,0,0,0.0276273022751896
2617,767,932,0,0,0.004574565416285453
2618,890,150,0,0,0.002140181915462814
2619,314,855,0,0,0.0276273022751896
2620,761,933,0,1,0.6958333333333333
2621,11,5,0,0,0.42028985507246375
2622,266,934,0,0,0.0276273022751896
2623,742,252,1,1,0.829343365253078
2624,196,279,0,1,0.6556776556776557
2625,116,499,0,0,0.002140181915462814
2626,437,34,0,0,0.002140181915462814
2627,222,895,0,0,0.3926940639269406
2628,723,688,0,1,0.7441860465116279
2629,442,576,0,1,0.6756024096385542
2630,803,243,1,1,0.5069444444444444
2631,924,384,0,0,0.0276273022751896
2632,451,98,0,0,0.004574565416285453
2633,27,316,0,1,0.5294117647058824
2634,286,642,0,0,0.3333333333333333
2635,292,343,0,0,0.043478260869565216
2636,607,448,1,0,0.0
2637,780,822,0,0,0.2
2638,569,762,0,1,1.0
2639,731,151,0,1,0.6756024096385542
2640,316,417,0,1,0.829343365253078
2641,925,781,0,0,0.0
2642,313,672,0,1,0.829343365253078
2643,653,935,0,0,0.004574565416285453
2644,474,514,1,1,0.829343365253078
2645,181,915,0,0,0.043478260869565216
2646,926,550,0,0,0.0276273022751896
2647,927,815,0,1,0.6129032258064516
2648,132,200,0,0,0.1130952380952381
2649,771,150,0,0,0.002140181915462814
2650,713,357,0,0,0.46875
2651,530,669,0,0,0.04960835509138381
2652,142,340,0,1,0.6958333333333333
2653,96,418,0,0,0.04960835509138381
2654,772,840,0,1,0.6756024096385542
2655,716,935,0,0,0.0
2656,574,738,0,1,0.829343365253078
2657,919,561,0,0,0.0276273022751896
2658,928,464,0,0,0.06451612903225806
2659,791,592,0,0,0.0
2660,658,936,1,1,0.5069444444444444
2661,347,235,0,0,0.25096525096525096
2662,929,543,0,0,0.5
2663,420,937,0,1,0.829343365253078
2664,785,743,0,0,0.015503875968992248
2665,322,493,0,0,0.14925373134328357
2666,663,75,0,0,0.1130952380952381
2667,915,642,0,0,0.004574565416285453
2668,325,243,0,0,0.0
2669,930,439,0,1,0.9024390243902439
2670,293,875,0,0,0.0
2671,587,519,0,0,0.002140181915462814
2672,855,894,0,0,0.0276273022751896
2673,197,400,0,0,0.4195804195804196
2674,344,767,0,0,0.0276273022751896
2675,115,535,0,0,0.015503875968992248
2676,219,794,0,0,0.0276273022751896
2677,685,592,0,0,0.002140181915462814
2678,799,824,0,1,0.829343365253078
2679,382,136,0,0,0.0
2680,466,489,0,0,0.0
2681,381,772,0,1,0.7243532560214094
2682,352,938,0,0,0.0276273022751896
2683,58,506,0,0,0.002140181915462814
2684,524,615,0,0,0.1669266770670827
2685,647,607,0,0,0.0276273022751896
2686,931,654,0,1,0.8
2687,932,291,0,0,0.0276273022751896
2688,583,748,0,0,0.0
2689,125,515,0,0,0.004574565416285453
2690,153,752,0,0,0.0276273022751896
2691,400,37,0,0,0.04186046511627907
2692,709,27,0,1,1.0
2693,933,543,0,0,0.4
2694,58,875,0,0,0.0
2695,93,656,0,0,0.04960835509138381
2696,425,242,0,0,0.25
2697,696,221,0,0,0.004574565416285453
2698,685,469,0,0,0.002140181915462814
2699,322,158,0,0,0.0276273022751896
2700,731,452,0,1,0.75
2701,1,515,0,1,0.829343365253078
2702,738,653,0,0,0.0276273022751896
2703,356,912,0,0,0.5
2704,871,41,0,0,0.42028985507246375
2705,138,683,0,1,0.829343365253078
2706,863,492,0,0,0.0
2707,231,325,0,1,0.6958333333333333
2708,934,816,0,1,0.6958333333333333
2709,796,939,0,1,0.829343365253078
2710,208,251,0,0,0.1276595744680851
2711,265,798,0,0,0.002140181915462814
2712,798,931,1,1,0.5217391304347826
2713,146,596,0,1,0.6756024096385542
2714,147,484,0,0,0.04960835509138381
2715,822,940,0,1,0.56
2716,342,715,0,0,0.45454545454545453
2717,149,40,1,1,0.85
2718,935,908,0,0,0.04960835509138381
2719,936,582,0,0,0.002140181915462814
2720,185,95,0,1,0.6958333333333333
2721,130,345,0,1,0.829343365253078
2722,399,551,0,0,0.1669266770670827
2723,635,328,0,0,0.25
2724,794,278,0,0,0.42028985507246375
2725,455,709,0,0,0.48058252427184467
2726,78,340,0,0,0.4117647058823529
2727,698,546,0,0,0.0276273022751896
2728,468,55,0,1,0.6756024096385542
2729,196,886,1,0,0.3926940639269406
2730,212,334,0,1,0.6756024096385542
2731,431,305,0,0,0.002140181915462814
2732,813,458,0,0,0.002140181915462814
2733,799,254,0,0,0.0276273022751896
2734,502,925,0,0,0.04960835509138381
2735,910,79,0,0,0.06451612903225806
2736,884,226,0,1,0.5489130434782609
2737,131,415,0,0,0.004574565416285453
2738,80,690,0,0,0.0
2739,228,860,0,0,0.2857142857142857
2740,662,77,0,0,0.002140181915462814
2741,433,327,0,1,0.9833333333333333
2742,306,726,0,0,0.04186046511627907
2743,882,77,0,0,0.002140181915462814
2744,857,314,0,0,0.0276273022751896
2745,937,366,1,1,0.6958333333333333
2746,525,941,0,0,0.004574565416285453
2747,50,544,0,0,0.002140181915462814
2748,304,254,0,0,0.0
2749,938,900,1,1,0.6958333333333333
2750,220,588,0,0,0.0276273022751896
2751,462,372,0,0,0.04960835509138381
2752,909,572,0,0,0.015503875968992248
2753,378,824,0,1,0.6958333333333333
2754,86,256,0,0,0.002140181915462814
2755,523,337,0,1,0.6756024096385542
2756,846,239,0,1,0.829343365253078
2757,530,837,0,0,0.0276273022751896
2758,879,852,0,0,0.0
2759,324,448,0,1,0.8534653465346534
2760,740,776,0,0,0.002140181915462814
2761,75,934,0,0,0.004574565416285453
2762,495,942,0,0,0.0875
2763,620,899,0,0,0.06451612903225806
2764,839,341,0,0,0.0276273022751896
2765,197,60,0,1,1.0
2766,538,943,0,0,0.002140181915462814
2767,832,296,1,1,0.6958333333333333
2768,355,857,1,1,1.0
2769,939,683,0,0,0.0276273022751896
2770,639,106,0,0,0.002140181915462814
2771,291,599,0,1,0.9
2772,775,783,0,0,0.002140181915462814
2773,927,804,0,0,0.1669266770670827
2774,378,791,0,0,0.004574565416285453
2775,547,271,0,1,0.6756024096385542
2776,48,97,0,0,0.0276273022751896
2777,352,935,0,1,0.7419354838709677
2778,655,635,0,0,0.3103448275862069
2779,567,228,1,1,0.7243532560214094
2780,537,348,0,0,0.015503875968992248
2781,799,409,0,1,0.6756024096385542
2782,935,733,0,0,0.2857142857142857
2783,522,616,0,1,0.75
2784,11,26,0,0,0.2857142857142857
2785,177,322,0,1,0.6756024096385542
2786,346,548,0,0,0.3926940639269406
2787,670,907,0,0,0.0
2788,260,944,0,1,0.9024390243902439
2789,885,59,0,1,0.6756024096385542
2790,326,945,0,0,0.0276273022751896
2791,162,81,0,0,0.004574565416285453
2792,566,946,1,1,0.9024390243902439
2793,501,771,0,1,0.6958333333333333
2794,720,930,0,0,0.0875
2795,830,11,0,0,0.5
2796,250,211,0,0,0.15
2797,630,843,0,1,0.75
2798,940,68,0,1,0.9833333333333333
2799,283,936,0,0,0.002140181915462814
2800,941,827,0,1,0.56
2801,920,194,0,0,0.25
2802,453,689,1,0,0.42028985507246375
2803,763,914,0,1,0.7243532560214094
2804,209,157,1,0,0.15
2805,416,286,0,0,0.002140181915462814
2806,781,799,0,1,0.829343365253078
2807,329,870,0,0,0.002140181915462814
2808,201,117,0,0,0.002140181915462814
2809,377,149,0,0,0.1669266770670827
2810,345,947,0,0,0.0276273022751896
2811,526,320,0,0,0.015503875968992248
2812,119,498,0,0,0.0
2813,711,589,0,0,0.0
2814,483,396,0,0,0.0276273022751896
2815,473,275,0,0,0.0276273022751896
2816,792,646,0,1,0.6556776556776557
2817,429,274,0,1,0.7243532560214094
2818,327,419,0,0,0.0276273022751896
2819,32,28,0,1,0.6958333333333333
2820,639,107,0,0,0.04186046511627907
2821,942,260,0,1,0.6756024096385542
2822,212,554,0,0,0.0276273022751896
2823,692,948,0,0,0.015503875968992248
2824,943,185,1,1,0.6958333333333333
2825,533,698,0,1,0.6958333333333333
2826,67,246,0,1,0.8205128205128205
2827,897,923,0,1,0.6958333333333333
2828,469,408,0,0,0.0
2829,944,606,0,0,0.0
2830,592,554,0,0,0.04186046511627907
2831,853,589,0,0,0.1130952380952381
2832,890,834,0,0,0.3926940639269406
2833,945,931,0,0,0.002140181915462814
2834,557,425,0,0,0.002140181915462814
2835,97,949,0,1,0.6958333333333333
2836,732,22,0,0,0.1669266770670827
2837,319,310,0,0,0.0
2838,402,330,0,1,0.9090909090909091
2839,865,124,0,0,0.1669266770670827
2840,21,895,0,1,0.5069444444444444
2841,392,256,0,0,0.0
2842,360,736,0,0,0.0276273022751896
2843,497,898,0,0,0.0276273022751896
2844,932,299,1,1,0.6666666666666666
2845,443,302,0,0,0.004574565416285453
2846,62,925,0,0,0.002140181915462814
2847,375,568,0,0,0.0276273022751896
2848,492,727,0,0,0.004574565416285453
2849,51,893,0,0,0.002140181915462814
2850,889,936,0,0,0.04960835509138381
2851,606,373,0,0,0.0276273022751896
2852,202,929,0,0,0.002140181915462814
2853,31,950,0,0,0.0276273022751896
2854,930,486,0,0,0.002140181915462814
2855,307,50,0,0,0.0
2856,848,287,0,0,0.5
2857,156,621,0,0,0.0276273022751896
2858,928,574,0,0,0.0276273022751896
2859,513,581,0,0,0.06451612903225806
2860,941,64,0,0,0.25
2861,686,39,0,0,0.0
2862,938,669,0,0,0.0276273022751896
2863,847,714,0,0,0.004574565416285453
2864,499,855,0,1,0.5069444444444444
2865,869,99,0,0,0.004574565416285453
2866,334,779,0,0,0.0276273022751896
2867,198,949,0,0,0.0
2868,261,654,0,1,1.0
2869,258,951,0,0,0.3926940639269406
2870,659,148,0,0,0.004574565416285453
2871,265,312,1,1,0.6958333333333333
2872,946,462,0,0,0.004574565416285453
2873,450,563,0,0,0.0276273022751896
2874,119,776,0,0,0.04186046511627907
2875,258,870,0,0,0.002140181915462814
2876,740,425,0,0,0.0
2877,240,628,0,1,0.8205128205128205
2878,305,184,0,1,0.6756024096385542
2879,662,169,0,0,0.002140181915462814
2880,484,182,0,0,0.04960835509138381
2881,514,523,0,0,0.36363636363636365
2882,210,101,0,0,0.0276273022751896
2883,905,267,0,0,0.05263157894736842
2884,851,441,0,0,0.0
2885,2,747,0,1,0.6958333333333333
2886,733,668,0,1,0.6958333333333333
2887,861,911,0,0,0.004574565416285453
2888,367,946,0,0,0.004574565416285453
2889,296,327,0,1,0.6556776556776557
2890,103,811,0,0,0.1669266770670827
2891,34,450,0,0,0.0276273022751896
2892,312,714,0,0,0.21739130434782608
2893,810,670,0,0,0.0
2894,144,354,0,0,0.0276273022751896
2895,681,507,0,1,0.6756024096385542
2896,584,57,0,1,0.829343365253078
2897,555,747,0,0,0.0
2898,312,538,0,0,0.06451612903225806
2899,280,751,0,1,0.85
2900,535,691,0,0,0.0276273022751896
2901,495,209,0,0,0.4
2902,176,235,0,0,0.0
2903,475,650,0,1,0.8125
2904,308,532,0,1,0.6756024096385542
2905,947,819,0,0,0.4195804195804196
2906,610,603,0,0,0.004574565416285453
2907,85,429,0,0,0.04960835509138381
2908,167,793,0,0,0.0276273022751896
2909,316,799,0,1,0.6958333333333333
2910,373,60,0,0,0.0
2911,579,952,0,1,0.56
2912,717,42,0,0,0.015503875968992248
2913,148,531,0,0,0.04960835509138381
2914,88,205,0,1,0.5263157894736842
2915,620,432,0,0,0.06451612903225806
2916,334,191,0,1,0.9217391304347826
2917,687,322,0,0,0.015503875968992248
2918,127,922,0,1,0.829343365253078
2919,383,3,0,0,0.002140181915462814
2920,430,262,0,0,0.48717948717948717
2921,197,222,0,0,0.21739130434782608
2922,388,720,1,1,0.6129032258064516
2923,407,616,0,0,0.06451612903225806
2924,793,2,0,0,0.04960835509138381
2925,282,885,0,1,0.6958333333333333
2926,400,554,0,0,0.0
2927,90,697,0,0,0.002140181915462814
2928,671,424,0,0,0.002140181915462814
2929,686,352,0,1,0.829343365253078
2930,783,821,0,1,0.7
2931,864,218,0,0,0.0
2932,891,785,1,1,0.829343365253078
2933,512,290,1,1,0.829343365253078
2934,88,901,0,1,0.7243532560214094
2935,452,884,0,0,0.004574565416285453
2936,757,872,0,1,0.6958333333333333
2937,692,202,0,1,0.9217391304347826
2938,838,520,0,0,0.4444444444444444
2939,81,380,0,1,0.5217391304347826
2940,72,644,0,0,0.04960835509138381
2941,375,637,0,1,0.6756024096385542
2942,877,889,0,0,0.002140181915462814
2943,116,283,0,0,0.0
2944,667,86,0,1,0.9833333333333333
2945,451,262,0,0,0.0276273022751896
2946,586,51,0,1,0.5069444444444444
2947,582,364,0,0,0.04186046511627907
2948,638,328,0,0,0.04960835509138381
2949,256,556,0,0,0.004574565416285453
2950,659,408,1,1,0.6958333333333333
2951,884,185,0,1,0.6756024096385542
2952,948,183,0,1,0.829343365253078
2953,720,953,0,0,0.0276273022751896
2954,466,118,0,0,0.002140181915462814
2955,790,105,0,1,0.5625
2956,819,634,0,0,0.0276273022751896
2957,54,709,0,0,0.0
2958,629,692,0,0,0.0276273022751896
2959,182,443,0,0,0.004574565416285453
2960,19,279,0,0,0.002140181915462814
2961,442,39,0,1,0.7243532560214094
2962,18,171,0,1,0.8534653465346534
2963,949,457,0,0,0.002140181915462814
2964,347,905,0,0,0.002140181915462814
2965,812,954,0,0,0.0276273022751896
2966,950,707,0,0,0.002140181915462814
2967,387,688,0,0,0.3157894736842105
2968,931,434,0,0,0.004574565416285453
2969,514,912,0,1,0.7243532560214094
2970,174,926,0,0,0.42028985507246375
2971,276,664,0,1,0.723404255319149
2972,951,402,0,0,0.0276273022751896
2973,293,693,0,0,0.0276273022751896
2974,683,544,0,1,0.829343365253078
2975,905,614,1,0,0.29545454545454547
2976,105,888,0,1,0.829343365253078
2977,272,414,0,0,0.04960835509138381
2978,314,622,0,1,0.6958333333333333
2979,292,350,0,0,0.03896103896103896
2980,422,955,0,0,0.002140181915462814
2981,189,295,0,0,0.0276273022751896
2982,550,141,0,1,0.6958333333333333
2983,924,892,0,0,0.1130952380952381
2984,160,640,1,1,0.6756024096385542
2985,578,166,0,0,0.0276273022751896
2986,353,249,0,1,0.6379310344827587
2987,817,361,0,1,0.5069444444444444
2988,952,672,0,1,0.829343365253078
2989,96,92,0,0,0.0276273022751896
2990,320,596,0,1,0.9217391304347826
2991,318,550,0,0,0.002140181915462814
2992,874,459,0,0,0.04186046511627907
2993,19,182,0,1,0.829343365253078
2994,99,950,0,0,0.002140181915462814
2995,222,288,0,1,0.7419354838709677
2996,953,681,0,0,0.0
2997,474,581,0,0,0.4117647058823529
2998,25,157,0,0,0.0276273022751896
2999,247,362,0,0,0.04960835509138381
3000,697,627,0,0,0.004574565416285453
3001,64,137,0,0,0.0276273022751896
3002,389,548,0,0,0.0
3003,513,464,0,0,0.1669266770670827
3004,326,364,0,0,0.002140181915462814
3005,0,839,0,0,0.0
3006,954,956,0,1,0.9217391304347826
3007,941,656,0,0,0.14925373134328357
3008,426,46,0,0,0.002140181915462814
3009,137,2,0,0,0.0276273022751896
3010,811,754,0,0,0.0
3011,553,551,0,0,0.04960835509138381
3012,286,889,0,1,0.6666666666666666
3013,635,503,0,0,0.0276273022751896
3014,362,190,0,0,0.004574565416285453
3015,802,692,0,1,0.829343365253078
3016,776,813,1,1,0.6756024096385542
3017,363,834,0,1,0.829343365253078
3018,888,267,0,1,0.6958333333333333
3019,690,925,0,0,0.0276273022751896
3020,200,450,0,0,0.0276273022751896
3021,509,485,0,0,0.4
3022,198,12,0,0,0.0
3023,398,172,0,0,0.0875
3024,869,582,1,1,0.6958333333333333
3025,88,151,0,1,0.7142857142857143
3026,188,564,0,0,0.1669266770670827
3027,248,851,0,0,0.002140181915462814
3028,641,788,1,1,0.8297297297297297
3029,643,701,0,1,1.0
3030,927,957,0,0,0.04960835509138381
3031,354,5,0,1,0.6129032258064516
3032,464,879,0,0,0.0875
3033,405,918,0,1,0.75
3034,83,804,0,1,0.829343365253078
3035,933,867,0,0,0.0
3036,827,751,0,1,0.56
3037,917,381,0,0,0.25
3038,621,333,0,0,0.002140181915462814
3039,529,566,1,1,0.6438356164383562
3040,907,846,0,0,0.1669266770670827
3041,73,952,0,0,0.1669266770670827
3042,874,324,1,1,0.7243532560214094
3043,559,487,0,0,0.0
3044,45,628,1,1,0.7243532560214094
3045,563,405,0,0,0.0
3046,841,625,0,0,0.002140181915462814
3047,453,736,0,0,0.0276273022751896
3048,649,823,0,0,0.002140181915462814
3049,325,309,1,1,0.6958333333333333
3050,169,415,0,0,0.0
3051,578,148,1,1,1.0
3052,882,860,0,0,0.2571428571428571
3053,662,634,0,0,0.004574565416285453
3054,210,671,0,1,0.6958333333333333
3055,764,708,0,0,0.004574565416285453
3056,528,699,0,0,0.002140181915462814
3057,763,847,0,1,0.7243532560214094
3058,228,913,0,0,0.0276273022751896
3059,878,206,0,0,0.004574565416285453
3060,81,578,0,1,0.6756024096385542
3061,587,144,0,0,0.002140181915462814
3062,848,508,0,0,0.0276273022751896
3063,152,852,0,0,0.06451612903225806
3064,886,485,1,0,0.0
3065,99,533,0,1,0.6556776556776557
3066,54,856,0,0,0.004574565416285453
3067,746,716,0,0,0.04960835509138381
3068,355,71,0,0,0.0276273022751896
3069,710,317,0,1,0.829343365253078
3070,110,858,0,0,0.1669266770670827
3071,779,61,0,0,0.04960835509138381
3072,767,296,0,0,0.0
3073,955,437,0,1,0.6756024096385542
3074,308,352,0,1,0.6958333333333333
3075,898,248,0,0,0.48717948717948717
3076,956,403,0,1,0.6756024096385542
3077,241,370,0,0,0.004574565416285453
3078,73,685,0,1,0.56
3079,611,149,0,1,0.8534653465346534
3080,377,422,0,1,0.829343365253078
3081,712,152,0,1,0.829343365253078
3082,589,369,0,0,0.0276273022751896
3083,690,571,0,0,0.0276273022751896
3084,393,682,0,0,0.002140181915462814
3085,626,558,0,0,0.0
3086,693,772,0,0,0.004574565416285453
3087,102,834,0,0,0.25096525096525096
3088,660,930,0,0,0.42028985507246375
3089,235,554,0,0,0.043478260869565216
3090,565,933,0,0,0.015503875968992248
3091,194,592,0,0,0.04960835509138381
3092,957,23,0,0,0.0276273022751896
3093,508,347,0,1,0.5069444444444444
3094,273,176,0,0,0.0276273022751896
3095,326,269,0,1,0.6756024096385542
3096,111,512,0,0,0.015503875968992248
3097,417,152,1,1,0.829343365253078
3098,476,836,0,1,0.829343365253078
3099,924,194,0,0,0.002140181915462814
3100,499,442,0,1,0.5069444444444444
3101,646,142,0,0,0.0
3102,63,158,1,1,0.6756024096385542
3103,937,799,0,0,0.004574565416285453
3104,677,958,0,1,0.5489130434782609
3105,483,385,0,1,0.56
3106,686,527,0,1,0.829343365253078
3107,725,88,0,1,0.5826771653543307
3108,874,136,0,0,0.17391304347826086
3109,39,259,0,1,0.829343365253078
3110,897,87,0,0,0.42028985507246375
3111,611,178,0,1,0.8534653465346534
3112,538,456,0,0,0.0
3113,414,616,0,1,0.6958333333333333
3114,575,296,0,0,0.4117647058823529
3115,844,104,1,1,0.829343365253078
3116,594,369,0,0,0.0276273022751896
3117,826,829,0,1,0.829343365253078
3118,297,634,0,0,0.004574565416285453
3119,830,457,0,0,0.1130952380952381
3120,657,835,0,1,0.6756024096385542
3121,529,236,0,1,0.829343365253078
3122,958,864,0,0,0.0276273022751896
3123,900,95,0,0,0.002140181915462814
3124,493,240,1,0,0.45454545454545453
3125,66,601,1,1,0.6958333333333333
3126,699,959,0,0,0.2
3127,715,597,0,0,0.0276273022751896
3128,892,806,1,0,0.4117647058823529
3129,657,15,0,0,0.0875
3130,758,361,0,1,0.7243532560214094
3131,306,327,0,0,0.004574565416285453
3132,261,238,0,1,0.75
3133,452,473,0,1,0.6756024096385542
3134,848,848,0,1,1.0
3135,293,481,0,0,0.0276273022751896
3136,600,717,1,1,0.6756024096385542
3137,456,554,0,1,0.829343365253078
3138,112,173,0,1,0.829343365253078
3139,38,960,0,0,0.1130952380952381
3140,943,653,0,0,0.15384615384615385
3141,776,883,0,0,0.17391304347826086
3142,959,274,0,0,0.0967741935483871
3143,784,867,0,1,0.6958333333333333
3144,53,766,0,1,0.6958333333333333
3145,376,167,0,1,0.8666666666666667
3146,825,418,0,0,0.0
3147,558,786,0,0,0.0
3148,831,265,0,0,0.002140181915462814
3149,329,871,0,0,0.002140181915462814
3150,374,849,1,1,0.829343365253078
3151,460,59,0,1,0.829343365253078
3152,734,961,0,0,0.21739130434782608
3153,785,352,1,1,0.829343365253078
3154,871,107,0,0,0.002140181915462814
3155,384,902,0,0,0.002140181915462814
3156,242,404,0,0,0.002140181915462814
3157,673,264,0,0,0.002140181915462814
3158,847,908,0,0,0.0276273022751896
3159,1,888,0,0,0.004574565416285453
3160,653,264,0,0,0.004574565416285453
3161,824,801,0,0,0.0276273022751896
3162,422,51,0,1,0.5069444444444444
3163,577,890,0,0,0.48717948717948717
3164,488,658,0,0,0.0
3165,365,173,0,1,0.6958333333333333
3166,203,361,1,1,0.6756024096385542
3167,281,157,0,0,0.015503875968992248
3168,280,429,0,1,0.56
3169,208,175,0,0,0.004574565416285453
3170,262,298,0,1,0.7243532560214094
3171,820,37,0,0,0.002140181915462814
3172,449,682,0,0,0.1130952380952381
3173,461,962,1,1,0.829343365253078
3174,684,939,0,0,0.04960835509138381
3175,909,673,0,0,0.004574565416285453
3176,351,193,0,1,0.6958333333333333
3177,537,577,0,1,0.75
3178,743,846,0,1,0.5069444444444444
3179,669,268,0,0,0.004574565416285453
3180,546,421,0,1,0.6556776556776557
3181,960,377,0,0,0.48058252427184467
3182,551,906,0,0,0.04186046511627907
3183,207,963,0,0,0.0276273022751896
3184,526,71,0,1,0.6958333333333333
3185,302,529,0,0,0.04960835509138381
3186,872,889,0,0,0.0276273022751896
3187,956,808,0,0,0.002140181915462814
3188,13,872,0,1,0.6958333333333333
3189,213,682,0,1,0.8636363636363636
3190,887,719,0,0,0.26732673267326734
3191,630,534,0,1,0.5826771653543307
3192,791,921,0,0,0.0
3193,565,169,0,0,0.004574565416285453
3194,531,949,0,0,0.0875
3195,471,723,0,0,0.002140181915462814
3196,301,879,0,0,0.043478260869565216
3197,67,390,0,1,0.8205128205128205
3198,882,904,1,1,0.829343365253078
3199,49,131,0,0,0.002140181915462814
3200,326,107,0,0,0.04186046511627907
3201,845,379,0,0,0.0
3202,733,480,1,1,0.7243532560214094
3203,104,705,0,1,0.6756024096385542
3204,257,176,0,1,0.6756024096385542
3205,529,50,0,0,0.0
3206,961,350,0,1,0.9
3207,234,107,0,0,0.06451612903225806
3208,253,654,0,0,0.14285714285714285
3209,681,685,0,0,0.002140181915462814
3210,741,154,0,1,0.829343365253078
3211,350,712,0,0,0.12962962962962962
3212,99,429,0,0,0.002140181915462814
3213,174,516,0,0,0.004574565416285453
3214,933,304,0,0,0.0276273022751896
3215,356,866,0,0,0.06451612903225806
3216,309,626,0,1,0.6756024096385542
3217,910,672,0,1,0.5625
3218,321,302,0,0,0.0
3219,355,889,0,0,0.0276273022751896
3220,43,898,0,0,0.0276273022751896
3221,27,797,0,1,0.6756024096385542
3222,9,616,0,0,0.0
3223,524,262,0,0,0.1669266770670827
3224,837,541,0,0,0.21052631578947367
3225,834,335,0,0,0.1669266770670827
3226,188,823,0,0,0.0276273022751896
3227,22,130,0,1,0.6756024096385542
3228,648,483,0,0,0.0276273022751896
3229,276,484,0,0,0.0276273022751896
3230,57,121,0,0,0.04960835509138381
3231,485,582,0,0,0.04960835509138381
3232,462,3,0,1,0.6756024096385542
3233,440,944,0,0,0.002140181915462814
3234,811,686,0,0,0.0
3235,38,291,0,0,0.0
3236,909,843,0,1,0.5826771653543307
3237,780,932,0,1,0.6958333333333333
3238,563,283,0,0,0.002140181915462814
3239,781,797,1,1,0.6958333333333333
3240,795,691,0,1,0.829343365253078
3241,276,696,0,0,0.16666666666666666
3242,961,493,0,1,0.6363636363636364
3243,962,179,0,0,0.46875
3244,868,201,0,0,0.3926940639269406
3245,617,543,0,0,0.0
3246,911,474,0,1,0.6958333333333333
3247,931,955,0,1,0.723404255319149
3248,799,369,0,1,0.6958333333333333
3249,23,520,0,0,0.0
3250,393,114,0,0,0.02631578947368421
3251,428,230,0,0,0.004574565416285453
3252,235,737,0,0,0.25096525096525096
3253,560,744,0,0,0.002140181915462814
3254,963,354,0,1,0.6756024096385542
3255,27,401,0,1,1.0
3256,845,234,1,1,0.5069444444444444
3257,842,637,1,1,0.6958333333333333
3258,392,7,0,0,0.48717948717948717
3259,231,447,0,1,0.5217391304347826
3260,64,838,0,0,0.0
3261,593,896,0,0,0.002140181915462814
3262,310,125,0,0,0.002140181915462814
3263,328,301,0,0,0.14285714285714285
3264,158,767,0,1,0.829343365253078
3265,1,351,0,1,0.829343365253078
3266,783,158,0,1,0.7441860465116279
3267,891,141,0,1,0.6958333333333333
3268,549,565,0,1,0.8297297297297297
3269,102,476,0,0,0.043478260869565216
3270,100,160,0,1,0.6556776556776557
3271,888,803,0,1,0.829343365253078
3272,169,288,0,1,0.7419354838709677
3273,293,916,0,0,0.0276273022751896
3274,802,880,0,0,0.04960835509138381
3275,235,706,0,0,0.004574565416285453
3276,76,582,0,0,0.0
3277,195,202,0,1,0.6958333333333333
3278,142,635,1,1,0.6958333333333333
3279,172,866,0,1,1.0
3280,74,452,0,0,0.002140181915462814
3281,668,719,0,1,0.6438356164383562
3282,95,546,0,1,0.829343365253078
3283,455,331,0,0,0.06451612903225806
3284,8,549,0,0,0.0276273022751896
3285,617,323,0,0,0.0276273022751896
3286,325,300,0,0,0.25096525096525096
3287,177,181,0,1,0.6958333333333333
3288,831,279,0,0,0.4
3289,908,300,0,0,0.0
3290,46,830,0,0,0.0276273022751896
3291,15,564,0,1,0.5069444444444444
3292,187,563,0,1,0.9024390243902439
3293,928,165,0,0,0.04186046511627907
3294,270,482,0,0,0.004574565416285453
3295,636,711,1,1,0.829343365253078
3296,286,546,0,0,0.4
3297,815,682,0,0,0.0
3298,408,410,0,0,0.002140181915462814
3299,392,472,0,0,0.002140181915462814
3300,901,486,0,0,0.002140181915462814
3301,872,161,0,1,0.7243532560214094
3302,79,417,0,1,0.829343365253078
3303,564,416,1,1,0.829343365253078
3304,672,394,0,1,0.7441860465116279
3305,520,842,0,0,0.015503875968992248
3306,588,624,0,0,0.002140181915462814
3307,865,515,0,1,0.829343365253078
3308,61,210,0,0,0.002140181915462814
3309,717,123,1,1,0.6666666666666666
3310,269,96,0,1,1.0
3311,684,273,1,1,0.8297297297297297
3312,87,772,1,1,0.7243532560214094
3313,374,143,0,0,0.12962962962962962
3314,426,271,0,1,0.829343365253078
3315,40,451,0,0,0.06451612903225806
3316,397,674,0,0,0.0
3317,827,281,0,1,0.6556776556776557
3318,98,527,0,0,0.002140181915462814
3319,44,884,1,1,0.6756024096385542
3320,23,409,0,1,0.829343365253078
3321,301,870,1,1,0.829343365253078
3322,170,750,1,1,0.829343365253078
3323,16,67,0,1,0.7243532560214094
3324,246,167,0,0,0.0276273022751896
3325,712,20,0,0,0.0
3326,366,194,0,0,0.1669266770670827
3327,964,576,0,1,0.6958333333333333
3328,36,673,0,0,0.04960835509138381
3329,56,397,0,0,0.25096525096525096
3330,295,195,0,0,0.0276273022751896
3331,611,142,0,0,0.004574565416285453
3332,608,711,0,1,0.6756024096385542
3333,475,964,0,0,0.0276273022751896
3334,917,642,0,0,0.3333333333333333
3335,274,389,0,0,0.0
3336,221,766,0,1,0.6958333333333333
3337,965,425,0,0,0.4
3338,124,256,0,0,0.25
3339,843,776,0,0,0.002140181915462814
3340,668,535,0,0,0.1130952380952381
3341,904,924,0,1,0.6756024096385542
3342,863,259,0,0,0.0276273022751896
3343,572,768,0,1,0.8534653465346534
3344,490,558,1,1,0.6958333333333333
3345,276,918,0,0,0.0276273022751896
3346,899,330,0,1,0.8534653465346534
3347,948,631,0,0,0.0276273022751896
3348,443,558,0,0,0.4
3349,664,351,0,0,0.004574565416285453
3350,593,847,0,1,1.0
3351,833,226,0,0,0.004574565416285453
3352,425,679,0,0,0.04960835509138381
3353,220,142,0,1,0.6958333333333333
3354,396,815,0,1,1.0
3355,966,376,0,0,0.0
3356,365,6,0,1,0.6958333333333333
3357,395,499,0,0,0.3157894736842105
3358,329,570,0,1,0.829343365253078
3359,852,176,0,0,0.0276273022751896
3360,468,102,0,1,0.7142857142857143
3361,298,285,0,0,0.04960835509138381
3362,32,73,0,1,0.829343365253078
3363,962,678,0,1,0.6958333333333333
3364,194,839,0,0,0.002140181915462814
3365,64,916,0,0,0.0276273022751896
3366,425,757,0,1,0.6756024096385542
3367,13,412,0,0,0.25
3368,819,951,1,1,0.6756024096385542
3369,967,965,0,0,0.04960835509138381
3370,885,354,0,1,0.8205128205128205
3371,174,6,1,1,0.6756024096385542
3372,33,399,1,0,0.0
3373,372,522,0,0,0.002140181915462814
3374,968,351,0,0,0.004574565416285453
3375,866,864,0,0,0.2
3376,581,808,0,0,0.002140181915462814
3377,813,84,0,0,0.002140181915462814
3378,969,355,0,0,0.25096525096525096
3379,134,722,0,1,0.829343365253078
3380,798,321,0,0,0.002140181915462814
3381,532,28,0,0,0.0
3382,206,218,0,0,0.002140181915462814
3383,105,253,0,0,0.25
3384,311,845,0,0,0.0
3385,648,630,0,0,0.0
3386,865,236,0,0,0.004574565416285453
3387,19,291,0,0,0.0276273022751896
3388,970,261,0,0,0.21739130434782608
3389,37,11,0,0,0.002140181915462814
3390,853,966,0,1,0.6438356164383562
3391,412,526,0,1,0.5489130434782609
3392,971,678,0,0,0.0967741935483871
3393,56,91,0,1,0.5826771653543307
3394,649,567,0,1,0.6958333333333333
3395,92,23,0,1,0.6756024096385542
3396,97,772,0,0,0.004574565416285453
3397,227,477,0,0,0.015503875968992248
3398,302,505,0,1,0.6556776556776557
3399,623,96,0,0,0.0
3400,215,907,0,1,0.6958333333333333
3401,972,898,0,0,0.004574565416285453
3402,467,586,1,1,0.5826771653543307
3403,523,216,0,1,0.6958333333333333
3404,843,967,0,0,0.004574565416285453
3405,13,0,1,1,0.829343365253078
3406,364,44,1,1,0.829343365253078
3407,875,136,0,1,0.5789473684210527
3408,131,279,0,0,0.002140181915462814
3409,195,558,0,1,0.7419354838709677
3410,188,397,1,1,0.8888888888888888
3411,695,928,0,1,0.6958333333333333
3412,444,811,0,0,0.004574565416285453
3413,233,555,0,0,0.04960835509138381
3414,602,182,0,1,0.6756024096385542
3415,386,814,0,1,0.8666666666666667
3416,74,300,0,1,0.829343365253078
3417,60,873,0,1,0.75
3418,744,826,0,0,0.004574565416285453
3419,496,456,0,0,0.004574565416285453
3420,79,702,0,0,0.5
3421,928,514,0,0,0.06451612903225806
3422,774,751,1,0,0.3926940639269406
3423,539,569,0,0,0.002140181915462814
3424,784,99,0,0,0.42028985507246375
3425,394,900,0,1,0.6692913385826772
3426,738,528,0,0,0.0276273022751896
3427,604,185,0,1,0.6756024096385542
3428,565,919,0,1,0.6756024096385542
3429,850,968,0,0,0.04186046511627907
3430,62,166,0,0,0.002140181915462814
3431,416,683,0,1,0.7243532560214094
3432,317,400,0,0,0.0
3433,605,56,0,1,0.6958333333333333
3434,458,55,0,1,0.829343365253078
3435,293,915,0,1,0.829343365253078
3436,413,371,0,0,0.04960835509138381
3437,319,765,0,0,0.004574565416285453
3438,283,728,0,0,0.2
3439,601,902,1,1,0.7243532560214094
3440,47,915,0,0,0.1669266770670827
3441,250,771,0,0,0.004574565416285453
3442,973,98,0,0,0.06451612903225806
3443,946,771,0,0,0.1130952380952381
3444,416,616,0,1,0.7243532560214094
3445,522,62,0,0,0.2857142857142857
3446,140,385,0,0,0.0
3447,790,567,0,0,0.002140181915462814
3448,261,955,0,0,0.5
3449,117,468,0,1,0.6756024096385542
3450,288,870,0,0,0.0276273022751896
3451,202,943,0,0,0.0
3452,534,105,0,0,0.0875
3453,421,113,0,0,0.004574565416285453
3454,791,63,0,0,0.002140181915462814
3455,553,885,0,1,0.829343365253078
3456,289,120,0,1,0.6556776556776557
3457,16,461,0,1,0.6756024096385542
3458,144,557,0,0,0.0276273022751896
3459,434,138,0,0,0.0
3460,811,807,0,0,0.002140181915462814
3461,826,969,0,1,0.56
3462,737,41,0,0,0.0276273022751896
3463,2,470,0,0,0.0
3464,670,48,0,0,0.0276273022751896
3465,677,314,0,0,0.4
3466,692,543,0,1,0.9217391304347826
3467,406,891,0,1,1.0
3468,114,916,0,0,0.004574565416285453
3469,910,458,0,0,0.0
3470,330,662,0,0,0.002140181915462814
3471,333,513,0,0,0.04960835509138381
3472,86,963,0,0,0.0276273022751896
3473,187,218,1,1,0.829343365253078
3474,184,513,0,0,0.002140181915462814
3475,165,904,0,1,0.7243532560214094
3476,621,897,0,0,0.0
3477,785,300,0,0,0.002140181915462814
3478,775,787,0,0,0.2571428571428571
3479,731,419,0,0,0.04960835509138381
3480,245,780,0,1,0.6756024096385542
3481,200,50,0,0,0.0276273022751896
3482,382,700,1,1,0.829343365253078
3483,223,245,0,0,0.0276273022751896
3484,642,503,0,0,0.0276273022751896
3485,371,969,0,0,0.002140181915462814
3486,605,103,0,1,0.6756024096385542
3487,346,218,0,1,0.829343365253078
3488,144,573,0,0,0.46875
3489,361,641,0,0,0.1669266770670827
3490,501,33,0,1,0.6958333333333333
3491,910,567,1,1,0.829343365253078
3492,618,558,0,1,0.7419354838709677
3493,713,861,1,1,0.6958333333333333
3494,533,966,0,0,0.0
3495,575,339,1,1,0.8534653465346534
3496,729,339,0,0,0.0
3497,126,481,0,1,0.829343365253078
3498,949,11,0,0,0.0
3499,392,18,1,1,0.6958333333333333
3500,479,917,0,0,0.0276273022751896
3501,737,878,0,0,0.004574565416285453
3502,142,263,0,0,0.002140181915462814
3503,88,333,0,0,0.002140181915462814
3504,6,557,0,0,0.004574565416285453
3505,607,375,0,0,0.0276273022751896
3506,199,896,1,1,0.829343365253078
3507,19,455,0,1,0.829343365253078
3508,651,105,0,0,0.03225806451612903
3509,740,69,0,0,0.12962962962962962
3510,180,674,0,0,0.05555555555555555
3511,575,779,0,0,0.0276273022751896
3512,798,315,0,0,0.1669266770670827
3513,279,137,0,1,0.6756024096385542
3514,195,543,0,1,0.8461538461538461
3515,837,662,0,0,0.0
3516,401,81,0,1,0.75
3517,472,861,0,0,0.1669266770670827
3518,410,134,0,0,0.002140181915462814
3519,939,699,1,1,0.6958333333333333
3520,383,510,0,0,0.0967741935483871
3521,900,898,0,0,0.002140181915462814
3522,420,288,0,1,0.6958333333333333
3523,701,256,0,0,0.004574565416285453
3524,317,326,0,0,0.0276273022751896
3525,467,231,0,1,0.6756024096385542
3526,455,136,0,0,0.004574565416285453
3527,77,970,0,1,0.6556776556776557
3528,326,625,0,0,0.04960835509138381
3529,409,423,0,1,0.6756024096385542
3530,406,579,0,1,0.6756024096385542
3531,264,552,0,1,0.829343365253078
3532,210,42,0,0,0.0276273022751896
3533,235,838,0,0,0.0967741935483871
3534,490,543,0,1,0.6958333333333333
3535,134,605,0,1,0.85
3536,833,367,1,1,0.829343365253078
3537,925,60,0,0,0.3103448275862069
3538,814,418,0,1,0.9833333333333333
3539,387,298,0,0,0.015503875968992248
3540,240,271,0,0,0.002140181915462814
3541,474,158,0,0,0.4117647058823529
3542,363,576,0,1,0.829343365253078
3543,974,54,0,0,0.45454545454545453
3544,349,323,0,0,0.002140181915462814
3545,7,412,0,1,0.9
3546,224,391,0,1,0.829343365253078
3547,299,881,0,0,0.004574565416285453
3548,580,229,0,0,0.0
3549,179,266,0,0,0.12962962962962962
3550,548,629,0,0,0.002140181915462814
3551,406,138,0,0,0.0
3552,847,294,1,0,0.047619047619047616
3553,929,546,0,1,0.5069444444444444
3554,478,214,0,0,0.002140181915462814
3555,851,971,0,0,0.0276273022751896
3556,525,774,0,0,0.0
3557,63,763,0,1,0.5069444444444444
3558,838,859,1,1,0.6958333333333333
3559,891,118,0,1,0.6756024096385542
3560,89,631,0,0,0.0
3561,209,333,0,0,0.0276273022751896
3562,582,378,1,1,0.9217391304347826
3563,140,368,0,0,0.0
3564,932,504,0,0,0.0276273022751896
3565,599,345,0,0,0.002140181915462814
3566,191,102,0,0,0.002140181915462814
3567,438,118,0,0,0.0
3568,239,922,1,1,0.7243532560214094
3569,339,316,0,0,0.004574565416285453
3570,48,53,0,1,0.6756024096385542
3571,975,760,0,0,0.0276273022751896
3572,59,30,0,0,0.0276273022751896
3573,858,610,0,1,0.6438356164383562
3574,740,232,0,0,0.002140181915462814
3575,921,345,0,0,0.002140181915462814
3576,30,777,1,1,0.7243532560214094
3577,534,76,0,0,0.0
3578,210,835,0,0,0.0
3579,147,509,0,0,0.0
3580,748,321,0,0,0.15384615384615385
3581,269,758,0,1,0.829343365253078
3582,843,939,0,1,0.8571428571428571
3583,90,972,1,1,0.6958333333333333
3584,166,120,0,0,0.004574565416285453
3585,976,171,0,0,0.4117647058823529
3586,758,842,0,0,0.1669266770670827
3587,502,514,0,1,0.6756024096385542
3588,452,361,0,0,0.002140181915462814
3589,240,390,0,0,0.1111111111111111
3590,795,647,0,0,0.1669266770670827
3591,977,247,0,0,0.004574565416285453
3592,384,973,1,0,0.5
3593,680,915,0,0,0.0276273022751896
3594,186,374,0,0,0.0
3595,972,894,0,0,0.0276273022751896
3596,691,532,1,1,0.6958333333333333
3597,453,92,0,0,0.015503875968992248
3598,2,734,0,0,0.0
3599,547,197,0,0,0.043478260869565216
3600,189,452,0,0,0.015503875968992248
3601,877,748,0,0,0.043478260869565216
3602,421,228,0,1,0.7243532560214094
3603,468,766,0,1,0.829343365253078
3604,419,37,0,0,0.42028985507246375
3605,590,51,0,0,0.1669266770670827
3606,407,877,0,0,0.06451612903225806
3607,43,243,0,1,0.6756024096385542
3608,700,123,0,0,0.0276273022751896
3609,355,643,0,0,0.0276273022751896
3610,976,386,0,0,0.4117647058823529
3611,632,396,0,0,0.004574565416285453
3612,812,141,0,1,0.6756024096385542
3613,866,87,0,0,0.42028985507246375
3614,202,398,1,0,0.25096525096525096
3615,37,74,0,0,0.043478260869565216
3616,508,669,0,0,0.002140181915462814
3617,919,74,1,1,0.6756024096385542
3618,648,112,0,1,0.6958333333333333
3619,459,859,0,0,0.0
3620,439,188,0,0,0.0276273022751896
3621,526,839,0,0,0.0276273022751896
3622,616,837,0,1,0.6438356164383562
3623,645,954,0,0,0.5
3624,336,506,1,1,0.5826771653543307
3625,373,426,0,1,0.5826771653543307
3626,67,914,1,1,0.7243532560214094
3627,300,452,0,0,0.002140181915462814
3628,847,655,0,0,0.04960835509138381
3629,450,590,1,1,0.6756024096385542
3630,86,526,0,0,0.0276273022751896
3631,199,80,0,1,0.6958333333333333
3632,1,837,0,0,0.004574565416285453
3633,209,962,0,0,0.015503875968992248
3634,355,348,0,0,0.0276273022751896
3635,806,662,0,0,0.002140181915462814
3636,688,145,0,1,0.6958333333333333
3637,22,349,0,1,0.829343365253078
3638,778,248,0,0,0.0276273022751896
3639,887,595,0,0,0.0276273022751896
3640,200,105,0,1,0.9217391304347826
3641,613,315,0,1,0.829343365253078
3642,514,799,0,0,0.015503875968992248
3643,500,910,0,0,0.04960835509138381
3644,252,623,0,1,0.6958333333333333
3645,544,887,0,1,0.9217391304347826
3646,582,814,0,1,0.6958333333333333
3647,666,398,0,0,0.0
3648,835,657,1,1,0.829343365253078
3649,48,574,0,0,0.002140181915462814
3650,202,85,0,0,0.002140181915462814
3651,851,964,0,0,0.0276273022751896
3652,311,922,0,0,0.1669266770670827
3653,172,330,1,1,0.9090909090909091
3654,743,944,0,1,0.5069444444444444
3655,349,102,0,1,0.8787878787878788
3656,835,25,0,0,0.0
3657,649,712,0,0,0.0
3658,809,149,0,0,0.002140181915462814
3659,480,801,0,0,0.0
3660,638,974,0,0,0.0
3661,861,437,0,1,0.7243532560214094
3662,679,212,1,1,0.9833333333333333
3663,657,237,0,0,0.15
3664,48,904,0,0,0.002140181915462814
3665,121,236,0,0,0.015503875968992248
3666,529,920,0,1,0.5069444444444444
3667,6,103,0,0,0.0276273022751896
3668,776,327,0,1,0.5069444444444444
3669,574,443,0,0,0.0276273022751896
3670,703,457,0,1,0.5625
3671,27,702,0,1,1.0
3672,978,970,0,0,0.004574565416285453
3673,180,743,1,1,0.6438356164383562
3674,401,797,0,1,1.0
3675,789,902,0,0,0.04960835509138381
3676,558,829,0,0,0.0276273022751896
3677,405,97,0,0,0.0
3678,293,742,0,1,1.0
3679,803,545,0,0,0.0
3680,345,35,0,0,0.002140181915462814
3681,274,427,0,1,0.829343365253078
3682,299,943,0,0,0.0276273022751896
3683,975,246,0,0,0.5
3684,81,176,0,0,0.14925373134328357
3685,832,533,0,0,0.06451612903225806
3686,114,449,0,0,0.004574565416285453
3687,690,96,0,0,0.0276273022751896
3688,33,869,0,0,0.06451612903225806
3689,202,540,0,0,0.002140181915462814
3690,941,343,0,1,0.6958333333333333
3691,69,427,0,1,0.6958333333333333
3692,880,809,0,0,0.0276273022751896
3693,678,17,1,1,0.829343365253078
3694,191,1,0,0,0.004574565416285453
3695,258,801,0,0,0.0276273022751896
3696,946,442,0,0,0.1669266770670827
3697,199,759,0,0,0.015503875968992248
3698,619,695,0,0,0.35135135135135137
3699,750,53,1,1,1.0
3700,190,593,0,0,0.002140181915462814
3701,941,707,0,0,0.0
3702,805,278,0,0,0.004574565416285453
3703,317,947,0,1,1.0
3704,338,208,0,0,0.004574565416285453
3705,544,653,0,0,0.1669266770670827
3706,257,597,1,1,0.6958333333333333
3707,276,189,0,1,0.723404255319149
3708,475,110,0,1,0.8125
3709,921,783,0,0,0.0
3710,375,725,0,0,0.0276273022751896
3711,518,51,1,1,0.8534653465346534
3712,218,535,0,1,0.829343365253078
3713,785,718,0,0,0.0276273022751896
3714,588,897,0,0,0.002140181915462814
3715,322,315,0,0,0.14925373134328357
3716,706,774,0,0,0.004574565416285453
3717,171,838,0,0,0.0276273022751896
3718,383,713,0,0,0.5
3719,713,830,0,0,0.002140181915462814
3720,18,866,0,0,0.46153846153846156
3721,791,975,0,1,0.6756024096385542
3722,751,276,0,0,0.0276273022751896
3723,316,27,0,1,0.6756024096385542
3724,872,619,0,0,0.015503875968992248
3725,261,131,0,0,0.1669266770670827
3726,32,85,0,0,0.002140181915462814
3727,570,463,0,0,0.004574565416285453
3728,211,207,0,1,0.7
3729,816,225,0,0,0.04960835509138381
3730,114,136,0,0,0.0875
3731,576,374,0,0,0.047619047619047616
3732,658,188,0,1,0.5069444444444444
3733,445,911,0,1,0.6756024096385542
3734,888,508,0,0,0.04960835509138381
3735,952,454,0,1,0.7243532560214094
3736,396,804,0,0,0.46875
3737,560,949,0,1,0.9217391304347826
3738,381,113,0,0,0.015503875968992248
3739,613,205,0,1,0.829343365253078
3740,796,183,0,0,0.3926940639269406
3741,606,639,0,0,0.002140181915462814
3742,934,138,1,1,0.6958333333333333
3743,208,659,0,0,0.004574565416285453
3744,925,445,0,0,0.002140181915462814
3745,257,297,0,0,0.002140181915462814
3746,134,976,0,1,0.7243532560214094
3747,395,150,0,1,0.6756024096385542
3748,87,528,0,1,0.6756024096385542
3749,558,919,0,1,0.829343365253078
3750,414,553,0,0,0.004574565416285453
3751,417,562,0,1,0.829343365253078
3752,548,109,0,0,0.42028985507246375
3753,549,780,0,0,0.04960835509138381
3754,77,381,0,1,0.7741935483870968
3755,298,488,0,1,0.6756024096385542
3756,4,552,0,1,0.6958333333333333
3757,718,736,0,0,0.004574565416285453
3758,866,267,0,0,0.05263157894736842
3759,671,912,0,0,0.04960835509138381
3760,618,204,0,0,0.04186046511627907
3761,979,248,1,1,0.829343365253078
3762,508,863,1,1,0.6756024096385542
3763,5,337,0,1,0.5625
3764,656,433,0,0,0.043478260869565216
3765,84,237,0,0,0.02631578947368421
3766,427,308,0,0,0.0276273022751896
3767,899,357,1,1,1.0
3768,6,849,0,0,0.16666666666666666
3769,210,200,0,0,0.002140181915462814
3770,175,197,0,0,0.0276273022751896
3771,220,148,0,1,0.829343365253078
3772,113,334,0,0,0.4444444444444444
3773,362,27,0,0,0.0276273022751896
3774,822,977,0,0,0.16666666666666666
3775,5,504,0,0,0.002140181915462814
3776,148,868,0,0,0.04960835509138381
3777,421,443,0,1,1.0
3778,225,130,0,0,0.002140181915462814
3779,308,626,0,1,0.829343365253078
3780,636,898,0,0,0.002140181915462814
3781,286,128,0,0,0.1669266770670827
3782,365,469,0,0,0.42028985507246375
3783,943,95,0,1,0.829343365253078
3784,896,817,0,1,0.6756024096385542
3785,719,94,0,1,0.6756024096385542
3786,163,73,0,1,0.7243532560214094
3787,505,835,0,0,0.002140181915462814
3788,322,966,0,0,0.1276595744680851
3789,833,822,0,0,0.043478260869565216
3790,860,452,0,0,0.0
3791,475,696,0,0,0.0276273022751896
3792,590,580,0,1,0.8534653465346534
3793,725,838,0,0,0.14285714285714285
3794,682,609,0,0,0.25
3795,377,668,0,1,0.6958333333333333
3796,927,183,0,1,0.829343365253078
3797,614,12,0,0,0.1669266770670827
3798,767,571,0,1,0.6041666666666666
3799,267,226,0,0,0.004574565416285453
3800,820,212,0,0,0.0276273022751896
3801,803,971,0,0,0.0276273022751896
3802,715,895,0,1,0.6958333333333333
3803,770,421,0,0,0.002140181915462814
3804,908,545,0,0,0.04960835509138381
3805,41,446,0,1,0.6958333333333333
3806,602,438,0,0,0.0
3807,220,152,0,1,0.829343365253078
3808,290,717,0,0,0.5
3809,706,800,0,0,0.004574565416285453
3810,221,889,0,0,0.0276273022751896
3811,124,121,0,0,0.04960835509138381
3812,406,600,0,0,0.0
3813,129,931,0,0,0.0
3814,850,14,0,0,0.04186046511627907
3815,340,129,0,0,0.002140181915462814
3816,865,733,0,0,0.004574565416285453
3817,22,726,0,0,0.0
3818,621,413,0,0,0.002140181915462814
3819,54,919,0,1,0.6958333333333333
3820,415,84,0,0,0.02631578947368421
3821,120,775,1,1,0.829343365253078
3822,280,978,0,0,0.3926940639269406
3823,417,857,0,0,0.2
3824,938,129,0,0,0.04960835509138381
3825,900,603,0,1,0.6958333333333333
3826,96,844,0,0,0.004574565416285453
3827,408,971,0,0,0.0276273022751896
3828,36,299,0,0,0.004574565416285453
3829,569,442,0,0,0.004574565416285453
3830,369,863,0,0,0.14925373134328357
3831,679,566,0,1,1.0
3832,371,890,0,0,0.0276273022751896
3833,383,979,0,1,0.9217391304347826
3834,370,621,0,0,0.0276273022751896
3835,406,57,0,1,0.6958333333333333
3836,39,938,0,1,0.6958333333333333
3837,798,10,0,1,0.6958333333333333
3838,900,231,0,1,0.5489130434782609
3839,648,313,0,1,0.6958333333333333
3840,375,555,0,0,0.15
3841,507,578,0,0,0.015503875968992248
3842,815,235,0,0,0.004574565416285453
3843,259,97,1,1,0.5069444444444444
3844,503,346,0,0,0.48717948717948717
3845,152,232,0,0,0.1669266770670827
3846,167,732,0,0,0.002140181915462814
3847,24,899,0,0,0.13114754098360656
3848,766,506,0,0,0.0276273022751896
3849,262,648,1,1,0.829343365253078
3850,178,374,0,1,0.829343365253078
3851,980,185,0,0,0.004574565416285453
3852,622,732,0,0,0.004574565416285453
3853,852,8,0,0,0.0
3854,192,534,0,0,0.0
3855,553,698,1,1,0.6756024096385542
3856,699,681,0,0,0.004574565416285453
3857,646,940,0,0,0.0
3858,108,710,0,0,0.004574565416285453
3859,562,508,0,0,0.25096525096525096
3860,564,687,0,1,0.6756024096385542
3861,128,874,0,1,0.6556776556776557
3862,803,608,0,0,0.0276273022751896
3863,891,524,0,0,0.004574565416285453
3864,825,872,0,0,0.0
3865,210,493,0,1,0.5217391304347826
3866,904,229,0,0,0.0
3867,562,473,0,1,0.829343365253078
3868,322,671,1,1,0.6958333333333333
3869,288,17,0,1,0.6756024096385542
3870,499,980,0,0,0.0276273022751896
3871,466,449,0,0,0.0276273022751896
3872,275,941,0,0,0.0276273022751896
3873,533,561,0,0,0.002140181915462814
3874,855,621,0,1,0.829343365253078
3875,223,227,0,1,1.0
3876,752,798,0,1,0.6556776556776557
3877,590,442,0,0,0.1669266770670827
3878,563,140,0,0,0.14925373134328357
3879,652,170,0,0,0.0276273022751896
3880,981,208,0,1,0.829343365253078
3881,914,1,0,1,0.76
3882,704,683,0,0,0.002140181915462814
3883,927,389,0,0,0.004574565416285453
3884,526,427,0,0,0.25096525096525096
3885,38,108,1,1,0.829343365253078
3886,773,435,1,1,0.6756024096385542
3887,399,479,0,1,0.8888888888888888
3888,807,149,0,1,0.7243532560214094
3889,906,231,0,0,0.35135135135135137
3890,257,5,0,0,0.1130952380952381
3891,470,581,0,1,0.6756024096385542
3892,976,757,0,0,0.0
3893,204,980,0,1,0.5826771653543307
3894,380,806,0,0,0.0276273022751896
3895,94,949,0,1,0.6958333333333333
3896,873,829,0,1,0.829343365253078
3897,896,445,0,1,0.6556776556776557
3898,19,23,0,1,0.6756024096385542
3899,241,959,1,1,0.6438356164383562
3900,772,627,0,0,0.038461538461538464
3901,673,740,0,0,0.002140181915462814
3902,270,947,1,0,0.25
3903,848,911,0,0,0.0276273022751896
3904,605,938,1,1,0.6756024096385542
3905,950,603,0,1,0.5826771653543307
3906,194,209,0,0,0.4
3907,507,980,0,1,0.829343365253078
3908,282,647,1,1,0.6756024096385542
3909,315,636,0,0,0.0276273022751896
3910,618,513,0,0,0.0
3911,554,465,0,0,0.0276273022751896
3912,841,135,0,0,0.04960835509138381
3913,184,769,1,1,0.829343365253078
3914,982,100,0,1,0.6958333333333333
3915,770,547,0,1,0.7243532560214094
3916,249,960,1,1,0.6438356164383562
3917,725,479,0,1,0.8534653465346534
3918,78,37,1,1,0.9180327868852459
3919,159,488,0,0,0.0276273022751896
3920,967,691,0,1,0.6756024096385542
3921,708,64,0,1,0.829343365253078
3922,618,362,0,0,0.1130952380952381
3923,870,354,0,0,0.002140181915462814
3924,380,981,0,1,0.6756024096385542
3925,338,904,0,0,0.002140181915462814
3926,186,676,0,0,0.1130952380952381
3927,907,147,0,1,0.9024390243902439
3928,237,326,1,0,0.015503875968992248
3929,257,662,0,0,0.0
3930,262,683,0,1,0.6958333333333333
3931,770,216,0,0,0.04186046511627907
3932,983,719,1,1,0.5826771653543307
3933,84,307,0,1,0.6556776556776557
3934,451,214,0,1,0.829343365253078
3935,6,678,0,0,0.16666666666666666
3936,352,402,0,0,0.02666666666666667
3937,75,982,1,0,0.3926940639269406
3938,643,945,0,1,0.6756024096385542
3939,402,38,0,0,0.015503875968992248
3940,597,840,0,0,0.48058252427184467
3941,450,627,0,0,0.038461538461538464
3942,937,958,0,0,0.17391304347826086
3943,677,736,0,0,0.17391304347826086
3944,698,191,0,0,0.1130952380952381
3945,630,409,0,0,0.0
3946,650,723,0,0,0.2857142857142857
3947,619,543,0,1,0.829343365253078
3948,871,93,0,0,0.1276595744680851
3949,581,602,0,1,0.9217391304347826
3950,408,923,0,0,0.002140181915462814
3951,32,464,0,0,0.0276273022751896
3952,38,707,0,0,0.004574565416285453
3953,975,279,0,0,0.0
3954,511,80,0,0,0.04960835509138381
3955,408,859,0,0,0.004574565416285453
3956,864,778,0,1,0.6756024096385542
3957,390,928,0,0,0.0967741935483871
3958,942,850,0,0,0.002140181915462814
3959,504,58,0,0,0.002140181915462814
3960,819,141,0,1,0.7741935483870968
3961,846,68,0,0,0.04186046511627907
3962,984,724,0,0,0.1276595744680851
3963,218,369,1,1,0.829343365253078
3964,955,810,0,1,0.6958333333333333
3965,863,128,0,0,0.0276273022751896
3966,876,705,0,1,0.7243532560214094
3967,88,730,0,0,0.0967741935483871
3968,713,7,0,0,0.48717948717948717
3969,254,622,0,1,0.6958333333333333
3970,55,290,0,0,0.06451612903225806
3971,138,648,0,1,0.6958333333333333
3972,279,946,0,0,0.004574565416285453
3973,912,869,0,0,0.0
3974,510,96,0,0,0.004574565416285453
3975,263,23,0,0,0.004574565416285453
3976,512,579,0,0,0.0
3977,445,196,0,1,0.6756024096385542
3978,265,808,0,0,0.002140181915462814
3979,675,253,0,0,0.015503875968992248
3980,509,410,1,1,0.829343365253078
3981,618,365,0,1,0.829343365253078
3982,64,274,0,0,0.42028985507246375
3983,364,823,0,0,0.004574565416285453
3984,250,892,0,0,0.0875
3985,573,823,0,0,0.02631578947368421
3986,168,518,0,1,0.829343365253078
3987,985,922,0,0,0.0276273022751896
3988,649,715,0,0,0.0
3989,970,873,1,1,0.7
3990,422,905,0,1,0.829343365253078
3991,824,934,0,0,0.1669266770670827
3992,443,713,0,0,0.015503875968992248
3993,214,97,0,0,0.25
3994,442,388,0,1,0.829343365253078
3995,143,397,0,0,0.25096525096525096
3996,610,434,0,0,0.004574565416285453
3997,856,265,0,1,0.6756024096385542
3998,344,352,0,0,0.0
3999,46,239,0,1,0.7243532560214094
4000,338,463,0,0,0.08333333333333333
4001,103,747,0,0,0.46875
4002,986,306,0,0,0.04186046511627907
4003,418,27,1,1,0.5489130434782609
4004,789,236,0,0,0.15
4005,641,298,0,0,0.0
4006,399,569,0,0,0.002140181915462814
4007,665,133,0,0,0.48717948717948717
4008,833,968,0,0,0.0
4009,816,513,0,0,0.0276273022751896
4010,486,117,0,0,0.002140181915462814
4011,649,48,0,0,0.42028985507246375
4012,78,337,0,0,0.002140181915462814
4013,731,193,0,0,0.0
4014,517,967,0,1,0.6958333333333333
4015,898,459,0,0,0.0
4016,371,478,0,0,0.06451612903225806
4017,292,647,0,1,0.829343365253078
4018,203,853,0,0,0.0
4019,820,241,0,0,0.0
4020,470,763,0,1,0.5069444444444444
4021,89,88,0,0,0.46153846153846156
4022,285,82,0,0,0.0
4023,107,90,0,1,1.0
4024,164,224,0,0,0.002140181915462814
4025,852,670,0,0,0.0276273022751896
4026,462,749,0,1,0.6756024096385542
4027,586,905,0,0,0.3926940639269406
4028,154,599,0,0,0.0276273022751896
4029,630,593,0,0,0.002140181915462814
4030,77,159,0,0,0.002140181915462814
4031,469,656,0,0,0.04960835509138381
4032,145,884,0,0,0.0
4033,598,582,0,0,0.04960835509138381
4034,376,267,0,1,0.6958333333333333
4035,814,96,0,0,0.0276273022751896
4036,86,554,0,0,0.004574565416285453
4037,893,482,1,1,0.829343365253078
4038,507,932,0,1,0.5826771653543307
4039,213,983,0,1,0.6958333333333333
4040,396,183,0,1,0.829343365253078
4041,734,930,0,1,0.9833333333333333
4042,32,870,0,0,0.25
4043,851,105,0,1,0.6692913385826772
4044,507,789,0,1,0.5826771653543307
4045,987,817,0,1,0.6958333333333333
4046,880,854,0,0,0.002140181915462814
4047,393,333,0,0,0.002140181915462814
4048,250,887,0,0,0.16666666666666666
4049,509,102,0,1,0.9180327868852459
4050,641,951,0,0,0.3926940639269406
4051,365,285,0,0,0.42028985507246375
4052,64,168,0,0,0.0276273022751896
4053,489,487,1,1,0.6958333333333333
4054,773,40,0,0,0.0
4055,971,52,0,0,0.48717948717948717
4056,255,957,0,0,0.002140181915462814
4057,909,457,1,1,0.5826771653543307
4058,656,799,0,0,0.0
4059,666,462,0,0,0.004574565416285453
4060,26,930,0,0,0.0276273022751896
4061,917,404,0,0,0.015503875968992248
4062,128,919,0,0,0.0276273022751896
4063,194,602,0,0,0.002140181915462814
4064,250,1,0,0,0.16666666666666666
4065,231,503,0,0,0.0276273022751896
4066,142,151,0,0,0.002140181915462814
4067,944,527,0,1,0.829343365253078
4068,988,958,1,0,0.047619047619047616
4069,642,159,0,0,0.004574565416285453
4070,668,903,0,0,0.0875
4071,392,559,0,0,0.0875
4072,546,854,0,0,0.004574565416285453
4073,695,683,0,0,0.002140181915462814
4074,414,263,0,0,0.25096525096525096
4075,667,805,0,0,0.0
4076,54,407,0,1,0.7
4077,647,664,0,0,0.1669266770670827
4078,920,757,1,0,0.25
4079,727,6,0,0,0.002140181915462814
4080,772,796,0,1,0.6756024096385542
4081,503,178,1,1,0.6958333333333333
4082,633,28,0,0,0.05263157894736842
4083,781,417,0,1,0.6958333333333333
4084,442,103,0,0,0.3926940639269406
4085,970,408,0,0,0.004574565416285453
4086,300,306,0,1,0.6756024096385542
4087,496,594,0,0,0.0276273022751896
4088,99,801,0,0,0.0276273022751896
4089,34,918,0,0,0.0276273022751896
4090,127,537,0,1,0.6756024096385542
4091,981,571,0,0,0.0276273022751896
4092,276,211,0,1,0.6756024096385542
4093,163,28,0,1,0.7243532560214094
4094,659,353,0,1,0.5069444444444444
4095,970,46,0,0,0.0276273022751896
4096,504,197,0,0,0.21739130434782608
4097,158,68,0,0,0.03896103896103896
4098,371,667,0,0,0.002140181915462814
4099,374,169,0,0,0.0
4100,649,962,0,0,0.06451612903225806
4101,98,978,0,0,0.0
4102,657,263,0,0,0.14925373134328357
4103,795,885,1,1,0.829343365253078
4104,859,570,0,1,0.6958333333333333
4105,209,637,0,0,0.1669266770670827
4106,953,487,0,0,0.0276273022751896
4107,965,961,0,0,0.04960835509138381
4108,984,554,0,0,0.25842696629213485
4109,235,984,0,0,0.043478260869565216
4110,677,634,0,0,0.4
4111,152,624,0,0,0.3926940639269406
4112,949,68,0,0,0.0
4113,0,625,0,1,0.7441860465116279
4114,84,520,0,1,0.7243532560214094
4115,684,565,0,0,0.002140181915462814
4116,262,863,0,1,0.829343365253078
4117,900,282,0,1,0.5826771653543307
4118,550,118,0,1,0.6958333333333333
4119,882,975,1,0,0.002140181915462814
4120,306,982,0,0,0.004574565416285453
4121,816,970,0,0,0.004574565416285453
4122,568,265,1,1,0.5069444444444444
4123,633,44,0,0,0.0276273022751896
4124,281,734,1,1,0.6438356164383562
4125,824,985,0,0,0.004574565416285453
4126,556,337,0,0,0.06451612903225806
4127,452,352,0,0,0.043478260869565216
4128,799,426,0,0,0.015503875968992248
4129,183,700,0,1,0.7243532560214094
4130,242,451,0,0,0.06451612903225806
4131,560,600,0,0,0.0276273022751896
4132,519,318,1,1,0.8297297297297297
4133,337,533,0,0,0.06451612903225806
4134,156,99,0,0,0.0
4135,155,828,0,1,0.829343365253078
4136,934,403,0,0,0.04960835509138381
4137,785,233,0,1,0.6958333333333333
4138,356,386,0,0,0.1669266770670827
4139,753,438,0,0,0.0276273022751896
4140,181,491,0,0,0.0
4141,31,48,0,0,0.0276273022751896
4142,739,730,0,0,0.004574565416285453
4143,521,636,0,0,0.5
4144,748,349,0,1,0.829343365253078
4145,280,731,0,0,0.002140181915462814
4146,27,956,0,1,1.0
4147,385,146,0,0,0.05263157894736842
4148,68,351,0,0,0.004574565416285453
4149,612,50,0,1,1.0
4150,268,869,0,0,0.004574565416285453
4151,466,538,0,0,0.25
4152,151,544,0,0,0.42028985507246375
4153,660,515,0,0,0.0276273022751896
4154,929,24,0,1,0.9180327868852459
4155,241,849,0,0,0.0
4156,215,706,0,0,0.46875
4157,892,89,0,0,0.004574565416285453
4158,403,150,0,0,0.0
4159,832,964,0,0,0.0276273022751896
4160,684,47,0,0,0.04186046511627907
4161,138,863,0,1,0.6958333333333333
4162,46,958,0,1,0.8666666666666667
4163,567,661,0,1,0.829343365253078
4164,83,183,0,1,0.6958333333333333
4165,431,569,0,0,0.15384615384615385
4166,456,549,0,0,0.0276273022751896
4167,244,114,0,0,0.0276273022751896
4168,703,337,0,0,0.1669266770670827
4169,499,936,0,0,0.4166666666666667
4170,788,105,0,1,1.0
4171,461,795,0,0,0.002140181915462814
4172,385,896,0,0,0.0875
4173,137,654,0,0,0.0276273022751896
4174,266,423,0,0,0.0276273022751896
4175,795,582,0,0,0.002140181915462814
4176,277,724,0,0,0.0875
4177,398,76,0,1,0.6
4178,226,662,0,0,0.0
4179,297,458,0,0,0.0276273022751896
4180,856,191,0,1,0.5069444444444444
4181,146,675,0,0,0.0276273022751896
4182,495,773,0,1,0.75
4183,130,492,0,0,0.12962962962962962
4184,232,311,0,0,0.1130952380952381
4185,331,145,0,1,0.6756024096385542
4186,690,514,0,0,0.004574565416285453
4187,519,809,0,0,0.004574565416285453
4188,905,923,0,0,0.06451612903225806
4189,518,203,0,0,0.0276273022751896
4190,145,984,0,1,0.8888888888888888
4191,64,132,0,0,0.0
4192,704,493,0,1,0.829343365253078
4193,676,245,0,0,0.1276595744680851
4194,920,703,0,0,0.0276273022751896
4195,989,935,0,1,0.7419354838709677
4196,730,369,0,1,0.6756024096385542
4197,17,969,0,1,0.85
4198,918,659,0,0,0.0276273022751896
4199,642,396,1,1,0.829343365253078
4200,46,306,0,0,0.0276273022751896
4201,416,877,0,1,0.7243532560214094
4202,353,319,0,1,0.7243532560214094
4203,178,115,0,0,0.004574565416285453
4204,148,334,0,0,0.0
4205,560,521,0,0,0.015503875968992248
4206,231,760,0,0,0.004574565416285453
4207,670,698,0,0,0.0276273022751896
4208,553,472,0,0,0.42028985507246375
4209,695,655,0,0,0.002140181915462814
4210,126,591,0,0,0.42028985507246375
4211,371,74,0,0,0.04960835509138381
4212,804,583,0,0,0.002140181915462814
4213,668,717,0,0,0.0875
4214,500,536,0,0,0.04960835509138381
4215,790,466,1,1,1.0
4216,990,679,0,0,0.04960835509138381
4217,916,350,0,0,0.1130952380952381
4218,689,596,0,1,0.829343365253078
4219,133,223,0,1,0.5826771653543307
4220,991,303,0,0,0.002140181915462814
4221,46,366,0,1,0.7243532560214094
4222,483,738,0,1,0.6958333333333333
4223,609,239,0,0,0.015503875968992248
4224,234,658,1,1,0.829343365253078
4225,239,155,0,1,0.6958333333333333
4226,32,869,0,0,0.004574565416285453
4227,590,853,0,0,0.04186046511627907
4228,180,714,0,0,0.0
4229,38,45,0,0,0.1130952380952381
4230,972,472,0,0,0.004574565416285453
4231,659,807,0,1,0.6958333333333333
4232,158,690,0,0,0.0
4233,536,248,0,0,0.004574565416285453
4234,586,819,0,0,0.04960835509138381
4235,133,95,0,0,0.004574565416285453
4236,973,470,0,0,0.0276273022751896
4237,199,128,0,0,0.015503875968992248
4238,387,809,0,0,0.0276273022751896
4239,980,710,0,0,0.004574565416285453
4240,837,724,0,0,0.1276595744680851
4241,417,479,0,0,0.015503875968992248
4242,857,167,0,0,0.0276273022751896
4243,838,976,0,0,0.48717948717948717
4244,283,153,0,0,0.06451612903225806
4245,173,608,0,0,0.015503875968992248
4246,25,891,0,0,0.0276273022751896
4247,251,79,0,0,0.06451612903225806
4248,815,109,0,0,0.4
4249,864,155,0,1,0.7243532560214094
4250,580,697,0,0,0.002140181915462814
4251,229,617,0,1,0.8534653465346534
4252,984,406,0,0,0.0276273022751896
4253,660,429,0,0,0.2571428571428571
4254,992,449,0,1,0.6556776556776557
4255,303,246,0,0,0.002140181915462814
4256,360,363,0,0,0.0
4257,883,643,0,1,0.7243532560214094
4258,548,515,0,0,0.0
4259,954,507,0,0,0.004574565416285453
4260,927,104,0,0,0.004574565416285453
4261,123,809,0,0,0.0276273022751896
4262,68,792,0,0,0.0276273022751896
4263,254,144,0,0,0.002140181915462814
4264,616,613,0,1,0.6438356164383562
4265,488,521,0,0,0.0
4266,595,416,0,1,0.829343365253078
4267,707,927,1,1,0.829343365253078
4268,269,32,0,0,0.002140181915462814
4269,824,765,0,0,0.004574565416285453
4270,312,489,0,1,0.76
4271,55,225,0,0,0.0276273022751896
4272,510,420,1,1,0.6438356164383562
4273,623,910,0,0,0.002140181915462814
4274,153,134,0,0,0.043478260869565216
4275,428,76,0,1,0.8205128205128205
4276,627,171,0,0,0.002140181915462814
4277,597,821,0,0,0.0276273022751896
4278,14,147,0,1,0.9024390243902439
4279,959,845,0,0,0.0
4280,857,932,1,1,0.5826771653543307
4281,507,9,0,0,0.015503875968992248
4282,631,550,0,0,0.002140181915462814
4283,362,373,0,0,0.0276273022751896
4284,192,965,0,1,0.7243532560214094
4285,993,867,0,1,0.6958333333333333
4286,588,929,0,0,0.002140181915462814
4287,941,170,0,0,0.14925373134328357
4288,615,240,0,0,0.04960835509138381
4289,203,175,0,0,0.1669266770670827
4290,688,384,0,1,0.829343365253078
4291,894,429,0,1,0.9024390243902439
4292,891,661,0,1,0.5489130434782609
4293,344,155,0,1,0.7243532560214094
4294,737,31,0,1,0.829343365253078
4295,358,949,0,0,0.04960835509138381
4296,743,393,0,0,0.0276273022751896
4297,681,403,0,1,0.6756024096385542
4298,290,986,0,1,0.5826771653543307
4299,950,231,1,1,0.5826771653543307
4300,985,114,0,0,0.5
4301,693,150,0,0,0.0276273022751896
4302,142,951,0,0,0.002140181915462814
4303,654,414,0,0,0.0
4304,780,4,0,1,0.5826771653543307
4305,961,113,0,0,0.0276273022751896
4306,60,987,0,0,0.004574565416285453
4307,7,349,0,0,0.12962962962962962
4308,0,693,0,0,0.002140181915462814
4309,520,635,0,0,0.0276273022751896
4310,631,878,0,1,0.5069444444444444
4311,673,78,0,0,0.1130952380952381
4312,163,756,0,1,0.8260869565217391
4313,282,698,0,1,0.6756024096385542
4314,608,578,1,1,0.6958333333333333
4315,750,166,0,0,0.06451612903225806
4316,35,813,0,0,0.17391304347826086
4317,554,375,0,0,0.0276273022751896
4318,883,276,0,0,0.3926940639269406
4319,337,571,0,0,0.5
4320,72,567,0,0,0.04960835509138381
4321,279,416,0,1,0.829343365253078
4322,935,620,1,1,0.829343365253078
4323,804,140,0,0,0.0
4324,184,41,0,0,0.2
4325,947,133,0,1,0.6438356164383562
4326,966,141,0,0,0.0
4327,38,150,0,0,0.04960835509138381
4328,719,784,0,1,0.6756024096385542
4329,81,711,0,1,0.6958333333333333
4330,811,936,0,0,0.3448275862068966
4331,653,849,0,0,0.12962962962962962
4332,430,157,0,1,1.0
4333,719,352,0,1,0.829343365253078
4334,355,962,0,0,0.0276273022751896
4335,913,51,0,1,0.5069444444444444
4336,559,634,0,0,0.05555555555555555
4337,944,784,0,1,0.6958333333333333
4338,220,562,0,1,0.829343365253078
4339,789,468,0,0,0.0
4340,397,927,0,1,0.6666666666666666
4341,959,372,1,1,0.6958333333333333
4342,752,597,0,0,0.0
4343,434,365,0,0,0.0276273022751896
4344,994,681,0,0,0.0
4345,255,645,0,0,0.0
4346,595,562,1,1,0.829343365253078
4347,109,276,0,0,0.0276273022751896
4348,293,641,1,0,0.48717948717948717
4349,703,161,0,0,0.0875
4350,736,754,0,1,0.7419354838709677
4351,476,457,0,0,0.0276273022751896
4352,130,735,0,0,0.0
4353,579,897,0,0,0.002140181915462814
4354,741,809,0,0,0.04186046511627907
4355,646,627,0,1,0.5460122699386503
4356,504,862,0,0,0.42028985507246375
4357,787,758,0,0,0.2
4358,732,509,0,1,0.6
4359,570,408,0,0,0.04960835509138381
4360,901,682,0,0,0.04960835509138381
4361,918,30,0,0,0.0
4362,977,494,0,0,0.0
4363,3,749,0,0,0.25842696629213485
4364,396,811,0,1,0.6129032258064516
4365,960,932,1,1,0.829343365253078
4366,378,535,1,1,0.829343365253078
4367,885,784,0,1,0.6556776556776557
4368,31,212,0,0,0.0276273022751896
4369,803,942,0,0,0.0276273022751896
4370,841,509,0,0,0.002140181915462814
4371,5,506,0,0,0.2
4372,23,92,0,0,0.0276273022751896
4373,129,434,0,0,0.0276273022751896
4374,182,890,0,0,0.004574565416285453
4375,690,941,1,1,0.990909090909091
4376,321,880,0,1,0.723404255319149
4377,854,628,0,1,0.7243532560214094
4378,223,375,0,0,0.0276273022751896
4379,299,494,0,0,0.0
4380,680,854,1,1,0.8571428571428571
4381,484,174,0,0,0.2571428571428571
4382,8,809,0,0,0.1669266770670827
4383,891,406,0,0,0.002140181915462814
4384,240,584,1,1,0.7243532560214094
4385,606,949,0,0,0.002140181915462814
4386,344,962,0,0,0.0
4387,212,114,0,1,0.88
4388,121,687,0,0,0.0276273022751896
4389,330,64,0,0,0.04960835509138381
4390,55,891,0,1,1.0
4391,118,970,0,0,0.0276273022751896
4392,302,172,0,0,0.4195804195804196
4393,141,230,0,0,0.1669266770670827
4394,812,406,0,0,0.002140181915462814
4395,209,446,0,1,0.6958333333333333
4396,28,73,0,1,1.0
4397,194,900,0,0,0.004574565416285453
4398,336,235,0,0,0.0
4399,36,456,0,0,0.04960835509138381
4400,875,156,0,1,0.7243532560214094
4401,344,439,0,1,0.6556776556776557
4402,332,586,0,0,0.04186046511627907
4403,477,259,0,0,0.0276273022751896
4404,105,932,0,0,0.3926940639269406
4405,724,611,0,0,0.0276273022751896
4406,142,634,0,0,0.0276273022751896
4407,244,557,0,0,0.0
4408,511,956,0,1,0.5069444444444444
4409,708,62,0,0,0.002140181915462814
4410,585,62,0,0,0.0276273022751896
4411,369,496,0,0,0.043478260869565216
4412,363,103,1,1,0.829343365253078
4413,284,862,0,0,0.13114754098360656
4414,689,456,0,0,0.42028985507246375
4415,273,22,0,0,0.0276273022751896
4416,609,920,0,1,1.0
4417,261,164,0,0,0.004574565416285453
4418,765,118,0,0,0.0276273022751896
4419,57,492,0,1,0.6958333333333333
4420,952,400,0,0,0.21739130434782608
4421,896,931,0,0,0.0
4422,195,438,1,1,0.829343365253078
4423,42,977,0,0,0.0276273022751896
4424,179,632,1,1,0.829343365253078
4425,788,940,1,1,1.0
4426,531,637,0,1,0.6958333333333333
4427,202,348,0,0,0.04960835509138381
4428,416,863,0,1,0.7243532560214094
4429,649,180,0,0,0.004574565416285453
4430,65,182,0,1,0.5263157894736842
4431,416,968,0,1,0.7243532560214094
4432,681,647,0,1,0.6756024096385542
4433,613,34,0,0,0.002140181915462814
4434,456,325,0,0,0.0
4435,12,328,0,0,0.002140181915462814
4436,875,55,0,0,0.002140181915462814
4437,679,540,0,0,0.002140181915462814
4438,553,647,0,1,0.6756024096385542
4439,192,847,0,1,1.0
4440,245,578,0,0,0.3333333333333333
4441,23,64,0,0,0.0276273022751896
4442,333,836,0,0,0.04960835509138381
4443,610,131,0,1,1.0
4444,294,691,0,0,0.3103448275862069
4445,271,108,0,0,0.0276273022751896
4446,114,988,0,0,0.0
4447,535,71,0,1,0.6958333333333333
4448,783,498,0,1,0.6958333333333333
4449,175,748,0,1,0.6958333333333333
4450,609,19,0,0,0.0
4451,4,144,0,0,0.0276273022751896
4452,87,640,0,0,0.004574565416285453
4453,347,631,0,0,0.0
4454,226,3,0,0,0.5
4455,164,318,0,0,0.0276273022751896
4456,826,313,0,0,0.29545454545454547
4457,700,9,0,0,0.02631578947368421
4458,277,685,0,0,0.002140181915462814
4459,172,820,0,1,0.8534653465346534
4460,192,584,0,1,1.0
4461,492,783,0,0,0.0
4462,136,197,0,0,0.0276273022751896
4463,692,497,0,0,0.0276273022751896
4464,973,490,0,0,0.06451612903225806
4465,873,785,0,0,0.0276273022751896
4466,876,548,0,0,0.0276273022751896
4467,908,184,0,1,0.6756024096385542
4468,617,19,0,0,0.0
4469,808,846,0,0,0.02631578947368421
