pair_id,ltable_mag_id,rtable_mag_id,true_label,pred_label,confidence
0,0,0,0,1,0.9379668
1,1,1,0,0,0.12401141
2,2,2,0,0,0.01658848
3,3,3,0,0,0.011516414
4,4,4,0,0,0.0011060475
5,5,5,0,0,0.0015215563
6,6,6,0,0,0.12109465
7,7,7,0,0,0.0021240786
8,8,8,0,0,0.024198657
9,9,9,0,0,0.4336384
10,10,10,0,0,0.0006449912
11,11,11,0,0,0.00064982113
12,12,12,0,1,0.8306642
13,13,13,0,0,0.0018586676
14,14,14,0,0,0.0069810324
15,15,15,0,1,0.93242216
16,16,16,0,1,0.6019346
17,17,17,0,0,0.11782658
18,18,18,0,1,0.58785367
19,19,19,0,0,0.0051089404
20,20,20,0,0,0.009145052
21,21,21,0,0,0.34474888
22,22,22,1,1,0.98432213
23,23,23,0,0,0.0047249617
24,24,24,0,0,0.0023536773
25,13,25,0,0,0.20792371
26,25,26,0,0,0.0017726743
27,26,27,0,1,0.91646385
28,27,28,0,1,0.5356724
29,28,29,0,0,0.027653417
30,29,0,0,0,0.001918
31,30,30,0,0,0.0037518993
32,31,31,0,0,0.018193077
33,32,32,0,0,0.01445387
34,33,33,1,1,0.9274638
35,34,34,0,0,0.006824753
36,18,35,0,0,0.0011156634
37,35,36,0,0,0.0009684635
38,36,37,0,0,0.37211567
39,37,38,0,0,0.0037768793
40,38,39,0,0,0.010110816
41,39,40,0,0,0.0011019795
42,40,41,0,0,0.0014150309
43,41,42,0,0,0.0010289595
44,42,43,0,0,0.00077923655
45,43,35,0,1,0.9190217
46,44,44,0,0,0.011596454
47,21,45,0,0,0.0028216655
48,45,46,0,0,0.0011089161
49,46,47,0,0,0.09136785
50,47,48,0,1,0.84468824
51,48,49,0,0,0.0028844213
52,49,50,0,0,0.0017189082
53,50,51,0,0,0.00056752394
54,9,52,1,1,0.95230675
55,51,30,0,0,0.0013413478
56,52,53,0,0,0.016593644
57,53,9,0,0,0.48110244
58,54,42,0,1,0.8882218
59,55,54,0,1,0.88241845
60,56,55,0,1,0.7876276
61,57,56,0,1,0.9578803
62,58,57,0,0,0.004457736
63,59,58,0,0,0.46430287
64,60,59,0,0,0.0039777746
65,61,60,0,0,0.20696513
66,62,61,0,1,0.9818351
67,63,62,0,0,0.09408325
68,64,63,0,0,0.0022967556
69,65,64,0,0,0.002581986
70,66,65,0,0,0.0018302588
71,42,66,0,0,0.0007518242
72,67,67,0,0,0.031238072
73,68,68,0,0,0.0023560838
74,69,69,0,0,0.0010263802
75,70,70,0,0,0.007032626
76,71,71,0,0,0.024835808
77,72,72,0,0,0.00199063
78,73,73,0,0,0.0073168497
79,74,74,0,0,0.0005568988
80,75,75,0,0,0.004920799
81,28,76,0,0,0.019228391
82,76,77,0,0,0.004871595
83,77,78,0,0,0.29982096
84,78,79,1,1,0.5527597
85,77,80,0,1,0.92222595
86,79,81,0,0,0.12128451
87,80,4,0,0,0.005007442
88,81,82,0,0,0.00045629896
89,82,44,1,1,0.90636134
90,83,83,0,0,0.0035251481
91,84,84,0,0,0.1250241
92,85,85,0,0,0.045508105
93,86,86,0,0,0.00082765945
94,87,87,0,0,0.0009862046
95,88,2,0,0,0.0022008596
96,89,88,0,0,0.00634125
97,90,89,0,0,0.00077554915
98,91,90,0,1,0.96837986
99,92,91,1,1,0.928744
100,71,92,0,0,0.009523039
101,93,93,0,0,0.0017709731
102,94,94,0,0,0.0046128877
103,95,95,0,0,0.034204166
104,96,96,0,0,0.00068006775
105,97,97,0,1,0.94357944
106,98,98,1,1,0.71886957
107,99,99,0,0,0.000737709
108,100,100,0,0,0.0049128784
109,46,101,0,1,0.87290317
110,101,102,1,0,0.39329115
111,89,103,0,0,0.002434324
112,102,104,0,0,0.0013348515
113,103,105,0,0,0.0017294653
114,104,106,0,1,0.57219404
115,105,105,0,0,0.25040093
116,106,107,0,0,0.0388563
117,107,108,0,0,0.43453074
118,108,109,0,0,0.0019491527
119,109,77,0,0,0.00049412
120,110,110,0,1,0.72725683
121,111,111,0,0,0.26418614
122,112,112,0,0,0.003993067
123,113,113,0,0,0.01324899
124,114,114,0,0,0.0007292812
125,88,115,0,0,0.006369519
126,115,116,0,0,0.0085556405
127,116,117,0,0,0.4666928
128,117,118,0,0,0.008732142
129,118,109,0,0,0.0017088855
130,119,119,0,0,0.001515663
131,35,51,0,0,0.41149965
132,120,120,0,0,0.005295288
133,121,121,1,1,0.97137994
134,122,122,0,0,0.04511607
135,123,123,0,0,0.0015868602
136,124,38,0,0,0.001534167
137,125,124,0,0,0.00093873387
138,22,125,0,0,0.002547131
139,126,126,0,0,0.035500403
140,127,127,0,0,0.28750208
141,128,27,0,0,0.014532008
142,129,128,0,1,0.9384444
143,130,129,0,0,0.0030981044
144,131,130,0,0,0.13634513
145,132,131,0,0,0.0012951061
146,133,132,0,0,0.001145725
147,134,133,0,0,0.001885541
148,135,134,0,0,0.0030224535
149,29,135,0,0,0.008808623
150,136,136,0,0,0.0025643322
151,137,137,0,0,0.0034189376
152,138,138,0,0,0.009373943
153,14,139,0,1,0.9103001
154,139,140,0,0,0.0016018198
155,15,141,0,0,0.0019415156
156,140,49,0,0,0.0020958798
157,141,142,0,0,0.0013384337
158,142,60,1,1,0.92479515
159,143,143,1,1,0.96776956
160,144,144,0,0,0.0015060412
161,145,145,0,0,0.00055554823
162,146,146,0,0,0.06869158
163,46,147,0,0,0.26125246
164,147,148,0,0,0.007862942
165,148,149,0,0,0.0040493137
166,149,150,0,0,0.27576202
167,150,151,0,0,0.27104717
168,151,152,0,0,0.106167614
169,152,153,0,0,0.0020553283
170,153,154,0,0,0.0021087956
171,154,116,1,1,0.96091926
172,155,155,0,0,0.0015360679
173,156,156,0,0,0.059184518
174,157,157,0,0,0.0008724814
175,158,158,0,0,0.019577332
176,157,159,0,0,0.0031128149
177,159,160,0,0,0.008070576
178,160,161,1,1,0.9549041
179,161,162,0,0,0.14801577
180,18,163,0,0,0.00348964
181,162,164,0,0,0.000812295
182,69,165,0,0,0.002544765
183,163,166,0,0,0.0014660485
184,164,167,1,1,0.96486825
185,165,114,0,0,0.0016118699
186,166,168,0,1,0.5099632
187,167,169,0,0,0.12866154
188,168,170,0,0,0.07628969
189,169,171,0,0,0.0027216272
190,170,172,0,0,0.000919399
191,171,173,0,1,0.7026999
192,172,174,0,0,0.0008704396
193,173,175,0,0,0.050067168
194,174,176,1,1,0.8538049
195,175,177,0,1,0.69845176
196,176,10,0,0,0.0023400844
197,177,178,0,0,0.2013667
198,57,179,0,0,0.005351798
199,178,180,0,1,0.9479676
200,179,181,0,0,0.0008457139
201,180,182,0,0,0.00084631564
202,181,183,1,1,0.9917332
203,182,184,0,0,0.010991047
204,183,105,0,0,0.20049898
205,184,185,0,0,0.0012751191
206,185,186,0,1,0.58614725
207,186,187,0,0,0.0022052736
208,187,25,0,0,0.0012049893
209,188,188,0,0,0.0010279019
210,189,189,0,0,0.0013680181
211,190,190,0,1,0.9149143
212,191,191,0,0,0.019773658
213,192,192,0,0,0.0014384538
214,193,193,0,0,0.05145534
215,194,194,0,0,0.001430656
216,195,195,0,1,0.8635888
217,153,196,0,0,0.0100652315
218,196,197,0,0,0.0013122982
219,197,198,0,0,0.0009781907
220,198,199,0,0,0.001283633
221,199,200,0,0,0.0011426323
222,200,201,0,0,0.0031783083
223,201,202,0,0,0.08021246
224,120,203,0,0,0.005009673
225,202,204,0,0,0.00062472123
226,203,205,0,0,0.027745161
227,204,206,0,0,0.32500133
228,205,207,0,1,0.9764122
229,206,208,0,1,0.8959391
230,207,209,0,0,0.0010904736
231,208,210,0,0,0.0009952413
232,209,211,0,0,0.008075058
233,210,24,0,1,0.6217594
234,211,212,0,0,0.0037471184
235,212,213,0,0,0.002458614
236,213,214,0,0,0.0059555527
237,214,215,0,0,0.00094515557
238,215,216,0,0,0.0013013949
239,216,160,1,1,0.877008
240,217,140,0,0,0.14143434
241,210,217,0,0,0.1511404
242,55,218,0,0,0.00082245923
243,218,219,0,0,0.019718843
244,219,188,0,0,0.002351749
245,58,220,1,1,0.98471445
246,220,221,0,0,0.0019524195
247,128,222,0,1,0.92105806
248,221,223,0,0,0.0020339456
249,222,224,0,0,0.0065340344
250,223,225,0,1,0.9485991
251,31,82,0,0,0.002540205
252,10,226,0,0,0.00078979414
253,224,227,0,0,0.0023085328
254,225,228,0,0,0.016776403
255,226,229,0,0,0.0010627791
256,227,230,0,0,0.0018967973
257,228,175,0,0,0.00097105745
258,53,231,0,0,0.46466857
259,229,232,0,0,0.0005338218
260,230,233,0,0,0.004262853
261,231,234,0,0,0.0008105777
262,232,109,0,0,0.003855349
263,233,235,0,0,0.0852856
264,9,231,0,0,0.112421595
265,234,236,0,0,0.004120811
266,232,237,0,0,0.00085680885
267,235,238,0,1,0.66211665
268,236,239,0,0,0.00094987894
269,237,194,0,0,0.08651537
270,238,240,0,0,0.18497412
271,239,241,0,1,0.6150888
272,183,242,0,0,0.42169508
273,240,243,0,0,0.0010050688
274,241,244,1,1,0.6383662
275,242,219,0,0,0.27801892
276,243,220,0,1,0.9218013
277,244,245,0,1,0.6722995
278,149,246,1,1,0.9445631
279,245,53,0,0,0.0035887382
280,24,205,0,0,0.0016177001
281,32,247,0,0,0.28647465
282,246,248,0,0,0.02085911
283,247,249,0,0,0.0017696787
284,128,250,0,0,0.06194162
285,223,251,0,0,0.0017133598
286,6,252,0,1,0.91541773
287,59,108,0,0,0.09825714
288,248,253,0,0,0.0011988955
289,147,254,0,1,0.88302875
290,249,123,0,0,0.0017396491
291,250,38,0,0,0.0046134177
292,251,24,0,0,0.015172567
293,58,255,0,1,0.79654795
294,72,256,0,0,0.12678258
295,252,29,0,0,0.0011595666
296,142,257,0,0,0.00049987563
297,253,258,0,0,0.007889763
298,254,259,0,1,0.76434505
299,238,260,1,1,0.97326094
300,179,192,0,0,0.17790814
301,255,261,0,0,0.00089804246
302,256,63,1,1,0.92863005
303,257,170,0,0,0.0016251713
304,258,262,0,1,0.53594303
305,229,263,0,0,0.0027023854
306,259,264,0,0,0.0009675491
307,260,265,0,0,0.0021872313
308,261,266,0,1,0.8810669
309,262,267,0,0,0.002753585
310,254,156,0,0,0.005351661
311,263,268,0,0,0.07623052
312,264,238,0,1,0.9829229
313,265,269,1,1,0.96519333
314,163,270,0,0,0.019484337
315,266,271,0,0,0.00097599835
316,267,272,0,1,0.91752225
317,268,273,0,0,0.0032795505
318,269,274,0,0,0.010695549
319,270,275,0,1,0.7923702
320,271,276,0,0,0.08289886
321,231,277,0,1,0.9741828
322,272,278,0,0,0.00081492244
323,273,238,0,1,0.9736081
324,274,107,0,0,0.012256258
325,76,279,0,0,0.0020623137
326,275,280,0,0,0.014135146
327,44,268,0,0,0.0081652645
328,63,123,0,0,0.039413165
329,276,96,0,0,0.0043457933
330,277,220,0,0,0.12488653
331,278,207,0,0,0.0009397724
332,279,281,0,0,0.0027077417
333,42,282,0,1,0.88633007
334,280,171,0,0,0.28879517
335,107,134,0,0,0.0013826545
336,281,192,0,0,0.104157165
337,282,283,0,0,0.010267836
338,115,219,0,0,0.0024099983
339,283,284,0,0,0.0017648225
340,284,285,0,0,0.0014198803
341,285,286,1,1,0.8651024
342,286,287,0,1,0.6109796
343,66,288,0,0,0.028148388
344,287,289,0,0,0.0030171217
345,288,290,0,0,0.0011314221
346,289,291,0,0,0.0034542193
347,290,292,0,0,0.0013058281
348,291,293,0,0,0.05305684
349,212,294,0,1,0.9738442
350,292,295,0,0,0.000784684
351,293,296,0,0,0.0040981327
352,294,41,1,0,0.48983908
353,295,297,0,0,0.00042769013
354,99,197,0,0,0.024443327
355,88,298,1,1,0.888754
356,296,299,0,0,0.0039330097
357,90,272,0,1,0.7364167
358,297,300,0,1,0.5794918
359,298,301,0,0,0.00072240975
360,299,302,0,0,0.48531199
361,300,265,0,1,0.9481618
362,301,303,0,0,0.05453881
363,302,304,0,0,0.0018663815
364,303,305,0,0,0.11473163
365,304,306,0,0,0.0010934174
366,305,211,0,0,0.07368892
367,306,307,0,0,0.0026564382
368,211,99,0,0,0.059936665
369,307,308,0,0,0.0019620564
370,304,304,0,0,0.0008536153
371,308,309,0,1,0.9343121
372,309,310,0,0,0.000662163
373,310,311,0,1,0.84246063
374,311,312,0,0,0.2260568
375,203,313,1,1,0.9234815
376,312,135,0,0,0.002116514
377,313,314,0,0,0.00050371327
378,314,76,0,0,0.00083992275
379,107,315,1,1,0.6640853
380,315,194,0,0,0.0077740895
381,316,316,0,0,0.0016768632
382,317,317,0,0,0.015301885
383,318,238,0,1,0.86813813
384,168,318,0,0,0.05445607
385,319,319,0,0,0.4632014
386,320,320,1,1,0.98208654
387,97,321,0,1,0.9335582
388,321,322,0,0,0.006238267
389,322,323,0,0,0.0012376664
390,323,324,0,0,0.0007752174
391,324,325,0,0,0.00092506845
392,325,326,0,0,0.0018798618
393,326,327,0,0,0.004143069
394,76,328,1,1,0.8950397
395,327,329,0,0,0.036073387
396,237,330,0,0,0.0036143404
397,328,331,0,0,0.0005767203
398,18,265,0,1,0.93664086
399,62,332,0,0,0.0023087107
400,329,18,0,0,0.002451767
401,330,333,0,0,0.01260609
402,331,334,0,0,0.0009012007
403,332,335,0,0,0.0026455503
404,333,12,0,0,0.0018985205
405,334,188,0,0,0.0060444935
406,335,336,0,0,0.0008582008
407,219,114,1,1,0.9487609
408,336,322,0,0,0.0030089242
409,337,337,0,1,0.9713334
410,338,305,0,0,0.00083761255
411,69,338,0,0,0.002326228
412,339,339,0,0,0.0015649974
413,340,340,0,0,0.0056401165
414,341,229,0,0,0.0006394714
415,342,341,0,0,0.0019480407
416,343,342,0,1,0.8114028
417,344,343,0,0,0.008808619
418,345,213,0,0,0.0039710794
419,166,344,0,0,0.009733595
420,346,344,0,0,0.0034571027
421,347,345,0,0,0.0010738581
422,334,8,0,0,0.0006323306
423,54,346,0,0,0.002654127
424,348,347,0,0,0.048773076
425,349,309,0,0,0.008773645
426,284,228,0,1,0.91162586
427,350,348,0,0,0.017531194
428,351,349,0,0,0.0011939268
429,352,207,0,0,0.13947119
430,81,122,0,0,0.004351072
431,211,168,0,0,0.058585767
432,353,10,0,0,0.0020319663
433,354,350,1,1,0.856414
434,355,25,1,1,0.9116407
435,356,351,0,0,0.015238701
436,357,144,0,0,0.00086299004
437,358,352,0,0,0.06230882
438,359,231,0,0,0.0008839761
439,155,353,0,0,0.006532636
440,287,308,0,1,0.5053647
441,360,354,0,0,0.002269569
442,361,132,0,0,0.0012032384
443,362,355,0,0,0.10341231
444,363,356,0,0,0.0009781012
445,364,357,0,0,0.0097957095
446,55,196,0,0,0.08538045
447,126,358,0,0,0.0009475419
448,365,290,0,0,0.0012674574
449,366,176,0,0,0.049075004
450,367,359,0,0,0.06481679
451,318,360,0,1,0.72555137
452,368,106,0,1,0.82371765
453,16,361,0,0,0.0040774215
454,369,362,0,0,0.36526355
455,370,363,0,1,0.62615937
456,371,364,1,1,0.93455464
457,293,365,0,0,0.004198622
458,295,62,0,0,0.010946177
459,372,366,0,0,0.0113634495
460,373,36,1,0,0.34149152
461,374,367,0,0,0.0019175768
462,98,368,0,0,0.000597535
463,275,369,0,0,0.007887748
464,109,153,0,0,0.0011007546
465,375,370,0,0,0.0023721533
466,319,42,0,0,0.007189236
467,376,371,0,1,0.71130735
468,249,322,0,0,0.0020183828
469,377,355,0,0,0.0040089395
470,378,372,0,0,0.0008821237
471,169,201,0,0,0.015913073
472,379,129,0,0,0.005609076
473,380,321,0,0,0.18576607
474,381,373,0,0,0.24408165
475,382,374,1,1,0.6398714
476,383,375,0,0,0.00067133544
477,177,207,0,1,0.80800575
478,384,376,0,1,0.92682254
479,385,113,0,0,0.013716062
480,386,377,0,0,0.002403787
481,384,302,0,1,0.5985689
482,387,378,0,0,0.0010320678
483,388,365,0,0,0.0007452974
484,264,379,0,0,0.0006015443
485,389,380,0,0,0.0065952176
486,242,381,0,0,0.0068803458
487,3,382,0,0,0.0010089346
488,84,383,0,0,0.0012167131
489,390,384,0,0,0.3747735
490,391,144,1,1,0.9448953
491,392,251,0,0,0.012616558
492,393,385,0,0,0.00069736486
493,24,148,0,0,0.0030127773
494,223,386,0,0,0.0017773786
495,149,384,0,1,0.71338856
496,24,387,1,0,0.17901012
497,238,388,0,1,0.6543876
498,394,7,0,0,0.009269927
499,395,173,0,0,0.0003810003
500,396,289,0,0,0.0008331866
501,397,389,0,0,0.0040720208
502,398,390,0,0,0.4574408
503,20,391,0,0,0.0014593668
504,399,226,0,0,0.0021918495
505,155,392,0,1,0.9006894
506,400,393,0,0,0.12011538
507,339,318,0,0,0.0051442776
508,151,194,0,0,0.0014854762
509,401,394,0,0,0.0043266513
510,402,246,0,1,0.9458795
511,242,395,0,0,0.0025906358
512,403,147,0,0,0.0038714227
513,404,396,0,1,0.928069
514,271,90,0,0,0.0008462197
515,405,228,0,0,0.0010926885
516,235,43,0,0,0.0014434776
517,406,263,0,0,0.025013378
518,47,397,0,1,0.9736699
519,312,398,0,1,0.9789491
520,407,399,0,0,0.008402593
521,236,400,0,0,0.0018284051
522,408,401,0,0,0.0021646318
523,409,402,0,0,0.0013014922
524,410,403,1,1,0.8225348
525,411,281,0,0,0.070760824
526,85,5,0,0,0.0020577016
527,58,342,0,1,0.6225978
528,412,126,0,0,0.004260921
529,413,404,0,1,0.9036454
530,69,175,0,0,0.005895407
531,414,405,0,0,0.0044448483
532,358,406,0,0,0.0031863705
533,57,407,1,1,0.94097745
534,278,408,0,0,0.0009681858
535,415,409,0,0,0.0051112333
536,46,259,0,0,0.0021462005
537,416,410,0,1,0.9701339
538,417,70,0,0,0.002468604
539,261,411,0,0,0.37673637
540,418,412,0,1,0.8686404
541,419,128,0,1,0.96130645
542,420,413,0,0,0.09073175
543,421,414,0,1,0.9446195
544,422,415,0,0,0.020770112
545,423,416,0,0,0.0012027514
546,154,417,0,0,0.011511844
547,25,418,0,0,0.0012257419
548,378,419,0,0,0.0015947539
549,424,420,0,0,0.0013576741
550,425,421,0,0,0.0053121573
551,37,422,0,0,0.030766588
552,426,299,0,0,0.014222018
553,427,197,0,0,0.00066341495
554,299,423,0,0,0.0014146907
555,162,265,0,0,0.0019553693
556,428,424,0,0,0.0012821687
557,253,242,0,0,0.41767362
558,429,425,0,0,0.12411046
559,296,426,0,0,0.0022561292
560,430,427,0,0,0.0018667679
561,142,428,0,0,0.0010901485
562,222,429,1,1,0.95811856
563,431,385,0,0,0.005495643
564,432,430,0,0,0.0009184845
565,215,431,0,0,0.0064475317
566,433,432,0,0,0.007245234
567,434,46,0,0,0.00064141577
568,435,433,0,1,0.54859465
569,279,176,0,1,0.9747015
570,48,434,0,0,0.001009372
571,354,177,0,0,0.0057792133
572,245,435,0,1,0.62927175
573,436,436,0,0,0.0011220616
574,437,395,0,0,0.0012283811
575,438,437,0,0,0.0061885254
576,439,195,0,0,0.0032958868
577,278,87,0,0,0.008839823
578,426,438,0,0,0.0069668796
579,95,337,0,1,0.64582145
580,440,439,0,0,0.0034308769
581,101,440,0,0,0.0033130192
582,123,441,0,0,0.0022033972
583,441,442,0,1,0.98041874
584,250,421,0,0,0.002057728
585,442,238,0,1,0.9696973
586,443,443,0,0,0.14958008
587,383,252,0,0,0.0006443725
588,444,444,0,0,0.0026894852
589,445,368,0,0,0.003310391
590,446,445,0,0,0.00090483815
591,136,446,0,0,0.004053616
592,447,230,0,0,0.0023230808
593,448,447,0,0,0.0010661078
594,449,448,0,1,0.923125
595,450,449,1,1,0.887453
596,451,336,0,0,0.0008442798
597,61,187,0,1,0.79582536
598,452,450,0,0,0.004594939
599,81,353,1,1,0.8940193
600,47,369,0,0,0.017078256
601,453,451,0,0,0.0011632595
602,454,452,0,0,0.15040846
603,455,311,0,1,0.91122913
604,245,453,0,0,0.0045327027
605,456,324,0,0,0.0024060912
606,95,454,0,0,0.17078914
607,457,133,0,0,0.0028538746
608,458,73,1,1,0.85524875
609,183,212,0,1,0.8888353
610,459,228,0,0,0.0011543153
611,460,455,0,0,0.04738198
612,461,456,0,0,0.0069449786
613,406,139,0,0,0.06118764
614,42,263,0,1,0.85214776
615,458,457,0,1,0.92580765
616,462,315,0,0,0.0012512607
617,261,247,0,0,0.0030854694
618,32,458,0,1,0.81852454
619,72,459,0,0,0.02795521
620,463,194,0,0,0.0029221505
621,159,394,0,0,0.0012988651
622,404,193,0,1,0.71252346
623,464,460,0,0,0.25105995
624,139,461,0,0,0.2959347
625,465,462,1,1,0.9594832
626,456,404,0,0,0.3211428
627,185,463,0,0,0.0016366746
628,338,464,0,0,0.0008364756
629,443,465,0,1,0.6554503
630,71,466,1,1,0.99436694
631,153,116,0,0,0.017824087
632,466,102,0,1,0.57671684
633,460,467,0,0,0.010549463
634,467,468,0,0,0.003841416
635,468,469,0,1,0.8750344
636,469,470,0,0,0.0019646997
637,220,471,0,0,0.011116828
638,90,472,0,0,0.014058432
639,155,386,0,0,0.12830661
640,470,473,0,1,0.69110155
641,471,474,1,0,0.30237162
642,472,475,0,1,0.55298454
643,473,476,0,0,0.0032253696
644,474,43,0,1,0.51266867
645,475,477,0,0,0.001962159
646,476,478,0,0,0.0065647312
647,477,188,0,0,0.015574067
648,478,479,0,0,0.0015743357
649,479,180,0,0,0.0025977262
650,389,480,0,0,0.018286124
651,480,402,0,1,0.968794
652,481,32,0,0,0.0035209232
653,482,330,0,1,0.7770173
654,483,481,0,0,0.0041002757
655,388,161,0,0,0.009728889
656,484,482,0,1,0.9492063
657,485,483,0,0,0.0016266839
658,133,456,0,0,0.01033291
659,296,481,0,0,0.015529221
660,436,235,0,0,0.0027748104
661,170,424,0,0,0.2941691
662,224,128,0,1,0.9022342
663,486,484,0,0,0.0005746287
664,487,485,0,0,0.0011639944
665,488,192,0,0,0.00208444
666,489,478,1,1,0.8734511
667,490,201,0,0,0.0018964678
668,491,486,0,0,0.0012505875
669,136,487,1,1,0.69453686
670,35,205,0,0,0.2857492
671,492,488,0,0,0.0038095433
672,113,489,0,0,0.0010067851
673,493,490,0,0,0.0047375583
674,494,491,0,0,0.0020297726
675,38,235,0,0,0.0011743669
676,495,492,0,0,0.0008483588
677,208,493,0,0,0.11815169
678,496,494,0,0,0.002293577
679,228,94,1,1,0.83275646
680,497,495,0,0,0.0008440554
681,498,496,0,0,0.27906522
682,499,197,0,0,0.007982411
683,500,497,0,0,0.008790835
684,501,105,0,0,0.0060233045
685,502,498,0,0,0.0012561005
686,497,110,1,1,0.9026167
687,503,499,1,1,0.53782153
688,504,91,0,0,0.0019116775
689,141,60,0,0,0.003510679
690,136,81,0,0,0.0020536936
691,505,500,0,1,0.98090416
692,335,501,0,0,0.0013614051
693,250,502,0,0,0.005575754
694,506,440,0,1,0.99074054
695,310,503,0,0,0.010774708
696,288,504,0,0,0.3755716
697,507,58,0,0,0.21253955
698,101,505,0,0,0.0045894003
699,508,7,0,0,0.012732661
700,200,506,0,1,0.9569913
701,164,507,0,0,0.005171233
702,509,508,0,0,0.026720794
703,510,509,0,1,0.98228896
704,255,510,0,0,0.0011243139
705,511,496,0,0,0.01378027
706,57,511,0,1,0.9614813
707,371,132,0,1,0.86813796
708,512,512,0,0,0.010681476
709,513,513,0,1,0.9111014
710,514,514,0,1,0.9688446
711,175,515,0,1,0.95556295
712,515,389,0,0,0.0025544588
713,288,516,0,0,0.16054142
714,39,517,0,0,0.0013058361
715,72,38,0,0,0.0031072681
716,135,118,0,0,0.0022289602
717,372,399,0,1,0.97777736
718,142,93,0,0,0.0017693865
719,107,518,0,0,0.051399294
720,309,94,0,0,0.0020384057
721,327,338,0,0,0.0017460819
722,324,519,0,0,0.24553026
723,516,520,0,0,0.0016199921
724,93,521,0,0,0.0015030146
725,347,109,0,0,0.0011816939
726,235,522,0,0,0.22092994
727,517,523,0,1,0.52158535
728,26,524,0,1,0.61250895
729,518,525,0,0,0.0007239304
730,519,429,0,0,0.0011215685
731,393,344,0,1,0.7252432
732,520,337,0,1,0.9756446
733,521,526,0,1,0.9048784
734,522,527,0,0,0.028666906
735,297,118,0,0,0.0004957131
736,523,528,1,1,0.7765647
737,524,409,0,0,0.21798979
738,525,217,0,0,0.0008304418
739,526,344,0,1,0.9707639
740,527,529,1,1,0.55874234
741,9,530,0,0,0.027583025
742,528,531,0,0,0.004434576
743,191,75,0,0,0.006893077
744,151,234,0,0,0.0012747821
745,54,532,0,0,0.28802314
746,30,417,0,0,0.0022113086
747,529,533,0,0,0.4441661
748,530,534,0,0,0.0013378998
749,531,535,0,0,0.0014887857
750,260,536,0,0,0.0007612159
751,380,537,0,0,0.18858373
752,174,538,0,0,0.0034199157
753,363,539,0,0,0.0009851983
754,433,478,0,0,0.38273093
755,459,320,0,0,0.0018414363
756,532,349,0,0,0.0012583314
757,533,540,0,0,0.004760486
758,534,541,0,0,0.001295831
759,152,542,0,1,0.6776868
760,286,543,0,0,0.0007008016
761,535,392,1,1,0.9311878
762,470,448,0,0,0.0025319613
763,401,341,0,0,0.0030367754
764,536,544,0,0,0.0014463037
765,537,545,0,0,0.0009317132
766,376,546,0,0,0.0006977544
767,414,547,0,1,0.927855
768,538,548,0,0,0.11609432
769,390,482,0,0,0.008686273
770,454,90,0,0,0.012652452
771,475,549,0,0,0.002533608
772,395,460,1,1,0.8470614
773,539,180,0,1,0.90751886
774,540,550,1,1,0.9260603
775,317,164,0,1,0.7511731
776,541,551,0,1,0.88475114
777,380,552,0,0,0.0008229629
778,312,29,0,0,0.1807229
779,542,25,0,0,0.0012065093
780,543,553,1,1,0.79321903
781,544,554,0,0,0.0059412606
782,545,555,0,0,0.002136704
783,302,556,0,0,0.0014016991
784,546,219,0,0,0.0016342666
785,357,552,0,0,0.0011717706
786,358,98,0,0,0.0009869307
787,422,557,1,1,0.97541183
788,547,419,0,0,0.0014151104
789,548,558,0,0,0.0015100699
790,549,288,0,0,0.009385002
791,31,559,1,1,0.9426986
792,550,502,0,0,0.0015331695
793,551,171,0,0,0.001988977
794,11,284,0,0,0.0008550248
795,552,117,0,0,0.016133182
796,553,498,1,1,0.7928989
797,148,266,0,0,0.0007924205
798,550,444,0,0,0.32404038
799,142,560,0,0,0.0016154136
800,554,555,1,1,0.9673431
801,555,365,0,0,0.0038873558
802,556,536,0,0,0.0100984825
803,253,496,0,1,0.9601816
804,557,216,0,0,0.10631755
805,558,234,0,0,0.0044799023
806,559,561,1,1,0.9577771
807,560,403,0,1,0.9214118
808,561,383,0,1,0.7934643
809,562,295,0,0,0.00096603343
810,517,361,0,0,0.003430564
811,563,562,0,0,0.0026796714
812,208,317,0,0,0.05924054
813,564,563,0,0,0.002848227
814,565,564,1,1,0.8094121
815,566,391,0,1,0.72055256
816,447,565,0,0,0.4136835
817,177,522,0,1,0.7347982
818,567,473,0,0,0.006986499
819,467,566,0,0,0.0076910094
820,568,567,0,0,0.0015691
821,569,568,0,0,0.0023839478
822,570,569,0,0,0.0013993877
823,571,458,0,1,0.79477084
824,259,482,0,1,0.94346005
825,572,570,0,0,0.0019857462
826,573,559,0,1,0.8496885
827,574,260,0,0,0.11485449
828,575,571,0,0,0.0007588765
829,576,572,0,0,0.0029332596
830,27,573,0,0,0.010755087
831,461,131,0,0,0.0014510232
832,370,79,0,0,0.012791748
833,313,574,1,1,0.9643234
834,577,286,0,0,0.067849904
835,578,265,1,1,0.958761
836,579,100,0,1,0.96502876
837,580,575,0,1,0.7756742
838,149,576,0,1,0.9295627
839,581,577,0,1,0.6812095
840,582,578,1,1,0.73324007
841,583,579,1,1,0.62687933
842,264,580,0,1,0.8925573
843,78,581,0,0,0.0022568442
844,584,269,0,0,0.39469033
845,178,582,0,0,0.014824203
846,585,269,0,0,0.0009967649
847,586,398,0,1,0.934235
848,255,583,1,1,0.91267484
849,331,584,0,0,0.0012945868
850,587,9,0,0,0.018549426
851,588,559,0,1,0.8561985
852,589,585,0,0,0.012096505
853,305,475,0,0,0.20903742
854,277,255,0,0,0.44691944
855,590,586,0,0,0.010712237
856,558,131,0,0,0.0025897746
857,591,587,0,0,0.016705848
858,446,272,0,0,0.00852325
859,311,588,0,0,0.14591025
860,558,508,0,0,0.006661342
861,592,589,0,0,0.03396296
862,313,39,0,0,0.002586846
863,593,590,0,0,0.19606073
864,131,155,0,0,0.0018147506
865,594,109,0,0,0.0016678545
866,507,327,0,0,0.0014031075
867,595,154,0,0,0.13644068
868,404,542,0,1,0.94226843
869,123,591,0,0,0.0034056925
870,233,592,0,0,0.044139
871,596,593,0,0,0.0021697918
872,597,65,0,0,0.00064670696
873,119,185,0,0,0.00093705294
874,381,117,0,0,0.0011065344
875,159,209,0,0,0.0033395835
876,474,78,0,0,0.002800674
877,598,517,0,1,0.59453636
878,599,594,0,0,0.16057122
879,600,179,0,1,0.72351694
880,462,254,0,0,0.011163714
881,483,595,1,1,0.64538646
882,601,596,0,0,0.0005952933
883,414,597,0,0,0.12134928
884,602,49,1,1,0.97492766
885,330,238,0,0,0.037289783
886,150,396,0,1,0.5546285
887,219,367,0,0,0.000984563
888,603,598,0,1,0.50594693
889,70,188,0,0,0.004908896
890,604,8,0,0,0.0020011151
891,365,599,0,0,0.45918342
892,605,213,0,0,0.00087647716
893,100,600,0,0,0.002732362
894,148,601,0,0,0.0034547641
895,606,368,0,0,0.0022169286
896,607,23,0,0,0.0020480421
897,608,40,0,0,0.002017967
898,263,602,0,0,0.004797728
899,325,339,0,0,0.001902983
900,274,603,0,0,0.008526744
901,15,604,1,0,0.34493607
902,609,150,0,0,0.0009976442
903,610,139,0,0,0.0079051405
904,532,65,0,0,0.00075205567
905,611,605,0,0,0.0010346875
906,612,172,0,0,0.0022612412
907,613,606,0,0,0.009994511
908,614,415,0,0,0.02416598
909,615,438,0,1,0.8021354
910,598,133,0,0,0.0010236698
911,301,454,0,0,0.0059509194
912,616,12,0,1,0.6499905
913,617,607,0,0,0.001777469
914,69,571,0,0,0.0023246706
915,267,482,0,1,0.93407416
916,434,608,0,0,0.00055336143
917,351,609,0,0,0.016529309
918,618,121,0,0,0.0006454025
919,176,359,0,0,0.0012747275
920,112,538,0,0,0.021575214
921,619,79,0,0,0.008382459
922,620,519,0,1,0.91339105
923,621,610,0,0,0.35026285
924,411,351,0,1,0.88875544
925,622,611,0,0,0.115311675
926,96,149,0,0,0.001462291
927,623,339,0,0,0.00084127963
928,69,612,0,0,0.0035073245
929,624,613,1,1,0.65180945
930,268,238,1,1,0.97200567
931,292,518,0,0,0.001211266
932,1,45,1,1,0.98777056
933,144,118,0,1,0.9245336
934,226,614,0,0,0.0067441883
935,516,231,0,0,0.022612864
936,424,615,0,0,0.0009832578
937,503,616,0,0,0.0056205164
938,417,555,0,0,0.0016073061
939,625,494,0,1,0.92980844
940,398,617,1,1,0.8114293
941,620,224,0,0,0.20184676
942,626,347,1,1,0.9531211
943,468,618,0,0,0.02137599
944,142,368,0,0,0.0014301199
945,145,619,0,1,0.68024385
946,627,620,0,0,0.45904964
947,628,274,0,0,0.005221465
948,629,621,0,0,0.00148868
949,211,442,0,0,0.024264004
950,244,503,0,1,0.98395973
951,231,62,0,1,0.6261191
952,572,622,0,0,0.0019736325
953,630,226,0,0,0.0016414329
954,208,67,0,1,0.813277
955,631,623,0,0,0.009891953
956,632,335,1,1,0.9572213
957,586,624,0,0,0.2812094
958,633,403,0,0,0.112027325
959,634,625,0,0,0.0042255884
960,506,590,1,1,0.56301326
961,74,626,0,0,0.0010420574
962,573,627,0,0,0.008430431
963,340,547,0,1,0.89781004
964,185,628,0,0,0.010295884
965,509,629,0,0,0.0028851235
966,635,630,0,1,0.9327313
967,636,128,0,0,0.0008011135
968,192,376,0,0,0.000645705
969,637,408,0,0,0.0007814845
970,638,119,0,0,0.0016227731
971,332,542,0,0,0.41860685
972,639,631,0,0,0.00057916663
973,567,430,0,0,0.32076597
974,385,519,0,0,0.0011671142
975,640,462,0,0,0.0017753425
976,641,632,1,1,0.92598
977,308,633,0,0,0.00060561177
978,17,186,0,0,0.0006390516
979,642,634,0,0,0.014999699
980,643,36,0,0,0.0011402218
981,178,367,0,0,0.16946158
982,644,191,0,0,0.0006951337
983,611,635,0,0,0.012288389
984,73,636,0,1,0.5978255
985,195,523,0,0,0.029787064
986,54,637,0,0,0.00059384655
987,645,266,0,0,0.0053221798
988,37,611,0,0,0.0014037456
989,646,180,1,1,0.9610499
990,461,638,0,0,0.008470125
991,647,639,0,0,0.0005946454
992,648,605,0,1,0.81605995
993,649,514,0,0,0.0021393623
994,497,286,0,0,0.0014211804
995,130,640,0,1,0.9495238
996,506,556,0,0,0.001111834
997,573,217,0,1,0.8455832
998,650,641,0,0,0.0020806636
999,140,268,0,0,0.004097
1000,121,642,0,0,0.006108151
1001,651,301,0,0,0.0034377757
1002,652,643,1,1,0.69081604
1003,653,187,0,0,0.0051473286
1004,328,644,0,0,0.002761093
1005,236,645,0,0,0.011727975
1006,654,65,0,0,0.00067491503
1007,614,646,0,0,0.06948097
1008,30,647,0,0,0.0010220478
1009,655,294,0,1,0.9704484
1010,656,30,0,0,0.0012658933
1011,274,648,0,0,0.004902283
1012,100,106,0,0,0.023013018
1013,195,274,0,0,0.002660958
1014,496,6,0,1,0.6060435
1015,246,649,0,0,0.0019216386
1016,657,650,0,0,0.0011142455
1017,619,135,1,1,0.966081
1018,658,646,0,0,0.0031539777
1019,659,467,0,1,0.7255355
1020,660,157,0,0,0.0033740506
1021,254,332,0,0,0.0025156443
1022,294,161,0,0,0.16762608
1023,333,536,0,0,0.0018816942
1024,179,115,0,0,0.0013847827
1025,477,10,0,0,0.0038169264
1026,661,651,0,0,0.0006347192
1027,118,402,0,1,0.7929937
1028,662,396,0,1,0.81814504
1029,663,652,0,0,0.007041539
1030,664,65,0,0,0.0017324144
1031,171,75,0,0,0.02235109
1032,665,165,0,0,0.34523994
1033,8,95,0,0,0.0027520668
1034,219,653,0,0,0.0011939309
1035,594,654,0,0,0.0012545581
1036,395,121,0,0,0.0015497591
1037,48,655,0,0,0.002350654
1038,666,373,0,0,0.0693609
1039,667,7,0,1,0.88699615
1040,523,656,0,0,0.1393935
1041,254,657,0,1,0.7784201
1042,668,70,1,0,0.46455002
1043,78,153,0,0,0.001452997
1044,669,53,0,0,0.0014870153
1045,670,178,0,0,0.008303982
1046,221,186,0,0,0.002372483
1047,511,658,0,0,0.0010596123
1048,671,659,0,0,0.001962021
1049,305,660,0,0,0.0027543001
1050,59,277,0,0,0.055832915
1051,672,635,0,0,0.031619657
1052,673,661,0,0,0.0008582297
1053,187,149,0,0,0.008294999
1054,292,293,0,0,0.0012667791
1055,674,372,0,0,0.0035055685
1056,675,60,0,0,0.0024156189
1057,498,662,0,0,0.0032852322
1058,329,442,0,0,0.0011741745
1059,676,3,0,0,0.20126346
1060,333,109,0,0,0.0016144987
1061,4,132,0,0,0.002317492
1062,39,124,0,0,0.0051234276
1063,677,99,0,0,0.01180503
1064,678,663,0,0,0.0015491608
1065,193,387,0,0,0.00094582903
1066,141,664,0,0,0.009168253
1067,338,665,0,0,0.0038005929
1068,679,666,0,0,0.27229127
1069,339,292,0,0,0.0012815557
1070,680,15,0,0,0.30076694
1071,18,667,0,1,0.56773347
1072,421,533,0,1,0.958462
1073,186,618,0,0,0.16798273
1074,437,668,0,0,0.0011630623
1075,208,406,0,0,0.083927184
1076,109,257,0,0,0.0005224252
1077,362,652,0,0,0.0011504167
1078,593,542,0,1,0.7516667
1079,507,669,0,0,0.0026186772
1080,422,307,0,0,0.0022962398
1081,210,670,0,1,0.93769175
1082,175,379,0,0,0.0007658756
1083,198,368,0,0,0.00085116277
1084,583,671,0,0,0.0075621423
1085,681,672,0,0,0.00075469405
1086,682,656,0,0,0.32732266
1087,71,140,0,0,0.009633529
1088,658,542,0,0,0.013496239
1089,207,82,0,0,0.007804224
1090,533,479,0,0,0.0018841999
1091,683,175,0,0,0.00080119603
1092,666,2,0,0,0.0042780945
1093,148,148,0,0,0.008758932
1094,684,673,0,0,0.0024803649
1095,557,674,0,1,0.9392741
1096,3,563,1,1,0.6800317
1097,193,675,0,0,0.001320935
1098,685,184,1,1,0.932118
1099,686,226,0,0,0.0056323716
1100,304,545,0,0,0.0033990263
1101,8,591,0,0,0.012489165
1102,670,676,1,1,0.83511686
1103,687,677,0,0,0.0013051548
1104,572,678,0,1,0.9269382
1105,178,321,0,0,0.2882778
1106,124,679,0,0,0.013900039
1107,53,196,0,1,0.96975034
1108,84,114,0,0,0.0010859465
1109,237,60,0,0,0.0052630086
1110,236,190,0,0,0.0039742095
1111,593,396,0,0,0.47747818
1112,688,616,0,0,0.0027615393
1113,573,595,0,0,0.001735668
1114,689,680,0,0,0.11348085
1115,690,133,0,0,0.0014838115
1116,664,681,0,0,0.0016716222
1117,171,137,1,1,0.5975638
1118,691,50,0,0,0.002985066
1119,434,682,0,0,0.08308469
1120,530,460,0,0,0.0011113611
1121,171,509,0,0,0.0006838617
1122,44,23,0,0,0.00095253333
1123,388,568,0,0,0.007991037
1124,463,477,0,0,0.0007529276
1125,692,683,0,0,0.026064087
1126,693,446,0,0,0.0018808347
1127,9,532,0,0,0.11531103
1128,595,135,0,0,0.028199652
1129,433,684,0,0,0.050849043
1130,420,427,0,1,0.9818396
1131,694,685,0,0,0.0013067363
1132,564,293,0,0,0.08720496
1133,202,686,1,1,0.84581083
1134,349,598,0,0,0.0009987801
1135,444,687,0,1,0.98234415
1136,695,688,0,0,0.0030908906
1137,489,689,0,0,0.0023092346
1138,74,327,0,0,0.00053083425
1139,696,393,0,1,0.95069486
1140,76,690,0,0,0.37881526
1141,78,219,0,0,0.03839311
1142,697,686,0,0,0.0010859143
1143,698,188,0,0,0.03700508
1144,684,691,1,1,0.62601596
1145,699,345,0,0,0.003252068
1146,316,643,0,0,0.36718675
1147,331,692,1,1,0.6442786
1148,73,693,0,0,0.001654654
1149,470,694,0,0,0.006987571
1150,205,424,0,0,0.0010669999
1151,314,695,0,0,0.005433492
1152,700,123,0,0,0.17635773
1153,701,696,0,0,0.0006860407
1154,269,384,0,0,0.042494703
1155,555,194,0,0,0.0022386336
1156,100,635,0,0,0.041109957
1157,378,198,0,0,0.00070486765
1158,16,697,0,0,0.009978053
1159,128,565,0,0,0.020853013
1160,173,698,1,1,0.89034253
1161,663,279,1,1,0.61429745
1162,428,495,0,0,0.0015997369
1163,59,205,0,0,0.16097772
1164,702,699,0,1,0.87376034
1165,69,463,0,1,0.9632863
1166,652,187,0,1,0.7196027
1167,185,700,1,1,0.98562986
1168,626,538,0,0,0.0155774895
1169,703,701,1,1,0.97930485
1170,298,702,1,0,0.46867654
1171,184,672,1,1,0.8316327
1172,101,168,0,0,0.025274558
1173,373,640,0,0,0.0005882145
1174,461,563,0,0,0.001619386
1175,486,703,0,1,0.91035646
1176,704,75,1,1,0.8007705
1177,682,111,0,1,0.8725487
1178,212,704,1,1,0.63043505
1179,172,349,0,0,0.00060361275
1180,539,705,1,1,0.9812866
1181,288,134,0,0,0.02195673
1182,539,479,0,0,0.038284656
1183,705,706,0,0,0.00070377655
1184,648,707,0,0,0.0022487896
1185,655,187,0,1,0.9814771
1186,691,694,0,0,0.0023412548
1187,122,368,0,0,0.011089424
1188,706,330,0,0,0.0034774092
1189,51,79,0,0,0.0018829089
1190,707,693,0,0,0.0007964263
1191,145,673,1,1,0.92703456
1192,659,664,0,0,0.0030025195
1193,137,422,0,0,0.0010659924
1194,473,302,0,1,0.8949736
1195,108,20,0,0,0.015465869
1196,281,434,0,0,0.006297949
1197,288,397,0,0,0.0018508047
1198,356,708,0,0,0.0020091257
1199,650,709,0,0,0.0011849852
1200,374,380,0,1,0.94154894
1201,708,232,0,0,0.0006420962
1202,130,710,0,1,0.74599177
1203,690,556,1,0,0.43565416
1204,132,512,0,0,0.029779548
1205,485,182,1,1,0.93948954
1206,479,95,1,1,0.83814543
1207,477,711,0,0,0.003979105
1208,480,438,0,0,0.37308723
1209,510,252,1,1,0.5623225
1210,455,0,0,1,0.97175026
1211,709,712,0,0,0.0036483225
1212,479,26,0,0,0.16329981
1213,532,713,0,0,0.0010685653
1214,497,714,0,0,0.0020524578
1215,691,570,0,0,0.0073583405
1216,37,483,0,0,0.0031022958
1217,710,362,0,0,0.0022744536
1218,524,31,0,0,0.33277857
1219,711,160,0,0,0.00076912367
1220,299,715,0,0,0.3926356
1221,685,426,0,0,0.0038264098
1222,712,30,0,0,0.0020607382
1223,409,716,0,0,0.0013530847
1224,214,717,0,0,0.0056263288
1225,74,231,0,0,0.0011933964
1226,589,635,0,0,0.01638514
1227,572,10,0,0,0.0018843219
1228,226,718,0,0,0.0007258644
1229,418,658,0,0,0.0022204353
1230,713,130,0,0,0.000784398
1231,323,709,0,0,0.0010727277
1232,167,719,0,0,0.12866154
1233,422,87,0,0,0.0018928429
1234,293,720,1,1,0.92732817
1235,1,455,0,0,0.00097237295
1236,481,721,0,0,0.005754291
1237,369,119,0,1,0.55310076
1238,714,722,0,1,0.67930925
1239,715,341,0,0,0.0010347151
1240,716,142,0,0,0.0015661683
1241,61,723,0,0,0.0023882396
1242,717,42,0,1,0.5274651
1243,718,724,0,1,0.5032442
1244,207,725,1,1,0.9259238
1245,719,664,0,0,0.0013916661
1246,720,464,0,0,0.0068804626
1247,486,586,0,1,0.96533304
1248,81,87,0,0,0.0005342257
1249,721,10,0,0,0.002406699
1250,722,623,0,0,0.00090625224
1251,187,259,0,0,0.0019672052
1252,37,524,0,0,0.02337685
1253,60,299,1,1,0.9170377
1254,723,582,0,0,0.0019230776
1255,129,354,0,0,0.013809697
1256,724,348,1,1,0.728266
1257,725,726,0,0,0.002892719
1258,726,431,0,0,0.068802826
1259,441,26,0,0,0.091018274
1260,727,727,0,0,0.0012838164
1261,617,271,0,0,0.001088005
1262,341,295,0,0,0.07777549
1263,728,728,0,0,0.0010855932
1264,125,54,0,1,0.6076021
1265,197,469,0,0,0.00033668306
1266,469,10,0,0,0.00069819845
1267,342,729,0,0,0.019082917
1268,729,513,0,0,0.0010509759
1269,730,659,0,0,0.022418423
1270,536,730,0,0,0.005716424
1271,731,201,0,0,0.0029288714
1272,79,589,0,0,0.06731369
1273,133,402,0,0,0.25823292
1274,268,289,0,0,0.0006603455
1275,604,412,0,0,0.0026141515
1276,513,264,1,1,0.97405255
1277,544,731,0,0,0.000668229
1278,719,537,0,0,0.0009698711
1279,293,732,0,0,0.0006885444
1280,732,193,0,0,0.0019573253
1281,317,3,0,0,0.22470722
1282,148,733,0,0,0.00037404033
1283,342,107,1,1,0.9969488
1284,52,580,0,1,0.97923905
1285,311,373,0,0,0.35878322
1286,639,463,0,0,0.0020944462
1287,458,119,0,1,0.84816957
1288,673,301,0,0,0.0010062231
1289,491,425,0,0,0.0023215308
1290,733,679,0,0,0.012455142
1291,440,128,0,0,0.09261232
1292,210,220,0,0,0.0017617574
1293,298,734,0,0,0.003749492
1294,659,735,0,0,0.49256924
1295,390,736,0,1,0.82439715
1296,718,540,0,0,0.0009064923
1297,211,373,0,0,0.4337872
1298,151,439,0,0,0.0013758452
1299,734,83,0,0,0.008024878
1300,156,737,0,0,0.0114843985
1301,571,297,0,1,0.9606224
1302,356,738,0,0,0.004724195
1303,735,739,1,1,0.9061701
1304,628,436,0,0,0.010051178
1305,184,740,0,1,0.5253556
1306,333,623,0,0,0.0010114951
1307,37,741,0,0,0.124727145
1308,736,458,0,0,0.0030263544
1309,737,66,0,0,0.011441324
1310,27,625,0,0,0.002388969
1311,589,6,0,0,0.0011949019
1312,738,432,0,1,0.8739487
1313,453,428,0,0,0.05061704
1314,62,448,0,1,0.5253245
1315,461,742,0,0,0.0020984136
1316,739,410,0,1,0.95070326
1317,697,233,0,0,0.0012047832
1318,740,743,0,0,0.009992208
1319,249,494,0,0,0.0007483395
1320,695,690,0,0,0.009788386
1321,305,744,0,0,0.0011094016
1322,741,741,0,0,0.099856794
1323,476,745,0,0,0.0018024346
1324,14,679,0,0,0.0045957416
1325,742,746,0,0,0.0829311
1326,463,21,1,1,0.9741683
1327,470,285,1,1,0.65961224
1328,202,602,0,0,0.0018396651
1329,743,747,0,0,0.0012753346
1330,744,748,0,1,0.84010035
1331,541,719,0,1,0.56544286
1332,23,299,0,0,0.002674743
1333,605,749,0,0,0.0022770718
1334,568,121,0,0,0.0057956423
1335,745,509,1,1,0.7927706
1336,699,750,0,0,0.0013702797
1337,620,373,0,1,0.7366442
1338,513,381,0,0,0.003735374
1339,607,558,1,1,0.7237305
1340,746,119,0,0,0.04382673
1341,646,451,0,0,0.00074758974
1342,582,657,0,0,0.050624657
1343,482,503,0,0,0.0017106216
1344,202,617,0,0,0.0013635372
1345,482,423,0,0,0.0027901626
1346,747,751,0,0,0.0013288244
1347,309,130,0,0,0.006605016
1348,748,605,0,0,0.0012874115
1349,628,496,0,0,0.0032580567
1350,305,135,0,0,0.009232232
1351,749,325,0,0,0.0020645338
1352,334,431,0,0,0.012977947
1353,73,752,0,0,0.0037525694
1354,750,463,0,0,0.0017391631
1355,171,753,0,0,0.0007247163
1356,160,754,0,1,0.54022175
1357,689,415,0,0,0.05598034
1358,710,622,0,0,0.0028376118
1359,419,177,0,0,0.40869063
1360,113,645,0,1,0.8700263
1361,520,755,0,0,0.0036061553
1362,701,420,1,1,0.9701015
1363,751,756,0,0,0.0012957951
1364,313,757,0,0,0.0022519769
1365,371,758,0,0,0.07843836
1366,276,759,0,0,0.0009830798
1367,664,378,0,0,0.060035627
1368,322,760,0,0,0.0015170217
1369,752,153,0,0,0.0022867653
1370,438,742,1,1,0.95566016
1371,753,761,1,0,0.24010703
1372,650,762,0,1,0.71882325
1373,754,757,0,0,0.016135793
1374,238,117,0,0,0.01803458
1375,319,684,0,0,0.27238822
1376,755,79,0,0,0.0022060773
1377,756,763,1,1,0.94228494
1378,259,255,0,0,0.0049039233
1379,111,764,0,0,0.00093527354
1380,757,275,0,1,0.9351975
1381,706,765,0,1,0.8032154
1382,443,231,0,1,0.9814811
1383,758,97,0,0,0.00067419466
1384,759,727,0,0,0.0015581769
1385,5,544,0,0,0.0011859242
1386,760,26,0,1,0.89027905
1387,382,766,0,1,0.51439756
1388,664,307,0,0,0.008517869
1389,761,359,0,1,0.68355376
1390,358,767,0,0,0.02595166
1391,653,768,0,1,0.9702298
1392,450,528,0,0,0.2351246
1393,276,616,0,0,0.02618385
1394,762,407,0,0,0.033356637
1395,566,769,0,0,0.005140562
1396,335,69,0,0,0.0018456278
1397,102,770,0,0,0.004097064
1398,205,71,0,0,0.0010710878
1399,763,771,0,0,0.016236471
1400,137,96,1,1,0.82438576
1401,69,395,0,0,0.0031251488
1402,523,427,0,1,0.88082296
1403,1,732,0,0,0.0034398881
1404,639,542,0,0,0.0006372796
1405,339,772,0,0,0.00904819
1406,18,773,0,0,0.001816051
1407,477,458,0,0,0.15354162
1408,658,712,0,0,0.0011433489
1409,375,639,0,0,0.00038525954
1410,696,322,0,0,0.0060168533
1411,409,260,0,1,0.87498975
1412,764,518,0,0,0.0072693164
1413,258,302,0,0,0.48034352
1414,317,312,1,1,0.8834938
1415,212,643,0,1,0.53243047
1416,157,253,0,0,0.013546944
1417,743,199,0,0,0.004061856
1418,200,536,0,0,0.0006317761
1419,765,294,0,0,0.0013675445
1420,766,634,0,0,0.048767846
1421,578,691,0,0,0.09820066
1422,767,466,0,0,0.024120083
1423,768,464,0,0,0.010000151
1424,325,496,0,0,0.0010008677
1425,50,85,0,0,0.019525135
1426,324,774,0,1,0.96300054
1427,532,154,0,0,0.0011995638
1428,331,775,0,0,0.07006917
1429,134,776,0,0,0.0033630498
1430,769,393,0,0,0.1677525
1431,181,213,0,1,0.73044175
1432,305,454,0,0,0.06084342
1433,257,296,0,0,0.014927391
1434,703,349,0,0,0.031223103
1435,770,777,0,0,0.0013189687
1436,161,227,0,0,0.13590665
1437,771,372,0,0,0.016519336
1438,143,236,0,0,0.0034639598
1439,772,741,0,0,0.0076143146
1440,737,639,0,1,0.947376
1441,61,488,0,1,0.89030784
1442,773,778,1,1,0.8938466
1443,119,87,0,0,0.10202662
1444,774,779,0,0,0.0011638264
1445,351,402,0,0,0.22777122
1446,775,780,0,0,0.0028132107
1447,581,95,0,0,0.12624787
1448,542,89,0,0,0.000927552
1449,274,688,0,0,0.1424775
1450,776,732,0,0,0.0023991708
1451,661,217,0,0,0.0009091898
1452,238,781,0,1,0.9516545
1453,473,16,1,1,0.77400637
1454,446,322,0,0,0.005612878
1455,777,358,0,0,0.0102041215
1456,476,782,0,0,0.009490015
1457,741,783,0,0,0.0129272435
1458,569,500,0,0,0.0008542113
1459,121,784,0,1,0.97241986
1460,778,501,1,1,0.9192697
1461,779,785,0,0,0.1065447
1462,774,669,0,0,0.044040848
1463,764,168,0,0,0.013359899
1464,11,786,1,1,0.6034785
1465,652,488,0,0,0.4258943
1466,228,784,0,0,0.0014735893
1467,780,787,0,0,0.0014135587
1468,312,141,0,0,0.28437778
1469,709,783,0,0,0.0041846675
1470,4,777,0,0,0.011927536
1471,174,447,0,0,0.063561134
1472,781,542,0,1,0.5650228
1473,177,571,0,1,0.98246163
1474,283,224,0,1,0.9703188
1475,415,788,0,0,0.001339639
1476,566,71,0,0,0.0011691215
1477,618,447,0,0,0.0010567144
1478,678,463,0,0,0.0005885305
1479,203,192,0,0,0.0019333648
1480,262,789,1,1,0.9851981
1481,782,30,0,0,0.36693108
1482,586,258,0,1,0.88602835
1483,700,273,0,0,0.029411273
1484,697,593,0,0,0.0013098028
1485,34,782,0,0,0.0011323856
1486,86,454,0,1,0.6660822
1487,783,510,1,1,0.9830031
1488,784,98,0,0,0.001490492
1489,537,250,0,0,0.0022042654
1490,342,790,0,0,0.0007114025
1491,224,755,1,1,0.98135066
1492,250,791,0,1,0.75863075
1493,785,279,0,0,0.0009351292
1494,148,98,0,0,0.0006630525
1495,773,651,0,0,0.0022727144
1496,38,574,0,0,0.0041517406
1497,115,707,0,0,0.0016807106
1498,786,701,0,0,0.0033254784
1499,122,387,0,0,0.0009644539
1500,6,621,0,0,0.022972852
1501,375,792,0,0,0.0048117456
1502,479,609,0,1,0.73465794
1503,44,793,0,0,0.008996084
1504,787,249,0,0,0.009166799
1505,551,513,0,0,0.0013282817
1506,230,316,1,1,0.94080544
1507,788,528,0,0,0.0006585198
1508,10,794,0,1,0.9420066
1509,400,795,0,0,0.21798979
1510,789,348,0,0,0.03822455
1511,313,235,0,0,0.0020333892
1512,382,248,0,0,0.0043159807
1513,104,796,0,0,0.0013362501
1514,665,797,0,0,0.1867398
1515,150,798,0,0,0.0014623508
1516,787,799,0,0,0.0071863234
1517,392,800,0,0,0.014787874
1518,408,801,0,0,0.0012941881
1519,318,51,0,1,0.7164792
1520,790,367,0,0,0.0016096622
1521,791,503,0,0,0.06506376
1522,622,767,0,0,0.0034738285
1523,476,802,0,0,0.0025145928
1524,47,308,0,1,0.9341434
1525,288,803,0,1,0.92649305
1526,746,9,0,0,0.0021143127
1527,358,415,0,0,0.074797414
1528,375,380,0,0,0.0018279029
1529,792,536,0,0,0.0060078087
1530,144,519,0,1,0.78465754
1531,234,804,0,0,0.0032451737
1532,763,805,0,0,0.053997073
1533,784,590,0,0,0.015598079
1534,743,577,0,0,0.0008250334
1535,92,568,0,0,0.0023858855
1536,360,305,0,0,0.0022588314
1537,697,493,0,0,0.020887477
1538,313,370,0,0,0.0025259857
1539,793,676,0,1,0.9756645
1540,392,806,0,0,0.06681237
1541,722,585,0,0,0.0011688877
1542,455,686,0,0,0.0011771573
1543,794,704,0,0,0.45194173
1544,680,738,0,0,0.00061420817
1545,172,340,0,1,0.76257205
1546,315,254,0,0,0.17998573
1547,569,171,0,0,0.25577962
1548,19,807,0,0,0.004102013
1549,665,357,0,0,0.05495316
1550,795,808,0,0,0.0028281193
1551,796,728,0,0,0.0038768454
1552,653,553,0,1,0.73648256
1553,236,487,0,0,0.0022998466
1554,368,383,0,0,0.0013032499
1555,320,434,0,0,0.005307488
1556,797,621,1,1,0.8080541
1557,798,638,0,0,0.002704612
1558,554,611,0,0,0.001174405
1559,155,809,0,0,0.012080435
1560,799,555,0,0,0.0024950267
1561,345,323,1,1,0.9861805
1562,800,810,0,0,0.073424876
1563,659,755,0,0,0.06625015
1564,279,519,0,0,0.063273765
1565,641,606,0,0,0.002904765
1566,109,135,0,0,0.43818232
1567,718,811,0,0,0.17603949
1568,801,704,0,0,0.009612825
1569,344,117,0,1,0.7509023
1570,52,332,1,1,0.9836224
1571,462,396,0,1,0.55475
1572,796,310,0,0,0.0032199812
1573,428,693,0,0,0.0048006154
1574,802,83,0,0,0.0014004769
1575,434,183,0,0,0.022544872
1576,2,309,0,1,0.75393414
1577,14,812,0,0,0.015766185
1578,803,776,0,0,0.2610029
1579,211,586,0,0,0.0011909731
1580,27,141,0,0,0.0016060882
1581,31,471,0,0,0.0013085502
1582,804,202,0,0,0.001958998
1583,129,515,0,1,0.6440029
1584,136,813,0,0,0.0023449801
1585,297,696,0,0,0.00425118
1586,96,814,0,0,0.10156613
1587,182,681,0,0,0.016275208
1588,784,573,0,0,0.0284713
1589,805,645,0,0,0.2188211
1590,612,815,0,1,0.8139305
1591,644,355,0,0,0.0040153377
1592,394,312,0,0,0.0016143512
1593,806,540,0,0,0.005696814
1594,629,536,0,1,0.90800524
1595,807,816,0,0,0.04940388
1596,808,781,0,0,0.034572974
1597,551,156,1,1,0.92504126
1598,56,259,0,0,0.0015167963
1599,541,817,0,1,0.8406502
1600,809,725,0,0,0.27879453
1601,347,818,0,0,0.17819583
1602,91,305,0,0,0.0009654183
1603,335,249,0,0,0.010615908
1604,205,84,0,1,0.9490908
1605,47,371,0,0,0.0015740928
1606,810,653,0,0,0.058356974
1607,324,66,0,0,0.0009139655
1608,811,749,0,0,0.00065677613
1609,586,154,0,1,0.9688637
1610,292,267,0,0,0.0022841447
1611,70,466,0,0,0.0070445803
1612,600,819,0,0,0.012573785
1613,69,820,0,0,0.0015977406
1614,505,497,0,0,0.001276674
1615,493,524,0,0,0.00092327956
1616,812,821,0,0,0.00110883
1617,183,84,1,1,0.8720759
1618,64,437,0,0,0.0048852735
1619,657,478,0,0,0.0005914617
1620,766,207,0,1,0.6140335
1621,500,507,0,0,0.0019864938
1622,44,461,0,0,0.004625332
1623,771,409,0,0,0.23955175
1624,208,288,0,1,0.84299755
1625,791,217,0,1,0.8555067
1626,760,749,0,0,0.014992775
1627,813,471,0,1,0.8626421
1628,527,495,0,0,0.0024638367
1629,515,436,0,0,0.0031800566
1630,814,814,0,1,0.70180696
1631,787,822,0,0,0.0005401941
1632,815,823,0,0,0.0013721518
1633,805,184,0,0,0.005487645
1634,481,681,0,0,0.2968988
1635,816,824,0,0,0.02467046
1636,571,825,0,0,0.00083932397
1637,817,656,0,0,0.009540158
1638,818,394,1,1,0.9629734
1639,819,826,0,0,0.0133234365
1640,335,567,0,0,0.0024718188
1641,602,424,0,0,0.0010695593
1642,455,606,0,0,0.0009273152
1643,709,374,0,0,0.0016770964
1644,795,827,0,0,0.00050094025
1645,253,667,0,0,0.0009689822
1646,445,728,1,1,0.684412
1647,427,828,0,0,0.0008202802
1648,272,41,0,0,0.0010819384
1649,820,829,0,0,0.0006759411
1650,792,615,0,1,0.8000521
1651,177,527,0,0,0.00045521976
1652,262,223,0,0,0.0009323233
1653,546,830,0,0,0.082991324
1654,150,193,0,1,0.72078556
1655,89,576,0,0,0.016676124
1656,763,831,0,0,0.001523716
1657,821,816,0,0,0.0017187871
1658,485,682,0,1,0.9189093
1659,703,800,0,0,0.001585784
1660,320,832,0,0,0.16995463
1661,523,833,0,0,0.2158364
1662,461,659,0,0,0.0018036008
1663,756,573,0,0,0.0017614923
1664,815,506,0,0,0.0034935123
1665,407,255,0,0,0.0029774322
1666,299,210,0,0,0.3905269
1667,83,675,0,0,0.003904484
1668,275,825,1,1,0.98955816
1669,740,655,0,0,0.001475324
1670,281,396,0,0,0.23212636
1671,461,368,0,0,0.00066245906
1672,822,834,0,0,0.0010987275
1673,696,440,0,1,0.9664537
1674,485,181,0,1,0.6381117
1675,802,6,1,1,0.8437824
1676,823,602,0,0,0.001918463
1677,369,238,0,0,0.0006129146
1678,549,835,0,0,0.05990979
1679,116,836,0,0,0.010481877
1680,534,152,0,0,0.25430834
1681,225,645,0,0,0.14127252
1682,91,569,0,1,0.9530027
1683,710,728,0,0,0.002475437
1684,108,65,0,0,0.001983585
1685,657,837,0,1,0.9596721
1686,514,42,0,0,0.004166076
1687,583,613,0,0,0.0051570637
1688,824,825,0,0,0.0022815892
1689,624,52,0,0,0.0010320747
1690,609,838,0,0,0.006223091
1691,825,353,0,0,0.0075912275
1692,809,333,0,0,0.009461801
1693,629,835,0,0,0.43379375
1694,165,180,0,1,0.63225085
1695,826,677,1,1,0.9829487
1696,827,756,0,1,0.91548574
1697,18,839,0,1,0.68115336
1698,585,543,0,0,0.0012864904
1699,546,768,0,0,0.0007749397
1700,828,840,0,0,0.0014528227
1701,829,195,0,0,0.07895926
1702,390,0,1,1,0.9677854
1703,122,620,0,0,0.007915608
1704,461,479,0,0,0.0025640456
1705,376,521,1,1,0.91326237
1706,333,721,0,0,0.0009820795
1707,393,289,0,1,0.812959
1708,302,841,0,0,0.020802572
1709,128,800,0,0,0.0011382115
1710,800,332,0,0,0.022731476
1711,825,463,0,0,0.0031749958
1712,830,842,0,0,0.0008919239
1713,663,485,0,0,0.0055345716
1714,261,843,0,0,0.004092755
1715,218,844,1,1,0.8735187
1716,617,305,0,0,0.0026807983
1717,372,215,0,0,0.00089158793
1718,831,845,0,0,0.0016015734
1719,145,282,0,0,0.0005794038
1720,423,586,0,0,0.14475708
1721,7,393,0,0,0.004853885
1722,410,354,0,0,0.0027059487
1723,685,691,0,0,0.0062247957
1724,31,788,0,0,0.005540301
1725,598,825,0,0,0.02561329
1726,513,119,0,1,0.99271774
1727,383,258,0,0,0.012446775
1728,11,560,0,0,0.08578658
1729,410,263,0,0,0.0012492994
1730,832,796,0,0,0.0006722753
1731,833,87,0,1,0.6780134
1732,109,843,0,1,0.9752921
1733,834,846,0,1,0.8503726
1734,274,243,0,0,0.21841475
1735,615,583,0,0,0.0009460881
1736,378,383,1,1,0.98355365
1737,646,847,0,1,0.9620164
1738,511,72,0,0,0.0016899961
1739,835,201,0,0,0.0851697
1740,836,848,0,1,0.57547283
1741,116,269,0,0,0.0012390392
1742,164,309,0,1,0.6825065
1743,233,122,0,0,0.0070886347
1744,837,220,0,0,0.0024050474
1745,838,284,1,1,0.9479912
1746,771,225,0,0,0.278945
1747,194,747,0,0,0.0006034617
1748,226,657,0,0,0.20504032
1749,802,300,0,0,0.0010104284
1750,745,849,0,0,0.0019711177
1751,344,51,0,0,0.002335527
1752,180,587,1,0,0.34295556
1753,565,850,0,0,0.050146148
1754,394,178,0,0,0.4307476
1755,839,131,0,0,0.0005948282
1756,697,624,0,0,0.001837243
1757,122,212,0,0,0.23671025
1758,751,184,0,0,0.005780167
1759,217,851,0,0,0.0058675515
1760,562,69,0,0,0.0010733645
1761,840,212,0,0,0.0018810655
1762,806,12,0,0,0.22184521
1763,473,329,0,0,0.0008700001
1764,407,852,1,1,0.81561583
1765,142,77,0,0,0.0027206903
1766,54,692,0,0,0.0007951744
1767,625,147,0,1,0.87719935
1768,68,117,0,0,0.051539678
1769,841,198,0,0,0.011704697
1770,505,26,0,0,0.01625412
1771,842,539,0,0,0.04567772
1772,841,34,1,1,0.958378
1773,724,359,0,1,0.9599172
1774,108,520,0,0,0.0020931342
1775,508,151,0,1,0.8120933
1776,768,841,0,0,0.40480718
1777,133,853,0,0,0.010151324
1778,418,527,0,0,0.0012237547
1779,39,257,0,0,0.0013487585
1780,843,627,1,1,0.5446677
1781,106,243,0,1,0.8198165
1782,289,389,0,0,0.001729257
1783,634,373,0,1,0.9087282
1784,272,482,0,0,0.00674675
1785,431,695,0,0,0.0013618027
1786,844,802,0,0,0.02383985
1787,446,267,0,0,0.2292258
1788,779,478,0,0,0.0067799515
1789,64,359,0,0,0.00289285
1790,168,81,0,0,0.13482633
1791,446,781,0,0,0.001802238
1792,309,385,0,0,0.0010692873
1793,321,854,0,0,0.005037968
1794,584,576,0,0,0.008031968
1795,845,855,0,0,0.0029524611
1796,277,232,0,1,0.9305198
1797,688,563,0,0,0.001914982
1798,84,348,0,1,0.85507953
1799,756,715,0,0,0.0047449456
1800,846,698,0,0,0.002648894
1801,461,353,0,0,0.016146714
1802,847,247,0,0,0.0019891749
1803,688,99,0,0,0.0015760972
1804,528,130,1,1,0.9429964
1805,69,294,0,0,0.0020711352
1806,568,856,0,0,0.004494606
1807,417,584,0,0,0.0019034713
1808,848,225,0,1,0.78609246
1809,849,783,0,0,0.0009778403
1810,533,36,0,0,0.0009814075
1811,453,117,0,0,0.02052369
1812,842,235,1,1,0.9705291
1813,729,857,0,0,0.0031096467
1814,850,858,1,0,0.096620955
1815,380,847,0,1,0.9804324
1816,851,54,0,1,0.5366761
1817,724,859,0,0,0.0681563
1818,353,704,0,0,0.0007179945
1819,341,461,0,0,0.0072395015
1820,852,30,0,0,0.0021197724
1821,405,396,0,1,0.6221917
1822,572,87,0,0,0.1326627
1823,87,690,0,0,0.0012687021
1824,823,753,1,1,0.95524335
1825,853,712,0,0,0.0030577702
1826,741,860,0,0,0.013627603
1827,443,196,0,1,0.9627595
1828,854,122,0,1,0.9607427
1829,479,536,0,1,0.67889506
1830,580,757,1,1,0.9782867
1831,393,850,0,0,0.048980907
1832,199,67,0,0,0.0013752712
1833,50,861,0,1,0.8910386
1834,14,240,1,0,0.16760606
1835,57,553,0,1,0.70571744
1836,564,98,0,0,0.0034785315
1837,187,403,0,0,0.035662618
1838,794,862,0,0,0.0011726493
1839,855,87,0,0,0.0008447454
1840,31,434,0,0,0.0018140632
1841,576,654,0,0,0.003617039
1842,552,652,0,0,0.0025153165
1843,762,17,1,1,0.9627303
1844,515,401,0,0,0.0018357141
1845,856,1,0,0,0.00079761073
1846,511,361,0,0,0.003936867
1847,776,35,0,0,0.0010562772
1848,247,863,0,0,0.0038656178
1849,444,303,0,0,0.0010476456
1850,525,188,0,0,0.0019272142
1851,578,667,0,0,0.11292999
1852,699,468,0,0,0.0013471614
1853,754,470,0,0,0.06063589
1854,857,248,0,0,0.012510118
1855,564,639,0,1,0.902879
1856,218,696,0,0,0.0042619747
1857,540,591,0,0,0.0029870663
1858,213,485,0,1,0.5247853
1859,378,148,0,0,0.0012807448
1860,59,637,0,1,0.62176377
1861,558,243,0,0,0.35170284
1862,298,864,0,0,0.0037283201
1863,96,496,0,0,0.019036794
1864,187,642,0,1,0.7670587
1865,756,402,0,0,0.0018797456
1866,858,700,0,0,0.0035255672
1867,859,865,1,1,0.8953554
1868,68,101,0,0,0.0029570393
1869,279,624,0,1,0.9115735
1870,373,277,0,0,0.0011212998
1871,860,866,1,1,0.988042
1872,204,220,0,0,0.3377141
1873,347,554,0,0,0.3111554
1874,792,5,0,0,0.001143694
1875,330,400,0,0,0.0013965366
1876,53,489,0,0,0.27453148
1877,173,867,0,0,0.052612998
1878,861,692,0,0,0.0013776572
1879,443,158,1,1,0.98967266
1880,405,344,0,0,0.15369469
1881,621,868,0,0,0.0015736837
1882,862,511,0,1,0.9491369
1883,507,579,0,0,0.11547501
1884,267,557,0,0,0.00153385
1885,682,869,0,1,0.90718263
1886,841,870,0,0,0.012984055
1887,640,348,0,0,0.0022180195
1888,131,212,0,0,0.0010817942
1889,321,27,0,1,0.93510866
1890,114,830,0,0,0.0009983277
1891,788,468,0,0,0.001542606
1892,123,871,1,1,0.84663707
1893,148,114,0,0,0.0021636651
1894,123,872,0,0,0.0010566178
1895,83,768,0,0,0.007340078
1896,863,577,0,1,0.90826297
1897,321,475,0,0,0.002178724
1898,476,625,0,0,0.0013427498
1899,686,1,0,0,0.027395548
1900,484,873,0,0,0.0029240309
1901,864,452,0,1,0.95909375
1902,760,625,0,0,0.0025199675
1903,618,660,0,0,0.16491501
1904,119,582,0,0,0.002739842
1905,317,618,0,0,0.0031749958
1906,625,794,0,1,0.63867915
1907,443,254,0,0,0.003078595
1908,599,589,0,0,0.0061066397
1909,778,434,0,0,0.0023541523
1910,668,243,0,0,0.0019181189
1911,108,874,0,0,0.001237447
1912,661,404,0,0,0.00060772017
1913,672,875,0,1,0.9524648
1914,785,87,0,0,0.0042612404
1915,601,416,0,0,0.0047730883
1916,61,250,0,0,0.0012811462
1917,832,263,0,0,0.007500955
1918,486,501,0,0,0.019785145
1919,35,587,0,0,0.00054415234
1920,463,303,0,0,0.0014937994
1921,414,342,1,1,0.7148786
1922,133,41,0,0,0.002837489
1923,526,396,0,0,0.4518094
1924,849,821,0,0,0.0011759895
1925,103,560,0,1,0.6132196
1926,67,758,0,0,0.0010416042
1927,778,24,0,0,0.027242646
1928,325,119,0,0,0.0013882701
1929,759,148,0,0,0.00041948212
1930,838,364,0,0,0.0012885561
1931,599,304,0,0,0.0016110912
1932,550,460,0,0,0.0016751017
1933,309,62,0,0,0.3594034
1934,560,808,0,0,0.007895618
1935,865,813,0,1,0.9820565
1936,866,55,0,0,0.0030270636
1937,455,423,0,1,0.51633346
1938,609,140,0,0,0.0012792356
1939,515,876,0,1,0.70781106
1940,92,452,0,0,0.2123955
1941,523,877,0,1,0.6888634
1942,842,218,0,0,0.004940819
1943,344,878,0,0,0.012291219
1944,215,210,0,0,0.0027606164
1945,867,811,0,0,0.25469053
1946,382,463,0,0,0.0011487621
1947,113,37,0,0,0.0014345148
1948,488,366,0,1,0.73258036
1949,743,765,0,0,0.0018536107
1950,868,693,0,0,0.0016370596
1951,129,642,0,0,0.3570546
1952,649,29,0,0,0.023028448
1953,517,854,0,0,0.00090466737
1954,595,4,0,1,0.66096145
1955,69,879,0,0,0.0016645374
1956,240,362,0,0,0.0029140052
1957,55,130,0,0,0.0026681533
1958,688,443,0,0,0.018094048
1959,279,450,1,1,0.64123666
1960,268,242,0,0,0.04233451
1961,160,505,0,0,0.2957401
1962,270,308,0,1,0.821324
1963,136,842,0,0,0.002576712
1964,821,621,0,0,0.13277014
1965,220,630,0,0,0.013826311
1966,269,727,0,0,0.00251273
1967,851,231,0,0,0.31795493
1968,133,298,0,0,0.0011245534
1969,671,91,0,1,0.6576581
1970,711,64,0,1,0.9309067
1971,299,299,0,1,0.78408027
1972,431,737,0,0,0.001537633
1973,563,161,0,0,0.31663132
1974,869,582,0,0,0.0020761774
1975,774,479,0,0,0.0008890493
1976,115,859,0,0,0.0005657257
1977,668,64,0,0,0.00062966405
1978,435,703,0,0,0.21587355
1979,739,128,0,1,0.592128
1980,65,713,0,0,0.0011821943
1981,870,787,0,0,0.0007108651
1982,622,156,0,0,0.0013808038
1983,871,880,0,0,0.0030782614
1984,334,802,0,0,0.010052659
1985,631,357,0,0,0.00091885217
1986,440,881,0,0,0.0016239479
1987,772,641,0,0,0.0006190942
1988,44,882,0,0,0.0013970102
1989,45,356,1,1,0.9818886
1990,716,518,0,0,0.0005841219
1991,448,15,0,0,0.0023857097
1992,580,299,0,0,0.0033335863
1993,676,314,0,0,0.0085949395
1994,549,303,0,0,0.0011478629
1995,580,232,0,0,0.14552762
1996,270,574,0,0,0.057998236
1997,872,830,0,0,0.07942418
1998,82,552,0,0,0.001992653
1999,526,883,0,1,0.96381855
2000,873,884,0,0,0.010495225
2001,68,754,0,0,0.0009922303
2002,874,759,0,0,0.00069044804
2003,875,880,0,0,0.0007928281
2004,677,806,0,0,0.0020860378
2005,671,542,0,1,0.9511096
2006,92,885,0,0,0.0012759994
2007,41,777,1,1,0.9798172
2008,285,886,0,0,0.000972517
2009,576,829,1,1,0.98089945
2010,868,373,0,0,0.058443952
2011,342,872,0,0,0.0011656482
2012,3,887,0,0,0.00096225383
2013,876,88,0,0,0.06428524
2014,755,701,0,0,0.0033636235
2015,686,888,0,1,0.54407793
2016,877,768,0,1,0.8943113
2017,188,556,0,0,0.008677487
2018,673,599,0,0,0.00086820434
2019,291,500,0,0,0.0065436712
2020,551,889,0,0,0.3173106
2021,226,283,0,0,0.006154535
2022,299,486,0,0,0.3926356
2023,638,455,0,0,0.12513012
2024,303,890,0,0,0.0043158536
2025,842,194,0,0,0.0016243607
2026,679,891,0,0,0.13327476
2027,305,686,0,0,0.0016812923
2028,134,276,0,0,0.0014214219
2029,878,502,0,0,0.4937269
2030,462,832,0,0,0.006218519
2031,440,661,0,0,0.00062905764
2032,769,328,0,0,0.0037421768
2033,879,368,0,0,0.0035660723
2034,47,685,0,1,0.91333586
2035,218,366,0,1,0.6246785
2036,30,557,0,0,0.0006739856
2037,834,475,0,1,0.8883467
2038,456,845,0,0,0.013368111
2039,383,67,0,0,0.46298572
2040,1,297,0,0,0.015126657
2041,748,176,0,0,0.0014119208
2042,82,541,0,0,0.010123495
2043,184,839,0,0,0.00048386128
2044,327,581,0,0,0.00068604096
2045,4,13,0,0,0.0012554533
2046,664,371,0,0,0.06179803
2047,491,892,0,1,0.68284756
2048,880,893,0,0,0.0019971603
2049,881,227,1,1,0.811798
2050,230,786,0,0,0.0011056173
2051,75,723,0,0,0.016845886
2052,545,894,0,0,0.0016514686
2053,415,31,0,0,0.005755235
2054,517,41,0,0,0.29613546
2055,728,231,1,1,0.9735762
2056,412,543,1,1,0.93082523
2057,437,485,0,0,0.0141715
2058,374,626,0,0,0.055367075
2059,334,492,0,0,0.0005013936
2060,288,319,0,0,0.0014891416
2061,576,144,0,0,0.0017740636
2062,91,854,0,1,0.7704783
2063,882,662,0,0,0.3534004
2064,70,441,0,0,0.0033963216
2065,883,800,0,0,0.0036640584
2066,884,566,0,0,0.0013902474
2067,160,459,0,0,0.016630724
2068,380,367,0,0,0.18151967
2069,698,363,0,0,0.03348094
2070,855,495,1,1,0.9285561
2071,458,890,0,0,0.16834301
2072,706,77,0,0,0.0012229477
2073,734,75,0,0,0.002475226
2074,756,465,0,0,0.20621118
2075,885,852,0,0,0.002069282
2076,851,530,0,0,0.13548449
2077,541,133,0,0,0.0062725684
2078,697,362,1,1,0.94438475
2079,274,508,0,0,0.02879826
2080,815,12,0,0,0.0011287846
2081,31,228,0,1,0.6406704
2082,886,405,0,1,0.67930925
2083,228,303,0,0,0.0026949956
2084,645,557,0,0,0.0042269886
2085,644,366,0,0,0.0010303211
2086,480,839,0,0,0.00075474975
2087,267,553,0,1,0.8159617
2088,444,664,0,0,0.00080496026
2089,251,895,0,0,0.00070152094
2090,49,798,0,0,0.0008898985
2091,768,624,1,1,0.7432295
2092,628,319,0,0,0.05873649
2093,751,200,0,0,0.0008498313
2094,429,391,0,1,0.7714407
2095,211,452,0,1,0.9028567
2096,689,334,0,0,0.3714198
2097,616,391,0,0,0.1081147
2098,197,537,0,0,0.0038023498
2099,851,196,0,0,0.046918616
2100,831,166,0,0,0.0017028822
2101,4,692,0,1,0.7299779
2102,653,573,0,0,0.21844119
2103,455,736,0,0,0.36292362
2104,397,407,0,1,0.93207264
2105,589,350,0,0,0.0024926898
2106,345,600,0,0,0.0011560417
2107,529,896,0,0,0.0063266377
2108,794,187,0,1,0.7382281
2109,182,411,0,0,0.0009827834
2110,478,599,0,0,0.0010774769
2111,766,518,0,1,0.7960248
2112,748,6,0,0,0.0013570698
2113,887,897,0,0,0.0027137387
2114,202,838,0,0,0.0035178293
2115,108,245,0,0,0.0024878606
2116,248,166,0,0,0.014226645
2117,855,779,0,0,0.006097432
2118,749,29,0,1,0.54850733
2119,34,105,0,0,0.013162061
2120,601,802,0,0,0.013539738
2121,667,342,0,1,0.8898163
2122,421,392,0,1,0.9417318
2123,726,802,0,0,0.12452628
2124,888,640,1,1,0.9605261
2125,555,76,0,0,0.017117579
2126,144,178,0,0,0.0096317325
2127,223,474,0,1,0.7851
2128,889,476,1,1,0.89784354
2129,665,621,0,0,0.09944837
2130,303,312,0,0,0.0008444919
2131,848,898,0,0,0.0012882996
2132,331,137,0,0,0.0013742619
2133,801,813,0,1,0.97859484
2134,890,839,0,0,0.0012527282
2135,533,401,0,0,0.024920143
2136,473,437,0,0,0.0048691314
2137,251,215,0,0,0.04019407
2138,441,643,0,0,0.00063641527
2139,579,590,0,1,0.74638045
2140,21,694,0,0,0.016077004
2141,891,113,0,1,0.91282856
2142,166,717,0,0,0.0011270392
2143,43,505,0,0,0.0029792546
2144,153,281,0,0,0.00083090167
2145,623,19,0,0,0.00062736025
2146,221,98,0,0,0.0016999
2147,339,169,0,0,0.011951376
2148,286,497,1,1,0.91926146
2149,643,187,0,0,0.0023949472
2150,779,899,0,0,0.024975082
2151,625,883,0,0,0.08051337
2152,816,75,0,0,0.0009129481
2153,65,766,1,0,0.112037815
2154,392,40,0,0,0.0008451065
2155,204,548,0,0,0.0589958
2156,605,247,0,0,0.3483864
2157,892,900,0,0,0.20112874
2158,861,851,0,0,0.045945387
2159,333,221,1,0,0.42899606
2160,123,494,0,0,0.0010593866
2161,559,300,0,0,0.00074907584
2162,259,823,0,0,0.0022808956
2163,662,189,0,0,0.0009088503
2164,697,774,0,0,0.001085068
2165,508,266,0,1,0.94911087
2166,575,600,0,1,0.88294035
2167,293,584,0,0,0.12650876
2168,312,901,0,1,0.90736526
2169,412,712,0,0,0.018127475
2170,277,206,0,1,0.9478528
2171,635,273,1,1,0.97667694
2172,512,726,0,0,0.0020840464
2173,770,44,0,0,0.002732657
2174,274,723,0,0,0.005893904
2175,893,95,0,0,0.3711715
2176,894,212,0,0,0.006249602
2177,206,716,1,0,0.083757035
2178,603,646,0,0,0.00062290876
2179,895,324,0,0,0.0020235346
2180,896,291,0,0,0.0029529948
2181,389,465,0,0,0.01760011
2182,110,404,0,0,0.009430782
2183,660,851,0,0,0.0011969985
2184,897,120,0,0,0.03663336
2185,580,179,0,0,0.0018028104
2186,837,560,0,0,0.0044595688
2187,474,902,0,0,0.053385276
2188,97,180,0,0,0.477467
2189,240,648,1,1,0.93406427
2190,358,90,0,1,0.5325325
2191,203,81,0,0,0.0011131115
2192,578,903,0,0,0.002130432
2193,898,809,0,0,0.001205731
2194,544,665,0,0,0.0012264666
2195,655,60,0,0,0.13451165
2196,439,258,1,1,0.8570377
2197,749,760,0,0,0.17638975
2198,899,416,0,0,0.0011196657
2199,419,813,0,0,0.010624595
2200,795,904,0,0,0.008252216
2201,407,360,0,1,0.73952323
2202,96,34,0,0,0.03515471
2203,728,241,0,0,0.010758984
2204,582,768,0,0,0.0032548623
2205,49,778,0,0,0.0012995878
2206,713,258,0,1,0.81305397
2207,883,445,0,0,0.0016597196
2208,106,251,1,1,0.9235826
2209,1,524,0,0,0.0017848875
2210,137,793,0,0,0.0006323116
2211,352,905,1,0,0.21886493
2212,689,329,0,1,0.97960025
2213,125,196,0,0,0.043803647
2214,327,363,0,1,0.89282817
2215,36,187,0,0,0.00117082
2216,163,138,0,0,0.0015995594
2217,180,29,0,0,0.0022460427
2218,354,906,0,0,0.050671615
2219,617,907,0,0,0.084522225
2220,900,23,1,1,0.98493284
2221,198,675,0,0,0.0012645659
2222,334,298,0,0,0.021117482
2223,67,617,0,0,0.0014528192
2224,901,822,0,0,0.0006429254
2225,779,771,0,0,0.18369432
2226,849,469,0,0,0.0009538153
2227,884,196,0,0,0.0009111402
2228,10,562,0,0,0.0005277278
2229,838,40,0,0,0.0022143554
2230,776,313,0,0,0.0028350304
2231,736,158,0,1,0.6056539
2232,287,641,0,0,0.0009918049
2233,812,3,0,0,0.26527843
2234,768,908,0,0,0.0017694437
2235,878,562,0,1,0.9850734
2236,791,679,0,1,0.66993445
2237,636,288,0,0,0.0025685262
2238,300,636,0,0,0.25960556
2239,693,518,0,0,0.0019640743
2240,400,646,0,0,0.017603286
2241,538,909,1,1,0.7584263
2242,827,799,0,0,0.01067947
2243,10,204,0,0,0.029990278
2244,530,598,0,0,0.009004845
2245,19,292,1,1,0.91645235
2246,71,673,0,0,0.023646928
2247,150,902,0,0,0.088317834
2248,97,335,0,0,0.005852343
2249,361,34,0,0,0.01782423
2250,531,4,0,0,0.12861581
2251,99,214,0,0,0.25478452
2252,260,142,0,0,0.0017939592
2253,896,140,0,0,0.0008258137
2254,505,604,0,1,0.976932
2255,902,656,0,0,0.001026147
2256,85,444,1,0,0.4884099
2257,825,788,1,1,0.66912377
2258,819,45,0,0,0.012027641
2259,595,57,0,0,0.08091912
2260,886,208,1,1,0.8948771
2261,804,876,0,1,0.94040096
2262,768,674,0,1,0.7564474
2263,570,738,0,1,0.9716061
2264,903,196,0,0,0.0020255435
2265,16,269,0,0,0.34694773
2266,122,522,0,0,0.09911076
2267,88,889,0,0,0.1020319
2268,502,675,0,0,0.0017653913
2269,671,852,0,1,0.63141906
2270,562,910,0,0,0.0182025
2271,699,349,0,1,0.57489854
2272,277,547,0,1,0.80312556
2273,521,762,0,1,0.61345583
2274,904,911,0,0,0.0044629257
2275,638,554,0,0,0.0034562554
2276,176,552,0,0,0.011526617
2277,905,372,0,0,0.000902924
2278,52,743,0,1,0.9909547
2279,597,541,1,1,0.95950997
2280,906,446,1,1,0.973739
2281,198,119,0,0,0.002668723
2282,560,793,0,1,0.8480347
2283,623,265,0,0,0.0021055469
2284,721,20,0,0,0.033221032
2285,240,829,0,0,0.0006802807
2286,108,433,0,0,0.0013188137
2287,635,684,0,0,0.0010513664
2288,260,912,0,0,0.0018891314
2289,874,630,0,0,0.0015219258
2290,346,611,0,1,0.7313862
2291,617,103,0,0,0.0053808354
2292,76,102,0,0,0.24132873
2293,762,359,0,0,0.01104634
2294,211,913,0,1,0.7516461
2295,907,317,0,0,0.015156679
2296,375,396,0,0,0.0019547662
2297,768,421,0,0,0.015122728
2298,843,731,0,0,0.00049355015
2299,493,862,0,0,0.00088629284
2300,908,914,0,0,0.0019774449
2301,424,351,0,0,0.0020521658
2302,195,86,0,0,0.0006383151
2303,200,734,0,0,0.20302123
2304,857,867,1,1,0.9350906
2305,658,469,0,0,0.011607664
2306,659,140,0,0,0.009308605
2307,781,193,0,1,0.9345396
2308,886,232,0,1,0.5215144
2309,281,353,0,0,0.001431764
2310,144,651,0,1,0.7827947
2311,909,782,0,0,0.0006667608
2312,8,521,0,0,0.43183094
2313,910,915,0,0,0.00077670696
2314,262,889,0,0,0.0102856215
2315,903,243,0,0,0.002148933
2316,461,467,0,0,0.0077158283
2317,821,6,0,0,0.104378566
2318,127,245,0,0,0.0147124715
2319,911,615,0,0,0.49197784
2320,216,621,0,0,0.03339571
2321,587,24,0,0,0.0025526297
2322,870,119,0,1,0.98194146
2323,213,310,0,0,0.015686369
2324,443,202,0,0,0.001180042
2325,892,306,0,0,0.24090509
2326,18,681,0,0,0.0039194617
2327,241,440,0,0,0.00093778624
2328,520,402,0,0,0.35634962
2329,912,754,0,0,0.0011198918
2330,7,369,1,1,0.9099037
2331,268,916,0,0,0.0007379168
2332,543,768,0,1,0.8361182
2333,878,10,0,0,0.0022282074
2334,192,415,0,0,0.0009665438
2335,748,371,1,1,0.9892742
2336,620,240,0,0,0.0028439495
2337,787,184,0,0,0.0010004191
2338,743,137,0,0,0.0014094361
2339,395,623,0,0,0.027347766
2340,893,685,0,0,0.022305915
2341,678,20,1,1,0.95739424
2342,11,289,0,0,0.02031336
2343,677,380,0,0,0.07639996
2344,324,141,0,0,0.45797485
2345,102,283,0,0,0.0028290474
2346,481,188,0,0,0.0013602464
2347,913,609,0,0,0.03044382
2348,466,45,0,0,0.0061202776
2349,840,219,0,0,0.0010454013
2350,479,738,0,1,0.92853296
2351,101,180,0,0,0.0016366739
2352,702,423,0,1,0.7123793
2353,186,182,0,1,0.6212654
2354,220,337,0,0,0.016769081
2355,527,237,0,0,0.0036300267
2356,656,367,0,0,0.00056089007
2357,85,784,0,1,0.98311216
2358,218,363,0,0,0.3804851
2359,32,587,0,0,0.03245446
2360,554,454,0,0,0.05140143
2361,871,917,1,1,0.8680526
2362,688,35,0,0,0.0013939044
2363,877,304,0,0,0.0013628632
2364,541,124,0,0,0.0072002476
2365,160,340,0,1,0.9795737
2366,356,108,0,0,0.0008312985
2367,914,734,0,0,0.0005167853
2368,915,532,0,0,0.0016836005
2369,916,458,0,0,0.0022907732
2370,557,756,0,0,0.00076170935
2371,577,751,0,0,0.0021081164
2372,485,349,0,1,0.7921635
2373,206,443,0,0,0.12946318
2374,281,918,0,0,0.06615912
2375,103,852,0,1,0.65362006
2376,681,375,0,0,0.0014261466
2377,350,851,0,0,0.0020627377
2378,917,326,1,1,0.9342298
2379,764,736,0,0,0.0010320855
2380,873,780,0,0,0.004087934
2381,675,886,0,0,0.0010567618
2382,668,773,0,0,0.0011112298
2383,172,593,0,0,0.0007630694
2384,180,238,0,0,0.0045360713
2385,4,919,0,0,0.013508961
2386,918,256,0,0,0.41686586
2387,919,920,0,1,0.98883957
2388,920,175,0,0,0.0010700608
2389,102,825,0,0,0.005205539
2390,673,307,0,0,0.0014048417
2391,45,469,0,0,0.0023574762
2392,712,921,0,0,0.00088553317
2393,98,703,0,0,0.0008907617
2394,836,605,0,1,0.9042998
2395,225,77,0,0,0.003666068
2396,827,600,0,0,0.000746307
2397,168,61,0,0,0.15586752
2398,172,754,0,0,0.4219788
2399,530,406,1,1,0.5986553
2400,817,889,0,0,0.024050727
2401,921,415,0,0,0.015487418
2402,657,236,0,0,0.004663394
2403,432,828,1,1,0.98261607
2404,117,67,0,0,0.43616474
2405,658,147,0,0,0.07632923
2406,443,889,0,0,0.0014099919
2407,463,600,0,0,0.013171664
2408,922,212,0,0,0.006701346
2409,312,360,0,1,0.94068456
2410,877,249,0,1,0.87231004
2411,39,188,0,0,0.048377898
2412,34,893,1,1,0.9403016
2413,232,363,0,1,0.86540014
2414,559,840,0,0,0.0006716663
2415,760,34,0,0,0.01796393
2416,574,608,0,1,0.92211
2417,466,861,1,1,0.5677972
2418,923,685,0,0,0.0064953985
2419,562,218,0,0,0.018618835
2420,571,427,0,0,0.002351146
2421,462,735,0,0,0.003045163
2422,558,922,0,0,0.0015316731
2423,655,923,0,0,0.0011063226
2424,720,781,0,1,0.8488515
2425,27,709,0,0,0.039511673
2426,441,577,0,1,0.9588473
2427,924,924,0,0,0.0024511234
2428,268,633,0,0,0.0009207618
2429,854,874,0,0,0.0020166498
2430,125,120,0,0,0.1212346
2431,476,689,0,0,0.117630176
2432,686,245,1,1,0.88396895
2433,772,756,0,0,0.0014917799
2434,423,869,0,1,0.6502304
2435,664,8,1,1,0.9588871
2436,888,825,0,0,0.0032024607
2437,850,838,0,1,0.67687315
2438,653,616,0,1,0.6036337
2439,582,323,0,0,0.009688226
2440,286,84,0,0,0.001639386
2441,489,50,0,0,0.0014832238
2442,464,925,1,1,0.95855117
2443,4,926,0,0,0.0036587983
2444,647,138,1,0,0.42469448
2445,641,2,0,0,0.061282124
2446,328,927,0,1,0.94807595
2447,8,186,0,0,0.0008054241
2448,130,308,0,1,0.904282
2449,337,512,0,0,0.010786007
2450,619,270,0,0,0.06877155
2451,597,403,0,0,0.09789521
2452,588,928,0,0,0.03409866
2453,206,755,0,0,0.1825249
2454,891,547,0,0,0.0021210841
2455,106,307,0,0,0.007819436
2456,767,502,0,0,0.0011355062
2457,788,824,0,0,0.19495402
2458,529,414,0,1,0.5073161
2459,644,823,1,1,0.95666164
2460,815,201,0,0,0.0022300272
2461,662,182,0,0,0.0048637576
2462,415,295,0,0,0.0013173129
2463,641,893,0,0,0.0018223304
2464,490,470,0,0,0.038145825
2465,729,93,0,1,0.8879644
2466,314,322,0,0,0.0023017281
2467,925,99,0,0,0.006048313
2468,29,748,0,1,0.8886599
2469,418,815,0,0,0.002268385
2470,926,149,0,0,0.0010652513
2471,671,917,0,0,0.0010427982
2472,164,929,0,0,0.031722534
2473,927,930,0,0,0.00067694415
2474,118,455,0,1,0.8174152
2475,348,931,0,0,0.013319537
2476,290,883,0,1,0.86416984
2477,424,489,0,0,0.0011601946
2478,445,98,0,0,0.0022854132
2479,603,788,0,0,0.053743284
2480,516,868,0,0,0.077763386
2481,136,322,0,0,0.0031554415
2482,788,893,0,0,0.0008170332
2483,306,321,0,1,0.8513536
2484,99,545,1,1,0.9808669
2485,463,621,0,0,0.32267183
2486,423,111,0,1,0.71539587
2487,908,175,0,0,0.0041414383
2488,381,300,0,0,0.0013478474
2489,97,296,0,0,0.0012672547
2490,53,367,0,0,0.0051913406
2491,479,522,0,0,0.045460436
2492,928,857,0,0,0.0085411
2493,225,251,0,0,0.0025772757
2494,834,72,0,0,0.00869793
2495,675,664,0,0,0.0015365793
2496,570,831,0,0,0.00212521
2497,735,544,0,0,0.004388541
2498,513,362,0,0,0.012425652
2499,907,522,0,0,0.09123775
2500,366,630,0,0,0.028690044
2501,13,23,0,0,0.004191805
2502,541,541,0,0,0.10837529
2503,226,516,0,0,0.00058805844
2504,777,717,1,1,0.8677012
2505,764,847,0,0,0.0009819887
2506,562,314,0,0,0.0035740973
2507,921,201,0,0,0.005347807
2508,810,697,0,0,0.0012417975
2509,820,875,0,0,0.002089518
2510,804,42,0,1,0.759196
2511,385,683,0,0,0.018639645
2512,573,24,0,1,0.7582714
2513,874,932,0,0,0.00072851573
2514,44,466,0,0,0.0050997315
2515,135,863,0,0,0.0026907583
2516,929,236,0,0,0.001247627
2517,304,661,0,1,0.6529461
2518,744,758,0,0,0.028768515
2519,244,864,0,0,0.0024930288
2520,189,933,0,0,0.0012187614
2521,812,278,0,0,0.003634175
2522,127,883,0,0,0.0010757457
2523,837,214,0,0,0.0009048881
2524,214,925,0,0,0.1417035
2525,893,929,0,1,0.90726954
2526,27,494,0,0,0.12537754
2527,475,715,0,0,0.48159125
2528,12,300,0,0,0.004167103
2529,193,127,0,0,0.027436532
2530,124,206,0,1,0.9390485
2531,930,599,0,0,0.0008179457
2532,834,49,0,0,0.003602088
2533,924,242,0,0,0.06363626
2534,168,383,0,0,0.047452215
2535,931,420,0,0,0.002231147
2536,11,520,0,0,0.070088
2537,308,472,0,0,0.39599445
2538,344,907,0,0,0.0122137
2539,765,928,0,0,0.0034511168
2540,562,394,0,0,0.007431105
2541,515,136,0,0,0.0022365237
2542,763,258,0,0,0.0011994935
2543,158,139,0,0,0.0014364778
2544,313,261,0,0,0.008022039
2545,671,566,0,1,0.80171984
2546,156,5,0,0,0.45424905
2547,539,691,0,0,0.20736189
2548,513,185,0,1,0.96375597
2549,315,233,0,0,0.0030519555
2550,30,658,0,0,0.0030458085
2551,618,934,1,1,0.9817801
2552,175,781,0,0,0.0016735028
2553,415,681,1,1,0.82031894
2554,334,900,0,0,0.0010579787
2555,165,209,1,1,0.9559629
2556,642,19,0,0,0.29251638
2557,772,434,0,0,0.0037491536
2558,286,339,0,0,0.0016436817
2559,162,491,0,0,0.003361281
2560,501,935,0,0,0.0011633908
2561,30,159,0,0,0.0016982161
2562,110,495,0,0,0.00095830136
2563,916,12,0,1,0.9804027
2564,932,74,0,0,0.001214671
2565,657,121,0,1,0.8633993
2566,598,137,0,0,0.0019174991
2567,721,372,0,0,0.004437058
2568,844,689,1,1,0.58166176
2569,754,220,0,0,0.0028348565
2570,901,933,0,1,0.9911678
2571,740,268,0,0,0.1351948
2572,933,738,0,1,0.9193364
2573,530,101,0,0,0.0053176
2574,290,936,0,1,0.97049034
2575,598,584,1,1,0.98507833
2576,934,656,0,0,0.009121675
2577,305,469,0,0,0.00038264832
2578,321,9,0,0,0.0019323068
2579,158,382,0,0,0.0037246144
2580,931,164,0,0,0.02407742
2581,107,172,0,0,0.0011079663
2582,879,787,0,0,0.002297419
2583,795,923,0,1,0.9085526
2584,935,173,0,0,0.020128561
2585,628,885,0,0,0.0011856362
2586,261,637,0,0,0.0016730966
2587,706,310,0,0,0.016422346
2588,594,521,0,0,0.0015678732
2589,619,138,0,0,0.0031335903
2590,502,856,0,0,0.0006090997
2591,457,544,1,1,0.94144446
2592,584,465,0,0,0.02498186
2593,118,937,0,0,0.011787232
2594,253,738,0,0,0.052338753
2595,826,118,0,0,0.004516063
2596,461,938,0,0,0.005173468
2597,69,164,0,0,0.0010728396
2598,936,247,0,0,0.0007974204
2599,568,531,0,0,0.004941271
2600,797,473,0,0,0.096081324
2601,523,309,0,0,0.101756975
2602,812,275,0,0,0.008667324
2603,288,939,0,1,0.7899275
2604,874,300,0,0,0.038725127
2605,138,762,0,0,0.0011865044
2606,753,45,0,0,0.0035867572
2607,916,121,0,1,0.97525114
2608,937,712,0,0,0.0010312137
2609,583,830,0,0,0.036398843
2610,711,209,0,0,0.001221969
2611,365,906,0,0,0.0022262703
2612,523,856,0,0,0.066884056
2613,519,188,0,0,0.0030617572
2614,938,294,0,0,0.009819961
2615,344,496,0,0,0.009736527
2616,717,253,0,0,0.0015953227
2617,562,329,0,0,0.0007235611
2618,443,809,0,0,0.001334261
2619,580,2,0,0,0.0028649168
2620,253,940,1,1,0.90793866
2621,476,710,0,0,0.026496919
2622,380,97,1,1,0.9639194
2623,939,838,0,0,0.0049972795
2624,16,299,1,1,0.91588056
2625,423,199,0,0,0.008660735
2626,196,157,0,0,0.0013174879
2627,648,515,0,1,0.90278023
2628,606,232,0,0,0.05090534
2629,503,700,0,0,0.05731212
2630,601,424,0,0,0.0009863625
2631,540,366,0,0,0.025089853
2632,84,496,0,0,0.0016232205
2633,803,862,0,1,0.759948
2634,56,124,0,0,0.0024919643
2635,443,245,0,1,0.70308834
2636,129,545,0,0,0.0026856102
2637,894,594,0,0,0.0037287665
2638,86,778,0,0,0.000773267
2639,357,642,0,0,0.016656572
2640,48,97,0,0,0.0012213454
2641,350,869,0,1,0.9851022
2642,258,210,0,1,0.5429283
2643,894,295,0,0,0.0020362216
2644,92,494,0,0,0.008358106
2645,169,925,0,0,0.0014744967
2646,14,19,0,0,0.0018486276
2647,881,383,0,1,0.7646743
2648,405,156,0,0,0.0007535557
2649,401,941,0,0,0.01532316
2650,655,769,0,1,0.8049886
2651,425,141,0,0,0.0018738235
2652,929,748,0,0,0.0014436301
2653,730,346,0,0,0.0017581752
2654,702,384,0,0,0.40074548
2655,780,78,0,0,0.00110834
2656,619,701,0,0,0.0009417699
2657,940,147,0,0,0.012461812
2658,80,780,0,0,0.009206999
2659,65,594,0,0,0.0016793597
2660,205,522,0,1,0.9784461
2661,60,712,1,1,0.7180765
2662,100,459,1,1,0.58738536
2663,445,549,0,0,0.1667164
2664,377,465,0,0,0.0067205313
2665,348,72,0,0,0.05877756
2666,103,596,0,0,0.0011328517
2667,288,740,0,0,0.06378495
2668,862,616,0,1,0.9745205
2669,134,696,0,0,0.00095014233
2670,281,714,0,0,0.030131035
2671,270,776,0,1,0.91232455
2672,171,98,0,0,0.0024717918
2673,684,265,0,0,0.189741
2674,48,439,1,1,0.50452304
2675,673,765,0,0,0.0018951839
2676,715,47,0,0,0.034683302
2677,32,215,0,0,0.0013337142
2678,543,869,0,0,0.006159863
2679,693,138,0,0,0.0019972906
2680,285,615,0,0,0.007803526
2681,365,870,0,0,0.0010606433
2682,855,95,0,0,0.0020831423
2683,195,838,0,1,0.9567453
2684,489,505,0,0,0.0015375474
2685,176,942,1,1,0.7593042
2686,505,12,0,1,0.8730829
2687,130,203,0,0,0.022395955
2688,95,477,0,0,0.17429434
2689,249,576,0,0,0.00107302
2690,335,943,0,0,0.00065641006
2691,545,807,1,1,0.7945792
2692,941,377,0,0,0.0021267778
2693,77,372,0,0,0.0016001163
2694,858,395,1,1,0.98202825
2695,264,332,0,1,0.8957563
2696,942,810,0,1,0.774522
2697,549,944,0,1,0.85500616
2698,901,623,0,0,0.00074384926
2699,16,715,0,0,0.34694773
2700,942,251,0,0,0.0017529648
2701,300,945,0,0,0.09658723
2702,807,946,0,0,0.0077460273
2703,421,279,0,0,0.005722938
2704,121,12,0,1,0.9832297
2705,871,71,0,0,0.0011454026
2706,873,397,0,0,0.0013393156
2707,693,801,0,0,0.0007969308
2708,589,106,0,0,0.0012507216
2709,272,672,0,0,0.0009404209
2710,283,266,0,0,0.25674295
2711,615,315,0,1,0.85427076
2712,83,243,0,0,0.0017434658
2713,104,916,0,0,0.05317821
2714,910,329,0,0,0.00494688
2715,25,368,0,0,0.0013395419
2716,67,812,0,0,0.008385035
2717,563,523,1,1,0.9735169
2718,865,699,0,1,0.8987308
2719,390,201,0,0,0.0018802761
2720,40,860,0,0,0.050678737
2721,368,121,0,0,0.00043519144
2722,108,46,0,0,0.2312633
2723,630,90,0,0,0.30480084
2724,847,42,0,1,0.78989726
2725,616,143,0,0,0.00088328525
2726,114,480,0,0,0.001406245
2727,943,467,0,1,0.8104248
2728,391,421,0,0,0.0025964973
2729,766,944,0,0,0.11671096
2730,253,889,0,0,0.0011366355
2731,790,194,0,0,0.0012917689
2732,739,14,0,0,0.003891692
2733,152,166,0,0,0.004091379
2734,195,846,0,1,0.8486904
2735,18,636,0,0,0.22821712
2736,307,585,0,0,0.00072413986
2737,944,719,0,1,0.6618091
2738,893,212,0,1,0.8885018
2739,448,514,0,0,0.0029602326
2740,641,567,0,0,0.0022328661
2741,288,739,0,1,0.79948413
2742,914,109,0,0,0.007305551
2743,474,826,0,1,0.838514
2744,437,718,0,0,0.0010964439
2745,489,155,0,0,0.0010646806
2746,521,947,0,0,0.025751501
2747,829,522,0,0,0.34674713
2748,258,16,0,0,0.46958014
2749,945,911,1,1,0.955896
2750,582,511,0,0,0.00945409
2751,434,748,0,0,0.0010416042
2752,925,609,0,0,0.008113246
2753,799,435,0,0,0.0014885212
2754,492,774,0,0,0.0035996244
2755,584,888,0,0,0.0032848853
2756,691,166,0,0,0.00057437486
2757,687,948,0,1,0.9285943
2758,348,936,0,0,0.007150246
2759,433,705,0,0,0.0028542285
2760,114,377,0,0,0.000931037
2761,281,241,0,0,0.083269075
2762,873,574,0,0,0.0026533334
2763,702,736,0,1,0.88630897
2764,60,269,0,1,0.5053647
2765,251,56,0,0,0.007308252
2766,340,255,0,1,0.8114028
2767,541,11,0,0,0.006404935
2768,664,521,0,0,0.004044941
2769,163,152,0,0,0.0018298234
2770,946,894,0,0,0.0007268092
2771,718,447,0,0,0.024842318
2772,944,259,0,0,0.024752097
2773,872,7,0,0,0.004388889
2774,479,105,0,0,0.054592457
2775,205,518,0,1,0.9007969
2776,237,949,0,0,0.011652808
2777,19,585,0,0,0.0018971186
2778,163,950,0,0,0.016504616
2779,394,278,0,1,0.83504134
2780,279,34,0,0,0.00944519
2781,801,246,0,1,0.961643
2782,331,880,0,0,0.0009238964
2783,270,79,0,0,0.0016332663
2784,50,129,1,1,0.95028657
2785,366,625,0,0,0.0062789437
2786,731,916,0,0,0.004272267
2787,337,810,0,0,0.0010686009
2788,477,897,0,0,0.0008859176
2789,947,65,1,1,0.9293343
2790,427,930,1,1,0.99199134
2791,495,951,1,1,0.9570078
2792,569,234,0,0,0.0006521163
2793,745,223,0,0,0.1341463
2794,698,260,0,0,0.0013082075
2795,98,807,0,0,0.0009348891
2796,433,332,0,0,0.0012196562
2797,641,906,0,0,0.005529886
2798,689,123,0,1,0.50758654
2799,347,399,0,1,0.6800545
2800,948,205,0,0,0.001552981
2801,306,537,0,1,0.8605879
2802,168,899,0,0,0.0052384366
2803,234,698,0,0,0.0044899723
2804,65,225,0,0,0.18003595
2805,906,889,0,0,0.00086238503
2806,579,393,0,1,0.5910144
2807,893,17,0,0,0.43015394
2808,414,255,0,1,0.8137517
2809,785,826,0,0,0.0010453062
2810,132,307,1,0,0.23997542
2811,494,679,0,0,0.0009392764
2812,279,774,0,1,0.9258286
2813,95,216,0,1,0.904627
2814,281,87,0,0,0.06294965
2815,665,252,0,0,0.050728057
2816,399,854,0,0,0.00081801345
2817,15,12,0,1,0.8740192
2818,306,213,0,0,0.0013781223
2819,142,578,0,0,0.00043806268
2820,949,52,0,0,0.0038419361
2821,492,379,0,0,0.00045653977
2822,541,522,0,0,0.0034755294
2823,462,168,0,1,0.8707014
2824,778,711,0,0,0.027976915
2825,63,117,0,1,0.8974459
2826,190,250,0,0,0.34965155
2827,950,447,0,0,0.048053607
2828,723,779,0,0,0.0042306334
2829,951,494,0,0,0.097472414
2830,239,40,0,0,0.04377143
2831,457,241,0,0,0.0014852152
2832,77,236,0,0,0.0026241501
2833,13,805,0,0,0.47838047
2834,62,86,0,1,0.9512634
2835,652,952,0,1,0.97632027
2836,826,908,0,0,0.0060184794
2837,916,784,1,1,0.96475554
2838,141,326,0,0,0.0056758793
2839,435,118,0,0,0.010191492
2840,780,350,0,0,0.0007975066
2841,664,659,0,0,0.00089823495
2842,812,953,0,0,0.02237848
2843,829,145,0,0,0.0015742074
2844,705,77,1,1,0.93718207
2845,153,67,0,0,0.0022411668
2846,508,656,0,0,0.002545524
2847,547,166,0,0,0.0008271982
2848,106,780,0,0,0.002030938
2849,277,259,0,0,0.07882935
2850,193,373,0,1,0.67561454
2851,300,267,0,1,0.59045446
2852,208,740,0,1,0.8393355
2853,620,739,0,1,0.86040306
2854,588,431,0,0,0.009582339
2855,417,214,0,0,0.0014451363
2856,148,9,0,0,0.0010058782
2857,528,230,0,0,0.0008675535
2858,385,762,0,0,0.45518658
2859,783,669,0,1,0.55930823
2860,793,457,0,1,0.83077765
2861,887,59,0,0,0.15787062
2862,276,320,0,0,0.0030111321
2863,870,73,0,1,0.8329156
2864,504,266,0,0,0.005321394
2865,300,414,1,1,0.97674847
2866,532,82,1,1,0.9688657
2867,926,625,0,0,0.0023187362
2868,319,954,0,0,0.032719333
2869,296,814,0,1,0.9006484
2870,776,159,0,0,0.0015630235
2871,325,762,0,0,0.0011629376
2872,409,674,0,0,0.0019303536
2873,50,708,0,0,0.0027651016
2874,423,100,0,1,0.91550666
2875,639,715,0,0,0.0040774215
2876,952,194,0,0,0.03378055
2877,953,430,0,0,0.001883756
2878,222,87,0,0,0.008126853
2879,843,160,0,0,0.0027476742
2880,462,560,0,1,0.95140034
2881,625,123,0,1,0.9483474
2882,469,738,1,0,0.48298615
2883,547,107,0,0,0.0010090464
2884,280,283,0,0,0.0035542431
2885,615,413,0,0,0.02484687
2886,820,10,0,0,0.0014603733
2887,25,468,0,0,0.00093485607
2888,749,154,0,0,0.43136188
2889,616,585,0,0,0.019520681
2890,856,955,1,1,0.9461691
2891,954,72,0,0,0.0184777
2892,155,331,0,0,0.0024074777
2893,511,654,0,0,0.000616509
2894,830,382,0,0,0.005566978
2895,346,244,0,0,0.0012921017
2896,955,942,0,0,0.007202048
2897,709,16,0,0,0.004979148
2898,180,687,0,0,0.0046671955
2899,365,274,0,0,0.002345818
2900,71,414,0,0,0.026350953
2901,171,572,0,0,0.0011490723
2902,733,789,0,0,0.017511714
2903,877,788,0,0,0.0038051559
2904,183,953,0,0,0.00061064906
2905,726,769,0,0,0.0010571369
2906,178,780,0,0,0.002204622
2907,62,824,0,0,0.02887959
2908,213,824,0,0,0.003092275
2909,183,522,0,1,0.8862953
2910,414,956,0,0,0.0009342494
2911,546,589,0,0,0.0024092854
2912,143,123,0,0,0.00174306
2913,566,525,0,0,0.0016212033
2914,357,957,0,0,0.06621391
2915,839,647,0,0,0.0027537108
2916,778,382,0,0,0.0034916603
2917,5,471,0,0,0.039060164
2918,125,198,0,0,0.00052987604
2919,653,958,0,0,0.0027864976
2920,930,670,0,0,0.020213919
2921,492,125,0,0,0.021483945
2922,606,597,1,0,0.39132935
2923,38,959,0,0,0.0013033777
2924,548,159,1,1,0.90631235
2925,181,870,0,0,0.0067532207
2926,68,850,0,0,0.22457369
2927,211,167,0,0,0.006889315
2928,65,374,0,0,0.326387
2929,36,598,0,0,0.0025890972
2930,312,82,0,0,0.0006558976
2931,488,714,1,1,0.9745315
2932,290,555,0,1,0.7547178
2933,261,373,0,0,0.1497176
2934,722,518,0,1,0.9691561
2935,415,433,0,0,0.0010973676
2936,956,310,1,1,0.9073673
2937,38,535,0,0,0.001192032
2938,84,257,0,0,0.0074025765
2939,560,610,0,1,0.96420103
2940,957,205,0,0,0.0012556543
2941,891,387,0,0,0.009220149
2942,958,605,0,1,0.84178793
2943,717,960,0,1,0.9885365
2944,16,635,0,0,0.0015724668
2945,300,18,1,1,0.63117117
2946,889,613,0,0,0.004643534
2947,816,133,0,0,0.003443622
2948,140,583,0,0,0.0018655912
2949,806,425,1,1,0.940069
2950,927,572,0,0,0.44422618
2951,232,699,0,0,0.0014965942
2952,158,242,0,0,0.39721203
2953,1,352,0,0,0.0023823765
2954,93,961,0,0,0.001549343
2955,96,222,0,1,0.9246147
2956,886,290,0,0,0.3358006
2957,959,6,0,0,0.0012594387
2958,70,559,0,0,0.0013256063
2959,728,120,0,1,0.6966027
2960,335,962,0,0,0.0057321186
2961,178,963,0,0,0.0015700916
2962,144,224,0,0,0.043235544
2963,517,161,0,1,0.92018205
2964,175,646,0,1,0.922618
2965,55,203,0,0,0.0011031937
2966,213,728,0,0,0.03362935
2967,346,818,0,0,0.010211854
2968,490,428,0,0,0.008433488
2969,642,800,0,0,0.31305462
2970,359,369,0,0,0.0052645067
2971,409,388,0,0,0.21703666
2972,742,445,0,0,0.01604659
2973,555,616,0,0,0.005723065
2974,558,334,0,0,0.0012107043
2975,414,206,0,1,0.9407068
2976,763,421,0,0,0.003371983
2977,209,643,0,1,0.9703131
2978,945,308,0,1,0.96683997
2979,550,115,0,0,0.0013750965
2980,546,848,0,0,0.0047369874
2981,65,31,0,0,0.33277857
2982,202,416,0,0,0.00062989217
2983,923,611,0,0,0.012987435
2984,227,908,1,1,0.9419381
2985,766,178,0,0,0.36695722
2986,948,75,0,0,0.0012775693
2987,662,637,0,1,0.52838737
2988,116,53,0,0,0.0010952527
2989,151,486,0,0,0.0044323364
2990,119,706,0,0,0.0027694993
2991,825,406,0,0,0.0011750746
2992,138,519,0,0,0.20379686
2993,104,42,0,1,0.8215535
2994,58,189,0,0,0.0016806993
2995,883,924,0,0,0.0069702715
2996,937,650,0,0,0.0013894936
2997,289,324,0,0,0.001969534
2998,257,163,0,0,0.00082301354
2999,884,885,1,1,0.9281865
3000,154,728,0,0,0.003596279
3001,123,797,0,0,0.0009481036
3002,484,553,0,0,0.49591085
3003,55,530,0,0,0.20443724
3004,493,572,1,1,0.5964148
3005,50,188,0,0,0.031859383
3006,802,509,0,0,0.1341463
3007,779,889,0,0,0.018034456
3008,948,39,1,0,0.43081662
3009,32,478,0,0,0.0009777392
3010,259,909,0,0,0.0049039233
3011,510,10,0,0,0.049330045
3012,960,843,0,0,0.028252965
3013,461,96,0,0,0.001517875
3014,613,767,0,0,0.27125564
3015,37,818,0,0,0.0018426436
3016,961,238,0,0,0.0010588816
3017,777,114,0,0,0.0027672998
3018,269,88,0,1,0.8908627
3019,358,804,1,1,0.90077233
3020,687,689,0,0,0.0063747093
3021,895,294,0,0,0.001066386
3022,69,697,0,0,0.0015988774
3023,5,774,0,0,0.0016808097
3024,570,897,0,0,0.00085611106
3025,339,441,0,1,0.9677861
3026,717,324,0,1,0.90493315
3027,223,796,0,1,0.86507666
3028,634,143,0,1,0.8562934
3029,650,309,0,1,0.8734152
3030,780,168,0,1,0.97724086
3031,923,62,1,1,0.9931143
3032,655,649,0,0,0.0011408166
3033,229,617,0,0,0.05661685
3034,275,101,0,1,0.7520061
3035,468,280,0,0,0.0010759716
3036,61,643,0,0,0.053001214
3037,301,659,1,1,0.87794846
3038,301,825,0,0,0.0040783454
3039,142,488,0,1,0.632678
3040,254,897,0,0,0.004192655
3041,165,753,0,1,0.67272085
3042,312,899,1,1,0.96018696
3043,962,664,0,0,0.0021098806
3044,792,817,0,0,0.004902069
3045,788,751,0,0,0.0010493911
3046,670,524,0,0,0.0012545228
3047,100,498,0,0,0.008842786
3048,206,232,0,1,0.5215144
3049,111,471,0,0,0.019170532
3050,170,683,0,0,0.004049335
3051,23,464,0,0,0.00094008184
3052,949,280,0,0,0.08552041
3053,327,615,0,1,0.62509066
3054,605,887,0,0,0.049846053
3055,461,408,0,0,0.0016174829
3056,37,783,0,0,0.00075635646
3057,309,833,1,1,0.9266171
3058,49,132,0,0,0.002179491
3059,679,333,1,1,0.77577895
3060,736,666,0,0,0.0018411558
3061,436,270,0,0,0.014412568
3062,16,267,0,0,0.0034167154
3063,200,10,0,0,0.002218504
3064,335,830,0,0,0.030624915
3065,244,720,0,1,0.98275167
3066,260,485,0,0,0.0017495587
3067,558,964,0,0,0.0011073016
3068,77,604,0,0,0.18608665
3069,884,308,0,0,0.001169488
3070,202,513,0,0,0.0005925368
3071,287,776,1,1,0.9676404
3072,886,722,0,0,0.22868389
3073,809,1,0,0,0.0021096438
3074,890,633,0,1,0.9083605
3075,631,424,0,0,0.0016922655
3076,619,896,0,0,0.0004926383
3077,258,715,1,1,0.64881533
3078,65,240,0,1,0.86489695
3079,133,278,0,0,0.3554881
3080,843,698,0,0,0.22055458
3081,199,582,0,0,0.0042406507
3082,356,17,0,0,0.24621962
3083,707,313,0,0,0.15248835
3084,728,897,0,0,0.0006253902
3085,461,225,0,0,0.0008491615
3086,211,560,0,0,0.2270079
3087,519,189,0,0,0.0017470963
3088,864,228,0,0,0.011734073
3089,808,702,0,0,0.0017711576
3090,629,333,0,1,0.80756164
3091,581,965,0,0,0.010197372
3092,945,664,0,0,0.0018024868
3093,960,9,0,0,0.0015663555
3094,740,602,0,0,0.026612068
3095,893,108,0,1,0.985609
3096,375,371,0,0,0.02523164
3097,456,779,0,0,0.3331019
3098,557,692,0,0,0.00096992566
3099,792,581,0,0,0.0025856344
3100,879,646,0,0,0.0012899823
3101,8,486,0,0,0.0016253121
3102,78,583,0,0,0.008103042
3103,681,390,0,0,0.0006335555
3104,642,785,0,0,0.0007330089
3105,653,950,0,1,0.70766044
3106,800,319,0,0,0.18454759
3107,536,133,0,0,0.0007038983
3108,306,180,0,1,0.7816693
3109,834,760,0,0,0.48106512
3110,375,475,0,0,0.00050863455
3111,564,615,0,0,0.10433393
3112,470,895,0,0,0.0006801828
3113,401,469,0,1,0.8796613
3114,85,425,0,0,0.11515693
3115,827,847,0,1,0.8514053
3116,248,58,0,0,0.0010268673
3117,746,742,0,0,0.0011324729
3118,275,815,0,0,0.002147266
3119,963,64,0,0,0.009628112
3120,938,11,1,1,0.9744154
3121,465,647,0,0,0.00083233474
3122,55,231,0,0,0.2819953
3123,655,704,0,1,0.6813755
3124,88,389,0,0,0.0026083519
3125,759,519,1,0,0.26046848
3126,751,52,0,0,0.023900067
3127,864,941,0,1,0.5820569
3128,964,690,1,1,0.92305374
3129,15,160,0,0,0.0011537601
3130,464,933,0,0,0.0014269556
3131,89,82,0,0,0.0014895202
3132,625,940,0,1,0.7370195
3133,384,16,0,1,0.7671536
3134,77,15,0,1,0.69908273
3135,201,154,0,0,0.015161214
3136,210,966,0,1,0.79527086
3137,501,2,0,0,0.003173983
3138,661,594,0,0,0.00097591704
3139,349,532,0,0,0.0030289337
3140,511,266,0,0,0.003745396
3141,234,41,0,0,0.0028627967
3142,832,552,0,0,0.0006475232
3143,380,209,0,1,0.98581576
3144,196,786,0,0,0.0053278017
3145,454,438,0,0,0.004233535
3146,619,851,0,0,0.10782143
3147,823,354,0,0,0.0032856101
3148,834,858,0,1,0.86604315
3149,270,640,0,1,0.93590903
3150,510,65,0,0,0.0015522069
3151,328,388,0,0,0.18686563
3152,627,41,0,1,0.98887503
3153,943,432,0,0,0.2958916
3154,11,820,0,0,0.119201116
3155,821,223,0,0,0.4965468
3156,162,852,0,0,0.0012066972
3157,336,765,1,1,0.87515014
3158,818,39,0,0,0.012398239
3159,0,576,0,1,0.97514457
3160,637,847,0,0,0.0009071736
3161,699,391,0,0,0.023214446
3162,435,76,0,0,0.0010112061
3163,546,121,0,0,0.006634221
3164,434,486,0,0,0.0034355773
3165,716,87,0,0,0.0009274619
3166,573,684,0,0,0.0014515939
3167,584,71,0,0,0.16765974
3168,604,227,0,0,0.0050416575
3169,490,397,0,0,0.0049928757
3170,680,54,0,0,0.09794251
3171,241,354,0,0,0.00054745923
3172,441,819,0,1,0.82566875
3173,822,284,0,0,0.00068574486
3174,877,343,0,0,0.019431274
3175,79,967,0,0,0.0008581349
3176,288,678,0,0,0.076602966
3177,478,507,0,0,0.23917733
3178,850,846,0,0,0.21949376
3179,449,383,0,1,0.9309124
3180,908,24,0,0,0.0015967239
3181,527,717,0,0,0.0051013283
3182,3,455,0,0,0.00066840515
3183,246,144,0,0,0.006683481
3184,514,875,0,0,0.011621086
3185,747,343,1,1,0.86775935
3186,731,799,0,0,0.0069891824
3187,593,430,1,1,0.82548535
3188,690,802,0,0,0.000716502
3189,809,950,0,0,0.025174148
3190,701,569,0,0,0.0013267815
3191,332,236,0,0,0.0024990672
3192,904,610,0,1,0.74528354
3193,775,319,0,0,0.033339083
3194,347,192,0,0,0.45843565
3195,164,101,0,1,0.9146612
3196,62,495,0,0,0.0012442116
3197,539,152,0,0,0.0038959456
3198,435,143,0,0,0.0015495075
3199,306,445,0,0,0.0010835816
3200,588,578,0,0,0.12127453
3201,965,432,0,0,0.012837466
3202,753,455,0,0,0.001113619
3203,930,238,0,0,0.0014533133
3204,287,690,0,0,0.0015263866
3205,662,236,0,0,0.054873355
3206,397,4,0,0,0.0021666165
3207,69,673,0,0,0.002103559
3208,164,127,0,1,0.76808
3209,966,80,0,0,0.0013104117
3210,935,440,0,1,0.97764355
3211,844,785,0,0,0.06774417
3212,143,512,0,0,0.004495942
3213,186,451,0,0,0.3049166
3214,44,101,0,0,0.07148223
3215,640,194,0,0,0.0012458059
3216,737,90,0,1,0.9664024
3217,321,626,0,1,0.8107114
3218,45,537,0,0,0.0009108177
3219,468,213,0,1,0.97962713
3220,77,784,0,1,0.8673682
3221,318,968,0,0,0.21444865
3222,180,688,0,0,0.004723489
3223,460,891,0,0,0.18319145
3224,694,910,0,0,0.000928388
3225,815,969,0,0,0.00072140124
3226,100,770,0,0,0.0040718485
3227,967,61,0,0,0.00731932
3228,573,228,1,1,0.907225
3229,106,896,0,0,0.0014973255
3230,302,882,0,0,0.001561953
3231,501,147,0,0,0.0067765447
3232,398,734,0,0,0.002937459
3233,317,107,0,0,0.01406979
3234,86,274,0,0,0.0033945323
3235,53,855,0,0,0.14039943
3236,502,130,0,0,0.003396843
3237,835,77,0,0,0.0011551622
3238,379,508,1,1,0.76513374
3239,517,754,0,0,0.09173171
3240,852,825,0,0,0.02139651
3241,368,815,0,0,0.000978357
3242,926,970,0,0,0.002034694
3243,73,74,0,0,0.0101355575
3244,365,851,0,0,0.0016530164
3245,445,765,0,1,0.8580691
3246,445,570,0,0,0.0019694983
3247,968,617,0,0,0.00072545354
3248,32,912,0,0,0.0021544727
3249,832,753,0,0,0.0009766932
3250,183,966,0,0,0.032427296
3251,133,878,0,0,0.0030147142
3252,718,390,0,0,0.0018169467
3253,969,170,0,0,0.0013268056
3254,33,209,0,0,0.0011514609
3255,587,333,0,0,0.001236396
3256,766,512,0,0,0.028558072
3257,836,755,0,1,0.7249854
3258,562,261,0,0,0.22991133
3259,437,474,0,0,0.0016963215
3260,337,518,0,0,0.4631349
3261,277,757,0,1,0.6752572
3262,725,92,0,0,0.0023744307
3263,369,457,0,1,0.8836591
3264,220,683,0,0,0.006509652
3265,73,888,0,0,0.0056805126
3266,114,718,0,0,0.001953139
3267,429,117,0,0,0.007737387
3268,786,97,0,0,0.004847224
3269,762,108,0,0,0.0102985995
3270,787,873,0,0,0.010131425
3271,264,639,0,1,0.9567556
3272,189,797,0,0,0.0011443513
3273,390,32,0,0,0.33647218
3274,458,514,0,0,0.008257204
3275,95,399,0,1,0.9620869
3276,49,874,0,0,0.0015232053
3277,676,336,0,0,0.0009876282
3278,47,403,0,0,0.0032342398
3279,287,911,0,1,0.56631875
3280,170,793,0,0,0.0030664008
3281,970,271,0,0,0.0004952618
3282,312,305,0,0,0.0007439368
3283,53,54,0,0,0.2909584
3284,426,817,0,0,0.46948114
3285,461,681,0,0,0.002165081
3286,690,189,0,0,0.001145264
3287,638,832,0,0,0.08583213
3288,204,761,0,0,0.0013654486
3289,566,131,0,0,0.13612856
3290,292,607,1,1,0.9896365
3291,754,9,1,1,0.83226496
3292,342,63,0,0,0.0031250701
3293,574,971,0,0,0.0016535564
3294,591,458,0,0,0.0050923284
3295,380,691,0,0,0.08655602
3296,818,111,0,0,0.0142726535
3297,712,71,0,0,0.012637825
3298,387,566,0,0,0.0015710121
3299,867,349,0,0,0.0005742865
3300,69,466,0,0,0.0008612013
3301,971,225,0,0,0.0011038181
3302,871,300,0,0,0.008322726
3303,915,97,0,0,0.0017124041
3304,224,410,0,1,0.9325806
3305,451,919,0,0,0.0050904956
3306,230,89,0,0,0.0014400629
3307,19,271,0,0,0.0039004453
3308,242,694,1,1,0.89467835
3309,263,271,0,0,0.0014881705
3310,297,924,0,0,0.0036070084
3311,50,377,0,1,0.88645035
3312,451,972,0,0,0.004137132
3313,28,68,0,0,0.10298381
3314,84,415,0,0,0.43408135
3315,933,819,0,1,0.9601231
3316,583,749,0,0,0.0019215534
3317,125,724,0,0,0.008070634
3318,934,225,0,0,0.0077634114
3319,332,150,0,0,0.0010439099
3320,155,414,0,0,0.46311554
3321,406,531,0,0,0.029807115
3322,841,892,0,0,0.40049186
3323,925,878,1,1,0.87499
3324,751,667,0,0,0.0009109714
3325,186,469,0,0,0.086715184
3326,480,190,0,0,0.0037947746
3327,380,705,0,1,0.9627136
3328,121,604,0,1,0.8790859
3329,154,310,0,0,0.005380111
3330,209,297,0,0,0.000535549
3331,211,651,0,1,0.86843807
3332,598,794,0,0,0.00096033135
3333,295,951,0,0,0.0014974261
3334,61,645,0,0,0.028487517
3335,898,84,0,0,0.0011716478
3336,60,715,0,0,0.48159125
3337,104,941,0,0,0.0033732427
3338,578,839,0,0,0.4441661
3339,780,831,0,0,0.009095285
3340,897,283,0,0,0.0010892552
3341,460,396,0,0,0.007922996
3342,692,931,0,0,0.015962956
3343,972,736,1,1,0.90983176
3344,281,224,0,0,0.25016487
3345,183,710,0,0,0.0004843061
3346,641,190,0,0,0.002111998
3347,118,729,0,0,0.0052013258
3348,300,901,0,0,0.0005210042
3349,950,1,0,1,0.8309994
3350,390,229,0,0,0.000582995
3351,733,765,0,0,0.003342937
3352,973,107,0,0,0.0026773964
3353,65,315,0,0,0.003636723
3354,322,752,0,0,0.0016800177
3355,800,135,0,0,0.0024287098
3356,310,429,0,0,0.1963339
3357,143,4,0,0,0.05912767
3358,290,565,0,0,0.009159746
3359,49,382,0,0,0.0010019596
3360,933,504,0,0,0.0033896205
3361,192,408,1,1,0.9840247
3362,252,438,0,0,0.0018570571
3363,351,68,0,0,0.10019406
3364,116,199,0,0,0.0019427331
3365,91,639,0,1,0.77378994
3366,837,30,1,1,0.9744959
3367,59,605,0,0,0.002758429
3368,52,90,0,1,0.8661987
3369,39,932,0,0,0.033942856
3370,974,502,1,1,0.94770616
3371,754,931,0,0,0.005593589
3372,696,434,0,0,0.4403492
3373,249,592,0,0,0.004019287
3374,655,952,0,1,0.53964454
3375,945,231,0,0,0.001413262
3376,243,206,0,1,0.9623443
3377,407,127,0,0,0.030713696
3378,471,511,0,0,0.0030322876
3379,587,788,0,0,0.0037527243
3380,110,882,0,0,0.0017743971
3381,500,385,0,0,0.0027620883
3382,47,710,0,1,0.9291937
3383,766,402,0,1,0.7049358
3384,667,767,0,0,0.004264361
3385,972,909,0,0,0.013671572
3386,399,202,0,0,0.0015222388
3387,539,340,0,0,0.0021859684
3388,975,109,0,0,0.0016678545
3389,537,318,0,0,0.00087525166
3390,956,637,0,0,0.0024766382
3391,528,598,0,0,0.4842352
3392,561,788,0,0,0.008745897
3393,753,62,0,0,0.016620137
3394,676,536,0,0,0.001567444
3395,507,550,0,0,0.14811745
3396,971,561,0,0,0.004232335
3397,892,473,0,0,0.0025988892
3398,32,230,0,0,0.16425708
3399,717,875,0,1,0.88168734
3400,36,217,0,0,0.29887903
3401,607,868,0,0,0.0005959098
3402,233,822,1,1,0.8128432
3403,853,932,1,1,0.9439766
3404,255,434,0,0,0.041043334
3405,317,973,0,1,0.7651117
3406,255,872,0,0,0.007522021
3407,845,845,0,0,0.05563379
3408,629,577,1,1,0.98195004
3409,539,13,0,0,0.030592028
3410,414,548,0,1,0.95637476
3411,435,583,0,0,0.020724675
3412,489,436,0,0,0.22813386
3413,972,32,0,1,0.77762616
3414,205,271,0,0,0.0023547558
3415,873,865,0,0,0.0012520953
3416,517,683,0,0,0.0032021317
3417,946,484,0,0,0.00045612676
3418,926,447,0,1,0.58003014
3419,109,230,0,0,0.16194986
3420,953,589,0,0,0.0015793722
3421,638,230,0,0,0.00086395186
3422,567,711,0,0,0.0029189736
3423,757,654,0,0,0.0006747845
3424,628,25,0,0,0.01370539
3425,147,590,0,0,0.006730011
3426,566,137,0,1,0.80167776
3427,263,894,1,1,0.6664065
3428,281,496,0,0,0.015421612
3429,632,149,0,0,0.0070423624
3430,905,875,0,0,0.020452905
3431,803,695,0,0,0.010315253
3432,150,791,0,1,0.91241735
3433,121,672,0,0,0.0024171867
3434,820,714,0,0,0.003844921
3435,934,183,0,0,0.00088599604
3436,791,610,0,1,0.57227015
3437,472,925,0,0,0.0010134827
3438,149,311,0,1,0.75197124
3439,167,7,0,1,0.8987491
3440,163,218,1,1,0.8755362
3441,266,897,1,0,0.08779659
3442,424,291,0,0,0.025126463
3443,880,166,1,1,0.5126726
3444,138,427,0,0,0.47454956
3445,976,292,0,0,0.008088388
3446,43,399,0,0,0.0037642783
3447,37,683,0,0,0.002144502
3448,0,32,1,1,0.954009
3449,970,862,0,0,0.010566664
3450,353,974,0,0,0.00094369246
3451,413,975,0,0,0.00062121934
3452,496,165,0,0,0.20039994
3453,484,351,0,0,0.0061091646
3454,648,410,0,1,0.7112519
3455,378,86,0,1,0.51291895
3456,871,524,0,0,0.0016715713
3457,793,119,1,1,0.9620527
3458,628,789,0,0,0.101923995
3459,304,124,0,0,0.0021306532
3460,472,454,0,1,0.7019652
3461,561,162,0,1,0.94378084
3462,190,74,0,0,0.27837673
3463,211,450,0,0,0.110801056
3464,977,946,0,0,0.0006519144
3465,147,467,0,1,0.95789355
3466,512,515,0,0,0.27040464
3467,543,482,0,1,0.8386772
3468,768,51,0,1,0.7192373
3469,470,244,0,0,0.0017806405
3470,849,506,0,0,0.0008738604
3471,171,53,0,0,0.003614452
3472,36,895,0,1,0.91776884
3473,460,179,0,0,0.022584407
3474,73,635,0,0,0.0020415238
3475,477,541,0,0,0.00099391
3476,375,861,0,0,0.0008760063
3477,761,429,0,0,0.012428338
3478,821,758,0,0,0.084579766
3479,918,215,0,0,0.00064155855
3480,898,229,0,0,0.0040279836
3481,930,151,0,0,0.1862717
3482,31,217,1,1,0.94982195
3483,6,364,0,0,0.30707783
3484,827,705,0,1,0.7713084
3485,769,186,0,0,0.0009558653
3486,242,206,0,0,0.001503439
3487,869,422,1,1,0.94563097
3488,296,235,0,0,0.0018896412
3489,940,630,0,1,0.8890286
3490,15,784,0,0,0.44227096
3491,846,103,0,0,0.0010912712
3492,849,419,0,1,0.70903724
3493,197,972,0,0,0.00087787677
3494,13,963,1,1,0.8064661
3495,312,881,0,0,0.0010619148
3496,833,532,0,0,0.023152322
3497,686,8,0,0,0.004541882
3498,644,962,0,0,0.0021741386
3499,813,599,0,0,0.00081184274
3500,505,837,1,1,0.9096625
3501,533,899,0,0,0.0021830706
3502,290,435,0,0,0.46728495
3503,364,814,0,1,0.7450474
3504,141,8,0,0,0.007313723
3505,201,4,0,0,0.025622182
3506,563,324,0,0,0.0016962917
3507,172,505,0,0,0.2909567
3508,883,302,0,0,0.48310143
3509,770,644,0,0,0.0010191819
3510,806,251,0,0,0.001273893
3511,122,348,0,0,0.135282
3512,424,109,0,0,0.0016854488
3513,67,554,0,0,0.0019655575
3514,747,98,0,0,0.0010727625
3515,547,622,1,1,0.9930311
3516,357,359,0,1,0.9259345
3517,762,422,0,0,0.06988557
3518,109,670,0,0,0.001002681
3519,102,117,0,0,0.0022380275
3520,272,437,0,0,0.005938732
3521,60,537,0,0,0.0013219531
3522,853,683,0,0,0.008308055
3523,650,16,0,0,0.0044752983
3524,358,657,0,0,0.001750806
3525,329,431,0,0,0.0013045488
3526,978,657,0,1,0.88796234
3527,529,636,0,1,0.9841098
3528,288,651,0,1,0.59221363
3529,760,212,0,0,0.24466346
3530,407,767,0,0,0.06272968
3531,6,789,0,0,0.0015224194
3532,888,157,0,0,0.0045635984
3533,760,871,0,0,0.0018585109
3534,171,40,0,0,0.0035309838
3535,804,558,0,0,0.0028211463
3536,73,239,0,0,0.00075521955
3537,742,109,0,0,0.0023314208
3538,881,414,0,0,0.0021047625
3539,831,976,0,1,0.9664149
3540,757,308,0,1,0.96827614
3541,831,246,0,1,0.96012056
3542,489,684,0,0,0.04242215
3543,715,95,0,1,0.977847
3544,970,907,0,0,0.03129534
3545,595,506,0,0,0.005102681
3546,404,786,0,1,0.8656493
3547,588,962,0,0,0.0013062764
3548,73,977,0,1,0.84225744
3549,766,204,0,0,0.004354478
3550,484,56,0,1,0.7852771
3551,401,585,0,0,0.003877702
3552,117,381,0,0,0.0026757468
3553,364,456,1,1,0.810115
3554,512,967,0,0,0.0018763471
3555,382,285,0,0,0.0014478858
3556,116,962,0,0,0.016427709
3557,537,246,0,1,0.91873455
3558,306,181,0,0,0.0031282043
3559,400,796,1,0,0.22925803
3560,348,496,0,1,0.6325699
3561,235,205,0,0,0.1544287
3562,42,317,0,0,0.2017911
3563,318,399,0,1,0.95075095
3564,154,826,0,0,0.07030176
3565,877,746,0,0,0.0009753607
3566,442,772,0,1,0.8745383
3567,591,816,0,0,0.0012836013
3568,222,938,0,0,0.0007393414
3569,652,94,0,0,0.0064770784
3570,226,636,0,0,0.35331944
3571,849,135,0,0,0.0012985589
3572,300,667,0,0,0.11292999
3573,722,555,0,1,0.8500805
3574,630,834,0,0,0.00060683116
3575,49,959,0,0,0.0012426848
3576,924,899,0,1,0.68113494
3577,622,689,0,0,0.2377055
3578,976,222,0,0,0.0013279091
3579,237,77,0,0,0.012413557
3580,176,338,0,0,0.0011291966
3581,824,428,0,1,0.69284964
3582,911,740,0,1,0.89354295
3583,591,71,1,1,0.9608368
3584,498,745,0,0,0.04274232
3585,160,782,0,1,0.8766734
3586,69,816,0,0,0.014098924
3587,266,676,0,0,0.0011444935
3588,513,676,0,1,0.9635837
3589,82,14,0,0,0.01780505
3590,344,892,1,1,0.9856771
3591,391,967,0,0,0.0017499086
3592,670,185,0,1,0.59411156
3593,491,117,1,1,0.9876109
3594,816,818,0,0,0.0012714105
3595,222,396,0,0,0.03740832
3596,434,261,0,0,0.0010001628
3597,429,236,0,0,0.026371315
3598,552,405,0,0,0.043044213
3599,707,129,0,0,0.0030833946
3600,207,568,0,0,0.048580356
3601,704,83,0,0,0.0022356107
3602,62,55,0,0,0.13683796
3603,968,785,0,0,0.0013258934
3604,921,219,0,0,0.07028378
3605,469,95,0,1,0.8185576
3606,373,589,0,0,0.0013510867
3607,167,254,0,1,0.63711625
3608,943,551,0,1,0.8608722
3609,114,644,0,0,0.0020118246
3610,301,10,0,0,0.007166238
3611,978,630,0,0,0.007628751
3612,274,330,0,0,0.013722584
3613,979,689,0,0,0.27501905
3614,39,291,1,1,0.95441824
3615,480,694,0,0,0.0058719623
3616,534,479,0,0,0.1479629
3617,628,2,0,1,0.7993299
3618,419,477,0,0,0.0041316366
3619,211,345,0,0,0.00076549145
3620,745,6,0,0,0.114772245
3621,584,702,0,0,0.10606033
3622,592,532,0,0,0.0007416472
3623,645,630,1,1,0.96208006
3624,394,522,1,1,0.97686243
3625,584,593,0,0,0.05232329
3626,356,528,0,1,0.97388965
3627,122,469,0,0,0.0011839968
3628,205,195,0,0,0.42167142
3629,807,340,0,0,0.20165502
3630,945,710,0,1,0.9733085
3631,316,60,0,0,0.3431796
3632,258,484,0,0,0.005835782
3633,793,890,0,1,0.9418299
3634,696,433,0,1,0.87424684
3635,570,147,0,1,0.93539715
3636,715,179,0,0,0.103876434
3637,543,616,0,1,0.8163868
3638,549,419,0,0,0.07778589
3639,403,359,0,0,0.074221425
3640,689,242,0,0,0.42324147
3641,125,125,1,1,0.9614183
3642,427,14,0,0,0.0008656782
3643,717,741,0,0,0.0010551679
3644,980,61,0,1,0.5314985
3645,2,306,0,0,0.0011582407
3646,392,723,1,0,0.072811894
3647,756,93,0,0,0.0059354734
3648,220,216,1,1,0.8596053
3649,827,916,0,0,0.0030028494
3650,537,976,0,1,0.8984199
3651,643,671,0,1,0.98413706
3652,260,889,0,0,0.001039477
3653,847,106,0,1,0.893652
3654,658,47,1,1,0.9746108
3655,168,227,0,0,0.07148602
3656,981,192,0,0,0.00093628676
3657,955,147,0,0,0.044253737
3658,311,635,0,0,0.16738184
3659,823,945,0,1,0.52659905
3660,435,586,0,1,0.8324256
3661,703,327,0,0,0.0009834869
3662,686,961,0,1,0.8716511
3663,369,525,1,0,0.47857696
3664,33,88,0,0,0.006489816
3665,493,97,0,0,0.0012961538
3666,225,346,1,1,0.92191774
3667,557,880,0,0,0.4644682
3668,282,94,0,0,0.01835556
3669,508,948,0,0,0.09839322
3670,485,618,0,0,0.040063467
3671,896,770,0,0,0.0018797519
3672,159,947,0,0,0.0009981927
3673,488,733,0,0,0.0007658165
3674,37,868,0,0,0.00885145
3675,473,269,0,1,0.88621885
3676,777,250,0,0,0.00089617353
3677,753,762,0,0,0.0016821384
3678,679,978,0,0,0.0034406958
3679,473,715,1,1,0.9170377
3680,279,154,0,1,0.9829816
3681,47,172,0,0,0.0018434752
3682,31,679,0,1,0.6472304
3683,135,740,0,1,0.58669865
3684,83,604,0,0,0.0019337805
3685,211,587,0,0,0.0012038081
3686,451,748,0,0,0.0046697194
3687,929,550,0,0,0.0008190739
3688,133,178,0,0,0.065572776
3689,84,979,0,1,0.94326377
3690,972,980,0,1,0.76714325
3691,749,334,0,0,0.07699122
3692,567,683,0,0,0.23262814
3693,910,563,0,0,0.0013951787
3694,872,701,0,0,0.0013277826
3695,109,495,0,0,0.0009648859
3696,775,805,0,1,0.66597044
3697,893,151,0,0,0.00285173
3698,640,100,0,0,0.002366874
3699,382,653,0,0,0.0008211722
3700,673,717,0,0,0.0033559261
3701,218,222,0,0,0.017536664
3702,346,954,0,0,0.020304115
3703,541,467,0,1,0.9276541
3704,768,626,0,0,0.021092642
3705,743,374,0,0,0.0008582199
3706,170,71,0,0,0.0042507607
3707,620,89,0,0,0.0015397678
3708,34,491,0,0,0.0010702988
3709,511,937,0,0,0.04668084
3710,337,571,0,1,0.59206736
3711,911,300,0,1,0.70430726
3712,0,48,0,0,0.04376394
3713,319,61,0,0,0.0030216922
3714,152,357,0,0,0.0012857304
3715,376,358,0,0,0.0011414711
3716,304,419,0,0,0.0018642349
3717,678,327,0,0,0.0020959955
3718,122,455,1,1,0.9622616
3719,306,323,0,0,0.054134324
3720,399,491,1,1,0.9564968
3721,226,883,0,0,0.0010161496
3722,982,493,0,0,0.0027955156
3723,528,726,0,0,0.0020036127
3724,457,981,0,0,0.0014773717
3725,802,295,0,0,0.0019193152
3726,533,916,1,1,0.9718608
3727,769,224,0,0,0.003835281
3728,350,703,0,1,0.951359
3729,884,479,0,0,0.21709381
3730,69,573,0,0,0.0021368046
3731,738,817,0,0,0.4123956
3732,267,56,0,1,0.7949609
3733,983,475,1,1,0.8413505
3734,462,483,0,0,0.20646214
3735,930,453,0,1,0.9764755
3736,732,382,1,1,0.97783697
3737,906,769,0,0,0.007028731
3738,882,668,0,0,0.0034805303
3739,915,685,1,1,0.9068026
3740,583,938,0,0,0.0008723135
3741,297,844,0,0,0.036851816
3742,576,669,0,0,0.0837731
3743,596,330,0,0,0.0010814962
3744,79,318,1,1,0.9523239
3745,911,363,0,0,0.14692444
3746,578,392,0,1,0.7197004
3747,728,974,0,0,0.0015946788
3748,99,444,0,0,0.0012525354
3749,537,257,0,0,0.016297936
3750,467,658,1,1,0.9909938
3751,228,195,0,0,0.0023829818
3752,202,131,0,0,0.002132753
3753,299,712,0,1,0.7840814
3754,919,400,0,0,0.016850553
3755,917,344,0,0,0.0013854515
3756,278,34,0,1,0.95194364
3757,709,637,0,0,0.0006868057
3758,318,458,0,0,0.010369252
3759,296,22,0,0,0.008569067
3760,832,982,0,0,0.0015920913
3761,821,599,0,0,0.0011455641
3762,689,418,0,0,0.03277571
3763,935,111,1,1,0.9488635
3764,568,884,0,1,0.9738521
3765,444,588,0,1,0.97535634
3766,210,200,0,0,0.001691523
3767,187,646,0,0,0.026146535
3768,776,202,0,0,0.031822395
3769,102,647,0,0,0.0011142482
3770,76,847,0,0,0.0015936253
3771,314,305,0,1,0.9805001
3772,920,354,0,0,0.0010322355
3773,893,529,0,0,0.0008385873
3774,331,502,0,0,0.0017417272
3775,713,639,0,1,0.7808061
3776,936,632,0,0,0.000953094
3777,343,255,0,1,0.86489695
3778,783,583,0,0,0.01654876
3779,582,217,0,1,0.5416565
3780,336,417,0,0,0.0024869142
3781,827,537,1,1,0.9610499
3782,667,757,0,0,0.30756247
3783,457,382,0,0,0.00084384676
3784,711,290,0,0,0.16302705
3785,20,371,0,0,0.008213266
3786,893,979,1,1,0.8367393
3787,259,950,0,1,0.96783006
3788,621,684,0,0,0.0010477548
3789,399,506,0,0,0.0012965136
3790,856,811,0,0,0.00093650183
3791,520,653,0,0,0.0015495289
3792,596,729,0,0,0.35110313
3793,467,177,0,0,0.005414924
3794,61,294,0,1,0.9468609
3795,157,868,0,0,0.0010868675
3796,294,754,0,1,0.9066577
3797,648,642,0,0,0.36431557
3798,225,888,0,1,0.7102327
3799,582,597,0,0,0.0018216469
3800,229,806,0,0,0.0015297681
3801,974,423,0,0,0.01535216
3802,421,261,0,0,0.0083761355
3803,569,186,0,0,0.0012538215
3804,969,267,0,0,0.0017572932
3805,209,294,1,0,0.09410751
3806,691,275,0,0,0.038561728
3807,939,352,1,1,0.8977271
3808,327,27,0,1,0.96692723
3809,971,779,0,0,0.0010550121
3810,984,300,0,0,0.002750622
3811,217,662,0,0,0.0014344717
3812,441,609,0,1,0.68933564
3813,985,704,0,1,0.54752976
3814,792,825,0,1,0.8126925
3815,23,551,0,0,0.0039602607
3816,549,883,1,1,0.9500191
3817,135,300,0,1,0.5714341
3818,433,436,0,0,0.32160056
3819,975,881,1,1,0.8888248
3820,331,10,0,0,0.0016891934
3821,759,846,0,0,0.022128055
3822,843,572,0,0,0.00069664617
3823,127,830,0,0,0.12685257
3824,206,689,0,0,0.009348495
3825,26,476,0,0,0.002593401
3826,347,653,0,0,0.0011861495
3827,310,614,0,0,0.013279254
3828,763,966,0,0,0.0028036172
3829,380,263,0,0,0.001432525
3830,357,20,0,0,0.0020636006
3831,339,817,0,0,0.011951376
3832,158,212,0,0,0.028660333
3833,516,148,1,1,0.94896483
3834,26,461,0,0,0.00094775675
3835,86,865,0,0,0.0029473016
3836,280,950,0,0,0.0044985893
3837,31,966,1,1,0.822259
3838,7,118,0,0,0.0014492548
3839,808,898,0,0,0.002630704
3840,982,140,0,0,0.0018502226
3841,196,983,1,1,0.9262378
3842,158,12,0,0,0.015718035
3843,708,312,0,0,0.0005174806
3844,386,538,0,0,0.00046453488
3845,707,542,0,0,0.017746845
3846,1,554,0,1,0.6396908
3847,942,743,0,0,0.0015215056
3848,595,573,0,1,0.7621349
3849,432,344,0,0,0.0012440657
3850,221,167,0,0,0.01057947
3851,236,98,0,0,0.004123585
3852,443,635,0,0,0.0054528397
3853,628,406,0,0,0.011036781
3854,294,957,0,0,0.0074654683
3855,726,984,1,1,0.94918954
3856,244,961,0,1,0.81755996
3857,963,796,0,1,0.93648225
3858,286,308,0,0,0.00081888225
3859,439,399,0,1,0.8691523
3860,60,210,0,0,0.34694773
3861,646,171,0,1,0.95140505
3862,816,7,0,0,0.0683972
3863,535,879,0,1,0.7867647
3864,317,608,0,0,0.0037687707
3865,694,297,0,0,0.0017771578
3866,400,31,0,0,0.23955175
3867,493,960,0,0,0.031073831
3868,946,194,0,0,0.00629543
3869,162,629,0,0,0.003864744
3870,714,443,1,1,0.6482387
3871,362,73,0,0,0.001829393
3872,636,935,1,1,0.9437823
3873,790,28,0,0,0.0016052107
3874,486,433,0,1,0.809878
3875,79,448,0,0,0.35960692
3876,657,784,0,1,0.8813646
3877,624,265,0,0,0.001210626
3878,210,170,0,0,0.001659014
3879,120,559,0,0,0.0039826124
3880,211,459,0,0,0.0040675947
3881,693,985,0,0,0.02338568
3882,164,812,0,0,0.0016222215
3883,809,784,0,0,0.014243755
3884,67,314,0,0,0.005504657
3885,429,44,0,0,0.013471343
3886,98,783,0,0,0.004193844
3887,68,975,0,0,0.0319251
3888,813,833,0,0,0.0009922897
3889,402,976,0,1,0.8397514
3890,789,818,0,1,0.64194024
3891,442,450,0,1,0.9258192
3892,656,83,1,1,0.5053647
3893,431,275,0,0,0.0016833232
3894,281,355,0,0,0.049670305
3895,638,167,0,0,0.002583096
3896,827,13,0,0,0.001784501
3897,682,433,1,1,0.9184291
3898,957,51,0,0,0.00304612
3899,908,866,0,0,0.0010291188
3900,90,628,0,0,0.0038778565
3901,283,526,0,0,0.11790285
3902,691,104,1,1,0.76515543
3903,331,38,0,0,0.0016292298
3904,461,556,0,0,0.0073467377
3905,262,184,0,0,0.010405952
3906,669,163,0,0,0.0027921638
3907,613,745,0,0,0.059778657
3908,348,415,1,1,0.6337664
3909,310,982,0,0,0.0015367599
3910,546,16,0,0,0.0009011355
3911,913,394,0,0,0.0015394819
3912,79,484,0,0,0.005178983
3913,698,954,0,0,0.011897648
3914,812,825,0,0,0.020996636
3915,512,866,0,0,0.0019340024
3916,324,525,0,0,0.0011172817
3917,631,393,0,0,0.0031038697
3918,403,58,1,1,0.6800195
3919,958,548,0,0,0.020729141
3920,937,481,0,0,0.006616154
3921,131,101,0,0,0.0018078878
3922,914,698,0,0,0.23427202
3923,951,656,0,1,0.85071826
3924,78,512,0,0,0.005872605
3925,667,551,1,1,0.8619829
3926,580,245,0,0,0.2288921
3927,101,162,0,0,0.0021855899
3928,305,370,0,0,0.021520698
3929,606,298,0,0,0.00088364806
3930,201,437,0,0,0.007815437
3931,485,28,0,0,0.0010950748
3932,569,180,0,0,0.46688393
3933,227,544,0,0,0.0015149747
3934,699,451,0,0,0.46931082
3935,496,345,0,0,0.0032410044
3936,83,265,0,0,0.0017740459
3937,124,232,0,1,0.96743417
3938,669,135,0,0,0.0011440864
3939,725,138,0,0,0.0051645725
3940,728,463,0,0,0.0029471111
3941,951,475,0,1,0.6999954
3942,480,278,0,1,0.8116389
3943,986,138,0,0,0.0011230978
3944,131,11,0,0,0.0028355885
3945,868,917,0,0,0.0014296201
3946,879,985,0,0,0.0009129494
3947,873,727,0,0,0.0012921921
3948,779,389,0,1,0.57151556
3949,189,65,0,0,0.001674294
3950,772,671,0,0,0.002058158
3951,240,97,0,0,0.0014537277
3952,335,408,0,0,0.0006654499
3953,112,12,0,1,0.9704688
3954,833,246,0,0,0.0020297128
3955,415,784,0,0,0.00081306905
3956,971,587,0,0,0.33140478
3957,251,853,0,0,0.0091227535
3958,986,70,0,0,0.000936787
3959,708,383,0,0,0.0011794678
3960,128,606,0,0,0.0045732325
3961,946,695,1,0,0.17773125
3962,67,462,0,0,0.0036856353
3963,306,549,0,0,0.08309395
3964,691,203,0,0,0.03071667
3965,701,975,0,0,0.16512483
3966,609,293,0,0,0.10297469
3967,570,448,0,0,0.0014232857
3968,272,321,0,0,0.012729455
3969,107,359,0,0,0.2953267
3970,729,710,0,1,0.9453801
3971,913,141,1,1,0.98369503
3972,956,340,0,0,0.0017740043
3973,107,780,0,0,0.003102107
3974,673,938,0,1,0.874159
3975,610,965,0,0,0.0022955146
3976,965,525,1,1,0.89764446
3977,288,945,0,0,0.0035057964
3978,645,15,0,0,0.0009435131
3979,479,319,0,0,0.00080520427
3980,923,191,0,0,0.0012607552
3981,549,677,0,0,0.03358464
3982,109,724,0,0,0.00112538
3983,905,626,1,1,0.72747356
3984,509,532,0,0,0.0037135899
3985,101,955,0,0,0.04512471
3986,893,147,0,0,0.22959071
3987,817,744,1,1,0.981669
3988,201,278,0,0,0.025300996
3989,255,591,0,0,0.011577253
3990,6,891,0,0,0.0011451048
3991,247,470,0,0,0.0009748376
3992,227,144,0,0,0.019294813
3993,266,175,0,0,0.46903992
3994,846,421,0,0,0.0011990046
3995,141,596,0,0,0.0034690022
3996,771,240,0,0,0.33277857
3997,402,0,0,1,0.96670705
3998,827,302,0,0,0.009544336
3999,449,63,0,1,0.9756064
4000,173,986,0,0,0.29982287
4001,836,128,0,1,0.7413843
4002,771,766,0,0,0.24040675
4003,842,653,0,0,0.0016139293
4004,739,17,0,0,0.007658037
4005,542,554,0,0,0.0026455743
4006,605,958,0,0,0.0020936313
4007,525,865,0,0,0.0031273984
4008,708,967,0,1,0.51628923
4009,878,447,0,0,0.033235755
4010,361,877,0,0,0.00559711
4011,592,961,0,0,0.012265069
4012,610,532,0,0,0.0070194923
4013,308,219,0,0,0.0169267
4014,225,531,0,0,0.0025378112
4015,304,733,0,0,0.0006921715
4016,654,341,0,0,0.0009290967
4017,211,869,0,0,0.049981624
4018,658,434,0,0,0.00065488974
4019,302,501,0,0,0.0013308306
4020,647,425,0,0,0.004600894
4021,135,34,0,1,0.6947111
4022,82,424,0,0,0.00096394354
4023,499,19,1,1,0.94111943
4024,607,591,0,0,0.0032003787
4025,956,615,0,0,0.0014999512
4026,87,49,0,0,0.007852538
4027,114,223,0,0,0.002106075
4028,987,547,0,1,0.9253636
4029,750,152,1,1,0.9660869
4030,553,635,0,0,0.049224164
4031,593,555,0,1,0.9075711
4032,455,576,1,1,0.96217895
4033,461,987,0,0,0.0016069602
4034,253,270,0,0,0.008518018
4035,272,707,1,1,0.975578
4036,566,236,0,0,0.321665
4037,62,227,0,1,0.8404634
4038,446,555,0,0,0.0018733926
4039,331,310,0,0,0.1036237
4040,133,359,0,1,0.5614546
4041,593,352,0,0,0.02136352
4042,897,231,0,0,0.46043566
4043,651,924,0,0,0.02969736
4044,987,220,0,1,0.91841835
4045,207,308,0,0,0.003634163
4046,124,112,0,0,0.0020347065
4047,473,361,0,0,0.0023542598
4048,381,88,0,0,0.014344411
4049,215,642,0,0,0.0014791369
4050,858,393,0,0,0.0010493591
4051,127,811,1,1,0.85292614
4052,786,92,1,1,0.95524997
4053,73,753,0,0,0.36819115
4054,614,929,0,0,0.0060023894
4055,784,502,0,0,0.0057820114
4056,607,515,0,0,0.004395822
4057,764,983,0,0,0.017812654
4058,109,956,0,0,0.00059148733
4059,297,117,0,1,0.9276743
4060,987,580,0,0,0.0014955684
4061,949,338,0,0,0.12857197
4062,152,493,0,0,0.036136705
4063,539,124,0,0,0.005027226
4064,979,79,0,0,0.00088000105
4065,496,132,0,1,0.93539506
4066,84,29,1,1,0.8599472
4067,248,370,0,0,0.014006596
4068,280,317,0,0,0.0030807562
4069,395,925,0,0,0.010965927
4070,766,825,0,0,0.0004402821
4071,892,261,0,0,0.032850657
4072,988,574,0,0,0.0013353697
4073,38,261,1,0,0.3210867
4074,67,14,0,0,0.0045835394
4075,264,305,0,0,0.00086350663
4076,968,7,0,0,0.012876033
4077,417,39,0,0,0.0024753192
4078,455,8,0,0,0.0011397684
4079,235,978,0,0,0.0073533654
4080,62,162,1,1,0.8592259
4081,913,841,0,0,0.1905941
4082,616,85,0,0,0.41187444
4083,758,347,0,0,0.00071581785
4084,448,496,0,0,0.0004480548
4085,211,519,0,1,0.86030245
4086,356,4,0,1,0.5038068
4087,26,843,0,0,0.0017835135
4088,694,671,0,0,0.0011692524
4089,44,404,0,0,0.008597041
4090,807,782,0,1,0.62462103
4091,273,901,1,1,0.82482857
4092,467,117,0,0,0.0053478116
4093,203,10,0,0,0.0013669253
4094,628,429,0,0,0.035024222
4095,259,272,0,1,0.7424426
4096,477,611,0,0,0.01057944
4097,804,916,0,0,0.0840267
4098,258,486,0,1,0.64881533
4099,182,628,0,0,0.042473916
4100,514,538,0,0,0.00384021
4101,857,148,0,0,0.0025964638
4102,626,951,0,0,0.0037266926
4103,657,882,0,0,0.0010489417
4104,661,641,1,1,0.90098816
4105,16,941,0,0,0.0018184633
4106,343,266,0,0,0.004120437
4107,907,26,1,1,0.8381551
4108,958,985,0,0,0.048035912
4109,959,43,0,0,0.031486046
4110,892,923,0,0,0.0012840617
4111,439,988,0,0,0.08023936
4112,989,316,0,0,0.0014364278
4113,148,129,0,0,0.019338112
4114,821,509,0,0,0.025486553
4115,569,342,0,0,0.008150202
4116,462,542,0,1,0.5359308
4117,766,905,0,1,0.8589278
4118,198,783,1,1,0.7496993
4119,662,854,1,1,0.95833015
4120,546,524,0,1,0.5878751
4121,65,282,0,0,0.18562695
4122,964,648,0,0,0.0034283344
4123,433,86,0,0,0.009733158
4124,551,28,0,0,0.00060673547
4125,881,829,0,0,0.0019607944
4126,289,889,0,0,0.09340229
4127,646,262,0,0,0.04093462
4128,285,612,0,0,0.0018118506
4129,829,493,0,0,0.019545421
4130,990,61,0,1,0.9591419
4131,461,132,0,0,0.20826536
4132,397,856,0,0,0.0017864361
4133,656,675,0,0,0.001838311
4134,820,608,0,0,0.00569572
4135,917,244,0,0,0.00073511555
4136,406,675,0,0,0.0009908358
4137,185,619,0,0,0.015911207
4138,94,130,0,0,0.0030292617
4139,307,383,0,0,0.0056663337
4140,825,372,0,0,0.0041559893
4141,604,300,0,0,0.008886222
4142,260,122,0,0,0.0007653547
4143,1,285,0,0,0.0090428125
4144,423,106,0,0,0.010912884
4145,339,517,0,0,0.018221416
4146,77,509,0,0,0.0007191316
4147,62,58,0,0,0.002023581
4148,180,933,0,0,0.0019938927
4149,639,3,0,0,0.0012065099
4150,991,459,0,0,0.0011459024
4151,260,81,1,1,0.9365552
4152,747,885,0,0,0.0015557574
4153,431,125,0,0,0.0011807684
4154,587,543,0,0,0.007255064
4155,835,196,0,0,0.0012083345
4156,420,250,0,0,0.027501091
4157,167,551,0,1,0.9552196
4158,470,908,0,0,0.0021426466
4159,788,43,0,0,0.0009236949
4160,756,195,0,0,0.0017648477
4161,326,184,0,0,0.006610581
4162,256,227,0,1,0.6658702
4163,803,562,0,0,0.005904256
4164,176,70,0,0,0.0017023449
4165,837,494,0,1,0.6270949
4166,180,912,0,0,0.002020718
4167,560,217,0,1,0.9151843
4168,41,802,0,0,0.0017845451
4169,780,204,0,0,0.007104325
4170,235,989,0,1,0.89847827
4171,578,402,0,0,0.000850787
4172,539,321,0,1,0.55554676
4173,472,970,0,0,0.004775177
4174,235,979,0,1,0.95031184
4175,226,861,0,0,0.007438653
4176,326,923,0,0,0.10016626
4177,943,659,0,0,0.007003696
4178,342,868,0,0,0.0018592525
4179,689,145,0,0,0.09635967
4180,992,247,0,0,0.00071848225
4181,968,140,0,0,0.003432095
4182,463,160,0,0,0.073650986
4183,565,21,0,0,0.012119062
4184,292,748,0,0,0.0029135325
4185,187,716,0,0,0.015733026
4186,297,89,0,0,0.030154865
4187,679,637,0,0,0.10254122
4188,474,536,0,0,0.0026753307
4189,950,359,0,0,0.48318687
4190,397,768,0,1,0.6164449
4191,401,618,0,0,0.037720416
4192,84,601,0,0,0.0010360774
4193,356,863,0,0,0.0016909675
4194,839,734,1,1,0.7540191
4195,7,199,0,0,0.002094492
4196,715,536,1,1,0.9483206
4197,812,312,0,1,0.78959155
4198,321,242,0,1,0.59248805
4199,557,426,0,0,0.0013456726
4200,248,463,0,0,0.0007868423
4201,204,646,0,0,0.003260636
4202,367,51,0,0,0.0029696417
4203,265,965,0,0,0.0028187206
4204,195,439,0,0,0.00092658435
4205,559,7,0,0,0.008641305
4206,109,801,0,0,0.00988335
4207,349,903,0,0,0.17795861
4208,299,16,0,0,0.26158562
4209,523,348,0,0,0.0022888712
4210,500,652,0,0,0.004412178
4211,383,355,0,0,0.0131791355
4212,727,848,0,0,0.0021245426
4213,260,698,0,0,0.0012273057
4214,236,775,0,0,0.0012818981
4215,537,423,0,0,0.26375836
4216,221,113,0,0,0.0013869433
4217,451,845,0,0,0.009221417
4218,993,87,0,0,0.0016726681
4219,97,847,0,0,0.36476293
4220,824,135,0,0,0.0012875452
4221,264,772,0,1,0.94920504
4222,271,549,0,0,0.001772707
4223,86,900,0,0,0.00079095364
4224,743,964,0,0,0.0012681904
4225,968,456,0,0,0.02044368
4226,398,98,0,0,0.002820332
4227,993,110,0,0,0.0018521671
4228,4,103,0,1,0.9151896
4229,630,990,0,0,0.006534824
4230,677,762,0,0,0.0015113034
4231,484,784,0,0,0.0025249887
4232,570,82,0,0,0.007805852
4233,4,938,0,0,0.0019206062
4234,0,546,0,0,0.002419124
4235,541,169,0,1,0.5032795
4236,120,570,0,0,0.011337733
4237,673,991,0,0,0.00038235882
4238,711,194,0,0,0.0012195017
4239,321,771,0,0,0.016571522
4240,613,86,0,0,0.0012108894
4241,555,857,0,0,0.0007056237
4242,390,423,0,1,0.8548538
4243,714,208,0,1,0.7643663
4244,914,300,0,0,0.0014273851
4245,179,696,0,0,0.0017375916
4246,821,165,1,1,0.96733093
4247,488,931,0,0,0.012133623
4248,506,111,0,1,0.89553565
4249,262,771,0,0,0.07185074
4250,722,334,0,1,0.9495409
4251,976,149,1,1,0.9782185
4252,105,455,0,0,0.24606593
4253,569,847,0,1,0.9303002
4254,224,515,0,1,0.95998675
4255,197,653,1,1,0.92839605
4256,442,525,0,0,0.0013751495
4257,567,913,0,1,0.9013345
4258,429,845,0,0,0.038651902
4259,962,645,0,0,0.000706274
4260,915,651,0,0,0.0032138238
4261,218,27,0,0,0.2715836
4262,944,817,0,1,0.5301821
4263,666,435,0,0,0.00638195
4264,467,86,0,0,0.0011135823
4265,254,602,0,0,0.0017852419
4266,978,106,0,0,0.0016391932
4267,573,986,0,0,0.016825665
4268,155,673,0,0,0.005335373
4269,474,573,0,1,0.7667334
4270,399,974,0,0,0.28670064
4271,157,665,1,1,0.92375845
4272,31,379,0,0,0.0006519563
4273,869,163,0,0,0.0023998339
4274,521,445,0,0,0.001925937
4275,287,412,0,0,0.0019620564
4276,902,857,0,0,0.0007126874
4277,309,808,0,0,0.10343208
4278,355,538,0,0,0.00086360204
4279,952,98,0,0,0.0010387553
4280,777,301,0,0,0.012384426
4281,250,560,0,1,0.9586878
4282,956,300,0,0,0.0029601143
4283,694,322,1,1,0.9802229
4284,349,225,0,0,0.001020495
4285,170,878,0,0,0.001803047
4286,220,637,0,0,0.27876073
4287,746,185,1,1,0.9305788
4288,57,272,0,1,0.97609496
4289,799,538,0,0,0.001909316
4290,680,916,0,0,0.0030464705
4291,795,86,0,0,0.009008736
4292,739,848,0,1,0.8294702
4293,33,612,0,0,0.0011693287
4294,894,692,0,0,0.0019882775
4295,809,865,0,0,0.01523237
4296,597,679,0,0,0.25987038
4297,221,204,0,0,0.0018001812
4298,632,103,0,0,0.0037887425
4299,304,104,0,0,0.0013580958
4300,213,17,0,0,0.00425488
4301,587,697,0,0,0.0060940753
4302,208,366,0,1,0.69619256
4303,374,774,0,0,0.0011550203
4304,482,806,1,0,0.34509307
4305,994,217,0,1,0.586305
4306,277,552,0,0,0.0018934961
4307,74,497,0,0,0.0012507788
4308,598,8,0,0,0.00055907405
4309,898,127,0,0,0.00058828713
4310,472,846,0,1,0.9239235
4311,238,374,0,0,0.114357755
4312,362,401,1,1,0.7785044
4313,535,977,0,1,0.89900744
4314,422,371,0,0,0.0050463215
4315,946,932,0,0,0.1634647
4316,959,67,0,0,0.09453788
4317,296,471,0,0,0.0017016099
4318,574,3,0,0,0.0023203935
4319,987,575,0,1,0.9553069
4320,645,242,0,0,0.0036958102
4321,868,188,0,0,0.15855624
4322,479,40,0,0,0.062535785
4323,351,931,0,0,0.012696692
4324,137,798,0,0,0.0007038983
4325,58,632,0,0,0.0015355876
4326,279,776,0,0,0.00094360934
4327,494,481,1,1,0.9853897
4328,148,570,1,1,0.75831527
4329,628,136,0,0,0.001802564
4330,594,976,0,0,0.0008723567
4331,264,794,0,1,0.97820115
4332,58,547,0,1,0.9505309
4333,336,200,0,1,0.81438893
4334,52,258,0,1,0.98510206
4335,419,582,0,0,0.002205053
4336,809,369,0,0,0.0051072147
4337,417,896,0,0,0.0012677152
4338,787,559,0,1,0.8717101
4339,672,922,0,1,0.9591802
4340,446,667,0,1,0.61867625
4341,493,506,0,0,0.0050078128
4342,728,326,0,0,0.0051996484
4343,749,901,0,1,0.8043904
4344,660,24,0,0,0.002838312
4345,644,407,0,0,0.0028439304
4346,704,956,0,0,0.0023484642
4347,938,372,0,0,0.0016899656
4348,689,105,0,0,0.28301448
4349,508,730,0,0,0.054155968
4350,773,27,0,0,0.00058413914
4351,876,737,1,1,0.875036
4352,404,91,0,1,0.879216
4353,721,914,0,0,0.006080925
4354,715,442,0,1,0.77624077
4355,833,497,0,0,0.0004354535
4356,684,69,0,0,0.00078049017
4357,312,639,0,1,0.9752377
4358,688,323,0,1,0.5197635
4359,176,413,0,0,0.0018958794
4360,949,236,0,0,0.0037423186
4361,984,573,0,0,0.007284093
4362,89,580,0,0,0.0011346823
4363,991,172,1,1,0.90248376
4364,127,740,0,1,0.7038503
4365,404,168,1,0,0.4944249
4366,761,114,0,0,0.00096104667
4367,518,473,0,0,0.0021449458
4368,960,336,1,1,0.70657784
4369,742,273,0,0,0.004302016
4370,963,564,0,0,0.0018358643
4371,867,874,0,0,0.0009052904
4372,753,915,0,0,0.0011206468
4373,838,829,0,0,0.0041061915
4374,887,801,0,0,0.29672012
4375,651,128,0,0,0.012265168
4376,281,526,0,0,0.10292922
4377,850,258,0,0,0.0028954078
4378,14,474,0,1,0.72974217
4379,795,496,0,0,0.0016727948
4380,151,971,0,1,0.9788517
4381,858,488,0,0,0.00087720616
4382,281,263,0,0,0.00248521
4383,888,940,0,0,0.009626304
4384,771,31,0,1,0.86489695
4385,932,456,0,0,0.0052070213
4386,900,24,0,0,0.010009941
4387,18,392,0,1,0.8338508
4388,536,294,0,0,0.0014357269
4389,29,369,0,0,0.013841632
4390,653,56,1,1,0.93146855
4391,602,268,0,0,0.0025374794
4392,378,81,0,0,0.38779065
4393,683,692,0,0,0.0021005175
4394,72,437,0,0,0.0014724699
4395,927,60,0,0,0.0010647674
4396,901,595,0,0,0.0017702441
4397,21,555,0,0,0.0019022994
4398,695,513,0,0,0.0070938454
4399,193,803,0,1,0.9743245
4400,706,485,0,0,0.044953387
4401,573,948,0,0,0.010992463
4402,823,839,0,0,0.1677368
4403,3,798,0,0,0.0010089346
4404,164,740,0,1,0.86454374
4405,781,93,0,0,0.0008155121
4406,310,976,1,1,0.9448678
4407,848,332,0,0,0.00814915
4408,552,219,0,0,0.005708299
4409,347,477,0,0,0.36539957
4410,830,983,0,0,0.0031062681
4411,730,688,0,1,0.67975134
4412,118,959,0,1,0.80043274
4413,758,234,1,1,0.9564028
4414,595,640,0,0,0.0013691859
4415,614,778,0,0,0.0059780627
4416,78,445,0,0,0.0035389438
4417,936,958,0,0,0.005600205
4418,394,493,0,0,0.04254728
4419,994,773,0,0,0.0009861261
4420,27,606,0,1,0.6854598
4421,156,771,0,0,0.02869398
4422,369,828,0,1,0.92436546
4423,492,10,0,0,0.003220235
4424,296,286,0,0,0.0016716245
4425,211,312,0,0,0.0038179022
4426,169,676,0,0,0.0011932554
4427,768,260,0,0,0.0071498435
4428,893,123,0,0,0.4010996
4429,161,981,1,0,0.31689847
4430,959,931,0,0,0.0035456254
4431,86,496,0,0,0.15688366
4432,350,590,0,1,0.76236874
4433,652,769,0,1,0.59438246
4434,702,903,0,0,0.0018523883
4435,981,957,0,1,0.98725975
4436,535,756,0,0,0.15736072
4437,462,652,0,0,0.0018050702
4438,678,534,0,0,0.001962596
4439,329,242,0,0,0.0008097818
4440,557,564,0,0,0.003011364
4441,195,745,0,0,0.18284951
4442,82,761,0,0,0.02768719
4443,765,615,0,0,0.0010741457
4444,968,332,0,0,0.0014342879
4445,210,355,0,0,0.0015432598
4446,311,703,0,1,0.62325054
4447,717,876,0,1,0.63652134
4448,955,748,0,0,0.0025189237
4449,24,118,0,0,0.00090873684
4450,521,250,1,1,0.91869813
4451,677,669,0,0,0.006017019
4452,776,742,0,0,0.0047169365
4453,916,218,0,0,0.00078129425
4454,450,873,0,0,0.0025657048
4455,347,951,0,0,0.0018188772
4456,146,334,0,0,0.2954913
4457,517,505,0,0,0.48871514
4458,632,705,0,0,0.0028924413
