pair_id,ltable_mag_id,rtable_mag_id,true_label,pred_label,confidence
0,0,0,0,0,0.11535538932263861
1,1,1,0,0,0.026197952069273875
2,2,2,0,0,0.01387229408015311
3,3,3,0,0,0.045604436346589214
4,4,4,0,0,0.14439870550678596
5,5,5,0,0,0.03664216894705681
6,6,6,0,1,0.9083336993047181
7,7,7,1,1,0.8804979504528755
8,8,8,0,0,0.18577175763667308
9,9,9,0,0,0.487574670711533
10,10,10,0,1,0.738758500814289
11,11,11,0,0,0.08780861725822688
12,12,12,0,0,0.011390403967924472
13,13,13,0,0,0.05172840803372147
14,14,14,1,0,0.3058163158746775
15,15,15,0,0,0.2892162964719269
16,16,16,0,0,0.3012388764141066
17,17,17,0,0,0.06159689442370107
18,18,18,0,1,0.7470479564184708
19,19,19,1,1,0.7961039496743685
20,14,20,0,0,0.025975267168252315
21,20,21,0,0,0.12321116706910386
22,21,22,0,1,0.8521082086190552
23,22,23,0,0,0.011366003710012763
24,23,24,0,0,0.06755773452147139
25,24,25,0,0,0.3517926645203418
26,25,26,0,1,0.7182073911217227
27,26,27,0,0,0.349327459233545
28,27,28,0,1,0.5177826856599262
29,28,12,0,0,0.39579162287307523
30,29,29,0,0,0.1990382380384524
31,30,30,0,1,0.6613764714432373
32,31,31,0,0,0.05879798531382996
33,32,32,0,0,0.4382622672243401
34,33,33,0,0,0.25217512831516764
35,34,34,0,0,0.03894245444301324
36,35,35,1,0,0.36272130714066375
37,36,36,0,0,0.018106445890134416
38,37,37,0,0,0.28556972953919246
39,38,38,0,0,0.05061448657182355
40,39,39,0,1,0.6716573309457955
41,40,40,0,0,0.48865926101892887
42,41,41,0,0,0.3565013683221505
43,42,42,0,0,0.0377013346065375
44,43,43,0,0,0.34662628926456696
45,44,44,0,1,0.6187994391254742
46,45,45,0,0,0.032034533516803076
47,46,46,0,1,0.501969680856527
48,47,47,0,0,0.4044795183439869
49,48,48,0,0,0.029007891904796593
50,49,49,0,0,0.2161470984169068
51,50,50,0,0,0.18912306996505826
52,51,51,0,0,0.0567262096677951
53,52,52,1,1,0.9061304190417031
54,53,53,1,1,0.5414415362990049
55,54,54,0,0,0.21437486838521222
56,55,55,0,0,0.016341195784215622
57,56,56,0,0,0.10823442251004477
58,57,57,0,0,0.02716630925799302
59,58,58,0,0,0.06914008802167732
60,59,59,0,0,0.2950491305277358
61,60,60,0,0,0.026694790134005362
62,61,61,0,0,0.06284020596052882
63,62,62,0,0,0.0935975887182817
64,63,63,0,0,0.051871273002375214
65,64,64,0,0,0.028478979807963767
66,65,65,0,0,0.08839043190004597
67,66,66,0,0,0.03091945111215027
68,67,67,1,1,0.6603167241678479
69,68,68,0,1,0.679424727378655
70,69,69,0,1,0.6955368602538212
71,70,70,0,1,0.620844245054346
72,71,71,0,0,0.38001198272128067
73,72,72,0,0,0.0714730512858259
74,73,73,0,1,0.607135571999457
75,74,74,0,0,0.030784869044415075
76,75,19,0,1,0.629774335739009
77,76,75,0,0,0.11843108865230106
78,77,76,0,1,0.7076941300147858
79,78,77,0,0,0.39576134854868156
80,79,78,0,1,0.5106896079309389
81,80,79,0,1,0.9550497297772627
82,81,80,0,0,0.27678799513581864
83,82,81,0,0,0.10551211923141399
84,83,82,0,0,0.029953284427291397
85,84,83,0,0,0.017209715161112263
86,85,84,0,0,0.25086638672647427
87,86,27,0,1,0.8627958628086828
88,87,85,0,0,0.015147175510241532
89,88,86,0,0,0.05314154051108481
90,89,87,0,1,0.6455191180138434
91,90,88,0,0,0.07356474213536758
92,91,89,0,1,0.6523724770461914
93,92,90,0,0,0.2563647239489627
94,7,91,0,0,0.20942618252296177
95,93,92,0,1,0.849547853466012
96,28,93,0,0,0.016053939142866742
97,94,94,0,1,0.8688248684710164
98,63,95,1,0,0.35259809871191033
99,95,96,0,0,0.031244394130144557
100,96,97,0,1,0.792658912104768
101,97,98,0,0,0.01093768305889294
102,98,99,0,0,0.2284425453959094
103,99,100,0,1,0.9879811011170326
104,100,101,0,1,0.8359951285223024
105,101,102,0,1,0.8189254735829068
106,102,103,0,0,0.03374204569280483
107,103,104,0,0,0.03281290597220571
108,104,105,0,1,0.5831753373196717
109,105,106,0,1,0.5161050763321402
110,106,107,0,0,0.015903082350654848
111,107,108,0,0,0.015173474517132635
112,108,109,0,0,0.021390006072538267
113,2,110,1,1,0.6513285891979195
114,109,111,0,1,0.5577159296808901
115,93,112,0,0,0.2579092797917946
116,110,113,0,0,0.3970359227989644
117,111,114,0,1,0.9554066882953763
118,112,115,0,0,0.4827913421544808
119,113,116,0,0,0.07971554504536287
120,114,24,0,1,0.7666020396143621
121,115,117,0,0,0.0598286793062064
122,116,118,0,0,0.1466968620943713
123,117,119,0,0,0.010963198559359172
124,118,120,0,0,0.01875793781333212
125,119,121,0,1,0.7442335596082061
126,76,122,0,0,0.01124165573564188
127,120,123,0,0,0.258041108726461
128,121,124,0,0,0.04399545141536597
129,85,125,0,0,0.07187107850053134
130,122,126,0,0,0.20444509364320074
131,123,127,0,0,0.05399139367921479
132,5,128,0,0,0.026758295397357825
133,124,129,0,0,0.02207170227764953
134,119,130,0,0,0.014365959130051016
135,125,131,0,0,0.11132940190090514
136,126,132,0,1,0.7808079014862054
137,127,98,0,0,0.00986946859218507
138,128,133,0,0,0.07074480498358904
139,129,134,0,0,0.01600691140150692
140,130,122,0,1,0.6083578780539597
141,131,135,0,1,0.9331473036988578
142,132,136,0,0,0.310004376461006
143,133,137,1,1,0.7994322459463273
144,134,138,0,0,0.015052347121088704
145,135,139,0,1,0.6222746012926009
146,135,128,0,0,0.032079937503719735
147,136,140,0,1,0.5140723666481541
148,137,33,0,0,0.19115989760662302
149,138,141,1,1,0.5212168806433497
150,139,142,0,0,0.4607821059836126
151,140,143,0,0,0.059447089807178416
152,141,144,0,0,0.2224643290136796
153,142,145,0,0,0.4844502668950894
154,143,146,1,0,0.44674225740281387
155,144,17,0,0,0.4180063769307828
156,21,147,0,0,0.019052621966410513
157,145,148,0,0,0.01677786142049233
158,146,149,0,0,0.11328099357568967
159,147,150,0,1,0.93112756196975
160,148,151,0,0,0.03078950244532928
161,149,152,0,0,0.20235385142328716
162,150,153,0,0,0.050403846213825716
163,151,154,0,0,0.026688966162383056
164,83,155,0,0,0.032277301274535326
165,152,156,0,1,0.957546220469797
166,153,157,0,0,0.04725968044901728
167,154,158,0,0,0.01789777662763517
168,155,159,0,0,0.01795320061242294
169,156,160,0,0,0.011760036963039594
170,157,161,0,0,0.4815373398556652
171,158,115,0,0,0.04549314080654806
172,139,162,0,0,0.06819437593711639
173,23,163,0,0,0.0921115581656149
174,159,99,1,1,0.9816815287360744
175,160,164,0,1,0.8145615342372652
176,161,165,0,0,0.3825245715455782
177,162,166,0,0,0.04779574805543703
178,147,141,0,1,0.7943937936962867
179,163,167,0,0,0.28543081794393693
180,119,168,0,1,0.7359887799099564
181,164,169,0,0,0.37064599704441714
182,165,170,1,1,0.8213639476027401
183,166,20,0,1,0.8000254199801294
184,143,171,0,0,0.4283992963310508
185,167,172,0,1,0.7496333231128056
186,168,173,0,1,0.5876907216338031
187,169,174,0,0,0.04439051575985587
188,170,175,0,0,0.08652672792352871
189,171,40,0,0,0.3460748330968264
190,172,17,0,0,0.03765492527395624
191,173,176,0,0,0.1305875356485863
192,174,174,0,0,0.025157258438818317
193,175,177,1,0,0.3169948613383835
194,176,178,0,1,0.5820119494394053
195,177,179,1,1,0.9682363346021273
196,69,180,0,1,0.8014072364480593
197,178,181,0,1,0.6177498095570838
198,179,182,0,0,0.1263025945119558
199,180,183,0,0,0.032528714336915114
200,181,184,0,0,0.01543232133105014
201,182,185,0,0,0.1505561768354704
202,183,95,0,0,0.041081565650064066
203,184,171,0,0,0.19233081927143847
204,185,186,1,1,0.743088937630554
205,186,185,0,0,0.10243282760533201
206,187,187,0,0,0.150079757160249
207,155,188,0,1,0.8313384043505891
208,188,189,0,0,0.012638166557609536
209,189,190,0,0,0.3173503587153299
210,190,191,0,0,0.05727212180231584
211,191,146,0,1,0.7498307398457311
212,192,192,0,1,0.7600960132374863
213,193,193,0,0,0.2597295878288356
214,194,149,0,0,0.023779553152821424
215,195,194,1,1,0.9210557324423996
216,196,195,0,0,0.21500322503614605
217,197,196,0,0,0.022487156502249778
218,198,197,0,1,0.5833748190372662
219,199,43,0,1,0.5146180336713435
220,200,198,0,1,0.8251515031586455
221,110,159,0,0,0.3676673133767945
222,201,199,0,0,0.13208158064340852
223,202,200,0,0,0.02763684165586071
224,203,1,0,0,0.08271097222832764
225,204,201,0,1,0.8914948440811478
226,205,202,0,0,0.019868166705165072
227,206,203,0,0,0.010686219713915129
228,207,204,0,0,0.04151084183814947
229,208,174,0,0,0.01430148657147491
230,209,205,0,0,0.037327506558564455
231,210,206,0,0,0.029217267996432608
232,211,207,0,0,0.009319595714799067
233,212,78,0,0,0.029633542950540586
234,213,208,0,1,0.7597267618330111
235,214,209,0,0,0.027581422090146218
236,215,210,0,0,0.02167269731153571
237,216,211,0,0,0.02994408508570577
238,217,212,0,0,0.06600611801914094
239,218,213,0,0,0.06642191933936341
240,41,214,0,1,0.8896361115776961
241,219,215,0,1,0.6527108515558715
242,220,216,0,0,0.025071308203028237
243,221,217,0,0,0.015390210561207115
244,222,36,1,0,0.43719866196833246
245,223,218,0,0,0.013850335133122083
246,224,70,0,0,0.012024647807588015
247,225,121,0,0,0.06546220463252003
248,96,219,1,1,0.6337537577903318
249,226,140,0,0,0.013478992496777273
250,227,220,0,0,0.035043563644253505
251,228,221,0,0,0.025868613399218986
252,229,222,0,0,0.08552575407562558
253,230,185,0,0,0.07840272341294455
254,231,223,0,0,0.010707191496741618
255,139,224,0,0,0.07729826437833764
256,77,225,0,0,0.15780039577730204
257,232,226,0,1,0.5892538433561211
258,233,227,0,1,0.7598227954274852
259,72,228,0,0,0.4832493025024156
260,234,229,0,0,0.03787311960288655
261,133,230,0,0,0.015567586530307622
262,235,198,0,1,0.9582432485020503
263,236,231,0,1,0.7716759287257822
264,237,232,0,1,0.5760644135603886
265,238,144,0,0,0.09592461841710671
266,239,233,0,1,0.7303495617768635
267,240,77,0,0,0.3536753208583158
268,241,234,0,1,0.6981811260690295
269,242,230,0,0,0.015401525382470556
270,243,235,0,0,0.013870433244778692
271,244,236,0,0,0.14717976350173348
272,245,237,0,0,0.016920954048132073
273,246,238,0,0,0.04790736398621716
274,178,239,0,0,0.038736700925758545
275,49,240,0,0,0.0124181721579824
276,151,241,0,0,0.06686476523895987
277,247,242,0,0,0.09485683095977678
278,174,243,0,0,0.011431059928585723
279,114,231,0,1,0.8032927137355569
280,248,244,0,0,0.02182775232793014
281,169,245,0,0,0.015353040959166118
282,249,246,0,0,0.18069741178848367
283,203,247,0,1,0.755797896351709
284,250,248,0,0,0.17494284995155593
285,251,249,0,0,0.3807265110736087
286,252,250,0,0,0.40963041671241873
287,253,251,0,0,0.05251458931562424
288,254,252,0,0,0.3261739812986943
289,255,253,0,0,0.012096981105503534
290,256,254,0,0,0.08796144063407174
291,257,255,0,1,0.6640495833991482
292,64,256,0,0,0.03154018145417729
293,52,257,0,0,0.08467740800162574
294,258,258,0,0,0.12377415316474737
295,259,259,0,0,0.04868262429938202
296,260,122,0,0,0.015391730054769242
297,116,260,0,1,0.7439266177265873
298,261,98,0,1,0.8520137703063022
299,175,261,0,1,0.7654656574192302
300,262,262,0,0,0.058609798199184444
301,263,263,0,0,0.08074410695565955
302,264,202,0,0,0.013525060828770643
303,265,264,1,1,0.6007819612370608
304,266,265,0,0,0.06831872202331694
305,267,266,0,0,0.03370174542504711
306,222,267,0,0,0.19975151484299844
307,268,145,0,0,0.059003921633599986
308,269,268,0,0,0.02569953122344157
309,237,269,0,0,0.161416918908981
310,270,117,0,0,0.33733574790783016
311,233,270,0,1,0.7219582141807409
312,271,271,0,1,0.8981798126864555
313,272,272,0,0,0.05778436350375701
314,273,273,0,1,0.9419193963610311
315,274,274,0,0,0.06866234497960143
316,275,275,0,0,0.24406083560244424
317,276,276,0,0,0.01932207303156368
318,235,57,0,1,0.8220840154950141
319,277,277,0,0,0.2072818344994865
320,278,278,0,0,0.03729022223317461
321,279,279,0,0,0.04032706851577419
322,280,52,0,0,0.0452581697671935
323,63,92,0,1,0.5654973078024947
324,146,280,0,0,0.006617413998797806
325,281,281,0,0,0.04236317508412308
326,231,162,0,0,0.14515116853945884
327,282,282,0,0,0.008527844085510885
328,283,283,0,1,0.724328156822093
329,184,75,1,1,0.5687280265798537
330,284,284,0,0,0.06497966444017442
331,154,55,1,1,0.9146964871423197
332,285,285,0,0,0.25501236843211555
333,286,286,1,1,0.8908716446015229
334,90,287,0,0,0.4291867335484646
335,287,169,0,1,0.9154808155467613
336,77,123,0,0,0.4176828879125288
337,288,288,0,0,0.05796911995278444
338,289,289,0,0,0.1997182748509715
339,223,103,0,0,0.011703068232561922
340,290,77,0,0,0.07703287768622319
341,291,290,0,0,0.0360673408724005
342,262,43,0,1,0.9067109767961968
343,292,291,1,1,0.7230746780776395
344,207,211,1,1,0.8132718881606987
345,293,26,0,1,0.8803631277779825
346,101,292,0,1,0.5767418095332778
347,294,293,0,0,0.03265928302207887
348,295,294,0,0,0.08134235215369238
349,296,295,0,0,0.013744851732828498
350,297,296,0,0,0.08932188385713612
351,180,297,0,0,0.06970012612049949
352,49,272,0,0,0.25805901309089985
353,20,246,0,0,0.11661933024919112
354,298,201,0,0,0.017733565245970164
355,299,298,1,1,0.9533052152384861
356,300,3,0,0,0.11166381410819869
357,301,299,0,0,0.3289279265061015
358,302,300,0,1,0.7653969687333102
359,191,301,0,0,0.2642107768967357
360,303,45,0,1,0.7198100496734586
361,304,302,0,0,0.09547322847450086
362,305,303,0,0,0.12730931946067475
363,145,264,0,1,0.8253013064519568
364,143,304,0,0,0.010309700380923686
365,306,305,1,1,0.8610176226420603
366,307,306,0,0,0.4149367500776637
367,233,158,0,1,0.781153809014472
368,308,163,0,0,0.4742597408331047
369,208,286,0,0,0.0862072569454071
370,199,265,0,0,0.38971931196415005
371,309,307,0,0,0.19668033401997664
372,6,308,0,1,0.7399345198814182
373,310,309,0,0,0.2869335776617222
374,235,310,1,1,0.7056839645157503
375,311,158,0,1,0.5247206903438797
376,312,311,1,1,0.7359619573591978
377,253,312,0,1,0.9718093852555169
378,313,313,0,0,0.019898438883594858
379,314,31,0,0,0.390967000110528
380,315,314,1,1,0.9280690547284812
381,31,315,1,1,0.7768796897262827
382,132,127,0,0,0.016401551327538465
383,139,316,0,0,0.01671513510936537
384,246,317,0,1,0.8299652260592068
385,299,273,0,1,0.723216878316659
386,316,318,0,0,0.05870310512920401
387,317,45,0,0,0.078727362945499
388,318,319,0,0,0.010293224345542262
389,319,258,0,1,0.7650407021248424
390,294,320,0,0,0.044511052114636206
391,320,321,0,0,0.49572976070143865
392,321,322,0,0,0.04048306194729574
393,101,323,0,0,0.010688809471068808
394,322,324,0,0,0.042301687185174026
395,323,325,0,0,0.1368881311908831
396,324,217,0,1,0.9163362970700752
397,325,1,1,1,0.9478348876360504
398,326,262,0,0,0.058076033322991875
399,327,326,0,0,0.06875988356704847
400,328,136,0,0,0.2706469055106695
401,329,258,0,0,0.012902201711723947
402,330,109,0,0,0.2503533456582634
403,331,327,0,1,0.8076394017400482
404,332,328,0,0,0.011256691512515264
405,333,291,0,0,0.026155122045594992
406,334,81,0,1,0.9604036963210211
407,253,329,0,0,0.19716864739969572
408,335,330,0,0,0.06468115475838537
409,336,331,1,1,0.951205305373634
410,239,332,0,0,0.4282395324175799
411,264,226,0,0,0.012324823017283597
412,337,333,0,0,0.05818973874825522
413,338,334,0,1,0.9019010747120485
414,339,335,0,1,0.6924599544788224
415,340,336,0,0,0.271426256443924
416,341,337,0,0,0.02418957155946918
417,342,338,0,0,0.22951487721296066
418,343,339,0,0,0.0155113203979301
419,39,281,0,1,0.8275658904961347
420,344,39,0,0,0.2461723901760371
421,345,340,0,0,0.14021690279259108
422,346,341,0,0,0.0215224725427646
423,347,275,0,0,0.015555618163684764
424,348,342,0,0,0.14054318709360883
425,150,343,0,0,0.07582240664583523
426,349,344,1,1,0.7931046582552677
427,350,345,0,0,0.021712089334954627
428,158,346,0,1,0.6434732537699139
429,351,69,0,0,0.014541779118496452
430,352,347,0,0,0.33534472953881406
431,243,348,0,0,0.020385549554360442
432,38,66,0,1,0.7406212311699205
433,18,164,1,1,0.9057110640036841
434,148,22,0,0,0.012069252772839628
435,353,349,0,0,0.021074145039476615
436,46,350,0,0,0.3862568659856347
437,354,174,0,0,0.018796619594778557
438,355,351,1,1,0.7154532658442293
439,356,45,0,0,0.04360851738942701
440,357,352,1,1,0.6845530178662925
441,140,223,0,0,0.12348848000880779
442,357,353,0,0,0.47122547449127133
443,358,167,1,1,0.9296592388765651
444,181,354,0,1,0.7371653345736947
445,359,355,0,0,0.4591054275109974
446,360,356,0,0,0.010811677910486003
447,94,357,0,1,0.8860474726594595
448,361,358,0,0,0.02769053720335396
449,362,359,0,1,0.779746889482682
450,363,303,0,0,0.24012145731625967
451,49,360,0,0,0.3086399651651146
452,364,361,0,0,0.14467524524266523
453,365,362,0,0,0.015031863549490333
454,366,363,0,1,0.9314656006908175
455,129,135,0,0,0.4883069209223802
456,367,319,0,0,0.0749053626290358
457,207,364,0,0,0.27277223139635526
458,303,365,0,0,0.10416504074571556
459,356,366,0,0,0.013809005049257864
460,368,201,0,0,0.023280046078548583
461,369,367,0,0,0.028985188208665264
462,370,368,0,1,0.8661591391372205
463,371,369,0,0,0.15927389112423274
464,372,370,0,0,0.03570353537702599
465,373,27,1,1,0.8471719293100767
466,208,371,0,0,0.021280454973961225
467,257,372,0,1,0.7709308785998622
468,13,373,0,0,0.27936196819951786
469,374,374,1,1,0.9596667179855409
470,375,375,0,0,0.055973394068068325
471,170,376,0,0,0.012335800775698997
472,376,377,0,0,0.19053768573382088
473,377,378,0,0,0.26095893809044124
474,378,379,0,0,0.25400953641301244
475,211,380,0,0,0.06949745961775076
476,379,381,0,0,0.29502622057566397
477,20,382,0,0,0.30639364550091813
478,380,4,0,1,0.8016785691613466
479,120,244,0,0,0.03854204160170845
480,68,383,0,1,0.8604277479644556
481,201,83,0,0,0.1150259084872769
482,381,384,0,0,0.01611199822373997
483,189,191,0,0,0.03523093025095638
484,367,385,0,0,0.12443077756298548
485,119,108,0,0,0.05178500372006102
486,382,386,0,0,0.2813457270567747
487,383,387,0,1,0.5662183864209157
488,384,63,0,0,0.30169394302659425
489,210,388,0,0,0.0943407685981813
490,385,70,1,1,0.934664174927879
491,386,389,0,1,0.7947337967574173
492,209,390,0,0,0.04639940169897329
493,387,391,1,1,0.7458302880209391
494,388,392,0,0,0.11483586964076901
495,66,393,0,0,0.4944226107397274
496,389,362,0,0,0.01728630360668706
497,332,127,0,0,0.22848132637579976
498,390,180,0,1,0.8484044866950609
499,69,394,0,0,0.05467564906241057
500,391,395,0,0,0.009921345784234
501,392,379,0,0,0.02845470378983563
502,302,352,0,0,0.1322177824410103
503,393,325,0,0,0.19082090141539776
504,394,133,0,0,0.13337551024822386
505,395,210,0,0,0.04909555161723688
506,141,192,0,0,0.18605937265846148
507,60,113,0,0,0.03339685347028464
508,396,245,0,1,0.608233347816021
509,397,396,0,0,0.009293153434734724
510,265,263,0,1,0.5118055213457051
511,398,397,0,0,0.29176969406623243
512,331,398,0,0,0.39670251937828976
513,399,399,0,0,0.27837265687127594
514,400,136,1,0,0.31253160296443666
515,255,400,0,0,0.011338778717495048
516,401,213,1,1,0.990510019386226
517,122,67,0,0,0.20381734874285284
518,52,194,0,0,0.17846174301639237
519,402,296,0,0,0.027549509242550674
520,403,401,0,0,0.48727509216012865
521,404,402,0,0,0.18299768955819376
522,60,403,0,0,0.04934054625923163
523,194,404,0,0,0.010315724916408059
524,180,405,1,1,0.9642174700795105
525,405,406,0,1,0.7652718506114823
526,406,230,0,0,0.06552566474971588
527,104,120,0,0,0.13669754754350077
528,105,313,0,0,0.013453866996222454
529,234,407,0,0,0.07122820677608914
530,407,257,0,1,0.5528178587715208
531,408,408,0,1,0.6836967434307318
532,409,409,0,1,0.8703861831608468
533,410,245,0,1,0.6268558018107426
534,195,246,0,0,0.026167777225587587
535,411,410,1,1,0.5029904082019977
536,89,411,0,1,0.8269283176865938
537,412,170,0,0,0.058126236908753
538,214,412,0,0,0.2452854675333933
539,135,219,0,1,0.6813769749724816
540,331,218,0,1,0.8302966264558551
541,413,8,1,1,0.9701221951134789
542,138,413,0,1,0.5940293003705315
543,414,414,0,0,0.03503469067158768
544,415,415,1,1,0.6727201079511136
545,413,391,0,0,0.1986526288029574
546,416,416,0,1,0.924525034203411
547,417,417,0,0,0.2010769241335664
548,72,418,0,0,0.4223822768158022
549,418,419,0,0,0.02337886885003853
550,419,420,0,1,0.9630271197070317
551,420,421,0,0,0.007908334320571066
552,421,37,0,1,0.569102047490096
553,422,422,0,1,0.7625052375368017
554,423,423,0,0,0.2239458162893748
555,424,424,0,0,0.44876972704141743
556,22,149,1,1,0.8941674164814013
557,425,425,0,0,0.043757631762016094
558,426,182,0,0,0.041859231660336324
559,375,426,0,0,0.011767617051542443
560,223,427,0,0,0.010337387345578283
561,427,428,0,0,0.4046546546669605
562,58,263,0,1,0.5302359512544211
563,292,424,0,0,0.47564654747566965
564,425,429,0,0,0.057442073070423524
565,428,430,1,0,0.3016381367616516
566,388,431,0,0,0.23508531438199026
567,417,426,0,0,0.2814975315059497
568,149,432,0,0,0.2886204733575054
569,429,433,0,1,0.9386338599978161
570,430,93,0,0,0.0598667854819129
571,87,434,0,0,0.025700384854893007
572,431,435,0,0,0.1864530812511227
573,432,436,1,1,0.9451615920983101
574,198,384,0,0,0.04638036464584563
575,43,437,0,1,0.7245851919343611
576,433,438,0,0,0.057167845483565786
577,434,310,0,0,0.13292147370163052
578,65,439,0,0,0.011638884595054595
579,435,440,0,0,0.06665084861094875
580,436,441,0,0,0.04730378229731956
581,64,442,0,0,0.10982131681582938
582,437,443,0,0,0.008581683980772489
583,247,444,0,1,0.6360109127069441
584,307,335,0,0,0.016128172871447292
585,430,445,0,0,0.3642032148865815
586,438,446,0,0,0.4564788271159168
587,439,447,0,0,0.27107804290908555
588,440,448,0,1,0.6684973651100254
589,233,449,0,1,0.7350076470383533
590,441,450,0,0,0.0088355522280252
591,442,451,0,1,0.751422392097368
592,443,145,0,1,0.8562546180226396
593,291,348,0,0,0.20842899482655142
594,444,452,0,1,0.6166008251224857
595,300,317,0,0,0.011435053071107797
596,445,215,0,0,0.021055514858566125
597,446,397,0,1,0.813822899936704
598,447,453,0,0,0.014704913927870931
599,448,454,0,1,0.7753819412312559
600,185,455,0,0,0.12090607569087694
601,316,456,0,0,0.14135207228215965
602,335,258,1,1,0.8708820231367818
603,449,457,0,1,0.6591220901942089
604,450,59,0,0,0.2759645141259417
605,451,458,0,0,0.0744082588862551
606,452,459,0,0,0.015565887831842415
607,453,227,0,1,0.6001253295139084
608,454,217,0,0,0.46605550500448484
609,455,264,0,0,0.08990522744185708
610,338,118,0,1,0.6461605573924247
611,456,379,0,0,0.34077633204874913
612,192,460,0,0,0.4282797674086848
613,58,461,0,0,0.30400008297595443
614,457,359,0,0,0.13763136212993465
615,458,462,0,1,0.6384867390687994
616,459,463,0,0,0.02534885488656829
617,460,464,0,0,0.04740127403817271
618,2,465,0,0,0.36301361437722335
619,103,273,0,0,0.022459017572198096
620,461,466,0,0,0.08541396822810425
621,462,467,0,0,0.22053075602902888
622,463,115,0,0,0.1070431381349677
623,464,468,0,0,0.005512406563321084
624,465,17,0,0,0.46352330507200507
625,363,469,0,0,0.08737053631890004
626,34,108,0,0,0.030081550914663493
627,466,191,0,0,0.0441216780412144
628,262,470,0,0,0.012339891985024649
629,467,107,0,0,0.03023320916572752
630,137,471,0,0,0.3836528060711173
631,83,472,0,0,0.020663139471795357
632,387,473,0,0,0.03989602221936602
633,182,474,0,1,0.5117222223395718
634,454,396,1,1,0.5851032776929792
635,468,475,0,1,0.9376057593515035
636,469,337,0,0,0.04543485688951765
637,470,476,0,0,0.39272767472013526
638,471,422,0,1,0.5416552016399201
639,154,477,0,0,0.01477571934418677
640,472,478,0,0,0.016504386837565947
641,39,479,0,1,0.6750499615282304
642,139,480,0,0,0.27324066608884984
643,473,33,0,0,0.24639995722643918
644,474,90,0,0,0.008696311051552885
645,435,315,0,0,0.008794454007725879
646,475,481,0,0,0.03578856898507312
647,476,482,0,0,0.10903574825425304
648,220,412,0,0,0.11136349287945711
649,187,235,1,1,0.9021156382736292
650,314,483,1,1,0.7385641244205401
651,477,292,0,0,0.08536623033853254
652,467,138,0,0,0.16430392617734377
653,478,484,0,0,0.023537261160609436
654,301,485,1,1,0.8018601349623122
655,479,486,0,1,0.9466818852977896
656,480,487,0,0,0.01597680639491158
657,281,488,0,0,0.020951402274499837
658,481,489,0,0,0.3679813323644835
659,79,272,0,0,0.3569691412986323
660,482,2,0,0,0.298526693390904
661,227,490,1,0,0.39861209272421205
662,483,491,0,0,0.14589548964078278
663,484,15,0,0,0.08686220496632772
664,314,492,0,0,0.09235480515191896
665,440,493,0,0,0.20419739549258684
666,390,69,0,1,0.966778931064198
667,485,494,0,1,0.6846310450795531
668,198,77,0,0,0.4401297800901493
669,486,312,0,0,0.01141550107798793
670,116,367,0,1,0.9693780152925089
671,487,495,1,1,0.9952588036895543
672,488,496,0,0,0.33135081833119084
673,400,131,0,0,0.03718947402986621
674,489,497,1,0,0.446184969063883
675,341,483,0,0,0.08036764151199147
676,465,498,0,0,0.02577536028025514
677,490,177,0,0,0.07639503459252923
678,24,298,0,0,0.16327667197042292
679,203,310,0,1,0.908670962217827
680,491,499,0,0,0.3329520606513735
681,492,500,0,0,0.12724134327163203
682,412,475,0,1,0.5293828736351119
683,493,501,0,0,0.26510455167366964
684,116,111,0,0,0.37509254122238606
685,298,109,0,0,0.46372280790974646
686,494,502,0,0,0.05494637380262235
687,264,503,0,0,0.45575738888985
688,495,56,1,1,0.9340482077487893
689,496,504,0,0,0.029640477438287013
690,165,505,0,0,0.28439542430570847
691,197,506,0,0,0.28934241964438884
692,497,209,0,0,0.4969157373103239
693,221,502,0,1,0.5624987356545138
694,476,395,0,0,0.030997242982575317
695,498,189,0,0,0.016960990220730617
696,499,507,1,1,0.5673778951872482
697,500,368,0,1,0.8699611071698831
698,362,508,0,1,0.6845257515523089
699,501,509,0,0,0.022204969165589908
700,502,510,0,0,0.13542122619071767
701,503,374,0,0,0.008263561161976631
702,504,511,1,1,0.9001516346774323
703,434,133,0,0,0.018282745076896745
704,308,512,0,1,0.7035542917228168
705,353,289,0,0,0.022710435608932832
706,422,94,0,0,0.15521544732561904
707,88,358,0,0,0.307261681570779
708,505,513,0,0,0.04217081252478555
709,83,514,0,0,0.01698867024840038
710,506,116,0,0,0.032093190116110205
711,507,140,0,0,0.023972644324946724
712,508,515,0,0,0.13862476313707453
713,509,516,0,0,0.01881229758784538
714,417,517,0,0,0.295725665470388
715,263,203,0,0,0.03935128645325251
716,510,90,0,0,0.08358516402868517
717,296,339,0,1,0.5457143268555524
718,511,103,0,0,0.20637777252926334
719,74,50,0,0,0.3748904992364334
720,500,119,0,1,0.9244517214779054
721,512,49,0,0,0.03684874295386469
722,232,20,0,1,0.7833921983578731
723,17,425,1,1,0.9099996682468012
724,513,518,0,0,0.04782654694443969
725,514,519,0,0,0.0778163479375003
726,515,287,0,1,0.7340972451691173
727,56,520,0,0,0.04498402697634861
728,516,96,1,1,0.8706511682597685
729,517,521,0,1,0.9689698963739033
730,291,171,0,0,0.16740090046286324
731,454,522,0,0,0.39956922269260725
732,457,523,0,1,0.5615944111158161
733,518,369,0,0,0.0209924884666626
734,519,524,0,1,0.7820493191121756
735,520,525,0,1,0.6577150185772349
736,5,83,0,0,0.10813314749677123
737,160,526,1,1,0.9437607381517634
738,391,8,0,1,0.89528908981032
739,171,128,0,1,0.7048492409332854
740,521,527,0,1,0.8518596464199237
741,522,121,0,1,0.7308232384115024
742,523,9,0,0,0.40760129726217015
743,97,491,0,0,0.08190267205540683
744,42,141,0,1,0.7316160162539936
745,524,528,0,0,0.03789471527879986
746,50,529,1,1,0.9426835459394073
747,456,530,0,1,0.8848625068507312
748,525,531,0,1,0.7143812819288379
749,526,532,0,0,0.12184647506336035
750,527,467,0,0,0.1537130969920048
751,4,533,0,0,0.23131770875010335
752,161,534,0,1,0.5300702218590602
753,39,432,0,0,0.34862218937350886
754,528,446,0,1,0.7901211203615566
755,529,535,0,0,0.01364846562173688
756,110,536,0,0,0.017470775894085855
757,212,468,0,0,0.02940925529423785
758,203,537,0,1,0.8862742104125727
759,293,538,1,0,0.15409743894319577
760,28,539,0,0,0.10037257311054654
761,358,512,0,0,0.04490685617753771
762,530,58,0,0,0.03836736723642937
763,236,218,0,0,0.4604862618634679
764,447,214,0,1,0.6750440675034262
765,402,540,0,0,0.01841438535241401
766,37,527,0,0,0.015733312585160694
767,254,141,0,0,0.42431858416756013
768,234,135,0,0,0.4338444828005163
769,172,541,1,1,0.8214033112358728
770,219,538,0,1,0.5041333403520118
771,531,542,0,1,0.5456564934396906
772,532,543,1,1,0.7437070102734282
773,29,544,1,1,0.8551758539685589
774,533,181,0,1,0.8861264288662967
775,503,545,0,0,0.38103703354862617
776,158,489,0,0,0.04759563896184841
777,521,187,0,0,0.008821094689823703
778,67,257,0,0,0.022222660698080248
779,534,546,0,0,0.14695638748226147
780,535,446,1,1,0.6215688209273711
781,132,3,0,1,0.8795327761477838
782,536,547,0,0,0.13565385737251046
783,292,548,0,0,0.32166685928340844
784,521,99,0,0,0.02185257719758704
785,537,549,0,0,0.1261064952890993
786,146,550,0,0,0.020783603151710746
787,104,551,0,0,0.10104450035129159
788,142,552,0,0,0.09901900511415904
789,47,553,0,1,0.5241335909492756
790,271,68,0,0,0.3531847232278481
791,538,554,0,0,0.005321866352286843
792,539,555,0,0,0.05179131556251392
793,61,367,0,1,0.8074384658239765
794,539,295,1,1,0.75180559105356
795,181,556,0,0,0.37806398769429744
796,371,557,0,0,0.21942700645208735
797,540,73,0,1,0.7733681894935676
798,100,311,0,0,0.15170474087818517
799,541,376,0,0,0.023712946297151132
800,542,264,0,0,0.196459341690484
801,51,219,0,1,0.9037807545695752
802,434,183,0,0,0.024199863042692775
803,543,558,0,1,0.6508960545333193
804,544,34,0,0,0.014989666427041025
805,364,217,0,0,0.05176949003458914
806,287,245,0,0,0.011786977711476364
807,545,559,0,0,0.025262205760375297
808,546,560,0,1,0.8852679812750532
809,547,561,0,0,0.025256773832101287
810,548,513,1,1,0.5775078289936739
811,549,261,0,0,0.05824229663129463
812,550,562,0,0,0.0227035434401176
813,551,563,0,0,0.017916747294726275
814,552,564,0,1,0.7356921679967103
815,431,565,0,0,0.4450983413546477
816,209,371,0,0,0.05128355432684399
817,553,90,0,0,0.012627701935528446
818,257,331,0,0,0.055902721326214246
819,303,566,0,1,0.7111582464944339
820,554,567,0,0,0.009940059335107214
821,211,301,0,0,0.030686408173449576
822,555,524,0,0,0.017020643356725658
823,2,86,0,0,0.12421000694662734
824,31,568,0,0,0.4877054855302424
825,556,316,0,0,0.48839844008314065
826,295,565,0,0,0.010510175623073655
827,436,569,0,0,0.012913715148320142
828,557,106,0,0,0.011046850743632704
829,479,132,0,1,0.5650857867347077
830,93,410,0,1,0.616180275663816
831,558,570,1,1,0.9140087883086956
832,391,571,0,0,0.37763591261484375
833,559,338,0,0,0.12408881422114745
834,560,572,0,0,0.02759076560118815
835,17,573,0,0,0.11306716691096068
836,501,574,0,0,0.008469155035340955
837,515,348,0,0,0.16013864580945975
838,373,347,0,0,0.18831651850760361
839,420,575,1,1,0.8998961556546919
840,391,576,0,1,0.7995762756684263
841,561,14,0,0,0.011475478398960874
842,396,112,0,1,0.6346184805772561
843,562,577,0,0,0.1970383433614463
844,563,95,0,1,0.5184607846251128
845,564,578,0,0,0.1150218849898725
846,497,140,0,0,0.06841668569413308
847,534,300,0,0,0.49022211417660144
848,565,389,0,1,0.7526920162502763
849,566,71,0,0,0.03128597121850167
850,295,579,0,0,0.4446503623655896
851,439,580,1,1,0.8884810537955339
852,399,339,0,1,0.778219748413926
853,15,573,0,1,0.6540702548141749
854,451,254,0,0,0.21408933166891386
855,567,234,0,0,0.09909764319954296
856,51,581,0,1,0.7993110147201403
857,568,582,0,1,0.8037022513549861
858,417,486,0,0,0.46506954693239455
859,569,520,0,1,0.9381070664948002
860,570,116,0,0,0.013369298733339821
861,571,583,0,0,0.07630084391405077
862,110,126,0,0,0.10646836779568032
863,572,126,0,0,0.37929000940979235
864,573,405,0,0,0.026466002226535758
865,515,584,0,0,0.3159271487468782
866,574,62,0,0,0.4799540044749869
867,575,226,0,0,0.0208346967410349
868,576,29,0,0,0.26257338821749343
869,400,155,0,0,0.03603757110879485
870,577,585,0,0,0.2856851594415399
871,279,103,0,0,0.1284411687525763
872,578,342,0,0,0.4629114077106872
873,579,586,0,0,0.10186492232751466
874,580,587,0,0,0.012898386330839659
875,138,588,0,0,0.00894539182189533
876,572,170,0,0,0.030462829033924447
877,251,275,0,0,0.04486256987597388
878,542,589,0,0,0.4001513822837015
879,136,580,0,0,0.10359427339145444
880,553,590,0,0,0.030152467508679833
881,581,444,0,0,0.1827922297401108
882,193,66,0,0,0.09765321914625101
883,582,437,0,0,0.4643707325967672
884,576,542,0,0,0.021744470705635437
885,42,413,1,1,0.9314343144923699
886,464,417,0,0,0.03160022918972541
887,583,539,0,0,0.23720867875279433
888,351,591,0,0,0.011158317256327778
889,584,380,0,0,0.011111512391118992
890,585,29,0,0,0.22832761959558895
891,586,499,0,1,0.567413208501374
892,148,108,1,1,0.9398759812070806
893,551,413,0,0,0.05583469614895959
894,587,592,0,0,0.008420536020683652
895,93,593,0,0,0.062829577241174
896,495,360,0,1,0.5310700346299385
897,67,594,0,0,0.027265792802263683
898,588,595,0,1,0.6361322244806817
899,589,596,0,0,0.05417391266676136
900,590,578,0,0,0.059081004450304966
901,539,243,0,0,0.17892820162951298
902,591,551,0,0,0.0614274124486758
903,592,597,0,0,0.017036011805023902
904,44,598,0,1,0.7372329523512968
905,311,599,0,0,0.37217283454252204
906,544,568,1,1,0.9566881460507394
907,317,600,0,0,0.3132637117318125
908,2,314,0,0,0.009493222081697865
909,397,244,0,0,0.20960011241450555
910,247,601,0,0,0.027327090018219383
911,593,286,0,0,0.012827100179377613
912,35,592,0,0,0.00943577551114963
913,594,49,0,0,0.013464797339456153
914,595,208,0,1,0.543707002054806
915,251,315,0,0,0.03377547120076581
916,54,55,0,1,0.9041066034981752
917,344,602,0,0,0.015767186757038643
918,161,248,0,0,0.03255709271597326
919,566,395,0,1,0.5056437680231721
920,596,603,0,1,0.636707735741103
921,109,341,0,0,0.0822971743322197
922,597,154,0,0,0.025162575290780264
923,153,604,1,1,0.7310689608992381
924,598,246,0,0,0.16599905678072108
925,300,216,0,0,0.2208797626729279
926,126,209,1,1,0.9473740844484934
927,542,605,0,1,0.6461642434374704
928,599,606,0,0,0.17027408145511885
929,197,607,0,0,0.07488814081900008
930,455,608,0,0,0.015740590434290335
931,600,424,0,0,0.16572709282385778
932,601,609,0,0,0.026202202767903783
933,602,562,0,1,0.9723220668629269
934,450,399,0,0,0.348995340783226
935,603,441,0,0,0.009845058518360737
936,604,488,0,1,0.7010184797534097
937,605,334,0,0,0.06608120471132801
938,304,610,0,0,0.3571437501155608
939,606,611,0,0,0.26496988405134175
940,593,612,0,0,0.009142387661733233
941,23,441,0,0,0.299955961864464
942,607,598,0,1,0.7849076198584196
943,608,407,0,1,0.8966190063721124
944,411,175,0,1,0.80128599605804
945,297,613,0,0,0.015374381806220664
946,147,413,0,1,0.7429006857009967
947,609,368,0,0,0.028298895332580825
948,49,614,0,0,0.429260475397157
949,610,566,0,0,0.012681063422413288
950,611,202,0,0,0.018291767393027198
951,69,498,0,1,0.6562862137597213
952,612,145,0,0,0.06693921528980434
953,209,114,0,0,0.25218472998791286
954,613,496,0,1,0.7818396414546622
955,614,615,0,0,0.315468612111835
956,615,616,0,1,0.8615424406654923
957,348,617,0,1,0.9122049342051142
958,305,187,0,0,0.19903166581473358
959,311,489,0,0,0.12174676531137943
960,342,66,0,1,0.8803589481104291
961,529,618,0,1,0.9445770781887648
962,616,19,0,1,0.7113293294637338
963,593,619,0,0,0.027293849741956495
964,224,538,0,0,0.035570639215374504
965,586,407,0,0,0.19815645486659303
966,615,620,0,1,0.507548461268649
967,420,621,0,0,0.031594950857956675
968,396,622,0,0,0.3359483721857942
969,520,532,0,0,0.35046388490009456
970,617,308,0,0,0.20042355482519028
971,618,623,0,0,0.06824541651213703
972,469,231,0,0,0.33580913780606764
973,619,624,0,0,0.2583140813015625
974,16,439,0,0,0.07379080086056025
975,58,625,0,0,0.01630978875745036
976,210,342,0,1,0.9041641800883866
977,620,626,0,1,0.7146634914608156
978,172,249,0,0,0.09306835186237727
979,562,30,0,1,0.8833419094783547
980,621,111,1,1,0.8249856061782039
981,328,177,0,1,0.7010769784632828
982,241,430,0,0,0.45971268450835984
983,212,627,0,0,0.19825883803810287
984,363,341,0,1,0.8234022536979108
985,622,49,0,0,0.0289384162359848
986,531,444,0,1,0.7483080974816165
987,333,628,0,1,0.8829675224981791
988,623,369,0,1,0.8946785463488889
989,53,426,0,0,0.007907130577820113
990,15,629,0,1,0.8089831518136408
991,288,630,0,0,0.21346593124434537
992,178,119,0,0,0.028544341379345563
993,344,458,0,1,0.5130407594917235
994,624,484,0,0,0.04837835832600958
995,377,103,1,1,0.8161416669608692
996,625,631,0,0,0.07529459572608627
997,126,632,0,1,0.6183485602046646
998,289,602,0,0,0.07364495379131043
999,626,530,0,0,0.013976667086534693
1000,627,378,0,0,0.01743541724927621
1001,384,232,0,0,0.030809547348668344
1002,628,180,0,1,0.6392176716452922
1003,537,633,1,1,0.822094004194516
1004,629,88,0,0,0.0381629847165958
1005,470,634,1,1,0.7655115079557087
1006,298,100,0,0,0.4183020501032566
1007,200,635,0,0,0.03398678277835722
1008,317,138,0,0,0.02156026045760303
1009,248,57,0,1,0.8825788670931571
1010,190,255,0,0,0.026196821357157108
1011,630,599,0,0,0.4680046264079214
1012,631,636,1,1,0.8626824875160116
1013,27,637,0,0,0.09546354631384422
1014,632,376,0,0,0.008947844010537866
1015,633,638,1,1,0.9322957168375846
1016,342,442,0,1,0.9105873846944914
1017,529,390,0,0,0.07212301889225414
1018,282,639,0,1,0.5587752406405024
1019,634,351,0,0,0.0417545434080971
1020,635,640,0,0,0.42758450955064653
1021,346,224,0,0,0.016353300322467897
1022,636,236,0,1,0.8914357791557982
1023,380,509,0,0,0.05846161182994818
1024,181,605,0,0,0.12410869321315708
1025,637,434,0,0,0.09970674226171446
1026,638,24,0,0,0.04747667254139492
1027,639,102,0,1,0.7786463301928995
1028,268,46,0,0,0.10033019637306986
1029,348,224,0,0,0.2174474621656855
1030,640,641,0,0,0.02556315947188925
1031,537,642,0,0,0.19104847904880293
1032,5,504,0,0,0.012321663926613085
1033,128,290,0,1,0.5041147604417945
1034,281,84,0,0,0.01587755505611511
1035,267,127,0,0,0.0512953863847821
1036,263,643,0,0,0.2660362131278295
1037,471,459,0,0,0.31729423148677594
1038,523,264,0,0,0.22394622894656116
1039,641,133,0,0,0.39240546988590347
1040,642,557,0,0,0.008066179520127382
1041,444,397,0,0,0.02745029970441756
1042,643,636,0,0,0.4307137905295008
1043,154,644,0,0,0.01361232836259966
1044,327,473,0,1,0.53036389699203
1045,164,645,0,1,0.5737782414883998
1046,644,13,0,0,0.008844841559103922
1047,510,646,0,0,0.09944811854906563
1048,645,104,0,1,0.6992054321668173
1049,30,647,0,0,0.05784649428212517
1050,135,542,0,1,0.5691341500989519
1051,646,190,0,0,0.02577666008584085
1052,647,533,0,0,0.013338375434510403
1053,345,475,0,0,0.09559290391337269
1054,20,313,0,1,0.7406039677850659
1055,48,169,0,1,0.8945338770496137
1056,513,202,0,0,0.08877755402770202
1057,477,648,0,0,0.006883825427961307
1058,497,62,0,0,0.42631155253327874
1059,616,649,0,1,0.7005125692035342
1060,648,65,0,1,0.7834557052322413
1061,649,650,0,1,0.8778771136954093
1062,322,447,0,0,0.012895200958276135
1063,640,442,0,0,0.21234288630724485
1064,650,293,0,0,0.11608302522556997
1065,466,371,0,0,0.2625976148368836
1066,376,234,0,0,0.034476112438011665
1067,296,203,0,0,0.4892117861967317
1068,557,651,0,0,0.024793765077051774
1069,651,652,0,0,0.3572165612997289
1070,652,232,0,0,0.013861137145564383
1071,399,653,0,0,0.0846582741249248
1072,653,572,0,1,0.5841503640337826
1073,354,654,0,0,0.014180014430048534
1074,495,655,0,0,0.025794479033133283
1075,35,656,0,1,0.6147726095315036
1076,647,657,0,1,0.7462630196475456
1077,654,369,0,1,0.8625266059033156
1078,566,312,0,1,0.9087447078746625
1079,655,23,0,0,0.049333408898594916
1080,157,658,0,0,0.012916427099009612
1081,610,257,0,0,0.11265563958497289
1082,416,659,0,0,0.025849893657208918
1083,645,333,0,0,0.007514314672520518
1084,334,479,0,0,0.47298780129527657
1085,656,660,0,1,0.6937761901599885
1086,347,538,0,0,0.14625682299393536
1087,360,529,0,1,0.5470313413545247
1088,460,543,0,0,0.02440259575133824
1089,94,661,0,0,0.4398587875158173
1090,657,94,0,1,0.7436180418079457
1091,552,662,1,1,0.694336030713785
1092,384,618,0,0,0.11126662952723919
1093,658,215,0,0,0.05954167917432342
1094,659,39,0,1,0.6106893783096071
1095,193,147,0,0,0.06826347066748038
1096,631,599,0,0,0.15294743910928044
1097,578,663,0,0,0.014371804285153446
1098,660,257,0,1,0.7599986305893326
1099,661,269,0,0,0.031739106331491095
1100,6,355,0,0,0.21859662568248972
1101,299,664,0,0,0.009477757670517308
1102,73,252,0,1,0.6673450423899937
1103,649,359,0,1,0.8021081434049316
1104,423,665,0,0,0.03954672485760266
1105,21,562,1,1,0.8035018357124073
1106,443,666,0,0,0.4681226120464566
1107,331,667,0,1,0.9233196446490576
1108,662,668,0,0,0.11457107861253292
1109,663,586,0,0,0.011709832687142336
1110,407,293,1,1,0.6795193981122852
1111,663,170,0,1,0.5640475347229632
1112,389,400,0,1,0.9738087474635583
1113,664,168,0,0,0.041655732899896394
1114,376,283,0,0,0.033852413035937036
1115,665,365,0,0,0.01898859091565654
1116,362,532,0,0,0.05046201571526111
1117,666,203,0,0,0.12331817423681635
1118,644,29,0,0,0.025910680827246183
1119,667,669,1,1,0.6791549344525267
1120,651,150,0,1,0.6793920208235196
1121,388,670,0,0,0.381655062269302
1122,668,432,0,0,0.4232506585145716
1123,618,43,0,0,0.09559280953137224
1124,251,302,0,0,0.2805338642942559
1125,669,366,0,0,0.44168187738261955
1126,26,510,0,0,0.3651893859478496
1127,240,671,0,0,0.42022508595699354
1128,670,386,0,0,0.09320143950894363
1129,55,482,0,0,0.09757580282803825
1130,671,103,0,0,0.020122373175373624
1131,197,369,0,0,0.008274971055501845
1132,672,672,0,0,0.018382106880612193
1133,277,324,0,0,0.3202068583266074
1134,673,673,0,0,0.37573476752403884
1135,227,145,0,0,0.02269098844068259
1136,674,60,0,0,0.03038924791211538
1137,564,59,1,1,0.5874534697251588
1138,466,360,0,0,0.059295753081456924
1139,526,33,0,0,0.46463737970734226
1140,396,278,0,1,0.6237956372735868
1141,537,674,0,0,0.09561348526299022
1142,29,270,0,0,0.227607544649261
1143,66,352,0,1,0.5078168138084987
1144,675,609,0,0,0.014275574383524985
1145,131,659,0,0,0.02661165738592285
1146,70,255,0,0,0.011022224266666318
1147,269,462,0,0,0.06716946044683533
1148,676,675,1,0,0.23219630723611384
1149,305,356,0,0,0.024744093469028502
1150,677,105,0,0,0.30208525806200043
1151,381,676,0,0,0.0632581914489797
1152,152,677,0,0,0.06258160985838525
1153,96,678,0,0,0.028727886681417167
1154,678,181,0,0,0.08040600816991068
1155,60,679,0,0,0.16507316827649984
1156,311,222,0,0,0.33207052186334984
1157,679,1,0,0,0.07105584475030108
1158,680,315,0,0,0.04384911158507597
1159,473,680,0,0,0.31840948266500974
1160,235,681,0,1,0.8540511301978234
1161,359,446,0,0,0.12067493101086768
1162,681,468,0,0,0.11028651838520388
1163,666,399,0,0,0.13870998329877754
1164,682,651,0,1,0.8262424168805385
1165,560,682,1,1,0.9148827612788107
1166,355,427,0,0,0.22260633448110695
1167,625,683,0,0,0.262984922810876
1168,683,90,0,0,0.1457301614112474
1169,684,270,0,0,0.24050349848374
1170,226,684,0,0,0.012611110249665367
1171,685,685,0,0,0.3148349751827063
1172,686,385,1,1,0.758138936931891
1173,548,394,0,0,0.05380775077554447
1174,563,686,0,1,0.7843801341989688
1175,129,61,0,0,0.036434329532545995
1176,687,679,1,1,0.8408686689994117
1177,287,345,0,0,0.14500071584870766
1178,688,515,0,0,0.28357034062052794
1179,209,687,0,0,0.1313170323281334
1180,331,455,0,0,0.07043772248801246
1181,363,573,0,0,0.01070800468970538
1182,10,178,0,1,0.8644203038861528
1183,689,154,0,0,0.017739389745786358
1184,7,589,0,0,0.11821881399949832
1185,349,104,0,1,0.6238465168037393
1186,690,569,0,0,0.03428594312351469
1187,356,76,0,0,0.049815120734918096
1188,201,670,0,0,0.00868222066375188
1189,572,629,0,1,0.8178347315071988
1190,27,290,0,1,0.6153941975955873
1191,346,688,0,0,0.015579705719509259
1192,691,689,0,0,0.041096018763839996
1193,658,508,0,1,0.8022257455254669
1194,670,655,0,0,0.03855099871317278
1195,692,690,1,1,0.9290776837643347
1196,693,691,0,0,0.03250547361321153
1197,424,149,0,1,0.5284567682436473
1198,383,618,0,1,0.7156727473181624
1199,427,174,0,0,0.01703296461963934
1200,294,503,1,0,0.3208056533123015
1201,694,692,0,0,0.11208484271069606
1202,614,693,0,0,0.03026986783775232
1203,695,308,0,0,0.026055744196039708
1204,696,694,0,0,0.028052717819326847
1205,649,274,0,0,0.17018262583866314
1206,522,574,0,0,0.008800860988397574
1207,312,583,0,0,0.4163852530673175
1208,451,572,0,0,0.3161923105089798
1209,297,126,0,0,0.4751762974080558
1210,697,695,0,1,0.8883681049727121
1211,440,696,0,1,0.9105472579413668
1212,698,535,0,0,0.02292841649662736
1213,680,39,0,1,0.6846504820680605
1214,47,697,0,0,0.104123060903367
1215,368,698,1,1,0.8529651257251468
1216,76,345,0,0,0.0394050589497247
1217,699,699,1,1,0.8263857091774466
1218,308,700,0,1,0.8789694008811945
1219,6,433,0,1,0.8695646730021606
1220,700,701,0,0,0.011278708835874056
1221,306,506,0,0,0.018116006975245583
1222,510,24,0,0,0.0196100182904592
1223,165,64,0,0,0.09825288258673798
1224,487,702,0,0,0.020561519573179848
1225,531,102,0,1,0.8937903846379495
1226,570,703,0,0,0.11158219201447629
1227,701,462,0,1,0.7137903636197717
1228,464,704,0,0,0.0074245173863916256
1229,224,703,0,0,0.06393585225103075
1230,702,90,0,0,0.3054351928301328
1231,703,506,0,0,0.04125561431280019
1232,704,185,0,0,0.04028708521683831
1233,533,705,0,0,0.09555498311789731
1234,254,554,0,0,0.2807229992169561
1235,249,612,0,1,0.678099079995502
1236,705,119,0,0,0.026589557744571654
1237,65,169,0,0,0.017665895854141977
1238,116,140,0,0,0.20689014677612547
1239,101,706,0,1,0.9259308160524502
1240,682,178,0,0,0.23820715896987726
1241,27,123,0,1,0.5367477604162901
1242,14,197,0,0,0.17339115705812252
1243,706,140,0,0,0.0611052881343445
1244,131,412,0,0,0.22815543523415044
1245,194,644,0,0,0.012337678871720171
1246,52,600,0,0,0.2783307982971357
1247,700,611,1,0,0.43730251480261756
1248,409,707,0,0,0.04073383908502959
1249,282,45,1,1,0.9579805542033467
1250,476,708,0,0,0.3722026284547862
1251,707,94,0,0,0.06757940602224695
1252,468,335,0,0,0.04325048547444803
1253,485,709,0,1,0.6117033220014234
1254,383,479,0,0,0.17446958460558648
1255,505,100,0,0,0.03193184213051024
1256,471,601,0,0,0.014357558818747656
1257,399,710,0,0,0.015208516226425358
1258,443,6,1,1,0.6369948230826948
1259,612,314,0,0,0.06432839588512174
1260,146,711,0,0,0.017778807292561993
1261,250,131,0,1,0.7728745777201024
1262,18,712,0,0,0.10057559531400988
1263,179,369,0,0,0.03603607753901856
1264,12,713,0,0,0.025996245937749022
1265,708,714,0,0,0.4071252160925722
1266,709,195,0,0,0.016358660009500894
1267,710,715,0,0,0.48784609066179346
1268,486,259,0,0,0.016406960655426094
1269,711,529,0,0,0.4643238798712614
1270,613,270,0,1,0.6421632306609862
1271,40,716,0,0,0.09159856669351069
1272,628,690,0,1,0.6479839231416182
1273,712,131,0,0,0.3318516490589902
1274,437,331,0,0,0.15804733445064909
1275,642,491,0,0,0.014189491059479873
1276,20,434,0,0,0.10534731183939801
1277,169,717,0,0,0.009854231000390226
1278,713,132,0,0,0.011157635613787936
1279,284,718,0,0,0.013964489592020712
1280,714,719,0,0,0.36735243453070665
1281,380,325,0,0,0.3464412955101851
1282,608,74,0,0,0.43130320969867814
1283,316,228,0,1,0.6157173625002624
1284,413,392,0,1,0.7562796659109399
1285,652,350,0,1,0.8074293894990408
1286,715,720,0,1,0.6566061292636072
1287,456,721,0,0,0.13360366178610752
1288,716,298,0,1,0.8584108486724757
1289,717,20,0,0,0.14865866478094317
1290,498,314,0,0,0.030132869412133573
1291,718,23,0,0,0.016196162296746218
1292,39,468,0,0,0.13268487004338544
1293,528,220,1,1,0.5235482619817022
1294,364,722,0,0,0.14371539938636227
1295,719,123,0,0,0.2171205531018114
1296,558,25,0,0,0.020659126379967547
1297,320,723,0,0,0.3376305785279576
1298,720,489,0,0,0.1636338271379718
1299,133,724,0,0,0.09186575929937013
1300,629,475,0,0,0.026475503951712977
1301,721,122,0,0,0.012979164622523185
1302,722,80,1,1,0.8066356129801182
1303,723,363,0,1,0.9066692102657269
1304,723,725,0,0,0.05864113738877884
1305,485,509,0,0,0.05095777070404061
1306,168,642,0,1,0.5509044786889973
1307,460,647,0,0,0.42273085703492286
1308,724,133,0,0,0.22208488521897776
1309,725,726,0,0,0.016893789159086785
1310,569,532,0,0,0.4536075444699201
1311,116,715,0,0,0.27591442176949077
1312,112,727,0,0,0.07657678435068703
1313,522,728,0,0,0.10983384333590757
1314,15,283,0,1,0.8390888631694055
1315,543,96,0,0,0.07259904587359971
1316,726,149,0,0,0.06521570455935133
1317,727,248,1,1,0.9422256623969908
1318,728,729,1,1,0.9746180610041829
1319,348,730,0,0,0.08371238126280746
1320,729,667,0,0,0.01171230570496909
1321,534,557,0,0,0.04199755250576348
1322,262,731,0,0,0.05199240839683744
1323,642,275,0,0,0.024481461740508303
1324,730,716,0,0,0.11826318609220976
1325,731,655,0,0,0.1304792494272231
1326,473,732,0,0,0.07204450683072386
1327,548,14,0,0,0.39451619580119
1328,620,10,0,1,0.6404068021632093
1329,39,733,0,0,0.057021872276929876
1330,269,734,0,0,0.009806501481846815
1331,278,732,0,0,0.02456324042795156
1332,282,105,0,0,0.033857663703926455
1333,732,735,0,0,0.05474632824661341
1334,310,415,0,0,0.023303565292515777
1335,85,263,0,0,0.19290500202417116
1336,733,736,1,1,0.939528788642012
1337,370,253,0,1,0.8955970428058144
1338,88,737,0,0,0.01891910951317985
1339,78,738,1,1,0.6675411885398885
1340,652,739,0,0,0.21191917616270622
1341,553,114,0,0,0.08228470566412263
1342,261,558,0,0,0.4381983273124196
1343,734,582,0,1,0.783882841332627
1344,549,716,0,0,0.037461296472340234
1345,735,740,0,0,0.465038868758659
1346,695,34,0,0,0.27064449577268734
1347,479,741,0,0,0.19136624878028136
1348,165,305,0,0,0.17339989800363548
1349,736,418,0,0,0.19957897063770558
1350,737,503,0,0,0.014438549136551354
1351,6,742,0,1,0.9286587377472039
1352,738,501,1,1,0.9808202756704788
1353,304,450,0,0,0.031175840562055527
1354,194,97,0,1,0.540476340030106
1355,739,505,1,1,0.9676394791417191
1356,256,284,0,0,0.2725679127772133
1357,658,496,0,1,0.7599007821847895
1358,94,651,0,1,0.5339027799198085
1359,427,111,0,0,0.0658392071233234
1360,436,743,0,0,0.1896627772844115
1361,740,59,0,0,0.16039573569855026
1362,337,744,0,0,0.0069503234244276705
1363,591,274,0,0,0.03439835621103201
1364,649,553,0,1,0.9099838982259019
1365,741,506,0,0,0.009588335060357011
1366,359,307,1,0,0.3512685727908126
1367,742,613,0,0,0.2781222537366597
1368,372,745,1,1,0.899266007789696
1369,578,746,0,1,0.5202348458410085
1370,247,581,0,1,0.8146042851770671
1371,49,663,0,0,0.024729529150393278
1372,67,474,0,0,0.05375083470761075
1373,743,253,0,0,0.018752626367216307
1374,474,62,0,0,0.06472257970843004
1375,557,739,1,1,0.7666339223397483
1376,207,404,0,0,0.09877630787355852
1377,558,747,0,0,0.4279165897126716
1378,744,748,0,0,0.01981075683860849
1379,704,600,0,0,0.03364502573745704
1380,494,749,0,0,0.024810468837657685
1381,745,536,0,0,0.008487518516506818
1382,718,42,1,1,0.8130493504291254
1383,746,507,0,0,0.16725449700376657
1384,124,619,0,1,0.8957206404122494
1385,584,352,0,0,0.04628318825708129
1386,747,750,0,0,0.05319950004623129
1387,54,454,0,1,0.8357717423878862
1388,671,490,0,0,0.020882879663230623
1389,260,751,0,1,0.8383513523438489
1390,748,752,0,0,0.02221465654425852
1391,425,324,0,0,0.0445308223456722
1392,216,196,0,1,0.8828246515331054
1393,84,753,0,1,0.8806376919026015
1394,581,609,1,1,0.8176119532472139
1395,401,628,0,0,0.4020437710071458
1396,250,754,0,0,0.16810080640556296
1397,406,679,0,0,0.015865431598131027
1398,520,595,0,1,0.6543627172779732
1399,749,663,0,0,0.010384610403622705
1400,540,755,0,1,0.6608019196765689
1401,604,465,0,1,0.807227144918535
1402,750,500,0,0,0.07480644110225138
1403,751,282,0,0,0.020224658634044972
1404,473,756,0,0,0.01425257238427281
1405,752,316,0,0,0.02202996176352365
1406,382,445,0,0,0.19655136907310908
1407,661,66,0,0,0.014514711463676616
1408,388,757,0,0,0.051187417968907564
1409,403,758,0,0,0.01783810819518581
1410,688,248,0,0,0.3497483163092488
1411,78,200,0,0,0.05084072219347124
1412,18,234,0,0,0.054519605555280376
1413,185,164,0,0,0.025639742276594536
1414,739,403,0,0,0.21531016563566724
1415,734,759,0,0,0.06625712320294164
1416,753,760,0,0,0.27513902060900924
1417,100,574,0,0,0.01574692907001708
1418,289,761,0,0,0.43454397740206685
1419,341,98,0,0,0.01852560729950417
1420,754,354,0,0,0.03920014780503978
1421,205,762,0,0,0.11781272220235689
1422,755,593,0,0,0.1509182746736115
1423,99,374,0,0,0.022702654406816635
1424,566,389,1,1,0.8748047883525519
1425,199,175,0,0,0.4294429796229676
1426,560,520,0,1,0.7773534853032628
1427,756,586,0,0,0.01634294318895014
1428,57,763,0,0,0.016107294231568505
1429,757,159,0,1,0.9681041786377387
1430,530,54,0,0,0.4074487973211151
1431,75,272,0,0,0.49484207029209365
1432,758,764,1,1,0.8758167392335733
1433,408,341,0,1,0.8312960628802374
1434,244,393,0,0,0.09483963533499884
1435,373,242,0,0,0.46274369907090873
1436,759,695,1,0,0.3466850310629195
1437,12,160,0,0,0.10253765197879543
1438,215,765,1,0,0.4397699573083011
1439,70,81,0,0,0.42819916057153495
1440,760,200,0,1,0.8907576504150363
1441,761,382,0,0,0.09353415253262232
1442,762,278,0,0,0.0601423230207885
1443,763,766,0,1,0.533694366194905
1444,197,35,0,1,0.9799134246082453
1445,595,697,0,0,0.1543020587816839
1446,485,369,0,1,0.6875360308991098
1447,764,100,0,0,0.17996830729048424
1448,411,436,0,0,0.013938792075349924
1449,583,767,0,1,0.7304572902118974
1450,562,597,0,1,0.8939254500486783
1451,26,626,0,0,0.28434579890737327
1452,638,57,0,0,0.16011823722892501
1453,765,66,0,0,0.39247327605326066
1454,323,768,0,0,0.3373525416729737
1455,557,727,0,0,0.026102203346100562
1456,766,140,0,0,0.028204152295888178
1457,362,496,1,1,0.7350908821493031
1458,56,309,1,1,0.9104582412035535
1459,95,296,1,1,0.8430084871187974
1460,156,689,0,0,0.42318723652208406
1461,758,769,0,0,0.13947242282141126
1462,626,372,0,1,0.6383967958934555
1463,88,556,0,0,0.020247023790827625
1464,706,629,0,0,0.13178271548968856
1465,716,770,0,0,0.05494063697085928
1466,767,289,0,1,0.5356180029496587
1467,218,771,0,1,0.5088440439790245
1468,349,686,0,1,0.5567998331750916
1469,41,574,0,0,0.025180557946695784
1470,127,772,0,0,0.4010958762689522
1471,734,206,0,1,0.6222877777345968
1472,768,231,0,0,0.014897019567204031
1473,213,278,0,0,0.2681172350127005
1474,117,773,0,0,0.03925829818632224
1475,662,340,0,0,0.011399295293878783
1476,769,675,0,0,0.01174666829052316
1477,448,420,0,0,0.018193540273640316
1478,442,172,0,1,0.8781901964451677
1479,491,598,0,1,0.6300919068705844
1480,770,774,0,0,0.2620165763122783
1481,467,476,0,0,0.06805656452704589
1482,397,775,0,1,0.651301251245069
1483,434,776,1,0,0.42826855529011265
1484,701,777,0,0,0.024341309300398486
1485,718,778,0,0,0.0448881459466763
1486,31,674,0,0,0.025277335474340887
1487,771,174,0,0,0.01477241631621755
1488,191,751,0,1,0.8518645101376195
1489,772,140,0,0,0.030949013880641855
1490,681,204,0,0,0.18697018609912494
1491,312,548,0,0,0.05373516093668382
1492,547,727,0,0,0.47995233169156865
1493,27,775,0,0,0.03911416250995282
1494,514,15,0,0,0.3675638772535154
1495,773,779,0,0,0.4791263924746072
1496,774,724,0,0,0.09076031129057552
1497,97,514,0,0,0.05182242150945487
1498,337,780,0,0,0.30827109750870446
1499,440,413,0,1,0.701356059645382
1500,216,98,0,1,0.7500733719572081
1501,462,781,0,0,0.22112955883046276
1502,307,417,0,0,0.04032730600179226
1503,660,600,1,1,0.9530661940312256
1504,261,712,0,0,0.029440472864591883
1505,775,123,1,1,0.5233880783729428
1506,312,381,0,0,0.013457926292391856
1507,604,732,1,0,0.49225621703668493
1508,776,142,0,0,0.04323208312028502
1509,241,782,0,0,0.03961478895127424
1510,28,202,0,0,0.010653431133873247
1511,777,98,0,0,0.18296336052795423
1512,778,103,0,0,0.014833453772038215
1513,779,279,0,0,0.22727743420277108
1514,55,767,0,0,0.052973593881341784
1515,780,783,0,0,0.12835009644393874
1516,545,275,0,0,0.49180988418602906
1517,507,288,0,0,0.01197812455489823
1518,442,762,0,0,0.46220495225276215
1519,781,370,0,0,0.06394568849135016
1520,591,516,0,0,0.01734387839079965
1521,299,784,0,1,0.8843767080043021
1522,514,785,0,1,0.5078304671541094
1523,331,211,0,0,0.04991722754041878
1524,180,758,0,0,0.045743278565225934
1525,782,786,0,1,0.8826595465216985
1526,183,787,0,1,0.8173830889662461
1527,275,445,0,0,0.0415234281007501
1528,41,556,1,1,0.9662286734497175
1529,525,228,0,0,0.0208377391083237
1530,222,190,0,0,0.1936338142235711
1531,622,782,0,0,0.10803897769989962
1532,783,30,0,1,0.6154617712440311
1533,637,748,0,1,0.8889730910954246
1534,445,568,0,0,0.02464077447258409
1535,784,788,0,0,0.12603977108258682
1536,308,626,0,0,0.04464995918289931
1537,479,789,1,1,0.5692887986819102
1538,144,121,0,1,0.615557950258231
1539,29,300,0,0,0.019333979474455767
1540,135,790,0,0,0.0279761747597926
1541,196,622,0,0,0.11901111087854535
1542,41,633,0,1,0.5065812103624614
1543,620,661,0,1,0.6033508277388285
1544,785,498,0,1,0.509140081212238
1545,786,665,0,0,0.012373103223167215
1546,787,364,0,0,0.08143656107149823
1547,121,791,0,0,0.017407457691923454
1548,788,792,0,0,0.09608800701027195
1549,607,47,0,0,0.33654828734405307
1550,320,733,0,0,0.34421370316742045
1551,292,572,0,0,0.06566437328233489
1552,537,453,0,0,0.02289202642967205
1553,457,670,0,0,0.37755913526309876
1554,185,267,0,0,0.009225159238208654
1555,62,371,0,0,0.029974201653004327
1556,586,531,0,0,0.02252440487872425
1557,489,793,0,0,0.035262596777750496
1558,789,313,0,0,0.009516840409605019
1559,13,324,0,0,0.34779418288857494
1560,88,107,0,0,0.019823973282913382
1561,790,794,0,0,0.0244767085939258
1562,791,795,0,0,0.2316369622748405
1563,697,784,0,1,0.9515892000776922
1564,792,796,0,1,0.7138759725573909
1565,146,797,0,0,0.017743408166679134
1566,477,767,0,0,0.021232198337280413
1567,601,731,0,0,0.08264310861272749
1568,143,777,0,1,0.5073397822284604
1569,688,12,0,0,0.01683368212936198
1570,738,798,0,0,0.05081814008294827
1571,40,95,0,0,0.2890946177612527
1572,511,554,0,0,0.024320307596451343
1573,504,504,0,0,0.030794395814283636
1574,254,62,0,1,0.7929396279967997
1575,722,799,0,0,0.008768589668880541
1576,70,6,0,1,0.8400023220301979
1577,149,442,0,1,0.8948191711267774
1578,46,800,0,0,0.2291086160076741
1579,723,34,0,1,0.8308730314180353
1580,209,801,0,1,0.915073505066578
1581,216,256,0,0,0.2654490651988141
1582,365,705,0,0,0.022332342052891127
1583,793,802,0,0,0.20026548872165523
1584,145,803,0,1,0.6325328962049177
1585,138,130,0,1,0.6785884801654516
1586,152,395,0,1,0.5271817394927634
1587,794,624,0,0,0.02678490198206173
1588,795,700,0,0,0.047890008625619776
1589,796,118,0,1,0.6219342577649838
1590,674,804,0,0,0.05889671259050877
1591,127,787,0,0,0.018551094862352614
1592,44,398,0,1,0.8044416757367546
1593,797,805,0,1,0.5746493769559325
1594,778,490,0,0,0.014401013520540226
1595,798,110,0,0,0.15729912898276444
1596,799,498,0,0,0.05890931667866828
1597,295,188,0,1,0.6526253059875575
1598,86,740,0,0,0.2031964586188589
1599,368,260,0,1,0.8835106343168881
1600,536,497,0,0,0.39589067117933885
1601,800,334,0,0,0.09321401748257936
1602,801,404,0,0,0.007153874957324185
1603,379,436,0,0,0.008045953324217543
1604,802,416,0,0,0.3045840302824389
1605,708,390,0,0,0.38189211597022077
1606,803,713,0,1,0.5637221533612471
1607,514,462,0,1,0.6403147267163369
1608,256,425,0,0,0.05852820661596258
1609,413,593,0,1,0.8659626482298621
1610,690,806,0,0,0.46576016302082335
1611,240,599,0,1,0.5210288717157879
1612,502,347,0,1,0.7946900419497163
1613,804,591,0,0,0.21515120816037472
1614,130,807,0,0,0.08149992404383831
1615,782,307,0,1,0.5823024721863846
1616,805,808,0,1,0.9600078029656944
1617,252,437,0,0,0.17769495432282478
1618,758,809,0,0,0.033482410751008884
1619,209,716,1,1,0.5502542670033871
1620,806,810,0,0,0.1388137799210158
1621,247,139,1,0,0.4128497996281548
1622,114,667,0,1,0.8280520465397309
1623,807,20,0,1,0.5908054167750926
1624,515,811,0,0,0.3019117216430662
1625,808,114,0,1,0.7655801918750914
1626,809,812,0,0,0.07514628388923904
1627,582,690,0,0,0.24552785356683546
1628,464,216,0,0,0.015635522087239874
1629,694,451,0,0,0.022959580148909683
1630,217,103,0,0,0.06978462029823643
1631,782,670,0,0,0.27732113421548776
1632,156,498,0,0,0.48478203762994737
1633,810,190,0,0,0.41249676558662
1634,67,813,0,0,0.3574657434429362
1635,811,185,0,0,0.25403596851000576
1636,812,161,0,0,0.034005571273219466
1637,813,104,0,0,0.08096485595551747
1638,465,787,0,0,0.3849999472607863
1639,510,402,0,0,0.16812455719548094
1640,579,744,0,0,0.16771083418973662
1641,116,733,0,1,0.6449657677852214
1642,523,554,0,0,0.12978593584031903
1643,645,789,0,0,0.020619545935682163
1644,647,301,0,0,0.3265362822458241
1645,645,60,0,0,0.04535750004377866
1646,173,814,0,1,0.6931811159354718
1647,568,564,0,0,0.10655954975226825
1648,810,385,0,1,0.7539037447409724
1649,798,196,0,1,0.7534947094963004
1650,402,390,0,0,0.41900641090405866
1651,363,730,0,0,0.02174678957625602
1652,814,815,0,0,0.10853279691952065
1653,350,621,1,1,0.7331724767846078
1654,336,640,0,0,0.3396576273280788
1655,256,816,0,0,0.14825367127218775
1656,196,581,0,0,0.1939867991390583
1657,337,720,1,1,0.807949021942156
1658,796,342,0,0,0.0681380509109819
1659,815,763,1,1,0.8289576731960197
1660,369,817,0,0,0.4789156003142607
1661,569,455,0,1,0.8518838539176313
1662,247,699,0,1,0.8267692729508223
1663,816,25,1,1,0.9552470797278465
1664,349,287,0,0,0.14575858423287746
1665,273,818,0,0,0.022907685321759342
1666,327,456,0,0,0.388473105658006
1667,554,517,0,0,0.020426683777784813
1668,330,295,0,0,0.055502283232991584
1669,694,819,0,0,0.08152144272887497
1670,327,59,0,0,0.29649132377540577
1671,817,820,0,0,0.06950920480605989
1672,13,553,0,1,0.7921436686037531
1673,779,173,0,0,0.04949600258335137
1674,288,745,0,0,0.1871863966208491
1675,818,821,0,0,0.04672634870833486
1676,819,775,0,1,0.6250667399397076
1677,500,609,0,0,0.0798849325542537
1678,485,439,0,0,0.07808528726134696
1679,414,341,0,0,0.02468843264434369
1680,820,222,0,0,0.1937426565769989
1681,291,724,0,0,0.015120868886633953
1682,233,496,0,1,0.8740157761971072
1683,821,569,0,0,0.21365531057056236
1684,241,822,0,1,0.5410768147017907
1685,14,719,0,0,0.3102046395482344
1686,425,288,1,1,0.8388658666710744
1687,712,184,0,0,0.1569892379042727
1688,21,344,0,0,0.024812903201243623
1689,34,514,0,0,0.024812739479411136
1690,794,2,0,1,0.5713126993983046
1691,134,823,0,1,0.5903116567420523
1692,737,127,0,0,0.040763087404194584
1693,649,67,0,0,0.20461671763616318
1694,660,824,0,1,0.6649337356637779
1695,822,105,0,0,0.2926357855798495
1696,823,689,0,0,0.10874934971550619
1697,272,825,0,1,0.5482168577127841
1698,358,812,0,0,0.10497400941039702
1699,546,826,0,0,0.038509698833645745
1700,391,466,0,0,0.05735870334634294
1701,824,645,0,0,0.028888303731351483
1702,376,233,0,0,0.04092136849930187
1703,737,827,0,0,0.018355866199662594
1704,247,693,0,0,0.4826000226510894
1705,825,801,0,0,0.013201293268382831
1706,709,33,0,1,0.8423570564092991
1707,21,314,0,0,0.29337892276716343
1708,585,828,1,1,0.7311800692312962
1709,134,604,0,0,0.1274080064469841
1710,18,114,0,0,0.4524267906803613
1711,761,829,0,0,0.011243331734176756
1712,826,830,0,0,0.07675480296529247
1713,702,402,0,1,0.5423786088295819
1714,127,422,0,1,0.5891448279599483
1715,30,585,0,0,0.047081898896468244
1716,280,176,0,0,0.4769722586865834
1717,721,550,0,0,0.014259022843926562
1718,126,282,0,0,0.44516664038233134
1719,321,831,0,0,0.022662968940759923
1720,313,57,0,0,0.05137275356356037
1721,119,532,0,0,0.007493450643096436
1722,775,604,0,0,0.04912690624951795
1723,656,774,0,0,0.14519479533964388
1724,827,132,0,0,0.12846407881142705
1725,100,664,0,0,0.039638978370241267
1726,828,233,0,0,0.07734926793691806
1727,639,482,0,0,0.08478163940492549
1728,37,380,0,0,0.027273202201855636
1729,829,657,0,1,0.8519876711783506
1730,33,490,0,0,0.08290564589688984
1731,247,616,0,1,0.902127538898792
1732,79,500,0,0,0.04482462091688434
1733,173,68,0,0,0.47399723861895154
1734,396,516,0,0,0.15531037188250996
1735,612,127,0,0,0.01643361874399728
1736,549,29,0,0,0.15042962130944154
1737,830,429,0,0,0.4902068889483983
1738,249,57,0,1,0.5655442424428238
1739,109,429,0,1,0.5996365167082108
1740,758,689,0,0,0.06074381855180824
1741,552,165,0,0,0.030839202492083263
1742,281,832,1,1,0.603216463474984
1743,140,165,0,0,0.01763486006194164
1744,779,14,0,0,0.048545914401355465
1745,694,128,0,0,0.07978763171141323
1746,495,833,0,0,0.38557062283021354
1747,579,732,0,0,0.3679260454996268
1748,175,718,0,0,0.18264175390067786
1749,429,834,0,1,0.9474915250833411
1750,831,98,0,1,0.8645600988977522
1751,832,548,0,0,0.2571611635776014
1752,323,835,0,0,0.029844837109488015
1753,826,144,0,0,0.025621855548918493
1754,214,836,0,1,0.6962940625133064
1755,92,837,0,0,0.04890035340590933
1756,800,381,0,0,0.009918692823318039
1757,674,838,0,1,0.5463126988392758
1758,554,411,0,0,0.2739978096435964
1759,592,839,1,1,0.5306780060524136
1760,114,327,0,1,0.852539875728738
1761,62,276,1,0,0.2401438870301385
1762,520,638,0,0,0.3776199914005656
1763,146,478,0,0,0.008177711464502016
1764,177,292,0,1,0.6877116695869161
1765,302,763,0,0,0.013250066734631935
1766,530,376,1,1,0.9687684564086637
1767,8,840,0,0,0.04754875673970799
1768,440,141,0,1,0.8853943539132565
1769,504,376,0,1,0.7713125654502552
1770,117,841,0,0,0.014044615661356343
1771,833,95,0,0,0.4132219375652124
1772,539,248,0,0,0.12174643588836899
1773,233,508,0,1,0.6717897050597362
1774,404,7,0,0,0.027151763055769784
1775,711,230,0,1,0.8734954793222582
1776,302,493,1,0,0.38581529440069173
1777,793,553,0,0,0.2633069315156327
1778,287,312,0,1,0.9477586379005574
1779,800,593,0,0,0.26199851898549414
1780,67,526,0,0,0.19239324515831338
1781,143,75,0,0,0.2642875268897441
1782,466,532,0,0,0.011239466384884288
1783,834,671,0,0,0.32513640304318364
1784,55,842,1,1,0.9049017583493284
1785,607,236,0,1,0.8108718931857416
1786,249,583,0,0,0.22757512583358033
1787,682,320,0,0,0.018690460548221603
1788,81,638,0,0,0.02368981286218667
1789,124,364,0,1,0.8023492976569654
1790,16,458,0,0,0.22592716486269473
1791,240,491,0,0,0.01968712266530224
1792,428,843,0,0,0.02191134707546255
1793,403,701,0,0,0.22539270534305297
1794,835,401,1,1,0.8871075998062755
1795,592,844,0,0,0.04207118766827202
1796,507,578,1,1,0.5139614185251249
1797,104,448,0,0,0.014151835543645077
1798,300,316,0,0,0.022662852699242085
1799,98,762,0,0,0.4911359246427531
1800,184,401,0,0,0.044322907855599225
1801,836,369,0,0,0.02104282854663252
1802,457,285,0,0,0.047091271067598764
1803,389,845,0,0,0.01807029342858903
1804,493,846,1,1,0.7808316969787383
1805,513,372,0,0,0.007768762566520888
1806,631,128,0,0,0.04402328531718561
1807,720,55,0,0,0.014704237119964261
1808,20,847,0,0,0.04556403570719165
1809,550,554,0,0,0.33115955603368896
1810,837,13,0,0,0.3596529313375724
1811,838,20,0,0,0.034611468470327
1812,166,671,0,0,0.02251839227742202
1813,307,827,0,0,0.2506118438667377
1814,421,294,0,0,0.017769715734585377
1815,141,321,0,0,0.1029640144061241
1816,176,626,0,1,0.6787952242377364
1817,589,848,0,0,0.10724511710880265
1818,839,355,0,0,0.15924673803348485
1819,523,245,0,1,0.6298850449577148
1820,766,849,0,0,0.024966525789990278
1821,840,172,0,0,0.3104879885620541
1822,446,672,0,0,0.015393955571800705
1823,841,850,0,1,0.7018526257602302
1824,257,301,1,1,0.7101180363363079
1825,383,851,0,0,0.03424044542299803
1826,269,852,0,0,0.010029072508238734
1827,842,853,0,0,0.026137533182028234
1828,843,554,1,1,0.9646372849686288
1829,370,854,0,0,0.019835789513122568
1830,417,855,0,1,0.6701357947902105
1831,215,673,0,0,0.4662025559884206
1832,299,389,0,0,0.2859525816185927
1833,522,825,0,0,0.031186299331457674
1834,623,172,0,0,0.016543192393392987
1835,549,65,0,0,0.25687783613496307
1836,610,329,1,1,0.8932002518017855
1837,271,491,0,0,0.030916020950038103
1838,280,310,0,1,0.8877073181741014
1839,151,705,0,0,0.3317511862833284
1840,599,482,1,1,0.7988332059433483
1841,608,221,0,0,0.023585484569838857
1842,658,449,0,0,0.18483678509248466
1843,789,856,0,0,0.03142433678625139
1844,736,164,0,1,0.7890604110413639
1845,159,819,0,1,0.5328610591781597
1846,116,282,0,0,0.0439818342472158
1847,844,593,0,0,0.0358619547577168
1848,368,687,0,1,0.9368005041128914
1849,722,176,0,0,0.44084620514372874
1850,845,539,0,0,0.11082563111283668
1851,374,518,0,0,0.02106746901997948
1852,2,132,0,0,0.0838750162487659
1853,716,857,0,1,0.9232530306380997
1854,170,812,1,1,0.9448805945936799
1855,846,1,0,0,0.04616212799824985
1856,720,180,0,0,0.04057639168161628
1857,745,226,0,0,0.013323040238221204
1858,97,8,0,0,0.25081871826521357
1859,680,281,0,1,0.5109673144371103
1860,361,313,0,0,0.02542764152283006
1861,65,724,0,0,0.1226531526654269
1862,378,830,0,1,0.7930551301474297
1863,4,858,0,0,0.08846778908940889
1864,847,355,0,0,0.21775340292852952
1865,468,423,0,0,0.023552732953178154
1866,145,338,0,0,0.0314548698202038
1867,118,319,0,0,0.1572598721680228
1868,233,650,0,1,0.6766794981045294
1869,192,859,0,0,0.1088686572319683
1870,242,451,0,1,0.8433421822655813
1871,584,278,0,0,0.09677026079970363
1872,743,857,0,1,0.8671859826359668
1873,149,392,0,1,0.8175367304804305
1874,711,860,0,0,0.3977076005763723
1875,228,568,0,0,0.010957117602036688
1876,378,180,0,0,0.0249529915307593
1877,491,690,0,1,0.6932381578908198
1878,391,442,0,1,0.869780022715321
1879,848,512,0,1,0.6149893254890779
1880,173,861,0,0,0.1617931033678067
1881,849,687,0,0,0.31368383763191154
1882,463,862,0,0,0.02289061835486505
1883,355,863,0,0,0.2519273726426288
1884,194,219,0,0,0.26629585460626026
1885,843,864,0,0,0.2756846732984938
1886,848,865,0,0,0.16821518640942457
1887,755,278,0,0,0.38467819772062045
1888,846,782,0,0,0.10659564002424099
1889,315,811,0,0,0.021469948997406403
1890,410,428,0,0,0.12111513468350521
1891,686,863,0,0,0.031038311579318262
1892,850,142,0,0,0.3149513901061984
1893,746,152,0,0,0.13611901286690387
1894,428,310,0,0,0.024136062568972102
1895,683,353,0,0,0.013402920091333089
1896,159,360,0,0,0.3240174417837002
1897,20,866,0,0,0.22478253898115388
1898,522,641,0,0,0.0735517285086479
1899,666,767,0,1,0.5678416091798909
1900,164,294,0,1,0.7883511956972901
1901,207,867,0,0,0.07288987313047543
1902,851,179,0,1,0.7965034333371844
1903,780,613,1,1,0.9082449803982391
1904,399,584,1,0,0.3407951081692031
1905,293,90,0,0,0.4437518088284038
1906,852,868,0,0,0.29370579908986555
1907,243,821,1,1,0.7845131148643094
1908,247,534,0,1,0.9066318944761012
1909,853,491,0,0,0.3393248620073251
1910,19,814,0,1,0.9206841347277319
1911,494,192,1,1,0.8095775890395752
1912,722,262,0,0,0.25869617360843267
1913,765,576,0,1,0.9159161577063311
1914,21,119,0,1,0.7035844415002204
1915,702,648,0,1,0.8882919151622963
1916,413,576,0,1,0.9477733985042471
1917,854,110,0,0,0.16098116989742925
1918,47,556,0,1,0.9122933653055981
1919,855,665,1,0,0.12049639204094281
1920,168,869,0,0,0.023314430478635094
1921,276,782,1,1,0.8929408201155205
1922,404,26,0,0,0.33307069318505717
1923,702,643,0,0,0.015394772008902664
1924,576,870,0,0,0.020994562230491346
1925,52,667,0,0,0.48321379822955435
1926,330,319,0,0,0.24441148562539852
1927,148,41,0,0,0.3366692736229328
1928,74,871,1,1,0.9696384276633006
1929,449,204,0,0,0.02121462786038394
1930,422,459,0,1,0.8968106898752428
1931,503,100,0,0,0.21556222330507527
1932,20,91,0,0,0.048249975397283575
1933,91,845,0,0,0.044687165796764475
1934,563,104,0,1,0.7180253542294611
1935,768,402,1,0,0.463490739732464
1936,746,767,0,0,0.03430319885392037
1937,856,90,0,0,0.011296122988053195
1938,857,222,0,1,0.843423885021133
1939,814,43,0,0,0.1142162457490621
1940,858,872,0,0,0.046814035482445615
1941,301,873,0,0,0.020479425911515463
1942,859,194,0,0,0.07482771535006226
1943,860,871,0,0,0.048438092617792035
1944,445,528,0,0,0.13171040655652258
1945,83,65,0,0,0.33087670689035514
1946,375,242,1,1,0.6303356042697976
1947,714,872,0,1,0.6869716590400379
1948,693,77,0,0,0.03244422419895154
1949,861,708,0,0,0.01234002143335025
1950,365,732,0,0,0.0408367293666904
1951,862,603,0,0,0.05247321027998543
1952,162,535,0,0,0.30890266424020063
1953,388,235,0,0,0.055184065777604756
1954,754,216,0,0,0.023233722743069972
1955,479,168,0,0,0.024160397426051288
1956,278,723,1,0,0.38533098486726475
1957,683,646,0,0,0.24968018099214906
1958,154,511,0,1,0.8228365703369315
1959,218,789,0,0,0.03920831770584049
1960,646,340,0,0,0.08793939159865788
1961,587,561,0,0,0.3408590823457315
1962,863,69,0,1,0.5449344896057233
1963,428,53,0,1,0.5149692411661093
1964,661,587,0,0,0.08869244184937208
1965,463,291,0,0,0.1659313354492359
1966,390,498,0,1,0.6856370585689232
1967,425,874,0,0,0.08757351538753624
1968,52,855,0,0,0.09971072243403051
1969,864,0,0,0,0.21330927362968233
1970,247,366,0,0,0.017864933498035456
1971,562,636,0,1,0.9075040376479921
1972,865,192,0,0,0.11019662113223275
1973,866,875,0,0,0.012511708756091684
1974,731,603,0,0,0.019472746148909315
1975,569,451,0,1,0.8816047927902946
1976,431,447,0,0,0.10206509127348963
1977,854,486,0,1,0.6493370342775867
1978,398,379,0,0,0.018924394566093062
1979,675,399,0,0,0.2578964282290099
1980,98,464,0,0,0.0254212675085469
1981,351,200,0,1,0.8940936427521304
1982,611,96,0,0,0.06258767186948248
1983,861,850,0,0,0.3190089545628026
1984,867,766,0,1,0.6317260619044162
1985,868,767,0,1,0.7797261049893329
1986,707,806,0,0,0.015736987727323282
1987,700,84,0,0,0.43946764913538705
1988,5,876,0,0,0.018683045036510287
1989,253,877,0,1,0.5614139335361934
1990,838,863,0,0,0.06957245297693976
1991,869,878,0,1,0.521014056880401
1992,842,864,0,1,0.8328683499537382
1993,489,730,0,0,0.4828242565897053
1994,828,3,0,0,0.13344820491787843
1995,806,552,0,0,0.1677228998146828
1996,471,376,0,0,0.313564578804124
1997,838,691,0,1,0.875258087299339
1998,302,809,0,0,0.027049783104255883
1999,870,879,0,0,0.28655685702026146
2000,824,535,0,0,0.03293542343705095
2001,664,682,0,0,0.39762385348049845
2002,252,587,0,0,0.3582678298325502
2003,171,880,0,1,0.7673804893998294
2004,871,103,0,1,0.5103788419594696
2005,328,649,0,1,0.8645174798168989
2006,632,111,0,0,0.06610530548804178
2007,42,658,0,0,0.03847938510515913
2008,351,486,0,0,0.020144470277474378
2009,413,66,0,1,0.7119202175670533
2010,11,828,0,0,0.4043972437892384
2011,378,709,0,1,0.7025898578893613
2012,872,163,0,0,0.027348328354802106
2013,472,881,0,1,0.7313144597515608
2014,760,702,0,0,0.012769628369640502
2015,374,67,0,0,0.02540194848571918
2016,873,882,1,0,0.4907469184872956
2017,251,321,0,0,0.056683560842110584
2018,795,514,0,1,0.6277180223721842
2019,470,446,0,0,0.012864048482749892
2020,600,433,0,0,0.37133324569352666
2021,450,289,0,0,0.026581694349975007
2022,238,878,0,1,0.5534131477824391
2023,662,493,0,0,0.2460197869780909
2024,190,317,0,0,0.26669936905897296
2025,697,544,0,0,0.021618002683459144
2026,194,748,0,1,0.6289009981226967
2027,332,883,1,1,0.5811561025822932
2028,509,884,0,0,0.02147514108168832
2029,874,221,0,0,0.4994537812099265
2030,393,400,0,0,0.27411716797049435
2031,144,168,0,1,0.6560074830192817
2032,875,20,0,0,0.026105326852331738
2033,349,885,0,1,0.9508183901690466
2034,543,83,0,1,0.5605130785724278
2035,470,657,0,1,0.7622923510343295
2036,819,878,0,0,0.24036431130271993
2037,876,525,1,1,0.6354022267486243
2038,613,359,0,0,0.4620123202440763
2039,403,628,0,0,0.4834485561133419
2040,833,45,0,0,0.2752170325481768
2041,40,886,0,0,0.29915354951389245
2042,437,153,0,0,0.0772994739619393
2043,820,36,0,0,0.03769593481314747
2044,510,657,0,0,0.38412102081360017
2045,701,725,0,0,0.15049097848065082
2046,306,375,0,1,0.6390607382181103
2047,767,272,1,1,0.8872864555880415
2048,575,557,0,0,0.07422660605422989
2049,702,764,0,1,0.750438500862364
2050,877,490,0,0,0.10576862759270164
2051,522,887,0,1,0.6602687569892572
2052,117,100,0,0,0.022766454421694605
2053,539,328,0,1,0.9280523543364397
2054,728,530,0,0,0.40695599345775807
2055,878,726,0,0,0.018910964011461865
2056,410,832,0,0,0.013303591261455854
2057,779,224,0,0,0.39790523143797574
2058,544,21,0,0,0.02849736024877851
2059,665,405,0,0,0.07570547968971779
2060,514,68,1,1,0.7922282114289071
2061,879,630,0,0,0.040784108734074495
2062,203,57,0,1,0.668879469377525
2063,131,88,0,0,0.15872894838621998
2064,249,537,0,1,0.5793634186531256
2065,817,888,0,0,0.010269076002728875
2066,301,810,0,0,0.35006114466777744
2067,430,114,0,0,0.42396901677759574
2068,103,10,0,1,0.724843022069945
2069,53,889,0,0,0.04739588813058747
2070,218,354,0,0,0.15783794480146285
2071,526,139,0,0,0.010922339502369998
2072,272,416,0,0,0.017922742421066763
2073,417,636,0,0,0.29282853086168764
2074,763,406,0,1,0.7501818074421728
2075,270,817,0,0,0.019108658992279218
2076,328,261,0,1,0.9133958301125935
2077,880,316,0,0,0.02833598394596929
2078,25,215,0,0,0.25910893916994393
2079,96,86,0,0,0.009844317970545198
2080,806,106,0,0,0.017513569855236465
2081,242,354,0,0,0.034509972342191525
2082,881,77,0,0,0.022823343628085448
2083,439,890,0,0,0.04006541543774837
2084,140,565,1,0,0.42705533927277506
2085,882,769,0,0,0.03430849980045614
2086,883,708,1,1,0.9006265074760753
2087,28,478,1,0,0.3169753292213118
2088,508,856,0,0,0.01657237662280923
2089,517,470,1,1,0.9557205680444177
2090,884,674,0,0,0.2277153514556831
2091,26,560,0,0,0.09632096406406378
2092,425,123,0,0,0.05954307226481355
2093,327,891,0,0,0.43845989497643173
2094,170,127,0,0,0.026396493833747658
2095,885,22,0,1,0.8589301524989497
2096,409,128,0,0,0.16978641891454213
2097,886,404,0,0,0.015538450218213073
2098,16,352,0,0,0.0926903877794385
2099,562,346,0,0,0.06708860451491373
2100,275,775,0,0,0.02343596625584716
2101,152,430,0,0,0.026776575071755664
2102,816,563,0,0,0.025404812075983222
2103,641,431,0,1,0.6093493541302529
2104,146,207,0,0,0.01945913384794043
2105,567,267,0,0,0.03431767333511186
2106,487,561,0,0,0.021497998169353535
2107,683,538,0,1,0.9634527401878906
2108,343,109,0,1,0.5624233812055
2109,391,593,0,1,0.6422419516781642
2110,684,549,0,0,0.3062515459032143
2111,40,892,0,0,0.38348739493294903
2112,120,410,0,0,0.12326669504043361
2113,114,893,0,0,0.009899179385021394
2114,882,859,0,0,0.3831746255215673
2115,869,197,0,0,0.13305768207825858
2116,622,429,0,0,0.05808842674202381
2117,339,510,0,0,0.0993289110436882
2118,195,13,0,1,0.5172733367115063
2119,19,154,0,0,0.026282276872751704
2120,34,660,0,0,0.02303821933747084
2121,218,628,0,1,0.9302627135223529
2122,167,894,0,0,0.28712837603235986
2123,171,84,0,1,0.6234043259239087
2124,93,895,0,1,0.5077775629918442
2125,753,771,1,1,0.8043670066249611
2126,134,118,0,1,0.5985260755553442
2127,549,678,1,1,0.6745848797885643
2128,205,438,0,0,0.03390190889864944
2129,573,435,0,1,0.9301536180673428
2130,794,336,0,1,0.5276277365123998
2131,403,896,1,0,0.2777245105990901
2132,421,101,0,0,0.40003125696788333
2133,563,82,0,0,0.01110987215301239
2134,3,755,0,1,0.5849215054815482
2135,382,431,0,1,0.7262245240156441
2136,598,813,0,0,0.14184081584820976
2137,887,135,0,0,0.025340989225167202
2138,888,6,0,1,0.9437419552206286
2139,324,97,0,0,0.036050443435658434
2140,637,370,0,0,0.2395741420126631
2141,668,99,0,0,0.08347325308214242
2142,116,794,0,0,0.10063879391361391
2143,875,602,1,1,0.9216790697659505
2144,360,702,0,0,0.01657243981437039
2145,484,19,0,0,0.06275407980181208
2146,717,33,0,0,0.033457419796118625
2147,867,447,0,1,0.5848655701002482
2148,12,283,1,1,0.6043831545679426
2149,889,688,0,1,0.7704345417362395
2150,478,820,0,0,0.01279167572271545
2151,427,91,0,0,0.017886621288519748
2152,475,289,1,1,0.9766562713299222
2153,713,550,1,1,0.8720437931687625
2154,890,230,1,1,0.7627149962424034
2155,817,196,0,0,0.45285349813982684
2156,337,331,0,0,0.07345213572385378
2157,891,308,1,1,0.9187438977476724
2158,498,61,0,0,0.018317852948774097
2159,483,703,0,0,0.019400456962330576
2160,819,426,0,0,0.23412385163079633
2161,230,428,0,0,0.08145561134063432
2162,123,102,0,0,0.010610122915762396
2163,87,370,0,0,0.025050658228084735
2164,156,635,0,1,0.7218412888106943
2165,811,478,0,0,0.0668857560593883
2166,671,897,1,1,0.7954043006233007
2167,892,721,0,0,0.030979592365482745
2168,443,817,0,0,0.013585842471507214
2169,603,898,1,1,0.8672025829499963
2170,113,261,0,0,0.05343981944693926
2171,355,656,0,0,0.010116643347718524
2172,195,660,0,1,0.5523541742424287
2173,348,105,0,0,0.2975536853103423
2174,582,754,0,0,0.008091769214795916
2175,521,597,0,0,0.0064790014828934265
2176,199,710,0,1,0.5078478089346671
2177,893,579,0,0,0.028401454087006138
2178,894,319,0,0,0.34443159089012415
2179,869,293,0,0,0.21483834229857796
2180,692,845,0,0,0.06403335817996778
2181,388,351,0,0,0.07306386541784315
2182,690,622,0,0,0.12740684167681793
2183,858,899,0,0,0.0163496227609279
2184,513,900,0,0,0.0075174774323384635
2185,508,207,0,0,0.03628544876037248
2186,137,569,0,0,0.019059061403144874
2187,619,432,0,0,0.18070573694168116
2188,684,294,0,0,0.06951225784307419
2189,110,889,0,1,0.8821592578867798
2190,812,127,0,0,0.02309137997705525
2191,895,114,1,1,0.9731590290199651
2192,16,728,0,1,0.7845324273855486
2193,374,214,0,0,0.014501753485029287
2194,32,901,0,0,0.040045958509047144
2195,186,643,0,0,0.3235003018820638
2196,795,155,1,1,0.8602848945109466
2197,529,733,0,0,0.07051685404400208
2198,629,590,0,0,0.021412465673937276
2199,798,288,0,0,0.007306355112862343
2200,896,527,0,0,0.0075334289483282935
2201,689,106,0,0,0.009710139421577738
2202,482,429,0,0,0.2504118696380952
2203,488,346,1,1,0.6098940824089943
2204,565,562,0,0,0.01377727290867628
2205,742,105,0,1,0.5237415421428885
2206,706,902,1,1,0.8998923081350717
2207,219,648,0,1,0.5876475659213073
2208,707,709,0,1,0.8463036615321856
2209,822,394,0,0,0.23664824554041733
2210,390,823,0,0,0.05508664756437103
2211,129,524,0,1,0.629318338601961
2212,520,123,0,0,0.03448812788156696
2213,657,10,0,1,0.9224664931037307
2214,702,342,0,0,0.011817187450538773
2215,526,421,0,1,0.7532608288339335
2216,829,667,0,0,0.01218709799190718
2217,732,107,0,0,0.12726795106773334
2218,667,505,0,0,0.01486674889301346
2219,279,603,0,0,0.013104712206643755
2220,788,827,0,0,0.2817591522682241
2221,382,220,0,0,0.09345667957736015
2222,155,903,0,0,0.24753116286887597
2223,427,456,0,0,0.3437675329000127
2224,513,829,0,0,0.31222086463766424
2225,746,448,0,0,0.026682395359952725
2226,312,708,0,0,0.020957071486365532
2227,20,31,1,1,0.6579853227925004
2228,654,411,0,1,0.6715336232729544
2229,561,333,0,0,0.48896279302969486
2230,335,871,0,0,0.2910454728205151
2231,897,251,0,1,0.8168607883832375
2232,898,456,0,0,0.1385758379411765
2233,189,561,0,0,0.019457972116586335
2234,271,79,0,0,0.01670861364355069
2235,783,904,1,1,0.5102661993831672
2236,221,536,0,0,0.37712826334297905
2237,873,269,0,0,0.3123265599121974
2238,13,192,0,0,0.43826816356298626
2239,899,218,0,1,0.5386166654378399
2240,273,50,0,0,0.023208302163417235
2241,303,674,0,0,0.3824163288553136
2242,820,409,0,1,0.7568305222320788
2243,0,905,0,0,0.13860682425683463
2244,900,83,0,0,0.016446351650623053
2245,813,438,0,0,0.009729258272266757
2246,764,487,0,0,0.012311151268218211
2247,640,876,0,0,0.13037962871811953
2248,772,461,0,0,0.4586285814361
2249,841,902,0,0,0.014880143043941562
2250,611,362,0,0,0.06981886153753544
2251,901,107,0,0,0.03311027111581181
2252,836,475,0,0,0.015382551633159164
2253,113,906,1,1,0.8907619922349365
2254,902,62,0,0,0.09780843700001227
2255,43,907,0,0,0.04761941141495522
2256,669,843,0,0,0.15980936721972722
2257,99,737,0,0,0.36386717330203366
2258,719,908,0,1,0.8740597127106887
2259,80,259,0,1,0.7523780981294816
2260,699,435,0,0,0.012972749944493116
2261,466,811,0,0,0.19607013105525456
2262,426,502,0,0,0.021812787144707857
2263,232,139,0,0,0.4997542012697914
2264,687,213,0,0,0.062741669729942
2265,899,667,0,0,0.45028126124272727
2266,771,600,0,0,0.029808286518300767
2267,197,717,0,0,0.2670909559076199
2268,156,773,0,1,0.7531342655373124
2269,168,843,0,1,0.5533358905670319
2270,833,364,0,1,0.751033349895779
2271,119,625,0,0,0.09063615277051439
2272,180,41,0,0,0.0666073271224145
2273,752,498,0,0,0.07152654973446736
2274,795,532,0,0,0.008448905177753846
2275,65,877,0,0,0.02927755718712201
2276,394,150,0,1,0.95029730879381
2277,658,650,1,1,0.8023595062021843
2278,363,816,0,0,0.016085461055247836
2279,140,216,0,0,0.13560903621413
2280,457,900,0,0,0.012614150640367146
2281,309,507,0,0,0.07040496944759302
2282,625,809,0,0,0.010020141932641724
2283,50,909,0,0,0.07820709798885397
2284,655,80,0,0,0.10822537984924664
2285,213,583,0,1,0.5557881497010396
2286,216,221,0,0,0.0695963832139641
2287,366,698,0,1,0.8260675520755338
2288,789,453,0,0,0.050144775230195796
2289,362,42,0,1,0.5375655084549583
2290,174,526,0,0,0.05408300398715321
2291,684,817,0,0,0.038921608938677466
2292,431,541,0,0,0.1458627814907143
2293,600,499,0,0,0.10065693324039077
2294,301,831,0,0,0.11295626428883543
2295,820,157,0,0,0.4217118040893265
2296,338,608,0,1,0.5795464915716857
2297,823,267,0,0,0.01695676945433491
2298,903,910,0,0,0.022567732139898867
2299,388,911,0,0,0.04224223076979596
2300,12,912,0,1,0.8361417194899314
2301,657,626,0,1,0.560236084029193
2302,694,250,0,0,0.48958474676074276
2303,632,913,0,0,0.03801707808538631
2304,143,276,0,0,0.050325814040506116
2305,182,279,0,0,0.10270737791643758
2306,230,835,0,0,0.03676224481720419
2307,904,731,1,1,0.6624791308070299
2308,905,914,0,0,0.030748767908959845
2309,320,483,0,1,0.502229880034392
2310,503,548,0,0,0.4048270637212336
2311,905,653,0,0,0.47709692503625345
2312,744,77,0,0,0.045899511958167265
2313,895,262,0,1,0.635119133638691
2314,303,681,0,0,0.06014680767581376
2315,212,431,0,0,0.23141381104692854
2316,819,911,0,0,0.20542315449834936
2317,902,249,1,1,0.7534949240381749
2318,814,354,0,0,0.11752663692461149
2319,327,603,1,1,0.7459199710357236
2320,906,84,0,1,0.6430023010946926
2321,38,193,0,0,0.06671332913763231
2322,275,384,0,1,0.7007440433836464
2323,326,511,0,0,0.02348132097063383
2324,275,660,0,0,0.01315624865044991
2325,28,584,0,1,0.8421866957950703
2326,671,386,0,0,0.01588122774879114
2327,43,297,0,1,0.627494339155502
2328,739,53,0,0,0.03479268110087739
2329,157,507,0,0,0.015358962663513852
2330,34,409,0,0,0.021688295150365154
2331,907,383,0,1,0.7362965897751896
2332,908,915,0,0,0.03911883736561371
2333,882,722,0,0,0.0689046774790249
2334,430,916,0,0,0.15953740391596738
2335,757,47,0,0,0.03304388179404899
2336,839,563,0,0,0.017148126389482234
2337,68,841,0,0,0.4676596130763008
2338,841,582,1,1,0.8779853723902392
2339,687,544,0,0,0.08865150084761235
2340,647,372,0,1,0.7522572015741397
2341,451,842,0,0,0.0522627223201742
2342,527,106,0,0,0.45358533853183364
2343,467,748,0,0,0.01585760167783045
2344,704,710,0,0,0.13298519076155085
2345,745,875,1,1,0.8062262707547919
2346,886,232,0,0,0.35677815872390944
2347,172,53,0,0,0.013961341136564708
2348,64,917,0,0,0.021119434839448177
2349,191,41,0,0,0.022627051677768684
2350,504,918,0,0,0.02757212943987145
2351,510,180,0,0,0.10080255592352591
2352,902,364,0,0,0.028249227255168246
2353,101,871,0,0,0.05098534118874611
2354,215,157,0,0,0.4256664443553063
2355,907,58,1,1,0.8888841867684325
2356,79,919,0,0,0.07477806755523496
2357,31,747,0,0,0.032355884216255806
2358,408,920,0,1,0.8941596263955383
2359,218,374,0,0,0.014009011188203586
2360,865,577,1,0,0.4635136724738404
2361,553,814,0,0,0.39071550875995703
2362,191,363,0,0,0.07049319728667204
2363,178,921,1,1,0.9673047399758614
2364,8,174,0,0,0.0351170704987858
2365,458,498,0,0,0.0529611938596035
2366,909,922,0,0,0.0737780920881402
2367,597,726,0,0,0.023650337211291287
2368,478,390,0,1,0.7128072683166348
2369,892,831,0,1,0.7353297846024918
2370,511,737,0,0,0.039794991449510944
2371,822,923,1,1,0.9331410432128248
2372,679,623,0,1,0.6221319520594457
2373,35,607,0,1,0.6241526979480845
2374,910,61,0,0,0.0999125190653934
2375,856,677,1,1,0.7255252727834182
2376,911,924,0,0,0.01702539577444218
2377,912,902,0,0,0.01960363208992611
2378,763,866,0,0,0.11894596061871347
2379,746,863,0,0,0.05742379833816718
2380,913,75,0,0,0.008699308910655646
2381,842,257,0,0,0.3368850422300159
2382,911,407,0,0,0.3106996064519109
2383,81,350,0,0,0.46115724383118994
2384,786,29,1,1,0.9737627638322769
2385,77,847,0,0,0.061879047476419737
2386,914,925,0,0,0.23617850832295695
2387,675,903,0,0,0.3862252899105248
2388,503,599,0,0,0.287330946946018
2389,64,926,1,1,0.595287870124781
2390,375,58,0,0,0.15618512029491632
2391,515,257,0,1,0.9147135617276357
2392,224,764,0,0,0.4273768382092328
2393,542,914,0,0,0.04303259411261008
2394,354,927,1,1,0.8984618481211939
2395,913,199,0,0,0.018281078346912654
2396,639,837,0,0,0.01214924219509148
2397,42,685,0,1,0.5334322074493826
2398,713,748,0,0,0.2982322767654555
2399,231,928,0,0,0.018395361631423857
2400,88,68,0,0,0.023683775209298923
2401,705,585,0,0,0.32848364194839125
2402,398,929,0,0,0.05465765779758439
2403,256,250,0,0,0.27346218317451615
2404,546,567,0,0,0.006527465116233513
2405,915,830,0,0,0.47208138664587623
2406,84,791,0,0,0.054930308394231325
2407,55,240,0,0,0.09677675598366951
2408,778,824,0,0,0.025469666434657805
2409,399,656,0,1,0.6960833270452619
2410,916,582,0,1,0.9425481322910346
2411,755,118,1,1,0.8967301730318978
2412,549,355,0,1,0.5932815509417338
2413,887,721,0,0,0.1292212868012739
2414,880,739,0,1,0.6842976551757836
2415,786,49,0,0,0.02279874489292783
2416,701,101,0,1,0.7109447500586136
2417,474,798,0,0,0.13336293138086028
2418,917,753,0,1,0.8932604127504867
2419,918,43,0,0,0.16529839567806878
2420,486,524,0,0,0.04973485391518807
2421,468,279,0,1,0.6342269658411072
2422,919,369,0,1,0.8276092825742188
2423,244,687,0,0,0.26310440133454105
2424,284,302,0,0,0.2770716752185215
2425,857,619,0,1,0.5323594675028509
2426,645,92,0,1,0.5312959562238837
2427,920,2,1,1,0.7670397451734404
2428,116,238,0,0,0.49682337780541874
2429,402,159,0,1,0.8095805762513488
2430,921,135,0,0,0.49254003626309883
2431,679,324,0,0,0.37764980120001973
2432,517,201,0,1,0.9129066546003052
2433,122,449,0,1,0.6847078301531959
2434,498,9,0,0,0.04685003170874189
2435,221,133,0,0,0.0786584944960687
2436,637,621,0,0,0.006606901615629033
2437,132,930,0,0,0.07923976556205103
2438,289,297,0,1,0.6677121871632702
2439,202,206,0,0,0.15974409487864263
2440,468,931,0,0,0.09282040506218293
2441,560,451,0,1,0.5970797952011299
2442,916,316,0,0,0.016840690740491
2443,826,19,0,0,0.023848146842361286
2444,802,351,0,0,0.17584656713677507
2445,806,932,0,0,0.08348778038074875
2446,164,341,0,1,0.9547305884059931
2447,922,474,0,0,0.4467863836476974
2448,824,468,0,0,0.24757828039659235
2449,673,12,0,0,0.4648332957843611
2450,858,887,0,1,0.625302776576821
2451,338,20,0,0,0.07409030485701402
2452,280,57,0,1,0.9306298178416151
2453,789,149,0,0,0.05470142281717702
2454,374,344,0,0,0.025125964249162747
2455,923,491,0,0,0.15386691890342738
2456,924,113,0,1,0.7758792876430415
2457,668,618,0,0,0.35620393001569145
2458,215,800,0,0,0.06491491618743082
2459,99,197,0,0,0.13267696991444358
2460,138,150,0,1,0.715454268449386
2461,581,620,0,0,0.11688904761525269
2462,925,413,0,1,0.7361099028240451
2463,781,307,1,1,0.7934001045861228
2464,251,933,1,1,0.9610675058647506
2465,281,547,0,0,0.03446820814958143
2466,605,564,0,0,0.015056543981876043
2467,881,369,0,1,0.9235983017863966
2468,926,911,1,1,0.7291196427018379
2469,769,636,0,0,0.3077628148806882
2470,842,100,0,0,0.22542183263376014
2471,489,364,0,0,0.18385635581092347
2472,322,740,1,1,0.7740665655367195
2473,634,832,0,0,0.018305638206790945
2474,693,835,0,0,0.06085784539625087
2475,607,398,0,1,0.9175458307231454
2476,725,934,0,0,0.3876024202265208
2477,846,703,0,0,0.20651819416570147
2478,450,478,0,1,0.5939574759859346
2479,927,716,0,0,0.0619476648577058
2480,811,619,0,0,0.4207104735878988
2481,502,548,0,0,0.011589454665967534
2482,891,813,0,0,0.33690246810344887
2483,579,921,0,0,0.01846249730090006
2484,691,804,1,1,0.9516981070628079
2485,498,322,0,0,0.053427245971934635
2486,878,10,0,0,0.033719918207354156
2487,894,437,0,0,0.17791380910906798
2488,790,806,0,0,0.06074295012234969
2489,221,533,0,0,0.02995691900693432
2490,640,320,0,0,0.29931481534560367
2491,640,340,0,0,0.027764451368467787
2492,216,590,0,0,0.057097411462431406
2493,220,394,0,1,0.7725160103106004
2494,802,626,0,0,0.16995999877913817
2495,460,778,0,0,0.15442256572738985
2496,872,832,0,0,0.019175875277600875
2497,124,692,0,1,0.8274170534149716
2498,569,653,0,1,0.8669674071841588
2499,706,807,0,0,0.014784874670479365
2500,207,304,0,0,0.19027363774014347
2501,12,685,0,0,0.008271256733664118
2502,375,594,0,0,0.050971565449317253
2503,161,818,0,0,0.13836423986092683
2504,453,637,0,0,0.03152733041121797
2505,906,828,0,0,0.06439049687331229
2506,887,569,0,0,0.03642474987328037
2507,298,866,0,1,0.5718734009788938
2508,389,566,0,0,0.02542285138948124
2509,321,472,0,0,0.29031399148742826
2510,395,470,0,1,0.8169215223092366
2511,147,931,0,0,0.02982469402393735
2512,378,411,0,1,0.7967486574128722
2513,807,327,0,0,0.02732185822987039
2514,928,920,0,0,0.018446742639127482
2515,363,920,0,1,0.9037116833869416
2516,929,561,0,0,0.015196703516305313
2517,813,672,0,1,0.8046740405175419
2518,631,778,0,1,0.5181686743563361
2519,228,393,0,0,0.10403277703446971
2520,394,696,0,1,0.6917340537384445
2521,126,752,0,1,0.550786825242891
2522,707,625,0,0,0.337673386025198
2523,724,120,0,0,0.02088943815401679
2524,511,609,0,0,0.10053999232642717
2525,387,428,0,0,0.31488729249760616
2526,367,51,0,1,0.6181213951764346
2527,298,9,0,0,0.4411642241172011
2528,584,125,0,0,0.013492022881531807
2529,621,239,0,1,0.538144016186738
2530,835,405,0,1,0.5395130098307523
2531,782,642,0,1,0.6084944784606606
2532,225,250,0,0,0.4722602561565021
2533,432,422,0,1,0.758207877481624
2534,930,235,0,0,0.03959048160340364
2535,344,935,0,0,0.04658176397497504
2536,145,180,0,0,0.47690402835336354
2537,342,593,1,1,0.9213404375596224
2538,488,502,0,0,0.08301245859920864
2539,445,251,0,0,0.11616785274209013
2540,572,283,0,0,0.4297368834717205
2541,395,368,0,1,0.9269065877169954
2542,147,757,1,1,0.9942803942422992
2543,725,593,0,1,0.7974014392159013
2544,808,890,0,0,0.02569063260632616
2545,431,487,0,0,0.014672975949847032
2546,471,691,0,0,0.3151181677549249
2547,467,615,0,0,0.09928511803537222
2548,176,936,0,1,0.911854213031475
2549,510,5,0,0,0.021804354429636373
2550,28,35,0,1,0.8870547560515358
2551,161,937,0,0,0.023908847646508444
2552,798,381,0,0,0.222931835138295
2553,254,544,0,0,0.03955217888449522
2554,734,938,0,0,0.27365387018636234
2555,633,431,0,0,0.37029344795547176
2556,283,912,1,1,0.9527516519189748
2557,66,240,0,0,0.009884565523181463
2558,106,632,1,1,0.5248103967991312
2559,809,614,0,0,0.08237722611991546
2560,15,742,0,0,0.04882623614797367
2561,234,669,0,0,0.02964123036934539
2562,899,759,0,0,0.41997745802648195
2563,105,756,0,0,0.34156357421523165
2564,376,868,0,0,0.017987690166565668
2565,194,226,0,0,0.1906939523240596
2566,645,686,0,1,0.7185553937839274
2567,328,229,0,1,0.5080381850301797
2568,931,389,0,1,0.9410972747115975
2569,638,640,1,1,0.7187824549060622
2570,51,215,0,0,0.006307782557223621
2571,174,588,0,0,0.011241643089208725
2572,463,119,0,0,0.02218580526571731
2573,3,939,0,0,0.04884703356213663
2574,319,807,1,1,0.8323347805811028
2575,13,359,0,1,0.8794772228310633
2576,119,439,0,0,0.03971331256876902
2577,628,498,0,0,0.48152574511360013
2578,645,95,0,1,0.5083342813630355
2579,337,184,0,1,0.7820005424868175
2580,520,940,0,1,0.8787560047482321
2581,579,158,0,0,0.034820586110376577
2582,60,106,0,0,0.01831583732303586
2583,667,74,0,0,0.03457419977285442
2584,767,679,0,0,0.08732729561178966
2585,214,178,0,0,0.08485559208622018
2586,783,940,0,1,0.9096479455744263
2587,932,932,0,0,0.08763924855680989
2588,573,453,0,0,0.022237676497605392
2589,460,850,0,1,0.5209699507336043
2590,793,6,0,1,0.9375164736988447
2591,319,914,0,0,0.021091910105678697
2592,933,93,0,0,0.05672257491624022
2593,98,861,0,0,0.3641156283557405
2594,871,573,0,1,0.7523340502589798
2595,622,245,0,0,0.053108912041764184
2596,639,20,0,1,0.6401122705434841
2597,913,460,0,0,0.01579641753297045
2598,934,941,0,0,0.15280335453644334
2599,19,136,0,0,0.22638552766407677
2600,876,901,0,0,0.016958171095376937
2601,634,30,1,0,0.49184229291051323
2602,935,483,0,0,0.09819234598527946
2603,65,605,1,1,0.9750858676974233
2604,536,103,0,0,0.07097968605575354
2605,650,114,0,1,0.8890007559224165
2606,553,107,0,1,0.7067161266492368
2607,868,62,0,0,0.4099786231494529
2608,234,524,0,1,0.5640762214237847
2609,501,555,0,1,0.9380638168661971
2610,901,124,0,0,0.018267187571437193
2611,785,807,0,0,0.05360249889035458
2612,146,517,0,0,0.009633629995620471
2613,313,772,0,0,0.11317625301370744
2614,169,140,0,0,0.028031831762049972
2615,130,226,0,1,0.5850248810404424
2616,514,669,0,0,0.2698330327855113
2617,76,286,0,0,0.01626841591015313
2618,135,4,0,0,0.18351296391136407
2619,914,188,0,0,0.054002815492298184
2620,796,238,0,1,0.5490610202533751
2621,672,517,0,0,0.12144130112257391
2622,154,517,0,0,0.0073383846468588875
2623,100,80,0,0,0.051228615853862396
2624,196,942,0,0,0.022143161227527654
2625,37,443,0,0,0.017045431232357588
2626,353,408,0,1,0.557116392618446
2627,310,453,0,0,0.013913708226205445
2628,730,663,0,0,0.03011544128816282
2629,936,819,1,1,0.9819069070437901
2630,81,46,0,0,0.37159535250001924
2631,652,80,0,1,0.7255159644958419
2632,578,744,0,0,0.02164383665204135
2633,287,877,0,1,0.5353667379590208
2634,725,896,0,1,0.5293851679974763
2635,74,238,0,0,0.12245168844938537
2636,88,438,0,0,0.391842209308616
2637,28,323,0,0,0.27920454652017024
2638,226,106,0,0,0.0345218947155194
2639,573,563,0,0,0.017350177729148365
2640,935,899,0,0,0.4209592254174526
2641,211,290,0,0,0.35272019363413026
2642,694,564,0,0,0.01923275531515971
2643,76,797,0,0,0.01677280526576515
2644,937,190,0,0,0.31906956653008567
2645,899,48,0,0,0.07948053336966238
2646,370,472,0,0,0.017247352423072786
2647,791,111,0,0,0.28074936331010414
2648,757,943,0,1,0.9545595442853791
2649,422,333,0,1,0.8772012868450256
2650,114,256,0,0,0.03809685207483185
2651,78,538,0,0,0.03941153088197639
2652,342,3,0,0,0.10298510955219624
2653,797,575,0,0,0.02901005886601115
2654,849,356,0,0,0.16302290974866737
2655,334,18,0,1,0.7547564026224894
2656,492,855,0,0,0.32178899501912317
2657,938,683,0,0,0.4940545755618745
2658,534,358,0,0,0.06521471298924371
2659,749,866,0,0,0.019170981111647993
2660,939,596,0,0,0.21465811328306966
2661,490,463,0,0,0.04101763773609325
2662,143,751,0,0,0.2609313317977902
2663,482,608,1,1,0.7929911601454955
2664,447,171,0,0,0.08551197922385559
2665,473,331,0,1,0.5067565217445962
2666,492,162,0,0,0.0191615899515628
2667,442,528,0,0,0.08509420717250714
2668,605,944,0,1,0.5543883432169908
2669,253,25,0,0,0.4232061744283983
2670,373,511,0,0,0.004865467757653918
2671,606,880,1,1,0.7527906738841226
2672,30,85,0,0,0.008896001301794335
2673,751,655,0,0,0.09892263498443511
2674,177,556,0,0,0.012225802905037036
2675,410,278,0,1,0.5847893086349348
2676,940,743,0,1,0.569155292605541
2677,614,880,0,0,0.35933767600749783
2678,941,472,0,0,0.0149636461862619
2679,760,830,0,1,0.705684628529673
2680,103,651,0,0,0.46045819688521683
2681,562,844,0,0,0.051776584006439974
2682,868,406,0,1,0.7245598970108544
2683,187,945,0,0,0.11152234000223762
2684,442,520,0,1,0.8253223845523429
2685,942,437,1,1,0.8995897424084579
2686,762,852,1,1,0.8916504999992143
2687,943,462,0,0,0.09959382461711017
2688,410,890,0,0,0.01356537014313202
2689,300,313,0,0,0.08291609013086909
2690,34,890,0,0,0.11246886627268637
2691,659,618,0,0,0.4705654096281797
2692,944,698,0,0,0.042629625305880686
2693,510,26,1,0,0.4499310598034555
2694,640,509,0,0,0.06697007743884635
2695,86,479,0,0,0.17055597900433253
2696,516,41,0,0,0.04255832595319197
2697,524,928,0,0,0.02312154329682871
2698,611,148,0,0,0.010292860789733092
2699,816,556,0,0,0.032354951093679675
2700,219,186,0,0,0.04020441524718363
2701,710,818,0,0,0.024561198512806966
2702,578,560,0,0,0.13539403873115657
2703,320,946,0,0,0.318286679852917
2704,117,900,0,0,0.3073556716633573
2705,526,590,0,0,0.1284148206813743
2706,795,909,0,0,0.12646662992850527
2707,296,346,0,0,0.0308173530445563
2708,572,255,0,0,0.008234986454867772
2709,412,44,0,0,0.007342610329003526
2710,436,296,0,0,0.41262901152410014
2711,945,248,0,1,0.9512907775742893
2712,715,554,0,0,0.0063506000379143016
2713,337,754,0,0,0.36475131796886445
2714,704,947,0,0,0.02676493743086031
2715,651,413,0,0,0.32787636601461584
2716,60,161,0,0,0.030455147957946963
2717,166,807,0,0,0.07046435807529124
2718,363,174,0,0,0.020151518505728088
2719,307,686,0,0,0.24073556955228223
2720,667,821,0,0,0.30625509057805567
2721,43,761,0,1,0.8501295810613319
2722,743,747,0,0,0.02274413471193898
2723,192,662,0,0,0.37264868135868445
2724,50,87,0,0,0.46067384946699114
2725,120,133,0,0,0.06845773461493902
2726,480,299,0,1,0.6147140122964094
2727,290,794,0,0,0.09207443066130079
2728,310,711,0,0,0.019758940431670823
2729,228,594,0,0,0.033402315311157
2730,49,561,0,0,0.013057545655704274
2731,838,511,0,1,0.788953557905148
2732,311,843,0,0,0.32361257427197904
2733,946,926,0,0,0.0280896631705549
2734,715,560,0,0,0.4583076067002812
2735,465,113,0,1,0.7127413136227448
2736,452,772,0,0,0.04606919354456613
2737,763,347,0,0,0.027427041383640844
2738,848,365,0,0,0.09779487327900739
2739,411,95,0,1,0.7274347131491434
2740,842,948,0,0,0.04703981139164549
2741,620,949,0,0,0.02418665598659983
2742,401,907,0,0,0.010397412579917251
2743,774,932,0,0,0.056307858126687226
2744,33,448,0,0,0.03473028180167132
2745,94,626,0,1,0.712064033716265
2746,456,630,0,0,0.03620698562137786
2747,947,316,0,1,0.7129726794471266
2748,544,950,0,1,0.725908478655927
2749,37,95,0,1,0.9138859241371685
2750,764,342,0,0,0.15595788906479655
2751,948,358,0,0,0.015482129257090364
2752,610,632,0,0,0.035544707995696215
2753,576,455,0,0,0.17560873372744018
2754,826,951,0,0,0.019085705261826985
2755,949,442,0,1,0.5537007884036241
2756,805,364,0,0,0.06217520176331181
2757,777,952,0,0,0.02444622549435345
2758,672,740,0,0,0.013796863714041886
2759,273,65,0,0,0.03412035736302864
2760,593,95,0,0,0.014186633304462265
2761,466,448,0,0,0.018218895924219856
2762,527,898,0,0,0.4414164633084172
2763,796,127,0,0,0.018048295549205864
2764,240,679,0,1,0.7157655504916641
2765,554,579,0,0,0.012446328173307014
2766,542,535,0,0,0.06482088646395665
2767,854,953,0,0,0.19682156774404225
2768,674,932,0,0,0.012528261522054043
2769,247,898,0,0,0.009340994672710816
2770,308,672,0,0,0.4975642267912677
2771,950,286,0,0,0.05480887696513829
2772,652,156,0,0,0.02304771596765819
2773,619,216,0,0,0.01908994116625028
2774,951,412,1,0,0.43587506996494196
2775,457,249,0,0,0.041246783365756656
2776,952,364,0,0,0.01151910497007544
2777,85,310,0,0,0.11528628633809038
2778,850,388,0,1,0.6921423441147903
2779,637,776,0,0,0.03798811796328359
2780,851,495,0,0,0.10575543986793134
2781,650,556,0,0,0.32424697018441156
2782,781,699,0,0,0.04441503072387029
2783,818,954,0,0,0.13319394180935037
2784,452,739,0,0,0.02289734564337826
2785,900,567,0,0,0.01708988715467151
2786,230,815,0,0,0.025965702365838242
2787,324,475,0,0,0.43855538524905296
2788,301,183,0,1,0.5227035583052352
2789,302,595,0,0,0.2500455237545981
2790,359,181,0,0,0.02123015375003536
2791,925,493,0,0,0.0963350210337479
2792,156,69,0,0,0.4954644059149427
2793,910,955,0,0,0.026167634776231845
2794,113,320,0,0,0.016919157017911534
2795,360,919,0,1,0.9008503279918938
2796,947,128,0,0,0.029212782811870217
2797,564,106,0,0,0.09823344606816685
2798,247,219,0,1,0.7756593574620227
2799,340,45,0,1,0.8072072951125163
2800,911,543,0,0,0.01457374265455463
2801,241,623,0,0,0.0787848557149489
2802,547,297,0,0,0.043958194713120124
2803,296,805,0,0,0.09772459505794136
2804,533,554,0,0,0.05829363457839221
2805,462,788,0,0,0.012738016691028507
2806,39,746,0,0,0.08288199285439761
2807,83,743,0,0,0.05146100586943247
2808,755,353,0,0,0.2011788042948641
2809,755,112,0,0,0.3583227969020356
2810,449,779,0,0,0.24069588056489996
2811,552,512,0,0,0.04779732180410016
2812,945,754,0,1,0.975353719892297
2813,417,953,0,0,0.1837232022924516
2814,622,244,0,0,0.020081380295098143
2815,105,890,0,0,0.009720165979012737
2816,232,706,0,0,0.4483154602266686
2817,599,11,0,0,0.06218105925366552
2818,910,912,0,0,0.24504444529076547
2819,564,107,0,0,0.027543088926218283
2820,476,956,0,0,0.2735243765931763
2821,402,267,0,1,0.6986942763362407
2822,287,698,0,0,0.08532440966226694
2823,564,73,0,0,0.4116297581017647
2824,900,876,0,0,0.28057689653569856
2825,452,342,0,0,0.28645020232622526
2826,953,383,0,1,0.9775006355609303
2827,773,181,0,1,0.7377396107723382
2828,916,565,0,0,0.19674567993308703
2829,287,137,0,0,0.13325224342222655
2830,323,400,0,0,0.17254023976808794
2831,434,633,0,0,0.14664445483052774
2832,234,234,1,1,0.6814792463612972
2833,712,928,0,1,0.8245437335947834
2834,877,919,0,0,0.02704037393879765
2835,590,159,0,0,0.018212692440706488
2836,302,632,0,1,0.5948254803222628
2837,786,517,0,0,0.012529859554946305
2838,512,625,0,0,0.40857244531681103
2839,388,332,0,0,0.03172438600735647
2840,954,582,0,0,0.08760098749818883
2841,406,783,1,1,0.8844074861492444
2842,589,864,0,0,0.021344208465099518
2843,761,111,0,0,0.11072956127137332
2844,103,102,0,0,0.10373642824094059
2845,495,907,0,0,0.20438802751212456
2846,538,54,0,0,0.30911963260670583
2847,581,250,0,0,0.2416571948735661
2848,800,134,0,0,0.019922975928212978
2849,314,252,0,0,0.08210393438857759
2850,817,98,0,1,0.943673005817992
2851,491,34,0,1,0.8086457210245822
2852,581,910,0,0,0.39292984261611585
2853,883,877,0,0,0.009847364959675456
2854,757,874,0,0,0.06503298461748351
2855,364,531,0,0,0.06056466994456306
2856,367,168,0,1,0.7415624572717613
2857,461,70,0,0,0.10268679333174517
2858,955,760,0,0,0.054547756293569345
2859,956,416,0,0,0.02477563361651297
2860,928,12,0,0,0.04279566734282336
2861,413,242,0,1,0.5760697799059545
2862,435,835,0,0,0.016482433734323274
2863,485,340,0,1,0.5674506588935224
2864,106,132,0,0,0.2990993315427219
2865,372,957,0,0,0.04529809172396392
2866,232,769,0,0,0.018918359179983132
2867,637,549,0,0,0.009210427775560396
2868,705,730,0,0,0.3785294753620041
2869,940,22,0,0,0.010256553645566695
2870,207,560,0,0,0.02928186924785647
2871,660,894,0,0,0.3138367613907796
2872,792,756,1,1,0.8877664840837027
2873,154,413,0,0,0.01581734358395322
2874,825,958,0,0,0.02136627469420842
2875,593,647,0,0,0.011472531054362972
2876,271,45,0,1,0.5671878935181581
2877,765,708,0,0,0.037903353838851774
2878,872,946,0,0,0.1003410341229492
2879,952,772,0,1,0.7337527393746776
2880,92,359,0,0,0.027274750842818208
2881,911,818,0,1,0.8134059012960271
2882,231,124,1,1,0.9324796158121446
2883,84,309,0,0,0.2741615488951027
2884,704,873,0,0,0.026133215800988256
2885,134,367,0,0,0.31003896716911405
2886,829,467,0,0,0.27247147701635804
2887,388,319,0,1,0.765104043174332
2888,314,196,0,0,0.042558414336927815
2889,735,354,0,0,0.013752546422274645
2890,477,460,0,0,0.04427277040804757
2891,106,746,0,0,0.12068864135704954
2892,814,308,0,1,0.8806508230403192
2893,743,784,0,1,0.764109391894387
2894,947,530,0,0,0.29838971099669764
2895,509,595,0,0,0.010135275346141328
2896,167,451,1,1,0.8278441293657689
2897,519,11,0,0,0.07051781874692813
2898,481,743,0,0,0.030195346868927546
2899,204,470,0,1,0.9359234013988387
2900,908,959,0,0,0.07036272254123162
2901,936,129,0,0,0.022269386052067946
2902,92,26,0,0,0.08924768428695366
2903,797,960,0,0,0.24766155971640805
2904,255,224,0,0,0.01384519491796041
2905,651,769,1,0,0.4319974644777512
2906,535,937,0,0,0.04157066201712048
2907,187,683,0,0,0.021624353729410465
2908,679,747,0,0,0.41117711109491784
2909,732,549,0,0,0.01721902113420043
2910,339,233,0,1,0.7887016410306715
2911,239,394,0,1,0.8109367005252369
2912,536,905,0,0,0.023537589151650065
2913,285,349,0,0,0.39844763650397846
2914,594,907,0,0,0.013679949733903077
2915,957,751,0,1,0.8754649481773458
2916,608,529,0,1,0.5372071992143118
2917,409,78,0,0,0.06665715231937681
2918,89,372,0,0,0.008199248143617902
2919,850,400,0,0,0.12851748465909713
2920,2,159,0,0,0.01967599778457855
2921,882,358,0,0,0.014754226766635606
2922,615,219,0,1,0.7444453304583126
2923,586,84,1,1,0.6569327808446954
2924,636,332,0,0,0.03502873011888333
2925,949,576,1,0,0.4498309494385189
2926,400,289,0,0,0.46643319266065647
2927,735,793,1,1,0.8530315114222623
2928,928,590,0,0,0.19860522609323814
2929,956,929,1,0,0.09968107360524198
2930,958,274,1,1,0.7423761212869724
2931,75,814,0,1,0.882597947993099
2932,157,818,0,0,0.014885165645191429
2933,45,930,0,1,0.558366385223009
2934,734,149,0,0,0.1762407916483254
2935,382,197,1,1,0.6848412948552827
2936,497,961,0,1,0.6125607853194396
2937,477,487,0,0,0.21811916487627525
2938,495,883,0,0,0.036812788637299296
2939,209,287,0,0,0.39040454162918137
2940,697,857,0,1,0.9699155414929745
2941,515,7,0,1,0.77853132899147
2942,235,391,0,0,0.15342924278315184
2943,145,589,0,0,0.057349486331786555
2944,576,16,0,0,0.1881490133619632
2945,580,531,0,0,0.1032441342910502
2946,851,789,0,0,0.015126505347624638
2947,709,901,0,0,0.012240121817763065
2948,843,246,0,0,0.045614309969752846
2949,707,830,0,1,0.9615115286006686
2950,403,556,0,0,0.092525704684461
2951,610,300,0,0,0.4567928296887361
2952,486,89,0,1,0.690797392788622
2953,959,896,0,0,0.18840947029952865
2954,726,67,0,0,0.3349765251497007
2955,900,870,0,0,0.01572336980239744
2956,905,33,0,0,0.3209029305268091
2957,860,629,0,0,0.432517513347016
2958,759,781,0,0,0.43021973649520245
2959,184,194,0,0,0.2145370839321228
2960,219,490,0,0,0.02623579749488587
2961,580,878,0,1,0.5496272372611206
2962,960,151,1,0,0.12468138541806059
2963,661,365,0,0,0.009547151860143608
2964,924,629,0,1,0.5554665963112774
2965,421,962,0,0,0.04660156861395995
2966,961,963,0,1,0.5198768013851311
2967,686,418,0,0,0.12997341166266801
2968,286,811,0,0,0.15010985319068082
2969,206,237,0,0,0.02321007821744128
2970,88,137,0,0,0.05933182271316002
2971,45,694,1,1,0.8312002818717417
2972,297,746,0,1,0.6630019722661062
2973,260,230,0,0,0.026375268910157672
2974,8,488,1,1,0.9655158725711044
2975,193,964,0,0,0.17048555391877926
2976,957,673,0,1,0.7179420091635552
2977,378,200,0,1,0.8677262487393169
2978,91,510,1,1,0.8706787160794077
2979,441,577,0,0,0.024499360233853604
2980,93,296,0,0,0.24069473069187017
2981,304,404,1,1,0.6393315868929055
2982,783,778,0,1,0.9061258742117757
2983,94,659,0,0,0.017204468778127115
2984,287,500,0,0,0.13364208403294286
2985,821,189,1,0,0.48386977019414845
2986,414,322,0,0,0.08090066672841552
2987,759,250,0,0,0.015194460795946583
2988,240,351,0,0,0.04726225386364054
2989,294,965,0,0,0.0146984249136808
2990,607,698,0,1,0.6852574459016081
2991,958,738,0,0,0.3464590739601644
2992,614,750,0,0,0.06854489687396866
2993,73,455,0,1,0.573287584044517
2994,451,378,0,0,0.13877949205653842
2995,408,532,0,0,0.3387527364066627
2996,383,966,0,0,0.17490899903004842
2997,402,93,0,0,0.046380207309805944
2998,655,344,0,0,0.038978941589961
2999,713,967,0,0,0.00875347005057749
3000,262,437,0,0,0.2537964693520173
3001,839,509,0,0,0.013545851701096725
3002,471,968,0,1,0.5839020733018705
3003,359,678,0,1,0.762374833629809
3004,882,612,0,1,0.6401093413487154
3005,30,525,0,1,0.9391168529775124
3006,461,241,0,0,0.19173262373047348
3007,217,373,0,0,0.040492083728488226
3008,467,331,0,0,0.12375093405950373
3009,174,546,0,0,0.13410848813962825
3010,947,349,0,1,0.8973069472856232
3011,435,246,0,0,0.04476622082303342
3012,431,969,0,0,0.12220053745887835
3013,199,921,0,0,0.06005888264905234
3014,404,567,0,0,0.1722869895690899
3015,690,496,0,0,0.1765416609085273
3016,270,970,1,1,0.7162486149357192
3017,354,377,0,0,0.06002649143327609
3018,641,538,0,0,0.009211954494352723
3019,484,971,1,1,0.8123834110383356
3020,49,204,1,1,0.9101796903205908
3021,701,57,0,0,0.33471695239605953
3022,357,453,0,0,0.041468004533113015
3023,25,730,0,0,0.03019205824430061
3024,554,552,1,1,0.7961668244974676
3025,928,849,0,0,0.10061621728626585
3026,337,445,0,0,0.06471177385651965
3027,897,498,0,0,0.31120494619776895
3028,235,644,0,0,0.35119323020642773
3029,694,841,0,0,0.06124178308078414
3030,701,210,0,0,0.2163066933495076
3031,817,610,0,0,0.31063150365940945
3032,606,11,0,1,0.5929265733097763
3033,76,343,1,1,0.8681299519066694
3034,290,604,0,0,0.035353262605923245
3035,630,686,1,1,0.9028563934061169
3036,42,74,0,0,0.01492169265554569
3037,387,320,0,0,0.09275612760006338
3038,649,496,0,1,0.6504301650688596
3039,542,311,0,0,0.07549387919077742
3040,26,968,0,0,0.11393155443474569
3041,41,628,0,1,0.9740933314342086
3042,842,163,0,0,0.024692295905576776
3043,575,151,0,0,0.02469109712393052
3044,313,684,1,1,0.6481702053158842
3045,366,598,0,1,0.8312131855926913
3046,567,257,0,0,0.21741003853046878
3047,41,547,0,0,0.15509870001692547
3048,49,477,0,0,0.12010081024838426
3049,308,396,0,0,0.4490743866065108
3050,880,105,0,0,0.17624240034284985
3051,199,361,0,0,0.44842929801282083
3052,611,261,0,0,0.02106951415777469
3053,275,285,0,0,0.14521300455711716
3054,153,49,0,0,0.0213623000605914
3055,56,972,0,0,0.09565801826027855
3056,228,566,0,1,0.7374711332822068
3057,424,894,0,1,0.8384848931101055
3058,620,651,1,1,0.5272243068821405
3059,315,120,0,0,0.25040342507856495
3060,943,768,0,1,0.8357024494952454
3061,187,892,0,0,0.04337748688049407
3062,433,911,0,0,0.11656829515358047
3063,474,171,0,0,0.03215788024447367
3064,1,0,0,1,0.6231681212312178
3065,869,819,0,0,0.03184309561003308
3066,837,384,0,0,0.015875254080626525
3067,906,246,0,0,0.1505093211289855
3068,86,89,0,1,0.597891536164983
3069,18,403,0,0,0.07781161168950823
3070,256,88,0,0,0.3004773770312079
3071,68,794,0,0,0.06144481443949185
3072,709,822,0,0,0.0093712900186526
3073,82,788,0,1,0.5368002367631238
3074,206,43,0,0,0.026696612010143762
3075,450,531,0,1,0.6781701062139315
3076,87,799,0,1,0.7124501558927794
3077,663,525,0,0,0.014983214214860251
3078,711,725,0,0,0.42248637572713427
3079,196,852,0,0,0.026611743220445867
3080,541,581,0,1,0.8088198797923255
3081,521,159,0,1,0.7809988388508703
3082,55,226,0,0,0.018038899971494767
3083,923,901,0,0,0.04305564181796891
3084,308,522,0,1,0.6069476188432947
3085,67,661,0,0,0.02519740952886265
3086,485,887,0,0,0.16140619617434113
3087,363,136,0,0,0.027838800755612812
3088,28,503,0,1,0.637586976388576
3089,60,552,0,0,0.04603755427272359
3090,139,654,0,0,0.05023866071693322
3091,469,52,0,1,0.7906205441264056
3092,933,713,0,0,0.4299694598674627
3093,713,931,0,0,0.0102360790828168
3094,936,230,0,0,0.09776790204697992
3095,141,694,0,0,0.08060390012468323
3096,386,331,0,0,0.04862729474428009
3097,134,506,0,0,0.039618155838612695
3098,894,143,1,0,0.46399486097483555
3099,710,165,0,0,0.03591510763115228
3100,962,537,0,1,0.955974681293396
3101,143,28,0,0,0.028769855724447926
3102,229,611,0,0,0.14454092714797745
3103,700,880,0,1,0.5344204725940164
3104,834,539,0,1,0.540769234188583
3105,298,707,0,0,0.016101987800351315
3106,949,755,0,0,0.035236112844140986
3107,727,215,0,0,0.007458953883879272
3108,571,847,1,1,0.9423426213722539
3109,123,404,0,0,0.056629767251700394
3110,83,146,0,0,0.021945861032513534
3111,350,626,0,0,0.020172482666779037
3112,221,686,0,0,0.07885095373840033
3113,962,886,0,0,0.030325213881362265
3114,245,631,0,0,0.05804813973705293
3115,508,867,0,0,0.018862194861194972
3116,575,376,0,0,0.012179740255685476
3117,852,100,0,0,0.021785798248466316
3118,895,420,0,1,0.5495065043221937
3119,509,863,0,0,0.07076279202807119
3120,799,165,0,0,0.08018748774121322
3121,839,688,0,0,0.4671089455472033
3122,80,36,0,0,0.00972994853125393
3123,846,13,0,0,0.3447626030135374
3124,696,193,0,1,0.7181324240062604
3125,775,678,0,1,0.7155450617303112
3126,537,592,0,0,0.4108234706201321
3127,219,853,0,0,0.34949206782031195
3128,899,589,0,0,0.25830618759629226
3129,105,476,1,0,0.19726267107187684
3130,756,364,0,0,0.020084318567556242
3131,944,563,0,0,0.013902480169959317
3132,963,13,0,0,0.021670047220167684
3133,17,793,0,0,0.19459349567238213
3134,604,108,0,0,0.044771477086348176
3135,718,435,0,0,0.38546727078294
3136,964,48,0,0,0.030465095783297487
3137,944,899,0,0,0.022456876322688932
3138,355,433,0,0,0.0163151597817923
3139,911,250,0,0,0.45660658434395496
3140,410,823,0,0,0.24393013519016798
3141,88,187,1,1,0.7860681030267342
3142,867,598,0,1,0.5706796485538388
3143,764,738,0,0,0.43517216704645123
3144,636,687,0,1,0.7620515893948343
3145,547,729,0,0,0.08853000889166926
3146,557,729,0,0,0.2436535686001047
3147,284,151,0,0,0.017196140535702408
3148,479,417,0,1,0.6734493253908731
3149,442,752,0,1,0.6208518132134073
3150,842,7,0,1,0.7399297749869406
3151,625,160,0,0,0.11334489302962307
3152,712,720,0,0,0.30205872805917616
3153,1,579,0,1,0.8406133692518863
3154,43,710,0,1,0.6645281185279897
3155,112,694,0,0,0.2175707467154539
3156,447,732,0,0,0.07309648661539142
3157,555,961,0,0,0.4885384610854382
3158,114,460,0,1,0.7320597956402742
3159,728,613,0,0,0.07333319142089977
3160,797,140,0,0,0.2745479524014664
3161,840,283,0,0,0.023206498817139945
3162,561,454,0,1,0.825807537516389
3163,536,237,0,1,0.5101316898312211
3164,881,641,0,1,0.8010423470327193
3165,450,789,0,0,0.30531513369677415
3166,818,847,0,0,0.02011783182621245
3167,465,457,0,0,0.0345215647799889
3168,353,188,1,1,0.9245821185466726
3169,940,504,0,0,0.008327623244105988
3170,84,349,0,0,0.022914526512846235
3171,93,425,0,0,0.09130675210219857
3172,861,160,0,0,0.03467277125932074
3173,182,512,1,1,0.7167488573200553
3174,455,129,0,0,0.02328317585974144
3175,727,928,0,1,0.852352063789454
3176,404,290,0,0,0.037270438122160146
3177,883,890,0,0,0.08222297151574016
3178,45,378,0,0,0.012372904958239324
3179,117,31,0,0,0.06265106158302465
3180,143,673,0,0,0.2267617633210573
3181,405,577,0,0,0.4873452341371302
3182,610,167,0,0,0.019561570977346104
3183,392,540,0,0,0.0566760696507762
3184,768,853,0,0,0.2526877592061898
3185,943,696,0,0,0.030020549287166885
3186,480,20,0,0,0.03650950803395038
3187,761,688,1,1,0.8966141651031765
3188,259,169,0,0,0.04600932675747779
3189,262,184,0,0,0.013151098393815671
3190,312,222,0,0,0.20323177745385537
3191,488,960,0,0,0.2710762009694686
3192,907,555,0,1,0.9498309957936826
3193,167,591,0,1,0.5009364708388593
3194,117,868,0,0,0.010662637785118568
3195,641,931,0,0,0.03659414379433994
3196,263,339,0,0,0.03896028529183166
3197,216,614,0,0,0.05042848968167513
3198,695,769,0,1,0.5810762138796325
3199,745,292,0,0,0.014149801741752021
3200,508,548,0,0,0.010463226179452978
3201,440,130,0,1,0.8016936945070335
3202,167,444,0,0,0.011502006708006753
3203,854,317,0,0,0.010758958988265874
3204,222,527,0,0,0.35321423622096315
3205,652,681,0,0,0.37535204540497846
3206,324,512,0,1,0.9121221557360084
3207,938,702,0,0,0.024478530496491135
3208,59,280,1,0,0.41354442519435436
3209,632,891,0,1,0.5928701157378709
3210,515,973,0,0,0.2578691045217283
3211,14,960,0,1,0.6399109092313683
3212,191,51,0,0,0.007888519431203622
3213,965,649,0,0,0.07181226026837904
3214,126,300,0,1,0.757185173279622
3215,728,224,0,0,0.0569239614858742
3216,460,468,0,0,0.3951511933999139
3217,399,478,0,1,0.8587242023552588
3218,414,404,0,0,0.0062207189597885204
3219,121,873,0,1,0.5433693169868781
3220,593,914,1,0,0.3856695900634797
3221,315,833,0,0,0.019920719852468592
3222,404,771,0,0,0.019793825513904927
3223,291,777,0,1,0.683829219653905
3224,216,397,0,1,0.7886258692641733
3225,324,224,0,0,0.13837243213607775
3226,617,712,0,0,0.22655038269752678
3227,703,238,0,1,0.5540761188993218
3228,685,968,0,0,0.012946914554192874
3229,452,316,0,1,0.8550037877270401
3230,665,693,0,0,0.48213079963069694
3231,641,36,0,0,0.018436349401579007
3232,56,761,0,0,0.4510181000647123
3233,930,435,0,0,0.31179097416819046
3234,679,430,0,0,0.031734435803393996
3235,298,43,0,1,0.7062658653232525
3236,924,634,0,0,0.014061319138774063
3237,144,432,0,0,0.09750086770446904
3238,312,110,0,0,0.019276038219538515
3239,288,415,0,0,0.03394871710592447
3240,143,321,0,0,0.017725294672559674
3241,805,353,0,0,0.029166882158347673
3242,466,716,0,1,0.7937996219996676
3243,54,248,0,0,0.24930461003719023
3244,476,610,0,0,0.009932361446810065
3245,966,561,0,0,0.007758392859822004
3246,62,577,0,0,0.280593408782411
3247,144,887,0,1,0.7939289845730694
3248,163,724,0,0,0.41385896433122155
3249,783,525,0,1,0.5947493759830526
3250,967,559,0,0,0.12381141318301038
3251,173,272,0,1,0.7649534122606035
3252,93,175,0,1,0.905062896126004
3253,653,109,0,0,0.07802334947586513
3254,493,483,0,0,0.062028488080713325
3255,358,111,0,1,0.5810813823380571
3256,210,969,0,0,0.04643014771386525
3257,436,838,0,0,0.1229049757492612
3258,702,436,0,0,0.007497580272808947
3259,847,134,0,0,0.012718481481254252
3260,58,82,0,0,0.08541958995960054
3261,885,562,0,1,0.8220690432951685
3262,131,103,0,0,0.10331968300616094
3263,776,902,0,0,0.2626050484876031
3264,98,719,0,1,0.5669359642756652
3265,288,867,0,0,0.1024600087605807
3266,616,912,0,0,0.04843393578914675
3267,390,689,0,1,0.8807756129822294
3268,476,896,0,0,0.07659871870185424
3269,135,835,0,0,0.13988804245000194
3270,446,120,0,0,0.014980888920164503
3271,931,163,0,0,0.009136525240334212
3272,942,404,0,0,0.016873527776167487
3273,623,947,0,0,0.014470958849009882
3274,26,243,0,0,0.20544626024205512
3275,840,776,0,0,0.02228329543165375
3276,656,916,0,0,0.03033382048625562
3277,495,785,0,0,0.07839965973625189
3278,404,538,0,0,0.06605088824727136
3279,158,719,0,1,0.7552138998274017
3280,655,174,1,1,0.8861184505500701
3281,515,600,0,1,0.7298953599923366
3282,143,962,0,0,0.047807284115748784
3283,574,741,0,0,0.18651532938174947
3284,965,506,1,1,0.8485702617453864
3285,597,93,1,1,0.7882223136796966
3286,762,329,0,0,0.07874733937950786
3287,631,500,0,0,0.06032070568263105
3288,791,525,0,0,0.03670345201042999
3289,646,464,0,0,0.16631592315344432
3290,287,974,0,1,0.6941611593534104
3291,194,682,0,0,0.01138335569484228
3292,250,559,0,0,0.028240117605727835
3293,538,454,0,1,0.7738783751032503
3294,790,285,0,0,0.06312693949488565
3295,731,74,0,0,0.031649988525429544
3296,636,119,0,0,0.011307060587386997
3297,13,508,0,1,0.7220150831125058
3298,689,182,0,0,0.03686604532652379
3299,298,437,0,1,0.682201613601198
3300,932,571,0,1,0.5687689342481193
3301,740,194,0,0,0.26559645178177327
3302,430,382,0,0,0.287933627461922
3303,122,359,0,1,0.8023865777182488
3304,737,856,1,0,0.4224479545414776
3305,93,37,0,0,0.27102396104539755
3306,747,100,0,1,0.5317955692481539
3307,719,785,0,1,0.6135412712747157
3308,857,395,0,0,0.027429239211173396
3309,201,303,0,1,0.771788429231221
3310,953,418,0,1,0.9380577980900693
3311,465,388,0,0,0.15554047006820598
3312,475,356,0,0,0.04867358928960296
3313,591,594,0,1,0.8128557984659084
3314,4,791,1,1,0.8949408613647997
3315,571,290,0,0,0.04474201124661298
3316,307,591,0,0,0.049146791217171255
3317,151,678,0,0,0.07269071329635121
3318,93,104,0,1,0.7867567013755049
3319,431,942,0,0,0.19575771748714385
3320,767,66,0,0,0.14889642298562822
3321,293,646,0,0,0.19168188951062143
3322,826,975,0,0,0.015709973028302855
3323,237,834,0,0,0.028990563618790047
3324,760,340,0,1,0.9078376176577793
3325,839,899,0,0,0.4807452912983337
3326,645,344,0,1,0.6237745063233103
3327,136,40,0,0,0.07648144735932597
3328,869,945,1,1,0.9370851237360185
3329,438,136,0,0,0.2744753269857389
3330,190,727,0,0,0.29692761386304356
3331,246,368,0,1,0.9670600764532927
3332,164,188,0,1,0.9804518519320269
3333,492,953,0,0,0.055589985238434614
3334,735,318,0,0,0.18580518120354989
3335,887,342,0,0,0.024875499413507415
3336,520,853,0,0,0.07543349196105427
3337,827,188,0,1,0.8805706290043552
3338,852,976,0,1,0.5940921617091722
3339,514,228,0,0,0.25658809096021584
3340,367,755,0,0,0.029881065116251656
3341,707,869,0,1,0.7687801603220046
3342,821,375,0,0,0.07986136052674848
3343,526,738,0,0,0.17625116812828956
3344,637,378,0,1,0.7747195193598749
3345,699,693,0,0,0.22605584081212826
3346,880,165,0,0,0.0884940836581016
3347,667,462,0,0,0.2370354013510186
3348,337,295,0,1,0.9177549060493376
3349,99,296,0,0,0.2883559230973043
3350,305,5,1,1,0.5830215790970431
3351,313,267,0,1,0.9408504816097484
3352,802,305,0,0,0.1909632562398861
3353,331,753,0,1,0.8149486577830419
3354,421,599,0,0,0.09832520953502583
3355,626,635,0,0,0.05942413640430739
3356,471,977,1,1,0.7718184668669994
3357,390,283,0,0,0.027177866271094902
3358,276,713,0,0,0.32278691810572163
3359,264,929,0,1,0.6744976343308983
3360,547,849,0,0,0.4264452127901247
3361,776,708,0,1,0.7681366019264958
3362,911,978,0,0,0.017237901430561007
3363,880,356,0,0,0.037808223350747946
3364,772,744,1,0,0.4724057217935346
3365,237,562,0,0,0.02470716914664523
3366,54,459,1,1,0.6541862748365377
3367,146,656,0,0,0.007455550504937257
3368,928,737,1,1,0.9565058739499647
3369,472,862,0,0,0.10303183682026028
3370,664,675,0,0,0.03577596634688326
3371,204,683,0,0,0.3493966871793089
3372,873,21,0,0,0.048319244014428435
3373,443,834,0,1,0.9264147679909519
3374,855,766,0,0,0.31913903310796915
3375,900,146,0,0,0.027440426342459637
3376,242,172,0,1,0.7897308265839226
3377,535,930,0,0,0.11586196004669502
3378,825,661,1,1,0.7775021725550327
3379,819,386,0,0,0.06863802941133315
3380,795,491,0,0,0.15520560420892862
3381,343,888,0,0,0.02594524996097165
3382,908,627,0,0,0.06319980460225341
3383,588,830,0,0,0.012276377443130933
3384,323,388,0,0,0.43077589351139783
3385,555,643,0,0,0.458797241169628
3386,435,833,1,1,0.881323217675319
3387,595,63,1,1,0.9632021872991526
3388,441,525,0,0,0.01265996622959428
3389,968,975,0,0,0.03562285681014716
3390,485,118,0,0,0.045251763181348985
3391,473,864,0,0,0.21437273322810194
3392,595,237,0,0,0.1849805006178852
3393,791,431,0,0,0.17118206068546682
3394,422,968,0,1,0.9057978923119224
3395,565,877,1,1,0.9641822538175903
3396,448,111,0,0,0.010945417361279717
3397,270,353,0,0,0.08057393369052104
3398,192,582,0,0,0.33402920694084853
3399,666,447,0,1,0.6777325445601656
3400,526,383,0,0,0.29942326087984006
3401,549,220,0,0,0.10817537641460558
3402,34,491,0,0,0.054108671397866036
3403,607,334,0,0,0.10813687010301593
3404,295,408,1,1,0.8857722449054425
3405,897,66,0,0,0.03955765974879643
3406,125,413,0,0,0.009281013465719374
3407,47,214,1,1,0.5984781914785571
3408,404,975,0,0,0.025224164862377114
3409,481,214,0,0,0.2506971028843246
3410,874,491,1,1,0.6236716005524434
3411,449,862,1,1,0.8984265722087438
3412,738,277,0,0,0.06719962182148469
3413,502,621,0,0,0.011397073377320691
3414,620,749,0,0,0.06850189277689593
3415,739,966,0,1,0.8231477529736697
3416,299,969,0,0,0.027069842244246963
3417,831,196,1,0,0.2654490651988141
3418,100,555,1,1,0.7823961601205563
3419,737,838,0,0,0.012710955408119272
3420,969,527,0,1,0.9678120511499023
3421,715,820,0,0,0.013357252804029928
3422,296,22,0,0,0.009910575531390626
3423,550,932,0,0,0.015146584274903193
3424,895,747,0,0,0.4258497553832299
3425,594,352,0,0,0.02797634195546256
3426,320,846,0,0,0.02934559519355477
3427,263,140,0,0,0.48836019661232016
3428,56,361,0,1,0.6341827043713842
3429,970,244,0,0,0.12872295269173553
3430,176,94,0,0,0.35459848271575173
3431,190,244,0,0,0.030670658942701667
3432,680,432,0,1,0.8855411061094789
3433,416,936,0,1,0.8438514214144228
3434,957,393,0,0,0.05929365608255767
3435,938,29,0,0,0.12445448853981184
3436,38,593,0,1,0.9225270131808178
3437,918,278,1,0,0.31365240109284476
3438,920,582,0,0,0.3216352708187818
3439,605,731,0,0,0.015971771486143593
3440,320,246,0,0,0.1269248544787387
3441,387,147,0,0,0.048143669122395816
3442,139,325,0,0,0.03434325435574597
3443,346,358,1,0,0.006201685947413667
3444,564,194,0,0,0.24240196739193698
3445,971,279,0,0,0.42731752214443625
3446,528,817,0,0,0.006897385568610197
3447,228,271,0,1,0.8429824084309432
3448,99,758,0,1,0.555787896377684
3449,479,911,0,1,0.5105522664040404
3450,675,654,0,0,0.013143975830402482
3451,864,303,0,0,0.3515496614351595
3452,804,779,0,0,0.019333441840338177
3453,833,117,0,1,0.8635464086553358
3454,531,620,0,1,0.8910492700107415
3455,871,889,1,1,0.9081244699997725
3456,490,52,0,1,0.5129116859455026
3457,972,407,0,1,0.8053481529224322
3458,278,147,0,0,0.016576160460432334
3459,973,6,0,0,0.2612886272710545
3460,974,575,0,0,0.053311241111256936
3461,843,559,0,0,0.055476366911627835
3462,675,59,0,0,0.18233635187122274
3463,282,956,0,0,0.026700976918128956
3464,93,630,0,0,0.2041873109677041
3465,202,670,0,0,0.23073123181989663
3466,801,620,0,1,0.6620097341561374
3467,543,386,0,0,0.05334797604592905
3468,975,844,1,0,0.30955763495384325
3469,286,512,0,0,0.11352045960290616
3470,976,46,0,0,0.2932191082592543
3471,84,967,1,1,0.8383097329953701
3472,647,195,0,0,0.016276455052601887
3473,118,810,1,1,0.9480145461382257
3474,151,432,0,0,0.12085133930084994
3475,466,287,0,0,0.2725502499551519
3476,267,834,0,0,0.015846953888569503
3477,861,785,0,1,0.6009891171942695
3478,932,979,0,0,0.06023019964810131
3479,299,775,1,1,0.8035766606739614
3480,657,427,0,0,0.3054261889959154
3481,898,833,0,0,0.1347047860350037
3482,733,711,0,0,0.005799550479570572
3483,673,171,0,0,0.19142498576627678
3484,929,13,0,0,0.3042249305654902
3485,317,287,0,0,0.2656904009244407
3486,142,225,0,1,0.9127841508071931
3487,654,871,0,0,0.16364013958450443
3488,820,767,0,0,0.3245525057795674
3489,966,376,0,0,0.014684784828436619
3490,459,258,0,0,0.03749556891519569
3491,192,677,0,0,0.2960569686021307
3492,505,781,1,1,0.8973181200729549
3493,36,880,0,0,0.04060571862231172
3494,207,908,0,0,0.37201576586778173
3495,889,353,1,0,0.47811809015251827
3496,363,456,0,0,0.05105945635900615
3497,888,433,0,1,0.7468354972618694
3498,831,900,0,1,0.5308622424065674
3499,176,446,0,0,0.02795004379417503
3500,463,872,0,0,0.41950047848115657
3501,96,699,0,0,0.3508874542890657
3502,798,504,0,0,0.011044847309802642
3503,292,800,0,0,0.410594076512555
3504,531,127,0,0,0.009816701293825664
3505,923,569,0,0,0.011868538239396447
3506,977,296,0,0,0.2285130070330336
3507,827,529,0,0,0.011819939491583147
3508,842,293,0,1,0.6335008921218603
3509,634,525,0,1,0.7693925357722653
3510,773,957,0,1,0.8162290010437243
3511,869,980,0,0,0.03226193793220982
3512,768,799,0,0,0.39960783670379224
3513,18,81,0,0,0.4265922114249015
3514,968,2,0,1,0.5758058270572398
3515,831,404,0,0,0.3750819048226105
3516,857,848,0,0,0.05820749648927926
3517,313,874,0,0,0.0738774112595754
3518,363,617,0,0,0.009804070753961164
3519,916,949,0,0,0.3285342570911578
3520,953,981,0,0,0.06609127272879618
3521,908,777,0,1,0.8038618557804583
3522,376,394,0,0,0.0371702379680179
3523,113,250,0,0,0.04332406095148303
3524,569,675,0,0,0.010667105830055451
3525,604,806,0,0,0.07847284229607983
3526,566,156,0,1,0.9495692232409357
3527,385,709,0,0,0.06338316386899084
3528,680,481,0,0,0.034900086709121515
3529,949,982,0,1,0.6189690092882607
3530,869,657,0,0,0.07020655680526595
3531,571,342,0,0,0.2478120116304457
3532,968,54,0,0,0.022366539601280058
3533,928,270,0,0,0.4943195008558498
3534,828,215,0,0,0.011634710937763323
3535,844,362,0,0,0.29906865992742027
3536,754,954,1,0,0.4772071447224965
3537,174,469,0,0,0.2959158485186788
3538,30,42,0,0,0.038138162187090256
3539,856,549,0,0,0.4937092497295872
3540,750,424,0,0,0.16908099271402377
3541,103,469,0,0,0.01017852472563933
3542,216,404,0,1,0.8944201514303555
3543,978,358,0,0,0.04441494608811918
3544,461,562,0,0,0.014725100719566397
3545,918,807,0,0,0.42946884547845304
3546,430,116,1,1,0.56571441279023
3547,922,217,0,1,0.7075113690290328
3548,871,629,0,1,0.8592780657915188
3549,402,983,0,0,0.3905569509404112
3550,60,90,0,0,0.017898840841490224
3551,780,739,0,0,0.35544569401995535
3552,95,378,0,0,0.014633370358651258
3553,471,791,0,0,0.009087684088483181
3554,635,145,0,0,0.027567060183057313
3555,402,484,0,0,0.005053952900606481
3556,693,966,0,0,0.1391509349528691
3557,627,450,0,0,0.04899243750106719
3558,258,970,0,0,0.11723352334013422
3559,641,803,0,0,0.09881306942318847
3560,750,557,1,1,0.8991188265904022
3561,327,730,0,0,0.03938396288602988
3562,758,707,0,1,0.9513695273519963
3563,338,823,0,1,0.5866361793963468
3564,586,770,0,0,0.02287469456577545
3565,102,153,1,1,0.9239390994886677
3566,894,344,0,1,0.5663946949186495
3567,681,637,0,0,0.3822846285420895
3568,604,554,0,0,0.2880413639690192
3569,404,286,0,0,0.036883348578025985
3570,0,974,0,1,0.7445434531570319
3571,879,595,0,0,0.45557740415933556
3572,118,739,0,0,0.39489666807752277
3573,701,758,0,0,0.10285756933111401
3574,631,30,0,1,0.5587751788617213
3575,535,666,0,0,0.34877837866350964
3576,106,191,0,0,0.013441353863172106
3577,806,580,0,0,0.044684139804685254
3578,429,531,0,0,0.01792975392959737
3579,369,294,0,1,0.6943531258894101
3580,899,967,0,1,0.825503514916086
3581,249,922,0,1,0.736164507387436
3582,151,637,0,0,0.028574450568948664
3583,772,424,0,0,0.029634031802488192
3584,217,868,1,1,0.9513354703913692
3585,968,336,0,1,0.5789500298056095
3586,832,968,0,0,0.011549631775290815
3587,566,534,0,0,0.012693336063960043
3588,371,642,0,0,0.0903178921382859
3589,293,526,0,0,0.0173410728065623
3590,908,49,1,1,0.5079385453336106
3591,511,897,0,0,0.01967674377209292
3592,98,830,0,0,0.016838861611637227
3593,892,429,0,0,0.055190224429525925
3594,618,926,0,0,0.15037261743667169
3595,264,392,0,0,0.01933956711936771
3596,604,744,0,0,0.38650809731995656
3597,556,487,0,0,0.058019917415019814
3598,945,928,1,1,0.8745150550398295
3599,166,158,0,0,0.048522420091822456
3600,646,349,0,0,0.1478173363240184
3601,795,441,0,0,0.026459648552198997
3602,936,436,0,0,0.008993586284435058
3603,112,972,0,1,0.532637799313031
3604,338,952,1,0,0.2631138971869612
3605,921,77,0,0,0.022125128751020774
3606,580,79,0,0,0.09745566283153752
3607,919,340,0,1,0.744758675223856
3608,578,409,0,0,0.015029636049787283
3609,435,644,0,0,0.04140897941404811
3610,113,337,0,0,0.23023792394020234
3611,334,750,0,1,0.7711998833127516
3612,414,984,1,0,0.3965429523423787
3613,122,496,0,1,0.6790711564916935
3614,279,778,0,0,0.010456678288221543
3615,244,627,0,0,0.16260590473078587
3616,171,760,0,1,0.8519984274390483
3617,379,855,1,1,0.9910857197347015
3618,937,400,0,0,0.01652817710482627
3619,932,350,0,1,0.8923965569233273
3620,392,95,0,0,0.1545290572215735
3621,138,854,0,0,0.02500337945630642
3622,599,558,0,0,0.01202282261647136
3623,979,753,0,0,0.11637363701369445
3624,944,255,1,1,0.6767314813869831
3625,401,843,0,0,0.10794454972087054
3626,35,29,0,0,0.02849299299504586
3627,91,959,0,0,0.03426216825949438
3628,434,820,0,0,0.034782948331109315
3629,21,521,0,1,0.8976747691944729
3630,501,785,0,0,0.33158392486202987
3631,714,277,0,0,0.47334687280400556
3632,928,413,0,0,0.03962075715510243
3633,138,907,0,0,0.4041596964689668
3634,227,287,0,0,0.31408344185682063
3635,69,845,0,0,0.04187808841404309
3636,499,306,0,0,0.3524613352410691
3637,647,796,0,1,0.7038940818914571
3638,30,904,0,1,0.8186828785107482
3639,325,945,0,0,0.008065332195832395
3640,384,753,0,0,0.37280047147372564
3641,167,762,0,0,0.3544324185514434
3642,163,78,0,0,0.07606788754010503
3643,746,442,0,1,0.958370311390016
3644,514,859,0,1,0.7134475102271066
3645,926,331,0,0,0.09809716451543396
3646,4,762,0,0,0.19062271323569344
3647,980,45,0,0,0.028710260661973703
3648,635,766,0,0,0.38593722451244517
3649,651,133,0,0,0.12334131093438595
3650,515,739,0,0,0.03890001162166297
3651,959,392,0,0,0.11965587199875229
3652,48,259,1,1,0.968309615959648
3653,981,817,1,1,0.8256174762659163
3654,233,553,1,1,0.892736478829185
3655,976,637,0,0,0.01146863653233809
3656,801,292,1,1,0.964392682964801
3657,649,973,0,0,0.15103506284245716
3658,774,239,0,0,0.13504339037871432
3659,711,254,0,0,0.17958047076012484
3660,313,670,0,0,0.014200117458970611
3661,503,322,0,0,0.18869103296867612
3662,743,935,0,0,0.023304689968557474
3663,862,224,0,0,0.04084882288392546
3664,218,424,0,0,0.34831022881409535
3665,480,222,0,0,0.2849742508389703
3666,759,775,0,1,0.6327131818548878
3667,919,411,0,1,0.8748150004495632
3668,918,236,0,0,0.05609384827994314
3669,623,411,0,1,0.9420443461213277
3670,351,340,0,1,0.783630744908784
3671,233,829,0,0,0.01344323496617148
3672,617,553,0,1,0.8927811762978489
3673,619,918,1,1,0.9453887299383751
3674,655,118,0,0,0.04028181582972385
3675,321,396,0,0,0.0045985289581868755
3676,323,349,0,1,0.5884194363904772
3677,777,486,1,1,0.9253639443813396
3678,459,500,1,1,0.9142211950496094
3679,905,449,0,0,0.1421653347775159
3680,282,167,0,0,0.2601849389148505
3681,90,985,0,1,0.8250627400693028
3682,560,455,0,1,0.8917743907752695
3683,742,206,0,0,0.12954453517993664
3684,306,513,0,0,0.016546486207414945
3685,577,754,0,0,0.009024682535942677
3686,543,610,0,0,0.41959944319349585
3687,13,953,0,0,0.02019567384626705
3688,318,121,0,0,0.03975866883830053
3689,905,599,0,0,0.14878658009986914
3690,982,115,0,0,0.04322367356419288
3691,606,116,0,0,0.0904140394506441
3692,74,986,0,0,0.05533514341231255
3693,817,596,0,0,0.009553202120692477
3694,830,790,0,1,0.7398639700767645
3695,66,223,0,0,0.06348711702369854
3696,133,169,0,0,0.25748414514954904
3697,572,889,0,1,0.609045291497742
3698,83,95,0,0,0.20485721709244117
3699,784,910,0,1,0.932297794696225
3700,137,716,0,0,0.19018660825291991
3701,112,548,0,0,0.06293890495756936
3702,59,765,0,1,0.5386547844811411
3703,419,526,0,0,0.11472462011913771
3704,806,979,0,0,0.12318321560758627
3705,942,43,0,0,0.4184579844091419
3706,83,103,0,0,0.09275065514834745
3707,220,285,0,1,0.676511923604973
3708,578,316,0,0,0.3100976851662281
3709,439,910,0,0,0.01847531325254539
3710,109,249,0,0,0.08483807098055969
3711,830,239,0,1,0.6319879230702189
3712,911,529,0,0,0.4426749611195991
3713,30,636,0,1,0.927193024315718
3714,820,934,0,0,0.2082180311317836
3715,462,541,0,0,0.02952151603973541
3716,687,545,0,1,0.8039173863896392
3717,931,312,0,1,0.7738133405317015
3718,666,682,0,1,0.7851495432036031
3719,443,433,0,1,0.8554021935977969
3720,956,653,0,0,0.10232528961450692
3721,328,814,0,1,0.72200290621961
3722,892,581,0,0,0.24084582925027762
3723,14,619,0,0,0.46313143325532863
3724,924,92,0,0,0.11104790221455628
3725,193,316,0,0,0.012206846322639839
3726,633,667,0,0,0.43809569859880315
3727,400,229,0,0,0.39662650050538767
3728,257,349,0,0,0.010699783464555659
3729,414,719,0,0,0.045917361412867765
3730,273,784,0,1,0.8621163477708969
3731,898,473,0,0,0.1904342129158301
3732,965,780,0,0,0.008826166386196231
3733,36,531,1,1,0.5648464899483041
3734,181,174,0,0,0.02044454164729026
3735,394,652,0,1,0.9048685419010909
3736,771,269,0,0,0.025321213567555977
3737,323,865,0,1,0.6473895755441564
3738,358,566,0,1,0.8131621119630084
3739,554,165,0,0,0.3189000004653105
3740,654,494,0,1,0.914100701878756
3741,268,957,0,0,0.4411925364048653
3742,899,327,0,0,0.3663438077515945
3743,909,416,0,0,0.09964805777273517
3744,772,948,0,0,0.05944678413388315
3745,412,186,0,0,0.00868596968858246
3746,983,513,0,0,0.06026845709796161
3747,573,466,0,0,0.21706398783728628
3748,261,404,0,1,0.9076135458372396
3749,437,110,0,0,0.068805376141122
3750,579,302,0,0,0.45507220276310856
3751,963,912,0,0,0.03181527814664219
3752,238,115,0,0,0.03063607137651936
3753,864,844,0,0,0.02023621678826953
3754,445,758,0,1,0.7985056823860058
3755,688,184,1,1,0.9572276803687608
3756,543,372,0,0,0.412927014100254
3757,217,23,0,0,0.20124268990010602
3758,579,570,0,0,0.029396410679125372
3759,676,668,0,0,0.014069975142979902
3760,498,624,0,0,0.02845687268645093
3761,724,739,0,0,0.39033956133882314
3762,397,987,0,1,0.6682370507348024
3763,830,167,0,1,0.8337756701387695
3764,867,409,0,0,0.44068870449321146
3765,709,421,0,0,0.03135081709189913
3766,660,91,0,0,0.2899421512370398
3767,498,935,0,0,0.058031995176782335
3768,907,785,0,1,0.5470391051254051
3769,984,299,0,0,0.1270678024660082
3770,286,912,0,0,0.02218726153209128
3771,606,40,0,1,0.5528235862635159
3772,141,142,0,0,0.12258514379385893
3773,955,924,0,0,0.45141001630898553
3774,107,626,0,0,0.22390347888826986
3775,859,406,0,0,0.05756090535231688
3776,857,981,0,0,0.02563280501781951
3777,820,671,0,1,0.7886355505180256
3778,447,25,0,0,0.02882622375017809
3779,116,47,0,0,0.14332774531771353
3780,912,392,0,0,0.163537281304239
3781,51,693,0,1,0.733662542529466
3782,204,700,0,0,0.137426321838078
3783,968,802,0,0,0.1483776927367869
3784,663,305,0,0,0.38029764750796136
3785,231,815,0,0,0.03563314010674508
3786,564,293,0,0,0.04162653334016419
3787,517,22,0,1,0.9396836663916665
3788,949,193,0,0,0.014466191316667824
3789,834,516,0,0,0.15061082242537693
3790,60,563,0,0,0.016617850161615703
3791,452,746,0,0,0.10807518046906438
3792,462,756,0,1,0.6526541926251771
3793,364,399,0,0,0.22881319658356922
3794,121,181,0,0,0.07641981343736763
3795,608,860,0,1,0.5081255493312127
3796,714,185,1,0,0.47406181992410346
3797,615,921,0,0,0.19549705815922208
3798,300,543,0,0,0.027661798689132315
3799,808,375,0,0,0.017730565094953122
3800,51,226,1,1,0.726616763182432
3801,68,983,0,0,0.06257412293350315
3802,767,649,0,1,0.8695850113341033
3803,387,24,0,0,0.04045376693054348
3804,473,477,0,1,0.6481908688006762
3805,296,656,0,1,0.7268526984241168
3806,877,438,0,0,0.0344128219484649
3807,675,70,0,0,0.018884363520494715
3808,815,162,0,0,0.03020648806955737
3809,319,715,0,0,0.2780610722952309
3810,638,797,0,0,0.01748437825217194
3811,250,184,1,1,0.8542765320118172
3812,214,870,0,0,0.11154501108323256
3813,647,571,0,0,0.019127128714981696
3814,504,513,0,0,0.01616821427839083
3815,423,326,0,0,0.23848078826673738
3816,290,939,0,1,0.6323594635403722
3817,542,548,0,0,0.4139884969734976
3818,86,595,0,0,0.0180905400024009
3819,954,349,0,0,0.38962462232835354
3820,338,457,0,0,0.032251344552847276
3821,894,497,0,0,0.12353170629839878
3822,30,798,0,0,0.07639556255051032
3823,106,282,0,0,0.07378794160086681
3824,325,213,0,0,0.1362281975349562
3825,757,793,0,0,0.40518794050222934
3826,463,642,1,1,0.8193281605745186
3827,764,946,1,1,0.855782315892566
3828,97,767,0,0,0.014869423505270358
3829,869,826,0,0,0.028318817518820167
3830,635,941,0,0,0.20026498692258757
3831,449,438,0,0,0.011638832759428654
3832,764,134,0,0,0.016476976028284494
3833,972,853,0,0,0.017785332167126404
3834,35,836,0,0,0.01731700112084029
3835,754,363,0,0,0.05502029221174161
3836,681,28,0,1,0.746307442845558
3837,525,59,0,0,0.24952198617817967
3838,584,791,0,0,0.023689800228384454
3839,490,24,1,1,0.9101267534955333
3840,938,45,0,0,0.017374348693205473
3841,347,948,1,1,0.883598609511919
3842,39,618,0,1,0.7631408301457998
3843,956,173,0,0,0.10037253327731616
3844,829,756,0,1,0.7722180259637287
3845,513,17,0,0,0.023518524093161467
3846,142,742,1,1,0.9617375812361847
3847,318,728,0,0,0.04087136737961688
3848,202,988,1,1,0.5370064847696254
3849,256,919,1,1,0.801877829483661
3850,360,74,1,1,0.8098284932038647
3851,748,973,0,1,0.9614835720761244
3852,606,953,0,0,0.026373215891975117
3853,373,600,0,0,0.07332195882346065
3854,668,533,0,0,0.2045328193362457
3855,607,101,0,0,0.11797683139125589
3856,672,64,0,0,0.0077715418523777976
3857,305,382,0,0,0.014268346263407129
3858,910,348,0,0,0.00995136260213532
3859,111,164,0,0,0.45022661656478385
3860,75,702,0,0,0.02024348206033009
3861,579,949,0,0,0.020373019902855137
3862,277,293,0,1,0.6046704564409534
3863,176,424,0,0,0.020202033126776254
3864,469,327,1,1,0.7658693186994693
3865,63,892,0,0,0.038725783653390335
3866,613,961,0,0,0.13680617773751533
3867,890,171,0,0,0.02075855161266686
3868,533,280,0,0,0.02794690098243117
3869,898,747,0,0,0.050873167076767735
3870,148,329,0,0,0.028407077396200093
3871,688,720,0,1,0.7814221299803111
3872,276,357,0,0,0.015212228588509718
3873,362,304,0,0,0.3422598455549103
3874,38,428,0,0,0.18211944604277058
3875,770,309,0,0,0.16887253931629204
3876,914,213,0,0,0.21107399563215506
3877,917,309,0,0,0.2720661668745157
3878,191,49,0,1,0.7719720729031758
3879,338,924,0,0,0.046024443843368665
3880,395,562,0,1,0.9580187196328586
3881,950,778,0,0,0.38659303324265737
3882,135,338,0,0,0.17086777231068084
3883,486,440,1,1,0.7681487270877968
3884,574,193,0,0,0.3801723912967102
3885,925,141,0,1,0.6496791242184168
3886,231,411,0,0,0.42511775446052885
3887,122,553,0,1,0.9100596297748353
3888,488,872,0,1,0.8713220946201615
3889,806,165,0,0,0.1820804901694316
3890,374,100,0,0,0.02409885590579884
3891,704,212,0,1,0.9096140040229075
3892,799,627,0,0,0.18177124740408432
3893,361,351,0,1,0.7546020305414626
3894,917,667,1,1,0.9025080329867007
3895,817,672,0,0,0.01797011665587745
3896,445,989,0,0,0.36853063352183874
3897,609,939,1,1,0.9907153230560032
3898,316,750,0,1,0.5770132435623492
3899,81,576,0,1,0.5367136813400099
3900,966,502,0,0,0.4306236170639782
3901,283,15,0,0,0.3687505355857867
3902,932,455,0,0,0.01936471321877192
3903,480,653,0,1,0.5303221519238256
3904,61,34,0,1,0.8157584863085625
3905,82,476,0,0,0.018469108607545776
3906,314,846,0,0,0.02052160167606617
3907,762,327,0,0,0.15193234568947822
3908,145,251,0,0,0.31382299252613177
3909,977,627,1,1,0.7364041677902182
3910,352,930,1,1,0.9661413451336213
3911,507,782,0,0,0.037257558621326424
3912,957,24,0,0,0.026333336525133654
3913,896,665,0,0,0.2849493151566368
3914,247,660,0,0,0.01762773938967532
3915,291,116,0,0,0.03319209882781372
3916,523,963,0,1,0.5618134041731895
3917,697,273,0,1,0.9459994045212007
3918,493,558,0,1,0.7808316969787383
3919,918,118,0,1,0.9072953560650614
3920,795,864,0,0,0.013261108233066117
3921,871,113,0,0,0.2750355437320762
3922,602,384,0,0,0.24355341144226184
3923,962,421,0,0,0.0917890798219435
3924,847,370,1,1,0.5327147004186399
3925,551,545,1,1,0.5799106091838977
3926,256,165,0,0,0.2584488740802048
3927,667,237,0,0,0.23271428513098302
3928,746,66,0,1,0.8201228606897377
3929,593,488,0,0,0.022694434779293136
3930,569,564,0,1,0.6689615113045244
3931,787,966,0,0,0.015922959099316382
3932,819,209,0,0,0.3865127286448612
3933,75,229,0,1,0.8290072698581487
3934,900,680,1,1,0.745001832935042
3935,166,990,0,1,0.6669250221620249
3936,672,289,0,0,0.011092681305649745
3937,562,133,0,0,0.04808572115579298
3938,710,692,0,1,0.5551020116871335
3939,392,778,0,0,0.3166315428514247
3940,331,52,0,1,0.6349559291192295
3941,413,828,0,0,0.41659741668367467
3942,229,319,0,0,0.37887584284140163
3943,716,695,0,1,0.8787149682240779
3944,246,499,0,0,0.012603327447886219
3945,502,751,0,0,0.011637320804032365
3946,321,939,0,0,0.046242082534781306
3947,660,864,0,1,0.8820212884977998
3948,595,315,0,0,0.022897612649634008
3949,67,459,0,0,0.01522813568851636
3950,716,273,1,1,0.9815927057634328
3951,729,551,0,0,0.015835786139207084
3952,938,89,0,1,0.5938831097477542
3953,494,747,0,1,0.5849535542345798
3954,968,884,0,0,0.43183999789829636
3955,720,713,1,1,0.885547306807717
3956,227,358,0,0,0.03543832458170694
3957,461,785,0,0,0.042357586873773105
3958,340,845,0,0,0.45761316716343925
3959,376,623,0,1,0.6301496875473763
3960,422,558,0,0,0.01233189424030145
3961,952,840,0,0,0.01560104371911754
3962,322,295,0,0,0.446231733382447
3963,985,653,0,0,0.04841985053588921
3964,236,160,0,0,0.018956626130342075
3965,313,159,0,1,0.7051848860621757
3966,383,907,0,0,0.03473012503693472
3967,517,562,0,1,0.9087614555986545
3968,822,262,0,0,0.05619757251956429
3969,873,562,0,0,0.024362044108531072
3970,586,391,0,0,0.06201469207112193
3971,191,44,0,0,0.32456721427466995
3972,557,316,0,0,0.05991889985978471
3973,471,812,0,0,0.008585616741296606
3974,740,986,1,1,0.521492978761446
3975,733,623,0,0,0.21918779205818564
3976,253,861,0,0,0.16460632381712084
3977,373,440,0,1,0.7612485826191167
3978,433,68,0,0,0.022311249318588983
3979,229,949,0,0,0.4493088843822672
3980,905,844,0,0,0.4264955187232728
3981,452,249,0,0,0.012660653209501164
3982,912,441,1,1,0.8903670808058689
3983,498,740,0,0,0.023579791395209024
3984,823,987,0,1,0.8829145353605943
3985,936,885,0,0,0.3901523102145509
3986,333,663,0,0,0.01398190887073894
3987,302,909,0,0,0.012348673733413952
3988,339,960,0,0,0.056272945688398926
3989,652,310,0,0,0.1458599622484408
3990,245,727,0,0,0.13980906358552045
3991,986,939,0,0,0.3363529797277958
3992,58,883,0,0,0.029055782823530597
3993,446,322,0,0,0.025147631257571128
3994,449,708,0,1,0.762367727989508
3995,816,969,0,0,0.02478437108329082
3996,491,437,0,0,0.1578566515850782
3997,219,805,0,0,0.02709846191341992
3998,175,469,0,0,0.11145675351218003
3999,717,813,0,0,0.3302103487360416
4000,1,227,0,0,0.035298429823128946
4001,474,382,0,0,0.19267201022321467
4002,730,267,0,0,0.012429659882402893
4003,848,256,0,0,0.010911612610411488
4004,121,463,0,0,0.04462584224795374
4005,858,532,0,0,0.007458076554704162
4006,160,18,0,1,0.8051610473916556
4007,9,109,1,1,0.6295514419031558
4008,4,432,0,1,0.9027032061318564
4009,454,279,0,1,0.6428533833356221
4010,974,809,0,0,0.011175801852556263
4011,359,350,0,0,0.03646667495123044
4012,177,573,0,0,0.13273802372369028
4013,969,159,0,1,0.8515077740532466
4014,725,442,1,1,0.8670850149475302
4015,88,535,0,0,0.06323703934128236
4016,521,443,0,1,0.8765473346998219
4017,704,637,0,0,0.016533010060794565
4018,851,620,0,1,0.8624120661403468
4019,211,33,0,0,0.06558237861682521
4020,919,383,0,0,0.05799135842737182
4021,319,254,0,0,0.09763923576983721
4022,454,474,0,1,0.7727231028000181
4023,779,151,0,0,0.04682917088267249
4024,101,721,0,0,0.016074056370655017
4025,987,193,0,0,0.2816921680992026
4026,616,991,0,1,0.7407750886691947
4027,512,297,0,0,0.0780555660200479
4028,67,760,0,0,0.07405713201926648
4029,268,407,0,0,0.20705837652225173
4030,373,893,0,0,0.24376628290847033
4031,70,433,0,1,0.9185194437959966
4032,960,385,0,0,0.03841391868193296
4033,127,977,0,0,0.3502214091280194
4034,172,216,0,0,0.20274242782369317
4035,97,901,1,1,0.6707825582828917
4036,316,992,0,0,0.1753217522572749
4037,963,310,0,0,0.29802393912711256
4038,828,61,1,1,0.8733680097961752
4039,312,261,0,0,0.2913855176672947
4040,567,624,0,0,0.06102674653444163
4041,27,958,0,0,0.12690780181059327
4042,764,142,0,0,0.3248452737737481
4043,445,525,0,0,0.04106184013770052
4044,366,761,0,1,0.5784782303409113
4045,603,106,0,1,0.8013740897206596
4046,345,44,0,0,0.007864600129325345
4047,210,421,0,0,0.026405245813914804
4048,206,903,0,0,0.013769101074683172
4049,269,392,0,1,0.6782048410640276
4050,348,504,0,0,0.40038252447286876
4051,880,126,1,1,0.883930117745173
4052,430,49,0,0,0.01855449944556923
4053,435,31,0,0,0.05069997680618694
4054,954,849,1,1,0.978011261413753
4055,920,980,0,1,0.500214947522954
4056,929,484,0,0,0.3953466699488834
4057,307,620,0,0,0.03576533893545854
4058,845,134,0,0,0.2860300883251567
4059,215,514,0,0,0.016395888504521842
4060,724,872,0,0,0.2309224140168215
4061,915,625,0,1,0.96701076803668
4062,320,803,0,0,0.021739373019772686
4063,104,142,0,0,0.10988678531075749
4064,870,175,1,1,0.6833935157915579
4065,872,956,0,0,0.022637159600467725
4066,101,676,0,0,0.011227814164173117
4067,202,557,0,0,0.11799775208163085
4068,640,121,0,0,0.11352980278488899
4069,506,727,0,0,0.019671163257597508
4070,250,407,0,0,0.09156566027653344
4071,162,12,1,1,0.9540045323156998
4072,287,92,0,0,0.014522997894745628
4073,10,357,0,1,0.9042087285662832
4074,424,916,0,0,0.08787058831019524
4075,869,194,0,0,0.36881362387126054
4076,314,202,0,0,0.041925573042769386
4077,693,305,0,0,0.06023396535822506
4078,556,325,0,1,0.6621433771085186
4079,356,46,0,1,0.6892803306601046
4080,89,869,0,1,0.7920410094142493
4081,928,403,0,0,0.060861609844099045
4082,713,512,0,0,0.056347865275514046
4083,469,753,0,1,0.8748450051327019
4084,154,333,0,1,0.63574724187685
4085,893,211,0,0,0.06949492341952032
4086,510,359,0,0,0.023122024669917727
4087,46,910,0,0,0.32411031748251534
4088,222,443,0,0,0.3316228775358906
4089,361,129,1,1,0.9688222455408919
4090,781,76,0,1,0.8194319426121032
4091,607,118,0,0,0.32871848811706955
4092,487,69,0,0,0.02814479117916515
4093,652,246,0,0,0.2632152732707832
4094,336,381,0,0,0.017475985220143406
4095,570,2,0,0,0.015465405781052424
4096,473,599,0,0,0.25154551374115386
4097,511,410,0,0,0.05664375002175621
4098,931,310,0,0,0.012332066961949252
4099,832,985,0,0,0.061464119659231396
4100,282,111,0,1,0.9010211919603355
4101,254,934,0,0,0.185942385026321
4102,249,423,0,1,0.8924481247789263
4103,101,990,0,1,0.8084309760519901
4104,835,403,0,1,0.5865461326681156
4105,6,606,0,0,0.36938695436777585
4106,25,799,0,0,0.2687052723817577
4107,951,205,0,0,0.05583611331219809
4108,246,504,0,0,0.09546683354217678
4109,899,313,0,0,0.11155203062607018
4110,411,336,0,0,0.38013932540134887
4111,821,87,0,0,0.3344317361465773
4112,365,670,0,0,0.01881766617332919
4113,773,239,0,0,0.059603587579678194
4114,499,292,0,0,0.03153566375234363
4115,634,457,0,0,0.014828092133306115
4116,791,281,0,0,0.11241086679811152
4117,30,532,1,1,0.7457583873474506
4118,701,764,0,0,0.04110354839260316
4119,866,65,0,0,0.20433890733659674
4120,407,945,0,1,0.7209429510370226
4121,458,555,0,1,0.6578869496675949
4122,875,708,0,0,0.022953884955261624
4123,456,551,0,0,0.4338756246064683
4124,236,763,0,0,0.011811122499486449
4125,848,711,0,0,0.023754285642592365
4126,946,325,0,1,0.7095743837178249
4127,24,929,0,1,0.5187126052478006
4128,68,669,0,0,0.3899416260631641
4129,963,41,0,0,0.3474312383445102
4130,488,242,0,0,0.0780877733031122
4131,851,102,0,1,0.922006277317791
4132,729,989,0,0,0.01322819364164875
4133,815,247,0,0,0.009823737619387941
4134,16,463,0,0,0.03855724350361244
4135,120,362,0,0,0.05241535271228924
4136,508,141,0,0,0.014165680287073254
4137,843,449,0,0,0.07497574088802889
4138,504,968,0,1,0.9543777646126735
4139,879,759,0,0,0.03500017412129006
4140,844,812,0,0,0.10290182703197355
4141,610,132,0,0,0.3822328461410417
4142,568,117,0,1,0.7952784517589949
4143,257,150,0,0,0.06794227357507786
4144,18,815,0,0,0.07296114048202466
4145,269,543,0,0,0.015540346119213736
4146,378,369,0,1,0.8241808867802698
4147,253,345,1,1,0.5148327541597189
4148,922,866,0,0,0.0394403035586076
4149,386,156,1,1,0.9170707089239873
4150,875,213,0,0,0.020883294927347335
4151,540,45,0,0,0.09234122946364119
4152,904,426,0,1,0.5191192105851693
4153,620,906,0,0,0.1534736784768174
4154,822,737,0,0,0.10041760194785389
4155,957,75,0,1,0.7276379765707885
4156,802,857,0,0,0.00916643029864885
4157,806,46,0,0,0.43235738343319663
4158,619,618,0,0,0.20197032871210518
4159,168,61,0,0,0.03536589578348228
4160,524,942,0,0,0.01833642251523117
4161,525,154,1,0,0.4108786673320127
4162,599,848,0,0,0.26674865489068156
4163,505,775,1,1,0.8966412188785655
4164,283,573,0,1,0.6571743634158931
4165,13,914,0,0,0.015529107425231602
4166,369,287,0,0,0.04948214922375975
4167,714,747,0,1,0.5664910196877303
4168,88,77,0,0,0.026764583160711477
4169,495,504,0,0,0.015288933253855823
4170,35,339,0,1,0.8673175971485385
4171,915,494,0,0,0.4284194590985978
4172,20,678,0,0,0.35106002223895494
4173,392,954,0,0,0.05958374806429857
4174,726,175,0,0,0.06536647794519543
4175,69,689,0,1,0.6054737340941346
4176,844,658,0,0,0.0252485627661836
4177,460,225,0,0,0.2123248539668161
4178,135,581,0,1,0.6458605882675708
4179,100,906,0,0,0.013259107648300248
4180,601,740,0,0,0.019752244880772075
4181,431,93,0,0,0.031780489989859696
4182,912,51,0,0,0.13680601496993314
4183,878,584,0,0,0.032360103578744664
4184,637,690,0,0,0.009209627363998097
4185,779,749,0,0,0.12498054589213138
4186,226,66,0,0,0.013101807940597416
4187,652,983,0,0,0.07419253582890682
4188,174,961,0,0,0.3157675876294475
4189,981,495,0,0,0.011969071850118997
4190,806,860,0,0,0.3967780391542738
4191,734,808,0,0,0.14060115084472147
4192,734,850,0,0,0.33982699645055214
4193,66,152,0,0,0.4554402573794492
4194,709,229,0,0,0.014135379827870454
4195,535,152,0,0,0.19275768989547687
4196,901,963,1,1,0.6535999675424795
4197,194,442,0,0,0.024938626258904677
4198,515,716,0,0,0.07737563170400359
4199,734,195,0,0,0.19015774898799412
4200,21,470,0,1,0.8515798402682274
4201,905,72,1,1,0.5406866619671274
4202,375,881,0,0,0.48539721295649124
4203,505,987,0,0,0.23465615030221076
4204,70,585,0,1,0.7213216390334539
4205,674,547,0,0,0.06099782500980901
4206,241,502,0,0,0.04457420031093436
4207,143,527,0,0,0.01914274323713423
4208,301,781,0,0,0.036087135541897464
4209,405,979,0,0,0.1426772344975256
4210,117,98,0,1,0.589421036209449
4211,788,477,0,0,0.054860545935711345
4212,603,657,0,1,0.8331936790488158
4213,627,429,0,0,0.07947519948254506
4214,515,91,0,0,0.23270845739377874
4215,232,534,0,1,0.6784558886325298
4216,62,132,0,0,0.10540680527687413
4217,478,267,0,0,0.31522971316090753
4218,402,684,0,1,0.6819614045583932
4219,870,686,0,1,0.8340287764665512
4220,669,184,0,0,0.01967040997862453
4221,359,215,0,0,0.015501364857159243
4222,70,145,0,1,0.9464555711672165
4223,598,962,0,0,0.059655023020589344
4224,234,993,0,1,0.5161630351238888
4225,784,80,0,1,0.8724987858267641
4226,126,493,0,1,0.8923582722514715
4227,828,358,0,0,0.012031844408901201
4228,405,29,0,0,0.05952979415307377
4229,671,804,0,0,0.01822748930779295
4230,591,895,0,0,0.019347524249634877
4231,622,474,0,0,0.1262427145458516
4232,57,670,0,0,0.09284948362833127
4233,639,292,0,1,0.8123069846715636
4234,320,596,0,0,0.19720047311290154
4235,595,812,0,0,0.08074968078688785
4236,41,683,0,0,0.13248479828425488
4237,487,48,0,0,0.2478775710868325
4238,895,81,0,1,0.9187438407995419
4239,299,381,0,0,0.4083025920952396
4240,988,177,0,1,0.6609543136160205
4241,21,770,0,0,0.29470126286227166
4242,732,831,0,0,0.07869169678314432
4243,717,322,0,0,0.11403930671674524
4244,728,946,0,0,0.2383012599521315
4245,717,984,0,1,0.7585629898107812
4246,972,284,1,1,0.9653582737625201
4247,171,611,0,0,0.3079098987233213
4248,806,250,0,1,0.857637832738133
4249,455,665,0,0,0.19885698839565863
4250,250,780,0,0,0.11483422816779877
4251,642,0,0,0,0.010772956444958801
4252,773,103,0,0,0.37711024487705336
4253,964,463,0,0,0.1536034701651398
4254,142,897,0,0,0.020859835965878686
4255,48,79,0,1,0.5800800817452436
4256,155,920,0,1,0.838217931384859
4257,129,285,0,1,0.7467663323373336
4258,861,926,0,0,0.045264991019001985
4259,806,407,1,1,0.9450786133602643
4260,546,612,0,0,0.04166330563131793
4261,385,723,0,1,0.7443113207235565
4262,825,707,0,0,0.024430661453261768
4263,142,433,0,1,0.5433426608512083
4264,766,994,1,1,0.9776884387822177
4265,510,215,0,0,0.18513009032660646
4266,153,291,0,0,0.02643482331224452
4267,959,510,0,0,0.21350198981591112
4268,934,347,0,0,0.12910873317053115
4269,882,922,1,1,0.7418998981767412
4270,656,487,0,0,0.012750168811726149
4271,515,293,0,1,0.6463547318103272
4272,121,956,0,0,0.09666829302704805
4273,190,936,0,0,0.03726642799107925
4274,841,692,0,1,0.5454048163344962
4275,186,513,0,0,0.20617755038798352
4276,932,735,0,0,0.018610524441700863
4277,774,898,0,0,0.01324002331645156
4278,818,760,0,0,0.04042747177612366
4279,561,772,1,1,0.9633493143125524
4280,817,707,0,1,0.6798232009589844
4281,104,487,0,1,0.8412356146383902
4282,741,385,0,0,0.010191974935476562
4283,920,240,0,0,0.02700457774479196
4284,124,582,0,1,0.8079931126736877
4285,194,563,0,0,0.16668677115983777
4286,854,426,0,0,0.3659264446175409
4287,667,668,0,0,0.3756525133770685
4288,288,86,0,0,0.030418451743072766
4289,349,246,0,0,0.0813706671610839
4290,578,505,0,0,0.07534325762048694
4291,663,133,0,0,0.01838578043232293
4292,406,51,0,0,0.022993975714165994
4293,843,181,0,0,0.02271839206875712
4294,648,85,0,0,0.18368963455608256
4295,378,648,0,0,0.010064109614051076
4296,406,887,0,0,0.0211562090590642
4297,624,431,0,0,0.3795404667635115
4298,119,966,0,0,0.02152364598484142
4299,833,582,0,1,0.8370937188429349
4300,441,545,0,0,0.02285974381096456
4301,384,685,0,0,0.10010047351552126
4302,959,357,0,0,0.05575020577459647
4303,675,579,1,1,0.8810041915610859
4304,483,514,1,1,0.9317922214397351
4305,792,701,0,0,0.007004962828214222
4306,197,726,0,1,0.5968119382409205
4307,277,87,0,0,0.018902152509885688
4308,126,855,0,0,0.2885978735509608
4309,616,229,0,0,0.353225325058802
4310,491,147,0,0,0.1398404499488797
4311,536,325,0,0,0.04165162207274571
4312,905,158,0,0,0.06578775721764375
4313,210,965,0,0,0.4113296615693533
4314,107,516,0,0,0.015866324913636168
4315,134,45,0,0,0.24723118225460847
4316,174,671,0,0,0.09272482180169965
4317,486,995,0,0,0.10869041443253803
4318,37,893,0,0,0.020096382143691638
4319,296,724,0,0,0.011590563834070054
4320,356,910,0,0,0.3842281782031056
4321,207,210,0,0,0.15749411296485447
4322,145,563,0,0,0.015884186162582407
4323,885,996,0,1,0.5321860458639771
4324,250,295,0,1,0.8866428889085084
4325,568,619,0,1,0.7520045183518478
4326,188,260,0,0,0.1073694119695174
4327,77,574,0,0,0.023836560593052336
4328,254,23,0,0,0.019292919209178836
4329,896,523,0,0,0.0323598604468609
4330,314,137,0,0,0.09356914016821535
4331,200,57,0,1,0.6857394336991032
4332,244,118,0,1,0.5184984760129899
4333,22,787,0,0,0.020766347495037543
4334,12,559,0,0,0.019956931632286692
4335,122,136,0,0,0.2742507928326632
4336,571,243,0,0,0.14544656580706705
4337,30,241,0,0,0.11792633888948066
4338,0,156,0,1,0.6796159509088998
4339,5,25,0,0,0.15809865284702782
4340,625,969,0,0,0.4451015939424811
4341,515,824,0,1,0.8865348437331567
4342,971,928,0,0,0.013261064931008768
4343,505,784,0,1,0.9435169329208769
4344,204,253,0,1,0.7178968868874371
4345,88,997,0,0,0.008785939449387594
4346,895,432,0,0,0.27255939722994604
4347,695,448,1,1,0.922290070951432
4348,343,28,0,0,0.38547840791913396
4349,551,2,0,0,0.2501953985396062
4350,568,89,0,0,0.057001316251752136
4351,423,473,0,0,0.10289133477128744
4352,977,819,0,0,0.12214776611177089
4353,625,836,0,0,0.21591636838173556
4354,218,979,0,0,0.27729772777769746
4355,747,532,0,0,0.055509477313200196
4356,799,254,0,0,0.0866115125047939
4357,833,152,0,0,0.47708610257364
4358,179,861,0,0,0.3111322446375366
4359,675,920,0,0,0.32315926472172773
4360,52,837,0,0,0.022001211639033694
4361,873,747,0,0,0.062017268059332095
4362,465,889,0,0,0.40744608149727235
4363,547,480,0,0,0.2912351228272616
4364,463,206,0,0,0.3290645490493911
4365,628,689,0,1,0.7244268770795645
4366,547,713,0,0,0.03412223187686406
4367,556,480,0,0,0.28425205663684233
4368,736,262,0,1,0.6489629932220505
4369,927,99,0,0,0.02155831244786929
4370,274,939,0,0,0.050250472792024506
4371,475,863,0,0,0.03941266664986073
4372,583,585,0,0,0.05442871718723431
4373,646,439,0,1,0.6879948384150326
4374,308,217,0,0,0.37700209097846776
4375,692,9,0,0,0.3092514949209356
4376,80,66,0,0,0.02158386633755294
4377,518,239,0,0,0.48999085543675763
4378,956,656,0,1,0.6687072177963652
4379,951,753,0,0,0.011634577835730998
4380,146,939,0,0,0.3026857259375299
4381,135,873,0,0,0.04962447332797044
4382,838,797,0,1,0.847854337037168
4383,268,3,0,0,0.08830057537338615
4384,606,820,0,0,0.14736604016653065
4385,614,760,0,0,0.45811094123300883
4386,70,308,0,1,0.9207158495809539
4387,965,517,0,0,0.04560656829043455
4388,180,964,0,0,0.030747082248540898
4389,486,331,0,1,0.5789947296258897
4390,730,824,1,1,0.7785565749569001
4391,489,354,0,0,0.09442419951926886
4392,428,475,0,0,0.03955520493480895
4393,235,77,0,0,0.043699328233098134
4394,989,870,0,0,0.0809185587435572
4395,510,819,0,0,0.014204753803471325
4396,363,294,1,1,0.9281909692216821
4397,932,513,0,0,0.040837492132621965
4398,800,661,0,0,0.021713226159263202
4399,543,196,0,0,0.42160042324055547
4400,97,221,0,0,0.14184732081656704
4401,567,517,0,0,0.008549274582849185
4402,521,352,0,0,0.011792132762378123
4403,274,922,0,0,0.04409362143686357
4404,37,410,0,0,0.25193203786247065
4405,763,577,0,1,0.5715932527802668
4406,611,495,0,0,0.05523216628569674
4407,35,684,0,0,0.022164439845473866
4408,72,254,0,0,0.08771413717282897
4409,815,767,0,0,0.010289946101937902
4410,125,184,0,0,0.09867513983473873
4411,648,916,0,0,0.16565603815712843
4412,735,113,0,0,0.1303567271245628
4413,410,792,0,0,0.2507458300153866
4414,534,775,0,0,0.1388418971154859
4415,874,514,0,1,0.7808138422311892
4416,265,251,0,0,0.20168596356763469
4417,970,514,0,0,0.014632967392526773
4418,362,23,0,0,0.04777454460414818
4419,638,604,0,0,0.06159504879545029
4420,146,632,0,0,0.03470544907526658
4421,98,14,0,1,0.5331437615725759
4422,95,563,0,0,0.034857116209344535
4423,541,122,0,0,0.24439854658815954
4424,192,619,0,1,0.6756980956679512
4425,233,29,0,1,0.62690259150019
4426,352,901,0,0,0.46047043386604924
4427,238,911,0,1,0.9283765767158887
4428,260,414,1,1,0.9757528148852345
4429,744,680,0,0,0.06960114098291036
4430,988,289,0,0,0.13452562643694188
4431,64,936,0,0,0.013129399006622654
4432,819,117,0,0,0.03336071791708877
4433,807,763,0,0,0.011887036108471674
4434,121,588,1,1,0.8152185358427331
4435,792,255,0,1,0.6541356602144803
4436,272,327,0,1,0.5422821810682141
4437,810,755,0,0,0.0793133400632045
4438,431,499,1,0,0.4286216526577104
4439,528,39,0,0,0.15080427553101008
4440,921,329,0,0,0.01929660970877657
4441,601,614,1,1,0.666798640371318
4442,785,177,0,0,0.04297383536807393
4443,956,389,0,0,0.144577258473449
4444,84,231,0,1,0.7660768264978629
4445,112,723,0,0,0.21979100947009755
4446,345,566,0,0,0.013569035191700473
4447,917,218,0,1,0.72409116589925
4448,146,644,1,1,0.59843848258649
4449,149,964,0,0,0.033731633890836
4450,368,970,0,0,0.06861871588867502
4451,175,994,0,0,0.027093953570069183
4452,545,667,0,0,0.018914027691809228
4453,807,755,0,0,0.017439590434980647
4454,356,106,0,0,0.01177153559844655
4455,770,703,0,0,0.033756715994837344
4456,990,118,0,0,0.08189362096022651
4457,71,583,1,1,0.896758009525688
4458,509,774,0,0,0.02477163054475303
4459,376,947,0,0,0.14130197173973755
4460,259,459,0,0,0.009047773041103156
4461,432,47,0,0,0.014877421586318015
4462,606,760,0,1,0.8532351450614375
4463,343,492,0,0,0.08501682735071012
4464,684,240,0,0,0.021521509037314028
4465,325,341,0,0,0.012439190235828432
4466,683,799,0,0,0.28830883016033976
4467,358,462,0,0,0.41197790141757146
4468,911,300,0,0,0.015762539567732572
4469,134,361,0,0,0.4779145744936768
