pair_id,label,probability,prediction
29607392514#5163452200,0,0.15084007,0
2061441544#4514271066,0,0.45039716,0
1401982309#4945702240,0,0.14959349,0
2060192911#2060192915,0,0.22541662,0
2016866277#2056078364,0,0.2780117,0
4450888165#1423044582,0,0.012821214,0
109765155485#111110399548,0,0.21304952,0
4624086112#3395466908,0,0.011441684,0
3929215225#1659519065,0,0.011115013,0
2115678997#4435566465,0,0.011397587,0
1431887069#2054699471,0,0.31663334,0
4735432768#2057573219,0,0.011201214,0
4998365450#3108657350,0,0.55954576,1
2183968048#1456843034,0,0.012030543,0
4526688599#4035397646,0,0.087174505,0
2055946129#5194366020,0,0.23239726,0
2162682667#4658956014,0,0.24535616,0
3046447657#4219594137,0,0.14092635,0
2640338192#2063888292,0,0.012217682,0
4057038032#5010064143,0,0.01153039,0
5210263415#5210259386,0,0.30069423,0
4735432768#2057552209,0,0.3471774,0
227607176751#4548461997,0,0.011642225,0
114693583065#2061309885,0,0.0109234555,0
2283920901#4514271066,0,0.17363824,0
1425598204#4077027238,0,0.26020145,0
1659951159#1780636692,0,0.5662134,1
1401982309#4698569942,0,0.19049802,0
3285703159#3072525687,0,0.012383785,0
3474743878#3816455026,0,0.012383785,0
138960910846#1656969937,0,0.011050795,0
391306865273#4256622048,0,0.012194133,0
1639325148#5199216301,0,0.012053779,0
3053472155#2137028345,1,0.5689697,1
1316070394#1319944364,0,0.29818472,0
392281366488#4283786658,1,0.58470106,1
1537709306#3591598898,0,0.01335085,0
2163161399#2055581605,0,0.012264914,0
2640338192#2150886701,0,0.011642225,0
4206177048#4946289727,0,0.30683848,0
4436356008#4159034451,0,0.20032291,0
4947650145#4261128456,0,0.011755131,0
2071864814#2070691342,0,0.27052838,0
124657516337#44498925795,0,0.30808613,0
90189177932#69609155599,0,0.34673482,0
4425561518#3770456617,0,0.44526565,0
1487584016#3054084564,0,0.012649318,0
4636508851#4232728984,0,0.012359919,0
4176537188#4356117363,0,0.011961098,0
4532035181#364662576302,0,0.30793005,0
1417009342#1354017991,0,0.5615154,1
3816455026#4108649868,0,0.5664982,1
4199527734#37959222365,0,0.012455653,0
4165151066#4470296934,1,0.53465044,1
5210259474#5210260401,0,0.5419695,1
314601336135#4448697469,0,0.012030543,0
3972742243#3903280573,0,0.33220208,0
152713369272#2455894769,1,0.26650044,0
3319075608#4538332005,0,0.012053779,0
4720990746#4720990747,0,0.2782568,0
1634250118#2117971399,0,0.25506523,0
2119478248#2114716134,1,0.5621915,1
3230219871#5121642074,0,0.0130707845,0
4425561518#4425561412,0,0.3209809,0
4742698844#2058531412,0,0.011938039,0
1637980981#2118643101,0,0.012970388,0
4529171819#4698569942,0,0.01189205,0
3446029032#3742463975,0,0.22194037,0
4790633062#2297005450,0,0.12352414,0
2059124838#3806980943,0,0.011869121,0
4024663252#4454799835,0,0.011309892,0
1456843034#1590408241,1,0.42113516,0
4479070818#4705427870,0,0.011508149,0
1347237190#2296451977,0,0.011508149,0
3927439605#4188977524,0,0.16940589,0
69055008791#90189177932,0,0.2224467,0
2063888292#2063878463,0,0.011419616,0
4256981120#4232666143,0,0.28086287,0
4465664542#4188896319,0,0.012217682,0
1410164195#69282286107,0,0.1431278,0
3870637640#1634282666,0,0.012624948,0
1778986389#2120518542,1,0.18705843,0
1661790023#2055601072,0,0.22686929,0
3578109143#3761153782,0,0.58102083,1
1558033119#3972742243,0,0.011397587,0
2162682667#1762522969,1,0.35499188,0
1537709308#4111311078,0,0.012407694,0
4451089335#4448830722,0,0.024330191,0
1354017991#2118965491,1,0.3170561,0
4506633524#1592367367,0,0.22185604,0
2114438559#2136847331,0,0.04890318,0
4261128456#4261128452,0,0.12315456,0
1656969942#2026258519,0,0.013795364,0
4356117363#3017056355,0,0.014392335,0
2068611560#3591598898,0,0.011732466,0
138961977066#156277076551,0,0.35125542,0
4206201723#3648903741,0,0.0118005965,0
4774992939#90189177932,0,0.011642225,0
4623017083#1639394625,0,0.0124797,0
4636382579#4636508851,0,0.20521657,0
5169257472#5169252712,0,0.2232077,0
7161173338#5123189265,0,0.12415989,0
3053472155#3081986781,0,0.36057344,0
2060836540#3926963318,0,0.012053779,0
156276503685#2061441544,0,0.011353657,0
4272887201#4272885125,0,0.30741,0
4691126574#4448697469,1,0.5818527,1
4774992939#2165145983,0,0.012053779,0
3402256673#4680095395,0,0.011050795,0
1434305170#1320992608,0,0.310224,0
2058531412#138960910846,0,0.011375601,0
1535646713#1637980981,1,0.28303766,0
370314330573#492316061640,0,0.55208695,1
3913419748#3580539229,1,0.5771081,1
2359474749#3016942950,1,0.56113964,1
4589775642#3836992879,1,0.5675771,1
2183428945#2181531828,0,0.57602036,1
2057120532#2057186115,0,0.2567388,0
5210263415#4070427569,0,0.01107216,0
4636143697#4945702240,0,0.32434237,0
3249354040#2359474749,0,0.0120770605,0
4327866563#6633392282,0,0.091544405,0
2180579787#2119388082,0,0.3541538,0
2118643101#18466210670,0,0.011179602,0
4774992939#4451342506,0,0.011353657,0
1417009342#4529171819,0,0.011823394,0
1416827061#1431851220,0,0.35303777,0
2070627808#1778563595,0,0.011915022,0
1780636702#1716261756,0,0.5698826,1
146778888902#2359348328,0,0.091463216,0
1403216308#309312101477,0,0.012407694,0
212394033260#167570408533,0,0.5543951,1
1667001955#2059124992,1,0.22584318,0
4623972834#4196030610,0,0.570107,1
3934681694#4860360403,0,0.25312182,0
14613461654#2455842713,0,0.27889466,0
1830525975#1818675501,0,0.56264216,1
3060607943#1556785910,0,0.011309892,0
4256906448#107725296889,0,0.011732466,0
1965402836#1733350200,0,0.0111580305,0
3591598900#1805614122,0,0.011846237,0
4226659635#3881629589,0,0.0127472645,0
53263231637#53263277044,0,0.25795195,0
4212827921#4057038032,0,0.012455653,0
2640338192#4219594127,0,0.011961098,0
2057186102#3926967278,1,0.54513437,1
302839388028#4524153991,0,0.01200735,0
4455655369#4451089335,0,0.39934304,0
3644272514#3683502845,0,0.17575017,0
4034038494#1372557160,0,0.011597362,0
4272137501#1347237190,0,0.012698199,0
2061673563#1430988070,0,0.2525684,0
4420971756#29299658960,0,0.016721146,0
121528725386#3601857963,0,0.012053779,0
4553673830#4768693982,0,0.01102947,0
2057186102#2055946129,0,0.011869121,0
4808240601#4720990747,0,0.18447348,0
2292556895#4526688596,0,0.013273888,0
202581283129#2296537627,0,0.22988081,0
3551952830#1537709308,0,0.5491873,1
2128656141#1885490974,1,0.56754714,1
2060192915#2027457810,0,0.018159512,0
3766757689#4673557611,1,0.21891975,0
4532014296#4526688599,0,0.26507115,0
4755359264#3766757689,0,0.23039988,0
237523614768#18468082722,0,0.012870749,0
5210259474#2067179166,0,0.012053779,0
3648903741#3081986781,0,0.011485952,0
1500161456#5076405390,0,0.0127472645,0
5078702464#208339001895,0,0.011619772,0
4129173722#4435666805,0,0.011574996,0
3836576451#11087571368,0,0.01200735,0
4226781300#14613455236,0,0.011266297,0
3285703159#178615973311,0,0.011777842,0
4454799835#1639901072,0,0.012995414,0
4157551094#4179651570,0,0.26010746,0
81553005637#5031079827,0,0.2741084,0
114693583065#5194366020,0,0.011008186,0
4530026055#4272885125,0,0.012771868,0
4623934568#309312102749,0,0.19759925,0
2059397275#3077307902,0,0.2418921,0
3712801411#3046447657,0,0.011597362,0
2183428945#4435586554,0,0.010986943,0
1434312727#1479236028,1,0.32530618,0
2088554701#2739075334,1,0.014842417,0
53263277044#53263229623,0,0.5013428,1
4524153991#2062285767,0,0.5758564,1
4111311078#3931049291,0,0.2524762,0
314601336135#14613464513,0,0.011687259,0
5169252503#4624086112,0,0.012945405,0
3017056355#4317041484,0,0.017883008,0
1932250238#2088439298,0,0.57965326,1
1429413488#2057685237,0,0.26010746,0
2111038059#3023688258,0,0.58519006,1
2057146445#2112891471,0,0.11576064,0
203654552716#3986575237,0,0.0118005965,0
156277076551#18466210670,0,0.012288597,0
5210263415#5352675624,0,0.26312575,0
3245545040#3580539229,0,0.21411571,0
4090681438#1307874587,0,0.41219,0
2671772709#4254790911,0,0.24359743,0
173652977366#167570408533,0,0.28766775,0
3986575237#3287633018,0,0.012455653,0
3995923367#3052165975,0,0.01102947,0
4285709207#2007329552,0,0.0118005965,0
4065724850#1401982309,0,0.5666481,1
2058531416#2057082463,0,0.06992183,0
4357742929#4878082767,0,0.2943671,0
4973150488#2455842712,0,0.2786983,0
1727736762#1727736761,0,0.22927627,0
4327866563#2058563113,0,0.011266297,0
1429413488#2056156370,0,0.5702266,1
4529171819#4877560558,0,0.012821214,0
5163452200#12910266318,0,0.017242776,0
492316061640#436617713935,0,0.20434189,0
2055601072#2058663034,0,0.0135061005,0
4385184737#88520940864,0,0.011777842,0
2061352093#2063572073,0,0.011441684,0
1639325148#1483087858,1,0.5647587,1
3683502845#3446029032,0,0.24967586,0
2296451977#4643809596,0,0.01096574,0
4020730390#4155642921,0,0.34111595,0
2027457633#2027457810,0,0.3069943,0
4777051438#2051253311,0,0.013096004,0
1565925308#1778986389,0,0.20793757,0
3591598898#3903280573,0,0.544476,1
2115880476#4435792377,1,0.5834852,1
1667001955#4386494215,0,0.15863001,0
4529171819#4529171947,0,0.09790669,0
4642512906#2112250533,0,0.011508149,0
47752312088#52346437064,0,0.56816125,1
3836992879#1537709306,0,0.012312326,0
1818675501#1659519065,0,0.30146486,0
3591598898#1833697097,0,0.01170984,0
1830525975#4716857454,0,0.012870749,0
2027839123#4241366976,0,0.38557708,0
3978215502#4506633524,0,0.011179602,0
3052760872#5210259386,0,0.01153039,0
3926963318#4185429549,1,0.07821887,0
117277915830#4897862520,0,0.011823394,0
2359572372#3903289669,1,0.56787676,1
1701593387#3641396498,0,0.011732466,0
4530026053#4542321633,1,0.56910443,1
4256725997#4657354263,0,0.5663484,1
1639275755#2640338192,0,0.013273888,0
29607898384#4591638149,0,0.012870749,0
1902954948#81902710995,0,0.2263558,0
4052058734#3816455026,0,0.29088014,0
2296451977#5210263415,0,0.070623666,0
2111818909#4511530729,0,0.2822951,0
2359474749#2268287413,0,0.27791372,0
4662517140#25405387739,0,0.3144188,0
117154450703#1592253963,0,0.011050795,0
4624086112#2359572372,0,0.012895588,0
4386494215#4385184631,0,0.3024426,0
4157551094#2118643101,0,0.010818449,0
4346970606#4034038494,1,0.3454088,0
4720990749#4720990746,0,0.56798154,1
2113712804#4448697469,0,0.25404602,0
1778563597#1638853392,0,0.56531376,1
3972742243#3601857963,0,0.14294825,0
7161172305#7026230674,0,0.1649868,0
1905948078#2059483876,0,0.19459729,0
4720990748#4720990746,0,0.5666331,1
5194582482#1590527066,0,0.26640502,0
1708981181#4071233134,0,0.011441684,0
81902710995#60367620373,0,0.32076812,0
4242849949#1430988070,0,0.21011725,0
1711846546#1394299795,0,0.57214016,1
1372557160#1780636702,0,0.012312326,0
4470296934#4212827921,0,0.01189205,0
1920503864#4529171819,0,0.011136502,0
314601953357#2060189370,0,0.012312326,0
2063878463#3446029032,0,0.011375601,0
2058494409#7026230674,0,0.011961098,0
4242891248#14613461654,0,0.012053779,0
4455408499#3120043199,0,0.15386674,0
1696577548#1659951159,0,0.26913345,0
1965402836#4776817109,0,0.011008186,0
1479236023#1479236024,0,0.29269636,0
2054733437#1914706723,0,0.1480472,0
4530026053#4165151066,0,0.011597362,0
2117931367#2057858826,0,0.011574996,0
2062633327#1888052788,0,0.011331754,0
2058278464#3706865825,1,0.60507005,1
2071864814#4435666805,0,0.26488096,0
2113093450#4623017083,0,0.5497464,1
2065023444#2073668282,0,0.5086737,1
2661092323#4448830722,0,0.012123755,0
4348295931#2122362220,0,0.2612367,0
4824054256#41375214069,0,0.011777842,0
3903280586#69282286107,0,0.0123361,0
1592367367#1453532038,0,0.0112445615,0
14613465315#14613466961,0,0.5313082,1
1667001955#2128656141,0,0.01153039,0
156117434515#2057082379,0,0.4981842,0
25244788647#3836676657,0,0.0111580305,0
4181867888#4716857454,0,0.013171949,0
2740883313#4808238795,0,0.011331754,0
3836576451#4469027502,0,0.012053779,0
4242696539#4242891248,0,0.25050005,0
2056478070#1712570793,0,0.011984203,0
4215038721#4451124293,0,0.013636835,0
4451288784#3606108939,0,0.013096004,0
4256622048#4256981120,0,0.56065863,1
14613464513#379478718058,0,0.011869121,0
1430989592#1430988070,0,0.109801196,0
2183968048#2183428945,0,0.5787458,1
4742698844#11087571368,0,0.044931643,0
4897454823#4451342506,1,0.5220356,1
4077473357#4534359957,0,0.011179602,0
4897454517#4261185678,0,0.56291246,1
5194366020#2059124838,0,0.2717829,0
1701470611#156116289986,0,0.0112445615,0
5199216301#3934681694,0,0.011331754,0
227607176751#1319944364,0,0.01200735,0
4548461997#4076081471,0,0.32530618,0
2298730254#4538335537,0,0.01096574,0
1778563595#1727736761,0,0.54009014,1
1431887069#314601336135,0,0.012030543,0
4823801269#4323500487,0,0.5523888,1
4346970606#307410722133,0,0.08166611,0
3487828519#3501315747,0,0.2776688,0
4774992939#4636522140,0,0.23629588,0
1920503864#3927439605,0,0.0118005965,0
146011937628#146011948003,0,0.5579055,1
156277076551#18465721026,0,0.12236581,0
76198377822#4043193319,0,0.23678085,0
2114390938#4444948728,0,0.25054586,0
4589830735#4532014296,0,0.011397587,0
18466354888#1483087859,1,0.57439476,1
90189177932#69055007639,0,0.349727,0
4633378534#156273955489,0,0.0124797,0
4465664542#4454799835,1,0.5723643,1
4442900590#4077473357,0,0.5689847,1
4860360403#302839388028,0,0.017275907,0
1667001955#303433622485,0,0.011961098,0
3290768654#2947790103,0,0.27810973,0
1859920904#2067179166,0,0.0120770605,0
4219594137#4206201723,1,0.56916434,1
2058531412#4589775642,0,0.011050795,0
1483087858#4469027502,0,0.2919388,0
1659519065#156276601478,0,0.2539535,0
1394416929#1556785910,0,0.10079008,0
4285709207#4260680249,0,0.5456186,1
2159160651#3043036534,0,0.5777634,1
1877399023#4435792377,0,0.011869121,0
1646205905#2113439579,1,0.1336412,0
1431930648#2112891471,0,0.17518501,0
2359113449#3120043199,0,0.026105914,0
2070627808#1434305170,0,0.01102947,0
4945702240#2073669601,0,0.22669801,0
2059124838#2057898501,0,0.24635199,0
10553947604#2051966916,0,0.012576347,0
3988152389#167570408533,0,0.011331754,0
1639253622#3072525687,0,0.012241275,0
3083904084#2292556895,0,0.012503792,0
1434312727#4584646241,0,0.0120770605,0
430837878381#1425598204,0,0.025858777,0
156273955489#4623934568,0,0.16647206,0
4878579203#106190147770,0,0.18513554,0
3972742243#4623972652,0,0.011687259,0
3601857963#3591598900,0,0.5785226,1
2061244620#1592253963,0,0.37350443,0
2113712804#4636041770,0,0.2473051,0
2057112219#3075628047,0,0.011266297,0
5062861485#3973253490,0,0.011115013,0
1912538880#4272843119,0,0.22143486,0
2115880476#4386494215,0,0.011961098,0
3474685542#3474743878,0,0.57351416,1
1483087859#1639325148,1,0.2132133,0
7161173338#4776817109,0,0.32386106,0
227607176751#3050152494,0,0.011508149,0
3946838650#4020730390,0,0.012288597,0
173652977366#492316061640,0,0.012053779,0
4450784429#4509158303,0,0.30450684,0
3946838650#4168332323,0,0.55346006,1
1914706723#4241366976,0,0.01217063,0
3395466908#2051253311,1,0.56902957,1
190330815066#4356117363,0,0.0127472645,0
2112250533#1816512025,0,0.2645483,0
6633440508#3806980943,0,0.0121003855,0
18466601978#156117434515,0,0.16059488,0
4031814900#4261128452,0,0.01155267,0
1600123318#3926963318,0,0.52776533,1
4451342530#2115678997,0,0.011777842,0
4878082767#4242891248,0,0.28407922,0
4232666143#29607392514,0,0.014559518,0
4451124293#3319075608,0,0.019606182,0
90189177809#88520940864,1,0.5647887,1
2050840604#3809186919,1,0.55921483,1
3610178183#4215038721,0,0.011419616,0
3023688258#1727736762,0,0.013584394,0
2068602973#2296537627,0,0.35742733,0
4323500487#2114390938,0,0.0112445615,0
4823801269#4590516328,0,0.011642225,0
2283920901#4401898255,0,0.2520157,0
4643809596#5194366020,0,0.011664719,0
3806980943#4274235353,0,0.010986943,0
5210259474#5210259386,0,0.34931073,0
1565925307#1905948078,1,0.2495844,0
135028851546#4444948728,0,0.25655252,0
2175800284#4241366976,0,0.43995032,0
5185595733#10553947604,0,0.011687259,0
2063873633#4538335537,0,0.011331754,0
1425289196#4643943359,0,0.011375601,0
2068611560#2070627808,0,0.5734545,1
1646205905#2057211704,0,0.23318209,0
3629624977#2057573219,0,0.25706506,0
1318626251#2060836540,0,0.011397587,0
76198377822#4808238795,0,0.011288074,0
2054699471#2057146445,0,0.19767669,0
2058563113#4532035181,0,0.012722708,0
117755505510#1600123318,0,0.012194133,0
2070686849#1712137054,0,0.29052773,0
1712570793#1638853392,0,0.3055419,0
4705427870#2281691154,0,0.012241275,0
3628839717#3628839716,0,0.5783589,1
4529171819#2060836540,1,0.42313018,0
1659951159#1659519065,0,0.56977785,1
90189177932#69607735174,0,0.43305218,0
3451234547#3628839716,0,0.5647887,1
3926963318#3652959253,0,0.5617408,1
2056078364#1432014682,0,0.011397587,0
69609155599#69607735174,0,0.38549033,0
3986575237#4205424867,0,0.012600625,0
373850284448#3602134198,0,0.011732466,0
2057082463#4420971756,0,0.011288074,0
3929215225#2054733437,0,0.012920473,0
5067776785#4992689820,0,0.5207096,1
3441097472#203654552716,0,0.011331754,0
4897862520#1558033119,0,0.012241275,0
110232280082#178615973311,1,0.22380088,0
3053472155#4665681736,0,0.24689631,0
2088554701#5010064143,0,0.27129996,0
2119398744#2065023449,0,0.012600625,0
4241366976#1416528046,0,0.46828336,0
1639412951#3487828519,0,0.012945405,0
18467669365#5354187271,0,0.011050795,0
1483087858#1639324466,1,0.24046232,0
2058278464#314601336135,0,0.012895588,0
3415143762#5060996735,1,0.24113183,0
1696577548#1780636692,1,0.20442131,0
4823801269#4572636292,0,0.37139305,0
2111818909#5067776785,0,0.30959746,0
60367620373#11087571368,0,0.046291903,0
3474743878#4277564473,0,0.012312326,0
4768693982#121528725386,0,0.23335676,0
4452060617#1614597826,0,0.011755131,0
4810275464#4623934568,0,0.012552118,0
208339001895#109765155485,0,0.32156652,0
3591598900#3903280567,0,0.46796805,0
3896058143#2117971015,0,0.012217682,0
46983614517#4316999113,0,0.011375601,0
2338131041#2339749085,0,0.34637544,0
7161172305#5123189260,0,0.23819561,0
4572636292#4589929428,0,0.012288597,0
3761484186#2057352941,0,0.0111580305,0
3418808231#2283920901,0,0.55632424,1
5076405390#3083904084,0,0.013480104,0
4998365450#2111818909,0,0.535311,1
1347237190#2296574953,0,0.0123361,0
4792436579#4036848581,0,0.011485952,0
4635981164#2296451977,0,0.011050795,0
18466210670#18466354888,0,0.013096004,0
2076366005#5123189265,0,0.0123361,0
4261128456#564144132292,0,0.011642225,0
3474685542#3578109143,0,0.31216028,0
2063873633#492316061640,0,0.011777842,0
4705427870#4285617569,0,0.01243165,0
156117434515#76198377822,1,0.22601397,0
4808180492#1639394625,0,0.01335085,0
2027839123#4425561412,0,0.24117649,0
2061673701#5031079827,0,0.25888768,0
3903280567#3903280573,0,0.54184073,1
2007329552#126501897635,0,0.011136502,0
7026230674#1834023606,0,0.019456575,0
391306865273#2114279054,0,0.0127472645,0
3993296567#3072524524,0,0.56973296,1
146011948003#232579778763,0,0.56277734,1
2056727309#4202053398,0,0.07185127,0
4943818903#3993041966,0,0.013299493,0
4005134611#2119398744,0,0.06903793,0
2051966916#2058663075,0,0.562537,1
2058663034#2055581605,0,0.012503792,0
3860775024#2056156370,0,0.56595856,1
3993041966#4414530598,0,0.011642225,0
1906908670#2077171978,1,0.54933846,1
2057146445#1592253963,1,0.57060057,1
1590547354#1665894324,1,0.21692252,0
3050152494#4241366976,0,0.01214717,0
2068602973#2075393157,0,0.036185976,0
2057986140#4705427870,0,0.011755131,0
4944579314#5194582482,0,0.042127114,0
2055626030#2055626033,0,0.31132215,0
3995923367#5134159053,0,0.012123755,0
4385184737#2340035845,0,0.26189685,0
1446739157#3054084564,0,0.24373244,0
3972766136#2281691154,0,0.043731883,0
3915411982#3056884476,0,0.011136502,0
407966480507#10553947604,0,0.01155267,0
109765155485#117755505510,0,0.24207121,0
2055946248#2066535766,0,0.013222822,0
4327866563#18466601978,0,0.011115013,0
1847716478#173652977366,0,0.011642225,0
3319075608#4215027256,0,0.22669801,0
4705583754#3249354040,1,0.56037295,1
2120518542#3706865825,0,0.0127472645,0
1640284457#2011670508,0,0.274935,0
1316070394#2740883313,0,0.0127472645,0
14613460476#2055298458,0,0.012123755,0
1318626251#1710182160,0,0.18469398,0
4274235353#3766757689,0,0.012030543,0
4720990747#2057202352,0,0.011938039,0
2671772709#3045580653,0,0.011597362,0
4584646241#370314330573,0,0.011397587,0
114401992972#4673557611,0,0.011375601,0
2111818909#4992689820,0,0.28388065,0
2078213282#3633495980,0,0.01200735,0
2057685237#1660889815,1,0.4416053,0
4774992939#135028851546,0,0.5593352,1
4285617569#4206304466,1,0.57373816,1
3986575237#2183428945,0,0.0123361,0
3972766136#4205424867,0,0.013325147,0
2138881484#4636041774,0,0.21675667,0
3077743360#81553005637,0,0.012455653,0
1759198091#2060189370,0,0.24853417,0
2115678997#4259293142,0,0.013402404,0
3926741754#3729925561,0,0.011050795,0
436617713935#455581610977,0,0.32761452,0
81553005637#14613476507,0,0.010986943,0
4285709207#4286394339,0,0.25302953,0
69054998391#69055007639,0,0.57695913,1
2059483876#3485676898,0,0.012796518,0
2061673563#3487828531,0,0.015043661,0
4623788579#3601857963,0,0.011869121,0
3915411982#4254790911,0,0.36900237,0
2016866279#4297145562,0,0.0120770605,0
3551952830#4286394339,0,0.011938039,0
3591598893#3903280567,0,0.34690073,0
4448830722#4455655369,1,0.57214016,1
1805614122#3046471496,0,0.0123361,0
2061244620#2112891471,0,0.55680627,1
1667032705#1778796425,0,0.56585366,1
25244788647#364662567901,0,0.011222866,0
2059483876#1565925307,0,0.23717815,0
2026258519#2119388082,0,0.5981068,1
4943818903#14190297481,0,0.3246635,0
4589929428#4447023801,0,0.24126586,0
4636382579#2297005450,0,0.011093566,0
29299658960#249652232743,0,0.011288074,0
4838534990#392281366488,0,0.040426936,0
4768693982#110232280082,0,0.22354653,0
249652232743#303433622485,1,0.5714378,1
2088554701#232579778763,0,0.25562227,0
1902954948#4952427189,0,0.01214717,0
2117967935#1416827061,0,0.5444835,1
2060062994#4883922403,0,0.20979328,0
4241366976#4176537188,0,0.012030543,0
4185429549#4755359264,0,0.19231172,0
2297005450#5163452200,0,0.38390112,0
4450784429#4391918874,0,0.5972262,1
1859920904#1743052872,0,0.06518703,0
1780636692#1479236023,0,0.24785088,0
5163452200#4944512773,0,0.24341756,0
4202053398#1417015453,1,0.1744806,0
3445564730#3043036534,0,0.21717145,0
18466601978#2661092323,1,0.1561049,0
3913419748#2136847331,0,0.013146586,0
2061309885#2056513884,1,0.57871604,1
4205424867#3075628047,0,0.3342634,0
4526688596#2268304430,0,0.013171949,0
4065797638#4065797640,0,0.31462938,0
2057858826#2057112219,0,0.012264914,0
29299658960#5163452200,0,0.19307129,0
2059125338#1316070394,0,0.012264914,0
3993296567#2523741989,0,0.019889742,0
2359348328#3016942950,0,0.15791446,0
2268304430#3706927247,1,0.3002324,0
167570408533#4031814900,0,0.010902373,0
1565925307#4165151066,0,0.0112445615,0
1492507866#455581610977,0,0.012995414,0
5010064143#7026230674,0,0.012030543,0
4260680249#4165151066,0,0.040087357,0
2051253311#1592367367,0,0.012698199,0
1417009342#2113439579,0,0.33279812,0
107725296889#4451342522,0,0.5549077,1
46983614517#1510345157,1,0.5638433,1
3993041966#1430989592,0,0.0140907345,0
4792436579#3988152389,0,0.19345194,0
2063572073#2062633327,1,0.57754004,1
3415143762#124657516337,0,0.01324833,0
1758869231#2074388205,0,0.011508149,0
4808180492#4261128456,0,0.011309892,0
3108657350#4947650145,0,0.011179602,0
5209073343#114693583065,0,0.012673735,0
4150903702#3289002505,0,0.011136502,0
2057898501#3023688258,0,0.57276756,1
2058531416#4261128456,0,0.012455653,0
1430988070#2359113449,1,0.3380225,0
1712570793#436617713935,0,0.012698199,0
4944579314#2123106282,0,0.011869121,0
4242849949#3052760872,0,0.042364195,0
4623972652#1640284457,0,0.035310794,0
2058531416#2058531412,0,0.5616206,1
2056156370#2165015488,0,0.012194133,0
3913419748#4705583754,0,0.1582394,0
2058531416#4254790911,1,0.5575442,1
2016866277#2016866279,0,0.57509595,1
117755505510#1746603523,0,0.011050795,0
1456843034#3055561351,0,0.011419616,0
1655427579#2065699619,0,0.012383785,0
4346970606#4070427569,0,0.021267017,0
3652959254#3973253490,0,0.0127472645,0
4705427870#1565925308,0,0.012771868,0
2070691342#4435666805,0,0.41041657,0
5022594784#3742463975,0,0.0112445615,0
2073669601#4804117479,0,0.13695431,0
1565925307#1778986389,0,0.22177178,0
1920503864#2122362220,1,0.32364726,0
2057146445#1639901072,0,0.0137158735,0
4451288784#3809186919,0,0.011115013,0
3474685537#3081749686,0,0.011309892,0
1316070394#167570408533,0,0.0130707845,0
4442900590#3445905086,0,0.3106421,0
4506633524#2070025653,0,0.012722708,0
1492507866#1638853392,0,0.011664719,0
1403216308#1684806079,0,0.23581158,0
3761484186#3077307902,0,0.011485952,0
3072525687#1415554755,0,0.011938039,0
4808240616#60367620373,0,0.012407694,0
2055626034#1759198091,0,0.5623868,1
2055581605#3055561351,1,0.12163357,0
2056478070#3641396498,0,0.012123755,0
1640284457#4206177048,0,0.23057307,0
2296537627#18467725403,1,0.5752003,1
1944864795#4065797638,0,0.011115013,0
1665894324#1429413488,0,0.011984203,0
4226659634#4226659635,0,0.5720655,1
2056078364#1743052872,0,0.32076812,0
3032272329#4436356008,0,0.27708158,0
1639325148#1932250238,0,0.28160313,0
114693583065#3235756553,0,0.01155267,0
54158054598#2054699471,0,0.0109234555,0
2054733437#1708981181,0,0.011115013,0
4808238795#1634250118,0,0.011222866,0
4592596123#2114279054,0,0.012920473,0
3249354040#3913419748,0,0.24880788,0
3269719212#3081749686,0,0.01096574,0
90189177809#87008148161,0,0.48585886,0
2055946129#2059124838,1,0.26265267,0
4636446230#4420971756,1,0.5641735,1
4606793746#4511530729,1,0.3719347,0
4165283827#4206201723,0,0.5566933,1
4553673830#11087571368,1,0.20252204,0
237523614768#4584646241,0,0.012649318,0
4589775642#3913554478,0,0.30125928,0
5062861485#4385069368,0,0.0111580305,0
2051253311#2115880476,0,0.012503792,0
7161172305#41375214069,1,0.24404758,0
18466522141#152713369272,0,0.08173938,0
109165560395#111110399548,0,0.30321574,0
3496048657#3287633018,1,0.33966333,0
3474685537#3578109143,0,0.29538235,0
3287136303#3120043199,0,0.01155267,0
167570408533#2027457805,0,0.0109234555,0
11087571368#53263277044,0,0.24544656,0
2088439298#1634282666,0,0.10141132,0
4272885125#2057573219,0,0.0121003855,0
219547393842#4031814900,0,0.011179602,0
1558033119#2298730254,1,0.5717965,1
4705427870#4455408499,0,0.011201214,0
4623972652#14613461654,0,0.0112445615,0
156116289986#2340035845,0,0.01153039,0
2068654074#29298304831,0,0.54548246,1
3993041966#4451089335,0,0.24386746,0
4804117479#4168332323,0,0.26927757,0
4530026053#4530026055,0,0.30574915,0
4226659634#4256906448,1,0.31758496,0
4354044382#4425561518,0,0.14866412,0
3926967278#14613460476,0,0.011353657,0
1667288610#4415227218,0,0.011664719,0
4705427870#3926741754,0,0.012312326,0
1303518148#2066246683,0,0.27284724,0
2060042758#4077027238,0,0.011288074,0
2059125338#4878579203,0,0.012698199,0
5169257472#124657516337,0,0.01200735,0
2058531416#4256622048,0,0.012503792,0
2059125338#4526652844,0,0.27498367,0
18468580547#18466210670,0,0.011664719,0
4878261986#4998365450,0,0.012053779,0
4226659635#4232471781,0,0.570436,1
1492507866#2070686849,0,0.011485952,0
1929467433#5209073343,0,0.2968071,0
1882929309#2066246683,0,0.5569569,1
2060836540#4327866563,0,0.077587515,0
1762522969#3949154929,0,0.38911122,0
212771874474#4260680249,0,0.012217682,0
1877399023#109165560395,0,0.011869121,0
4479070818#4323500487,0,0.3106944,0
4129059855#110232280082,0,0.0123361,0
4698569942#4297145562,0,0.5627322,1
4532014296#3836676657,1,0.56859547,1
3032272331#3032272329,0,0.3568388,0
6013639039#2067179166,0,0.012053779,0
4077027238#4036848581,0,0.5726929,1
1812202957#1701593387,0,0.013636835,0
2071751695#156116289986,0,0.26803038,0
135028851546#3621799271,0,0.24862541,0
1483087859#4590233117,0,0.56813127,1
52346437064#4943818903,0,0.17342815,0
4451342522#4451342506,0,0.5687751,1
2117971015#3474685542,0,0.013584394,0
1727736761#1778563597,0,0.22867283,0
364662576302#370314330573,0,0.31168866,0
2060189370#1759198080,0,0.1769559,0
4219594137#4165283827,0,0.28041926,0
3580539229#3249354040,0,0.26621416,0
2115678997#52346437064,0,0.012359919,0
237523614768#4680095395,1,0.2744972,0
1394299795#2088439298,0,0.011938039,0
2111346464#4716857454,0,0.013558245,0
3230219871#2662986035,0,0.012217682,0
3942084480#1726591551,0,0.24171305,0
2058663034#2058663075,0,0.54062074,1
4479096850#4897454488,0,0.5665432,1
1565925308#2297005450,0,0.012030543,0
14613460476#4471122121,0,0.011309892,0
2165015488#2119398744,0,0.28861922,0
2114390938#4952427189,0,0.25460163,0
2117967935#1432014682,0,0.5555935,1
4065724850#1639412951,1,0.56156045,1
18466210670#18465721026,0,0.1595445,0
315728832242#2111350136,0,0.012527932,0
3715785447#1660889815,0,0.01153039,0
4226781300#415654814203,0,0.012383785,0
4590516328#4589929428,0,0.58284724,1
4414530598#2027839123,0,0.27610457,0
3245545040#3629624977,0,0.27043205,0
492316061640#415654832276,0,0.15475886,0
4323500487#4572636292,0,0.5658386,1
3836576451#4526688598,1,0.5702266,1
2296537627#4636143697,0,0.0121003855,0
4636041770#4636508851,0,0.22000709,0
2112891471#2057202352,0,0.2512341,0
117154450703#189546061243,0,0.20561504,0
114693583065#3045566056,0,0.011938039,0
4206177048#3050152494,0,0.011309892,0
1659519065#1320992607,0,0.01214717,0
2159160651#3461052410,0,0.19821934,0
2061244620#2057146445,0,0.25418487,0
11087571368#50602309472,0,0.3435344,0
1655427579#14613461939,0,0.012123755,0
1727736762#1634282666,0,0.14541851,0
18468695966#202581283129,0,0.31163633,0
69054998391#1834023606,0,0.014392335,0
2114438559#1640284457,0,0.28601965,0
4862024152#4316370583,1,0.3769098,0
3986575237#156276503685,0,0.011619772,0
4952427189#4444948728,0,0.389924,0
245814065042#379478718058,0,0.05037733,0
4757328062#370314330573,0,0.25321412,0
3926963318#3973253490,0,0.07613248,0
152713369272#2455800880,0,0.011288074,0
25244788647#3395466908,0,0.011331754,0
54158062043#54158063899,0,0.012455653,0
107725296889#4479096850,1,0.5436053,1
2165145983#1326198016,0,0.5170451,1
81902710995#3441097472,0,0.012503792,0
5185595733#4155642921,0,0.0120770605,0
3926967278#3474685537,0,0.012217682,0
5067776785#4828653957,1,0.2739627,0
5210260401#3289002505,0,0.012698199,0
415654814203#436617713935,1,0.5699125,1
1932250238#1590408241,0,0.01214717,0
1778563595#2057986140,0,0.011485952,0
2268287413#146777938215,1,0.57255846,1
7161173338#7161172305,0,0.22704059,0
3806980943#4215038721,0,0.011823394,0
4451089335#4165922067,0,0.011309892,0
2092610536#1736318365,0,0.07921033,0
4454799835#4451124306,0,0.22807053,0
146778888902#1914706723,0,0.011732466,0
307410722133#203654552716,1,0.5546212,1
3240377870#4777051438,0,0.22755514,0
2056727309#3683502845,0,0.01200735,0
3949154929#2162682667,0,0.16906264,0
3612961288#4636522140,0,0.012455653,0
2281691154#4272137501,0,0.14909723,0
3269719212#2092610533,0,0.26807827,0
1847716478#54158093151,1,0.5487188,1
3050152494#4506633524,0,0.011961098,0
3525475722#14613461654,0,0.31085128,0
1417015453#1646205905,0,0.22076216,0
4129059855#4452060617,0,0.4174941,0
4442444769#212771874474,0,0.0112445615,0
4945702240#3580539229,0,0.011309892,0
4509158303#4391919171,0,0.31352484,0
18467669365#5206198663,0,0.011331754,0
2060192911#407966480507,0,0.011375601,0
2111038059#2059125338,0,0.5645637,1
4052058734#2092610533,0,0.011984203,0
1446739157#190330815066,0,0.012796518,0
3017056355#4357742929,0,0.28781784,0
2061673563#4071233134,0,0.011353657,0
14613476507#2057082463,0,0.56529874,1
4447023801#4633378534,0,0.2504542,0
4272843119#4317041484,0,0.011397587,0
1552378116#3946838650,0,0.57534945,1
1932250238#4532035181,0,0.012624948,0
4471122121#50602309472,0,0.30007854,0
4261128456#3016942950,0,0.012053779,0
3934681694#14613588147,0,0.2848246,0
2050840604#1736318365,0,0.031678624,0
1423044582#4946289727,0,0.2554365,0
3652959254#3806980943,0,0.0121003855,0
2065023459#1415554755,0,0.011915022,0
3418808235#1834169653,0,0.2919893,0
4161509156#4636446230,0,0.01155267,0
2136847331#1423044582,0,0.011687259,0
4548461997#4534359957,0,0.3114792,0
2070691342#4219594137,0,0.31058982,0
4436356008#4591638149,0,0.012821214,0
1590527066#3060607943,0,0.22652687,0
4705583754#2066977172,0,0.011441684,0
1701470611#1479236024,0,0.011419616,0
1592253963#5352185903,0,0.011732466,0
3395466908#4862024152,0,0.013636835,0
14613588147#4792436579,0,0.011777842,0
4242891248#4705427861,0,0.35418174,0
1859920904#3578109143,0,0.13011953,0
2119478248#4705427870,0,0.010986943,0
1394299795#1634250118,1,0.37848777,0
1906908670#2065023459,0,0.2761534,0
1479236024#4643941609,0,0.013532149,0
3896058143#3862453322,0,0.55311304,1
4226659634#1920503864,0,0.011093566,0
4285709207#4165151066,0,0.0111580305,0
3836576451#4018083310,0,0.57276756,1
4150903702#4065797638,0,0.22755514,0
1712137054#2075628492,0,0.077030234,0
1774582761#3633495980,0,0.011961098,0
200569781240#1614597826,0,0.01107216,0
5078702464#3712801411,0,0.014227046,0
4542321633#5194582482,0,0.012870749,0
4024663252#2067179166,0,0.012845959,0
2122362220#4260680249,0,0.25326028,0
2016866285#4470296934,0,0.28982374,0
1723151709#1634250118,0,0.3517285,0
4451342522#4261185678,0,0.55874836,1
29607898384#2070627808,0,0.011288074,0
109165560395#2219112205,0,0.012241275,0
4673557611#4755359264,0,0.3129996,0
183335907108#4327866563,1,0.13111758,0
4944512773#29298304831,0,0.26109537,0
2055581605#117755505510,0,0.013096004,0
2359572372#2119398744,0,0.2923932,0
4720990746#1558033119,0,0.011375601,0
4226659635#5123189260,0,0.011485952,0
3926963318#1549897545,0,0.01217063,0
3715877024#2111350136,0,0.01200735,0
1812202957#88520940864,0,0.012698199,0
2181531828#2026258520,1,0.34281904,0
364662567901#455581610977,1,0.20252204,0
1425598204#4897454517,0,0.012895588,0
7026230674#5123189260,0,0.34820172,0
1759198080#90189178714,0,0.01214717,0
3289002505#1780636702,0,0.011353657,0
2058663034#4323500487,0,0.011201214,0
1483087858#4590185312,1,0.15578355,0
2119493181#3050152494,1,0.4715141,0
364662567901#364662576302,0,0.56316775,1
4470296934#2016866277,0,0.011485952,0
4316999082#10553947604,0,0.011375601,0
2138881484#4415227218,0,0.012053779,0
5123189260#4776817109,0,0.27139652,0
4624086112#4070427569,0,0.4726226,0
1639275755#4232666143,0,0.0111580305,0
2111350136#14613588147,0,0.010944578,0
4205424867#2070691342,0,0.012312326,0
4642512906#1416827061,0,0.012312326,0
69055007639#69607735174,0,0.57219994,1
1778563595#2027839123,0,0.011375601,0
1372557160#5185244731,0,0.012312326,0
4720990746#156276503685,0,0.30280328,0
2113093450#4944579314,0,0.32729194,0
90189177932#88520940864,1,0.5639184,1
2063706226#4643941609,0,0.533669,1
2059397275#4242849949,0,0.01214717,0
18468082722#302839388028,0,0.012576347,0
2113439579#2118965491,0,0.55727315,1
4878082767#4242696539,0,0.23868324,0
3415143762#4272887201,0,0.27590945,0
3418808231#3418808235,0,0.30824226,0
4643941609#2068602973,1,0.57995063,1
2051253311#2073668282,0,0.011266297,0
364662576302#1537709306,0,0.0120770605,0
4256981120#4256725997,0,0.5620563,1
1634250118#4691126574,0,0.011331754,0
3020557801#4883922403,0,0.011288074,0
2113712804#2138881484,0,0.5725883,1
4465664542#4451124306,0,0.01243165,0
4636508851#4589775642,0,0.0118005965,0
3415143762#1912538880,0,0.28917092,0
2057352941#4643943359,0,0.0111580305,0
4297145562#4111311078,0,0.011136502,0
5194366020#2055946248,0,0.1727293,0
2051966916#2060290691,0,0.27904198,0
2180579787#2183428945,0,0.5757371,1
2054699471#2061244620,1,0.57078,1
2176434538#3896058143,0,0.011008186,0
4952427189#3621799271,0,0.40911752,0
1716261756#1834023606,0,0.35776386,0
4526688599#4530026055,1,0.57730174,1
302839388028#18466522141,0,0.011664719,0
3903289669#2165015466,0,0.5316805,1
4317041484#3648904752,0,0.36871824,0
4188896319#1906908670,0,0.01189205,0
2062285767#81553005637,0,0.011687259,0
2283920901#4705427870,0,0.011619772,0
1558033119#69607735174,0,0.0111580305,0
2113439579#2114048932,0,0.48613328,0
2098280462#2176434538,0,0.080069266,0
3075634363#2063572073,0,0.01170984,0
5199216295#5352185903,1,0.57512575,1
3862453322#1805614122,0,0.013610589,0
1667032705#2060189370,0,0.16351222,0
4742698844#53263229623,1,0.25160173,0
4272887201#1912538880,0,0.5336937,1
1659951159#1818675501,0,0.26564226,0
3496048657#91686025987,0,0.011755131,0
2098280462#373850283306,0,0.011642225,0
3451234547#3578109143,1,0.5744246,1
2080829137#126501897635,1,0.28209728,0
2067179166#4643943359,0,0.011136502,0
2671772709#2058531412,0,0.28522262,0
146778888902#3016942950,0,0.011687259,0
4090681438#4454799835,0,0.0111580305,0
109765155485#110232280082,0,0.2180027,0
4272887201#3729925561,1,0.56682795,1
2058278464#1708981181,0,0.011938039,0
3551952830#2058258958,1,0.37759805,0
4526688596#4530026053,0,0.24940154,0
4584646241#4450784429,1,0.36755398,0
2092610536#2092610533,0,0.46128857,0
2057211704#2057120547,0,0.011619772,0
2088439298#117277915830,0,0.011846237,0
1592253963#2061309885,0,0.27904198,0
2065699619#373850284448,0,0.011846237,0
4636041774#2113712804,0,0.01217063,0
2075628492#2073668282,0,0.5421816,1
117154450703#114453608394,0,0.29971972,0
3081986781#3045580653,1,0.5584775,1
2112250533#1696577548,0,0.27342886,0
4538332005#2175800284,0,0.012053779,0
1434312727#1434305170,0,0.56834096,1
4451089335#3988152389,0,0.011664719,0
3441097472#3245545040,0,0.011266297,0
1403216308#2054736144,0,0.31584147,0
1456843034#4188977524,0,0.01102947,0
2120525705#4442444769,0,0.01200735,0
4665681736#3081986781,0,0.28701782,0
3809186919#3269719212,0,0.106411695,0
3451234547#2026258519,0,0.011823394,0
1847716478#3240377870,0,0.013454153,0
2150886701#2063706226,0,0.011309892,0
3578109143#4624086112,0,0.011201214,0
3648904752#4272887201,0,0.31362993,0
3648904752#3415143762,0,0.22151904,0
3903280586#3602134198,0,0.3798671,0
2055946248#2026258520,0,0.013532149,0
3942084480#3995923367,0,0.21378724,0
4635981164#2117967935,0,0.258326,0
2113288221#14613465315,0,0.011419616,0
69055007639#4878082767,0,0.011485952,0
18466354888#1492507866,0,0.22151904,0
2175800284#4414530598,0,0.25390726,0
4454799835#4070427569,0,0.011179602,0
1888052788#2079578434,0,0.011664719,0
4897454517#107725296889,0,0.3282602,0
2065023444#4623972652,0,0.01170984,0
18467725403#202581283129,0,0.34221423,0
109165560395#1639412951,0,0.011136502,0
5199216300#4897862520,0,0.012624948,0
18468082722#156274815378,0,0.3034737,0
3926967278#2057120547,0,0.19852991,0
1920503864#4286394339,0,0.09285216,0
90189178714#90189177809,0,0.56481874,1
4272885125#3632560565,0,0.014531522,0
4205438611#4810275464,1,0.28947213,0
5123189260#7161173338,1,0.31032848,0
4511530729#4705427861,0,0.01189205,0
5022594784#1877399023,1,0.41380283,0
4386494215#3903280581,0,0.011574996,0
2296537627#18468687381,0,0.5558572,1
2162682667#2292556895,0,0.012359919,0
4283786658#1905948078,0,0.014172365,0
3632560565#3441097472,1,0.2593095,0
5199216301#5210259474,1,0.5768102,1
2063878463#2111346464,1,0.27105868,0
2066977172#4768693982,0,0.013584394,0
4435586554#4316999113,0,0.28175133,0
2054734592#1410164195,0,0.012455653,0
2092610533#1487584016,0,0.012895588,0
1727736762#5134159053,0,0.16006899,0
4898730640#5067776785,0,0.3429015,0
2061673563#4680095395,0,0.011732466,0
492316061640#4532035181,0,0.3090237,0
121528725386#1929467433,0,0.011463797,0
2068602973#2071751695,0,0.5777932,1
4878579203#379478718058,0,0.022911694,0
18468687381#4447023767,0,0.011353657,0
2063572073#4261128456,0,0.011397587,0
4768693982#197910587768,0,0.19852991,0
3949154929#4658956014,0,0.24287842,0
4024663252#4215038721,0,0.011508149,0
2070686849#2077171978,0,0.31473467,0
3972766136#4157551094,0,0.273041,0
2114716134#1394299795,0,0.011732466,0
3513178266#2050429337,0,0.01170984,0
3363359849#3232083339,0,0.13454832,0
2059125338#2057898501,0,0.58613795,1
4642512906#2297005450,0,0.2797793,0
1875282048#5210259474,0,0.013795364,0
1416827061#25244788647,0,0.0123361,0
2739075334#109165560395,0,0.013045614,0
564144132292#4261128452,0,0.011179602,0
3363374184#76198377822,0,0.23988312,0
2119398744#3978215502,0,0.011397587,0
4755359264#4757328062,1,0.30585283,0
4285709207#3903289669,0,0.0120770605,0
174006932062#109165560395,0,0.2247353,0
4623788579#4274235353,0,0.012407694,0
3927439605#4838534990,0,0.0118005965,0
1912538880#5060996735,0,0.38537464,0
3120043199#2118416856,0,0.2697582,0
1888052788#4452060617,0,0.011179602,0
4242849949#2115678997,0,0.28170192,0
3915411982#2065023444,0,0.011597362,0
2016866285#2016866277,0,0.5718712,1
2057186168#3648904752,0,0.011441684,0
2057120532#2057211704,0,0.01107216,0
5199216301#5210263415,0,0.2885691,0
4242891248#4878261986,0,0.27052838,0
4020730390#1932250238,0,0.10975348,0
4455408499#4992689820,0,0.0123361,0
2057275313#1318626251,0,0.18520923,0
370314330573#455581610977,0,0.44857347,0
1446739157#5194582482,0,0.39676917,0
4072366761#4256622048,0,0.013584394,0
18466354888#4469027502,0,0.27517843,0
117873856741#124657516337,1,0.4234133,0
5022594784#3903280581,0,0.01200735,0
2057120547#2057186102,0,0.2608599,0
1320992607#1434305170,1,0.57130325,1
2118416856#5031079827,0,0.24894479,0
4150903702#4188977524,0,0.15259965,0
4636522140#3913554478,0,0.0111580305,0
3913554478#69055007639,0,0.011463797,0
4590233117#1483087858,0,0.57160217,1
2016866279#2119493181,0,0.29803148,0
18468580547#5169253299,0,0.013146586,0
4720990747#4808180492,0,0.45979616,0
2268304430#2359348328,0,0.33382893,0
2055626034#2055626031,0,0.56040305,1
1415554755#1416528046,0,0.5548022,1
2065023453#2065023449,0,0.30486888,0
4077027238#2063057962,0,0.011984203,0
1535646713#2007329552,0,0.011441684,0
4623017083#2068611560,0,0.06872476,0
3766757689#4774992939,0,0.012053779,0
2027457633#2113712804,0,0.043813635,0
18468580547#5185244731,0,0.012552118,0
1780636692#1830525975,0,0.4087487,0
3287136303#2181531828,0,0.20204929,0
2055946129#3445564730,0,0.013902058,0
3053472155#5185595733,0,0.2724115,0
1549897545#3072525687,1,0.3044551,0
3986575237#3446029030,0,0.012241275,0
197910587768#5121642074,1,0.5666481,1
3648903741#4272885125,0,0.5686105,1
4662517140#2114390938,0,0.23231015,0
87008148161#18465721026,0,0.011331754,0
314601336135#4450888165,0,0.011222866,0
4108649868#3860775024,0,0.57487214,1
4643943359#4623017083,0,0.3051794,0
4790633062#4808238795,0,0.2790911,0
4354044382#1415554755,0,0.25224587,0
415654832276#436617713935,0,0.5662584,1
18466601978#4825375981,0,0.011961098,0
3652959254#3652959253,0,0.30938876,0
1403216308#309312102749,0,0.011331754,0
1944864795#4065797640,0,0.0112445615,0
1830214692#4385069368,0,0.012123755,0
3729925561#1912538880,0,0.2359436,0
1762522969#46983614517,0,0.011846237,0
2947790103#190330815066,0,0.011463797,0
4589830735#1639325148,0,0.012030543,0
3706927247#3706865825,0,0.0120770605,0
29299658960#29607898384,0,0.23541585,0
4590516328#4479070818,0,0.21625972,0
2061441544#3632560565,0,0.0153063545,0
3934681694#6013639039,0,0.011642225,0
4452228094#3881629589,0,0.01200735,0
6013639039#18468580547,0,0.011136502,0
4242849949#2118416856,0,0.28897023,0
1479236025#1479236024,0,0.28407922,0
1780636692#4090681438,0,0.011266297,0
4776817109#7161172305,0,0.2163425,0
3652959254#1592367367,0,0.22789863,0
4530026055#4532014296,0,0.23057307,0
2054736144#3988152389,0,0.012771868,0
2177416829#1743052872,0,0.30766997,0
2071793223#1833697097,0,0.012217682,0
4274088675#4254790911,0,0.55889887,1
2063572073#1710182160,0,0.21141681,0
1479236025#1479236023,0,0.2732834,0
2050581826#1614597826,0,0.012241275,0
4071233134#4735432768,0,0.011093566,0
1906908670#2056513884,0,0.011008186,0
4108649868#3249354040,0,0.012288597,0
25244788647#4636508851,0,0.01153039,0
210012116583#2118643101,0,0.012053779,0
3770456617#1415554755,0,0.2677431,0
5210259474#2057146445,0,0.011375601,0
2055626031#1759198080,0,0.5658236,1
1432014682#1416827061,0,0.56035787,1
3230219871#1403216308,0,0.5676969,1
2165145983#2055601072,1,0.55983156,1
4777051438#3075628047,0,0.011642225,0
1944864795#174006932062,0,0.012821214,0
2077171978#4705427870,0,0.011732466,0
2268304430#373850284448,0,0.011619772,0
3363374184#14613465315,0,0.011463797,0
4405823723#4202053398,0,0.011266297,0
2062633327#1708981181,0,0.011419616,0
2060192915#2054733437,0,0.0120770605,0
1875282048#4005134611,0,0.012576347,0
2117967935#5199216300,0,0.010944578,0
3761153782#3474685542,0,0.29355633,0
4150903702#3927439605,0,0.13034077,0
14613476507#4261128452,0,0.031888988,0
4018083310#3836676657,0,0.24657871,0
3836992879#245814065042,0,0.011687259,0
3033446767#4018083310,0,0.011179602,0
5354187271#5352185903,0,0.35678276,0
406088738482#4590233117,0,0.011664719,0
3245545040#3249354040,0,0.58704084,1
4277564473#4454799835,0,0.014227046,0
3052165975#4212827921,0,0.011823394,0
2181531828#2026258519,0,0.3280449,0
4401898255#3761484186,0,0.011463797,0
1816427371#1723151709,0,0.14110379,0
4254790911#4111311078,0,0.28452632,0
9746294364#4188896319,0,0.010986943,0
4450968363#69607735174,0,0.0121003855,0
4943818903#4757328062,0,0.3213535,0
1592253963#1431887069,0,0.3962434,0
5210263415#5210260401,0,0.39795306,0
4129173722#3032272329,0,0.011419616,0
5123189265#5094736780,0,0.35913932,0
2055626033#1778796425,1,0.37019694,0
5194582482#4897454517,0,0.012217682,0
1535646713#2080829137,0,0.011755131,0
370314330573#2063839578,0,0.01170984,0
4259293142#4728076352,0,0.19475038,0
1403928333#2056520022,1,0.276886,0
3451234547#3474685542,0,0.5225991,1
3913410158#4735432768,0,0.24662407,0
2740883313#1905948078,0,0.01214717,0
2296451977#2068611560,0,0.23722236,0
4534359957#1655427579,1,0.57128835,1
18468687381#18468695966,0,0.57376796,1
2058531416#2671772709,0,0.5104641,1
5010064143#1656969942,0,0.049267832,0
1639253622#2073669601,0,0.19329962,0
1656969937#1656969942,0,0.56799656,1
5206198663#5185595733,0,0.5744097,1
2359113449#1830525969,0,0.0121003855,0
2078213282#232579778763,0,0.011222866,0
2671772709#2059109005,0,0.56902957,1
3612961288#2065699619,0,0.011823394,0
2054699471#2056513884,0,0.5677269,1
25405387739#4952427189,0,0.31832618,0
2063873633#4436356008,0,0.18068421,0
1805614122#1431851220,0,0.012600625,0
1434312727#1320992607,0,0.3070982,0
2062633327#4883922403,0,0.4084832,0
4451124306#4451124293,0,0.0145035805,0
5169252503#4031814900,0,0.011179602,0
2338916683#3551952830,0,0.20769641,0
2359348328#2118416856,0,0.011375601,0
2455894769#3287633018,0,0.012383785,0
3644272514#3445905086,0,0.095771484,0
4455408499#2118416856,0,0.24229525,0
4451342506#4219594137,0,0.011463797,0
2076366005#3240377870,0,0.011353657,0
2661092323#4385184737,0,0.012030543,0
4414530598#4425561518,0,0.2644533,0
4202053398#1805614122,0,0.011508149,0
4385184631#415654832276,0,0.012264914,0
1430988070#4824054256,0,0.011375601,0
3903280581#3601857963,0,0.40248016,0
4165922067#4401898255,0,0.5352047,1
3240377870#3870637640,0,0.011115013,0
1479236027#1552378116,0,0.2552508,0
4391919171#2296574953,0,0.013096004,0
189546061243#208339001895,0,0.53449863,1
4590185312#1639324466,1,0.577272,1
2183963548#2183968048,0,0.57130325,1
4538335537#4538332005,1,0.6033185,1
4538335537#2117971015,0,0.011331754,0
5169252503#1434312727,0,0.011353657,0
4386494215#4442900590,0,0.01153039,0
1905948078#5067776785,0,0.011419616,0
3761153782#3474685537,0,0.28836867,0
4720990747#4509158303,0,0.0112445615,0
2016866285#1743052872,0,0.3790623,0
3602134198#3903280573,1,0.55811626,1
2114048932#2056727309,1,0.28731766,0
4065797640#3487828531,0,0.3022881,0
2066246683#2092610533,1,0.28343415,0
1318626251#1600123318,0,0.012920473,0
4804117485#4168332323,0,0.2177531,0
2058531412#2026069710,0,0.010860332,0
3931049291#3846877365,0,0.012624948,0
4165922067#3418808235,0,0.55734843,1
3290768654#3363359849,0,0.09227797,0
2060192911#1403216308,0,0.020824393,0
1816427366#4209814745,0,0.012217682,0
4524153991#2117967935,0,0.2758119,0
4606793746#5067776785,0,0.52051157,1
1510345157#4071233134,0,0.012123755,0
3415143762#3729925561,0,0.30933657,0
4034038494#1637980981,0,0.0111580305,0
2092610536#2070627808,0,0.011136502,0
3474685542#3436663620,1,0.24762337,0
5206198663#3081986781,0,0.27096224,0
2114716134#2113288221,0,0.3368217,0
5060996735#117154450703,0,0.011179602,0
3108657350#4511530729,0,0.32305968,0
2055626033#1759198091,0,0.5633179,1
2947790103#564144132292,0,0.011201214,0
3978215502#4524153991,0,0.011664719,0
2281691154#2523741989,0,0.56977785,1
4828653957#4705427870,0,0.011375601,0
1661790023#1492507866,0,0.012288597,0
4584646241#4511530729,0,0.011463797,0
4897454823#4181867888,0,0.011687259,0
2026258520#2183968048,0,0.25404602,0
2050429337#4206201723,0,0.5396201,1
4202053398#1646205905,0,0.14116298,0
4623934568#309312101477,0,0.1682411,0
4450968363#4385069368,1,0.56648326,1
1816427371#1727736761,0,0.21403357,0
6013639039#2296451977,0,0.28378138,0
1759198080#1667032705,0,0.20347004,0
4526688596#4526688599,0,0.56706774,1
5010064143#146011948003,1,0.5705557,1
1410164195#1905948078,0,0.20545557,0
2292556895#436617713935,1,0.57890946,1
4215038721#4215058789,0,0.011419616,0
2298730254#2058563113,0,0.011115013,0
2057352941#3363359849,0,0.018475594,0
4624086112#44498925795,0,0.2594502,0
2114716134#4526688598,0,0.011353657,0
18466354888#18468082722,0,0.57212526,1
4828653957#1639253622,0,0.01155267,0
1425598204#4052058734,0,0.51719844,1
4643943359#2296451977,0,0.15778464,0
2340035845#4209814745,0,0.011687259,0
1326198015#2060290691,1,0.57288706,1
2071751695#202581283129,0,0.2943671,0
126501897635#37959222365,0,0.0118005965,0
4206201723#2071864814,0,0.5607037,1
232579778763#1656969942,0,0.12776141,0
1885490974#1372557160,0,0.011823394,0
1326198015#1326198016,0,0.112551324,0
1556785910#1320992608,0,0.010944578,0
4943818903#2163161399,0,0.011664719,0
5163452200#1425289196,0,0.0343263,0
4202053398#2057573219,0,0.012527932,0
1684806079#2060192911,0,0.14300808,0
455581610977#364662576302,0,0.55822164,1
2066535766#1431851220,0,0.513779,1
4636446230#2175800284,0,0.011823394,0
564144132292#146778888902,0,0.011485952,0
3487828531#1903466347,0,0.012796518,0
18468687381#2071751695,1,0.57704854,1
4465664542#4090681438,0,0.011938039,0
2057898501#2111038059,0,0.5549981,1
3652959254#3926963318,0,0.3205022,0
10175162517#2662986035,0,0.011179602,0
3045566056#1549897545,0,0.2921912,0
4425561412#4354044382,0,0.3598139,0
5210263415#5352185903,0,0.23005375,0
4261128452#2111038059,0,0.011732466,0
4215038721#111110399548,0,0.012217682,0
4043193319#2118643101,0,0.012217682,0
4589775642#3474743878,0,0.0118005965,0
4532035181#4590185312,0,0.012698199,0
3881629589#2057112219,1,0.57224476,1
114453608394#4526652844,0,0.012123755,0
4757328062#5094736780,0,0.0112445615,0
1903466347#1944864795,0,0.54452133,1
4538332005#4354044382,0,0.011441684,0
81553005637#1430989592,0,0.28646857,0
1778563597#4479096850,0,0.0118005965,0
4357742929#4242891248,1,0.56420356,1
2081884594#1416827061,0,0.013532149,0
14613461939#14613465315,0,0.5732305,1
1479236027#1830525975,0,0.24090852,0
4323500487#4435566465,0,0.5734545,1
4726073967#4357742929,0,0.011984203,0
245814065042#4283786658,0,0.011331754,0
2065023459#2070686849,0,0.44503203,0
4259293142#2111350136,0,0.011846237,0
1640284457#2136847331,0,0.025809621,0
3602134198#60367620373,0,0.011732466,0
3997209484#2359572372,0,0.012920473,0
3363374184#4529171819,0,0.18381329,0
4720990746#4790633062,1,0.56420356,1
1565925308#2069985286,0,0.01170984,0
138960910846#1639394625,1,0.309128,0
1888052788#2098280462,0,0.09816574,0
4401898255#3418808231,0,0.2893717,0
4877560558#4327866563,0,0.14128141,0
2165145983#1592367367,0,0.011938039,0
4897454517#5031079827,0,0.012123755,0
2175800284#1416528046,0,0.27081758,0
3606108939#1510345157,0,0.0118005965,0
54158062043#4824054256,0,0.011597362,0
1816427366#1727736762,1,0.39373463,0
1665894324#1656969937,1,0.5663933,1
11087571368#3290768654,0,0.010944578,0
2120518542#2054733437,0,0.56352806,1
2359474749#3120043199,0,0.011597362,0
4592596123#4591638149,1,0.011732466,0
2051253311#2062233925,0,0.012053779,0
4327866563#53263231637,0,0.012312326,0
4005134611#5022594784,0,0.3382684,0
2055626034#2055626030,0,0.5624319,1
4589830735#4411426624,1,0.2767394,0
2057120532#54158063899,0,0.011984203,0
2661092323#2973532517,0,0.011093566,0
232579778763#4452228094,0,0.011201214,0
114693583065#187508564338,0,0.059537493,0
1711846546#2159160651,0,0.31373507,0
14613461939#14613464513,0,0.55376166,1
4145496082#4899954714,0,0.011331754,0
1830525969#1479236027,0,0.29787827,0
3319075608#4024663252,0,0.048181534,0
1307874587#2340035845,0,0.29548398,0
5169252712#2066246683,0,0.0111580305,0
1510345157#3072564418,0,0.020884216,0
4750249486#4129059855,0,0.5607639,1
202581283129#18468687381,0,0.28502357,0
1736318365#4272885125,0,0.0130707845,0
2338131041#2117931367,1,0.2174206,0
4804117479#1552378116,0,0.49448416,0
4283786658#391306865273,0,0.026230346,0
2163161399#4181867888,0,0.01096574,0
3436663620#3046471496,0,0.013020489,0
2359474749#2268304430,0,0.5609142,1
4838534990#1667288610,0,0.011115013,0
3692826364#41375214069,0,0.24908175,0
4052058734#1429413488,0,0.12453207,0
237523614768#2081884594,0,0.012576347,0
5354187271#4636041774,0,0.012053779,0
3083904084#392281366488,0,0.06754669,0
109765155485#117154450703,0,0.55682135,1
117277915830#110232280082,0,0.27629983,0
2114279054#303433622485,0,0.01096574,0
1965402836#4450784429,0,0.01107216,0
1711846546#4020730390,0,0.011485952,0
1701593387#3913410158,0,0.0140907345,0
3591598898#4145496082,0,0.011331754,0
4202053398#4206304466,0,0.011732466,0
2016866285#1661790023,0,0.01107216,0
2176434538#4436356008,0,0.25302953,0
3418808235#4828655959,0,0.2943671,0
2117967935#302839388028,0,0.011266297,0
88520940864#4548461997,0,0.013096004,0
1431851220#4524153991,1,0.5721551,1
36551936093#3474743878,0,0.0112445615,0
1902954948#3995923367,0,0.0120770605,0
4526652844#2057898501,0,0.23691323,0
2016866279#2016866285,0,0.5744097,1
53263277044#4553673830,0,0.08555635,0
4188977524#4509158303,0,0.0112445615,0
2671772709#3052169593,0,0.011266297,0
4065797638#4188896319,0,0.23819561,0
1708981181#1416528046,0,0.012821214,0
4256906448#4643809596,0,0.0109234555,0
4755359264#52346437064,0,0.5452252,1
4006530352#3972766136,0,0.013428254,0
4633378534#4572636292,0,0.24549177,0
1758869231#7026230674,0,0.28992426,0
2057112219#3445905086,0,0.0112445615,0
114693583065#4768693982,0,0.24513018,0
1403216308#2060192915,0,0.012624948,0
117755505510#4034038494,0,0.011619772,0
2071793223#4261128456,0,0.012698199,0
183335907108#2060836540,0,0.13927926,0
2065699619#4716857454,0,0.012503792,0
3715785447#4529171819,0,0.011485952,0
4479070818#4823801269,0,0.57072014,1
2073669601#4065724850,0,0.4022747,0
37959222365#36551936093,1,0.5682511,1
314601953357#2080829137,0,0.011823394,0
314601953357#3235756553,0,0.011309892,0
4188896319#1903466347,0,0.012264914,0
2661092323#4810275464,0,0.013376605,0
455581610977#2740883313,0,0.0145035805,0
1456843034#4405823723,0,0.012217682,0
1830525969#1816512025,1,0.5628224,1
4526688596#4035397646,0,0.08733005,0
4636143697#2073669601,1,0.5757222,1
1318626251#10175162517,0,0.011093566,0
3633572726#1303518148,0,0.53831583,1
18466601978#3715785447,0,0.011687259,0
2057858826#200569781240,0,0.011869121,0
415654814203#2292556895,1,0.5674423,1
4286394339#2058258958,0,0.01170984,0
4572636292#1423044582,0,0.012359919,0
1656969937#2057120547,0,0.011201214,0
1830525975#3395466908,0,0.011508149,0
4354044382#18465721026,0,0.0112445615,0
117154450703#5121642074,0,0.14737102,0
6013639039#4348295931,0,0.011597362,0
2061673701#2061673563,0,0.2200909,0
6633440508#156276601478,0,0.29072908,0
4548461997#379478718058,0,0.012722708,0
4878261986#4705427870,0,0.277473,0
4897454823#4451342530,0,0.30481714,0
1403928333#2079578434,0,0.37519124,0
1830525969#1780636692,0,0.30290633,0
4450784429#4658956014,0,0.24301313,0
4455655369#4750249486,0,0.54923266,1
18465721026#3032272329,0,0.011687259,0
2165015488#2165015466,0,0.54775137,1
1434312727#1320992608,0,0.30409336,0
2072319821#1316070394,0,0.29335386,0
4572636292#4272887201,0,0.011597362,0
4450784429#1834023606,0,0.01217063,0
1638853392#4623017083,0,0.011732466,0
2111349786#3903289669,0,0.55579686,1
4553673830#60367620373,0,0.32289952,0
2065023459#2065023444,0,0.36857614,0
1316070394#4346970606,0,0.012624948,0
3495408683#4272885125,0,0.012722708,0
1453532038#2063888292,0,0.012624948,0
90189178714#69054998391,0,0.39913812,0
2027457633#1903466347,0,0.011915022,0
3913410158#4705583754,0,0.3728191,0
2268287413#2123106282,0,0.01200735,0
4542321633#4018083310,0,0.57511085,1
4526688599#4530026053,0,0.24558224,0
5194582482#5076405390,0,0.14282864,0
1403216308#2079578434,0,0.5476909,1
492316061640#364662576302,0,0.31426096,0
156116289986#2068602973,0,0.24662407,0
2111349786#2165015488,1,0.55588734,1
3319075608#4728076352,0,0.0111580305,0
4357742929#4945702240,0,0.011664719,0
111110399548#4575249992,0,0.011136502,0
2165015466#2119478248,0,0.34375468,0
3761484186#303433622485,0,0.011115013,0
3621799271#1401982309,0,0.011288074,0
2050840604#3633572726,0,0.01214717,0
3934681694#4188977524,0,0.011008186,0
4720990746#4261185678,0,0.011915022,0
4810275464#3706865825,0,0.012359919,0
4590516328#4572636292,0,0.13770632,0
6633440508#6633392282,0,0.011938039,0
2114390938#3621799271,1,0.13111758,0
4897454823#4643943359,0,0.011375601,0
4509158303#3578109143,0,0.011777842,0
1929467433#197910587768,0,0.011222866,0
4878082767#4705427870,0,0.19307129,0
4643943359#4944579314,0,0.28651848,0
4897454510#4897454488,0,0.567667,1
210012116583#4129173722,0,0.28106013,0
3927040910#2057186168,0,0.19620943,0
1830525969#1716261756,0,0.21700546,0
2455842713#2026069710,0,0.01189205,0
1736318365#1882929309,0,0.21239536,0
314601336135#2138881484,0,0.012895588,0
4052058734#3860775024,0,0.538805,1
1416528046#4354044382,0,0.48942724,0
4471122121#10553947604,0,0.08050193,0
4354044382#4414530598,0,0.0627892,0
1403216308#2143152116,0,0.17582092,0
2114279054#4673557611,0,0.011642225,0
2055626031#210012116583,0,0.0124797,0
379478718058#392281366488,0,0.14145923,0
1830214692#4691126574,0,0.3959222,0
4072366761#4057038032,0,0.012264914,0
2183968048#4584646241,0,0.01189205,0
2057202352#2061309885,0,0.35306564,0
5199216300#5210260401,1,0.5730812,1
4790633062#54158093151,0,0.012503792,0
1429413488#4036848581,0,0.5730812,1
4348295931#1743052872,0,0.011485952,0
14613455236#4260680249,0,0.012241275,0
4111311078#2671772709,0,0.4081293,0
3046447657#3715869354,0,0.013096004,0
3934681694#14613460476,0,0.24762337,0
3606108939#114453608394,0,0.011846237,0
4572636292#146011937628,0,0.22143486,0
2054699471#2057202352,0,0.24949297,0
3487828519#4636143697,0,0.010944578,0
1456843034#4538335537,0,0.0131973615,0
3628839717#3474685537,1,0.57249874,1
1425289196#1320992607,0,0.28522262,0
14613465315#14613461654,0,0.3347525,0
3072525687#5078702464,0,0.012312326,0
117755505510#2070025653,0,0.011574996,0
3742463975#156276601478,0,0.011463797,0
2057186168#2057120547,0,0.32530618,0
14613588147#14613460476,0,0.26473838,0
4804117479#4804117485,0,0.5526453,1
1834023606#4196030610,0,0.010881333,0
50602309472#4242891248,0,0.011050795,0
2058663034#178615973311,0,0.011732466,0
4448830722#4129059855,0,0.5547946,1
3363374184#245814065042,0,0.011823394,0
1655427579#3692826364,0,0.011823394,0
3487828519#4065797638,1,0.578969,1
436617713935#4221651134,0,0.0111580305,0
2054734592#3077307902,0,0.011732466,0
2183963548#1778563595,0,0.011508149,0
1830525975#1780636702,0,0.49479696,0
2058663034#7161172305,0,0.01102947,0
2297005450#29607392514,0,0.30321574,0
4205438611#3995923367,0,0.011222866,0
4442444769#2340035845,0,0.011485952,0
2060189370#3075634363,1,0.57296175,1
3017056355#2061673701,0,0.047824517,0
232579778763#146011937628,1,0.57326037,1
2071864814#2050429337,0,0.49260002,0
5210259474#4530026055,0,0.01096574,0
4992689820#3415143762,0,0.01102947,0
2137028345#4259293142,0,0.14928316,0
1733350200#4077473357,0,0.011093566,0
4232471781#4226659634,0,0.56463873,1
4944512773#87008148161,0,0.012194133,0
2057275313#2062633327,0,0.014145104,0
2057275313#2057146445,0,0.01200735,0
2054699471#2112891471,0,0.5470104,1
4145496082#4448697469,0,0.01189205,0
1656969942#121528725386,0,0.013795364,0
4401898255#1349608070,0,0.011938039,0
14613461939#4261128456,0,0.012600625,0
2061352093#2060062994,1,0.30808613,0
4883922403#2057858826,0,0.23519619,0
1811511062#5010064143,0,0.011869121,0
1727736762#4680095395,0,0.011732466,0
4938690872#2057082379,0,0.011375601,0
1816427366#1816427371,0,0.5684907,1
4272137501#3993296567,0,0.3083985,0
2061673701#1430988070,0,0.013584394,0
203654552716#4108691753,0,0.011441684,0
2120518542#5169257472,0,0.0121003855,0
4070427569#3290768654,0,0.011050795,0
2065023449#2070686849,1,0.5602376,1
2113288221#3633495980,0,0.012527932,0
3287136303#2183963548,0,0.056913942,0
373850283306#2455800880,0,0.010944578,0
4592596123#1308273301,0,0.011266297,0
2061673563#4455408499,0,0.22944887,0
2057202352#1592253963,0,0.3447467,0
3712801411#1403216308,0,0.011732466,0
6633440508#54158054598,1,0.3149453,0
69055008791#90189177809,0,0.16954334,0
4254790911#4176537188,0,0.5550885,1
5210259386#2455800880,0,0.011093566,0
2056478070#4643943359,0,0.36375985,0
2058663034#3285703159,1,0.5698676,1
5076405390#4720990747,0,0.011777842,0
138961977066#1537709317,0,0.01153039,0
106190147770#4838534990,1,0.56448865,1
3806980943#1533725661,0,0.012312326,0
1696577548#1816512025,0,0.25321412,0
1816512025#69609155599,0,0.012312326,0
3446029032#3446029030,0,0.16471791,0
4451342506#4897454510,0,0.35028246,0
3715240690#25244788647,0,0.25446266,0
2066977172#2050581826,1,0.55284905,1
126501897635#3913419748,0,0.011984203,0
5163452200#29298304831,0,0.40025112,0
4274088675#2058531416,0,0.388618,0
2296537627#2063706226,0,0.57663137,1
3287136303#2026258520,0,0.57306623,1
4471122121#60367620373,0,0.2243952,0
1308273301#4755359264,0,0.0124797,0
3072564418#1550894049,0,0.013795364,0
4442900590#2058531412,0,0.012895588,0
3278113988#315728832242,0,0.012288597,0
303433622485#4272843119,0,0.012264914,0
1667032705#2055626034,1,0.5467533,1
5123189265#41375214069,0,0.24476895,0
1394416929#1500161456,1,0.5623267,1
3926967278#3927040910,0,0.5498219,1
3903280581#3903280573,0,0.35479626,0
1762522969#4391918874,0,0.3172676,0
1403216308#3870637640,0,0.012123755,0
3445905086#3446029030,0,0.16505408,0
1549897545#4272137501,0,0.012600625,0
4642512906#2068654074,0,0.27279878,0
3591598900#3972742243,1,0.51298994,1
455581610977#4532035181,0,0.5463751,1
4391919171#4450784429,0,0.28041926,0
4024663252#4215027256,0,0.011331754,0
4828653957#4111311078,0,0.01200735,0
1394299795#4532035181,0,0.012552118,0
3926741754#2114049002,1,0.11546111,0
3120043199#2338131041,0,0.011266297,0
14613476507#2114716134,0,0.012359919,0
4897454517#4897454488,0,0.55921483,1
3496048657#4572636292,0,0.012673735,0
1533725661#4592596123,0,0.011309892,0
1349608070#10553947604,0,0.012030543,0
2123106282#3712801411,0,0.013045614,0
54158062043#2296574953,0,0.012576347,0
3245545040#3913410158,1,0.57320064,1
3446029032#4451288784,0,0.20426252,0
5022594784#2068654074,0,0.0109234555,0
3706927247#2056078364,0,0.011419616,0
11087571368#2119478248,0,0.011642225,0
29607898384#5163452200,0,0.18017878,0
4206201723#3072524524,0,0.011266297,0
3995923367#3495408683,0,0.55734843,1
2112891471#4623972834,0,0.0123361,0
1727736762#1549897545,0,0.012527932,0
2177416829#2016866277,1,0.16277891,0
1888052788#4436356008,0,0.45308414,0
4090681438#4385184737,0,0.25841954,0
3652959254#4506633524,0,0.22210903,0
2114049002#14613466961,0,0.011755131,0
1347237190#430837878381,0,0.011664719,0
2016866279#2056078364,1,0.3061639,0
3052760872#4232728984,0,0.09073549,0
3715877024#4031814900,0,0.45159858,0
29298304831#91686025987,0,0.27294412,0
1759198091#1667032705,0,0.38165158,0
4261128452#3715877024,1,0.0121003855,0
4129059855#4451089335,0,0.39155138,0
2115880476#3525475722,0,0.0139288595,0
2088554701#2122362220,0,0.011266297,0
1556785910#3054084564,0,0.23248433,0
2078213282#2113093450,0,0.022802636,0
3445905086#3602134198,0,0.029201292,0
1736318365#2066246683,0,0.25781178,0
4405823723#3632560565,0,0.010944578,0
1778986389#2058494409,0,0.012552118,0
6633440508#1818675501,0,0.011353657,0
2183963548#2177416829,0,0.011508149,0
1759198080#2055626033,0,0.24671479,0
2072319821#2117967935,0,0.011574996,0
4636382579#4031814900,0,0.0111580305,0
4256906448#4256981120,0,0.5644736,1
2455800880#2455842712,0,0.24716878,0
1453532038#3903289669,0,0.012527932,0
2058531416#4448697469,0,0.011508149,0
4179651570#107725296889,0,0.012288597,0
4542321633#3836676657,0,0.253168,0
1878732185#1905948078,0,0.2670735,0
4944579314#6013639039,0,0.2524301,0
14613464513#14613476507,0,0.017712297,0
18468695966#2296537627,0,0.5743351,1
3495408683#3913554478,0,0.011375601,0
4590516328#4447023801,0,0.22253115,0
4450784429#3949154929,0,0.30182487,0
4768693982#117755505510,0,0.30264866,0
4006530352#2281691154,0,0.25040838,0
4215058789#3487828531,0,0.012624948,0
5169252712#5169253299,0,0.01170984,0
5123189265#5194366020,0,0.011309892,0
3445564730#4346970606,0,0.012722708,0
3997209484#3287633018,0,0.012312326,0
4606793746#212394033260,0,0.011961098,0
3903280586#3903280581,0,0.5641285,1
2056929980#4705583754,0,0.012796518,0
3445564730#3232083339,0,0.037856843,0
1318626251#2057858826,0,0.0123361,0
1759198080#2055626034,0,0.245537,0
3836676657#4526688596,0,0.21109137,0
11087571368#1423044582,0,0.01217063,0
2027457805#2138881484,0,0.0489941,0
6013639039#4385184737,0,0.01153039,0
4077027238#4274088675,0,0.011915022,0
2138881484#4274088675,0,0.01170984,0
1434305170#1479236023,1,0.083665505,0
5010035639#309312101477,0,0.011619772,0
9746294364#2092610536,0,0.011597362,0
4506633524#3846877365,0,0.14903529,0
3742463975#4071233134,0,0.2224467,0
4317041484#3648903741,0,0.5692242,1
4065724850#4168332323,0,0.15817435,0
4590516328#4451124306,0,0.011353657,0
2027457633#1758869231,0,0.011869121,0
12910266318#4673557611,0,0.19759925,0
4526688598#4532014296,0,0.24580847,0
4658956014#4509158303,0,0.314998,0
1708981181#4415227218,0,0.011619772,0
2059124992#4385184737,0,0.20173459,0
4448697469#4168332323,0,0.4920966,0
1463883823#1614597826,1,0.30455852,0
4323500487#4215058789,0,0.011846237,0
1550894049#2114279054,0,0.012241275,0
3043036534#2092610533,0,0.015814934,0
4241366976#1415554755,1,0.540651,1
1816427366#1403928333,0,0.011915022,0
4636508845#2056478070,0,0.011266297,0
1417009342#4202053398,0,0.10946754,0
3881629589#4108691753,0,0.01153039,0
3683502845#3446029030,0,0.1193055,0
1805614122#3245545040,0,0.011777842,0
3591598898#3591598900,0,0.57066035,1
3644272514#3632560565,0,0.011266297,0
4735432768#4703840109,0,0.23344412,0
1667001955#4385184631,0,0.17931488,0
1634250118#2088439298,0,0.37233403,0
2117967935#1639901072,1,0.5552393,1
4938690872#5010035639,1,0.011093566,0
81902710995#3072564418,0,0.012407694,0
1780636702#1830525969,0,0.53142214,1
3836676657#3836576451,0,0.23458192,0
2061673563#4529171819,0,0.012649318,0
3934681694#1347237190,0,0.011938039,0
156277076551#1590527066,0,0.26213288,0
4196030610#2071751695,0,0.01096574,0
3903280573#4703840109,0,0.013045614,0
4636508851#4636041774,0,0.32428887,0
3043036534#1932250238,1,0.3601514,0
4357742929#4878261986,0,0.25077516,0
3287136303#2119388082,0,0.56508875,1
3846877365#5078702464,0,0.011309892,0
1778796425#1912538880,0,0.012312326,0
2057552209#3633495980,0,0.012194133,0
5354187271#5210259474,0,0.51240283,1
4451342530#4261185678,0,0.36122105,0
2069985286#60367620373,0,0.011508149,0
114401992972#5169252503,0,0.01189205,0
4768693982#117277915830,0,0.23510839,0
4357742929#415654814203,0,0.012673735,0
4878082767#167570408533,0,0.013171949,0
1888052788#3032272329,1,0.307826,0
1320992607#1320992608,0,0.5705856,1
3836992879#4018083310,0,0.57057065,1
237523614768#1347237190,0,0.18720697,0
18468580547#5169252503,0,0.43798876,0
2062633327#1318626251,0,0.2706248,0
3485676898#2007329552,0,0.011441684,0
4165922067#2026069710,0,0.010986943,0
3816455026#1429413488,0,0.300335,0
4451124293#4454799835,0,0.039158374,0
4860360403#4777051438,0,0.31954592,0
3445564730#2947790103,0,0.270914,0
4242849949#3120043199,1,0.56249195,1
4636143697#1639253622,0,0.24908175,0
1667001955#1885490974,0,0.011938039,0
2058278464#2117931367,0,0.011664719,0
3761484186#1394299795,0,0.011288074,0
3249354040#4703840109,1,0.21917035,0
1453532038#1711846546,0,0.01200735,0
18468687381#18467725403,0,0.572185,1
1778563595#1712570793,0,0.33996454,0
36551936093#1320992608,0,0.35192332,0
4425561518#4636446230,0,0.011846237,0
4076081471#29607392514,0,0.01153039,0
4435666805#4219594127,0,0.5674273,1
3633495980#3249354040,0,0.01153039,0
2056513884#2054736144,0,0.012312326,0
3285703159#2060290691,0,0.21833585,0
3075634363#1667032705,0,0.13701202,0
4636382579#4636041770,0,0.25390726,0
4643941609#4444948728,0,0.0111580305,0
3287136303#2183968048,0,0.25762498,0
4755359264#3235756553,0,0.0121003855,0
3054084564#1500161456,0,0.25973174,0
2118416856#1500161456,0,0.011050795,0
3446029030#3742463975,0,0.22286925,0
564144132292#1847716478,0,0.12341844,0
1474190672#1711846546,0,0.012359919,0
4286394339#2455800880,0,0.011574996,0
2074388205#3949154929,0,0.03213106,0
4592596123#50016874555,0,0.0111580305,0
18466601978#4180609537,0,0.012194133,0
2054736144#2120525705,0,0.011664719,0
18468695966#2068602973,0,0.57487214,1
3487828519#1453527936,0,0.011938039,0
2050840604#1882929309,0,0.4081293,0
5163452200#91686025987,0,0.25720495,0
3418808235#4221651134,1,0.56834096,1
2114438559#1423044582,0,0.18817474,0
2058531416#4176537188,0,0.4757347,0
1550894049#1774582761,0,0.0111580305,0
4043193319#4877560558,0,0.053304687,0
406088738482#2057120532,0,0.011309892,0
4036848581#4938690872,0,0.01243165,0
109765155485#212394033260,0,0.2560871,0
1316070394#117873856741,0,0.011309892,0
3363359849#1394299795,0,0.019606182,0
2119388082#2026258520,0,0.56118476,1
4401898255#3418808235,0,0.30218512,0
4643943359#4451089335,0,0.012576347,0
183335907108#76198377822,0,0.29467145,0
138960910846#2057186168,0,0.011463797,0
178615973311#3633572726,0,0.011309892,0
2120525705#1510345157,0,0.012649318,0
2455842713#146011937628,0,0.011115013,0
1656969937#232579778763,0,0.24594426,0
4435792377#4165283827,0,0.012359919,0
4285491833#4348295931,0,0.20173459,0
3474685537#2113288221,0,0.0120770605,0
29299658960#29607392514,0,0.3115316,0
4065724850#3973253490,0,0.01153039,0
4946289727#2057112219,0,0.012576347,0
2061309885#430837878381,0,0.011846237,0
1558033119#14613455236,0,0.0123361,0
3474743878#3628839717,0,0.57931113,1
2177416829#2016866279,0,0.16961211,0
2057275313#3942084480,0,0.013146586,0
2062285767#1431851220,1,0.5784333,1
88520940864#3761484186,0,0.012970388,0
3075634363#146011937628,0,0.011288074,0
4808180492#4168332323,0,0.012194133,0
455581610977#2063878463,0,0.011375601,0
50602309472#81902710995,0,0.1334152,0
3993041966#4452060617,0,0.24771434,0
2080829137#3485676898,0,0.011419616,0
4636508845#4636041774,0,0.27512974,0
5094736780#7026230674,1,0.5792219,1
4221651134#2283920901,0,0.28791797,0
5078702464#2016866285,0,0.012722708,0
2661092323#4998365450,0,0.013222822,0
4810275464#2455800880,0,0.011508149,0
54158063899#14613455236,0,0.01153039,0
2523741989#4006530352,0,0.22584318,0
1415554755#2026258520,0,0.01384861,0
3633572726#2026069710,0,0.011179602,0
4090681438#1667001955,0,0.20173459,0
3108657350#5067776785,0,0.38418984,0
4828655959#54158054598,0,0.011597362,0
14613465315#2455842713,0,0.27820775,0
4215027256#4354544112,0,0.011441684,0
4455408499#3513178266,0,0.0120770605,0
3045580653#4584646241,0,0.012673735,0
3446029030#3644272514,1,0.46752456,0
4883922403#1710182160,0,0.284576,0
18468695966#18467725403,0,0.57728684,1
4425561518#3973253490,0,0.011823394,0
4242849949#3287136303,0,0.012383785,0
1778796425#1759198080,0,0.5609893,1
4447023801#4285491833,0,0.01107216,0
1660889815#4943818903,0,0.011846237,0
4188896319#3487828519,0,0.050144248,0
4808240601#1639394625,0,0.0135061005,0
2058563113#18466601978,0,0.011984203,0
309312102749#1347237190,0,0.19620943,0
3806980943#14190297481,0,0.18075652,0
2055946129#2059977717,0,0.25132602,0
2119388077#3287136303,0,0.5602752,1
2055581605#2060192911,0,0.012870749,0
2296574953#2070627808,0,0.32852945,0
1316070394#4036848581,0,0.012407694,0
2071864814#4206310186,0,0.54891527,1
4514271066#4828655959,0,0.36988392,0
1308273301#4034038494,0,0.012455653,0
4705427870#2057685237,0,0.011846237,0
314601953357#314601336135,0,0.27752194,0
4316999082#4804117485,0,0.011664719,0
1932250238#4155642921,0,0.02950736,0
2068654074#5163452200,1,0.34648603,0
3230219871#2054736144,0,0.57145274,1
2112891471#4944579314,0,0.0111580305,0
138961977066#18466210670,0,0.013146586,0
1549897545#4206201723,0,0.011375601,0
1638853392#25244788647,0,0.012455653,0
1431851220#1639901072,0,0.29012534,0
4506633524#2059977717,0,0.0120770605,0
4590233117#4590185312,0,0.26526144,0
2063706226#2071751695,0,0.5786714,1
2026258519#2180579787,0,0.25841954,0
4111311078#3946838650,0,0.036390893,0
3269719212#2092610536,0,0.011136502,0
3446029032#3445905086,0,0.15642677,0
2026258519#2119388077,0,0.58908117,1
2339749085#5210259386,0,0.013299493,0
2268287413#2175800284,0,0.01217063,0
4071233134#3683502845,0,0.17924304,0
4155642921#3418808231,0,0.012673735,0
3706927247#2057858826,0,0.011597362,0
4526688598#3836676657,0,0.30668277,0
2062285767#2117967935,0,0.28801808,0
3120043199#4623972652,0,0.0120770605,0
2054736144#2740883313,0,0.012649318,0
2061352093#1816427371,0,0.012970388,0
41375214069#5123189260,0,0.28328544,0
4532014296#4534359957,0,0.2501793,0
2059109005#4111311078,0,0.26374158,0
5169253299#2114390938,0,0.011179602,0
4825375981#4242849949,0,0.011050795,0
4720990748#1818675501,0,0.012821214,0
4256981120#4231111906,1,0.27537322,0
4665681736#4804117485,0,0.012053779,0
2056513884#2057202352,0,0.5358879,1
1834023606#1780636702,0,0.013610589,0
4256981120#1479236025,0,0.01096574,0
2057186115#1780636692,0,0.01189205,0
2057186168#1780636692,0,0.011597362,0
2111350136#1319944364,0,0.011732466,0
5121642074#2060192915,0,0.012359919,0
3602134198#18466522141,0,0.011846237,0
1425598204#1429413488,1,0.55889887,1
5185529458#1778563597,0,0.013171949,0
4572636292#4447023801,0,0.57239413,1
156273955489#4111311078,0,0.0121003855,0
4435586554#4232728984,0,0.011869121,0
2165145983#2056513884,0,0.011050795,0
4823801269#54158093151,0,0.011984203,0
3729925561#3648903741,0,0.26431087,0
5199216301#1944864795,0,0.012649318,0
1710182160#2071793223,0,0.5083839,1
25405387739#2114390938,0,0.232049,0
14613460476#2075393157,0,0.010986943,0
3045580653#2078213282,0,0.23625183,0
1537709317#1537709306,0,0.57512575,1
4254790911#2059109005,0,0.504074,1
1638853392#2123106282,0,0.012600625,0
4590185312#18468082722,0,0.57652706,1
1487584016#1500161456,0,0.012821214,0
4952427189#135028851546,0,0.46184343,0
3415143762#4317041484,0,0.21609424,0
4635981164#4623972652,0,0.011846237,0
370314330573#1483087859,0,0.011008186,0
3591598900#4209814745,0,0.011915022,0
4411426624#4071233134,0,0.012821214,0
1639325148#1888052790,0,0.011823394,0
2065023459#4179651570,0,0.11201596,0
4274088675#2057082463,0,0.011915022,0
4129059855#3418808235,0,0.012771868,0
2455842712#2455894769,0,0.011915022,0
4447023767#4590516328,0,0.24355246,0
4348295931#4285709207,0,0.5737978,1
4470296934#1877399023,0,0.011419616,0
2268287413#146778888902,0,0.011179602,0
1403216308#3715240690,0,0.013222822,0
4448830722#1627677359,0,0.012123755,0
4242696539#2051966916,0,0.011687259,0
3525475722#2455842712,0,0.31011954,0
2165145983#4808180492,0,0.011309892,0
2118416856#2061673563,1,0.26535663,0
3081986781#2137028345,0,0.54507387,1
2058494409#4451089335,0,0.011485952,0
109165560395#1425289196,0,0.011331754,0
3033446767#5067776785,0,0.55880857,1
117873856741#1859920904,0,0.0140636265,0
2027457633#2027457805,0,0.38418984,0
2057275313#2057858826,0,0.25851315,0
4232728984#2061673563,0,0.16344546,0
2076366005#2055298458,0,0.31515604,0
2058663075#1661790023,0,0.43851468,0
4420971756#4705427870,0,0.011508149,0
4034038494#2115880476,0,0.31647488,0
3612961288#1646205905,0,0.011441684,0
5199216295#5210263415,0,0.12989861,0
4327866563#4623972652,0,0.01153039,0
2118965491#2114048932,0,0.27542195,0
4179651570#3072524524,0,0.21933751,0
2165015466#2111349786,0,0.38142112,0
5185244731#4862024152,0,0.013875309,0
4455655369#3988152389,0,0.23161423,0
2059109005#2058531412,1,0.28110948,0
4444948728#3621799271,0,0.29426566,0
5210259386#2338916683,0,0.011485952,0
3083904084#4838534990,0,0.19752184,0
3077307902#3606108939,0,0.013121271,0
4277564473#2292556895,0,0.010986943,0
4790633062#4808180492,0,0.3292839,0
4452228094#4450888165,1,0.57429034,1
3075628047#2057082379,0,0.011288074,0
4232666143#4226659635,0,0.5562037,1
4705427870#4356117363,0,0.5726481,1
14613455236#219547393842,0,0.012030543,0
187508564338#2058531412,0,0.012552118,0
2947790103#4435792377,0,0.01200735,0
455581610977#3474743878,0,0.011619772,0
3020557801#1308273301,1,0.54811424,1
4261128456#3766757689,0,0.012217682,0
4998365450#190330815066,0,0.011419616,0
1965402836#2007329552,0,0.28666824,0
2060192911#2054736144,1,0.27459446,0
3060607943#1660889815,0,0.011732466,0
1812202957#1811511062,1,0.4255754,0
18466354888#156274815378,0,0.571662,1
3628839716#3474743878,1,0.5722746,1
5199216295#5199216300,0,0.16224726,0
1537709308#1537709306,0,0.57657176,1
407966480507#2063057962,0,0.15431227,0
1905948078#1354017991,0,0.011485952,0
2298730254#4447023767,0,0.012030543,0
4623017083#1885490974,0,0.01217063,0
4205424867#4386494215,0,0.28343415,0
3601857963#3591598893,0,0.23161423,0
2339749085#364662576302,0,0.012649318,0
2058531416#3915411982,1,0.48434198,0
4159034451#1888052788,0,0.555812,1
1847716478#91686025987,0,0.11216173,0
7161173338#3501315747,0,0.011777842,0
2065023444#2075628492,1,0.40095454,0
2175800284#4425561412,0,0.2415341,0
4776817109#5123189265,0,0.5745738,1
2057573219#3633495980,1,0.47132403,0
2054734592#69282286107,1,0.5645187,1
2113093450#6013639039,0,0.26038948,0
2007329552#114401992972,0,0.012241275,0
1590547354#1656969937,1,0.29925877,0
1830214692#4804117479,0,0.31394538,0
4226659634#4232666143,0,0.55874836,1
4180609537#1549897545,0,0.012194133,0
2059109005#2058531416,0,0.27469173,0
314601953357#1733350200,0,0.011353657,0
4108649868#1505439079,0,0.18802561,0
4354544112#4415227218,1,0.56346804,1
1592367367#4272887201,0,0.012030543,0
2114438559#4206177048,1,0.25293723,0
69055007639#3461052410,0,0.0120770605,0
1906908670#2065023449,0,0.2507293,0
3075634363#1778796425,0,0.012771868,0
1483087858#2092610533,0,0.2549725,0
4346970606#3606108939,0,0.012359919,0
3045566056#4532014296,0,0.011777842,0
4538375930#3652959253,1,0.57303643,1
18466522141#2119388077,0,0.012053779,0
1712570793#6633440508,0,0.011008186,0
2088554701#4465664542,0,0.011485952,0
3846877365#3652959254,0,0.5658386,1
4261128452#2057082463,0,0.01170984,0
3612961288#4750249486,0,0.5590945,1
3606108939#1537709317,0,0.012698199,0
2061244620#2739075334,0,0.011397587,0
4768693982#18467725403,0,0.011093566,0
4742698844#2050840604,0,0.011823394,0
1592367367#1600123318,0,0.011008186,0
1710182160#4828653957,0,0.011508149,0
5194582482#3060607943,0,0.028060742,0
1453532038#1492507866,1,0.24113183,0
1394416929#1590408241,0,0.011331754,0
4242696539#4878261986,0,0.24716878,0
2111818909#4952427189,0,0.012576347,0
5352675624#5352185903,0,0.35064372,0
4590233117#156274815378,0,0.57408136,1
1716261756#2128656141,0,0.011397587,0
4108649868#2060042758,0,0.13189834,0
4451342506#1833697097,0,0.01170984,0
1905948078#1565925308,0,0.26298377,0
3441097472#183335907108,0,0.0112445615,0
1778796425#4323500487,0,0.011619772,0
11087571368#53263229623,0,0.29467145,0
2068654074#370314330573,0,0.011823394,0
364662567901#2092610536,0,0.011136502,0
4354544112#5194582482,0,0.011179602,0
4272843119#3648903741,0,0.0120770605,0
91686025987#29299658960,0,0.569299,1
2061352093#2057858826,0,0.020215968,0
4538335537#4354044382,0,0.011642225,0
4720990749#4808240616,0,0.34471908,0
1759198080#3072525687,0,0.010986943,0
2063057962#2055601072,0,0.012383785,0
4451089335#2359348328,0,0.011777842,0
81902710995#53263229623,0,0.27072117,0
3033446767#4828653957,0,0.352982,0
3075634363#4705427870,0,0.0112445615,0
1549897545#121528725386,0,0.0112445615,0
4589929428#4447023767,1,0.5715275,1
2115678997#4705427870,0,0.01107216,0
4221651134#4825375981,0,0.01214717,0
2058663075#2055601072,0,0.25659907,0
3578109143#3513178266,0,0.3455192,0
237523614768#4450968363,0,0.012030543,0
1888052790#4436356008,0,0.30668277,0
4259293142#2057082463,0,0.011093566,0
4944512773#3016942950,0,0.012673735,0
2073668282#2070686849,0,0.1786691,0
7161173338#7026230674,0,0.22025856,0
1483087859#406088738482,0,0.24409261,0
4442900590#3644272514,0,0.21559837,0
54158062043#3395466908,0,0.0190509,0
2060192915#2143152116,1,0.01153039,0
2268304430#2118416856,0,0.0123361,0
1965402836#4386494215,0,0.011755131,0
1463883823#3761153782,0,0.012053779,0
18465721026#5169257472,0,0.39137685,0
29299658960#29298304831,0,0.575916,1
156277076551#3881629589,0,0.012194133,0
2455842713#2455842712,0,0.59005594,1
1903466347#9746294364,0,0.010881333,0
2059483876#1903466347,0,0.013875309,0
4691126574#1552378116,0,0.5727377,1
14613461939#2455800880,0,0.25818565,0
167570408533#4297145562,0,0.012312326,0
4256725997#1556785910,0,0.011846237,0
2119388077#2119388082,0,0.58752906,1
3986575237#4662517140,0,0.012698199,0
2181531828#2180579787,0,0.57181144,1
4212827921#1902954948,0,0.29645053,0
3269719212#2066246683,0,0.12199921,0
2027457810#2138881484,0,0.011687259,0
146778888902#1693941156,0,0.011777842,0
219547393842#3706865825,0,0.19155443,0
4623972652#2281691154,0,0.01107216,0
2118416856#1453527936,0,0.21933751,0
1708981181#5078702464,0,0.011463797,0
2074388205#3230219871,0,0.01155267,0
4530026055#152713369272,0,0.013558245,0
4425561412#4636143697,0,0.011266297,0
2068611560#4944579314,0,0.27207288,0
3606108939#1746603523,0,0.0118005965,0
1830214692#4804117485,0,0.3523689,0
3485676898#3052169593,0,0.011619772,0
2057352941#2011670508,0,0.011266297,0
117755505510#197910587768,0,0.2612367,0
53263277044#3445564730,0,0.0127472645,0
3641396498#2111349786,0,0.011331754,0
1818675501#1816512025,0,0.26450083,0
1319944364#3474685537,0,0.011419616,0
2063572073#3496048657,0,0.013325147,0
4883922403#4065724850,0,0.011961098,0
200569781240#4945702240,0,0.0118005965,0
6013639039#2296574953,0,0.20402452,0
4471122121#53263231637,1,0.25376853,0
3249354040#3913410158,0,0.2878679,0
212771874474#1639325148,0,0.01214717,0
3072524524#3972766136,0,0.27149305,0
1537709308#4209814745,1,0.39922592,0
1712570793#1816427371,0,0.30652705,0
2165145983#2297005450,0,0.01200735,0
1833697097#1710182160,0,0.011093566,0
76198377822#4862024152,0,0.01214717,0
4705427870#1902954948,0,0.0131973615,0
2359113449#4455408499,0,0.18111831,0
1307874587#4386494215,1,0.5031204,1
4590233117#2062285767,0,0.0112445615,0
4448830722#4792436579,0,0.56065863,1
2054736144#2056520022,0,0.27855107,0
3903289669#2063839578,0,0.011485952,0
2057685237#4658956014,0,0.011179602,0
4232728984#2061673701,0,0.2594971,0
2057186102#1726591551,0,0.01170984,0
3077307902#3446029032,0,0.011732466,0
4705427870#2054699471,0,0.011331754,0
1372557160#4221651134,0,0.0118005965,0
3240377870#3903280567,0,0.011375601,0
1592367367#3973253490,0,0.0112445615,0
1847716478#3474743878,0,0.0118005965,0
2027457810#202581283129,0,0.011093566,0
3319075608#4215038721,0,0.012123755,0
4777051438#14613588147,0,0.23144047,0
4435586554#2122362220,0,0.24090852,0
4259293142#5185595733,0,0.3168447,0
2065023453#4705427870,0,0.0120770605,0
1888052790#4159034451,0,0.15046519,0
4385184737#4386494215,0,0.4329023,0
1780636702#1780636692,0,0.57305133,1
3033446767#4511530729,0,0.5287043,1
1639901072#1416827061,0,0.55041856,1
114401992972#50016874555,0,0.296909,0
1759198091#4591638149,0,0.012600625,0
379478718058#3913419748,0,0.012264914,0
3973253490#4506633524,1,0.052521672,0
1778563597#1712570793,1,0.33824104,0
4108649868#4052058734,1,0.57605016,1
2165145983#4206304466,0,0.011463797,0
1847716478#4777051438,0,0.2559941,0
2073668282#2065023459,0,0.20537588,0
1456843034#302839388028,0,0.011353657,0
4470296934#146777938215,0,0.011309892,0
189546061243#114453608394,0,0.28323585,0
2054736144#3870637640,0,0.0124797,0
11087571368#1661790023,0,0.01102947,0
110232280082#3474743878,0,0.01324833,0
1655427579#227607176751,0,0.012527932,0
4665681736#5206198663,0,0.3869661,0
1479236027#2057275313,0,0.011115013,0
4285709207#156273955489,0,0.011463797,0
4755359264#14190297481,0,0.2921407,0
4455655369#4129059855,0,0.5518002,1
3230219871#2079578434,1,0.5069271,1
4808238795#29299658960,0,0.0818861,0
7026230674#3692826364,0,0.466914,0
5206198663#2661092323,0,0.012821214,0
4716857454#4212827921,0,0.012053779,0
1712570793#1727736762,0,0.29426566,0
2165145983#2051966916,0,0.28170192,0
1711846546#4673557611,0,0.01153039,0
1667001955#4952427189,0,0.012970388,0
1326198015#2051966916,0,0.2995148,0
2162682667#4509158303,0,0.28106013,0
4165151066#3446029032,0,0.011222866,0
1708981181#1727736762,0,0.011397587,0
5169253299#5169252503,0,0.31357738,0
4272137501#2058531416,0,0.011823394,0
3860775024#4511530729,0,0.011093566,0
3973253490#2455894769,0,0.011136502,0
3290768654#117755505510,0,0.0124797,0
2059125338#2055946129,0,0.26645273,0
2058531412#3770456617,0,0.011732466,0
4584646241#4391918874,0,0.5252775,1
4529171947#2060836540,0,0.36009514,0
107725296889#1902954948,0,0.012194133,0
2065699619#2069985286,1,0.5830995,1
2057082379#4241366976,0,0.012407694,0
2027839123#2059124992,0,0.012123755,0
4529171947#2065023459,0,0.012288597,0
3232083339#1430989592,0,0.011463797,0
2296537627#2071751695,0,0.57749534,1
5209073343#4108691753,0,0.011597362,0
2062233925#2056078364,0,0.012600625,0
3903280573#3601857963,0,0.23961613,0
2120518542#1878732185,0,0.3944342,0
4199527734#4205424867,0,0.012264914,0
5199216295#5210260401,0,0.17560875,0
4442444769#1639901072,0,0.01217063,0
4356117363#4878261986,1,0.5090398,1
2057202352#2061244620,0,0.17560875,0
2296574953#415654832276,0,0.012503792,0
1929467433#1326198015,0,0.011266297,0
3913419748#3913410158,0,0.2137052,0
4452060617#4750249486,0,0.31949285,0
47752312088#2027457810,0,0.011008186,0
2081884594#2065023459,0,0.011938039,0
4285617569#3525475722,0,0.011008186,0
4636382579#121528725386,0,0.013273888,0
4705427861#4242696539,0,0.23161423,0
1394299795#1723151709,0,0.3581566,0
5010035639#3485676898,0,0.011687259,0
3485676898#1634282666,0,0.16165082,0
114693583065#4606793746,0,0.011179602,0
3729925561#5060996735,0,0.28293857,0
4643941609#202581283129,0,0.36653304,0
4973150488#2455894769,0,0.011732466,0
2059397275#1701470611,0,0.011597362,0
3050152494#2016866277,0,0.24072996,0
3761153782#3862453322,0,0.011419616,0
88520940864#1319944364,0,0.012383785,0
4572636292#4447023767,0,0.011777842,0
4471122121#1600123318,0,0.013096004,0
4657354263#4256981120,0,0.32707697,0
4878261986#5199216295,0,0.01243165,0
4534359957#1416528046,0,0.0135061005,0
1429413488#3715240690,0,0.012194133,0
53263231637#53263229623,0,0.38612667,0
3235756553#4024663252,0,0.011008186,0
3287136303#2026258519,0,0.5735739,1
1479236027#1479236024,0,0.5607037,1
1639253622#3551952830,0,0.01324833,0
14613465315#9746294364,0,0.012870749,0
2057146445#1431930648,0,0.28086287,0
2117931367#2058258958,0,0.3054901,0
3020557801#2947790103,0,0.011961098,0
210012116583#4643809596,0,0.01107216,0
2297005450#4636446230,0,0.011777842,0
1590527066#69054998391,0,0.011777842,0
1505439079#3816455026,0,0.2672647,0
2111349786#2114716134,0,0.55868816,1
3986575237#3870637640,0,0.011777842,0
4206310186#4206201723,0,0.5684308,1
314601953357#309312101477,0,0.24912742,0
5123189260#4316370583,0,0.011179602,0
5076405390#4897454517,0,0.01170984,0
3120043199#1453527936,0,0.17043896,0
4031814900#5124643800,0,0.011201214,0
4077473357#1912538880,0,0.012600625,0
4385069368#4529171819,0,0.011441684,0
2060192911#1403928333,0,0.1565557,0
4034038494#3445564730,0,0.24671479,0
3551952830#1537709317,0,0.5311942,1
2050581826#69282286107,0,0.0140636265,0
4897454517#4897454823,0,0.55532974,1
3487828531#3942084480,0,0.0121003855,0
2112891471#2056513884,0,0.48867992,0
4316999082#4286394339,0,0.028301444,0
4179651570#3993296567,0,0.2711552,0
3706927247#146777938215,0,0.36311033,0
3903289669#50016874555,0,0.011463797,0
18468580547#1483087859,0,0.011201214,0
3418808235#2283920901,0,0.50820845,1
4327866563#4261128452,0,0.012771868,0
5210259474#4454799835,0,0.011869121,0
3860775024#3816455026,0,0.56463873,1
2057858826#5124643800,0,0.011331754,0
1639325148#4590233117,1,0.30673468,0
3445905086#3052169593,0,0.011508149,0
4256622048#2059124838,0,0.011201214,0
2138881484#4448697469,0,0.01170984,0
2359348328#2027457810,0,0.011222866,0
3628839716#4526688598,0,0.011266297,0
2973532517#1474190672,0,0.013795364,0
1565925307#1565925308,0,0.25655252,0
114693583065#210012116583,0,0.01384861,0
2111349786#4435566465,0,0.011201214,0
25405387739#1655427579,0,0.012123755,0
3240377870#3926967278,0,0.011222866,0
4226659635#1733350200,0,0.011179602,0
1590527066#1394416929,0,0.4880699,0
3942084480#3047031444,0,0.012624948,0
4804117485#4691126574,0,0.24292332,0
156117434515#3363374184,0,0.3589146,0
5210263415#4768693982,0,0.011419616,0
4168332323#4161509156,0,0.2796809,0
4838534990#3806980943,0,0.011353657,0
4526688596#3913554478,0,0.57768893,1
1759198091#1759198080,0,0.56868535,1
1656969942#146011937628,0,0.23519619,0
4636508851#4636508845,0,0.5851456,1
1627677359#3591598893,0,0.013768816,0
1533725661#4943818903,0,0.0120770605,0
156116289986#202581283129,1,0.46868044,0
1483087858#18468082722,0,0.50912756,1
4691126574#4804117479,0,0.57078,1
1701593387#3461052410,0,0.012503792,0
2059125338#4155642921,0,0.0121003855,0
4215027256#3056884476,0,0.16165082,0
3249354040#4405823723,0,0.011915022,0
2026258519#2055946248,0,0.011869121,0
3033446767#3474685537,0,0.01102947,0
2057186168#91686025987,0,0.011266297,0
1778563595#1778563597,0,0.5754389,1
3973253490#3926967278,0,0.011008186,0
4165151066#1456843034,0,0.0118005965,0
2060192915#1684806079,0,0.26946977,0
203654552716#3870637640,0,0.01153039,0
2068436073#2118416856,0,0.26307842,0
3046447657#4219594127,0,0.011777842,0
1878732185#1914706723,0,0.141756,0
5062861485#1830214692,0,0.01107216,0
4256981120#4824054256,0,0.0112445615,0
4529171947#4256725997,0,0.0127472645,0
4108649868#69055008791,0,0.012359919,0
1743052872#2119493181,0,0.24757788,0
60367620373#50602309472,0,0.3528426,0
4946289727#2011670508,0,0.03810662,0
178615973311#4221651134,0,0.09611029,0
2054734592#373850283306,0,0.012123755,0
1712570793#1727736761,0,0.31827325,0
1550894049#1533725661,1,0.28041926,0
4450888165#4157551094,0,0.0127472645,0
4316999113#2122362220,0,0.31247488,0
29607392514#29607898384,0,0.23537192,0
4538332005#2065023449,0,0.012264914,0
2057112219#1816512025,0,0.011115013,0
3896058143#4526652844,0,0.0120770605,0
4411426624#1639325148,0,0.012194133,0
4946289727#2114438559,0,0.0212467,0
2061673701#117755505510,0,0.011397587,0
14613455236#4219594127,0,0.012123755,0
4391919171#1875282048,0,0.20705435,0
2073669601#4705427870,0,0.0111580305,0
90189178714#90189177932,0,0.5640985,1
4018083310#4526688599,1,0.3162109,0
4575249992#1778986389,0,0.012383785,0
2060192915#2079578434,0,0.28836867,0
3972766136#4161509156,0,0.01217063,0
1565925307#2068436073,0,0.013020489,0
4455655369#4636382579,0,0.011619772,0
1778986389#2065023453,0,0.011597362,0
117873856741#2165015488,0,0.011687259,0
4526688599#4589775642,0,0.2675517,0
117277915830#117755505510,1,0.5605985,1
9746294364#156117434515,0,0.041539967,0
2292556895#2071864814,0,0.011508149,0
1639325148#4469027502,0,0.25566873,0
4436356008#2075628492,0,0.011309892,0
3602134198#3591598898,0,0.24844301,0
1639394625#4590516328,0,0.011755131,0
2117971015#2947790103,0,0.24848859,0
2115678997#4018083310,0,0.011485952,0
1639324466#212771874474,0,0.0120770605,0
1638853392#1816427371,1,0.074500255,0
3644272514#4071233134,0,0.19299524,0
2117931367#1778563595,0,0.012552118,0
2070025653#1640284457,0,0.55953074,1
109165560395#109765155485,1,0.55834204,1
4316370583#2081884594,0,0.034716886,0
4188896319#3927439605,0,0.17078441,0
4145496082#314601336135,0,0.012600625,0
5210263415#5199216300,0,0.2874677,0
3926741754#3487828519,0,0.013171949,0
1712137054#2065023453,0,0.01153039,0
3232083339#4226659635,0,0.011353657,0
1550894049#3903280567,0,0.011485952,0
4945702240#4065724850,0,0.20024472,0
1878732185#2059483876,0,0.04057874,0
2119478248#2119398744,0,0.26322046,0
2059397275#18468082722,0,0.01214717,0
109765155485#114453608394,0,0.2748377,0
4346970606#4020730390,0,0.33785862,0
4256906448#4657354263,0,0.5669179,1
1552378116#4168332323,1,0.5900412,1
54158062043#14613455236,0,0.07956718,0
4808240601#4720990746,0,0.29396155,0
14613464513#3927040910,0,0.01170984,0
1716261756#1659951159,0,0.5741112,1
4256622048#4226659635,1,0.30845058,0
4155642921#307410722133,0,0.24350752,0
3806980943#2051253311,0,0.011309892,0
4226659634#4090681438,0,0.011179602,0
3903289669#3120043199,0,0.011755131,0
1759198091#36551936093,0,0.012600625,0
1888052790#3641396498,0,0.01096574,0
4442444769#14613461654,0,0.011093566,0
4447023767#4447023801,0,0.12808825,0
1878732185#1565925307,0,0.2432827,0
3418808231#4215027256,0,0.011222866,0
2117967935#4897862520,0,0.011915022,0
4590516328#4633378534,1,0.57694423,1
2296574953#2296451977,0,0.2325715,0
406088738482#436617713935,0,0.012383785,0
3632560565#4534359957,0,0.01155267,0
2055298458#2057186115,1,0.077030234,0
4272887201#5060996735,0,0.32209936,0
4414530598#2057898501,0,0.012053779,0
3601857963#3903280567,1,0.563438,1
2070627808#1906908670,0,0.012576347,0
1550894049#3072525687,0,0.011463797,0
4532014296#1463883823,0,0.012527932,0
4878261986#4705427861,0,0.28562096,0
4716857454#1667032705,0,0.012796518,0
4209814745#2338916683,0,0.27761984,0
212394033260#3033446767,0,0.0112445615,0
3050152494#2177416829,0,0.2401058,0
3075634363#1759198091,0,0.015983004,0
3629624977#4703840109,1,0.57734644,1
2088439298#3249354040,0,0.012312326,0
4256725997#1660889815,0,0.011375601,0
4642512906#5163452200,0,0.25902823,0
3525475722#2455842713,0,0.29741892,0
1727736761#5134159053,0,0.20275871,0
1316070394#3474685542,0,0.012312326,0
90189177932#90189177809,0,0.5737829,1
2057186115#2057120547,0,0.57275265,1
2159160651#1932250238,0,0.53066975,1
2055946129#391306865273,0,0.0112445615,0
1510345157#2075393157,0,0.018797072,0
3633495980#3245545040,0,0.13285169,0
4285491833#1920503864,0,0.25594762,0
1906908670#249652232743,0,0.01107216,0
25405387739#4444948728,0,0.50340265,1
4415227218#5076405390,0,0.013376605,0
2662986035#4274235353,1,0.49333993,0
3245545040#4179651570,0,0.011574996,0
2058531412#4274088675,0,0.5401963,1
1716261756#1830525975,0,0.5178583,1
1712137054#2073668282,0,0.3049206,0
87008148161#2055626034,0,0.012217682,0
1417015453#315728832242,0,0.012194133,0
3032272329#1565925307,0,0.012194133,0
4526688596#4526688598,0,0.5745589,1
4943818903#12910266318,0,0.34054002,0
1590547354#2088554701,0,0.12268078,0
2739075334#1656969937,0,0.056340095,0
4479070818#2165015466,0,0.012722708,0
4035397646#4530026055,0,0.25973174,0
3836676657#1665894324,0,0.012771868,0
4633378534#4589929428,0,0.57282734,1
3628839717#3436663620,1,0.5706903,1
3415143762#1746603523,0,0.011508149,0
370314330573#3287633018,0,0.011441684,0
110232280082#117755505510,0,0.31210786,0
111110399548#2947790103,0,0.012312326,0
4592596123#2057211704,0,0.011574996,0
2057552209#3245545040,0,0.10894506,0
3715785447#4031814900,1,0.5607639,1
152713369272#2455842713,0,0.0118005965,0
4385184737#4205424867,1,0.15456735,0
4973150488#1533725661,0,0.012796518,0
2114049002#3487828531,0,0.24391249,0
9062983415#4435792377,0,0.24229525,0
3075628047#2340035845,0,0.1442091,0
232579778763#2739075334,0,0.12453207,0
14613476507#4261128456,0,0.011485952,0
2063706226#18468695966,1,0.3778276,0
3742463975#3445905086,0,0.3011565,0
1479236028#1552378116,0,0.10631887,0
3652959254#1600123318,0,0.21576355,0
3715785447#3715877024,0,0.20817894,0
4405823723#1431851220,0,0.012217682,0
2128656141#2063888292,0,0.14928316,0
4716857454#25405387739,0,0.5444986,1
391306865273#54158063899,0,0.011463797,0
4943818903#4673557611,0,0.36435342,0
2055601072#4575249992,0,0.011309892,0
54158063899#54158054598,0,0.015483988,0
1474190672#3047031444,0,0.013821961,0
4720990748#2661092323,0,0.013045614,0
4206177048#2011670508,0,0.24180256,0
2112250533#2296537627,0,0.01102947,0
1812202957#2117967935,0,0.012312326,0
3551952830#3319075608,0,0.019985152,0
2068602973#2063706226,0,0.5730812,1
3445905086#4435586554,0,0.011961098,0
2070686849#2075628492,0,0.09756222,0
4643809596#4606793746,0,0.01217063,0
4316999082#2057573219,0,0.012771868,0
4435586554#4316999082,1,0.5714378,1
1354017991#1646205905,0,0.21617696,0
309312102749#2055626033,0,0.0120770605,0
1733350200#4405823723,1,0.2792876,0
3016942950#3441097472,0,0.0111580305,0
4526688598#4530026055,0,0.2758607,0
2051253311#4435792377,0,0.0123361,0
29607392514#69054998391,0,0.011642225,0
3606108939#1474190672,1,0.29767406,0
3053472155#4728076352,0,0.24104246,0
1456843034#2060062994,0,0.011642225,0
4590233117#18468082722,0,0.56511873,1
3240377870#1533725661,0,0.012945405,0
4514271066#232579778763,0,0.011419616,0
2062633327#4018083310,0,0.011309892,0
3487828519#2114049002,0,0.0335895,0
3445564730#1639275755,0,0.012217682,0
4777051438#1592253963,0,0.012288597,0
3729925561#3017056355,0,0.014392335,0
4720990748#4808240616,0,0.57373816,1
4274235353#3946838650,0,0.012503792,0
1634282666#54158062043,0,0.011288074,0
187508564338#4159034451,0,0.014756983,0
3903280581#3903280567,0,0.55954576,1
2114716134#3641396498,0,0.013480104,0
3993041966#4129059855,0,0.28537193,0
4524153991#4635981164,1,0.42651567,0
1354017991#4450968363,0,0.012771868,0
5194582482#1500161456,0,0.2921407,0
5124643800#4897454510,0,0.012123755,0
18468082722#2080829137,0,0.011266297,0
4346970606#1492507866,0,0.012945405,0
1944864795#4129173722,0,0.01214717,0
200569781240#5124643800,1,0.2243952,0
1727736761#1816427366,0,0.024353385,0
2055946129#4526652844,0,0.32713068,0
3692826364#4242849949,0,0.012217682,0
4256622048#4256906448,0,0.5626872,1
4155642921#3461052410,0,0.011115013,0
2062233925#4705427870,0,0.0112445615,0
4161509156#3946838650,0,0.5643536,1
6633440508#3395466908,0,0.011869121,0
18468580547#156277076551,0,0.011961098,0
1416528046#4425561412,1,0.5423104,1
2062233925#2060042758,1,0.5844343,1
1834169653#4401898255,0,0.2758607,0
2057352941#4572636292,0,0.0137158735,0
1762522969#4450784429,0,0.31001508,0
4897454488#4451342506,0,0.56571865,1
4272843119#69609155599,0,0.012053779,0
2183963548#2180579787,0,0.56334794,1
2640338192#3232083339,0,0.01200735,0
1638853392#1727736761,0,0.341308,0
2114438559#4452060617,0,0.024122424,0
4286394339#3496048657,0,0.012796518,0
4636446230#4642512906,0,0.011179602,0
10175162517#1903466347,0,0.013146586,0
3715869354#173652977366,0,0.0121003855,0
1859920904#2947790103,0,0.26222736,0
4405823723#1432014682,0,0.013096004,0
1906908670#2065023444,0,0.5030822,1
12910266318#3806980943,0,0.13111758,0
2111346464#3083904084,0,0.011732466,0
3054084564#1394416929,0,0.27566564,0
4447023801#2298730254,0,0.056652423,0
4877560558#3363374184,0,0.53219724,1
2088439298#4020730390,0,0.012217682,0
4897454517#4145496082,0,0.012895588,0
4072366761#2057082463,0,0.012194133,0
4391918874#3240377870,0,0.0121003855,0
4705427870#4810275464,0,0.012945405,0
2059125338#4065724850,0,0.0120770605,0
1403216308#2176434538,0,0.01335085,0
202581283129#1425598204,0,0.011574996,0
1307874587#4346970606,0,0.011823394,0
3652959253#4506633524,0,0.2373549,0
1431930648#1592253963,0,0.47915334,0
5169257472#4215038721,0,0.01155267,0
3269719212#1882929309,0,0.17133832,0
1805614122#1394299795,0,0.27933678,0
6633440508#2455894769,0,0.20110625,0
138961977066#5169253299,0,0.0111580305,0
4425561518#1415554755,0,0.32734567,0
2061673563#2115678997,0,0.28651848,0
1912538880#4317041484,0,0.5559325,1
4272137501#4179651570,0,0.27216962,0
309312102749#4590185312,0,0.013222822,0
5169252712#4354544112,0,0.011938039,0
2176434538#370314330573,0,0.012624948,0
4386494215#4897454517,0,0.012796518,0
81902710995#5163452200,0,0.10257408,0
4451342506#4897454517,0,0.3731617,0
4509158303#1372557160,0,0.0124797,0
4862024152#2027457633,0,0.012649318,0
2056156370#1425598204,0,0.2393049,0
3715877024#18466601978,0,0.29639962,0
5209073343#5124643800,0,0.011353657,0
3496048657#1549897545,0,0.013171949,0
373850284448#1885490974,0,0.01243165,0
5210259386#5199216300,0,0.3110082,0
210012116583#2296451977,0,0.0111580305,0
1659519065#2056929980,0,0.011419616,0
4768693982#173652977366,0,0.30357695,0
4792436579#4750249486,1,0.5594104,1
1833697097#117755505510,0,0.013121271,0
4036848581#3860775024,0,0.62809384,1
3474743878#3474685537,0,0.57754004,1
69055008791#2062233925,0,0.011266297,0
3033446767#4606793746,0,0.57012194,1
2074388205#4720990749,0,0.012053779,0
1830214692#3402256673,0,0.28646857,0
4401898255#4165283827,0,0.011642225,0
4297145562#4065724850,0,0.50820464,1
2114390938#135028851546,0,0.24744149,0
2455800880#1500161456,0,0.043772742,0
4792436579#1627677359,0,0.01107216,0
4199527734#3926963318,0,0.011419616,0
4703840109#4705583754,0,0.22807053,0
2065023449#4241366976,0,0.011353657,0
3494236195#2080829137,0,0.0118005965,0
4185429549#4348295931,0,0.012194133,0
4157551094#3993296567,0,0.21866938,0
1432014682#3692826364,0,0.011664719,0
1774582761#1932250238,0,0.012995414,0
3285703159#1326198016,0,0.17224145,0
1816427366#1778563595,0,0.31231755,0
2058663075#2060290691,0,0.2726051,0
4057038032#1746603523,0,0.011008186,0
2067179166#146777938215,0,0.34535363,0
4526652844#5194366020,0,0.24081923,0
4297145562#1639253622,1,0.32734567,0
2338916683#2340035845,0,0.011441684,0
5031079827#4726073967,1,0.57249874,1
4274088675#2059109005,0,0.375134,0
2050840604#2092610533,0,0.50461566,1
2177416829#3972742243,0,0.011597362,0
4165283827#4206310186,1,0.5599218,1
2016866277#2119493181,0,0.29701096,0
3046471496#4973150488,0,0.11138611,0
1965402836#1877399023,0,0.011309892,0
1308273301#4538375930,0,0.012455653,0
1639325148#1639324466,0,0.5349997,1
2063873633#1639275755,0,0.012600625,0
2063839578#1906908670,0,0.010986943,0
3240377870#3551952830,0,0.012217682,0
4447023801#4196030610,0,0.011331754,0
219547393842#3706927247,0,0.21543327,0
4327866563#2056929980,0,0.011375601,0
3903280586#3591598898,1,0.3263788,0
1537709317#2058258958,0,0.31652766,0
1590408241#2359572372,0,0.013795364,0
2163161399#6633392282,0,0.01102947,0
3712801411#3249354040,0,0.011846237,0
2073669601#1401982309,0,0.26874945,0
2016866279#3602134198,0,0.011619772,0
183335907108#4635981164,0,0.011619772,0
1432014682#4524153991,0,0.5639034,1
2061673701#3077743360,0,0.010986943,0
3644272514#3742463975,0,0.24630664,0
2111038059#2059124838,0,0.2631731,0
4790633062#4808240616,0,0.5636932,1
1483087858#1483087859,0,0.5769145,1
4435792377#1859920904,0,0.02237146,0
2070686849#4212827921,0,0.011823394,0
117154450703#4898730640,0,0.011823394,0
2051966916#1693941156,0,0.0127472645,0
2296451977#1349608070,0,0.011375601,0
1888052790#2176434538,0,0.23762015,0
3032272331#18465721026,0,0.011288074,0
4242849949#146777938215,0,0.0111580305,0
37959222365#3053472155,0,0.011732466,0
2054699471#1431930648,0,0.32966143,0
3641396498#2114048932,0,0.011619772,0
1590527066#3054084564,0,0.27129996,0
3494236195#4285491833,0,0.0121003855,0
18465721026#18468580547,0,0.5713631,1
1430989592#3052760872,0,0.24903609,0
4553673830#81902710995,0,0.15203224,0
69055007639#2143152116,0,0.011093566,0
5169252712#138961977066,0,0.33895183,0
1483087859#1639324466,1,0.23881637,0
4575249992#2055581605,0,0.011222866,0
53263229623#5199216300,0,0.01102947,0
1932250238#1394299795,0,0.16297863,0
1888052790#3032272331,1,0.5419411,1
2119478248#2111349786,0,0.3340461,0
3513178266#4206310186,0,0.01155267,0
5199216295#5199216301,0,0.2912328,0
4750249486#392281366488,0,0.0120770605,0
2057685237#2055626030,0,0.011869121,0
117755505510#14613455236,0,0.01153039,0
4623017083#1726591551,0,0.01189205,0
2061673701#3846877365,0,0.011375601,0
3016942950#4623934568,0,0.011574996,0
4623972834#3494236195,0,0.011375601,0
3047031444#4241366976,0,0.01170984,0
4242696539#4357742929,0,0.28214675,0
3418808235#4514271066,0,0.35153365,0
4532035181#364662567901,0,0.29007506,0
1634250118#2159160651,0,0.27590945,0
2065023444#5123189265,0,0.012920473,0
1431930648#1431887069,0,0.4562129,0
4526688598#4530026053,0,0.25082102,0
1505439079#2056156370,1,0.57621413,1
4425561518#2057186115,0,0.01189205,0
4705427870#2114049002,0,0.013689477,0
3927439605#3487828531,0,0.2649285,0
2175800284#2027839123,0,0.25576168,0
1830525969#1834023606,0,0.4603723,0
156116289986#249652232743,0,0.011288074,0
1479236028#1479236024,0,0.25128007,0
1667288610#2059397275,0,0.011619772,0
4450784429#2162682667,0,0.23388131,0
4705427870#2070686849,0,0.014337031,0
4232728984#4526688596,0,0.012217682,0
69607735174#88520940864,0,0.2686535,0
4572636292#4479070818,0,0.57639295,1
6013639039#2055298458,0,0.011397587,0
4232666143#4231111906,0,0.53050256,1
4636041770#4636508845,0,0.2393049,0
2177416829#2119493181,0,0.57605016,1
3485676898#1727736762,0,0.22550191,0
2054736144#2112891471,0,0.011222866,0
3870637640#4633378534,0,0.012600625,0
3081986781#4728076352,0,0.26516628,0
2057858826#1614597826,0,0.011732466,0
3860775024#1429413488,0,0.34665185,0
4188977524#3487828519,0,0.051462766,0
3072564418#3903280567,0,0.012771868,0
4451288784#50016874555,0,0.012217682,0
4444948728#4584646241,0,0.011915022,0
4451288784#4442900590,0,0.26740816,0
3054084564#3060607943,1,0.5746037,1
4077027238#3816455026,0,0.32161975,0
3629624977#3580539229,0,0.29512832,0
37959222365#4327866563,0,0.012503792,0
2069985286#2296574953,0,0.01153039,0
2056478070#2296451977,0,0.24211603,0
2455894769#3610178183,0,0.21428008,0
4636041774#3120043199,0,0.011574996,0
2016866285#2150886701,0,0.011222866,0
4219594137#4206310186,0,0.3922495,0
6633392282#2219112205,0,0.012030543,0
1640284457#4209814745,0,0.012030543,0
1656969937#146011937628,0,0.24382246,0
4165922067#2283920901,0,0.34667954,0
2068654074#2297005450,1,0.5709444,1
4232471781#2027457810,0,0.19429137,0
4469027502#18468082722,1,0.24346253,0
18466210670#4680095395,0,0.17938675,0
3942084480#3052165975,0,0.45227128,0
18466354888#4590233117,0,0.5706753,1
415654814203#492316061640,0,0.016403032,0
3418808235#2111818909,0,0.0118005965,0
69055007639#3487828519,0,0.019142363,0
1347237190#4899954714,0,0.011353657,0
2071793223#2058563113,0,0.011093566,0
5199216301#50016874555,0,0.011846237,0
5352675624#5210259386,1,0.34182966,0
2065023453#2065023444,0,0.51009995,1
50602309472#2016866277,0,0.01217063,0
3602134198#3591598900,0,0.5709893,1
4435586554#4285709207,0,0.5636632,1
2077171978#2051253311,0,0.0130707845,0
4938690872#4534359957,0,0.010902373,0
4643809596#2296574953,0,0.012123755,0
2026258520#2026258519,0,0.5919297,1
2740883313#4442444769,0,0.011331754,0
1403928333#1684806079,0,0.26104826,0
5210259474#5199216300,0,0.37236255,0
3016942950#4031814900,0,0.011008186,0
1453527936#3474743878,0,0.011597362,0
3993041966#4825375981,0,0.01243165,0
4479070818#373850283306,0,0.012455653,0
1638853392#2057552209,0,0.013045614,0
1944864795#3761153782,0,0.011984203,0
2118965491#1417009342,0,0.5645187,1
5206198663#3053472155,0,0.32076812,0
4036848581#4108691753,0,0.011463797,0
2119398744#2111350136,1,0.30466193,0
2088554701#146011948003,0,0.25478703,0
4946289727#1640284457,0,0.012796518,0
3648903741#4226659635,0,0.011309892,0
4057038032#4157551094,0,0.011664719,0
1708981181#18466601978,0,0.01189205,0
1914706723#1736318365,0,0.011915022,0
183335907108#18466601978,0,0.011288074,0
2056478070#2070627808,0,0.57369334,1
4206177048#1830214692,0,0.011755131,0
2065023459#2065023449,0,0.29477292,0
146011937628#2088554701,0,0.2863688,0
4447023801#3729925561,0,0.011115013,0
4553673830#1716261756,0,0.01243165,0
2074388205#5010064143,0,0.011331754,0
4643941609#2296537627,0,0.5757222,1
1667001955#4728076352,0,0.01170984,0
18468695966#5199216295,0,0.01189205,0
12910266318#114401992972,0,0.012407694,0
4043193319#2973532517,0,0.011115013,0
2973532517#114693583065,0,0.011419616,0
3278113988#69607735174,0,0.013222822,0
2114390938#1834023606,0,0.011485952,0
2060192911#2128656141,0,0.012624948,0
4165283827#4435666805,1,0.4123379,0
4155642921#1429413488,0,0.011179602,0
2138881484#2027457633,0,0.12716407,0
5210263415#5354187271,1,0.26971015,0
430837878381#18466601978,0,0.011938039,0
4590233117#4385069368,0,0.01200735,0
1639253622#4452228094,0,0.011664719,0
4232728984#1453527936,0,0.12431928,0
4451288784#2058531412,0,0.012895588,0
2081884594#4824054256,1,0.58398944,1
1888052790#2098280462,0,0.07504072,0
4442900590#3446029032,0,0.25004193,0
5010064143#1590547354,0,0.012552118,0
1665894324#3290768654,0,0.011266297,0
117154450703#3230219871,0,0.010986943,0
4108649868#2063057962,0,0.10511864,0
1429413488#4077027238,0,0.26535663,0
1627677359#4391919171,0,0.011136502,0
1759198080#2055626030,1,0.33030918,0
1834023606#1780636692,0,0.08166611,0
3033446767#4898730640,0,0.2919388,0
4108691753#2150886701,0,0.027066177,0
3395466908#135028851546,0,0.011938039,0
29607392514#3927439605,0,0.011353657,0
4232471781#4018083310,0,0.01107216,0
3715869354#4261128456,0,0.012649318,0
4209814745#1537709317,0,0.48598844,0
2062285767#1432014682,0,0.56277734,1
1805614122#1723151709,0,0.26345727,0
14613588147#2113712804,0,0.013045614,0
178615973311#4241366976,0,0.011331754,0
2119388082#2137028345,0,0.01153039,0
4420971756#2118965491,0,0.012194133,0
3591598898#3601857963,0,0.5752003,1
2117971399#3043036534,0,0.576691,1
4348295931#2056078364,0,0.011732466,0
1479236025#1479236027,0,0.18824936,0
3629624977#4254790911,0,0.011353657,0
4703840109#3580539229,0,0.5677569,1
3972742243#3602134198,0,0.21850258,0
1778986389#1638853392,0,0.012945405,0
1500161456#4219594137,0,0.011050795,0
2058531412#18467725403,0,0.010944578,0
4726073967#81553005637,0,0.3403207,0
4065797638#3289002505,0,0.28388065,0
1665894324#87008148161,0,0.012264914,0
3993296567#4006530352,0,0.011441684,0
4548461997#2027839123,0,0.0120770605,0
4071233134#4176537188,0,0.012241275,0
2058663034#4221651134,0,0.01107216,0
1656969942#138960910846,0,0.0121003855,0
4589775642#4530026053,0,0.2055353,0
29299658960#4447023767,0,0.012217682,0
135028851546#2165015488,0,0.012895588,0
4108649868#4036848581,0,0.5745887,1
3047031444#3108657350,0,0.011869121,0
4254790911#44498925795,0,0.011266297,0
3081749686#3052165975,1,0.31901532,0
156116289986#156273955489,0,0.012895588,0
2057082463#4825375981,0,0.011266297,0
1417009342#2056727309,0,0.34375468,0
4589775642#4589830735,0,0.07185127,0
4705427870#5185529458,0,0.011353657,0
4824054256#5185529458,0,0.022032265,0
9062983415#2113712804,0,0.012673735,0
44498925795#2162682667,0,0.011201214,0
2128656141#2056520022,0,0.01096574,0
90189178714#4792436579,0,0.014871003,0
109165560395#5210259474,0,0.012264914,0
1431887069#2057202352,1,0.29548398,0
3287136303#2268304430,0,0.012503792,0
4589830735#4043193319,0,0.013096004,0
1500161456#1453532038,0,0.011463797,0
4643943359#2113093450,0,0.206094,0
4538375930#3926963318,0,0.30855474,0
4272843119#4411426624,0,0.011777842,0
2339749085#2061244620,0,0.012722708,0
4076081471#3287136303,0,0.01170984,0
2056478070#6013639039,1,0.5353566,1
1565925308#1410164195,1,0.24789639,0
50016874555#126501897635,0,0.27629983,0
2119478248#1415554755,0,0.012503792,0
3289002505#3927439605,0,0.2669302,0
3929215225#1492507866,0,0.011961098,0
2051966916#1661790023,0,0.33437207,0
5062861485#4065797638,0,0.011397587,0
1659519065#1696577548,0,0.3438924,0
4862024152#1965402836,0,0.011441684,0
4623972834#4792436579,0,0.011441684,0
4057038032#5169252503,0,0.011597362,0
69609155599#69055008791,0,0.36375985,0
1818675501#1696577548,0,0.29696,0
4391918874#1875282048,0,0.28383103,0
4212827921#3770456617,0,0.011331754,0
2339749085#2219112205,0,0.011687259,0
4589929428#2065023453,0,0.01155267,0
314601336135#3072524524,0,0.012383785,0
379478718058#4838534990,0,0.29900286,0
18466354888#4590185312,0,0.37857398,0
1431851220#1446739157,0,0.012217682,0
2058278464#2057211704,0,0.011093566,0
3612961288#4455655369,0,0.28407922,0
4877560558#4226781300,0,0.21526825,0
4285617569#3995923367,0,0.011331754,0
1693941156#1746603523,1,0.57452905,1
1537709306#3551952830,0,0.26407358,0
2055298458#3926967278,0,0.09017308,0
2088439298#2117971399,1,0.28791797,0
2057120547#2057120532,0,0.4186969,0
4272843119#1453527936,0,0.011309892,0
564144132292#4232471781,0,0.012407694,0
4862024152#2075393157,0,0.03835798,0
3474743878#3601857963,0,0.389953,0
1417015453#2118965491,0,0.39213315,0
4998365450#4898730640,0,0.28661826,0
4316999113#4285491833,0,0.27566564,0
2078213282#3053472155,0,0.55419904,1
4542321633#3836576451,0,0.22893131,0
415654832276#455581610977,0,0.012383785,0
4202053398#3245545040,0,0.012312326,0
2079578434#3915411982,0,0.011309892,0
5076405390#3054084564,0,0.33854166,0
1684806079#2054733437,0,0.012194133,0
3913410158#4414530598,0,0.011375601,0
1830525969#1818675501,0,0.56154543,1
14613461654#2077171978,0,0.011846237,0
1505439079#14190297481,0,0.011397587,0
4150903702#4202053398,0,0.01155267,0
5094736780#7161173338,0,0.26421598,0
2063878463#4938690872,0,0.0124797,0
4623934568#4590233117,0,0.01189205,0
109765155485#1944864795,0,0.012053779,0
2011670508#1423044582,1,0.32530618,0
2296537627#4090681438,0,0.012217682,0
5169253299#5169257472,0,0.0111580305,0
1716261756#2055581605,0,0.011574996,0
3628839716#3513178266,0,0.5674723,1
1701593387#2062285767,0,0.5585076,1
4129059855#4792436579,0,0.27973008,0
3652959253#76198377822,0,0.01107216,0
2078213282#3020557801,0,0.011353657,0
4242696539#2113288221,0,0.012845959,0
2069985286#373850283306,0,0.011755131,0
2067179166#4575249992,0,0.011869121,0
3047031444#3046471496,1,0.5643836,1
2071793223#4450968363,0,0.011755131,0
2071864814#4943818903,0,0.011846237,0
4532014296#4526688596,0,0.23484507,0
3836576451#3836992879,0,0.57773364,1
117277915830#114453608394,0,0.31673902,0
1640284457#1423044582,0,0.3292839,0
4728076352#5206198663,0,0.4306112,0
3712801411#3278113988,1,0.29609424,0
4436356008#2114716134,0,0.011309892,0
1347237190#46983614517,0,0.012053779,0
2359572372#2165015466,0,0.35681078,0
5352675624#190330815066,0,0.012995414,0
4877560558#4529171947,0,0.06198946,0
1549897545#37959222365,0,0.011984203,0
2060290691#5169257472,0,0.011222866,0
2114716134#3903289669,0,0.44343475,0
3601857963#4259293142,0,0.013742321,0
1723151709#4451342530,0,0.01153039,0
1661790023#1326198016,1,0.31658053,0
4992689820#4511530729,0,0.55802596,1
4451342506#4261185678,0,0.5398931,1
2061309885#1431887069,0,0.55178505,1
2027457805#2113712804,0,0.024656855,0
4735432768#3913419748,0,0.561891,1
3628839716#3436663620,0,0.5702416,1
564144132292#2058494409,0,0.012920473,0
146011948003#1656969942,0,0.29386023,0
36551936093#4199527734,0,0.01153039,0
1537709317#2338916683,1,0.28972325,0
121528725386#3591598893,0,0.013325147,0
156117434515#1550894049,0,0.0121003855,0
2057186102#2057186115,0,0.25804543,0
3055561351#2662986035,0,0.011463797,0
3633572726#2092610533,0,0.07654563,0
3494236195#3870637640,0,0.011201214,0
2111350136#2111349786,0,0.3801835,0
4226781300#4529171947,0,0.012241275,0
3551952830#4209814745,0,0.56949353,1
4024663252#4451124306,1,0.05834584,0
18466522141#4261185678,0,0.011375601,0
2057082463#3995923367,0,0.0123361,0
1634250118#4455408499,0,0.011050795,0
4538335537#2165145983,0,0.012920473,0
2063839578#2150886701,0,0.012407694,0
4219594137#4219594127,0,0.27019125,0
90189178714#3633572726,0,0.01189205,0
2098280462#5206198663,0,0.0111580305,0
4283786658#106190147770,0,0.079853736,0
50016874555#4591638149,0,0.011597362,0
4232728984#2115678997,0,0.20922722,0
2081884594#2137028345,0,0.012722708,0
4828655959#3418808231,0,0.11546111,0
2057202352#2054736144,0,0.01170984,0
364662567901#1746603523,0,0.011441684,0
3487828519#4150903702,0,0.2502709,0
5199216300#5199216301,0,0.34513286,0
1556785910#4591638149,0,0.011353657,0
1693941156#2296537627,0,0.01170984,0
4636041774#4636382579,0,0.16291203,0
1736318365#4286394339,0,0.0135061005,0
4943818903#3806980943,1,0.5656587,1
1326198015#2055601072,0,0.19954185,0
4705427870#1565925307,0,0.012552118,0
5209073343#3715240690,0,0.27629983,0
3986575237#4072366761,1,0.577823,1
2055626031#2055626033,0,0.3037318,0
1425289196#4720990749,0,0.07779745,0
1318626251#2063572073,0,0.04556445,0
1659519065#1780636702,1,0.15380321,0
4129173722#1762522969,0,0.085479975,0
4346970606#1816427366,0,0.012217682,0
117873856741#4624086112,0,0.19261527,0
88520940864#87008148161,0,0.23248433,0
3446029032#2063572073,0,0.013325147,0
2071793223#1733350200,0,0.011309892,0
4181867888#109765155485,0,0.012312326,0
4657354263#4256622048,0,0.5740963,1
3995923367#3050152494,0,0.011419616,0
4944579314#5194366020,0,0.011463797,0
2060290691#1661790023,0,0.2614252,0
190330815066#210012116583,1,0.31205544,0
2054734592#2120518542,0,0.011136502,0
2115662086#4232471781,0,0.01153039,0
3610178183#2060042758,0,0.013121271,0
4542321633#3836992879,0,0.17532618,0
2122362220#4286394339,0,0.014899643,0
2119493181#1701593387,0,0.012312326,0
2057211704#2056727309,0,0.011777842,0
6633392282#3083904084,0,0.0123361,0
4877560558#2117971399,0,0.013222822,0
4232666143#4657354263,1,0.34317663,0
4242849949#4232728984,0,0.06518703,0
4436356008#2059397275,0,0.011574996,0
2061352093#4274088675,0,0.011915022,0
3915411982#4185429549,0,0.014337031,0
4973150488#14613466961,0,0.31568322,0
187508564338#2111346464,0,0.011008186,0
4623972652#2011670508,0,0.060696203,0
146778888902#2117931367,0,0.011353657,0
3903280581#3591598893,1,0.5281532,1
2059125338#2059977717,0,0.18952107,0
1912538880#1780636692,0,0.011179602,0
4436356008#2098280462,0,0.29543313,0
1590408241#1778796425,0,0.012241275,0
1659519065#4720990748,0,0.092687786,0
4897454823#107725296889,0,0.32348695,0
1710182160#2062633327,0,0.33111975,0
2119478248#2057986140,0,0.011508149,0
4810275464#2057120547,0,0.011755131,0
5206198663#4259293142,0,0.092359796,0
1816427371#3363359849,0,0.019719128,0
1627677359#2055298458,0,0.011201214,0
3972766136#3993296567,0,0.30440342,0
1778563597#2027839123,0,0.011375601,0
1431851220#2060836540,0,0.011687259,0
307410722133#3816455026,0,0.011664719,0
4199527734#3052760872,0,0.011846237,0
4572636292#4435566465,1,0.3414178,0
4385184737#1537709306,0,0.012264914,0
430837878381#2060042758,0,0.12951279,0
4768693982#2062285767,0,0.011823394,0
2057352941#1778986389,0,0.03365296,0
4165283827#4219594127,0,0.36395764,0
81902710995#4636382579,0,0.012527932,0
2111350136#2114716134,0,0.48326734,0
1736318365#3809186919,0,0.22261564,0
4750249486#4810275464,0,0.011755131,0
1319944364#1533725661,0,0.013020489,0
1830214692#3628839717,0,0.011266297,0
1590408241#3706865825,0,0.01200735,0
152713369272#3610178183,0,0.011309892,0
2056156370#1303518148,0,0.012194133,0
3240377870#2058258958,0,0.01153039,0
3045580653#1463883823,0,0.011266297,0
2011670508#2070025653,0,0.13369773,0
4071233134#4451288784,1,0.5829808,1
3287136303#5010035639,0,0.19667187,0
2050581826#50016874555,0,0.011619772,0
3806980943#3766757689,0,0.19605544,0
1710182160#14613588147,0,0.011397587,0
2113712804#2027457810,0,0.20032291,0
2065023444#2065023449,0,0.28407922,0
14613464513#4129173722,0,0.022264916,0
1479236025#1320992608,0,0.2919893,0
174006932062#2077171978,0,0.012030543,0
210012116583#156116289986,0,0.011463797,0
2063706226#2296451977,0,0.01155267,0
3836676657#3836992879,0,0.17596246,0
121528725386#1533725661,0,0.012383785,0
156117434515#183335907108,0,0.5631828,1
4897454488#2055601072,0,0.01200735,0
4451342530#4897454488,0,0.27610457,0
2056727309#1646205905,0,0.20402452,0
4006530352#4018083310,0,0.011115013,0
4479070818#2113712804,0,0.0124797,0
1743052872#3050152494,0,0.5528868,1
4808240601#4035397646,0,0.01200735,0
4065797638#3501315747,0,0.25146386,0
69055007639#69055008791,0,0.5714677,1
5194582482#1556785910,0,0.012194133,0
4077473357#3446029030,0,0.11100007,0
2051966916#1326198016,0,0.3110082,0
4451089335#3612961288,0,0.55346006,1
2150886701#2063888292,1,0.1532955,0
3641396498#4436356008,0,0.012576347,0
3501315747#4150903702,0,0.3495605,0
4242849949#2118965491,0,0.01102947,0
9746294364#3487828531,0,0.010902373,0
4509158303#3949154929,0,0.39390948,0
4825375981#4897862520,0,0.012552118,0
4665681736#4728076352,1,0.57706344,1
1805614122#1303518148,0,0.013121271,0
2056078364#2016866285,0,0.21239536,0
4643943359#5352185903,0,0.21917035,0
54158063899#81902710995,0,0.0118005965,0
4897454488#4898730640,0,0.01217063,0
2119398744#2165015466,0,0.24949297,0
2057898501#2055946248,1,0.58274335,1
3862453322#3072525687,0,0.011008186,0
4215058789#3319075608,0,0.5640985,1
2027839123#4354044382,0,0.5675621,1
7161172305#5094736780,0,0.28861922,0
3240377870#4479096850,0,0.0111580305,0
3046447657#4435666805,0,0.0118005965,0
4231111906#4226659635,0,0.5602827,1
3648903741#3415143762,0,0.31753206,0
2066535766#3629624977,0,0.011266297,0
4159034451#3995923367,0,0.012123755,0
4241366976#4354044382,0,0.558041,1
4455655369#1758869231,0,0.011136502,0
5352675624#3120043199,0,0.01214717,0
37959222365#1638853392,0,0.0112445615,0
2056520022#2057202352,0,0.011331754,0
2071751695#3402256673,0,0.011463797,0
3474685542#3513178266,0,0.24967586,0
4436356008#4316370583,0,0.011397587,0
2057082379#4877560558,1,0.012600625,0
3436663620#3513178266,0,0.555179,1
4285491833#1906908670,0,0.013146586,0
1479236028#1479236025,0,0.28066567,0
2063878463#1316070394,0,0.0112445615,0
5210260401#5352185903,0,0.26918152,0
2056078364#2177416829,0,0.5772422,1
212394033260#208339001895,0,0.55647486,1
174006932062#3591598893,0,0.011353657,0
2671772709#4272885125,0,0.011846237,0
2057211704#18466210670,0,0.012920473,0
2219112205#3017056355,1,0.32028952,0
173652977366#197910587768,0,0.2509128,0
3043036534#1723151709,0,0.25418487,0
114453608394#4768693982,0,0.38202617,0
4391919171#3816455026,0,0.012288597,0
1726591551#138960910846,0,0.01217063,0
3077307902#2640338192,0,0.012673735,0
1533725661#1349608070,0,0.012503792,0
2057275313#2071793223,0,0.29675615,0
4259293142#2078213282,1,0.24780536,0
4657354263#4862024152,0,0.013273888,0
4215058789#4808240616,0,0.0109234555,0
4606793746#4828653957,0,0.38237208,0
3972766136#1453527936,0,0.011777842,0
4589830735#3077743360,0,0.01102947,0
2027457805#2027457810,0,0.30424836,0
4860360403#1778796425,0,0.011846237,0
1434305170#4538332005,0,0.011353657,0
4285617569#1474190672,0,0.012359919,0
1416528046#3988152389,0,0.01217063,0
4129059855#3612961288,1,0.5548775,1
12910266318#52346437064,1,0.55849254,1
2062285767#4635981164,1,0.580129,1
2057082463#4720990749,0,0.011288074,0
1474190672#3046471496,0,0.013146586,0
2075393157#4436356008,0,0.012030543,0
2057186115#2057186168,0,0.19821934,0
2114716134#2165015488,0,0.5464356,1
4691126574#4168332323,0,0.33095756,0
3474685542#1592367367,0,0.012845959,0
4643941609#18467725403,0,0.57182634,1
2114279054#3496048657,0,0.012407694,0
3648904752#3729925561,0,0.50064087,1
1434312727#1425289196,0,0.56064355,1
1479236023#1479236028,0,0.24963012,0
4272887201#4317041484,0,0.55148315,1
1637980981#2114716134,0,0.011136502,0
76198377822#4877560558,0,0.011777842,0
2059977717#2111038059,0,0.30208215,0
1600123318#5352675624,0,0.011642225,0
2059124838#3023688258,0,0.3681217,0
4199527734#1805614122,0,0.011266297,0
1354017991#2060836540,0,0.011136502,0
1712137054#245814065042,0,0.0120770605,0
4165922067#4215058789,0,0.011984203,0
4898730640#4511530729,0,0.28477487,0
2079578434#2143152116,0,0.25450897,0
2079578434#2060192911,0,0.1727293,0
1758869231#7161173338,0,0.23187502,0
1727736761#3495408683,0,0.011574996,0
1425598204#1505439079,0,0.012771868,0
2072319821#2740883313,1,0.571662,1
4828655959#4401898255,0,0.22764099,0
4451342530#107725296889,0,0.2874677,0
3602134198#3591598893,0,0.22979437,0
2268304430#3016942950,0,0.5590192,1
114693583065#121528725386,0,0.1765296,0
3591598893#124657516337,0,0.012624948,0
2075393157#4643809596,1,0.4586707,0
4327866563#156117434515,0,0.16559312,0
2027457810#4636508845,0,0.21003625,0
1614597826#2066977172,0,0.011846237,0
249652232743#2111346464,0,0.012217682,0
3715785447#3715869354,0,0.3054901,0
4272843119#4526688598,0,0.012527932,0
3633495980#2063839578,0,0.01498589,0
4705427861#4705427870,0,0.23466964,0
430837878381#4538375930,0,0.018264279,0
4181867888#3929215225,0,0.29355633,0
3931049291#4254790911,0,0.26521388,0
1403216308#3363374184,0,0.0123361,0
1533725661#2059397275,0,0.27221802,0
3715877024#3715869354,0,0.55228317,1
1565925308#1878732185,0,0.19674902,0
146778888902#146777938215,0,0.18698418,0
2063057962#2060042758,0,0.013982613,0
2026069710#3289002505,0,0.011485952,0
3946838650#4448697469,0,0.27125168,0
4450968363#2112250533,0,0.01217063,0
2058531412#1416827061,0,0.011961098,0
3715869354#4031814900,0,0.552585,1
3972766136#2523741989,0,0.024821788,0
2268287413#2359348328,0,0.5538371,1
1659951159#4720990748,0,0.095771484,0
4623934568#4205438611,0,0.012845959,0
2063572073#2071793223,0,0.26307842,0
3451234547#3628839717,0,0.56508875,1
3053472155#1667288610,0,0.010881333,0
4272885125#1912538880,0,0.48249006,0
1660889815#3445905086,0,0.027690258,0
1726591551#2120525705,1,0.27023944,0
2296574953#3395466908,0,0.011288074,0
3043036534#3461052410,0,0.1582394,0
1812202957#4272843119,0,0.01217063,0
2060189370#4534359957,0,0.012030543,0
4231111906#4657354263,0,0.27019125,0
3602134198#3601857963,0,0.57634825,1
2055626031#1929467433,0,0.013273888,0
2115662086#2068436073,1,0.20641373,0
1432014682#2066535766,1,0.5621615,1
4589929428#2165015488,0,0.012673735,0
4511530729#2143152116,0,0.012407694,0
52346437064#18465721026,0,0.011419616,0
2162682667#5067776785,0,0.011961098,0
3287633018#203654552716,0,0.011136502,0
3578109143#203654552716,0,0.011463797,0
4391918874#4391919171,0,0.55632424,1
3973253490#1372557160,0,0.020944208,0
4221651134#90189177809,0,0.01107216,0
2340035845#4205424867,0,0.32055536,0
4179651570#2281691154,0,0.011823394,0
4742698844#1354017991,0,0.012673735,0
2057082463#2057082379,0,0.15520647,0
4297145562#4945702240,0,0.3952217,0
2165015466#2114716134,0,0.4516628,0
1423044582#2070025653,0,0.14535783,0
200569781240#3633495980,0,0.0111580305,0
4720990749#156276503685,0,0.3133147,0
415654814203#415654832276,0,0.57287216,1
2055601072#2060290691,0,0.068288535,0
1590527066#18467669365,0,0.011353657,0
5169257472#5169252503,0,0.29538235,0
4808180492#4808240601,0,0.3097018,0
4943818903#114401992972,0,0.012264914,0
2074388205#2056929980,1,0.53553116,1
5169252712#5169252503,0,0.31954592,0
156276601478#2016866285,0,0.012600625,0
2120518542#1410164195,0,0.31457675,0
2181531828#2183968048,0,0.5711687,1
2057112219#1614597826,0,0.011485952,0
3474685537#3513178266,0,0.26464334,0
4256906448#178615973311,0,0.011463797,0
4636508851#2027457810,0,0.36043277,0
1634282666#1778563595,0,0.19891867,0
2050840604#2066246683,0,0.29350573,0
2063873633#2057186168,0,0.012030543,0
1590527066#1556785910,0,0.0118005965,0
2113288221#2165015488,0,0.3561667,0
2122362220#4285709207,0,0.18484107,0
3474685542#5123189265,0,0.011008186,0
2359348328#2067179166,1,0.53087497,1
2057186102#2057120532,0,0.36375985,0
4219594127#2050429337,1,0.56837094,1
4526688598#415654832276,0,0.012821214,0
4261128456#4031814900,0,0.012123755,0
4199527734#3929215225,0,0.012527932,0
3525475722#14613461939,0,0.39236593,0
4451124306#4215027256,0,0.26592815,0
3715877024#1456843034,0,0.012053779,0
4435666805#4206310186,1,0.4803987,0
3621799271#4774992939,0,0.552932,1
2061673563#4726073967,0,0.20252204,0
1347237190#1701470611,0,0.011331754,0
2115678997#1430989592,0,0.012920473,0
1736318365#3621799271,0,0.012920473,0
3055561351#1903466347,0,0.0130707845,0
2055946248#2111038059,0,0.2758119,0
3846877365#3715869354,0,0.012821214,0
2640338192#3290768654,0,0.109705776,0
4451124293#4465664542,0,0.021084841,0
3692826364#1431851220,0,0.0120770605,0
4742698844#3993296567,0,0.013689477,0
1646205905#1417009342,0,0.27173457,0
3072564418#1549897545,0,0.33052522,0
3809186919#5209073343,0,0.012722708,0
2117971015#4145496082,0,0.25711167,0
4705427870#190330815066,0,0.013096004,0
4165151066#3023688258,0,0.011619772,0
3648904752#4272885125,0,0.10141132,0
1308273301#5078702464,0,0.011869121,0
2061352093#3610178183,0,0.011353657,0
3629624977#3913419748,0,0.5754836,1
2060189370#2060836540,0,0.011777842,0
87008148161#90189178714,0,0.21444455,0
138961977066#18465721026,0,0.27289566,0
4327866563#4043193319,0,0.01155267,0
4878579203#3083904084,0,0.011463797,0
178615973311#4448830722,0,0.011266297,0
2117971015#2150886701,0,0.011508149,0
1326198015#3285703159,0,0.2665959,0
4643943359#6013639039,0,0.23952717,0
2026258519#3896058143,0,0.011463797,0
3451234547#3513178266,0,0.5668879,1
4231111906#46983614517,0,0.011574996,0
4161509156#4691126574,0,0.28532216,0
1701593387#1432014682,0,0.28348377,0
3487828519#3487828531,0,0.29859364,0
2296537627#18467669365,0,0.011597362,0
2058258958#1537709306,0,0.2608599,0
2296451977#5210259386,0,0.14181541,0
2296451977#4065797640,0,0.0111580305,0
5185529458#4529171947,0,0.016466174,0
4188977524#3501315747,0,0.28547153,0
3931049291#3056884476,0,0.011664719,0
1492507866#3602134198,0,0.011984203,0
2114390938#1639275755,0,0.011915022,0
3052169593#3052760872,0,0.30647513,0
2056727309#18466522141,0,0.01107216,0
1778563597#1634282666,0,0.5709295,1
3240377870#4452228094,0,0.012241275,0
4057038032#3997209484,0,0.011961098,0
1416827061#2080829137,0,0.011093566,0
69055007639#69609155599,0,0.5079492,1
4451342530#2070691342,0,0.011961098,0
3525475722#2455800880,0,0.26683462,0
10175162517#9746294364,1,0.5700172,1
1417009342#1417015453,0,0.3866187,0
4209814745#1537709306,0,0.5400295,1
2057552209#3580539229,0,0.19891867,0
3055561351#156117434515,0,0.021698097,0
4575249992#4757328062,0,0.012624948,0
5169257472#138961977066,0,0.2638364,0
4808238795#2058663034,0,0.012123755,0
3578109143#2072319821,0,0.012698199,0
3054084564#53263231637,0,0.012217682,0
4411426624#3683502845,0,0.11956225,0
106190147770#47752312088,0,0.011331754,0
4231111906#4232471781,0,0.5591546,1
455581610977#492316061640,0,0.5476455,1
87008148161#90189177932,0,0.22609939,0
2055626031#1659951159,0,0.011136502,0
117873856741#3120043199,0,0.011093566,0
4415227218#2056156370,0,0.011619772,0
2138881484#5121642074,0,0.012527932,0
4947650145#3043036534,0,0.056809198,0
5210259386#2283920901,0,0.011288074,0
4226659634#4231111906,0,0.55921483,1
4188896319#4065797640,0,0.18300885,0
2150886701#2079578434,0,0.011642225,0
1552378116#4804117485,0,0.2801238,0
114453608394#1882929309,0,0.012288597,0
14190297481#52346437064,0,0.572439,1
1727736762#1778563597,0,0.2525223,0
4436356008#4623788579,0,0.24418274,0
4705427861#4357742929,0,0.18206167,0
4716857454#3926967278,0,0.01102947,0
29299658960#2068654074,0,0.263552,0
1774582761#379478718058,0,0.012288597,0
2074388205#2072319821,0,0.01170984,0
174006932062#2063839578,0,0.011961098,0
3050152494#1558033119,0,0.011397587,0
2523741989#4272137501,0,0.0588847,0
1446739157#1590527066,0,0.3054383,0
2077171978#4878261986,0,0.011687259,0
2077171978#1712137054,0,0.24594426,0
4878082767#4878261986,0,0.30611202,0
138961977066#5169252503,0,0.40904376,0
174006932062#3929215225,0,0.01214717,0
2671772709#4691126574,0,0.039342504,0
1535646713#4414530598,0,0.0120770605,0
4506633524#2056078364,0,0.0123361,0
4526688596#4530026055,0,0.56828105,1
3033446767#2111818909,0,0.5512416,1
3591598900#3591598893,0,0.23144047,0
1834169653#227607176751,0,0.011869121,0
4215038721#4215027256,1,0.35504776,0
4435586554#4348295931,0,0.19767669,0
4357742929#2016866285,0,0.0124797,0
4316999082#4316999113,0,0.34781396,0
2176434538#1878732185,0,0.01243165,0
2159160651#2117971399,0,0.57633334,1
1592253963#1696577548,0,0.0112445615,0
232579778763#4973150488,0,0.011597362,0
1550894049#4205438611,0,0.011222866,0
1453527936#2115678997,1,0.3232199,0
2065023459#2065023453,0,0.5497615,1
47752312088#4755359264,0,0.27561688,0
3418808231#1834169653,1,0.575081,1
2119388077#2183428945,0,0.55766463,1
4526688598#4035397646,0,0.066934206,0
4261128452#2057082379,0,0.012030543,0
4181867888#3606108939,0,0.012845959,0
4157551094#1711846546,0,0.011687259,0
4750249486#2069985286,0,0.0118005965,0
4448697469#4261128452,0,0.011642225,0
4043193319#114453608394,0,0.012241275,0
4447023801#3997209484,0,0.013171949,0
4232728984#2068436073,0,0.1399244,0
4705427870#4828655959,0,0.012995414,0
1667001955#3363359849,0,0.113432206,0
2059109005#3446029032,0,0.01153039,0
138960910846#4205424867,0,0.011201214,0
4897454823#4479096850,0,0.37239107,0
2455800880#2455842713,0,0.27459446,0
1417015453#109165560395,0,0.012796518,0
2114279054#2058494409,0,0.011441684,0
1778986389#1878732185,0,0.19783162,0
1318626251#373850283306,0,0.012194133,0
5185244731#152713369272,0,0.011485952,0
4643941609#18468695966,0,0.5721701,1
3494236195#1634282666,0,0.011823394,0
2060290691#2058663034,0,0.2295352,0
4509158303#4391918874,0,0.06760823,0
14190297481#47752312088,1,0.5639334,1
1712137054#4231111906,0,0.012503792,0
2050840604#407966480507,0,0.012895588,0
1885490974#3816455026,0,0.011687259,0
370314330573#4878579203,0,0.01243165,0
3903280586#3903280573,0,0.55763453,1
2070686849#1667288610,0,0.010986943,0
4673557611#14190297481,0,0.27855107,0
5206198663#2078213282,0,0.19744444,0
370314330573#1483087858,0,0.01102947,0
2057573219#3461052410,0,0.02023532,0
2056520022#1431887069,0,0.01107216,0
3766757689#2159160651,0,0.011050795,0
4824054256#4090681438,0,0.012698199,0
1590408241#4283786658,0,0.01217063,0
4808238795#4720990747,0,0.26203847,0
4636382579#1410164195,0,0.0118005965,0
4538375930#3846877365,0,0.12678517,0
138961977066#210012116583,0,0.012312326,0
2060192911#2054733437,0,0.011664719,0
146778888902#219547393842,1,0.2129677,0
114401992972#2119388077,0,0.013045614,0
126501897635#1639325148,0,0.012217682,0
2117967935#2066535766,0,0.5511359,1
1723151709#4952427189,0,0.010986943,0
4506633524#1600123318,0,0.12226098,0
4386494215#4090681438,0,0.28214675,0
2057858826#2050581826,0,0.013045614,0
106190147770#3495408683,0,0.0112445615,0
5169252503#18466210670,0,0.16620122,0
4776817109#5094736780,0,0.5647587,1
2065023459#4662517140,0,0.011179602,0
183335907108#4180609537,0,0.01200735,0
3485676898#1655427579,0,0.012264914,0
3052169593#2115662086,0,0.3198114,0
3289002505#4065797640,0,0.5650288,1
4824054256#4705427870,0,0.011222866,0
4878082767#4526688596,0,0.012698199,0
3896058143#4777051438,0,0.01107216,0
1479236024#1320992607,1,0.26640502,0
1656969942#2739075334,0,0.045734633,0
200569781240#18467669365,0,0.011288074,0
29607898384#2068654074,0,0.26388383,0
4206304466#1684806079,0,0.011375601,0
227607176751#1423044582,0,0.012600625,0
2455842712#4283786658,0,0.012030543,0
6633440508#1627677359,0,0.012241275,0
1667032705#237523614768,0,0.012383785,0
3487828531#4150903702,0,0.2690374,0
4526688598#1639325148,0,0.012030543,0
406088738482#1483087858,0,0.01170984,0
4274088675#4176537188,0,0.5551639,1
114693583065#1811511062,0,0.011201214,0
9062983415#1592367367,0,0.01107216,0
117154450703#3077743360,0,0.01566365,0
2297005450#564144132292,0,0.012217682,0
3436663620#3451234547,0,0.55434984,1
4442900590#3742463975,1,0.5675771,1
4636041770#54158093151,0,0.012796518,0
3053472155#3240377870,0,0.01170984,0
3862453322#2063888292,0,0.012576347,0
4636522140#4532035181,0,0.011984203,0
81553005637#2061673563,0,0.26549944,0
3072564418#3903280581,0,0.012264914,0
114401992972#14190297481,0,0.011463797,0
1403928333#2060192915,0,0.18090117,0
3632560565#1431851220,0,0.0124797,0
1372557160#114693583065,0,0.011331754,0
4176537188#146011948003,0,0.011869121,0
4435586554#4285491833,0,0.5340126,1
249652232743#156273955489,0,0.013171949,0
3446029032#4077473357,0,0.56916434,1
4636522140#4444948728,0,0.5531885,1
1774582761#5060996735,0,0.011353657,0
2061441544#2283920901,0,0.4015118,0
4452228094#3485676898,0,0.011115013,0
1905948078#3580539229,0,0.011201214,0
4006530352#2118643101,0,0.11075937,0
3644272514#90189177809,0,0.010986943,0
3633495980#3629624977,0,0.1732882,0
54158093151#3934681694,0,0.24508502,0
4465664542#2455842712,0,0.011732466,0
4202053398#4145496082,0,0.0112445615,0
4036848581#4052058734,0,0.5253878,1
1639394625#5163452200,0,0.044764314,0
2057858826#2071793223,1,0.25706506,0
1712570793#47752312088,0,0.011597362,0
1708981181#4005134611,0,0.24603482,0
4036848581#1425598204,0,0.080574244,0
2056520022#3230219871,0,0.2567854,0
309312101477#156273955489,0,0.2798285,0
2057120547#2076366005,0,0.052134257,0
11087571368#4471122121,0,0.3037318,0
2065023453#1906908670,0,0.31189823,0
107725296889#4897454488,0,0.54988235,1
47752312088#3461052410,0,0.012455653,0
4202053398#4897454510,0,0.012312326,0
4391919171#4584646241,0,0.3524525,0
2359348328#2123106282,0,0.011915022,0
4808240601#4808238795,0,0.25059173,0
156117434515#2060836540,0,0.115910664,0
4514271066#4401898255,0,0.37025383,0
3683502845#3445905086,1,0.5609893,1
4196030610#152713369272,0,0.012870749,0
4065724850#4698569942,0,0.31779665,0
4636446230#5163452200,0,0.05227922,0
2066246683#3809186919,0,0.24903609,0
2115662086#307410722133,0,0.012503792,0
4878579203#4623972834,0,0.011266297,0
4356117363#2219112205,0,0.019289602,0
5210263415#29607898384,0,0.011353657,0
4317041484#1811511062,0,0.011008186,0
4065797640#4150903702,1,0.12890847,0
2057986140#2063057962,1,0.5767953,1
2057685237#3973253490,0,0.0118005965,0
3083904084#379478718058,0,0.20657375,0
2068611560#6013639039,0,0.50957376,1
1758869231#4636143697,0,0.0118005965,0
2359572372#3978215502,0,0.011115013,0
1818675501#2112250533,0,0.01155267,0
4346970606#2072319821,0,0.01189205,0
4226781300#14613476507,0,0.25487974,0
5123189260#3926741754,0,0.01214717,0
370314330573#4469027502,0,0.011008186,0
3487828519#3942084480,0,0.01217063,0
4947650145#156274815378,0,0.012649318,0
4180609537#3016942950,0,0.012312326,0
2947790103#2115880476,0,0.24789639,0
2070025653#4946289727,0,0.25483337,0
4790633062#4808240601,0,0.31753206,0
197910587768#117277915830,0,0.26535663,0
4899954714#4509158303,0,0.011353657,0
2057858826#2060062994,0,0.011777842,0
2117967935#4232666143,0,0.011179602,0
2112250533#109165560395,0,0.01200735,0
14613461939#2120525705,0,0.011664719,0
4511530729#5067776785,0,0.3710227,0
5078702464#3290768654,0,0.011597362,0
2068436073#2115678997,0,0.2714448,0
37959222365#1434312727,0,0.011008186,0
4623788579#4623017083,0,0.012241275,0
2057202352#1431930648,0,0.30208215,0
3949154929#54158054598,0,0.011485952,0
14613466961#124657516337,0,0.012359919,0
5210260401#5210259386,0,0.3721914,0
2063873633#4391918874,0,0.011419616,0
2061673701#4415227218,0,0.011397587,0
4206177048#3606108939,0,0.012455653,0
4635981164#1746603523,0,0.011419616,0
4435666805#3913554478,0,0.0118005965,0
7161173338#173652977366,0,0.012995414,0
1347237190#2117971399,0,0.0118005965,0
1416827061#1639324466,0,0.012527932,0
1638853392#1634282666,0,0.5794599,1
3896058143#2112250533,0,0.0118005965,0
4043193319#6633392282,1,0.14984211,0
4469027502#1483087859,0,0.2719762,0
3715240690#4090681438,0,0.011050795,0
4065797640#4828655959,0,0.011309892,0
3806980943#2027457810,0,0.011266297,0
10175162517#54158062043,0,0.018072655,0
4810275464#3240377870,0,0.011397587,0
3487828531#4553673830,0,0.0127472645,0
2180579787#2183968048,0,0.5735291,1
4161509156#4947650145,0,0.011375601,0
4226659635#1510345157,0,0.0111580305,0
5123189265#7161172305,0,0.2963487,0
1816427366#1712570793,0,0.5233442,1
3046471496#4810275464,0,0.089693524,0
4031814900#4327866563,0,0.03237491,0
4005134611#1877399023,0,0.3375583,0
4219594137#4952427189,0,0.011938039,0
4825375981#2359113449,0,0.012053779,0
2219112205#4878082767,0,0.36891714,0
106190147770#245814065042,0,0.2695178,0
1656969937#1830214692,0,0.01170984,0
29298304831#29607898384,0,0.23788561,0
4506633524#3926963318,0,0.31399795,0
4274088675#4219594137,0,0.011179602,0
2027457633#1805614122,0,0.011441684,0
4526688599#4526688598,0,0.121112876,0
88520940864#69055007639,0,0.2726535,0
4356117363#4878082767,0,0.5105956,1
4750249486#4451089335,0,0.22661245,0
1716261756#1780636692,0,0.5725883,1
2297005450#1505439079,0,0.012030543,0
3055561351#2111038059,0,0.011915022,0
4206177048#1423044582,0,0.30141348,0
4998365450#4606793746,0,0.38499886,0
4076081471#5134159053,0,0.011115013,0
314601953357#1659951159,0,0.011288074,0
4415227218#4316370583,0,0.0121003855,0
1830525975#1834023606,0,0.52631426,1
2070691342#4947650145,0,0.011093566,0
3072525687#2056156370,0,0.0127472645,0
4662517140#1639275755,0,0.012217682,0
2066535766#2136847331,0,0.012673735,0
4256725997#4256906448,0,0.56103444,1
3881629589#146011948003,0,0.011597362,0
1479236023#1479236027,0,0.05921025,0
2163161399#3235756553,1,0.2555294,0
156117434515#2340035845,0,0.011619772,0
2359113449#2058494409,0,0.011961098,0
4792436579#4034038494,0,0.011397587,0
1727736761#1708981181,0,0.011375601,0
14613466961#14613461654,0,0.32252598,0
2092610533#2117971399,0,0.012576347,0
4878579203#3997209484,0,0.011619772,0
3816455026#4036848581,0,0.5726033,1
3045566056#2076366005,0,0.04560694,0
4838534990#1701593387,0,0.011619772,0
4808180492#1646205905,0,0.012600625,0
3501315747#3487828531,0,0.5673524,1
4808180492#2111038059,0,0.011732466,0
1552378116#2057186102,0,0.011642225,0
4212827921#53263231637,0,0.1567492,0
1403216308#4877560558,0,0.014728613,0
4624086112#69055008791,0,0.012217682,0
1693941156#1834023606,0,0.028490044,0
3946838650#4804117479,0,0.52032113,1
4346970606#3761153782,0,0.012576347,0
76198377822#5210260401,0,0.013020489,0
1759198080#2054736144,0,0.012123755,0
2059977717#2058663075,0,0.011463797,0
2067179166#3232083339,0,0.011597362,0
14613461654#14613461939,0,0.25576168,0
4526688599#303433622485,0,0.011823394,0
1417015453#2114048932,0,0.2798777,0
2061244620#1431930648,0,0.29573813,0
156117434515#2055581605,0,0.012241275,0
2063878463#4090681438,0,0.01170984,0
4070427569#3761153782,0,0.011222866,0
1639412951#1639275755,0,0.06008665,0
4202053398#1354017991,0,0.012698199,0
2057211704#1417009342,0,0.25381476,0
2055946129#1656969937,0,0.012264914,0
4755359264#12910266318,0,0.56220657,1
4526688599#4973150488,0,0.01155267,0
2051253311#2057986140,0,0.012030543,0
1403216308#2056520022,0,0.28731766,0
4385184631#2059124992,0,0.17702699,0
2947790103#3946838650,0,0.030014923,0
3770456617#4354044382,0,0.38885006,0
4808238795#4808180492,0,0.30533472,0
4256725997#4790633062,0,0.010902373,0
2079578434#1684806079,0,0.25566873,0
1830525969#1830525975,0,0.36531517,0
4878579203#315728832242,1,0.2844766,0
1307874587#4385184737,0,0.23014024,0
10175162517#3289002505,0,0.11516223,0
2060062994#2063572073,0,0.012552118,0
156276503685#2065699619,0,0.0123361,0
4643943359#4643809596,0,0.010986943,0
1816512025#1659519065,0,0.30100238,0
2055626031#2055626030,0,0.5663484,1
3903280567#5022594784,0,0.011664719,0
3485676898#3770456617,0,0.012407694,0
3995923367#3881629589,0,0.012407694,0
4346970606#1549897545,0,0.0121003855,0
178615973311#173652977366,0,0.3011051,0
14613466961#14613461939,0,0.26822203,0
4824054256#135028851546,0,0.0120770605,0
4454799835#3319075608,0,0.011687259,0
4973150488#2455800880,0,0.26769522,0
4465664542#4316370583,0,0.0118005965,0
3913554478#3485676898,0,0.011961098,0
50016874555#1535646713,0,0.014756983,0
4242696539#4705427870,0,0.5611246,1
492316061640#3020557801,0,0.11279541,0
2268287413#2268304430,0,0.29082978,0
4455408499#2061673701,0,0.22558719,0
3045566056#2359348328,0,0.012722708,0
3628839717#3513178266,0,0.5679665,1
2092610536#2050840604,0,0.5719907,1
106190147770#29298304831,0,0.011008186,0
4636508851#2118416856,0,0.011397587,0
1308273301#111110399548,0,0.013532149,0
2119478248#2359572372,0,0.26573753,0
3993041966#3988152389,1,0.388473,0
4455408499#81553005637,1,0.115411244,0
4205424867#81553005637,0,0.012407694,0
1639412951#4636143697,0,0.56372327,1
4005134611#210012116583,0,0.011008186,0
4992689820#3108657350,0,0.35818467,0
4297145562#1401982309,0,0.5574087,1
4448830722#4636508845,0,0.01214717,0
5010035639#174006932062,0,0.012503792,0
1759198091#2055626031,1,0.5626121,1
4673557611#4716857454,0,0.012455653,0
2088439298#1711846546,0,0.2667391,0
407966480507#430837878381,1,0.57645255,1
392281366488#315728832242,0,0.012600625,0
3946838650#2073668282,0,0.013121271,0
1816512025#4526688599,0,0.012359919,0
3648903741#1912538880,0,0.49212712,0
2070691342#4219594127,0,0.39373463,0
2061352093#2071793223,0,0.2797793,0
81553005637#1500161456,0,0.011266297,0
69609155599#69054998391,0,0.30860683,0
3761153782#3513178266,1,0.37093723,0
2268304430#50016874555,0,0.011777842,0
60367620373#53263277044,0,0.2846257,0
3052760872#1500161456,0,0.01155267,0
1431851220#1432014682,0,0.5578152,1
4277564473#4215027256,0,0.01324833,0
3926963318#2065023444,0,0.011961098,0
4129059855#3075634363,0,0.011619772,0
2114438559#2070025653,0,0.3535677,0
2338916683#2339749085,0,0.32279277,0
1639325148#4165922067,0,0.012698199,0
364662567901#2339749085,0,0.01200735,0
111110399548#212394033260,0,0.25884086,0
2057120532#2057186168,0,0.17363824,0
4726073967#2118416856,0,0.3998116,0
3050152494#2056078364,0,0.22507578,0
4447023767#4633378534,0,0.29335386,0
53263277044#4952427189,0,0.012194133,0
2060290691#4450968363,0,0.012576347,0
4455655369#4452060617,0,0.2934045,0
3621799271#25405387739,0,0.563378,1
1432014682#5185529458,0,0.011050795,0
3017056355#3108657350,0,0.0111580305,0
1859920904#2740883313,0,0.011331754,0
4150903702#4188896319,0,0.045437217,0
1320992607#2117971015,0,0.012053779,0
3706927247#146778888902,0,0.2738656,0
4529171819#3715869354,0,0.012649318,0
4188977524#4188896319,1,0.5648037,1
3060607943#1394416929,0,0.25404602,0
4323500487#1667001955,0,0.012624948,0
5352675624#5199216300,0,0.18374003,0
189546061243#5210259474,0,0.011777842,0
1432014682#3045580653,0,0.01200735,0
2050429337#4206310186,0,0.55021465,1
1878732185#4534359957,0,0.011755131,0
3551952830#4354544112,0,0.012030543,0
4447023801#4323500487,0,0.5732903,1
4448697469#4804117485,0,0.5578905,1
4070427569#4435792377,0,0.23484507,0
3081749686#3245545040,0,0.011331754,0
2058531412#4254790911,1,0.53758764,1
4804117485#3402256673,0,0.012241275,0
4385184737#4356117363,0,0.012503792,0
2057211704#2057186115,0,0.012217682,0
4348295931#1637980981,0,0.010986943,0
4065797640#3487828519,0,0.19436781,0
1778563595#5010035639,0,0.011266297,0
5094736780#5123189260,0,0.28264147,0
3610178183#4973150488,0,0.011093566,0
2016866285#2119493181,0,0.4656105,0
4514271066#5194366020,0,0.011732466,0
69282286107#1805614122,0,0.011331754,0
156116289986#18468695966,0,0.2782568,0
1429413488#3054084564,0,0.011508149,0
4451089335#4452060617,1,0.31189823,0
3032272331#4436356008,0,0.3872268,0
2113288221#2165015466,1,0.5641735,1
2122362220#200569781240,0,0.08819005,0
4506633524#4185429549,0,0.32546696,0
4636041770#2062233925,0,0.012455653,0
2071793223#25244788647,0,0.011397587,0
2740883313#1492507866,0,0.28313676,0
3692826364#1758869231,1,0.30018112,0
1425289196#1320992608,0,0.30399,0
2059483876#2054733437,1,0.2622746,0
2183963548#2181531828,0,0.5549981,1
4414530598#4241366976,0,0.39925522,0
2455800880#3591598900,0,0.011938039,0
1762522969#4316999082,0,0.01155267,0
4898730640#4992689820,1,0.3061639,0
3285703159#2051966916,0,0.24431793,0
18467725403#2063706226,0,0.57567745,1
1859920904#4157551094,0,0.011823394,0
1708981181#1877399023,0,0.36792296,0
3474743878#2150886701,0,0.011687259,0
309312101477#309312102749,0,0.21791948,0
1537709317#1537709308,0,0.57618433,1
69607735174#69055008791,0,0.5686554,1
4076081471#4035397646,0,0.14069007,0
2165015488#2359572372,0,0.55327904,1
1483087858#18466354888,0,0.5731409,1
1639412951#1639253622,0,0.22601397,0
1403216308#2066535766,0,0.012552118,0
18466601978#4735432768,0,0.010986943,0
3446029030#4442900590,0,0.2393049,0
2057146445#2071793223,0,0.01243165,0
2054699471#4524153991,0,0.011201214,0
2061441544#4221651134,0,0.276886,0
2057120547#1627677359,1,0.3809029,0
1701470611#2112250533,1,0.28861922,0
4161509156#4804117485,1,0.55755925,1
3363374184#4226781300,0,0.16471791,0
4285491833#4285709207,0,0.41341794,0
4354044382#3083904084,0,0.01102947,0
1711846546#1932250238,0,0.4616424,0
2057211704#3706865825,0,0.01214717,0
2070627808#2296451977,0,0.2448141,0
2068654074#3931049291,0,0.011397587,0
1410164195#1914706723,0,0.15726623,0
173652977366#117755505510,0,0.3138402,0
2119478248#3903289669,0,0.39877224,0
1639901072#5209073343,0,0.013020489,0
4316999113#4348295931,1,0.57052577,1
4897454823#4897454510,1,0.5575141,1
1965402836#2075393157,0,0.011008186,0
2065023444#2077171978,0,0.3271844,0
1430988070#2115678997,0,0.21667379,0
4624086112#124657516337,0,0.12560067,0
4165922067#2061441544,0,0.012527932,0
2063873633#2061673701,0,0.013020489,0
2062633327#4129173722,0,0.011136502,0
3978215502#3927439605,0,0.011353657,0
3931049291#3915411982,0,0.3323104,0
4024663252#1637980981,0,0.011397587,0
2057552209#3629624977,0,0.19246346,0
3056884476#183335907108,0,0.012123755,0
1711846546#4155642921,0,0.011115013,0
2092610533#2177416829,0,0.0118005965,0
2055626034#2055626033,0,0.56385833,1
197910587768#2183968048,0,0.011777842,0
1308273301#4506633524,0,0.0121003855,0
2113712804#2065023444,0,0.011846237,0
81553005637#2061673701,0,0.2825425,0
3995923367#9746294364,0,0.011115013,0
208339001895#200569781240,0,0.011846237,0
2281691154#2455842713,0,0.0120770605,0
1432014682#1639901072,0,0.2877178,0
54158054598#14613455236,0,0.24220563,0
309312102749#156273955489,0,0.013096004,0
4716857454#4532014296,0,0.012030543,0
2111350136#1637980981,0,0.01189205,0
3712801411#2050581826,0,0.011777842,0
3474743878#1319944364,0,0.14139993,0
2119493181#2062233925,0,0.013020489,0
2268287413#5199216300,0,0.01170984,0
4108691753#3494236195,0,0.53995365,1
4878579203#4283786658,0,0.013020489,0
3913554478#4526688598,0,0.5800696,1
3052169593#2061673563,0,0.17582092,0
1430989592#2118416856,0,0.19042274,0
4506633524#2111349786,0,0.013532149,0
2075628492#4883922403,0,0.0111580305,0
14613461939#2455842712,0,0.25711167,0
5076405390#2114716134,0,0.011266297,0
2119493181#4348295931,0,0.011441684,0
3418808231#3402256673,0,0.011375601,0
4261185678#4354044382,0,0.011375601,0
69282286107#2055601072,0,0.01214717,0
4691126574#3402256673,0,0.011179602,0
4436356008#4862024152,0,0.012455653,0
232579778763#5010064143,0,0.38957557,0
111110399548#167570408533,0,0.2503167,0
4036848581#5352185903,0,0.01155267,0
69282286107#2120518542,0,0.0146720335,0
2061441544#3418808231,0,0.5167441,1
3032272329#2098280462,0,0.24912742,0
2057186102#54158063899,0,0.012053779,0
4636382579#3072525687,0,0.012576347,0
1965402836#2523741989,0,0.011179602,0
2159160651#2092610533,0,0.01605998,0
4036848581#2056156370,0,0.43036428,0
4947650145#4575249992,1,0.35627866,0
4606793746#4898730640,0,0.3018763,0
4256725997#4256622048,0,0.56703776,1
436617713935#364662576302,0,0.24454337,0
4636041774#4636041770,0,0.5802926,1
4590185312#156274815378,0,0.28907058,0
2183963548#2183428945,0,0.5669179,1
1914706723#3230219871,0,0.011777842,0
4943818903#3766757689,0,0.3719347,0
4808238795#4808240616,0,0.55796576,1
1349608070#3235756553,0,0.012241275,0
2057146445#2057202352,0,0.24135527,0
3052165975#2059124992,0,0.01217063,0
156274815378#1639324466,0,0.3200239,0
4716857454#4455655369,0,0.013584394,0
3052760872#4636143697,0,0.011642225,0
2119388082#106190147770,0,0.011136502,0
4705427870#44498925795,0,0.01189205,0
2359113449#3016942950,0,0.012503792,0
3487828519#3927439605,0,0.27659282,0
4452228094#1640284457,0,0.011266297,0
2057352941#5352185903,0,0.015906392,0
81902710995#53263277044,0,0.2552508,0
407966480507#146777938215,0,0.011353657,0
3683502845#3742463975,0,0.57326037,1
1614597826#18466601978,0,0.012359919,0
2117931367#3032272329,0,0.011619772,0
1639275755#4698569942,1,0.26736033,0
3949154929#2057146445,0,0.011777842,0
2455842712#1932250238,0,0.013982613,0
1614597826#1319944364,0,0.012407694,0
1492507866#4076081471,0,0.011619772,0
307410722133#3997209484,0,0.10284408,0
2117971399#1723151709,0,0.35734323,0
2175800284#4425561518,1,0.2905781,0
3249354040#2057552209,0,0.263552,0
1805614122#3047031444,0,0.01200735,0
2065699619#1637980981,0,0.01200735,0
3591598900#1479236028,0,0.012600625,0
3485676898#1778563595,0,0.23022676,0
54158062043#54158054598,0,0.26374158,0
1556785910#1487584016,0,0.56819123,1
1319944364#4898730640,0,0.01214717,0
2118643101#2281691154,0,0.35142234,0
2219112205#1537709306,0,0.011222866,0
109765155485#2011670508,0,0.011179602,0
2068602973#18468687381,0,0.45633784,0
4532035181#370314330573,0,0.25762498,0
1716261756#1479236025,0,0.2501793,0
1614597826#2027839123,0,0.011642225,0
1394416929#1660889815,0,0.011846237,0
2057120532#2076366005,1,0.19185707,0
315728832242#3083904084,0,0.01189205,0
5124643800#1727736761,0,0.011309892,0
4810275464#4285617569,0,0.0127472645,0
4448830722#3993041966,0,0.4821091,0
4385184631#4090681438,1,0.27958253,0
4973150488#3525475722,0,0.26559463,0
4206177048#2070025653,0,0.55603796,1
4031814900#4529171947,0,0.0118005965,0
4643809596#1347237190,0,0.19261527,0
5194366020#3946838650,0,0.012503792,0
2057186168#5163452200,0,0.011846237,0
4538375930#4506633524,0,0.22798458,0
1474190672#4232728984,0,0.0121003855,0
2058258958#4215058789,0,0.0121003855,0
4451342522#4451342530,0,0.3941135,0
1639412951#3513178266,0,0.0120770605,0
2055298458#3927040910,0,0.06019705,0
2098280462#1423044582,0,0.011397587,0
2119478248#2165015488,0,0.24826072,0
3319075608#2113439579,0,0.011732466,0
1727736761#1634282666,0,0.57231945,1
4450784429#3032272331,0,0.011309892,0
114693583065#114453608394,1,0.57158726,1
4226781300#2359348328,0,0.011397587,0
2150886701#3290768654,0,0.01102947,0
2183968048#2026258519,1,0.40239212,0
4448830722#4636522140,0,0.0121003855,0
2119388077#1727736762,0,0.011574996,0
2113288221#2111349786,0,0.43864995,0
4808240601#76198377822,0,0.010944578,0
1453532038#2056520022,0,0.011266297,0
2165015488#3903289669,0,0.5611998,1
2062233925#2063057962,0,0.02517884,0
3108657350#2111350136,0,0.011984203,0
4532014296#3474743878,0,0.01170984,0
3927040910#2076366005,0,0.47824213,0
4824054256#1736318365,0,0.011485952,0
2359474749#2359348328,0,0.30580097,0
3023688258#5194366020,1,0.5779421,1
1349608070#1416827061,0,0.012722708,0
4020730390#4034038494,0,0.33554134,0
5210259474#2118416856,0,0.021307705,0
1487584016#5194582482,0,0.13432105,0
10553947604#5134159053,0,0.56457865,1
2183968048#1708981181,0,0.015189049,0
2080829137#1965402836,0,0.011266297,0
2063873633#4435586554,0,0.012264914,0
10175162517#4698569942,0,0.011050795,0
2057858826#2063572073,0,0.012123755,0
364662567901#492316061640,0,0.4217751,0
14613464513#14613466961,0,0.57282734,1
3060607943#3913554478,0,0.012264914,0
3046471496#91686025987,0,0.2213507,0
2055626033#3446029030,0,0.011419616,0
4242891248#4031814900,0,0.011201214,0
2177416829#1762522969,0,0.011508149,0
3761484186#2114438559,0,0.011463797,0
1639324466#3644272514,0,0.011419616,0
4435566465#4479070818,0,0.5805899,1
4242849949#2061673563,0,0.4551608,0
1905948078#2120518542,0,0.011266297,0
3287136303#2180579787,0,0.25335264,0
1888052788#1888052790,0,0.4688932,0
2159160651#1723151709,0,0.296909,0
4944512773#4206304466,0,0.0121003855,0
4943818903#4755359264,0,0.35381886,0
4226659634#4256725997,0,0.30440342,0
109765155485#189546061243,0,0.25376853,0
2114716134#2059124992,0,0.011846237,0
4450888165#2455894769,0,0.013020489,0
4584646241#2292556895,0,0.011508149,0
18466522141#54158062043,1,0.2725083,0
2092610533#4808240601,0,0.011179602,0
2092610533#2061352093,0,0.012217682,0
2076366005#2060062994,0,0.0112445615,0
2661092323#5185529458,0,0.14817041,0
3072525687#1758869231,0,0.011331754,0
50016874555#2298730254,0,0.013376605,0
1667288610#4219594127,0,0.012288597,0
4176537188#2058531412,0,0.55257744,1
4897454510#4897454517,0,0.5527661,1
3269719212#1736318365,1,0.31753206,0
90189177932#4465664542,0,0.026937889,0
4444948728#2120518542,0,0.013402404,0
4509158303#4532035181,0,0.01217063,0
69607735174#69054998391,0,0.5683559,1
232579778763#3606108939,0,0.012895588,0
212394033260#2059124838,0,0.012970388,0
187508564338#3023688258,0,0.011485952,0
2455842712#14613464513,0,0.2922922,0
4726073967#5210263415,0,0.011619772,0
2055946248#2059125338,0,0.5734545,1
25244788647#1929467433,0,0.28037003,0
4808180492#156276503685,0,0.29844025,0
4057038032#3870637640,1,0.57971275,1
3706927247#2359474749,0,0.27110693,0
1537709317#4776817109,0,0.01243165,0
4952427189#1416827061,0,0.012312326,0
4757328062#4673557611,0,0.22253115,0
4451342522#3446029030,0,0.01102947,0
4642512906#4944512773,0,0.25851315,0
4354044382#2175800284,0,0.13173069,0
2058663075#3285703159,0,0.3213535,0
3648904752#3648903741,0,0.30270016,0
3445905086#4451288784,0,0.23335676,0
4584646241#4532035181,0,0.012217682,0
3632560565#1432014682,0,0.013299493,0
5121642074#114693583065,0,0.3144188,0
1590547354#3915411982,0,0.013402404,0
3081749686#1430989592,0,0.011755131,0
1736318365#4454799835,0,0.011266297,0
1656969942#3706927247,0,0.0121003855,0
1326198015#2056929980,0,0.011869121,0
2058563113#2973532517,1,0.29310086,0
208339001895#109165560395,0,0.25105047,0
1318626251#2061352093,0,0.012217682,0
2063706226#1693941156,0,0.011441684,0
2071864814#3046447657,1,0.559275,1
3072525687#3072564418,0,0.5607639,1
2113288221#2119398744,0,0.29895166,0
208339001895#4232471781,0,0.011115013,0
69055007639#2027839123,0,0.0112445615,0
4529171819#5185529458,0,0.1899715,0
138961977066#2114438559,0,0.011093566,0
29299658960#4165283827,0,0.011115013,0
564144132292#4448697469,0,0.011597362,0
3641396498#2219112205,0,0.0121003855,0
3363374184#5185529458,0,0.40378723,0
2057898501#4534359957,0,0.0112445615,0
1474190672#4720990748,0,0.012673735,0
1308273301#1354017991,0,0.012288597,0
2165015466#2111350136,0,0.55846244,1
4072366761#4415227218,0,0.01170984,0
4346970606#4705427870,0,0.011222866,0
2118965491#2056727309,0,0.29138398,0
1920503864#4226659635,0,0.0118005965,0
4823801269#3108657350,0,0.0124797,0
4548461997#3809186919,0,0.016882466,0
14613461654#2075393157,0,0.012194133,0
1417009342#2114048932,0,0.26783884,0
2050581826#2057685237,0,0.011938039,0
29607392514#29298304831,0,0.57569236,1
2077171978#2065023453,0,0.016308766,0
4623934568#1659519065,0,0.011463797,0
1463883823#60367620373,0,0.011485952,0
1434305170#1425289196,0,0.5384372,1
2026069710#4206304466,0,0.011136502,0
4451124293#4277564473,1,0.24305804,0
4316999082#4285709207,0,0.55331296,1
4828655959#1834169653,0,0.07654563,0
156117434515#4261128452,0,0.046162732,0
1774582761#3601857963,0,0.012053779,0
1431930648#1762522969,0,0.01107216,0
2119388077#2183963548,0,0.5628374,1
3081749686#3052760872,0,0.012123755,0
4691126574#1592253963,0,0.01155267,0
2113439579#1417015453,0,0.53329873,1
2061673701#4726073967,0,0.24839742,0
3032272331#2098280462,0,0.25631973,0
4514271066#1834169653,0,0.28952232,0
3023688258#4526652844,0,0.5318249,1
5352675624#5354187271,0,0.56568867,1
2523741989#2128656141,0,0.011597362,0
4665681736#4259293142,0,0.011288074,0
1712137054#1326198016,0,0.0121003855,0
2057858826#2062633327,0,0.24341756,0
1659951159#1667001955,0,0.012264914,0
2973532517#1479236023,0,0.0112445615,0
14613460476#54158093151,0,0.013171949,0
4808240616#4808180492,0,0.31457675,0
2119388082#1727736762,0,0.02237146,0
69054998391#69055008791,0,0.5708398,1
69054998391#4623017083,0,0.01107216,0
3487828531#4188896319,0,0.110951886,0
1818675501#2165015488,0,0.013020489,0
5206198663#2137028345,0,0.29396155,0
3927439605#3501315747,0,0.29650146,0
4589929428#4823801269,0,0.27517843,0
53263277044#50602309472,1,0.49899292,0
2076366005#3926967278,0,0.4577161,0
53263231637#50602309472,0,0.24676017,0
3474685542#3474685537,0,0.57439476,1
4354544112#307410722133,0,0.011050795,0
3055561351#3487828519,0,0.012771868,0
4161509156#4804117479,1,0.5575442,1
4357742929#4356117363,0,0.41255972,0
5123189265#5123189260,0,0.51964706,1
18468695966#4623788579,0,0.018905448,0
1639275755#4259293142,0,0.01243165,0
4590185312#4469027502,0,0.32279277,0
307410722133#3978215502,0,0.013902058,0
2059125338#3023688258,0,0.6204204,1
5076405390#4316370583,0,0.037467506,0
3363359849#314601953357,0,0.012288597,0
3942084480#5062861485,1,0.5516945,1
3525475722#14613465315,0,0.37142158,0
156276601478#18466522141,0,0.5572882,1
3232083339#3986575237,0,0.011485952,0
14613461654#14613464513,0,0.5675771,1
117277915830#173652977366,0,0.4928136,0
4327866563#1320992608,0,0.016914913,0
3290768654#219547393842,0,0.01214717,0
227607176751#4077027238,0,0.012722708,0
1830525975#1816512025,0,0.25501883,0
4179651570#1394416929,0,0.01153039,0
1905948078#1726591551,0,0.0127472645,0
2055626033#3075634363,0,0.26147234,0
4705583754#4735432768,0,0.23405632,0
3809186919#1882929309,1,0.24662407,0
370314330573#4385184631,0,0.012194133,0
4658956014#4897454510,0,0.0123361,0
4720990749#4720990747,0,0.2752758,0
4070427569#9062983415,0,0.55368626,1
174006932062#121528725386,0,0.30404168,0
5134159053#2065023444,0,0.012503792,0
4317041484#4272885125,1,0.56633335,1
1667288610#2070025653,0,0.12879884,0
2165145983#2057120532,0,0.011397587,0
1965402836#4470296934,0,0.012123755,0
1847716478#302839388028,0,0.011419616,0
208339001895#1639394625,0,0.012264914,0
1403928333#2143152116,0,0.2590751,0
3072524524#3060607943,0,0.012241275,0
5022594784#178615973311,0,0.013299493,0
4636143697#1550894049,0,0.01217063,0
4728076352#3915411982,0,0.011050795,0
87008148161#69607735174,0,0.23414387,0
4232471781#4657354263,0,0.36203828,0
174006932062#4065797638,0,0.0111580305,0
1830214692#7161173338,0,0.011093566,0
1833697097#1834023606,1,0.49275255,0
2051966916#2058663034,0,0.34814632,0
3903280573#1453532038,0,0.01170984,0
156276601478#10553947604,0,0.012600625,0
232579778763#1590547354,0,0.084947094,0
18468580547#138961977066,0,0.25977868,0
4454799835#4215038721,0,0.011353657,0
2075628492#2077171978,0,0.28402954,0
3436663620#3474743878,0,0.5686554,1
5210263415#5210259474,0,0.5115183,1
4448830722#1912538880,0,0.0124797,0
1727736762#3077307902,0,0.011574996,0
4642512906#29607898384,0,0.21841921,0
2181531828#4411426624,0,0.01189205,0
3683502845#1303518148,0,0.01324833,0
2055581605#1431930648,0,0.0112445615,0
2071793223#4899954714,0,0.012194133,0
4808240616#4808240601,0,0.31568322,0
2338131041#2338916683,0,0.26109537,0
4742698844#60367620373,0,0.24028404,0
4938690872#1723151709,0,0.011938039,0
4636508845#4232728984,0,0.0123361,0
4623972834#1552378116,0,0.0127472645,0
3319075608#4277564473,0,0.011463797,0
1483087859#1811511062,0,0.011331754,0
4899954714#4226781300,0,0.0124797,0
2112250533#5134159053,0,0.011222866,0
2114716134#3278113988,0,0.010944578,0
50016874555#2056727309,0,0.0112445615,0
2117971015#2057898501,0,0.011664719,0
3715785447#1640284457,0,0.011619772,0
3903280586#3903280567,0,0.5468138,1
2063572073#2057275313,0,0.011664719,0
156117434515#4256981120,0,0.0120770605,0
4526688598#4808240601,0,0.011008186,0
1474190672#5199216295,0,0.012796518,0
4716857454#4952427189,0,0.29467145,0
4635981164#2074388205,0,0.012600625,0
4165283827#2070691342,0,0.55393517,1
5169253299#4285491833,0,0.015784562,0
2057573219#4286394339,0,0.011642225,0
2059977717#2055946248,0,0.2695659,0
2055946129#3045580653,0,0.011288074,0
3770456617#1416827061,0,0.011938039,0
2027839123#1535646713,0,0.011115013,0
5169253299#4726073967,0,0.011508149,0
212771874474#4181867888,0,0.011353657,0
2072319821#2058663075,0,0.012123755,0
3108657350#1349608070,0,0.012673735,0
1637980981#69055007639,0,0.011732466,0
3495408683#1552378116,0,0.012288597,0
3926963318#1592367367,0,0.3325271,0
3715877024#2060290691,0,0.011619772,0
3972742243#3591598893,0,0.0610871,0
4327866563#2113093450,0,0.011664719,0
2136847331#4946289727,1,0.27052838,0
3628839716#3474685537,0,0.5557065,1
4470296934#3050152494,0,0.17258981,0
3402256673#200569781240,0,0.011441684,0
3761153782#3451234547,0,0.37622198,0
2119398744#5210259386,0,0.012455653,0
2111349786#3278113988,0,0.011050795,0
50016874555#36551936093,0,0.01243165,0
4411426624#4205424867,0,0.012995414,0
114693583065#167570408533,0,0.30855474,0
1303518148#1882929309,0,0.134719,0
53263277044#4506633524,0,0.011777842,0
2072319821#2057858826,0,0.011353657,0
4316999113#1431887069,0,0.011008186,0
2071751695#4705427870,0,0.011419616,0
1394416929#5194582482,0,0.5524341,1
4897454510#4451342522,1,0.26841375,0
4209814745#2338131041,0,0.28224564,0
1533725661#2163161399,0,0.011574996,0
87008148161#69609155599,0,0.5574539,1
2057858826#1710182160,0,0.040426936,0
4261128456#14613465315,0,0.011823394,0
2111038059#4526652844,1,0.348368,0
3445905086#4077473357,0,0.56535876,1
4471122121#53263277044,0,0.25050005,0
53263231637#60367620373,0,0.31394538,0
124657516337#1778563597,0,0.011597362,0
2113093450#3495408683,0,0.011397587,0
2065699619#373850283306,0,0.011597362,0
4860360403#3240377870,0,0.448698,0
4529171947#6633392282,0,0.01107216,0
4232666143#4232471781,0,0.557499,1
1736318365#1303518148,0,0.04738177,0
2066535766#2111346464,0,0.012359919,0
2057082463#156117434515,0,0.26473838,0
18467669365#4232728984,1,0.22858672,0
4526688596#1655427579,0,0.09434342,0
4952427189#2061441544,0,0.011619772,0
4452228094#4354044382,0,0.011093566,0
4346970606#4155642921,0,0.28836867,0
2112891471#2739075334,0,0.011961098,0
4232471781#4256725997,1,0.27381703,0
4589830735#3075628047,0,0.012995414,0
4323500487#4633378534,0,0.26388383,0
4538335537#1875282048,0,0.012264914,0
415654832276#4357742929,0,0.01217063,0
1665894324#1656969942,1,0.5655537,1
2119493181#2056078364,0,0.5826988,1
2073668282#2077171978,0,0.27542195,0
4589830735#36551936093,0,0.012870749,0
4065797640#5062861485,0,0.0111580305,0
212771874474#187508564338,0,0.30819023,0
87008148161#69055007639,0,0.24202642,0
4260680249#4286394339,0,0.27096224,0
29607898384#2297005450,0,0.22346178,0
3973253490#2119388077,0,0.011222866,0
2111350136#2113288221,0,0.5729318,1
4992689820#4606793746,0,0.5559777,1
4703840109#3913419748,0,0.5636182,1
2339749085#1537709306,0,0.23890516,0
203654552716#1403216308,0,0.011777842,0
4526688598#2296537627,0,0.012053779,0
5194582482#2128656141,0,0.011288074,0
1463883823#4259293142,0,0.01214717,0
364662576302#415654814203,0,0.22918999,0
4179651570#3972766136,0,0.5742008,1
9746294364#2092610533,0,0.011136502,0
4435666805#4219594137,0,0.3683489,0
4662517140#4952427189,1,0.37276205,0
4070427569#117873856741,0,0.06638737,0
2066246683#4643941609,0,0.011050795,0
4205438611#4327866563,0,0.011846237,0
1778796425#2055626031,0,0.55632424,1
4804117479#69055007639,0,0.01217063,0
3485676898#1778563597,0,0.22884513,0
2640338192#1932250238,0,0.24744149,0
4643941609#18468687381,0,0.57324547,1
4943818903#3926741754,0,0.011222866,0
1639412951#2073669601,1,0.57509595,1
4157551094#1463883823,0,0.011375601,0
5123189260#364662576302,0,0.01200735,0
4703840109#1537709306,0,0.015784562,0
2123106282#430837878381,0,0.030214587,0
2058278464#1347237190,0,0.012030543,0
4346970606#2740883313,0,0.011938039,0
2057275313#1710182160,1,0.016183902,0
4590233117#114401992972,0,0.012503792,0
1479236028#1479236027,0,0.1823527,0
2176434538#1888052788,0,0.55665565,1
1479236027#46983614517,0,0.010818449,0
1759198091#1778796425,0,0.55647486,1
18467725403#1479236025,0,0.13551785,0
4180609537#4825375981,1,0.28155375,0
4206201723#4435666805,0,0.3401015,0
455581610977#1479236024,0,0.01217063,0
1550894049#2058494409,0,0.011597362,0
2056156370#4077027238,0,0.4585322,0
4828655959#4165922067,0,0.26194406,0
4589775642#4532014296,0,0.2752271,0
4286394339#1549897545,0,0.012527932,0
4703840109#3913410158,0,0.3742188,0
3926963318#3846877365,0,0.25701842,0
4529171819#4450968363,0,0.0124797,0
1410164195#2114049002,0,0.0131973615,0
4451342522#4774992939,0,0.011309892,0
81902710995#11087571368,0,0.033431366,0
2092610536#1882929309,1,0.559997,1
1656969937#5010064143,0,0.27072117,0
4111311078#4176537188,1,0.53984755,1
114693583065#138961977066,0,0.011441684,0
3903280581#3972742243,0,0.30002728,0
2080829137#4623788579,0,0.01107216,0
2119388077#2007329552,0,0.026155619,0
307410722133#3927439605,0,0.01155267,0
5123189265#407966480507,0,0.012698199,0
156276601478#14613455236,0,0.20729496,0
4716857454#2079578434,0,0.01107216,0
54158093151#14613588147,0,0.2884689,0
1431851220#1701593387,0,0.18609506,0
1349608070#121528725386,0,0.011115013,0
3712801411#4436356008,0,0.0111580305,0
2066535766#138960910846,0,0.017409043,0
2059124838#3269719212,0,0.012407694,0
1878732185#2050840604,0,0.012455653,0
4542321633#4589775642,0,0.4730058,0
373850283306#373850284448,1,0.27212125,0
12910266318#14190297481,0,0.25474066,0
60367620373#2066246683,0,0.011642225,0
5060996735#4623934568,0,0.026531337,0
4385184631#4385184737,0,0.2236313,0
1307874587#4385184631,0,0.40324366,0
2026258520#4938690872,0,0.01243165,0
2057211704#4202053398,0,0.17589168,0
3903280567#3602134198,0,0.32842174,0
1759198080#3075634363,0,0.2681262,0
2455800880#2296451977,0,0.011574996,0
46983614517#29299658960,0,0.011938039,0
25405387739#18468687381,0,0.011463797,0
2117967935#1431851220,0,0.5540709,1
2066977172#3436663620,0,0.011136502,0
2027457805#4636508845,0,0.16471791,0
2066246683#2114049002,0,0.011266297,0
5185529458#183335907108,0,0.5640535,1
4272137501#2098280462,0,0.011397587,0
2055946248#2123106282,0,0.011732466,0
3770456617#2027839123,0,0.32407495,0
4436356008#4471122121,0,0.011050795,0
4658956014#2122362220,0,0.0111580305,0
5094736780#1758869231,0,0.27101046,0
4274235353#1308273301,0,0.011179602,0
4698569942#1830525969,0,0.011331754,0
4878579203#4838534990,0,0.28917092,0
373850283306#2119388082,0,0.013020489,0
46983614517#4860360403,0,0.012503792,0
4451342530#4451342506,0,0.5628074,1
4215027256#4454799835,0,0.40192252,0
2055298458#3072564418,0,0.28472516,0
4897454488#4897454823,0,0.55876344,1
4636143697#1639275755,0,0.080936715,0
4206304466#1326198016,0,0.0111580305,0
4862024152#2183428945,0,0.0124797,0
4790633062#2119478248,0,0.010944578,0
2061441544#4828655959,0,0.30787802,0
3972742243#3648904752,0,0.01189205,0
3451234547#2181531828,0,0.0121003855,0
3995923367#3632560565,0,0.011136502,0
2662986035#1429413488,0,0.011869121,0
4992689820#2180579787,0,0.012264914,0
4530026053#2072319821,0,0.011869121,0
5094736780#3715869354,0,0.013376605,0
2523741989#1758869231,0,0.011222866,0
5076405390#4386494215,0,0.01566365,0
4623017083#138960910846,0,0.011093566,0
1320992607#4705583754,0,0.011485952,0
1684806079#14190297481,0,0.018905448,0
3032272331#1859920904,0,0.0118005965,0
138961977066#5185244731,0,0.011179602,0
4451124293#4755359264,0,0.012053779,0
1505439079#4077027238,0,0.1991522,0
4720990747#156276503685,0,0.27405986,0
14613464513#14613465315,0,0.2502709,0
2340035845#4385184631,0,0.25781178,0
3591598893#3591598898,0,0.5758266,1
4584646241#2115662086,0,0.0112445615,0
5194582482#3054084564,0,0.2679825,0
146011937628#5010064143,0,0.45301607,0
3045566056#3072564418,0,0.3323104,0
3075628047#18466601978,0,0.011222866,0
54158054598#1550894049,0,0.0124797,0
4451342530#4226659635,0,0.012241275,0
3706865825#3072564418,0,0.011309892,0
1646205905#2973532517,0,0.21304952,0
3108657350#4180609537,0,0.011961098,0
1401982309#4206201723,0,0.013821961,0
