label,probability,prediction,threshold
0,0.00021602972992695868,0,0.35000000000000003
0,1.6570898878853768e-05,0,0.35000000000000003
0,2.0962273993063718e-05,0,0.35000000000000003
0,2.2861393517814577e-05,0,0.35000000000000003
0,2.2417623767978512e-05,0,0.35000000000000003
0,2.0367224351502955e-05,0,0.35000000000000003
0,3.985327566624619e-05,0,0.35000000000000003
0,2.0387786207720637e-05,0,0.35000000000000003
0,0.00019377587886992842,0,0.35000000000000003
0,2.778181260509882e-05,0,0.35000000000000003
0,1.779266312951222e-05,0,0.35000000000000003
0,2.0187000700389035e-05,0,0.35000000000000003
0,0.0028664839919656515,0,0.35000000000000003
0,1.750229057506658e-05,0,0.35000000000000003
0,2.3265623894985765e-05,0,0.35000000000000003
0,0.0001249905617441982,0,0.35000000000000003
0,0.9999995231628418,1,0.35000000000000003
0,1.764430635375902e-05,0,0.35000000000000003
0,0.00012681560474447906,0,0.35000000000000003
0,1.991604221984744e-05,0,0.35000000000000003
0,1.726789378153626e-05,0,0.35000000000000003
0,3.8772755942773074e-05,0,0.35000000000000003
1,0.9999996423721313,1,0.35000000000000003
0,2.378977842454333e-05,0,0.35000000000000003
0,0.0004293856618460268,0,0.35000000000000003
0,2.4547225621063262e-05,0,0.35000000000000003
0,2.4026394385145977e-05,0,0.35000000000000003
0,9.70535766100511e-05,0,0.35000000000000003
0,3.4734344808384776e-05,0,0.35000000000000003
0,2.2685677322442643e-05,0,0.35000000000000003
0,2.4740476874285378e-05,0,0.35000000000000003
0,2.1368454326875508e-05,0,0.35000000000000003
0,1.6599369700998068e-05,0,0.35000000000000003
0,1.8048876881948672e-05,0,0.35000000000000003
1,0.9999995231628418,1,0.35000000000000003
0,3.0678285838803276e-05,0,0.35000000000000003
0,2.9554134016507305e-05,0,0.35000000000000003
0,2.589776886452455e-05,0,0.35000000000000003
0,3.322182601550594e-05,0,0.35000000000000003
0,2.7929751013289206e-05,0,0.35000000000000003
0,2.9272177926031873e-05,0,0.35000000000000003
0,2.405608756816946e-05,0,0.35000000000000003
0,1.8291415472049266e-05,0,0.35000000000000003
0,2.0538829630822875e-05,0,0.35000000000000003
0,1.8928958525066264e-05,0,0.35000000000000003
0,0.9999994039535522,1,0.35000000000000003
0,2.402623613306787e-05,0,0.35000000000000003
0,4.447341416380368e-05,0,0.35000000000000003
0,2.0575605958583765e-05,0,0.35000000000000003
0,2.446391044941265e-05,0,0.35000000000000003
0,0.0043559689074754715,0,0.35000000000000003
0,1.848536339821294e-05,0,0.35000000000000003
0,2.047608904831577e-05,0,0.35000000000000003
0,2.20660149352625e-05,0,0.35000000000000003
1,0.9999995231628418,1,0.35000000000000003
0,1.9014896679436788e-05,0,0.35000000000000003
0,1.9096874893875793e-05,0,0.35000000000000003
0,1.9817258362309076e-05,0,0.35000000000000003
0,0.022752871736884117,0,0.35000000000000003
0,0.9999995231628418,1,0.35000000000000003
0,0.9999995231628418,1,0.35000000000000003
0,0.9999995231628418,1,0.35000000000000003
0,1.8055316104437225e-05,0,0.35000000000000003
0,2.1090889276820235e-05,0,0.35000000000000003
0,2.0176956240902655e-05,0,0.35000000000000003
0,0.9999997615814209,1,0.35000000000000003
0,0.001206901273690164,0,0.35000000000000003
0,2.328480150026735e-05,0,0.35000000000000003
0,2.7212590794079006e-05,0,0.35000000000000003
0,2.0759853214258328e-05,0,0.35000000000000003
0,2.387509994150605e-05,0,0.35000000000000003
0,1.6634912753943354e-05,0,0.35000000000000003
0,5.621814125333913e-05,0,0.35000000000000003
0,1.7789474441087805e-05,0,0.35000000000000003
0,2.0929137463099323e-05,0,0.35000000000000003
0,1.9921759303542785e-05,0,0.35000000000000003
0,1.9269587937742472e-05,0,0.35000000000000003
0,1.6539275748073123e-05,0,0.35000000000000003
0,1.76315224962309e-05,0,0.35000000000000003
0,1.937687375175301e-05,0,0.35000000000000003
0,2.1203521100687794e-05,0,0.35000000000000003
0,1.759856240823865e-05,0,0.35000000000000003
0,2.2120308130979538e-05,0,0.35000000000000003
0,0.05430985614657402,0,0.35000000000000003
1,0.9999995231628418,1,0.35000000000000003
0,0.002914001001045108,0,0.35000000000000003
0,2.62730973190628e-05,0,0.35000000000000003
0,1.9293585864943452e-05,0,0.35000000000000003
0,1.8870938220061362e-05,0,0.35000000000000003
1,0.9999997615814209,1,0.35000000000000003
0,2.4614926587673835e-05,0,0.35000000000000003
0,2.4118086002999917e-05,0,0.35000000000000003
0,1.954406798176933e-05,0,0.35000000000000003
0,2.0907034922856838e-05,0,0.35000000000000003
0,2.2032832930563018e-05,0,0.35000000000000003
0,1.744285509630572e-05,0,0.35000000000000003
0,1.7941103578777984e-05,0,0.35000000000000003
0,1.860222255345434e-05,0,0.35000000000000003
0,0.0001855593000072986,0,0.35000000000000003
1,0.9811490178108215,1,0.35000000000000003
0,1.7375630704918876e-05,0,0.35000000000000003
0,1.9428462110226974e-05,0,0.35000000000000003
0,0.00013848036178387702,0,0.35000000000000003
0,2.1275631297612563e-05,0,0.35000000000000003
0,2.093560397042893e-05,0,0.35000000000000003
0,0.9594011902809143,1,0.35000000000000003
1,0.9999995231628418,1,0.35000000000000003
0,1.9820206944132224e-05,0,0.35000000000000003
0,3.169153205817565e-05,0,0.35000000000000003
0,2.7046879040426575e-05,0,0.35000000000000003
1,0.9999996423721313,1,0.35000000000000003
0,1.930101825564634e-05,0,0.35000000000000003
0,1.8953920516651124e-05,0,0.35000000000000003
0,1.7215050320373848e-05,0,0.35000000000000003
0,0.9999996423721313,1,0.35000000000000003
0,0.9888794422149658,1,0.35000000000000003
0,4.422325218911283e-05,0,0.35000000000000003
0,0.0021333720069378614,0,0.35000000000000003
0,2.4987833967315964e-05,0,0.35000000000000003
0,2.0486597350100055e-05,0,0.35000000000000003
0,0.7592656016349792,1,0.35000000000000003
0,2.098185541399289e-05,0,0.35000000000000003
0,2.70399668806931e-05,0,0.35000000000000003
0,2.206279714300763e-05,0,0.35000000000000003
0,2.347691224713344e-05,0,0.35000000000000003
0,2.7134406991535798e-05,0,0.35000000000000003
0,1.9652168703032658e-05,0,0.35000000000000003
0,0.0010624794522300363,0,0.35000000000000003
0,1.7890020899358205e-05,0,0.35000000000000003
0,2.7908608899451792e-05,0,0.35000000000000003
0,2.0378103727125563e-05,0,0.35000000000000003
0,0.4453846514225006,1,0.35000000000000003
0,2.1588750314549543e-05,0,0.35000000000000003
1,0.9999996423721313,1,0.35000000000000003
0,3.414348975638859e-05,0,0.35000000000000003
0,4.7474757593590766e-05,0,0.35000000000000003
0,3.8373604184016585e-05,0,0.35000000000000003
0,1.889499617391266e-05,0,0.35000000000000003
0,2.3006772607914172e-05,0,0.35000000000000003
0,3.0151766623021103e-05,0,0.35000000000000003
0,3.363308132975362e-05,0,0.35000000000000003
0,2.4726374249439687e-05,0,0.35000000000000003
0,0.9999995231628418,1,0.35000000000000003
0,1.7139629562734626e-05,0,0.35000000000000003
0,0.9999995231628418,1,0.35000000000000003
0,2.469646824465599e-05,0,0.35000000000000003
0,2.0700643290183507e-05,0,0.35000000000000003
0,2.219560155936051e-05,0,0.35000000000000003
0,2.1310048396117054e-05,0,0.35000000000000003
0,2.133890666300431e-05,0,0.35000000000000003
0,1.7596514226170257e-05,0,0.35000000000000003
0,1.965417504834477e-05,0,0.35000000000000003
0,1.6272988432319835e-05,0,0.35000000000000003
0,0.03570275753736496,0,0.35000000000000003
0,1.8317510694032535e-05,0,0.35000000000000003
0,1.705715294519905e-05,0,0.35000000000000003
0,1.8503336832509376e-05,0,0.35000000000000003
0,1.8395798178971745e-05,0,0.35000000000000003
1,0.9999995231628418,1,0.35000000000000003
1,0.9999995231628418,1,0.35000000000000003
0,1.8834476577467285e-05,0,0.35000000000000003
0,1.9950261048506945e-05,0,0.35000000000000003
0,1.8773973351926543e-05,0,0.35000000000000003
0,1.8159997125621885e-05,0,0.35000000000000003
0,1.8427577742841095e-05,0,0.35000000000000003
0,3.527041189954616e-05,0,0.35000000000000003
0,1.8821368939825334e-05,0,0.35000000000000003
0,2.1443025616463274e-05,0,0.35000000000000003
0,2.8210284654051065e-05,0,0.35000000000000003
0,1.794086529116612e-05,0,0.35000000000000003
0,2.0559917174978182e-05,0,0.35000000000000003
1,0.9999995231628418,1,0.35000000000000003
0,1.8596669178805314e-05,0,0.35000000000000003
0,2.0440191292436793e-05,0,0.35000000000000003
0,1.8920023649116047e-05,0,0.35000000000000003
0,2.1586134607787244e-05,0,0.35000000000000003
0,2.0059824237250723e-05,0,0.35000000000000003
0,2.441820288368035e-05,0,0.35000000000000003
1,0.9999995231628418,1,0.35000000000000003
0,0.9999443292617798,1,0.35000000000000003
0,2.8036707590217702e-05,0,0.35000000000000003
0,2.628625043143984e-05,0,0.35000000000000003
0,1.8468341295374557e-05,0,0.35000000000000003
0,1.8400429325993173e-05,0,0.35000000000000003
1,0.9999995231628418,1,0.35000000000000003
0,1.8093718608724885e-05,0,0.35000000000000003
0,2.9117631129338406e-05,0,0.35000000000000003
0,0.9999995231628418,1,0.35000000000000003
0,0.013275904580950737,0,0.35000000000000003
0,1.9744196833926253e-05,0,0.35000000000000003
0,1.6988386050798e-05,0,0.35000000000000003
0,0.001380618428811431,0,0.35000000000000003
0,4.085365071659908e-05,0,0.35000000000000003
0,2.510925696697086e-05,0,0.35000000000000003
1,0.9999997615814209,1,0.35000000000000003
0,0.9999995231628418,1,0.35000000000000003
0,1.962740861927159e-05,0,0.35000000000000003
0,4.881949644186534e-05,0,0.35000000000000003
0,2.018971645156853e-05,0,0.35000000000000003
0,0.9999995231628418,1,0.35000000000000003
0,1.8093614926328883e-05,0,0.35000000000000003
0,1.7848438801593147e-05,0,0.35000000000000003
1,0.9999996423721313,1,0.35000000000000003
0,2.2085110686020926e-05,0,0.35000000000000003
0,2.6611345674609765e-05,0,0.35000000000000003
0,2.3040081941871904e-05,0,0.35000000000000003
0,0.9716069102287292,1,0.35000000000000003
0,1.737586353556253e-05,0,0.35000000000000003
0,2.3224347387440503e-05,0,0.35000000000000003
0,0.00011509162868605927,0,0.35000000000000003
0,1.8803229977493174e-05,0,0.35000000000000003
0,0.001371546182781458,0,0.35000000000000003
0,1.679413799138274e-05,0,0.35000000000000003
0,2.114966446242761e-05,0,0.35000000000000003
0,1.7375101379002444e-05,0,0.35000000000000003
0,1.9822909962385893e-05,0,0.35000000000000003
0,8.007325959624723e-05,0,0.35000000000000003
0,2.2740994609193876e-05,0,0.35000000000000003
0,1.8830398403224535e-05,0,0.35000000000000003
0,2.1168629245948978e-05,0,0.35000000000000003
0,2.5993274903157726e-05,0,0.35000000000000003
0,2.5942010324797593e-05,0,0.35000000000000003
0,1.8218330296804197e-05,0,0.35000000000000003
0,2.411785681033507e-05,0,0.35000000000000003
0,2.150027830793988e-05,0,0.35000000000000003
0,2.0790286725969054e-05,0,0.35000000000000003
0,2.2550089852302335e-05,0,0.35000000000000003
0,2.5041606932063587e-05,0,0.35000000000000003
0,2.0420124201336876e-05,0,0.35000000000000003
0,0.0015107645886018872,0,0.35000000000000003
0,2.2237505618249997e-05,0,0.35000000000000003
0,2.422781653876882e-05,0,0.35000000000000003
0,2.192213105445262e-05,0,0.35000000000000003
0,0.05995678901672363,0,0.35000000000000003
0,2.9019804060226306e-05,0,0.35000000000000003
0,1.9998871721327305e-05,0,0.35000000000000003
0,2.081565799016971e-05,0,0.35000000000000003
0,2.1295889382599853e-05,0,0.35000000000000003
0,2.3982260245247744e-05,0,0.35000000000000003
1,0.9999995231628418,1,0.35000000000000003
0,2.121507168340031e-05,0,0.35000000000000003
0,0.00014564464800059795,0,0.35000000000000003
0,2.3539641915704124e-05,0,0.35000000000000003
0,2.3976705051609315e-05,0,0.35000000000000003
0,2.5754869056981988e-05,0,0.35000000000000003
1,0.9999995231628418,1,0.35000000000000003
0,1.6708814655430615e-05,0,0.35000000000000003
0,0.9999996423721313,1,0.35000000000000003
0,2.0064722775714472e-05,0,0.35000000000000003
0,2.265009425173048e-05,0,0.35000000000000003
0,0.999962329864502,1,0.35000000000000003
0,1.909984348458238e-05,0,0.35000000000000003
0,2.151428816432599e-05,0,0.35000000000000003
0,1.711184813757427e-05,0,0.35000000000000003
0,1.8424801965011284e-05,0,0.35000000000000003
0,2.436391332594212e-05,0,0.35000000000000003
0,2.0709310774691403e-05,0,0.35000000000000003
0,2.2788455680711195e-05,0,0.35000000000000003
0,6.194572779349983e-05,0,0.35000000000000003
0,2.0221874365233816e-05,0,0.35000000000000003
0,1.9142695236951113e-05,0,0.35000000000000003
0,2.3370539565803483e-05,0,0.35000000000000003
0,2.864558518922422e-05,0,0.35000000000000003
0,1.794979652913753e-05,0,0.35000000000000003
0,1.93868727365043e-05,0,0.35000000000000003
0,1.6515665265615098e-05,0,0.35000000000000003
0,2.1195031877141446e-05,0,0.35000000000000003
0,0.10584697127342224,0,0.35000000000000003
0,2.6581545171211474e-05,0,0.35000000000000003
0,1.6481004422530532e-05,0,0.35000000000000003
0,1.5514870028709993e-05,0,0.35000000000000003
0,0.0004986530402675271,0,0.35000000000000003
0,2.176836278522387e-05,0,0.35000000000000003
0,1.821789555833675e-05,0,0.35000000000000003
1,0.9999995231628418,1,0.35000000000000003
0,1.9702349163708277e-05,0,0.35000000000000003
0,0.9999854564666748,1,0.35000000000000003
0,0.04085679352283478,0,0.35000000000000003
1,0.9999995231628418,1,0.35000000000000003
0,1.8718550563789904e-05,0,0.35000000000000003
0,5.774365126853809e-05,0,0.35000000000000003
0,0.027110576629638672,0,0.35000000000000003
0,1.6619360394543037e-05,0,0.35000000000000003
0,1.7818611013353802e-05,0,0.35000000000000003
0,2.6738818633020855e-05,0,0.35000000000000003
0,1.6983658497338183e-05,0,0.35000000000000003
0,0.00019674011855386198,0,0.35000000000000003
0,0.00016745399625506252,0,0.35000000000000003
0,1.791615977708716e-05,0,0.35000000000000003
0,0.9999995231628418,1,0.35000000000000003
0,2.796575427055359e-05,0,0.35000000000000003
0,2.5551378712407313e-05,0,0.35000000000000003
0,1.9310869902255945e-05,0,0.35000000000000003
0,0.9999995231628418,1,0.35000000000000003
0,1.8698836356634274e-05,0,0.35000000000000003
0,2.3236132619786076e-05,0,0.35000000000000003
0,2.637944635353051e-05,0,0.35000000000000003
0,2.174782275687903e-05,0,0.35000000000000003
0,0.9970777034759521,1,0.35000000000000003
1,0.9999995231628418,1,0.35000000000000003
0,0.00045794632751494646,0,0.35000000000000003
0,1.9290493582957424e-05,0,0.35000000000000003
1,0.9999995231628418,1,0.35000000000000003
0,1.6122165106935427e-05,0,0.35000000000000003
0,0.9999994039535522,1,0.35000000000000003
0,2.1326719434000552e-05,0,0.35000000000000003
0,2.6875180992647074e-05,0,0.35000000000000003
0,1.9305878595332615e-05,0,0.35000000000000003
0,0.033005185425281525,0,0.35000000000000003
0,1.716789665806573e-05,0,0.35000000000000003
0,2.4484148525516503e-05,0,0.35000000000000003
0,1.991495992115233e-05,0,0.35000000000000003
0,0.268343448638916,0,0.35000000000000003
1,0.9999994039535522,1,0.35000000000000003
0,2.20283600356197e-05,0,0.35000000000000003
0,3.3545089536346495e-05,0,0.35000000000000003
0,0.9999996423721313,1,0.35000000000000003
0,1.9495480955811217e-05,0,0.35000000000000003
0,1.7915956050273962e-05,0,0.35000000000000003
0,0.031412504613399506,0,0.35000000000000003
0,7.080706564011052e-05,0,0.35000000000000003
0,0.9999328851699829,1,0.35000000000000003
0,2.9503527912311256e-05,0,0.35000000000000003
0,2.9306509532034397e-05,0,0.35000000000000003
0,4.152955807512626e-05,0,0.35000000000000003
0,2.6424639145261608e-05,0,0.35000000000000003
0,2.606073576316703e-05,0,0.35000000000000003
0,2.4149361706804484e-05,0,0.35000000000000003
0,2.8645914426306263e-05,0,0.35000000000000003
0,2.2191197786014527e-05,0,0.35000000000000003
0,0.9999988079071045,1,0.35000000000000003
0,2.8972603104193695e-05,0,0.35000000000000003
0,2.1299441868904978e-05,0,0.35000000000000003
0,9.716172644402832e-05,0,0.35000000000000003
0,0.9999995231628418,1,0.35000000000000003
0,1.9915511074941605e-05,0,0.35000000000000003
0,2.2325093596009538e-05,0,0.35000000000000003
0,2.4254170057247393e-05,0,0.35000000000000003
0,1.8594259017845616e-05,0,0.35000000000000003
0,1.5671948858653195e-05,0,0.35000000000000003
0,2.1058731363154948e-05,0,0.35000000000000003
1,0.9999995231628418,1,0.35000000000000003
0,2.371193295402918e-05,0,0.35000000000000003
0,1.836148112488445e-05,0,0.35000000000000003
0,2.36144242080627e-05,0,0.35000000000000003
0,2.595460864540655e-05,0,0.35000000000000003
0,2.2074562366469763e-05,0,0.35000000000000003
0,1.8236618416267447e-05,0,0.35000000000000003
0,2.5009410819620825e-05,0,0.35000000000000003
0,0.8381267786026001,1,0.35000000000000003
0,2.2651087419944815e-05,0,0.35000000000000003
0,1.8965925846714526e-05,0,0.35000000000000003
1,0.9999996423721313,1,0.35000000000000003
0,2.9647766496054828e-05,0,0.35000000000000003
0,2.2042480850359425e-05,0,0.35000000000000003
1,0.9999996423721313,1,0.35000000000000003
0,1.768255970091559e-05,0,0.35000000000000003
0,0.9999996423721313,1,0.35000000000000003
0,2.4826320441206917e-05,0,0.35000000000000003
0,1.9222712580813095e-05,0,0.35000000000000003
0,0.9999995231628418,1,0.35000000000000003
0,0.9999997615814209,1,0.35000000000000003
0,2.479957947798539e-05,0,0.35000000000000003
0,1.6811700334073976e-05,0,0.35000000000000003
0,0.00023920652165543288,0,0.35000000000000003
0,1.7371257854392752e-05,0,0.35000000000000003
0,1.964381408470217e-05,0,0.35000000000000003
0,0.0001336960995104164,0,0.35000000000000003
0,1.8700708096730523e-05,0,0.35000000000000003
0,1.7795820895116776e-05,0,0.35000000000000003
0,1.898764276120346e-05,0,0.35000000000000003
0,0.9999996423721313,1,0.35000000000000003
0,1.9004908608621918e-05,0,0.35000000000000003
0,0.9999996423721313,1,0.35000000000000003
0,2.0535109797492623e-05,0,0.35000000000000003
1,0.9999995231628418,1,0.35000000000000003
0,1.8109169104718603e-05,0,0.35000000000000003
0,2.1158521121833473e-05,0,0.35000000000000003
0,1.720469481369946e-05,0,0.35000000000000003
1,0.9999996423721313,1,0.35000000000000003
0,2.088153087242972e-05,0,0.35000000000000003
0,1.7716012735036202e-05,0,0.35000000000000003
0,2.8470007237046957e-05,0,0.35000000000000003
0,0.008169352076947689,0,0.35000000000000003
0,0.012714289128780365,0,0.35000000000000003
0,4.592290861182846e-05,0,0.35000000000000003
1,0.9999996423721313,1,0.35000000000000003
0,0.9999995231628418,1,0.35000000000000003
0,1.974410224647727e-05,0,0.35000000000000003
0,2.3209953724290244e-05,0,0.35000000000000003
0,2.1282285160850734e-05,0,0.35000000000000003
0,1.8130320313503034e-05,0,0.35000000000000003
0,2.2194562916411087e-05,0,0.35000000000000003
0,2.4279092031065375e-05,0,0.35000000000000003
1,0.9999995231628418,1,0.35000000000000003
0,2.2059515686123632e-05,0,0.35000000000000003
0,1.7747855963534676e-05,0,0.35000000000000003
0,1.9004164641955867e-05,0,0.35000000000000003
0,0.9999995231628418,1,0.35000000000000003
0,2.0886329366476275e-05,0,0.35000000000000003
0,2.29053694056347e-05,0,0.35000000000000003
0,1.772012001310941e-05,0,0.35000000000000003
0,4.337219797889702e-05,0,0.35000000000000003
0,1.936700937221758e-05,0,0.35000000000000003
0,2.7850992410094477e-05,0,0.35000000000000003
0,2.81324810202932e-05,0,0.35000000000000003
0,2.152428169210907e-05,0,0.35000000000000003
1,0.9999995231628418,1,0.35000000000000003
0,4.191109837847762e-05,0,0.35000000000000003
0,0.9836491346359253,1,0.35000000000000003
0,3.0275172321125865e-05,0,0.35000000000000003
0,1.8124908820027485e-05,0,0.35000000000000003
0,2.5438661396037787e-05,0,0.35000000000000003
0,1.947968667082023e-05,0,0.35000000000000003
0,2.1319743609637953e-05,0,0.35000000000000003
0,1.876552232715767e-05,0,0.35000000000000003
0,0.9999995231628418,1,0.35000000000000003
0,2.7128455258207396e-05,0,0.35000000000000003
0,2.144817881344352e-05,0,0.35000000000000003
0,2.003894405788742e-05,0,0.35000000000000003
0,1.671321297180839e-05,0,0.35000000000000003
0,1.8652333892532624e-05,0,0.35000000000000003
0,1.9102668375126086e-05,0,0.35000000000000003
0,2.0991963538108394e-05,0,0.35000000000000003
0,2.0932529878336936e-05,0,0.35000000000000003
0,2.1122674297657795e-05,0,0.35000000000000003
0,0.40487873554229736,1,0.35000000000000003
0,1.9448370949248783e-05,0,0.35000000000000003
0,2.0045252313138917e-05,0,0.35000000000000003
0,2.2024807549314573e-05,0,0.35000000000000003
0,1.8833003196050413e-05,0,0.35000000000000003
0,2.1877496692468412e-05,0,0.35000000000000003
0,1.8750746676232666e-05,0,0.35000000000000003
1,0.9999997615814209,1,0.35000000000000003
1,0.9999995231628418,1,0.35000000000000003
0,3.1473959097638726e-05,0,0.35000000000000003
0,1.6485531887155958e-05,0,0.35000000000000003
0,3.5631128412205726e-05,0,0.35000000000000003
0,2.307851900695823e-05,0,0.35000000000000003
0,1.780346065061167e-05,0,0.35000000000000003
0,0.9999996423721313,1,0.35000000000000003
0,2.2777981939725578e-05,0,0.35000000000000003
0,2.0104982468183152e-05,0,0.35000000000000003
0,3.308616214781068e-05,0,0.35000000000000003
0,1.7405167454853654e-05,0,0.35000000000000003
0,2.6960044124280103e-05,0,0.35000000000000003
0,2.5234874556190334e-05,0,0.35000000000000003
0,3.0087772756814957e-05,0,0.35000000000000003
0,1.8846567400032654e-05,0,0.35000000000000003
0,2.646264329086989e-05,0,0.35000000000000003
0,3.624254168244079e-05,0,0.35000000000000003
0,2.3059159502736293e-05,0,0.35000000000000003
0,0.9999991655349731,1,0.35000000000000003
0,2.3743928977637552e-05,0,0.35000000000000003
0,2.6000339858001098e-05,0,0.35000000000000003
0,2.3981552658369765e-05,0,0.35000000000000003
1,0.9999996423721313,1,0.35000000000000003
0,2.2446674847742543e-05,0,0.35000000000000003
0,2.1421605197247118e-05,0,0.35000000000000003
0,2.049365320999641e-05,0,0.35000000000000003
1,0.9999995231628418,1,0.35000000000000003
0,1.7603562810108997e-05,0,0.35000000000000003
0,1.8897122572525404e-05,0,0.35000000000000003
0,2.8644739359151572e-05,0,0.35000000000000003
0,2.6530738978181034e-05,0,0.35000000000000003
0,2.0633928215829656e-05,0,0.35000000000000003
0,2.4925553589127958e-05,0,0.35000000000000003
0,0.9999996423721313,1,0.35000000000000003
0,2.3879678337834775e-05,0,0.35000000000000003
0,4.3202620872762054e-05,0,0.35000000000000003
0,1.9278428226243705e-05,0,0.35000000000000003
0,1.9884802895830944e-05,0,0.35000000000000003
0,1.5925406842143275e-05,0,0.35000000000000003
0,0.9999996423721313,1,0.35000000000000003
0,2.7388403395889327e-05,0,0.35000000000000003
1,0.9999997615814209,1,0.35000000000000003
0,3.11326002702117e-05,0,0.35000000000000003
0,6.0284259234322235e-05,0,0.35000000000000003
0,0.9999995231628418,1,0.35000000000000003
0,2.2944876036490314e-05,0,0.35000000000000003
0,2.2621381503995508e-05,0,0.35000000000000003
0,0.9999995231628418,1,0.35000000000000003
0,1.700985012575984e-05,0,0.35000000000000003
0,2.501699600543361e-05,0,0.35000000000000003
0,2.1811938495375216e-05,0,0.35000000000000003
0,1.7517837477498688e-05,0,0.35000000000000003
0,2.6042926037916914e-05,0,0.35000000000000003
0,2.471357220201753e-05,0,0.35000000000000003
0,1.9264074580860324e-05,0,0.35000000000000003
0,0.0016532752197235823,0,0.35000000000000003
1,0.9999997615814209,1,0.35000000000000003
0,1.7620326616452076e-05,0,0.35000000000000003
0,2.0815994503209367e-05,0,0.35000000000000003
0,2.6509700546739623e-05,0,0.35000000000000003
0,1.60711097123567e-05,0,0.35000000000000003
0,0.5359309315681458,1,0.35000000000000003
1,0.9999995231628418,1,0.35000000000000003
0,0.0001228343608090654,0,0.35000000000000003
0,3.4598437196109444e-05,0,0.35000000000000003
0,2.4271059373859316e-05,0,0.35000000000000003
0,2.78475672530476e-05,0,0.35000000000000003
0,2.002585824811831e-05,0,0.35000000000000003
0,3.60991143679712e-05,0,0.35000000000000003
0,1.870054802566301e-05,0,0.35000000000000003
0,1.7428905266569927e-05,0,0.35000000000000003
0,0.9999997615814209,1,0.35000000000000003
0,1.668858931225259e-05,0,0.35000000000000003
0,2.1317835489753634e-05,0,0.35000000000000003
0,2.065708213194739e-05,0,0.35000000000000003
0,1.9017254089703783e-05,0,0.35000000000000003
0,0.7264687418937683,1,0.35000000000000003
0,2.558375672379043e-05,0,0.35000000000000003
0,1.91727503988659e-05,0,0.35000000000000003
0,2.310230047442019e-05,0,0.35000000000000003
0,2.3625460016774014e-05,0,0.35000000000000003
0,1.8487742636352777e-05,0,0.35000000000000003
0,1.7654741895967163e-05,0,0.35000000000000003
0,3.439194551901892e-05,0,0.35000000000000003
0,0.5591959953308105,1,0.35000000000000003
0,5.710318509954959e-05,0,0.35000000000000003
0,1.6803702237666585e-05,0,0.35000000000000003
0,1.8404325601295568e-05,0,0.35000000000000003
0,1.8079334040521644e-05,0,0.35000000000000003
0,1.945666372193955e-05,0,0.35000000000000003
1,0.9999996423721313,1,0.35000000000000003
0,2.3210262952488847e-05,0,0.35000000000000003
0,2.3118103854358196e-05,0,0.35000000000000003
0,0.9999995231628418,1,0.35000000000000003
0,2.2837795768282376e-05,0,0.35000000000000003
0,0.9999903440475464,1,0.35000000000000003
0,2.197437424911186e-05,0,0.35000000000000003
0,4.5450939069269225e-05,0,0.35000000000000003
0,2.4433158614556305e-05,0,0.35000000000000003
1,0.9999996423721313,1,0.35000000000000003
0,2.18210097955307e-05,0,0.35000000000000003
0,1.5646339306840673e-05,0,0.35000000000000003
0,2.7594182029133663e-05,0,0.35000000000000003
0,0.9999996423721313,1,0.35000000000000003
0,2.3460841475753114e-05,0,0.35000000000000003
0,3.065053533646278e-05,0,0.35000000000000003
0,0.9999996423721313,1,0.35000000000000003
0,0.9999995231628418,1,0.35000000000000003
0,2.3684291591052897e-05,0,0.35000000000000003
0,0.7645185589790344,1,0.35000000000000003
0,1.8438669940223917e-05,0,0.35000000000000003
0,1.983450238185469e-05,0,0.35000000000000003
0,1.8228705812362023e-05,0,0.35000000000000003
0,1.9739416529773735e-05,0,0.35000000000000003
0,1.8876015019486658e-05,0,0.35000000000000003
0,2.0026833226438612e-05,0,0.35000000000000003
0,1.962336500582751e-05,0,0.35000000000000003
0,2.509312253096141e-05,0,0.35000000000000003
0,1.742858876241371e-05,0,0.35000000000000003
0,1.9085913663730025e-05,0,0.35000000000000003
0,1.958638495125342e-05,0,0.35000000000000003
0,1.8530283341533504e-05,0,0.35000000000000003
0,2.100922938552685e-05,0,0.35000000000000003
0,2.327510082977824e-05,0,0.35000000000000003
0,1.8756290955934674e-05,0,0.35000000000000003
0,1.7318343452643603e-05,0,0.35000000000000003
0,2.2985104806139134e-05,0,0.35000000000000003
0,1.7849597497843206e-05,0,0.35000000000000003
1,0.9275509715080261,1,0.35000000000000003
0,1.8282644305145368e-05,0,0.35000000000000003
0,1.7466076315031387e-05,0,0.35000000000000003
0,2.0728200979647227e-05,0,0.35000000000000003
0,2.283631511090789e-05,0,0.35000000000000003
0,2.169698382203933e-05,0,0.35000000000000003
0,2.612162279547192e-05,0,0.35000000000000003
0,2.3470845917472616e-05,0,0.35000000000000003
0,3.1135805329540744e-05,0,0.35000000000000003
0,1.8667440599529073e-05,0,0.35000000000000003
0,3.1797881092643365e-05,0,0.35000000000000003
0,2.949048030131962e-05,0,0.35000000000000003
0,2.2017331502866e-05,0,0.35000000000000003
0,1.9874622012139298e-05,0,0.35000000000000003
0,2.2932405045139603e-05,0,0.35000000000000003
0,2.4541373932152055e-05,0,0.35000000000000003
0,2.0629717255360447e-05,0,0.35000000000000003
0,2.198261245212052e-05,0,0.35000000000000003
0,2.0462521206354722e-05,0,0.35000000000000003
0,1.9098661141470075e-05,0,0.35000000000000003
0,3.082635157625191e-05,0,0.35000000000000003
0,2.652198963914998e-05,0,0.35000000000000003
0,1.992759462154936e-05,0,0.35000000000000003
0,5.0322883907938376e-05,0,0.35000000000000003
0,1.819353929022327e-05,0,0.35000000000000003
0,2.678782220755238e-05,0,0.35000000000000003
0,2.545770985307172e-05,0,0.35000000000000003
0,1.83341144293081e-05,0,0.35000000000000003
0,2.6236892153974622e-05,0,0.35000000000000003
0,1.8687444025999866e-05,0,0.35000000000000003
0,1.7253343685297295e-05,0,0.35000000000000003
0,1.9518773115123622e-05,0,0.35000000000000003
0,0.9999996423721313,1,0.35000000000000003
1,0.9410619139671326,1,0.35000000000000003
0,2.294196565344464e-05,0,0.35000000000000003
0,0.9798723459243774,1,0.35000000000000003
0,1.8348266166867688e-05,0,0.35000000000000003
1,0.9999995231628418,1,0.35000000000000003
0,2.7644911824609153e-05,0,0.35000000000000003
0,1.9233917555538937e-05,0,0.35000000000000003
0,2.0307605154812336e-05,0,0.35000000000000003
0,0.9999840259552002,1,0.35000000000000003
0,1.6174279153347015e-05,0,0.35000000000000003
0,2.219447742390912e-05,0,0.35000000000000003
0,2.1988777007209137e-05,0,0.35000000000000003
0,2.4161387045751326e-05,0,0.35000000000000003
1,0.9665574431419373,1,0.35000000000000003
0,9.091226093005389e-05,0,0.35000000000000003
0,2.9416944016702473e-05,0,0.35000000000000003
0,2.527647120587062e-05,0,0.35000000000000003
0,3.7857469578739256e-05,0,0.35000000000000003
0,2.3554370272904634e-05,0,0.35000000000000003
0,3.491887036943808e-05,0,0.35000000000000003
0,0.006891622208058834,0,0.35000000000000003
0,2.513963590899948e-05,0,0.35000000000000003
0,2.704809230635874e-05,0,0.35000000000000003
0,0.0029370984993875027,0,0.35000000000000003
0,1.959748442459386e-05,0,0.35000000000000003
0,2.345900793443434e-05,0,0.35000000000000003
0,2.5236678993678652e-05,0,0.35000000000000003
0,1.8366403310210444e-05,0,0.35000000000000003
0,0.9999064207077026,1,0.35000000000000003
0,2.8586038752109744e-05,0,0.35000000000000003
1,0.9999995231628418,1,0.35000000000000003
0,1.821563819248695e-05,0,0.35000000000000003
0,2.153179593733512e-05,0,0.35000000000000003
0,2.1670599380740896e-05,0,0.35000000000000003
0,2.9784416256006807e-05,0,0.35000000000000003
1,0.9999994039535522,1,0.35000000000000003
0,1.9457740563666448e-05,0,0.35000000000000003
0,2.5815137632889673e-05,0,0.35000000000000003
0,2.576263068476692e-05,0,0.35000000000000003
0,2.6371521016699262e-05,0,0.35000000000000003
0,0.8296791315078735,1,0.35000000000000003
0,2.2991769583313726e-05,0,0.35000000000000003
0,1.8475828255759552e-05,0,0.35000000000000003
0,2.2847119907964952e-05,0,0.35000000000000003
0,1.735633850330487e-05,0,0.35000000000000003
0,0.9999996423721313,1,0.35000000000000003
1,0.01008459273725748,0,0.35000000000000003
0,4.521571099758148e-05,0,0.35000000000000003
0,1.864740625023842e-05,0,0.35000000000000003
0,6.842906441306695e-05,0,0.35000000000000003
0,2.6734334824141115e-05,0,0.35000000000000003
0,2.904447137552779e-05,0,0.35000000000000003
0,2.567445881140884e-05,0,0.35000000000000003
0,4.055093086208217e-05,0,0.35000000000000003
0,2.2365433324011974e-05,0,0.35000000000000003
0,2.1220048438408412e-05,0,0.35000000000000003
0,0.01067807525396347,0,0.35000000000000003
0,1.7401418517692946e-05,0,0.35000000000000003
0,2.0604942619684152e-05,0,0.35000000000000003
0,3.737438237294555e-05,0,0.35000000000000003
0,5.3871528507443145e-05,0,0.35000000000000003
0,0.9999996423721313,1,0.35000000000000003
0,1.9391773093957454e-05,0,0.35000000000000003
0,2.0387882614159025e-05,0,0.35000000000000003
0,1.948043063748628e-05,0,0.35000000000000003
0,1.9281573258922435e-05,0,0.35000000000000003
0,2.4504888642695732e-05,0,0.35000000000000003
0,0.9999995231628418,1,0.35000000000000003
0,1.8129299860447645e-05,0,0.35000000000000003
0,1.8634164007380605e-05,0,0.35000000000000003
0,2.0813751689274795e-05,0,0.35000000000000003
1,0.9999995231628418,1,0.35000000000000003
0,1.807295484468341e-05,0,0.35000000000000003
0,2.2944326701690443e-05,0,0.35000000000000003
1,0.9999995231628418,1,0.35000000000000003
0,0.000711838249117136,0,0.35000000000000003
0,2.0520505131571554e-05,0,0.35000000000000003
0,1.8389606339042075e-05,0,0.35000000000000003
0,2.027873051702045e-05,0,0.35000000000000003
0,2.1882255168748088e-05,0,0.35000000000000003
0,2.834841507137753e-05,0,0.35000000000000003
0,7.128443394321948e-05,0,0.35000000000000003
0,3.284309423179366e-05,0,0.35000000000000003
0,2.1161220502108335e-05,0,0.35000000000000003
1,0.9999996423721313,1,0.35000000000000003
0,2.467294871166814e-05,0,0.35000000000000003
0,0.0025924055371433496,0,0.35000000000000003
0,1.8019467461272143e-05,0,0.35000000000000003
0,1.9067047105636448e-05,0,0.35000000000000003
0,2.39182172663277e-05,0,0.35000000000000003
0,1.898715527204331e-05,0,0.35000000000000003
1,0.9999995231628418,1,0.35000000000000003
1,0.9999995231628418,1,0.35000000000000003
0,2.3178368792287074e-05,0,0.35000000000000003
0,1.8558472220320255e-05,0,0.35000000000000003
0,2.1044477762188762e-05,0,0.35000000000000003
0,0.16742846369743347,0,0.35000000000000003
0,2.006772774620913e-05,0,0.35000000000000003
0,2.156397567887325e-05,0,0.35000000000000003
0,0.1325448900461197,0,0.35000000000000003
0,1.834768772823736e-05,0,0.35000000000000003
0,3.0440627597272396e-05,0,0.35000000000000003
0,2.7381141990190372e-05,0,0.35000000000000003
0,2.3308972231461667e-05,0,0.35000000000000003
0,1.8800521502271295e-05,0,0.35000000000000003
0,0.9999996423721313,1,0.35000000000000003
0,3.0002842322573997e-05,0,0.35000000000000003
0,2.0542707716231234e-05,0,0.35000000000000003
0,2.2406893549486995e-05,0,0.35000000000000003
0,3.2833951991051435e-05,0,0.35000000000000003
0,3.0038401746423915e-05,0,0.35000000000000003
0,0.9999996423721313,1,0.35000000000000003
0,2.1637495592585765e-05,0,0.35000000000000003
0,2.048941132670734e-05,0,0.35000000000000003
0,0.9724525213241577,1,0.35000000000000003
0,0.9999995231628418,1,0.35000000000000003
0,0.9999996423721313,1,0.35000000000000003
0,2.2532054572366178e-05,0,0.35000000000000003
0,2.8725491574732587e-05,0,0.35000000000000003
0,2.1334186385502107e-05,0,0.35000000000000003
0,2.2784455723012798e-05,0,0.35000000000000003
0,2.0823181330342777e-05,0,0.35000000000000003
0,2.9785893275402486e-05,0,0.35000000000000003
0,1.9359717043698765e-05,0,0.35000000000000003
0,3.3510041248518974e-05,0,0.35000000000000003
0,1.9414479538681917e-05,0,0.35000000000000003
0,2.0633631720556878e-05,0,0.35000000000000003
0,1.8247943444293924e-05,0,0.35000000000000003
0,1.8142858607461676e-05,0,0.35000000000000003
0,1.9299895939184353e-05,0,0.35000000000000003
0,2.3407254047924653e-05,0,0.35000000000000003
0,1.948992576217279e-05,0,0.35000000000000003
0,0.0003100554458796978,0,0.35000000000000003
0,1.982083085749764e-05,0,0.35000000000000003
0,2.2467256712843664e-05,0,0.35000000000000003
0,1.8171847841585986e-05,0,0.35000000000000003
0,0.9999997615814209,1,0.35000000000000003
0,5.8224050007993355e-05,0,0.35000000000000003
0,2.6664567485568114e-05,0,0.35000000000000003
0,1.9684921426232904e-05,0,0.35000000000000003
0,2.008143565035425e-05,0,0.35000000000000003
1,0.9944958090782166,1,0.35000000000000003
0,0.9839702248573303,1,0.35000000000000003
0,2.612478783703409e-05,0,0.35000000000000003
0,1.854675792856142e-05,0,0.35000000000000003
1,0.9999995231628418,1,0.35000000000000003
0,2.4223980290116742e-05,0,0.35000000000000003
0,2.606048838060815e-05,0,0.35000000000000003
0,1.9308310584165156e-05,0,0.35000000000000003
0,2.013397534028627e-05,0,0.35000000000000003
0,0.9999996423721313,1,0.35000000000000003
0,2.354123535042163e-05,0,0.35000000000000003
0,0.9999995231628418,1,0.35000000000000003
0,2.1843019567313604e-05,0,0.35000000000000003
0,2.9243750759633258e-05,0,0.35000000000000003
0,1.6970188880804926e-05,0,0.35000000000000003
0,0.9999996423721313,1,0.35000000000000003
0,1.7889133232529275e-05,0,0.35000000000000003
0,2.4660552298882976e-05,0,0.35000000000000003
0,3.280446617281996e-05,0,0.35000000000000003
0,2.8526264941319823e-05,0,0.35000000000000003
0,2.1165216821827926e-05,0,0.35000000000000003
0,1.91983999684453e-05,0,0.35000000000000003
0,2.1692620066460222e-05,0,0.35000000000000003
0,1.767971298249904e-05,0,0.35000000000000003
0,1.9986058759968728e-05,0,0.35000000000000003
1,0.9999996423721313,1,0.35000000000000003
0,2.1704434402636252e-05,0,0.35000000000000003
0,2.3990725821931846e-05,0,0.35000000000000003
0,2.218529516540002e-05,0,0.35000000000000003
0,2.3124188373913057e-05,0,0.35000000000000003
0,1.758634789439384e-05,0,0.35000000000000003
0,0.9999996423721313,1,0.35000000000000003
0,0.9999995231628418,1,0.35000000000000003
0,3.228967761970125e-05,0,0.35000000000000003
0,2.1222456780378707e-05,0,0.35000000000000003
0,2.1536559870583005e-05,0,0.35000000000000003
1,0.9999996423721313,1,0.35000000000000003
0,0.9999996423721313,1,0.35000000000000003
1,0.9999996423721313,1,0.35000000000000003
0,9.809295443119481e-05,0,0.35000000000000003
0,0.9999995231628418,1,0.35000000000000003
0,2.3657610654481687e-05,0,0.35000000000000003
0,1.9294982848805375e-05,0,0.35000000000000003
0,3.0719093047082424e-05,0,0.35000000000000003
1,0.9999996423721313,1,0.35000000000000003
0,2.009160198213067e-05,0,0.35000000000000003
0,2.1432946596178226e-05,0,0.35000000000000003
0,1.6926836906350218e-05,0,0.35000000000000003
0,2.1405981897260062e-05,0,0.35000000000000003
0,2.6075082132592797e-05,0,0.35000000000000003
0,2.2146716219140217e-05,0,0.35000000000000003
1,0.9999995231628418,1,0.35000000000000003
0,1.6702570064808242e-05,0,0.35000000000000003
0,2.6180752684012987e-05,0,0.35000000000000003
0,1.9340746803209186e-05,0,0.35000000000000003
1,0.9999995231628418,1,0.35000000000000003
0,2.964516716019716e-05,0,0.35000000000000003
0,2.130706161551643e-05,0,0.35000000000000003
0,2.1266625481075607e-05,0,0.35000000000000003
0,2.296100683452096e-05,0,0.35000000000000003
1,0.9999995231628418,1,0.35000000000000003
0,7.05171114532277e-05,0,0.35000000000000003
0,0.00011757732136175036,0,0.35000000000000003
0,2.134200076397974e-05,0,0.35000000000000003
1,0.9999995231628418,1,0.35000000000000003
0,2.717576535360422e-05,0,0.35000000000000003
0,1.886777135950979e-05,0,0.35000000000000003
0,0.9999996423721313,1,0.35000000000000003
0,0.0002676073054317385,0,0.35000000000000003
0,2.5341008949908428e-05,0,0.35000000000000003
1,0.9999996423721313,1,0.35000000000000003
0,3.69845874956809e-05,0,0.35000000000000003
0,0.000262118352111429,0,0.35000000000000003
0,2.0822051737923175e-05,0,0.35000000000000003
0,1.9291634089313447e-05,0,0.35000000000000003
0,1.9708852050825953e-05,0,0.35000000000000003
0,2.9809878469677642e-05,0,0.35000000000000003
0,2.064353429886978e-05,0,0.35000000000000003
1,0.9999996423721313,1,0.35000000000000003
0,2.029856295848731e-05,0,0.35000000000000003
0,1.8808430468197912e-05,0,0.35000000000000003
0,0.9999996423721313,1,0.35000000000000003
0,2.532864164095372e-05,0,0.35000000000000003
0,2.03037907340331e-05,0,0.35000000000000003
0,2.884663626900874e-05,0,0.35000000000000003
0,1.794904346752446e-05,0,0.35000000000000003
0,2.5564269890310243e-05,0,0.35000000000000003
0,0.9959399700164795,1,0.35000000000000003
0,0.9999996423721313,1,0.35000000000000003
0,2.5965624445234425e-05,0,0.35000000000000003
0,0.00012536978465504944,0,0.35000000000000003
0,2.2300986529444344e-05,0,0.35000000000000003
0,2.647708242875524e-05,0,0.35000000000000003
0,1.8232687580166385e-05,0,0.35000000000000003
0,1.854739457485266e-05,0,0.35000000000000003
0,3.235169788240455e-05,0,0.35000000000000003
0,2.0937919543939643e-05,0,0.35000000000000003
1,0.9999996423721313,1,0.35000000000000003
0,2.7715575924958102e-05,0,0.35000000000000003
1,0.9999997615814209,1,0.35000000000000003
0,0.9998735189437866,1,0.35000000000000003
0,2.6915548005490564e-05,0,0.35000000000000003
0,0.9999997615814209,1,0.35000000000000003
0,0.9256277680397034,1,0.35000000000000003
1,0.9999995231628418,1,0.35000000000000003
1,0.9999995231628418,1,0.35000000000000003
0,0.9999996423721313,1,0.35000000000000003
0,3.0125784178380854e-05,0,0.35000000000000003
0,1.8179229300585575e-05,0,0.35000000000000003
0,1.7992577340919524e-05,0,0.35000000000000003
0,2.229479832749348e-05,0,0.35000000000000003
0,0.9999996423721313,1,0.35000000000000003
1,0.9999995231628418,1,0.35000000000000003
0,2.273154132126365e-05,0,0.35000000000000003
0,2.207024590461515e-05,0,0.35000000000000003
0,4.935995093546808e-05,0,0.35000000000000003
0,1.9606906789704226e-05,0,0.35000000000000003
0,2.130568100255914e-05,0,0.35000000000000003
0,0.9999996423721313,1,0.35000000000000003
0,1.7746197045198642e-05,0,0.35000000000000003
0,2.6627772967913188e-05,0,0.35000000000000003
0,2.16443877434358e-05,0,0.35000000000000003
0,2.7428133762441576e-05,0,0.35000000000000003
0,0.0006659154896624386,0,0.35000000000000003
0,2.9006163458689116e-05,0,0.35000000000000003
0,3.758788443519734e-05,0,0.35000000000000003
0,1.9996639821329154e-05,0,0.35000000000000003
0,1.999511368921958e-05,0,0.35000000000000003
0,1.9465387595118955e-05,0,0.35000000000000003
0,2.3396027245325968e-05,0,0.35000000000000003
0,2.435884925944265e-05,0,0.35000000000000003
0,1.8412682038615458e-05,0,0.35000000000000003
0,3.20854305755347e-05,0,0.35000000000000003
0,2.5364461180288345e-05,0,0.35000000000000003
0,1.83387310244143e-05,0,0.35000000000000003
0,2.010273965424858e-05,0,0.35000000000000003
0,3.092254701186903e-05,0,0.35000000000000003
0,1.9356262782821432e-05,0,0.35000000000000003
0,2.242421032860875e-05,0,0.35000000000000003
0,2.5350629584863782e-05,0,0.35000000000000003
0,1.955855441337917e-05,0,0.35000000000000003
0,2.354947355343029e-05,0,0.35000000000000003
0,3.261449819547124e-05,0,0.35000000000000003
0,0.9794262051582336,1,0.35000000000000003
0,2.322556611034088e-05,0,0.35000000000000003
1,0.9999995231628418,1,0.35000000000000003
0,1.819517092371825e-05,0,0.35000000000000003
0,0.00015683572564739734,0,0.35000000000000003
1,0.9999995231628418,1,0.35000000000000003
0,2.5657911464804783e-05,0,0.35000000000000003
0,3.186539470334537e-05,0,0.35000000000000003
0,1.839309697970748e-05,0,0.35000000000000003
0,0.9999995231628418,1,0.35000000000000003
0,2.6897998395725153e-05,0,0.35000000000000003
0,2.0537187083391473e-05,0,0.35000000000000003
0,0.9999997615814209,1,0.35000000000000003
0,1.7828468116931617e-05,0,0.35000000000000003
0,2.9829727282049134e-05,0,0.35000000000000003
0,2.894161661970429e-05,0,0.35000000000000003
0,1.7536776795168407e-05,0,0.35000000000000003
0,2.4538612706237473e-05,0,0.35000000000000003
0,2.339828097319696e-05,0,0.35000000000000003
0,2.0095914806006476e-05,0,0.35000000000000003
0,2.6839066777029075e-05,0,0.35000000000000003
0,2.0970453988411464e-05,0,0.35000000000000003
1,0.9999996423721313,1,0.35000000000000003
0,1.9824952687486075e-05,0,0.35000000000000003
0,2.132133158738725e-05,0,0.35000000000000003
0,2.4828592358971946e-05,0,0.35000000000000003
0,1.78539030457614e-05,0,0.35000000000000003
0,1.719488500384614e-05,0,0.35000000000000003
0,2.2416385036194697e-05,0,0.35000000000000003
0,2.2426347641157918e-05,0,0.35000000000000003
0,4.456541137187742e-05,0,0.35000000000000003
0,2.1178400857024826e-05,0,0.35000000000000003
0,2.3371298084384762e-05,0,0.35000000000000003
0,2.6347690436523408e-05,0,0.35000000000000003
0,1.7059268429875374e-05,0,0.35000000000000003
0,2.005544229177758e-05,0,0.35000000000000003
0,0.9999996423721313,1,0.35000000000000003
0,2.2585989427170716e-05,0,0.35000000000000003
0,1.920720751513727e-05,0,0.35000000000000003
0,2.1218571419012733e-05,0,0.35000000000000003
0,2.0192970623611473e-05,0,0.35000000000000003
0,2.2520624042954296e-05,0,0.35000000000000003
0,2.1830210243933834e-05,0,0.35000000000000003
0,4.298366548027843e-05,0,0.35000000000000003
0,2.6489433366805315e-05,0,0.35000000000000003
0,0.9999996423721313,1,0.35000000000000003
0,1.7136751921498217e-05,0,0.35000000000000003
0,2.3379388949251734e-05,0,0.35000000000000003
0,2.032480733760167e-05,0,0.35000000000000003
0,1.6888316167751327e-05,0,0.35000000000000003
1,0.9999475479125977,1,0.35000000000000003
1,0.9999995231628418,1,0.35000000000000003
0,1.9851853721775115e-05,0,0.35000000000000003
1,0.9999995231628418,1,0.35000000000000003
0,5.431789759313688e-05,0,0.35000000000000003
0,2.18820041482104e-05,0,0.35000000000000003
0,2.0756111553055234e-05,0,0.35000000000000003
0,1.8981705579790287e-05,0,0.35000000000000003
0,2.2309539417619817e-05,0,0.35000000000000003
0,1.8686108887777664e-05,0,0.35000000000000003
0,0.989370584487915,1,0.35000000000000003
1,0.9999995231628418,1,0.35000000000000003
0,2.6792316930368543e-05,0,0.35000000000000003
1,0.9999995231628418,1,0.35000000000000003
0,0.9999996423721313,1,0.35000000000000003
0,2.0382225557113998e-05,0,0.35000000000000003
0,0.00011584596359170973,0,0.35000000000000003
0,3.962717528338544e-05,0,0.35000000000000003
0,2.2319027266348712e-05,0,0.35000000000000003
0,2.2412237740354612e-05,0,0.35000000000000003
0,1.684830931480974e-05,0,0.35000000000000003
0,0.9999996423721313,1,0.35000000000000003
0,2.5052664568647742e-05,0,0.35000000000000003
0,1.8760030798148364e-05,0,0.35000000000000003
0,1.6956371837295592e-05,0,0.35000000000000003
0,0.09271015971899033,0,0.35000000000000003
0,2.4564084014855325e-05,0,0.35000000000000003
1,0.9999676942825317,1,0.35000000000000003
0,3.613466105889529e-05,0,0.35000000000000003
0,2.5808834834606387e-05,0,0.35000000000000003
0,2.6196586986770853e-05,0,0.35000000000000003
1,0.9999996423721313,1,0.35000000000000003
0,8.453192276647314e-05,0,0.35000000000000003
0,1.9260494809714146e-05,0,0.35000000000000003
0,0.9999996423721313,1,0.35000000000000003
0,2.2979580535320565e-05,0,0.35000000000000003
0,2.09988920687465e-05,0,0.35000000000000003
0,0.9989007711410522,1,0.35000000000000003
0,2.5187202481902204e-05,0,0.35000000000000003
0,1.7006444977596402e-05,0,0.35000000000000003
0,2.317224607395474e-05,0,0.35000000000000003
0,3.223261228413321e-05,0,0.35000000000000003
0,4.0445345803163946e-05,0,0.35000000000000003
0,2.678429700608831e-05,0,0.35000000000000003
0,1.884793528006412e-05,0,0.35000000000000003
0,2.1829107936355285e-05,0,0.35000000000000003
0,2.3025078917271458e-05,0,0.35000000000000003
1,0.9999995231628418,1,0.35000000000000003
0,2.2560909201274626e-05,0,0.35000000000000003
0,1.8809345419867896e-05,0,0.35000000000000003
0,1.801324833650142e-05,0,0.35000000000000003
0,2.5346302209072746e-05,0,0.35000000000000003
0,0.9999996423721313,1,0.35000000000000003
0,2.1719863070757128e-05,0,0.35000000000000003
0,1.8104214177583344e-05,0,0.35000000000000003
0,0.9999997615814209,1,0.35000000000000003
0,2.061127088381909e-05,0,0.35000000000000003
0,2.406774365226738e-05,0,0.35000000000000003
0,2.320152270840481e-05,0,0.35000000000000003
0,2.1331377865863033e-05,0,0.35000000000000003
1,0.9999995231628418,1,0.35000000000000003
0,2.4479897547280416e-05,0,0.35000000000000003
0,2.429319647490047e-05,0,0.35000000000000003
0,0.9999995231628418,1,0.35000000000000003
0,2.1482530428329483e-05,0,0.35000000000000003
0,2.137760748155415e-05,0,0.35000000000000003
0,0.21292422711849213,0,0.35000000000000003
0,1.7462329196860082e-05,0,0.35000000000000003
0,0.00019694921502377838,0,0.35000000000000003
0,2.28516073548235e-05,0,0.35000000000000003
0,1.7608937923796475e-05,0,0.35000000000000003
0,2.145703911082819e-05,0,0.35000000000000003
0,2.1315598132787272e-05,0,0.35000000000000003
1,0.9999995231628418,1,0.35000000000000003
0,1.756112942530308e-05,0,0.35000000000000003
0,2.5064542569452897e-05,0,0.35000000000000003
0,2.041930565610528e-05,0,0.35000000000000003
0,2.101712379953824e-05,0,0.35000000000000003
0,3.472215757938102e-05,0,0.35000000000000003
0,1.6539275748073123e-05,0,0.35000000000000003
0,0.9999995231628418,1,0.35000000000000003
0,2.3082988263922743e-05,0,0.35000000000000003
0,2.014184974541422e-05,0,0.35000000000000003
0,8.481766417389736e-05,0,0.35000000000000003
0,1.8692933736019768e-05,0,0.35000000000000003
0,0.9999997615814209,1,0.35000000000000003
0,1.7897629732033238e-05,0,0.35000000000000003
0,2.059105463558808e-05,0,0.35000000000000003
1,0.21905717253684998,0,0.35000000000000003
0,2.3858256099629216e-05,0,0.35000000000000003
0,0.9999995231628418,1,0.35000000000000003
0,3.6287641705712304e-05,0,0.35000000000000003
0,3.606704558478668e-05,0,0.35000000000000003
0,0.9999995231628418,1,0.35000000000000003
0,1.8542088582762517e-05,0,0.35000000000000003
0,2.2074455046094954e-05,0,0.35000000000000003
0,1.912421066663228e-05,0,0.35000000000000003
0,3.0309522117022425e-05,0,0.35000000000000003
0,2.8247515729162842e-05,0,0.35000000000000003
0,2.0594945453922264e-05,0,0.35000000000000003
0,1.915158827614505e-05,0,0.35000000000000003
0,2.363014755246695e-05,0,0.35000000000000003
0,2.2694461222272366e-05,0,0.35000000000000003
0,3.48063294950407e-05,0,0.35000000000000003
0,1.846957457019016e-05,0,0.35000000000000003
0,2.1734553229180165e-05,0,0.35000000000000003
0,2.3496624635299668e-05,0,0.35000000000000003
0,2.332871918042656e-05,0,0.35000000000000003
0,2.0471716197789647e-05,0,0.35000000000000003
0,4.258719854988158e-05,0,0.35000000000000003
0,0.022050917148590088,0,0.35000000000000003
0,2.8494208891061135e-05,0,0.35000000000000003
0,2.154835055989679e-05,0,0.35000000000000003
1,0.9999995231628418,1,0.35000000000000003
0,2.0803690858883783e-05,0,0.35000000000000003
0,2.107677391904872e-05,0,0.35000000000000003
0,1.770883500284981e-05,0,0.35000000000000003
0,1.8509019355406053e-05,0,0.35000000000000003
0,2.4609622414573096e-05,0,0.35000000000000003
0,1.7703701814753003e-05,0,0.35000000000000003
0,2.2355112378136255e-05,0,0.35000000000000003
0,2.0692490579676814e-05,0,0.35000000000000003
0,3.8788290112279356e-05,0,0.35000000000000003
0,4.3798187107313424e-05,0,0.35000000000000003
0,2.3668824724154547e-05,0,0.35000000000000003
0,2.0458248400245793e-05,0,0.35000000000000003
0,1.9794046238530427e-05,0,0.35000000000000003
0,1.7653430404607207e-05,0,0.35000000000000003
0,2.3862103262217715e-05,0,0.35000000000000003
0,2.2715161321684718e-05,0,0.35000000000000003
0,9.73435744526796e-05,0,0.35000000000000003
0,3.87071049772203e-05,0,0.35000000000000003
0,2.2821337552159093e-05,0,0.35000000000000003
0,1.9816407075268216e-05,0,0.35000000000000003
0,1.7396076145814732e-05,0,0.35000000000000003
0,3.570742410374805e-05,0,0.35000000000000003
0,2.0521758415270597e-05,0,0.35000000000000003
0,2.2253099814406596e-05,0,0.35000000000000003
0,1.975201303139329e-05,0,0.35000000000000003
0,3.579627809813246e-05,0,0.35000000000000003
0,1.8816019291989505e-05,0,0.35000000000000003
0,2.6203031666227616e-05,0,0.35000000000000003
0,4.1475963371340185e-05,0,0.35000000000000003
0,0.9619903564453125,1,0.35000000000000003
0,0.48396897315979004,1,0.35000000000000003
0,2.41177185671404e-05,0,0.35000000000000003
0,0.00011932962661376223,0,0.35000000000000003
0,2.5474953872617334e-05,0,0.35000000000000003
0,1.656454878684599e-05,0,0.35000000000000003
0,2.1301779270288534e-05,0,0.35000000000000003
0,2.1817826564074494e-05,0,0.35000000000000003
0,1.9372235328773968e-05,0,0.35000000000000003
0,2.5489147446933202e-05,0,0.35000000000000003
0,1.8356631699134596e-05,0,0.35000000000000003
0,2.4462582587148063e-05,0,0.35000000000000003
0,2.1732148525188677e-05,0,0.35000000000000003
0,2.294909609190654e-05,0,0.35000000000000003
0,0.00039940225542522967,0,0.35000000000000003
0,1.811606125556864e-05,0,0.35000000000000003
0,3.314312925795093e-05,0,0.35000000000000003
0,1.8881144569604658e-05,0,0.35000000000000003
0,2.3950584363774396e-05,0,0.35000000000000003
0,2.6245676053804345e-05,0,0.35000000000000003
0,3.468505383352749e-05,0,0.35000000000000003
0,1.8604723663884215e-05,0,0.35000000000000003
0,3.272322646807879e-05,0,0.35000000000000003
0,0.9999995231628418,1,0.35000000000000003
1,0.9999996423721313,1,0.35000000000000003
0,1.67873968166532e-05,0,0.35000000000000003
1,0.9999995231628418,1,0.35000000000000003
0,2.101822610711679e-05,0,0.35000000000000003
0,2.2077234461903572e-05,0,0.35000000000000003
0,1.9435577996773645e-05,0,0.35000000000000003
1,0.9999997615814209,1,0.35000000000000003
0,2.0611623767763376e-05,0,0.35000000000000003
0,0.999994158744812,1,0.35000000000000003
0,0.9999996423721313,1,0.35000000000000003
0,3.36557968694251e-05,0,0.35000000000000003
0,0.5448258519172668,1,0.35000000000000003
0,6.374155054800212e-05,0,0.35000000000000003
0,1.6363264876417816e-05,0,0.35000000000000003
0,2.06312324735336e-05,0,0.35000000000000003
0,1.9151295418851078e-05,0,0.35000000000000003
0,1.9811721358564682e-05,0,0.35000000000000003
0,1.878206603578292e-05,0,0.35000000000000003
0,3.040224328287877e-05,0,0.35000000000000003
0,3.114709397777915e-05,0,0.35000000000000003
0,1.849818363552913e-05,0,0.35000000000000003
1,0.9999996423721313,1,0.35000000000000003
0,2.3280848836293444e-05,0,0.35000000000000003
0,0.9996895790100098,1,0.35000000000000003
0,1.6903220966923982e-05,0,0.35000000000000003
0,2.3519085516454652e-05,0,0.35000000000000003
0,2.565165050327778e-05,0,0.35000000000000003
0,1.997895014937967e-05,0,0.35000000000000003
0,2.649847556313034e-05,0,0.35000000000000003
0,4.264173185219988e-05,0,0.35000000000000003
0,1.8213588191429153e-05,0,0.35000000000000003
0,2.0757914171554148e-05,0,0.35000000000000003
0,1.743183020153083e-05,0,0.35000000000000003
0,2.5117806217167526e-05,0,0.35000000000000003
0,0.9999996423721313,1,0.35000000000000003
0,1.8346971046412364e-05,0,0.35000000000000003
0,2.1010569980717264e-05,0,0.35000000000000003
1,0.9999995231628418,1,0.35000000000000003
0,1.9929628251702525e-05,0,0.35000000000000003
0,0.22746270895004272,0,0.35000000000000003
0,1.8647851902642287e-05,0,0.35000000000000003
0,2.96164598694304e-05,0,0.35000000000000003
0,9.774607315193862e-05,0,0.35000000000000003
0,0.9999115467071533,1,0.35000000000000003
0,2.1505467884708196e-05,0,0.35000000000000003
0,2.5414048650418408e-05,0,0.35000000000000003
0,2.2098680346971378e-05,0,0.35000000000000003
0,2.261793088109698e-05,0,0.35000000000000003
1,0.9999995231628418,1,0.35000000000000003
0,1.8829556211130694e-05,0,0.35000000000000003
0,0.9999489784240723,1,0.35000000000000003
1,0.9999995231628418,1,0.35000000000000003
0,2.165997830161359e-05,0,0.35000000000000003
0,2.2220867322175764e-05,0,0.35000000000000003
0,2.3232121748151258e-05,0,0.35000000000000003
0,1.8729460862232372e-05,0,0.35000000000000003
0,2.5143879611277953e-05,0,0.35000000000000003
0,3.0461125788860954e-05,0,0.35000000000000003
0,1.661962960497476e-05,0,0.35000000000000003
0,1.8614660802995786e-05,0,0.35000000000000003
0,2.6267509383615106e-05,0,0.35000000000000003
0,1.8553941117716022e-05,0,0.35000000000000003
0,2.373987626924645e-05,0,0.35000000000000003
0,2.0586558093782514e-05,0,0.35000000000000003
1,0.9999995231628418,1,0.35000000000000003
1,0.9999996423721313,1,0.35000000000000003
0,2.100435995089356e-05,0,0.35000000000000003
0,4.983267353964038e-05,0,0.35000000000000003
0,0.9992071986198425,1,0.35000000000000003
0,0.966884970664978,1,0.35000000000000003
0,0.9999996423721313,1,0.35000000000000003
1,0.9999994039535522,1,0.35000000000000003
0,2.1405061488621868e-05,0,0.35000000000000003
1,0.9999995231628418,1,0.35000000000000003
1,0.9999995231628418,1,0.35000000000000003
1,0.9999995231628418,1,0.35000000000000003
0,2.274264261359349e-05,0,0.35000000000000003
0,1.9518996850820258e-05,0,0.35000000000000003
0,2.4378228772548027e-05,0,0.35000000000000003
0,0.010718888603150845,0,0.35000000000000003
1,0.9999996423721313,1,0.35000000000000003
0,0.9999997615814209,1,0.35000000000000003
1,0.9999995231628418,1,0.35000000000000003
0,2.1053932869108394e-05,0,0.35000000000000003
1,0.9999995231628418,1,0.35000000000000003
0,2.2733795049134642e-05,0,0.35000000000000003
0,2.8819989893236198e-05,0,0.35000000000000003
0,2.499648508091923e-05,0,0.35000000000000003
0,1.9894097931683064e-05,0,0.35000000000000003
0,0.9999996423721313,1,0.35000000000000003
0,2.0155184756731614e-05,0,0.35000000000000003
0,2.605884765216615e-05,0,0.35000000000000003
0,2.3385411623166874e-05,0,0.35000000000000003
0,2.2546777472598478e-05,0,0.35000000000000003
0,2.269121614517644e-05,0,0.35000000000000003
1,0.9999995231628418,1,0.35000000000000003
0,2.346426663279999e-05,0,0.35000000000000003
0,2.0026604033773765e-05,0,0.35000000000000003
0,0.9999995231628418,1,0.35000000000000003
0,2.6419045752845705e-05,0,0.35000000000000003
0,2.470688195899129e-05,0,0.35000000000000003
0,3.236169504816644e-05,0,0.35000000000000003
0,4.495182292885147e-05,0,0.35000000000000003
0,2.8131489671068266e-05,0,0.35000000000000003
0,0.9999997615814209,1,0.35000000000000003
0,2.9894199542468414e-05,0,0.35000000000000003
0,0.9999996423721313,1,0.35000000000000003
1,0.9999996423721313,1,0.35000000000000003
0,2.139206844731234e-05,0,0.35000000000000003
1,0.9999996423721313,1,0.35000000000000003
1,0.9999995231628418,1,0.35000000000000003
0,2.3168489860836416e-05,0,0.35000000000000003
0,0.08886738121509552,0,0.35000000000000003
1,0.9974944591522217,1,0.35000000000000003
0,0.1362709403038025,0,0.35000000000000003
0,1.7525073417345993e-05,0,0.35000000000000003
0,3.653908061096445e-05,0,0.35000000000000003
0,2.2815418560639955e-05,0,0.35000000000000003
0,2.1688441847800277e-05,0,0.35000000000000003
0,1.8989563614013605e-05,0,0.35000000000000003
0,2.2920294213690795e-05,0,0.35000000000000003
0,1.7973128706216812e-05,0,0.35000000000000003
0,0.9999996423721313,1,0.35000000000000003
0,2.6126355805899948e-05,0,0.35000000000000003
0,0.9999994039535522,1,0.35000000000000003
0,2.7255728127784096e-05,0,0.35000000000000003
0,3.21501174767036e-05,0,0.35000000000000003
0,2.083144681819249e-05,0,0.35000000000000003
0,1.7603044398128986e-05,0,0.35000000000000003
0,2.0346062228782102e-05,0,0.35000000000000003
0,1.7316015146207064e-05,0,0.35000000000000003
0,2.1435562302940525e-05,0,0.35000000000000003
0,2.0148707335465588e-05,0,0.35000000000000003
0,2.7590023819357157e-05,0,0.35000000000000003
0,2.3857664928073063e-05,0,0.35000000000000003
0,2.450133797538001e-05,0,0.35000000000000003
0,0.9999995231628418,1,0.35000000000000003
0,1.918032103276346e-05,0,0.35000000000000003
1,0.9999996423721313,1,0.35000000000000003
0,2.5761524739209563e-05,0,0.35000000000000003
0,1.9953686205553822e-05,0,0.35000000000000003
0,0.12020333856344223,0,0.35000000000000003
0,0.9999996423721313,1,0.35000000000000003
0,2.481581032043323e-05,0,0.35000000000000003
0,1.91693125088932e-05,0,0.35000000000000003
0,2.5098936021095142e-05,0,0.35000000000000003
0,0.8157625794410706,1,0.35000000000000003
0,8.906105358619243e-05,0,0.35000000000000003
1,0.9999995231628418,1,0.35000000000000003
0,2.136761941073928e-05,0,0.35000000000000003
0,2.2171252567204647e-05,0,0.35000000000000003
0,0.4324690103530884,1,0.35000000000000003
0,2.099530684063211e-05,0,0.35000000000000003
0,1.8670771169126965e-05,0,0.35000000000000003
0,3.500251841614954e-05,0,0.35000000000000003
0,2.4761933673289604e-05,0,0.35000000000000003
0,2.3595737729920074e-05,0,0.35000000000000003
1,0.9999995231628418,1,0.35000000000000003
0,1.8913800886366516e-05,0,0.35000000000000003
0,0.9999996423721313,1,0.35000000000000003
1,0.00014737260062247515,0,0.35000000000000003
0,2.226532706117723e-05,0,0.35000000000000003
0,3.0704592063557357e-05,0,0.35000000000000003
0,0.00012342633272055537,0,0.35000000000000003
0,2.033692544500809e-05,0,0.35000000000000003
0,2.608500471978914e-05,0,0.35000000000000003
0,0.9999996423721313,1,0.35000000000000003
0,2.058438076346647e-05,0,0.35000000000000003
0,0.16546711325645447,0,0.35000000000000003
0,2.297717219335027e-05,0,0.35000000000000003
0,1.7576743630343117e-05,0,0.35000000000000003
0,1.7054779164027423e-05,0,0.35000000000000003
0,2.062448584183585e-05,0,0.35000000000000003
0,2.178747126890812e-05,0,0.35000000000000003
0,1.9647166482172906e-05,0,0.35000000000000003
0,1.800148493202869e-05,0,0.35000000000000003
0,5.677186345565133e-05,0,0.35000000000000003
0,4.7820583858992904e-05,0,0.35000000000000003
0,2.1843476133653894e-05,0,0.35000000000000003
0,2.0321147530921735e-05,0,0.35000000000000003
1,0.9999997615814209,1,0.35000000000000003
0,2.2535858079208992e-05,0,0.35000000000000003
0,2.2700089175486937e-05,0,0.35000000000000003
0,2.216082975792233e-05,0,0.35000000000000003
0,1.8690849174163304e-05,0,0.35000000000000003
0,0.10551159083843231,0,0.35000000000000003
0,2.7244761440670118e-05,0,0.35000000000000003
1,0.9999995231628418,1,0.35000000000000003
0,0.8416942954063416,1,0.35000000000000003
0,2.7248997866990976e-05,0,0.35000000000000003
0,2.5486619051662274e-05,0,0.35000000000000003
0,0.014971785247325897,0,0.35000000000000003
0,2.3467177015845664e-05,0,0.35000000000000003
0,2.2167234419612214e-05,0,0.35000000000000003
0,1.956616688403301e-05,0,0.35000000000000003
0,2.4859888071659952e-05,0,0.35000000000000003
0,2.1471101717907004e-05,0,0.35000000000000003
0,2.0203640815452673e-05,0,0.35000000000000003
0,0.9999995231628418,1,0.35000000000000003
0,0.9999996423721313,1,0.35000000000000003
0,2.5581683075870387e-05,0,0.35000000000000003
0,0.0005145054892636836,0,0.35000000000000003
0,2.6334024369134568e-05,0,0.35000000000000003
0,1.9722068827832118e-05,0,0.35000000000000003
0,1.5163468560785986e-05,0,0.35000000000000003
0,0.0379544273018837,0,0.35000000000000003
0,2.469771607138682e-05,0,0.35000000000000003
1,0.003119358792901039,0,0.35000000000000003
0,4.242780778440647e-05,0,0.35000000000000003
0,2.5502664357190952e-05,0,0.35000000000000003
0,4.531318336375989e-05,0,0.35000000000000003
0,2.194928310927935e-05,0,0.35000000000000003
0,2.2939469999982975e-05,0,0.35000000000000003
0,1.762278043315746e-05,0,0.35000000000000003
0,2.3021675588097423e-05,0,0.35000000000000003
0,1.8642571376403794e-05,0,0.35000000000000003
0,0.9999995231628418,1,0.35000000000000003
0,4.242885916028172e-05,0,0.35000000000000003
0,0.9999617338180542,1,0.35000000000000003
0,3.319228926557116e-05,0,0.35000000000000003
0,0.9999995231628418,1,0.35000000000000003
0,1.992708166653756e-05,0,0.35000000000000003
0,1.8210879716207273e-05,0,0.35000000000000003
0,2.5913283025147393e-05,0,0.35000000000000003
0,1.760017403285019e-05,0,0.35000000000000003
0,1.8531909518060274e-05,0,0.35000000000000003
0,2.2423333575716242e-05,0,0.35000000000000003
0,2.865637725335546e-05,0,0.35000000000000003
0,2.2807240384281613e-05,0,0.35000000000000003
0,1.964381408470217e-05,0,0.35000000000000003
1,0.9999996423721313,1,0.35000000000000003
1,0.9999995231628418,1,0.35000000000000003
0,1.7913203919306397e-05,0,0.35000000000000003
0,2.401998426648788e-05,0,0.35000000000000003
0,3.998556348960847e-05,0,0.35000000000000003
0,0.9999980926513672,1,0.35000000000000003
0,1.868790786829777e-05,0,0.35000000000000003
0,1.900563256640453e-05,0,0.35000000000000003
0,2.1264942915877327e-05,0,0.35000000000000003
1,0.9999995231628418,1,0.35000000000000003
0,1.791293288988527e-05,0,0.35000000000000003
0,0.00011019533849321306,0,0.35000000000000003
0,2.89249492197996e-05,0,0.35000000000000003
1,0.9999995231628418,1,0.35000000000000003
0,0.00022850972891319543,0,0.35000000000000003
0,1.745721783663612e-05,0,0.35000000000000003
0,1.9419570890022442e-05,0,0.35000000000000003
0,2.0164048692095093e-05,0,0.35000000000000003
0,1.8236949472338893e-05,0,0.35000000000000003
0,2.0596808099071495e-05,0,0.35000000000000003
0,2.9331364203244448e-05,0,0.35000000000000003
0,2.8117621695855632e-05,0,0.35000000000000003
0,2.115529241564218e-05,0,0.35000000000000003
0,3.15403267450165e-05,0,0.35000000000000003
0,1.8876229660236277e-05,0,0.35000000000000003
0,1.9715920643648133e-05,0,0.35000000000000003
0,3.5490629670675844e-05,0,0.35000000000000003
0,1.843933750933502e-05,0,0.35000000000000003
0,3.75811432604678e-05,0,0.35000000000000003
0,1.930447979248129e-05,0,0.35000000000000003
0,4.218062531435862e-05,0,0.35000000000000003
0,2.2000918761477806e-05,0,0.35000000000000003
0,1.8500477381167002e-05,0,0.35000000000000003
0,0.9999996423721313,1,0.35000000000000003
0,1.9282289940747432e-05,0,0.35000000000000003
0,2.9862174415029585e-05,0,0.35000000000000003
1,0.9999995231628418,1,0.35000000000000003
0,1.8241540601593442e-05,0,0.35000000000000003
0,2.3021610104478896e-05,0,0.35000000000000003
0,3.8525777199538425e-05,0,0.35000000000000003
0,2.1932899471721612e-05,0,0.35000000000000003
0,3.435589314904064e-05,0,0.35000000000000003
0,2.4215110897785053e-05,0,0.35000000000000003
0,2.4537675926694646e-05,0,0.35000000000000003
1,0.9999995231628418,1,0.35000000000000003
1,0.9999995231628418,1,0.35000000000000003
0,0.000493392872158438,0,0.35000000000000003
0,4.6004213800188154e-05,0,0.35000000000000003
0,1.8942700990010053e-05,0,0.35000000000000003
0,2.6716415959526785e-05,0,0.35000000000000003
0,2.5736306270118803e-05,0,0.35000000000000003
1,0.9999994039535522,1,0.35000000000000003
0,2.0894676708849147e-05,0,0.35000000000000003
0,2.2469699615612626e-05,0,0.35000000000000003
0,0.0021261575166136026,0,0.35000000000000003
0,0.9999997615814209,1,0.35000000000000003
0,0.005597160197794437,0,0.35000000000000003
0,1.8363494746154174e-05,0,0.35000000000000003
0,2.0010433217976242e-05,0,0.35000000000000003
0,2.1869573174626566e-05,0,0.35000000000000003
0,0.25017282366752625,0,0.35000000000000003
0,0.9999995231628418,1,0.35000000000000003
0,2.0084920834051445e-05,0,0.35000000000000003
0,3.0603798222728074e-05,0,0.35000000000000003
0,2.0064760974491946e-05,0,0.35000000000000003
0,0.9999997615814209,1,0.35000000000000003
0,1.902605072245933e-05,0,0.35000000000000003
0,2.3951221010065638e-05,0,0.35000000000000003
0,2.262535235786345e-05,0,0.35000000000000003
0,1.9295957827125676e-05,0,0.35000000000000003
0,2.6422825612826273e-05,0,0.35000000000000003
0,2.6269062800565735e-05,0,0.35000000000000003
0,1.9764487660722807e-05,0,0.35000000000000003
0,2.0800083802896552e-05,0,0.35000000000000003
1,2.357275297981687e-05,0,0.35000000000000003
0,1.781235732778441e-05,0,0.35000000000000003
0,0.0264617707580328,0,0.35000000000000003
0,4.776911737280898e-05,0,0.35000000000000003
0,2.7894373488379642e-05,0,0.35000000000000003
0,2.877111364796292e-05,0,0.35000000000000003
0,1.7280315660173073e-05,0,0.35000000000000003
0,2.251925070595462e-05,0,0.35000000000000003
0,2.2119802451925352e-05,0,0.35000000000000003
0,3.102279515587725e-05,0,0.35000000000000003
0,1.9781231458182447e-05,0,0.35000000000000003
0,0.9999991655349731,1,0.35000000000000003
0,2.3045597117743455e-05,0,0.35000000000000003
0,0.9999995231628418,1,0.35000000000000003
1,0.9999996423721313,1,0.35000000000000003
0,0.7902626395225525,1,0.35000000000000003
0,2.29247089009732e-05,0,0.35000000000000003
0,2.2200491002877243e-05,0,0.35000000000000003
0,1.669094490353018e-05,0,0.35000000000000003
0,2.5516532332403585e-05,0,0.35000000000000003
0,2.0023680917802267e-05,0,0.35000000000000003
0,0.0066446238197386265,0,0.35000000000000003
0,2.7293730454402976e-05,0,0.35000000000000003
0,2.150960972358007e-05,0,0.35000000000000003
0,2.871004653570708e-05,0,0.35000000000000003
0,1.844361213443335e-05,0,0.35000000000000003
0,0.9999995231628418,1,0.35000000000000003
0,2.1351528630475514e-05,0,0.35000000000000003
0,2.3534794308943674e-05,0,0.35000000000000003
0,1.9554079699446447e-05,0,0.35000000000000003
0,1.680011337157339e-05,0,0.35000000000000003
0,0.9999204874038696,1,0.35000000000000003
0,1.9986135157523677e-05,0,0.35000000000000003
0,1.882610740722157e-05,0,0.35000000000000003
0,4.747575439978391e-05,0,0.35000000000000003
0,1.7167716578114778e-05,0,0.35000000000000003
0,0.000907165405806154,0,0.35000000000000003
0,1.6227630112553015e-05,0,0.35000000000000003
0,1.8943585018860176e-05,0,0.35000000000000003
0,1.7724210920277983e-05,0,0.35000000000000003
0,0.6602968573570251,1,0.35000000000000003
0,0.9999995231628418,1,0.35000000000000003
1,0.9999997615814209,1,0.35000000000000003
0,3.0811545002507046e-05,0,0.35000000000000003
0,2.7298208806314506e-05,0,0.35000000000000003
0,0.00011531233030837029,0,0.35000000000000003
0,2.5599276341381483e-05,0,0.35000000000000003
0,5.627736391033977e-05,0,0.35000000000000003
0,2.2215464923647232e-05,0,0.35000000000000003
0,2.3278940716409124e-05,0,0.35000000000000003
0,2.695001967367716e-05,0,0.35000000000000003
0,3.005636972375214e-05,0,0.35000000000000003
0,0.9999995231628418,1,0.35000000000000003
1,0.9999995231628418,1,0.35000000000000003
0,2.8523381843115203e-05,0,0.35000000000000003
0,3.469008152023889e-05,0,0.35000000000000003
0,3.166733222315088e-05,0,0.35000000000000003
0,1.885374149424024e-05,0,0.35000000000000003
0,2.0781562852789648e-05,0,0.35000000000000003
0,0.0007530872244387865,0,0.35000000000000003
1,0.9999995231628418,1,0.35000000000000003
0,2.0714071069960482e-05,0,0.35000000000000003
0,2.0260113160475157e-05,0,0.35000000000000003
0,2.246200710942503e-05,0,0.35000000000000003
1,0.9999994039535522,1,0.35000000000000003
0,0.6332628130912781,1,0.35000000000000003
0,2.069513539026957e-05,0,0.35000000000000003
0,1.944965151778888e-05,0,0.35000000000000003
0,2.7941712687606923e-05,0,0.35000000000000003
0,1.7220532754436135e-05,0,0.35000000000000003
0,1.9487137251417153e-05,0,0.35000000000000003
0,1.958687062142417e-05,0,0.35000000000000003
0,0.039508748799562454,0,0.35000000000000003
0,8.72540331329219e-05,0,0.35000000000000003
0,0.9895808696746826,1,0.35000000000000003
0,1.8084869225276634e-05,0,0.35000000000000003
0,1.830432483984623e-05,0,0.35000000000000003
0,2.0729426978505217e-05,0,0.35000000000000003
0,3.2106305297929794e-05,0,0.35000000000000003
0,5.930975021328777e-05,0,0.35000000000000003
1,0.9999995231628418,1,0.35000000000000003
0,3.0858267564326525e-05,0,0.35000000000000003
0,0.9987289309501648,1,0.35000000000000003
0,1.7639156794757582e-05,0,0.35000000000000003
0,2.2282236386672594e-05,0,0.35000000000000003
0,2.310289528395515e-05,0,0.35000000000000003
0,3.300838216091506e-05,0,0.35000000000000003
1,0.9999995231628418,1,0.35000000000000003
0,2.1924661268712953e-05,0,0.35000000000000003
0,2.2523910956806503e-05,0,0.35000000000000003
0,2.082409628201276e-05,0,0.35000000000000003
1,0.9999995231628418,1,0.35000000000000003
0,2.9058599466225132e-05,0,0.35000000000000003
0,3.513481715344824e-05,0,0.35000000000000003
0,2.0576233509927988e-05,0,0.35000000000000003
0,2.310386480530724e-05,0,0.35000000000000003
0,2.1154888599994592e-05,0,0.35000000000000003
0,1.888735823740717e-05,0,0.35000000000000003
0,1.733187491481658e-05,0,0.35000000000000003
0,5.7295619626529515e-05,0,0.35000000000000003
0,3.187749098287895e-05,0,0.35000000000000003
0,2.008783121709712e-05,0,0.35000000000000003
0,0.9999936819076538,1,0.35000000000000003
0,4.1302064346382394e-05,0,0.35000000000000003
0,1.795774369384162e-05,0,0.35000000000000003
0,2.066602792183403e-05,0,0.35000000000000003
1,0.9999994039535522,1,0.35000000000000003
0,2.060124825220555e-05,0,0.35000000000000003
0,2.791137740132399e-05,0,0.35000000000000003
0,0.17647676169872284,0,0.35000000000000003
0,2.0149111151113175e-05,0,0.35000000000000003
0,2.452700755384285e-05,0,0.35000000000000003
0,1.6349178622476757e-05,0,0.35000000000000003
0,2.2682390408590436e-05,0,0.35000000000000003
0,0.9944260120391846,1,0.35000000000000003
0,2.3253578547155485e-05,0,0.35000000000000003
0,1.7920569007401355e-05,0,0.35000000000000003
0,1.7804104572860524e-05,0,0.35000000000000003
0,1.779986087058205e-05,0,0.35000000000000003
0,0.004132943693548441,0,0.35000000000000003
0,2.0104389477637596e-05,0,0.35000000000000003
0,1.7516918887849897e-05,0,0.35000000000000003
0,1.7142408978543244e-05,0,0.35000000000000003
0,7.187575829448178e-05,0,0.35000000000000003
0,0.9999997615814209,1,0.35000000000000003
0,0.04770512506365776,0,0.35000000000000003
0,1.991401040868368e-05,0,0.35000000000000003
0,2.4951879822765477e-05,0,0.35000000000000003
0,1.7337166354991496e-05,0,0.35000000000000003
0,1.9101138605037704e-05,0,0.35000000000000003
0,0.0007457226165570319,0,0.35000000000000003
0,1.639705260458868e-05,0,0.35000000000000003
0,5.0566297431942075e-05,0,0.35000000000000003
0,2.152588240278419e-05,0,0.35000000000000003
0,2.1948235371382907e-05,0,0.35000000000000003
0,1.817597330955323e-05,0,0.35000000000000003
0,2.5179037038469687e-05,0,0.35000000000000003
0,1.938193781825248e-05,0,0.35000000000000003
0,1.7380703866365366e-05,0,0.35000000000000003
0,0.21655882894992828,0,0.35000000000000003
0,4.084792089997791e-05,0,0.35000000000000003
0,2.2856378564029e-05,0,0.35000000000000003
0,1.86742254300043e-05,0,0.35000000000000003
0,0.001354880165308714,0,0.35000000000000003
0,4.460478521650657e-05,0,0.35000000000000003
0,0.9999896287918091,1,0.35000000000000003
0,0.9999994039535522,1,0.35000000000000003
0,0.9995495676994324,1,0.35000000000000003
0,2.3567401512991637e-05,0,0.35000000000000003
0,2.2373626052285545e-05,0,0.35000000000000003
0,1.798142693587579e-05,0,0.35000000000000003
0,2.1465511963469908e-05,0,0.35000000000000003
0,0.9999995231628418,1,0.35000000000000003
0,1.8359694877290167e-05,0,0.35000000000000003
0,2.1924995962763205e-05,0,0.35000000000000003
0,1.991285171243362e-05,0,0.35000000000000003
1,0.9999996423721313,1,0.35000000000000003
0,3.8640209822915494e-05,0,0.35000000000000003
0,1.6332223822246306e-05,0,0.35000000000000003
0,2.0822169972234406e-05,0,0.35000000000000003
0,1.8799517420120537e-05,0,0.35000000000000003
1,0.9999996423721313,1,0.35000000000000003
0,0.9999535083770752,1,0.35000000000000003
0,1.9709341358975507e-05,0,0.35000000000000003
0,2.0755082005052827e-05,0,0.35000000000000003
0,2.3768216124153696e-05,0,0.35000000000000003
0,1.9742559743463062e-05,0,0.35000000000000003
0,3.144119546050206e-05,0,0.35000000000000003
0,1.8669525161385536e-05,0,0.35000000000000003
0,2.501482595107518e-05,0,0.35000000000000003
1,0.8986957669258118,1,0.35000000000000003
0,2.659837991814129e-05,0,0.35000000000000003
0,1.880324816738721e-05,0,0.35000000000000003
0,1.6568024875596166e-05,0,0.35000000000000003
0,1.867404716904275e-05,0,0.35000000000000003
0,0.9581262469291687,1,0.35000000000000003
0,6.517268775496632e-05,0,0.35000000000000003
0,3.781323175644502e-05,0,0.35000000000000003
0,2.671853144420311e-05,0,0.35000000000000003
0,1.7536676750751212e-05,0,0.35000000000000003
0,1.7908421796164475e-05,0,0.35000000000000003
0,2.3618411432835273e-05,0,0.35000000000000003
0,1.8330285456613638e-05,0,0.35000000000000003
0,0.9999995231628418,1,0.35000000000000003
0,1.8165159417549148e-05,0,0.35000000000000003
0,5.811315350001678e-05,0,0.35000000000000003
0,2.2385449483408593e-05,0,0.35000000000000003
0,2.0808292902074754e-05,0,0.35000000000000003
0,2.1798588932142593e-05,0,0.35000000000000003
0,0.8991133570671082,1,0.35000000000000003
0,2.4574934286647476e-05,0,0.35000000000000003
0,2.594896432128735e-05,0,0.35000000000000003
0,1.9606419300544076e-05,0,0.35000000000000003
0,1.9278373656561598e-05,0,0.35000000000000003
0,5.6082135415636e-05,0,0.35000000000000003
0,2.0447969291126356e-05,0,0.35000000000000003
0,2.223224873887375e-05,0,0.35000000000000003
1,0.9999995231628418,1,0.35000000000000003
0,1.870092273748014e-05,0,0.35000000000000003
0,0.9999996423721313,1,0.35000000000000003
0,2.2249789253692143e-05,0,0.35000000000000003
0,0.980743944644928,1,0.35000000000000003
0,2.3586177121615037e-05,0,0.35000000000000003
0,1.9324945242260583e-05,0,0.35000000000000003
0,0.00019347939814906567,0,0.35000000000000003
0,1.8109774828189984e-05,0,0.35000000000000003
0,2.064306136162486e-05,0,0.35000000000000003
0,1.712431912892498e-05,0,0.35000000000000003
0,2.6367499231128022e-05,0,0.35000000000000003
0,9.905728074954823e-05,0,0.35000000000000003
0,1.8022870790446177e-05,0,0.35000000000000003
0,1.8792061382555403e-05,0,0.35000000000000003
0,5.077247624285519e-05,0,0.35000000000000003
0,1.8318452930543572e-05,0,0.35000000000000003
0,2.1049394490546547e-05,0,0.35000000000000003
0,2.804708492476493e-05,0,0.35000000000000003
0,2.9228498533484526e-05,0,0.35000000000000003
1,0.9999996423721313,1,0.35000000000000003
0,0.00015242857625707984,0,0.35000000000000003
0,2.8730313715641387e-05,0,0.35000000000000003
0,0.9999996423721313,1,0.35000000000000003
0,2.398811739112716e-05,0,0.35000000000000003
0,2.7094898541690782e-05,0,0.35000000000000003
0,0.9976884126663208,1,0.35000000000000003
0,0.00018329000158701092,0,0.35000000000000003
0,0.00401668855920434,0,0.35000000000000003
0,1.9437562514212914e-05,0,0.35000000000000003
0,0.000151184038259089,0,0.35000000000000003
0,2.060099177469965e-05,0,0.35000000000000003
0,2.5146182451862842e-05,0,0.35000000000000003
0,0.27528855204582214,0,0.35000000000000003
0,2.4365284843952395e-05,0,0.35000000000000003
0,2.001718894462101e-05,0,0.35000000000000003
0,1.744887777022086e-05,0,0.35000000000000003
0,0.10007000714540482,0,0.35000000000000003
0,1.8264692698721774e-05,0,0.35000000000000003
0,2.9553430067608133e-05,0,0.35000000000000003
0,2.9006716431467794e-05,0,0.35000000000000003
1,0.9999996423721313,1,0.35000000000000003
0,1.952089587575756e-05,0,0.35000000000000003
0,2.4396322260145098e-05,0,0.35000000000000003
0,2.0546391169773415e-05,0,0.35000000000000003
0,2.1002035282435827e-05,0,0.35000000000000003
0,1.6834095731610432e-05,0,0.35000000000000003
0,2.4908298655645922e-05,0,0.35000000000000003
0,2.1694915631087497e-05,0,0.35000000000000003
1,0.9999995231628418,1,0.35000000000000003
0,2.4619666874059476e-05,0,0.35000000000000003
0,2.133156158379279e-05,0,0.35000000000000003
0,2.530133497202769e-05,0,0.35000000000000003
0,4.198270835331641e-05,0,0.35000000000000003
0,3.1413590477313846e-05,0,0.35000000000000003
0,1.832914858823642e-05,0,0.35000000000000003
0,3.3107749914051965e-05,0,0.35000000000000003
0,1.8092528989654966e-05,0,0.35000000000000003
0,1.769972004694864e-05,0,0.35000000000000003
0,2.2017227820469998e-05,0,0.35000000000000003
0,2.1334959455998614e-05,0,0.35000000000000003
0,0.9999992847442627,1,0.35000000000000003
0,1.7538934116601013e-05,0,0.35000000000000003
0,1.8026188627118245e-05,0,0.35000000000000003
0,3.418385676923208e-05,0,0.35000000000000003
0,2.3385566237266175e-05,0,0.35000000000000003
0,2.9239177820272744e-05,0,0.35000000000000003
0,1.617898487893399e-05,0,0.35000000000000003
0,1.7459182345191948e-05,0,0.35000000000000003
0,0.9999994039535522,1,0.35000000000000003
0,2.1420910343294963e-05,0,0.35000000000000003
1,0.9999995231628418,1,0.35000000000000003
0,1.935690852405969e-05,0,0.35000000000000003
0,0.13991695642471313,0,0.35000000000000003
0,2.3976110242074355e-05,0,0.35000000000000003
0,1.6578946087975055e-05,0,0.35000000000000003
0,0.9999997615814209,1,0.35000000000000003
0,0.9999995231628418,1,0.35000000000000003
1,0.9999996423721313,1,0.35000000000000003
0,2.2533557057613507e-05,0,0.35000000000000003
0,3.390390702406876e-05,0,0.35000000000000003
0,1.7689948435872793e-05,0,0.35000000000000003
0,2.1955795091344044e-05,0,0.35000000000000003
0,2.253426646348089e-05,0,0.35000000000000003
0,2.0813156879739836e-05,0,0.35000000000000003
0,0.0008364051464013755,0,0.35000000000000003
0,1.8712535165832378e-05,0,0.35000000000000003
0,5.493089702213183e-05,0,0.35000000000000003
0,0.9999958276748657,1,0.35000000000000003
0,2.1412086425698362e-05,0,0.35000000000000003
0,2.1269261196721345e-05,0,0.35000000000000003
0,4.138047370361164e-05,0,0.35000000000000003
0,1.879593219200615e-05,0,0.35000000000000003
0,2.3382579456665553e-05,0,0.35000000000000003
0,1.6938947737799026e-05,0,0.35000000000000003
0,1.8760656530503184e-05,0,0.35000000000000003
0,3.321406620671041e-05,0,0.35000000000000003
0,0.9999995231628418,1,0.35000000000000003
1,0.003571705427020788,0,0.35000000000000003
0,0.9999995231628418,1,0.35000000000000003
0,0.00010867242963286117,0,0.35000000000000003
0,3.110327816102654e-05,0,0.35000000000000003
0,2.0470290110097267e-05,0,0.35000000000000003
0,1.7358075638185255e-05,0,0.35000000000000003
0,3.681255111587234e-05,0,0.35000000000000003
1,0.9999995231628418,1,0.35000000000000003
0,3.39258331223391e-05,0,0.35000000000000003
0,4.8777059419080615e-05,0,0.35000000000000003
1,0.9999994039535522,1,0.35000000000000003
0,1.919510577863548e-05,0,0.35000000000000003
0,2.7567275537876412e-05,0,0.35000000000000003
0,0.00013851997209712863,0,0.35000000000000003
0,2.02813207579311e-05,0,0.35000000000000003
0,2.4915758331189863e-05,0,0.35000000000000003
0,2.0827432308578864e-05,0,0.35000000000000003
0,1.7225051124114543e-05,0,0.35000000000000003
0,2.282479908899404e-05,0,0.35000000000000003
0,2.2459566025645472e-05,0,0.35000000000000003
1,0.9999996423721313,1,0.35000000000000003
0,2.4085997210931964e-05,0,0.35000000000000003
0,2.0173723896732554e-05,0,0.35000000000000003
0,1.8463919332134537e-05,0,0.35000000000000003
0,1.917245754157193e-05,0,0.35000000000000003
0,4.174946661805734e-05,0,0.35000000000000003
0,1.840053482737858e-05,0,0.35000000000000003
0,2.9989683753228746e-05,0,0.35000000000000003
0,2.338088415854145e-05,0,0.35000000000000003
0,1.9586665075621568e-05,0,0.35000000000000003
0,2.1035490135545842e-05,0,0.35000000000000003
0,0.9999969005584717,1,0.35000000000000003
0,3.21923362207599e-05,0,0.35000000000000003
0,2.3828584744478576e-05,0,0.35000000000000003
0,3.331180050736293e-05,0,0.35000000000000003
0,2.444861274852883e-05,0,0.35000000000000003
0,0.027203496545553207,0,0.35000000000000003
0,0.08573088049888611,0,0.35000000000000003
0,3.655378532130271e-05,0,0.35000000000000003
0,3.893886969308369e-05,0,0.35000000000000003
0,2.336831130378414e-05,0,0.35000000000000003
1,0.8594697713851929,1,0.35000000000000003
0,0.9999995231628418,1,0.35000000000000003
0,1.8976963474415243e-05,0,0.35000000000000003
0,2.2655494831269607e-05,0,0.35000000000000003
0,0.9645542502403259,1,0.35000000000000003
0,2.025862704613246e-05,0,0.35000000000000003
0,9.033067908603698e-05,0,0.35000000000000003
0,1.694726961432025e-05,0,0.35000000000000003
0,2.4741633751546033e-05,0,0.35000000000000003
1,0.9999994039535522,1,0.35000000000000003
0,0.9999402761459351,1,0.35000000000000003
0,2.0183151718811132e-05,0,0.35000000000000003
0,2.5165374609059654e-05,0,0.35000000000000003
0,1.8601531337480992e-05,0,0.35000000000000003
0,1.988984877243638e-05,0,0.35000000000000003
0,3.2956642826320603e-05,0,0.35000000000000003
1,0.9175509810447693,1,0.35000000000000003
0,1.9076742319157347e-05,0,0.35000000000000003
0,4.297456325730309e-05,0,0.35000000000000003
0,2.7888068871106952e-05,0,0.35000000000000003
0,2.3381486244034022e-05,0,0.35000000000000003
0,0.0028770717326551676,0,0.35000000000000003
0,1.981298737518955e-05,0,0.35000000000000003
0,2.0278497686376795e-05,0,0.35000000000000003
0,2.199565278715454e-05,0,0.35000000000000003
0,2.31628382607596e-05,0,0.35000000000000003
0,0.00018959931912831962,0,0.35000000000000003
0,2.6787260139826685e-05,0,0.35000000000000003
1,0.36614444851875305,1,0.35000000000000003
0,2.034868157352321e-05,0,0.35000000000000003
0,2.4229895643657073e-05,0,0.35000000000000003
0,1.8409520635032095e-05,0,0.35000000000000003
0,1.8106804418493994e-05,0,0.35000000000000003
0,1.8647675460670143e-05,0,0.35000000000000003
0,5.271412373986095e-05,0,0.35000000000000003
0,2.8276814191485755e-05,0,0.35000000000000003
1,0.9999996423721313,1,0.35000000000000003
0,1.857596726040356e-05,0,0.35000000000000003
0,3.217425910406746e-05,0,0.35000000000000003
0,0.9999995231628418,1,0.35000000000000003
0,0.0001294712274102494,0,0.35000000000000003
0,1.9431334294495173e-05,0,0.35000000000000003
0,2.7663185392157175e-05,0,0.35000000000000003
0,2.0946607037330978e-05,0,0.35000000000000003
1,0.9999995231628418,1,0.35000000000000003
0,4.3765750888269395e-05,0,0.35000000000000003
0,1.8718157662078738e-05,0,0.35000000000000003
0,0.0001178680540760979,0,0.35000000000000003
0,2.417316318314988e-05,0,0.35000000000000003
0,1.648389661568217e-05,0,0.35000000000000003
0,1.9449798855930567e-05,0,0.35000000000000003
0,0.0004562311223708093,0,0.35000000000000003
0,4.749377694679424e-05,0,0.35000000000000003
0,8.537247049389407e-05,0,0.35000000000000003
0,0.0006608576513826847,0,0.35000000000000003
0,0.023768113926053047,0,0.35000000000000003
0,1.9931281713070348e-05,0,0.35000000000000003
0,2.5270035621360876e-05,0,0.35000000000000003
0,2.542927541071549e-05,0,0.35000000000000003
0,2.231004873465281e-05,0,0.35000000000000003
0,0.9999996423721313,1,0.35000000000000003
0,1.787528526620008e-05,0,0.35000000000000003
0,2.6221832740702666e-05,0,0.35000000000000003
0,1.7497050066594966e-05,0,0.35000000000000003
0,1.714219615678303e-05,0,0.35000000000000003
0,1.878215334727429e-05,0,0.35000000000000003
0,2.0774528820766136e-05,0,0.35000000000000003
0,1.8997496226802468e-05,0,0.35000000000000003
1,0.9999995231628418,1,0.35000000000000003
0,1.853085086622741e-05,0,0.35000000000000003
0,2.2031112166587263e-05,0,0.35000000000000003
0,3.036159250768833e-05,0,0.35000000000000003
0,0.9126320481300354,1,0.35000000000000003
0,1.8242897567688487e-05,0,0.35000000000000003
0,2.3100097678252496e-05,0,0.35000000000000003
0,2.169555773434695e-05,0,0.35000000000000003
1,0.9999995231628418,1,0.35000000000000003
0,2.7901371140615083e-05,0,0.35000000000000003
1,0.9999995231628418,1,0.35000000000000003
0,0.9999995231628418,1,0.35000000000000003
0,1.9087297914666124e-05,0,0.35000000000000003
0,1.815580799302552e-05,0,0.35000000000000003
0,1.7902308172779158e-05,0,0.35000000000000003
0,1.9454975699773058e-05,0,0.35000000000000003
0,2.5184150217683055e-05,0,0.35000000000000003
0,0.9999997615814209,1,0.35000000000000003
0,0.00013235649385023862,0,0.35000000000000003
0,1.9122388039249927e-05,0,0.35000000000000003
1,0.9999979734420776,1,0.35000000000000003
0,1.8229506167699583e-05,0,0.35000000000000003
0,1.619388240214903e-05,0,0.35000000000000003
0,0.9999982118606567,1,0.35000000000000003
0,0.9880446791648865,1,0.35000000000000003
0,0.5199403762817383,1,0.35000000000000003
1,0.9999995231628418,1,0.35000000000000003
0,3.141769775538705e-05,0,0.35000000000000003
0,2.491445411578752e-05,0,0.35000000000000003
0,2.2445690774475224e-05,0,0.35000000000000003
1,0.9999995231628418,1,0.35000000000000003
0,0.9999996423721313,1,0.35000000000000003
0,2.015257086895872e-05,0,0.35000000000000003
0,1.78839127329411e-05,0,0.35000000000000003
0,1.756689016474411e-05,0,0.35000000000000003
0,2.9946473659947515e-05,0,0.35000000000000003
0,1.9431334294495173e-05,0,0.35000000000000003
0,2.2461128537543118e-05,0,0.35000000000000003
0,1.9670244000735693e-05,0,0.35000000000000003
1,0.9999995231628418,1,0.35000000000000003
0,1.9436633010627702e-05,0,0.35000000000000003
0,1.9941720893257298e-05,0,0.35000000000000003
0,2.190140003222041e-05,0,0.35000000000000003
0,2.7942856831941754e-05,0,0.35000000000000003
0,2.4639441107865423e-05,0,0.35000000000000003
0,2.1517220375244506e-05,0,0.35000000000000003
0,2.7801688702311367e-05,0,0.35000000000000003
0,0.9999995231628418,1,0.35000000000000003
0,2.1895950339967385e-05,0,0.35000000000000003
0,3.075890344916843e-05,0,0.35000000000000003
0,1.648630313866306e-05,0,0.35000000000000003
0,2.7684300221153535e-05,0,0.35000000000000003
0,2.6183422960457392e-05,0,0.35000000000000003
0,1.708083800622262e-05,0,0.35000000000000003
0,1.9330327631905675e-05,0,0.35000000000000003
0,1.76884132088162e-05,0,0.35000000000000003
0,3.987615491496399e-05,0,0.35000000000000003
0,2.9284157790243626e-05,0,0.35000000000000003
0,2.3254311599885114e-05,0,0.35000000000000003
0,2.7318548745824955e-05,0,0.35000000000000003
0,0.9999996423721313,1,0.35000000000000003
0,2.0261661120457575e-05,0,0.35000000000000003
0,2.0716817743959837e-05,0,0.35000000000000003
1,0.9999995231628418,1,0.35000000000000003
0,2.1293957615853287e-05,0,0.35000000000000003
0,3.349039616296068e-05,0,0.35000000000000003
0,2.548197517171502e-05,0,0.35000000000000003
1,0.9999995231628418,1,0.35000000000000003
0,2.77677463600412e-05,0,0.35000000000000003
0,0.6172070503234863,1,0.35000000000000003
0,2.147450140910223e-05,0,0.35000000000000003
0,1.6632373444736004e-05,0,0.35000000000000003
0,1.9786402845056728e-05,0,0.35000000000000003
0,2.0131978089921176e-05,0,0.35000000000000003
0,1.9347646230016835e-05,0,0.35000000000000003
1,0.9999995231628418,1,0.35000000000000003
0,2.1847226889804006e-05,0,0.35000000000000003
0,1.8578304661787115e-05,0,0.35000000000000003
0,0.9999927282333374,1,0.35000000000000003
0,2.226210017397534e-05,0,0.35000000000000003
0,1.859188159869518e-05,0,0.35000000000000003
0,5.2682760724565014e-05,0,0.35000000000000003
0,2.2631762476521544e-05,0,0.35000000000000003
0,2.283047797391191e-05,0,0.35000000000000003
0,3.092567567364313e-05,0,0.35000000000000003
0,0.9966205358505249,1,0.35000000000000003
0,3.9864338759798557e-05,0,0.35000000000000003
0,2.4551627575419843e-05,0,0.35000000000000003
1,0.9999995231628418,1,0.35000000000000003
0,2.6698815418058075e-05,0,0.35000000000000003
0,2.1075587937957607e-05,0,0.35000000000000003
0,2.1492920495802537e-05,0,0.35000000000000003
0,0.009289948269724846,0,0.35000000000000003
0,2.4677963665453717e-05,0,0.35000000000000003
0,3.0333261747728102e-05,0,0.35000000000000003
0,2.6002871891250834e-05,0,0.35000000000000003
0,2.0753399439854547e-05,0,0.35000000000000003
0,0.05772761255502701,0,0.35000000000000003
0,2.921080158557743e-05,0,0.35000000000000003
0,2.1805844880873337e-05,0,0.35000000000000003
0,1.884985795186367e-05,0,0.35000000000000003
0,2.328244772797916e-05,0,0.35000000000000003
0,1.752213211148046e-05,0,0.35000000000000003
0,2.1042853404651396e-05,0,0.35000000000000003
0,3.266922794864513e-05,0,0.35000000000000003
0,1.8975424609379843e-05,0,0.35000000000000003
0,2.6555497242952697e-05,0,0.35000000000000003
0,2.385100015089847e-05,0,0.35000000000000003
0,2.8933334760949947e-05,0,0.35000000000000003
0,0.9999995231628418,1,0.35000000000000003
0,3.33858079102356e-05,0,0.35000000000000003
0,2.046008376055397e-05,0,0.35000000000000003
0,2.4508723072358407e-05,0,0.35000000000000003
0,2.4090522856567986e-05,0,0.35000000000000003
0,2.04880052478984e-05,0,0.35000000000000003
0,2.2149948563310318e-05,0,0.35000000000000003
0,2.8043552447343245e-05,0,0.35000000000000003
1,0.9999995231628418,1,0.35000000000000003
0,2.0693161786766723e-05,0,0.35000000000000003
0,2.3961685656104237e-05,0,0.35000000000000003
0,2.913707612606231e-05,0,0.35000000000000003
0,3.1944011425366625e-05,0,0.35000000000000003
0,2.7427009626990184e-05,0,0.35000000000000003
0,1.6925045201787725e-05,0,0.35000000000000003
0,1.967958996829111e-05,0,0.35000000000000003
0,1.6808638974907808e-05,0,0.35000000000000003
0,3.88607477361802e-05,0,0.35000000000000003
0,2.2397727661882527e-05,0,0.35000000000000003
0,2.0659112124121748e-05,0,0.35000000000000003
0,2.359411882935092e-05,0,0.35000000000000003
0,1.9970702851423994e-05,0,0.35000000000000003
0,0.0005078667309135199,0,0.35000000000000003
0,1.9802959286607802e-05,0,0.35000000000000003
0,0.9996734857559204,1,0.35000000000000003
0,2.0488982045208104e-05,0,0.35000000000000003
0,0.7454177737236023,1,0.35000000000000003
0,2.0253643015166745e-05,0,0.35000000000000003
0,0.0001834746653912589,0,0.35000000000000003
0,2.8054842914571054e-05,0,0.35000000000000003
0,2.5008266675285995e-05,0,0.35000000000000003
0,1.9221264665247872e-05,0,0.35000000000000003
0,0.002068624831736088,0,0.35000000000000003
0,2.0949864847352728e-05,0,0.35000000000000003
0,2.2450314645539038e-05,0,0.35000000000000003
0,2.0411127479746938e-05,0,0.35000000000000003
0,1.7986794773605652e-05,0,0.35000000000000003
0,1.679876550042536e-05,0,0.35000000000000003
0,0.9999992847442627,1,0.35000000000000003
0,3.920008384739049e-05,0,0.35000000000000003
0,2.160852454835549e-05,0,0.35000000000000003
0,1.9261817215010524e-05,0,0.35000000000000003
0,1.7506830772617832e-05,0,0.35000000000000003
0,1.9432889530435205e-05,0,0.35000000000000003
0,2.758815753622912e-05,0,0.35000000000000003
0,4.88082405354362e-05,0,0.35000000000000003
1,0.9999995231628418,1,0.35000000000000003
0,4.620386243914254e-05,0,0.35000000000000003
0,0.969475507736206,1,0.35000000000000003
0,0.9999957084655762,1,0.35000000000000003
0,1.9075760064879432e-05,0,0.35000000000000003
0,2.5161631128867157e-05,0,0.35000000000000003
0,1.856840208347421e-05,0,0.35000000000000003
0,2.4219845727202483e-05,0,0.35000000000000003
0,1.9913479263777845e-05,0,0.35000000000000003
0,2.0420338842086494e-05,0,0.35000000000000003
0,0.1532384604215622,0,0.35000000000000003
0,0.9999988079071045,1,0.35000000000000003
0,0.9999995231628418,1,0.35000000000000003
0,1.6941985450102948e-05,0,0.35000000000000003
0,3.758501406991854e-05,0,0.35000000000000003
0,1.905228964460548e-05,0,0.35000000000000003
0,5.581121513387188e-05,0,0.35000000000000003
0,1.7553324141772464e-05,0,0.35000000000000003
0,2.5198805815307423e-05,0,0.35000000000000003
0,2.634276643220801e-05,0,0.35000000000000003
0,0.9999995231628418,1,0.35000000000000003
0,1.953577702806797e-05,0,0.35000000000000003
0,2.094612682412844e-05,0,0.35000000000000003
0,0.00033516320399940014,0,0.35000000000000003
0,2.096131538564805e-05,0,0.35000000000000003
0,2.838309774233494e-05,0,0.35000000000000003
0,2.209526428487152e-05,0,0.35000000000000003
0,2.116150426445529e-05,0,0.35000000000000003
0,1.857816278061364e-05,0,0.35000000000000003
0,3.582564750104211e-05,0,0.35000000000000003
1,0.9999995231628418,1,0.35000000000000003
0,2.0688801669166423e-05,0,0.35000000000000003
0,1.9167082427884452e-05,0,0.35000000000000003
0,2.1470652427524328e-05,0,0.35000000000000003
0,2.6408113626530394e-05,0,0.35000000000000003
0,1.9215452994103543e-05,0,0.35000000000000003
0,4.526083648670465e-05,0,0.35000000000000003
0,1.6046820746851154e-05,0,0.35000000000000003
0,2.080595186271239e-05,0,0.35000000000000003
0,2.729839070525486e-05,0,0.35000000000000003
0,5.550707646762021e-05,0,0.35000000000000003
0,1.9734352463274263e-05,0,0.35000000000000003
0,1.8478205674909987e-05,0,0.35000000000000003
0,2.3425542167387903e-05,0,0.35000000000000003
0,1.784309461072553e-05,0,0.35000000000000003
0,1.982822323043365e-05,0,0.35000000000000003
0,0.9999997615814209,1,0.35000000000000003
0,1.9780723960138857e-05,0,0.35000000000000003
1,0.9999995231628418,1,0.35000000000000003
0,2.786143340927083e-05,0,0.35000000000000003
1,0.9999996423721313,1,0.35000000000000003
0,2.7696447432390414e-05,0,0.35000000000000003
0,1.9437671653577127e-05,0,0.35000000000000003
0,1.971206620510202e-05,0,0.35000000000000003
0,1.8064580217469484e-05,0,0.35000000000000003
0,3.5434764868114144e-05,0,0.35000000000000003
0,0.9999995231628418,1,0.35000000000000003
0,0.998961329460144,1,0.35000000000000003
0,1.8280621588928625e-05,0,0.35000000000000003
0,5.308971230988391e-05,0,0.35000000000000003
0,2.6390040147816762e-05,0,0.35000000000000003
0,2.071211565635167e-05,0,0.35000000000000003
0,2.5657594960648566e-05,0,0.35000000000000003
0,0.9999994039535522,1,0.35000000000000003
0,0.00012396941019687802,0,0.35000000000000003
0,1.9754970708163455e-05,0,0.35000000000000003
0,2.7070980650023557e-05,0,0.35000000000000003
0,0.002000233391299844,0,0.35000000000000003
0,2.10306970984675e-05,0,0.35000000000000003
0,2.328468872292433e-05,0,0.35000000000000003
0,2.8952381398994476e-05,0,0.35000000000000003
0,1.8618851754581556e-05,0,0.35000000000000003
0,2.322605359950103e-05,0,0.35000000000000003
0,1.7157193724415265e-05,0,0.35000000000000003
0,1.7570459021953866e-05,0,0.35000000000000003
0,0.9706421494483948,1,0.35000000000000003
0,4.355814235168509e-05,0,0.35000000000000003
0,1.8898455891758204e-05,0,0.35000000000000003
0,7.00476230122149e-05,0,0.35000000000000003
0,1.9863653506035917e-05,0,0.35000000000000003
0,6.630970165133476e-05,0,0.35000000000000003
0,3.41794548148755e-05,0,0.35000000000000003
0,2.0569328626152128e-05,0,0.35000000000000003
0,1.8645967429620214e-05,0,0.35000000000000003
0,2.091100213874597e-05,0,0.35000000000000003
0,2.165359546779655e-05,0,0.35000000000000003
0,1.8038363123196177e-05,0,0.35000000000000003
0,3.3246011298615485e-05,0,0.35000000000000003
0,7.06314604030922e-05,0,0.35000000000000003
0,2.4419647161266766e-05,0,0.35000000000000003
1,0.9999995231628418,1,0.35000000000000003
0,2.0440680600586347e-05,0,0.35000000000000003
0,2.193298496422358e-05,0,0.35000000000000003
0,2.1995861970935948e-05,0,0.35000000000000003
0,1.592997978150379e-05,0,0.35000000000000003
0,0.0003995222214143723,0,0.35000000000000003
1,0.9999997615814209,1,0.35000000000000003
1,0.9999995231628418,1,0.35000000000000003
0,1.638906542211771e-05,0,0.35000000000000003
0,2.046246299869381e-05,0,0.35000000000000003
0,2.4304366888827644e-05,0,0.35000000000000003
0,4.5466411393135786e-05,0,0.35000000000000003
0,1.6594860426266678e-05,0,0.35000000000000003
0,4.288871059543453e-05,0,0.35000000000000003
0,2.198114452767186e-05,0,0.35000000000000003
0,1.8190259652328677e-05,0,0.35000000000000003
0,1.7080106772482395e-05,0,0.35000000000000003
0,2.0823697923333384e-05,0,0.35000000000000003
0,1.9647859517135657e-05,0,0.35000000000000003
0,0.9999996423721313,1,0.35000000000000003
0,2.2338746930472553e-05,0,0.35000000000000003
1,0.9999995231628418,1,0.35000000000000003
0,0.9999995231628418,1,0.35000000000000003
0,2.0126755771343596e-05,0,0.35000000000000003
0,2.164442958019208e-05,0,0.35000000000000003
0,2.1822614144184627e-05,0,0.35000000000000003
0,1.6455560398753732e-05,0,0.35000000000000003
0,2.329053131688852e-05,0,0.35000000000000003
0,2.2292013454716653e-05,0,0.35000000000000003
1,0.9999995231628418,1,0.35000000000000003
0,2.4326929633389227e-05,0,0.35000000000000003
0,1.9845041606458835e-05,0,0.35000000000000003
0,0.00023740903998259455,0,0.35000000000000003
0,0.081190325319767,0,0.35000000000000003
0,1.8486791304894723e-05,0,0.35000000000000003
0,1.7628528439672664e-05,0,0.35000000000000003
0,2.2123220333014615e-05,0,0.35000000000000003
0,1.7116204617195763e-05,0,0.35000000000000003
0,0.9999996423721313,1,0.35000000000000003
0,2.5303846996393986e-05,0,0.35000000000000003
0,2.26453848881647e-05,0,0.35000000000000003
0,1.8130302123609e-05,0,0.35000000000000003
1,0.9999995231628418,1,0.35000000000000003
0,3.323969940538518e-05,0,0.35000000000000003
0,1.722210981824901e-05,0,0.35000000000000003
0,0.0005727613461203873,0,0.35000000000000003
0,3.135723454761319e-05,0,0.35000000000000003
0,2.114137532771565e-05,0,0.35000000000000003
0,3.329811443109065e-05,0,0.35000000000000003
0,1.831041845434811e-05,0,0.35000000000000003
0,2.2062586140236817e-05,0,0.35000000000000003
0,1.8499560610507615e-05,0,0.35000000000000003
0,9.881406731437892e-05,0,0.35000000000000003
0,2.3139520635595545e-05,0,0.35000000000000003
0,0.9999997615814209,1,0.35000000000000003
0,0.9999997615814209,1,0.35000000000000003
0,1.7535272490931675e-05,0,0.35000000000000003
0,3.089303936576471e-05,0,0.35000000000000003
0,2.003552253881935e-05,0,0.35000000000000003
0,0.9999997615814209,1,0.35000000000000003
0,2.6899615477304906e-05,0,0.35000000000000003
0,2.8933778594364412e-05,0,0.35000000000000003
0,1.7679578377283178e-05,0,0.35000000000000003
0,1.9990977307315916e-05,0,0.35000000000000003
0,2.2475505829788744e-05,0,0.35000000000000003
0,2.294782825629227e-05,0,0.35000000000000003
0,2.556283288868144e-05,0,0.35000000000000003
0,1.6761287042754702e-05,0,0.35000000000000003
0,2.1764626580988988e-05,0,0.35000000000000003
0,1.963034810614772e-05,0,0.35000000000000003
0,2.1653266230714507e-05,0,0.35000000000000003
0,2.0608677004929632e-05,0,0.35000000000000003
0,1.8212527720606886e-05,0,0.35000000000000003
0,0.9999996423721313,1,0.35000000000000003
0,4.559532681014389e-05,0,0.35000000000000003
1,0.9999996423721313,1,0.35000000000000003
0,1.746860652929172e-05,0,0.35000000000000003
0,2.0202236555633135e-05,0,0.35000000000000003
0,0.9999996423721313,1,0.35000000000000003
1,0.9999995231628418,1,0.35000000000000003
0,2.368160494370386e-05,0,0.35000000000000003
0,2.4871673304005526e-05,0,0.35000000000000003
0,2.5126551918219775e-05,0,0.35000000000000003
0,2.155443507945165e-05,0,0.35000000000000003
0,0.00029975493089295924,0,0.35000000000000003
0,2.0092234990443103e-05,0,0.35000000000000003
0,1.9687004169099964e-05,0,0.35000000000000003
0,1.958209031727165e-05,0,0.35000000000000003
0,2.0945988580933772e-05,0,0.35000000000000003
0,2.1805803044117056e-05,0,0.35000000000000003
0,0.9999996423721313,1,0.35000000000000003
0,1.7375366951455362e-05,0,0.35000000000000003
0,0.03914477676153183,0,0.35000000000000003
0,1.9078761397395283e-05,0,0.35000000000000003
0,2.683658203750383e-05,0,0.35000000000000003
0,2.2436017388827167e-05,0,0.35000000000000003
0,1.7557427781866863e-05,0,0.35000000000000003
0,1.9177650756319053e-05,0,0.35000000000000003
0,2.3462274839403108e-05,0,0.35000000000000003
1,0.9999996423721313,1,0.35000000000000003
0,1.9120858269161545e-05,0,0.35000000000000003
0,2.063003194052726e-05,0,0.35000000000000003
0,3.478267171885818e-05,0,0.35000000000000003
0,2.2666601580567658e-05,0,0.35000000000000003
1,0.9999996423721313,1,0.35000000000000003
0,2.0818595658056438e-05,0,0.35000000000000003
0,2.3700244128121994e-05,0,0.35000000000000003
0,1.8654185623745434e-05,0,0.35000000000000003
0,1.6226531442953274e-05,0,0.35000000000000003
0,2.1803351046401076e-05,0,0.35000000000000003
1,0.9999996423721313,1,0.35000000000000003
0,2.7620453693089075e-05,0,0.35000000000000003
0,1.9467912352411076e-05,0,0.35000000000000003
0,2.2960655769566074e-05,0,0.35000000000000003
0,1.915162465593312e-05,0,0.35000000000000003
0,1.9865869035129435e-05,0,0.35000000000000003
0,0.7331008315086365,1,0.35000000000000003
0,0.9999995231628418,1,0.35000000000000003
0,2.0977735402993858e-05,0,0.35000000000000003
0,2.9489496228052303e-05,0,0.35000000000000003
0,1.810093453968875e-05,0,0.35000000000000003
0,0.9999996423721313,1,0.35000000000000003
1,0.9999996423721313,1,0.35000000000000003
0,2.9521934266085736e-05,0,0.35000000000000003
0,1.609873834240716e-05,0,0.35000000000000003
0,3.5165357985533774e-05,0,0.35000000000000003
0,1.6498823242727667e-05,0,0.35000000000000003
0,2.7433155992184766e-05,0,0.35000000000000003
1,0.9999997615814209,1,0.35000000000000003
0,2.153793684556149e-05,0,0.35000000000000003
0,2.3371387214865535e-05,0,0.35000000000000003
0,2.0447367205633782e-05,0,0.35000000000000003
0,1.946139491337817e-05,0,0.35000000000000003
0,1.8606497178552672e-05,0,0.35000000000000003
0,4.018847903353162e-05,0,0.35000000000000003
0,0.0003283651021774858,0,0.35000000000000003
0,2.107707769027911e-05,0,0.35000000000000003
0,1.9441564290900715e-05,0,0.35000000000000003
0,1.963607792276889e-05,0,0.35000000000000003
0,0.9999995231628418,1,0.35000000000000003
1,0.9999995231628418,1,0.35000000000000003
0,4.4102256651967764e-05,0,0.35000000000000003
0,2.0967434466001578e-05,0,0.35000000000000003
0,3.1978637707652524e-05,0,0.35000000000000003
0,2.020720421569422e-05,0,0.35000000000000003
0,1.6750997019698843e-05,0,0.35000000000000003
0,0.9999996423721313,1,0.35000000000000003
1,0.9999996423721313,1,0.35000000000000003
0,7.467385148629546e-05,0,0.35000000000000003
0,1.9215545762563124e-05,0,0.35000000000000003
0,1.8248518244945444e-05,0,0.35000000000000003
0,3.0954437534091994e-05,0,0.35000000000000003
0,1.8066251868731342e-05,0,0.35000000000000003
0,2.2224598069442436e-05,0,0.35000000000000003
0,2.2995760446065105e-05,0,0.35000000000000003
0,1.9887325834133662e-05,0,0.35000000000000003
0,1.7624915926717222e-05,0,0.35000000000000003
0,3.63106228178367e-05,0,0.35000000000000003
0,2.5605968403397128e-05,0,0.35000000000000003
1,0.9999995231628418,1,0.35000000000000003
0,3.41369814123027e-05,0,0.35000000000000003
0,1.8099155568052083e-05,0,0.35000000000000003
1,0.9999995231628418,1,0.35000000000000003
0,0.9987055063247681,1,0.35000000000000003
0,2.5106262910412624e-05,0,0.35000000000000003
0,2.537922227929812e-05,0,0.35000000000000003
0,3.0037341275601648e-05,0,0.35000000000000003
0,1.7026761270244606e-05,0,0.35000000000000003
0,1.8289305444341153e-05,0,0.35000000000000003
0,1.8472233932698146e-05,0,0.35000000000000003
0,2.6611776775098406e-05,0,0.35000000000000003
1,0.9999996423721313,1,0.35000000000000003
0,2.110370587615762e-05,0,0.35000000000000003
0,1.869942389021162e-05,0,0.35000000000000003
0,3.057095818803646e-05,0,0.35000000000000003
0,1.9946342945331708e-05,0,0.35000000000000003
0,1.719581996439956e-05,0,0.35000000000000003
0,2.0632372979889624e-05,0,0.35000000000000003
0,2.1550036763073877e-05,0,0.35000000000000003
0,2.3389804482576437e-05,0,0.35000000000000003
0,2.277561361552216e-05,0,0.35000000000000003
0,2.7114287149743177e-05,0,0.35000000000000003
0,5.985292591503821e-05,0,0.35000000000000003
0,2.2022519260644913e-05,0,0.35000000000000003
0,0.9999997615814209,1,0.35000000000000003
0,2.7139063604408875e-05,0,0.35000000000000003
0,0.9740272164344788,1,0.35000000000000003
0,0.00012714823242276907,0,0.35000000000000003
0,3.1909850804368034e-05,0,0.35000000000000003
0,0.895247220993042,1,0.35000000000000003
0,2.1438854673760943e-05,0,0.35000000000000003
0,2.549753298808355e-05,0,0.35000000000000003
1,0.9999995231628418,1,0.35000000000000003
0,1.8696930055739358e-05,0,0.35000000000000003
0,2.3690457965130918e-05,0,0.35000000000000003
0,1.8915512555395253e-05,0,0.35000000000000003
1,0.9999995231628418,1,0.35000000000000003
0,1.7017038771882653e-05,0,0.35000000000000003
0,2.2914457076694816e-05,0,0.35000000000000003
0,1.786263965186663e-05,0,0.35000000000000003
0,1.9796141714323312e-05,0,0.35000000000000003
0,2.2825626729172654e-05,0,0.35000000000000003
0,3.392382859601639e-05,0,0.35000000000000003
0,1.681364119576756e-05,0,0.35000000000000003
0,1.9216680811950937e-05,0,0.35000000000000003
0,0.0017107852036133409,0,0.35000000000000003
0,3.758884849958122e-05,0,0.35000000000000003
1,0.9999995231628418,1,0.35000000000000003
1,0.9999995231628418,1,0.35000000000000003
0,2.3495367713621818e-05,0,0.35000000000000003
0,2.0454657715163194e-05,0,0.35000000000000003
1,0.9999995231628418,1,0.35000000000000003
0,0.9999996423721313,1,0.35000000000000003
0,7.541004742961377e-05,0,0.35000000000000003
0,0.6555120944976807,1,0.35000000000000003
0,1.9438579329289496e-05,0,0.35000000000000003
0,0.09772901982069016,0,0.35000000000000003
0,5.427818905445747e-05,0,0.35000000000000003
0,1.976343264686875e-05,0,0.35000000000000003
0,1.8181777704739943e-05,0,0.35000000000000003
0,1.7388065316481516e-05,0,0.35000000000000003
0,2.1797488443553448e-05,0,0.35000000000000003
0,0.0007185966242104769,0,0.35000000000000003
0,0.9999964237213135,1,0.35000000000000003
0,0.988982617855072,1,0.35000000000000003
0,1.7961459889193065e-05,0,0.35000000000000003
0,4.3032883695559576e-05,0,0.35000000000000003
0,2.213681182183791e-05,0,0.35000000000000003
0,1.920623799378518e-05,0,0.35000000000000003
0,0.04130800440907478,0,0.35000000000000003
1,0.9999995231628418,1,0.35000000000000003
1,0.9999995231628418,1,0.35000000000000003
0,2.4505121473339386e-05,0,0.35000000000000003
0,0.9999996423721313,1,0.35000000000000003
0,1.6725938621675596e-05,0,0.35000000000000003
0,1.9332926967763342e-05,0,0.35000000000000003
0,2.3624716050107963e-05,0,0.35000000000000003
0,2.1842726710019633e-05,0,0.35000000000000003
0,2.4466478862450458e-05,0,0.35000000000000003
0,1.8014261513599195e-05,0,0.35000000000000003
0,2.7934413083130494e-05,0,0.35000000000000003
0,1.9051598428632133e-05,0,0.35000000000000003
0,2.0785053493455052e-05,0,0.35000000000000003
0,2.1198588001425378e-05,0,0.35000000000000003
0,2.2902704586158507e-05,0,0.35000000000000003
0,2.025578578468412e-05,0,0.35000000000000003
0,8.935639925766736e-05,0,0.35000000000000003
0,2.0430368749657646e-05,0,0.35000000000000003
0,4.037920734845102e-05,0,0.35000000000000003
0,2.3196391339297406e-05,0,0.35000000000000003
0,1.9008770323125646e-05,0,0.35000000000000003
0,1.7867392671178095e-05,0,0.35000000000000003
0,1.8442644432070665e-05,0,0.35000000000000003
0,1.9954693925683387e-05,0,0.35000000000000003
0,1.724829235172365e-05,0,0.35000000000000003
1,0.9999996423721313,1,0.35000000000000003
0,2.470009530952666e-05,0,0.35000000000000003
0,2.402694553893525e-05,0,0.35000000000000003
0,3.602023207349703e-05,0,0.35000000000000003
0,2.520865928090643e-05,0,0.35000000000000003
0,3.600501804612577e-05,0,0.35000000000000003
0,0.0001592167536728084,0,0.35000000000000003
0,2.8264275897527114e-05,0,0.35000000000000003
0,0.011550589464604855,0,0.35000000000000003
0,1.831782537919935e-05,0,0.35000000000000003
0,1.7198412024299614e-05,0,0.35000000000000003
0,1.8713017198024318e-05,0,0.35000000000000003
0,4.05439714086242e-05,0,0.35000000000000003
0,2.7877964384970255e-05,0,0.35000000000000003
0,2.1556572392000817e-05,0,0.35000000000000003
0,3.623936208896339e-05,0,0.35000000000000003
0,1.8748351067188196e-05,0,0.35000000000000003
0,0.00011513158824527636,0,0.35000000000000003
0,0.048027679324150085,0,0.35000000000000003
0,1.9680395780596882e-05,0,0.35000000000000003
0,2.3447020794264972e-05,0,0.35000000000000003
0,1.8523127437219955e-05,0,0.35000000000000003
0,1.774447264324408e-05,0,0.35000000000000003
0,3.199151251465082e-05,0,0.35000000000000003
0,1.9979885109933093e-05,0,0.35000000000000003
0,3.0563991458620876e-05,0,0.35000000000000003
1,0.9999995231628418,1,0.35000000000000003
0,2.1221079805400223e-05,0,0.35000000000000003
0,0.6593384146690369,1,0.35000000000000003
0,2.1920959625276737e-05,0,0.35000000000000003
0,1.8902925148722716e-05,0,0.35000000000000003
1,0.9999995231628418,1,0.35000000000000003
0,2.134179521817714e-05,0,0.35000000000000003
0,2.1142504920135252e-05,0,0.35000000000000003
0,2.1543459297390655e-05,0,0.35000000000000003
0,0.000835681683383882,0,0.35000000000000003
0,1.7135280359070748e-05,0,0.35000000000000003
1,0.9999995231628418,1,0.35000000000000003
0,1.875664747785777e-05,0,0.35000000000000003
0,1.8744811313808896e-05,0,0.35000000000000003
0,2.4357363145099953e-05,0,0.35000000000000003
0,2.621460589580238e-05,0,0.35000000000000003
0,4.36324771726504e-05,0,0.35000000000000003
0,2.0260984456399456e-05,0,0.35000000000000003
0,2.919103098975029e-05,0,0.35000000000000003
0,1.8627697500051e-05,0,0.35000000000000003
0,0.9879018068313599,1,0.35000000000000003
0,1.8544953491073102e-05,0,0.35000000000000003
0,0.977776288986206,1,0.35000000000000003
0,0.9999996423721313,1,0.35000000000000003
0,1.766528657753952e-05,0,0.35000000000000003
0,1.6940854038693942e-05,0,0.35000000000000003
0,1.904880082292948e-05,0,0.35000000000000003
0,0.9952811598777771,1,0.35000000000000003
0,2.454998866596725e-05,0,0.35000000000000003
0,7.046153041301295e-05,0,0.35000000000000003
0,1.8612745407153852e-05,0,0.35000000000000003
1,0.999997615814209,1,0.35000000000000003
0,2.161450174753554e-05,0,0.35000000000000003
0,1.733179306029342e-05,0,0.35000000000000003
0,2.647059409355279e-05,0,0.35000000000000003
0,6.903777830302715e-05,0,0.35000000000000003
0,2.2650656319456175e-05,0,0.35000000000000003
0,1.820275247155223e-05,0,0.35000000000000003
0,1.8632814317243174e-05,0,0.35000000000000003
0,2.796617991407402e-05,0,0.35000000000000003
0,1.889032864710316e-05,0,0.35000000000000003
0,2.4113463950925507e-05,0,0.35000000000000003
0,0.9999995231628418,1,0.35000000000000003
0,0.9999992847442627,1,0.35000000000000003
0,0.0002981332072522491,0,0.35000000000000003
0,1.5990299289114773e-05,0,0.35000000000000003
0,2.5967927285819314e-05,0,0.35000000000000003
0,1.978126965695992e-05,0,0.35000000000000003
1,0.9999995231628418,1,0.35000000000000003
0,2.0643257812480442e-05,0,0.35000000000000003
0,2.5595323677407578e-05,0,0.35000000000000003
0,2.4275779651361518e-05,0,0.35000000000000003
0,1.8070782971335575e-05,0,0.35000000000000003
0,6.622458022320643e-05,0,0.35000000000000003
0,1.771707866282668e-05,0,0.35000000000000003
0,2.144726022379473e-05,0,0.35000000000000003
0,1.928637175296899e-05,0,0.35000000000000003
0,0.9999994039535522,1,0.35000000000000003
0,5.016171053284779e-05,0,0.35000000000000003
0,2.3456703274860047e-05,0,0.35000000000000003
0,3.797468889388256e-05,0,0.35000000000000003
0,1.9584631445468403e-05,0,0.35000000000000003
0,2.3882434106781147e-05,0,0.35000000000000003
0,2.0041179595864378e-05,0,0.35000000000000003
0,0.9678092002868652,1,0.35000000000000003
0,2.0030307496199384e-05,0,0.35000000000000003
0,1.8956614439957775e-05,0,0.35000000000000003
0,0.9999996423721313,1,0.35000000000000003
0,8.731403067940846e-05,0,0.35000000000000003
1,0.9999996423721313,1,0.35000000000000003
0,2.343284540984314e-05,0,0.35000000000000003
0,2.7249257982475683e-05,0,0.35000000000000003
0,1.9239769244450144e-05,0,0.35000000000000003
1,0.9999996423721313,1,0.35000000000000003
0,2.4533439500373788e-05,0,0.35000000000000003
0,2.5227176593034528e-05,0,0.35000000000000003
0,1.9501952920109034e-05,0,0.35000000000000003
0,2.8931157430633903e-05,0,0.35000000000000003
0,2.192604006268084e-05,0,0.35000000000000003
0,1.8442433429299854e-05,0,0.35000000000000003
0,0.9999996423721313,1,0.35000000000000003
0,3.177141843480058e-05,0,0.35000000000000003
1,0.9999995231628418,1,0.35000000000000003
0,0.16278618574142456,0,0.35000000000000003
0,1.7280777683481574e-05,0,0.35000000000000003
0,2.5851868485915475e-05,0,0.35000000000000003
0,0.9999995231628418,1,0.35000000000000003
1,0.9999996423721313,1,0.35000000000000003
0,1.7262955225305632e-05,0,0.35000000000000003
0,2.435325222904794e-05,0,0.35000000000000003
0,3.1373176170745865e-05,0,0.35000000000000003
0,2.3014277758193202e-05,0,0.35000000000000003
0,2.3440177756128833e-05,0,0.35000000000000003
0,1.8854641893994994e-05,0,0.35000000000000003
0,0.9999996423721313,1,0.35000000000000003
0,2.7229283659835346e-05,0,0.35000000000000003
0,0.009083384647965431,0,0.35000000000000003
0,3.116628431598656e-05,0,0.35000000000000003
0,3.4880027669714764e-05,0,0.35000000000000003
0,1.8763841580948792e-05,0,0.35000000000000003
0,2.3473106921301223e-05,0,0.35000000000000003
0,2.5385346816619858e-05,0,0.35000000000000003
1,0.9999995231628418,1,0.35000000000000003
0,1.8211087080999278e-05,0,0.35000000000000003
0,0.9906833171844482,1,0.35000000000000003
1,0.9999995231628418,1,0.35000000000000003
0,2.086439053528011e-05,0,0.35000000000000003
0,6.519687303807586e-05,0,0.35000000000000003
0,0.9999996423721313,1,0.35000000000000003
0,1.8410293705528602e-05,0,0.35000000000000003
0,1.9439377865637653e-05,0,0.35000000000000003
0,2.667275293788407e-05,0,0.35000000000000003
1,0.9999995231628418,1,0.35000000000000003
0,2.179366310883779e-05,0,0.35000000000000003
1,0.9999994039535522,1,0.35000000000000003
0,3.12413030769676e-05,0,0.35000000000000003
0,0.9999996423721313,1,0.35000000000000003
0,2.4216496967710555e-05,0,0.35000000000000003
0,0.9998564720153809,1,0.35000000000000003
0,1.984566551982425e-05,0,0.35000000000000003
0,3.422391091589816e-05,0,0.35000000000000003
0,2.7625434086075984e-05,0,0.35000000000000003
0,2.4484708774252795e-05,0,0.35000000000000003
0,0.02661065384745598,0,0.35000000000000003
0,1.985028211493045e-05,0,0.35000000000000003
0,5.1669656386366114e-05,0,0.35000000000000003
0,4.197293674224056e-05,0,0.35000000000000003
0,0.9999997615814209,1,0.35000000000000003
0,0.9999995231628418,1,0.35000000000000003
1,0.9999996423721313,1,0.35000000000000003
0,1.7149341147160158e-05,0,0.35000000000000003
0,1.7609256246942095e-05,0,0.35000000000000003
0,1.9304849047330208e-05,0,0.35000000000000003
0,2.1131458197487518e-05,0,0.35000000000000003
0,2.539541856094729e-05,0,0.35000000000000003
0,0.9999996423721313,1,0.35000000000000003
0,7.213558274088427e-05,0,0.35000000000000003
0,1.9181381503585726e-05,0,0.35000000000000003
0,0.9297955632209778,1,0.35000000000000003
0,1.9585413610911928e-05,0,0.35000000000000003
0,1.8610509869176894e-05,0,0.35000000000000003
0,1.6559319192310795e-05,0,0.35000000000000003
0,3.221531005692668e-05,0,0.35000000000000003
0,2.163613316952251e-05,0,0.35000000000000003
0,8.672644617035985e-05,0,0.35000000000000003
0,2.124669663317036e-05,0,0.35000000000000003
0,2.024908462772146e-05,0,0.35000000000000003
0,1.9228744349675253e-05,0,0.35000000000000003
0,1.888094629975967e-05,0,0.35000000000000003
0,2.0556035451591015e-05,0,0.35000000000000003
0,1.646154123591259e-05,0,0.35000000000000003
0,2.0092944396310486e-05,0,0.35000000000000003
0,1.9196586436009966e-05,0,0.35000000000000003
0,0.9999996423721313,1,0.35000000000000003
1,0.9999995231628418,1,0.35000000000000003
0,4.240527414367534e-05,0,0.35000000000000003
0,0.7625954747200012,1,0.35000000000000003
0,3.024169745913241e-05,0,0.35000000000000003
0,2.0649302314268425e-05,0,0.35000000000000003
0,1.8187518435297534e-05,0,0.35000000000000003
0,2.4327928258571774e-05,0,0.35000000000000003
0,4.501384682953358e-05,0,0.35000000000000003
0,2.1260520952637307e-05,0,0.35000000000000003
0,2.1285370166879147e-05,0,0.35000000000000003
0,2.004228917940054e-05,0,0.35000000000000003
0,2.2779197024647146e-05,0,0.35000000000000003
0,2.902201777033042e-05,0,0.35000000000000003
0,2.2676937078358606e-05,0,0.35000000000000003
0,2.2684205760015175e-05,0,0.35000000000000003
0,2.604198016342707e-05,0,0.35000000000000003
0,2.543339905969333e-05,0,0.35000000000000003
0,1.961966154340189e-05,0,0.35000000000000003
0,2.074861004075501e-05,0,0.35000000000000003
0,1.8426839233143255e-05,0,0.35000000000000003
1,0.9999995231628418,1,0.35000000000000003
0,1.8597060261527076e-05,0,0.35000000000000003
0,2.7835936634801328e-05,0,0.35000000000000003
0,2.377871351200156e-05,0,0.35000000000000003
0,2.2520496713696048e-05,0,0.35000000000000003
0,2.2262629499891773e-05,0,0.35000000000000003
0,0.9999996423721313,1,0.35000000000000003
0,1.9902219719369896e-05,0,0.35000000000000003
0,4.846862066187896e-05,0,0.35000000000000003
0,2.0361823771963827e-05,0,0.35000000000000003
0,2.3790596969774924e-05,0,0.35000000000000003
0,2.0000188669655472e-05,0,0.35000000000000003
0,2.0473433323786594e-05,0,0.35000000000000003
0,2.337896694371011e-05,0,0.35000000000000003
0,2.3825425159884617e-05,0,0.35000000000000003
0,2.253104503324721e-05,0,0.35000000000000003
0,1.6601698007434607e-05,0,0.35000000000000003
0,2.7221130949328654e-05,0,0.35000000000000003
0,2.6772982891998254e-05,0,0.35000000000000003
0,2.0669043806265108e-05,0,0.35000000000000003
0,4.971975431544706e-05,0,0.35000000000000003
0,2.3465274352929555e-05,0,0.35000000000000003
0,1.9419163436396047e-05,0,0.35000000000000003
0,0.9999995231628418,1,0.35000000000000003
0,3.235268377466127e-05,0,0.35000000000000003
0,3.988870594184846e-05,0,0.35000000000000003
0,0.9999992847442627,1,0.35000000000000003
0,2.0322968339314684e-05,0,0.35000000000000003
0,2.19470002775779e-05,0,0.35000000000000003
0,2.350621798541397e-05,0,0.35000000000000003
0,0.003455575555562973,0,0.35000000000000003
0,2.388074790360406e-05,0,0.35000000000000003
0,2.3420294382958673e-05,0,0.35000000000000003
0,3.2263942557619885e-05,0,0.35000000000000003
0,2.7515663532540202e-05,0,0.35000000000000003
0,2.634143311297521e-05,0,0.35000000000000003
0,2.8562848456203938e-05,0,0.35000000000000003
0,1.7291971744270995e-05,0,0.35000000000000003
0,1.9845590941258706e-05,0,0.35000000000000003
0,1.994063495658338e-05,0,0.35000000000000003
0,1.9135211914544925e-05,0,0.35000000000000003
0,0.0018602871568873525,0,0.35000000000000003
0,0.9999995231628418,1,0.35000000000000003
0,0.00014513364294543862,0,0.35000000000000003
0,0.9882412552833557,1,0.35000000000000003
0,1.8690065189730376e-05,0,0.35000000000000003
0,2.1295014448696747e-05,0,0.35000000000000003
1,0.9999995231628418,1,0.35000000000000003
0,1.9533819795469753e-05,0,0.35000000000000003
1,0.9999995231628418,1,0.35000000000000003
0,1.9636378056020476e-05,0,0.35000000000000003
1,0.9999995231628418,1,0.35000000000000003
0,0.0023724399507045746,0,0.35000000000000003
0,1.831286499509588e-05,0,0.35000000000000003
0,2.2319922209135257e-05,0,0.35000000000000003
0,2.8358314011711627e-05,0,0.35000000000000003
0,1.7955961084226146e-05,0,0.35000000000000003
0,2.129946369677782e-05,0,0.35000000000000003
0,2.5996076146839187e-05,0,0.35000000000000003
0,0.9911862015724182,1,0.35000000000000003
0,3.1099276384338737e-05,0,0.35000000000000003
0,0.0001556587521918118,0,0.35000000000000003
0,2.0911820683977567e-05,0,0.35000000000000003
0,1.745635199768003e-05,0,0.35000000000000003
1,0.9999994039535522,1,0.35000000000000003
0,1.8881593859987333e-05,0,0.35000000000000003
0,0.9999995231628418,1,0.35000000000000003
0,1.8242271835333668e-05,0,0.35000000000000003
0,0.009370751678943634,0,0.35000000000000003
0,2.6909952794085257e-05,0,0.35000000000000003
0,0.9999996423721313,1,0.35000000000000003
1,0.9999995231628418,1,0.35000000000000003
0,2.9316848667804152e-05,0,0.35000000000000003
0,2.300216510775499e-05,0,0.35000000000000003
0,2.3686910935794003e-05,0,0.35000000000000003
0,2.2160300432005897e-05,0,0.35000000000000003
0,0.0011594705283641815,0,0.35000000000000003
0,1.7931186448549852e-05,0,0.35000000000000003
0,2.2527841792907566e-05,0,0.35000000000000003
0,0.663573682308197,1,0.35000000000000003
0,3.205885150237009e-05,0,0.35000000000000003
0,3.076993743889034e-05,0,0.35000000000000003
0,2.5698291210574098e-05,0,0.35000000000000003
0,1.842731398937758e-05,0,0.35000000000000003
0,2.0855437469435856e-05,0,0.35000000000000003
0,1.863130455603823e-05,0,0.35000000000000003
0,1.887938196887262e-05,0,0.35000000000000003
1,0.9999995231628418,1,0.35000000000000003
0,2.5839028239715844e-05,0,0.35000000000000003
0,2.570221113273874e-05,0,0.35000000000000003
0,2.719230360526126e-05,0,0.35000000000000003
0,2.2965954485698603e-05,0,0.35000000000000003
0,3.7738984246971086e-05,0,0.35000000000000003
0,1.9099041310255416e-05,0,0.35000000000000003
0,2.676471194718033e-05,0,0.35000000000000003
0,2.838195905496832e-05,0,0.35000000000000003
0,2.7523667085915804e-05,0,0.35000000000000003
0,2.236901673313696e-05,0,0.35000000000000003
0,2.1391291738837026e-05,0,0.35000000000000003
0,0.9999996423721313,1,0.35000000000000003
0,3.113660932285711e-05,0,0.35000000000000003
0,2.1690342691726983e-05,0,0.35000000000000003
0,2.3696493371971883e-05,0,0.35000000000000003
0,0.9999761581420898,1,0.35000000000000003
0,1.7002472304739058e-05,0,0.35000000000000003
0,2.2712041754857637e-05,0,0.35000000000000003
0,2.2492635253001936e-05,0,0.35000000000000003
0,1.997756044147536e-05,0,0.35000000000000003
0,2.0695175408036448e-05,0,0.35000000000000003
0,2.3478480215999298e-05,0,0.35000000000000003
0,1.8325827113585547e-05,0,0.35000000000000003
0,4.217016976326704e-05,0,0.35000000000000003
0,2.3285510906134732e-05,0,0.35000000000000003
0,2.1947147615719587e-05,0,0.35000000000000003
0,2.07418834179407e-05,0,0.35000000000000003
0,2.014719029830303e-05,0,0.35000000000000003
1,0.9999995231628418,1,0.35000000000000003
0,4.7967925638658926e-05,0,0.35000000000000003
1,0.9999994039535522,1,0.35000000000000003
0,2.16987646126654e-05,0,0.35000000000000003
1,0.9999995231628418,1,0.35000000000000003
0,2.1262103473418392e-05,0,0.35000000000000003
0,2.2936364985071123e-05,0,0.35000000000000003
0,0.9999995231628418,1,0.35000000000000003
0,1.987028372241184e-05,0,0.35000000000000003
0,1.7751579434843734e-05,0,0.35000000000000003
0,2.041552943410352e-05,0,0.35000000000000003
0,1.9826218704110943e-05,0,0.35000000000000003
0,3.934930282412097e-05,0,0.35000000000000003
0,0.9548619985580444,1,0.35000000000000003
0,2.1358839148888364e-05,0,0.35000000000000003
0,3.0517709092237055e-05,0,0.35000000000000003
0,2.3119160687201656e-05,0,0.35000000000000003
0,2.3774631699780002e-05,0,0.35000000000000003
0,1.9757628251682036e-05,0,0.35000000000000003
0,2.063760803139303e-05,0,0.35000000000000003
0,1.8531698515289463e-05,0,0.35000000000000003
0,0.991748571395874,1,0.35000000000000003
0,0.9999994039535522,1,0.35000000000000003
0,2.5571365767973475e-05,0,0.35000000000000003
0,2.0674386178143322e-05,0,0.35000000000000003
0,2.1047548216301948e-05,0,0.35000000000000003
0,2.3853888706071302e-05,0,0.35000000000000003
0,0.08567675948143005,0,0.35000000000000003
0,2.26437441597227e-05,0,0.35000000000000003
0,2.068049980152864e-05,0,0.35000000000000003
0,0.044473662972450256,0,0.35000000000000003
0,1.6176409189938568e-05,0,0.35000000000000003
0,2.5474395442870446e-05,0,0.35000000000000003
0,1.886358040792402e-05,0,0.35000000000000003
0,0.0005666169454343617,0,0.35000000000000003
0,1.7532629499328323e-05,0,0.35000000000000003
0,2.2479491235571913e-05,0,0.35000000000000003
0,1.7350595953757875e-05,0,0.35000000000000003
0,2.0348546968307346e-05,0,0.35000000000000003
0,1.8571590771898627e-05,0,0.35000000000000003
0,2.675162431842182e-05,0,0.35000000000000003
1,0.9999995231628418,1,0.35000000000000003
1,0.9999995231628418,1,0.35000000000000003
0,1.9834295017062686e-05,0,0.35000000000000003
0,3.385156742297113e-05,0,0.35000000000000003
0,1.8099966837326065e-05,0,0.35000000000000003
0,2.0159375708317384e-05,0,0.35000000000000003
0,3.0007333407411352e-05,0,0.35000000000000003
0,0.999998927116394,1,0.35000000000000003
0,1.8233315131510608e-05,0,0.35000000000000003
0,4.601048931363039e-05,0,0.35000000000000003
0,3.659390131360851e-05,0,0.35000000000000003
0,2.0422596207936294e-05,0,0.35000000000000003
0,0.9970670342445374,1,0.35000000000000003
1,0.9999996423721313,1,0.35000000000000003
0,2.5960796847357415e-05,0,0.35000000000000003
0,1.8545129933045246e-05,0,0.35000000000000003
0,3.5907742130802944e-05,0,0.35000000000000003
0,1.6776479242253117e-05,0,0.35000000000000003
0,1.6284555385936983e-05,0,0.35000000000000003
0,1.9667881133500487e-05,0,0.35000000000000003
0,1.9921286366297863e-05,0,0.35000000000000003
0,1.973147300304845e-05,0,0.35000000000000003
0,0.00020986607705708593,0,0.35000000000000003
0,2.761837276921142e-05,0,0.35000000000000003
1,0.9999995231628418,1,0.35000000000000003
0,8.132955554174259e-05,0,0.35000000000000003
0,2.3559963665320538e-05,0,0.35000000000000003
0,0.00021713742171414196,0,0.35000000000000003
0,2.1426631064969115e-05,0,0.35000000000000003
0,2.1125473722349852e-05,0,0.35000000000000003
1,0.9999996423721313,1,0.35000000000000003
0,2.3944279746501707e-05,0,0.35000000000000003
0,2.1405880033853464e-05,0,0.35000000000000003
1,0.9999995231628418,1,0.35000000000000003
0,0.4678104817867279,1,0.35000000000000003
0,0.9999995231628418,1,0.35000000000000003
0,2.0828127162531018e-05,0,0.35000000000000003
0,1.9825594790745527e-05,0,0.35000000000000003
0,0.9999995231628418,1,0.35000000000000003
0,3.0347464416990988e-05,0,0.35000000000000003
0,0.02358909137547016,0,0.35000000000000003
0,2.486666926415637e-05,0,0.35000000000000003
0,2.246965595986694e-05,0,0.35000000000000003
0,0.00012561700714286417,0,0.35000000000000003
0,2.448505983920768e-05,0,0.35000000000000003
0,1.8446180547471158e-05,0,0.35000000000000003
0,1.9883931599906646e-05,0,0.35000000000000003
0,2.0795361706404947e-05,0,0.35000000000000003
0,2.508757279429119e-05,0,0.35000000000000003
0,6.037643106537871e-05,0,0.35000000000000003
0,0.00012031222286168486,0,0.35000000000000003
0,2.4673114239703864e-05,0,0.35000000000000003
0,0.9999996423721313,1,0.35000000000000003
0,2.4924602257669903e-05,0,0.35000000000000003
0,1.7738904716679826e-05,0,0.35000000000000003
0,7.591381290694699e-05,0,0.35000000000000003
1,0.9999995231628418,1,0.35000000000000003
0,0.9999997615814209,1,0.35000000000000003
0,1.8601742340251803e-05,0,0.35000000000000003
0,1.827121013775468e-05,0,0.35000000000000003
0,1.952264574356377e-05,0,0.35000000000000003
0,0.8270053267478943,1,0.35000000000000003
0,8.736568270251155e-05,0,0.35000000000000003
0,0.9999995231628418,1,0.35000000000000003
0,2.3780392439221032e-05,0,0.35000000000000003
0,2.9458378776325844e-05,0,0.35000000000000003
0,0.9999995231628418,1,0.35000000000000003
0,2.1031719370512292e-05,0,0.35000000000000003
0,2.208241494372487e-05,0,0.35000000000000003
0,2.436491377011407e-05,0,0.35000000000000003
0,2.1753257897216827e-05,0,0.35000000000000003
0,2.048626629402861e-05,0,0.35000000000000003
0,1.7495414795121178e-05,0,0.35000000000000003
0,2.2218622689251788e-05,0,0.35000000000000003
0,0.023587584495544434,0,0.35000000000000003
0,1.7840815417002887e-05,0,0.35000000000000003
0,0.9999995231628418,1,0.35000000000000003
0,2.7009400582755916e-05,0,0.35000000000000003
0,1.842989877332002e-05,0,0.35000000000000003
0,2.4992983526317403e-05,0,0.35000000000000003
0,0.9999992847442627,1,0.35000000000000003
0,2.378215685894247e-05,0,0.35000000000000003
0,2.767645855783485e-05,0,0.35000000000000003
0,1.7501639376860112e-05,0,0.35000000000000003
0,2.0310702893766575e-05,0,0.35000000000000003
0,1.9984630853286944e-05,0,0.35000000000000003
0,2.2850865207146853e-05,0,0.35000000000000003
0,0.9999995231628418,1,0.35000000000000003
1,0.9999995231628418,1,0.35000000000000003
0,1.896485991892405e-05,0,0.35000000000000003
0,2.6953744963975623e-05,0,0.35000000000000003
0,2.060405859083403e-05,0,0.35000000000000003
0,1.695249193289783e-05,0,0.35000000000000003
0,1.8562877812655643e-05,0,0.35000000000000003
0,3.473722608759999e-05,0,0.35000000000000003
0,1.7905791537486948e-05,0,0.35000000000000003
0,0.5569807291030884,1,0.35000000000000003
0,1.8985017959494144e-05,0,0.35000000000000003
0,1.7914419004227966e-05,0,0.35000000000000003
0,5.881266406504437e-05,0,0.35000000000000003
0,2.9202725272625685e-05,0,0.35000000000000003
0,1.6736881661927328e-05,0,0.35000000000000003
0,0.9999996423721313,1,0.35000000000000003
0,0.8702929019927979,1,0.35000000000000003
0,1.926716140587814e-05,0,0.35000000000000003
0,0.9999996423721313,1,0.35000000000000003
0,1.8730692318058573e-05,0,0.35000000000000003
0,1.9043858628720045e-05,0,0.35000000000000003
0,2.5858747903839685e-05,0,0.35000000000000003
0,2.0584224330377765e-05,0,0.35000000000000003
0,3.5106415452901274e-05,0,0.35000000000000003
0,2.6036790586658753e-05,0,0.35000000000000003
0,2.4294400645885617e-05,0,0.35000000000000003
0,2.977930307679344e-05,0,0.35000000000000003
0,3.309953899588436e-05,0,0.35000000000000003
0,1.6329202480847016e-05,0,0.35000000000000003
0,2.0509372916421853e-05,0,0.35000000000000003
0,2.0008637875434943e-05,0,0.35000000000000003
0,0.9999983310699463,1,0.35000000000000003
0,2.398422839178238e-05,0,0.35000000000000003
0,0.1420917809009552,0,0.35000000000000003
0,2.432045766909141e-05,0,0.35000000000000003
0,1.8266366168973036e-05,0,0.35000000000000003
1,0.9999996423721313,1,0.35000000000000003
0,2.42405276367208e-05,0,0.35000000000000003
0,1.896836874948349e-05,0,0.35000000000000003
0,2.717418465181254e-05,0,0.35000000000000003
0,2.3250897356774658e-05,0,0.35000000000000003
1,0.9999996423721313,1,0.35000000000000003
1,0.9999995231628418,1,0.35000000000000003
1,0.9999995231628418,1,0.35000000000000003
0,1.9413422705838457e-05,0,0.35000000000000003
0,5.296909876051359e-05,0,0.35000000000000003
0,2.1743737306678668e-05,0,0.35000000000000003
0,2.9086244467180222e-05,0,0.35000000000000003
0,3.004527752636932e-05,0,0.35000000000000003
0,2.2744032321497798e-05,0,0.35000000000000003
0,0.9999992847442627,1,0.35000000000000003
0,3.105712676187977e-05,0,0.35000000000000003
0,2.481226147210691e-05,0,0.35000000000000003
0,0.9999995231628418,1,0.35000000000000003
0,2.066094384645112e-05,0,0.35000000000000003
0,1.570309541421011e-05,0,0.35000000000000003
0,0.00015889160567894578,0,0.35000000000000003
0,1.9215289285057224e-05,0,0.35000000000000003
0,0.9999996423721313,1,0.35000000000000003
0,1.723942841636017e-05,0,0.35000000000000003
0,0.9999995231628418,1,0.35000000000000003
0,2.6195362806902267e-05,0,0.35000000000000003
1,0.9999996423721313,1,0.35000000000000003
0,1.97957251657499e-05,0,0.35000000000000003
0,0.999998927116394,1,0.35000000000000003
0,6.439546268666163e-05,0,0.35000000000000003
0,0.00011994269152637571,0,0.35000000000000003
0,2.2205487766768783e-05,0,0.35000000000000003
0,2.277485327795148e-05,0,0.35000000000000003
0,7.807327347109094e-05,0,0.35000000000000003
0,1.7988715626415797e-05,0,0.35000000000000003
0,2.4544697225792333e-05,0,0.35000000000000003
0,3.1311243219533935e-05,0,0.35000000000000003
0,1.8871010979637504e-05,0,0.35000000000000003
0,2.6171215722570196e-05,0,0.35000000000000003
0,2.2086289391154423e-05,0,0.35000000000000003
0,1.9278924810350873e-05,0,0.35000000000000003
0,0.0001441741915186867,0,0.35000000000000003
0,3.0441438866546378e-05,0,0.35000000000000003
0,2.8006457796436734e-05,0,0.35000000000000003
0,1.762945430527907e-05,0,0.35000000000000003
0,2.3687636712566018e-05,0,0.35000000000000003
0,3.172845390508883e-05,0,0.35000000000000003
0,2.4747745555941947e-05,0,0.35000000000000003
0,1.8919843569165096e-05,0,0.35000000000000003
0,0.0001436819147784263,0,0.35000000000000003
0,0.12419092655181885,0,0.35000000000000003
0,0.9999996423721313,1,0.35000000000000003
0,1.8090249795932323e-05,0,0.35000000000000003
1,0.9999995231628418,1,0.35000000000000003
0,1.819359022192657e-05,0,0.35000000000000003
0,1.687928306637332e-05,0,0.35000000000000003
0,1.899088420032058e-05,0,0.35000000000000003
0,1.9542689187801443e-05,0,0.35000000000000003
0,2.4375836801482365e-05,0,0.35000000000000003
0,2.6162262656725943e-05,0,0.35000000000000003
1,0.9999995231628418,1,0.35000000000000003
0,2.5736970201251097e-05,0,0.35000000000000003
0,2.4238863261416554e-05,0,0.35000000000000003
0,1.8063185052596964e-05,0,0.35000000000000003
0,4.791310857399367e-05,0,0.35000000000000003
0,2.832296013366431e-05,0,0.35000000000000003
0,0.005945100914686918,0,0.35000000000000003
0,0.06873996555805206,0,0.35000000000000003
0,0.05141976848244667,0,0.35000000000000003
0,5.6477569160051644e-05,0,0.35000000000000003
0,2.4647151803947054e-05,0,0.35000000000000003
0,2.278584724990651e-05,0,0.35000000000000003
0,1.9758099369937554e-05,0,0.35000000000000003
0,2.5186816856148653e-05,0,0.35000000000000003
0,0.00014105731679592282,0,0.35000000000000003
0,2.1980307792546228e-05,0,0.35000000000000003
0,0.9999995231628418,1,0.35000000000000003
0,1.8184067812399007e-05,0,0.35000000000000003
0,2.111483809130732e-05,0,0.35000000000000003
0,3.441947410465218e-05,0,0.35000000000000003
0,2.972953734570183e-05,0,0.35000000000000003
1,0.9999995231628418,1,0.35000000000000003
1,0.9999995231628418,1,0.35000000000000003
0,1.9748133126995526e-05,0,0.35000000000000003
0,2.5732748326845467e-05,0,0.35000000000000003
0,0.9999864101409912,1,0.35000000000000003
0,2.684032187971752e-05,0,0.35000000000000003
0,2.320114799658768e-05,0,0.35000000000000003
0,1.837023773987312e-05,0,0.35000000000000003
0,2.0191910152789205e-05,0,0.35000000000000003
0,0.25405964255332947,0,0.35000000000000003
0,2.017033693846315e-05,0,0.35000000000000003
0,2.129986933141481e-05,0,0.35000000000000003
0,1.6542462617508136e-05,0,0.35000000000000003
0,2.1893089069635607e-05,0,0.35000000000000003
0,2.125701394106727e-05,0,0.35000000000000003
0,3.689106597448699e-05,0,0.35000000000000003
0,0.8957669138908386,1,0.35000000000000003
1,0.9999996423721313,1,0.35000000000000003
0,2.3200858777272515e-05,0,0.35000000000000003
0,1.774640077201184e-05,0,0.35000000000000003
0,2.4375582142965868e-05,0,0.35000000000000003
0,1.6148942449945025e-05,0,0.35000000000000003
0,2.3467422579415143e-05,0,0.35000000000000003
0,1.924125535879284e-05,0,0.35000000000000003
0,2.4374814529437572e-05,0,0.35000000000000003
1,0.9999995231628418,1,0.35000000000000003
0,2.0718141968245618e-05,0,0.35000000000000003
0,1.947355667653028e-05,0,0.35000000000000003
0,2.544086783018429e-05,0,0.35000000000000003
0,1.730937947286293e-05,0,0.35000000000000003
0,2.123677040799521e-05,0,0.35000000000000003
0,2.8388672944856808e-05,0,0.35000000000000003
0,1.826141851779539e-05,0,0.35000000000000003
0,1.9637389414128847e-05,0,0.35000000000000003
0,1.8198312318418175e-05,0,0.35000000000000003
0,1.760903796821367e-05,0,0.35000000000000003
0,1.9294780940981582e-05,0,0.35000000000000003
0,2.844699156412389e-05,0,0.35000000000000003
0,1.8873890439863317e-05,0,0.35000000000000003
0,2.4849035980878398e-05,0,0.35000000000000003
0,2.189114638895262e-05,0,0.35000000000000003
0,1.994527701754123e-05,0,0.35000000000000003
0,1.7444603145122528e-05,0,0.35000000000000003
0,1.95599550352199e-05,0,0.35000000000000003
0,2.695292278076522e-05,0,0.35000000000000003
0,2.9968015951453708e-05,0,0.35000000000000003
0,2.0187539121252485e-05,0,0.35000000000000003
0,2.5781877411645837e-05,0,0.35000000000000003
0,2.1672849470633082e-05,0,0.35000000000000003
0,2.456190668453928e-05,0,0.35000000000000003
0,1.729815630824305e-05,0,0.35000000000000003
0,1.7802201909944415e-05,0,0.35000000000000003
0,2.0684006813098677e-05,0,0.35000000000000003
0,2.0734310965053737e-05,0,0.35000000000000003
0,2.4646824385854416e-05,0,0.35000000000000003
0,1.7673979527899064e-05,0,0.35000000000000003
0,2.1790214304928668e-05,0,0.35000000000000003
1,0.9999995231628418,1,0.35000000000000003
0,3.747185110114515e-05,0,0.35000000000000003
1,0.9999995231628418,1,0.35000000000000003
0,2.3038435756461695e-05,0,0.35000000000000003
0,3.509798625600524e-05,0,0.35000000000000003
0,1.7216183550772257e-05,0,0.35000000000000003
0,0.9999462366104126,1,0.35000000000000003
0,2.7218249670113437e-05,0,0.35000000000000003
0,2.264957583975047e-05,0,0.35000000000000003
1,0.9999996423721313,1,0.35000000000000003
0,1.7094658687710762e-05,0,0.35000000000000003
0,0.00011777447070926428,0,0.35000000000000003
0,0.9999996423721313,1,0.35000000000000003
0,1.7126394595834427e-05,0,0.35000000000000003
1,0.9999995231628418,1,0.35000000000000003
0,4.6922348701627925e-05,0,0.35000000000000003
0,2.056215271295514e-05,0,0.35000000000000003
0,3.4235563362017274e-05,0,0.35000000000000003
0,3.3413358323741704e-05,0,0.35000000000000003
0,2.008804221986793e-05,0,0.35000000000000003
0,0.9999995231628418,1,0.35000000000000003
0,0.9999996423721313,1,0.35000000000000003
0,2.0672947357525118e-05,0,0.35000000000000003
1,0.9999994039535522,1,0.35000000000000003
0,2.420338205411099e-05,0,0.35000000000000003
0,2.0533228962449357e-05,0,0.35000000000000003
0,2.2676204025628977e-05,0,0.35000000000000003
1,0.9999996423721313,1,0.35000000000000003
0,0.0015730551676824689,0,0.35000000000000003
0,2.1011011995142326e-05,0,0.35000000000000003
0,2.7762291210819967e-05,0,0.35000000000000003
0,2.73330897471169e-05,0,0.35000000000000003
0,1.886816789919976e-05,0,0.35000000000000003
0,0.9999996423721313,1,0.35000000000000003
0,1.9721637727343477e-05,0,0.35000000000000003
0,2.2051648556953296e-05,0,0.35000000000000003
0,2.3411717847920954e-05,0,0.35000000000000003
0,5.2120241889497265e-05,0,0.35000000000000003
0,1.7979609765461646e-05,0,0.35000000000000003
0,1.8251668734592386e-05,0,0.35000000000000003
0,3.19917562592309e-05,0,0.35000000000000003
0,5.193938341108151e-05,0,0.35000000000000003
0,0.9999983310699463,1,0.35000000000000003
0,2.2581443772651255e-05,0,0.35000000000000003
0,1.975985105673317e-05,0,0.35000000000000003
0,2.101754398609046e-05,0,0.35000000000000003
0,1.7858552382676862e-05,0,0.35000000000000003
0,2.9931085009593517e-05,0,0.35000000000000003
0,3.321517215226777e-05,0,0.35000000000000003
0,3.382613795110956e-05,0,0.35000000000000003
0,1.982345747819636e-05,0,0.35000000000000003
0,2.077017052215524e-05,0,0.35000000000000003
0,2.8221478714840487e-05,0,0.35000000000000003
0,0.9999576807022095,1,0.35000000000000003
0,0.00012988087837584317,0,0.35000000000000003
0,0.9999995231628418,1,0.35000000000000003
0,0.0006551003898493946,0,0.35000000000000003
0,2.3556749511044472e-05,0,0.35000000000000003
0,1.8998474843101576e-05,0,0.35000000000000003
0,0.9999994039535522,1,0.35000000000000003
0,1.8808770619216375e-05,0,0.35000000000000003
0,2.0063976990059018e-05,0,0.35000000000000003
1,0.9999996423721313,1,0.35000000000000003
0,2.235396095784381e-05,0,0.35000000000000003
0,2.8059203032171354e-05,0,0.35000000000000003
0,0.7087228298187256,1,0.35000000000000003
0,2.123253943864256e-05,0,0.35000000000000003
0,2.054102333204355e-05,0,0.35000000000000003
0,4.184073623036966e-05,0,0.35000000000000003
0,2.972601942019537e-05,0,0.35000000000000003
0,1.8640632333699614e-05,0,0.35000000000000003
0,0.9999996423721313,1,0.35000000000000003
0,1.80611004907405e-05,0,0.35000000000000003
0,2.5624289264669642e-05,0,0.35000000000000003
0,1.9292298020445742e-05,0,0.35000000000000003
0,1.8316008208785206e-05,0,0.35000000000000003
0,1.7281930922763422e-05,0,0.35000000000000003
1,0.9999996423721313,1,0.35000000000000003
0,1.9872557459166273e-05,0,0.35000000000000003
0,3.1419072911376134e-05,0,0.35000000000000003
0,0.9999996423721313,1,0.35000000000000003
0,3.6719149647979066e-05,0,0.35000000000000003
1,0.9999996423721313,1,0.35000000000000003
0,2.051449700957164e-05,0,0.35000000000000003
0,8.24907110654749e-05,0,0.35000000000000003
0,1.827012783905957e-05,0,0.35000000000000003
1,0.9999995231628418,1,0.35000000000000003
0,0.0004768002836499363,0,0.35000000000000003
0,2.1158117306185886e-05,0,0.35000000000000003
0,3.544902574503794e-05,0,0.35000000000000003
0,2.0389668861753307e-05,0,0.35000000000000003
0,2.2092672224971466e-05,0,0.35000000000000003
0,2.7032798243453726e-05,0,0.35000000000000003
0,2.3503616830566898e-05,0,0.35000000000000003
0,1.8756147255771793e-05,0,0.35000000000000003
0,3.071578248636797e-05,0,0.35000000000000003
0,0.9999997615814209,1,0.35000000000000003
1,0.9999997615814209,1,0.35000000000000003
0,2.0001045413664542e-05,0,0.35000000000000003
0,2.715211121540051e-05,0,0.35000000000000003
0,1.8623079085955396e-05,0,0.35000000000000003
0,2.1330706658773124e-05,0,0.35000000000000003
0,2.6552557756076567e-05,0,0.35000000000000003
0,0.9999997615814209,1,0.35000000000000003
0,0.30669376254081726,0,0.35000000000000003
0,0.9999992847442627,1,0.35000000000000003
0,3.335130895720795e-05,0,0.35000000000000003
0,0.9999996423721313,1,0.35000000000000003
0,2.330368442926556e-05,0,0.35000000000000003
1,0.9999995231628418,1,0.35000000000000003
0,3.1678446248406544e-05,0,0.35000000000000003
0,0.021728454157710075,0,0.35000000000000003
0,0.002666174666956067,0,0.35000000000000003
0,1.7830576325650327e-05,0,0.35000000000000003
0,0.9999996423721313,1,0.35000000000000003
1,0.9999994039535522,1,0.35000000000000003
0,2.766825127764605e-05,0,0.35000000000000003
0,0.11739346385002136,0,0.35000000000000003
0,2.715793925744947e-05,0,0.35000000000000003
0,0.0001446402893634513,0,0.35000000000000003
1,0.9999997615814209,1,0.35000000000000003
0,1.9736648027901538e-05,0,0.35000000000000003
0,2.441778633510694e-05,0,0.35000000000000003
0,2.170826519432012e-05,0,0.35000000000000003
0,1.765263732522726e-05,0,0.35000000000000003
0,0.751998782157898,1,0.35000000000000003
0,0.00017185135220643133,0,0.35000000000000003
0,2.0728004528791644e-05,0,0.35000000000000003
0,1.7430633306503296e-05,0,0.35000000000000003
0,2.141133154509589e-05,0,0.35000000000000003
0,6.02069339947775e-05,0,0.35000000000000003
0,0.9999997615814209,1,0.35000000000000003
0,1.7244919945369475e-05,0,0.35000000000000003
0,2.4974659027066082e-05,0,0.35000000000000003
0,2.0077030058018863e-05,0,0.35000000000000003
1,0.9999992847442627,1,0.35000000000000003
0,1.617253656149842e-05,0,0.35000000000000003
1,0.9999996423721313,1,0.35000000000000003
0,2.425375350867398e-05,0,0.35000000000000003
0,2.601720734674018e-05,0,0.35000000000000003
0,1.780697493813932e-05,0,0.35000000000000003
0,1.7681735698715784e-05,0,0.35000000000000003
0,2.0901512471027672e-05,0,0.35000000000000003
0,2.3607983166584745e-05,0,0.35000000000000003
0,1.7198657587869093e-05,0,0.35000000000000003
0,3.0420891562243924e-05,0,0.35000000000000003
0,0.0004398081509862095,0,0.35000000000000003
0,1.86815104825655e-05,0,0.35000000000000003
0,1.669279117777478e-05,0,0.35000000000000003
1,0.9780644178390503,1,0.35000000000000003
0,0.00046777105308137834,0,0.35000000000000003
0,2.0435320038814098e-05,0,0.35000000000000003
0,2.1514391846721992e-05,0,0.35000000000000003
0,2.3979540856089443e-05,0,0.35000000000000003
0,1.9637089280877262e-05,0,0.35000000000000003
1,0.9999994039535522,1,0.35000000000000003
0,0.9999995231628418,1,0.35000000000000003
0,4.184843783150427e-05,0,0.35000000000000003
0,0.9971867203712463,1,0.35000000000000003
0,2.243989183625672e-05,0,0.35000000000000003
0,1.7576123354956508e-05,0,0.35000000000000003
0,3.2988242310239e-05,0,0.35000000000000003
0,2.6465671908226795e-05,0,0.35000000000000003
0,3.1491221307078376e-05,0,0.35000000000000003
0,2.0640305592678487e-05,0,0.35000000000000003
0,2.2318623450701125e-05,0,0.35000000000000003
0,2.260184737679083e-05,0,0.35000000000000003
0,1.9589635485317558e-05,0,0.35000000000000003
0,1.6248395695583895e-05,0,0.35000000000000003
0,2.3930993847898208e-05,0,0.35000000000000003
0,2.278667307109572e-05,0,0.35000000000000003
0,2.124919046764262e-05,0,0.35000000000000003
0,1.7415544789400883e-05,0,0.35000000000000003
0,3.459757863311097e-05,0,0.35000000000000003
0,1.6248566680587828e-05,0,0.35000000000000003
0,1.900692041090224e-05,0,0.35000000000000003
0,2.0165260139037855e-05,0,0.35000000000000003
0,2.0966914235032164e-05,0,0.35000000000000003
0,2.039544597209897e-05,0,0.35000000000000003
0,1.965696719707921e-05,0,0.35000000000000003
0,4.4091408199165016e-05,0,0.35000000000000003
0,2.9295330023160204e-05,0,0.35000000000000003
0,3.710190503625199e-05,0,0.35000000000000003
0,0.8148066997528076,1,0.35000000000000003
0,0.9999948740005493,1,0.35000000000000003
0,1.8959199223900214e-05,0,0.35000000000000003
0,0.9999996423721313,1,0.35000000000000003
0,2.58845084317727e-05,0,0.35000000000000003
0,3.8671394577249885e-05,0,0.35000000000000003
0,2.098303593811579e-05,0,0.35000000000000003
0,2.0552917703753337e-05,0,0.35000000000000003
0,0.0002220364403910935,0,0.35000000000000003
0,3.187737092957832e-05,0,0.35000000000000003
0,0.9999995231628418,1,0.35000000000000003
0,1.810283174563665e-05,0,0.35000000000000003
0,2.2872058252687566e-05,0,0.35000000000000003
0,0.00022822926985099912,0,0.35000000000000003
0,3.2910658774198964e-05,0,0.35000000000000003
1,0.9999995231628418,1,0.35000000000000003
0,1.9113127564196475e-05,0,0.35000000000000003
0,0.0040244292467832565,0,0.35000000000000003
0,0.9999996423721313,1,0.35000000000000003
0,2.1232093786238693e-05,0,0.35000000000000003
1,0.9999995231628418,1,0.35000000000000003
0,2.4624689103802666e-05,0,0.35000000000000003
0,3.6553370591718704e-05,0,0.35000000000000003
1,0.9999997615814209,1,0.35000000000000003
0,2.033446253335569e-05,0,0.35000000000000003
0,2.702408528421074e-05,0,0.35000000000000003
0,1.8690598153625615e-05,0,0.35000000000000003
0,2.358970778004732e-05,0,0.35000000000000003
0,0.9999995231628418,1,0.35000000000000003
0,0.00013956899056211114,0,0.35000000000000003
0,2.09358458960196e-05,0,0.35000000000000003
0,0.0016964757815003395,0,0.35000000000000003
0,1.693113154033199e-05,0,0.35000000000000003
0,2.9684095352422446e-05,0,0.35000000000000003
0,1.879231058410369e-05,0,0.35000000000000003
0,2.9714683478232473e-05,0,0.35000000000000003
0,1.6493568182340823e-05,0,0.35000000000000003
0,2.0085994037799537e-05,0,0.35000000000000003
0,0.9999995231628418,1,0.35000000000000003
0,1.6834979760460556e-05,0,0.35000000000000003
0,1.7941514670383185e-05,0,0.35000000000000003
0,2.045489236479625e-05,0,0.35000000000000003
0,0.8809186816215515,1,0.35000000000000003
0,0.0004656172532122582,0,0.35000000000000003
0,0.20178891718387604,0,0.35000000000000003
0,2.1397676391643472e-05,0,0.35000000000000003
0,3.35867989633698e-05,0,0.35000000000000003
0,0.8557140827178955,1,0.35000000000000003
0,0.9999995231628418,1,0.35000000000000003
0,1.951998274307698e-05,0,0.35000000000000003
0,5.647126818075776e-05,0,0.35000000000000003
0,2.3719216187600978e-05,0,0.35000000000000003
1,0.9999995231628418,1,0.35000000000000003
0,2.0609817511285655e-05,0,0.35000000000000003
0,0.9999995231628418,1,0.35000000000000003
0,1.8160273612011224e-05,0,0.35000000000000003
0,2.0261832105461508e-05,0,0.35000000000000003
0,1.613248787180055e-05,0,0.35000000000000003
0,1.978598811547272e-05,0,0.35000000000000003
0,2.3239768779603764e-05,0,0.35000000000000003
0,2.1891815777053125e-05,0,0.35000000000000003
0,2.2678408640786074e-05,0,0.35000000000000003
0,0.9999997615814209,1,0.35000000000000003
0,2.0257428332115524e-05,0,0.35000000000000003
0,1.6297279216814786e-05,0,0.35000000000000003
0,2.8327716790954582e-05,0,0.35000000000000003
0,3.0800587410340086e-05,0,0.35000000000000003
0,0.11691322922706604,0,0.35000000000000003
0,1.5529318261542358e-05,0,0.35000000000000003
0,2.0274397684261203e-05,0,0.35000000000000003
0,1.860802512965165e-05,0,0.35000000000000003
0,7.153843762353063e-05,0,0.35000000000000003
0,1.9817314750980586e-05,0,0.35000000000000003
0,0.01982947066426277,0,0.35000000000000003
0,0.0010358430445194244,0,0.35000000000000003
0,1.91240669664694e-05,0,0.35000000000000003
0,1.6849209714564495e-05,0,0.35000000000000003
0,2.4518587451893836e-05,0,0.35000000000000003
0,1.699105996522121e-05,0,0.35000000000000003
0,2.5745463062776253e-05,0,0.35000000000000003
1,0.9999995231628418,1,0.35000000000000003
0,1.6906833479879424e-05,0,0.35000000000000003
1,0.9999996423721313,1,0.35000000000000003
0,3.304003257653676e-05,0,0.35000000000000003
0,2.2532893126481213e-05,0,0.35000000000000003
0,2.1314501282176934e-05,0,0.35000000000000003
0,2.144813879567664e-05,0,0.35000000000000003
0,1.8193955838796683e-05,0,0.35000000000000003
0,0.00030070464708842337,0,0.35000000000000003
0,0.001282737241126597,0,0.35000000000000003
0,0.9293521046638489,1,0.35000000000000003
0,2.367458182561677e-05,0,0.35000000000000003
0,2.565338581916876e-05,0,0.35000000000000003
0,1.919726491905749e-05,0,0.35000000000000003
0,2.7915795726585202e-05,0,0.35000000000000003
0,0.9935317635536194,1,0.35000000000000003
0,1.9261191482655704e-05,0,0.35000000000000003
0,2.108419175783638e-05,0,0.35000000000000003
0,2.0281515389797278e-05,0,0.35000000000000003
0,2.363312160014175e-05,0,0.35000000000000003
0,2.1366600776673295e-05,0,0.35000000000000003
0,1.884804260043893e-05,0,0.35000000000000003
0,1.92710394912865e-05,0,0.35000000000000003
0,0.470554381608963,1,0.35000000000000003
0,3.0577601137338206e-05,0,0.35000000000000003
0,0.9999994039535522,1,0.35000000000000003
0,1.971785786736291e-05,0,0.35000000000000003
0,2.4875278541003354e-05,0,0.35000000000000003
0,0.001582421245984733,0,0.35000000000000003
0,3.44506734109018e-05,0,0.35000000000000003
0,2.0848439817200415e-05,0,0.35000000000000003
0,4.5379601942840964e-05,0,0.35000000000000003
0,0.23972830176353455,0,0.35000000000000003
0,2.0388348275446333e-05,0,0.35000000000000003
0,0.9999995231628418,1,0.35000000000000003
0,0.9999994039535522,1,0.35000000000000003
0,1.7605443645152263e-05,0,0.35000000000000003
0,2.0277415387681685e-05,0,0.35000000000000003
0,5.844054612680338e-05,0,0.35000000000000003
0,1.8773595002130605e-05,0,0.35000000000000003
0,1.8457900296198204e-05,0,0.35000000000000003
0,2.7576163120102137e-05,0,0.35000000000000003
0,1.926892582559958e-05,0,0.35000000000000003
1,0.9999995231628418,1,0.35000000000000003
0,1.8123473637388088e-05,0,0.35000000000000003
0,2.586370646895375e-05,0,0.35000000000000003
0,1.7353473594994284e-05,0,0.35000000000000003
0,2.0801666323677637e-05,0,0.35000000000000003
0,2.546885662013665e-05,0,0.35000000000000003
0,1.922863521031104e-05,0,0.35000000000000003
0,6.361766281770542e-05,0,0.35000000000000003
0,4.94103878736496e-05,0,0.35000000000000003
0,1.9939438061555848e-05,0,0.35000000000000003
1,0.9999995231628418,1,0.35000000000000003
0,3.434704558458179e-05,0,0.35000000000000003
0,2.2158441424835473e-05,0,0.35000000000000003
0,1.7784826923161745e-05,0,0.35000000000000003
0,1.7259761079913005e-05,0,0.35000000000000003
0,2.1531343008973636e-05,0,0.35000000000000003
0,1.9963355953223072e-05,0,0.35000000000000003
0,0.9999996423721313,1,0.35000000000000003
0,1.756928577378858e-05,0,0.35000000000000003
0,2.027064692811109e-05,0,0.35000000000000003
0,1.954561594175175e-05,0,0.35000000000000003
0,1.7525391740491614e-05,0,0.35000000000000003
0,2.6969970349455252e-05,0,0.35000000000000003
0,2.0714764104923233e-05,0,0.35000000000000003
0,2.4065586330834776e-05,0,0.35000000000000003
0,2.006927752518095e-05,0,0.35000000000000003
0,1.9853008780046366e-05,0,0.35000000000000003
0,1.7595424651517533e-05,0,0.35000000000000003
0,1.7966702216654085e-05,0,0.35000000000000003
0,0.9999666213989258,1,0.35000000000000003
0,1.9163902834407054e-05,0,0.35000000000000003
0,2.5644385459600016e-05,0,0.35000000000000003
0,2.166196281905286e-05,0,0.35000000000000003
0,5.354844324756414e-05,0,0.35000000000000003
0,1.8482913219486363e-05,0,0.35000000000000003
0,0.1458425372838974,0,0.35000000000000003
0,1.9313465600134805e-05,0,0.35000000000000003
0,2.1092919268994592e-05,0,0.35000000000000003
0,3.236194243072532e-05,0,0.35000000000000003
0,2.1244184608804062e-05,0,0.35000000000000003
0,1.600650284672156e-05,0,0.35000000000000003
0,2.163601129723247e-05,0,0.35000000000000003
0,0.0011061292607337236,0,0.35000000000000003
0,0.0011451374739408493,0,0.35000000000000003
0,1.8046226614387706e-05,0,0.35000000000000003
0,0.0025814836844801903,0,0.35000000000000003
0,2.8512964490801096e-05,0,0.35000000000000003
0,0.030843673273921013,0,0.35000000000000003
0,1.8962145986733958e-05,0,0.35000000000000003
0,2.6455903935129754e-05,0,0.35000000000000003
0,2.2632537366007455e-05,0,0.35000000000000003
0,0.7272233366966248,1,0.35000000000000003
0,1.97294975805562e-05,0,0.35000000000000003
0,2.263113492517732e-05,0,0.35000000000000003
0,1.954906474566087e-05,0,0.35000000000000003
0,2.0004632460768335e-05,0,0.35000000000000003
0,0.9999995231628418,1,0.35000000000000003
0,2.55735849350458e-05,0,0.35000000000000003
0,2.4948620193754323e-05,0,0.35000000000000003
0,6.239893264137208e-05,0,0.35000000000000003
0,2.451688123983331e-05,0,0.35000000000000003
0,0.9999997615814209,1,0.35000000000000003
1,0.9999994039535522,1,0.35000000000000003
1,0.7480989694595337,1,0.35000000000000003
0,1.694394086371176e-05,0,0.35000000000000003
0,2.1587802621070296e-05,0,0.35000000000000003
0,2.229022720712237e-05,0,0.35000000000000003
0,0.015253176912665367,0,0.35000000000000003
0,1.9674109353218228e-05,0,0.35000000000000003
0,3.071021637879312e-05,0,0.35000000000000003
0,1.84251694008708e-05,0,0.35000000000000003
0,2.2476962840300985e-05,0,0.35000000000000003
0,1.9091958165518008e-05,0,0.35000000000000003
0,2.3874918042565696e-05,0,0.35000000000000003
0,3.8510566810145974e-05,0,0.35000000000000003
0,1.681251887930557e-05,0,0.35000000000000003
0,0.9999996423721313,1,0.35000000000000003
0,2.1691770598408766e-05,0,0.35000000000000003
0,3.839945202344097e-05,0,0.35000000000000003
0,2.3240476366481744e-05,0,0.35000000000000003
1,0.9999996423721313,1,0.35000000000000003
0,7.193959027063102e-05,0,0.35000000000000003
0,2.1892965378356166e-05,0,0.35000000000000003
0,2.1865569578949362e-05,0,0.35000000000000003
0,2.17816123040393e-05,0,0.35000000000000003
0,1.7754560758476146e-05,0,0.35000000000000003
0,2.285047412442509e-05,0,0.35000000000000003
0,0.9999946355819702,1,0.35000000000000003
0,2.2503534637507983e-05,0,0.35000000000000003
0,1.995564525714144e-05,0,0.35000000000000003
0,2.2354410248226486e-05,0,0.35000000000000003
0,2.665068495844025e-05,0,0.35000000000000003
0,0.0009492256795056164,0,0.35000000000000003
0,4.1881656215991825e-05,0,0.35000000000000003
0,2.475574910931755e-05,0,0.35000000000000003
1,0.9999995231628418,1,0.35000000000000003
0,2.1376445147325285e-05,0,0.35000000000000003
0,2.915046934504062e-05,0,0.35000000000000003
0,2.286758717673365e-05,0,0.35000000000000003
0,0.9999996423721313,1,0.35000000000000003
0,0.06092226505279541,0,0.35000000000000003
0,1.808823253668379e-05,0,0.35000000000000003
0,2.3104041247279383e-05,0,0.35000000000000003
0,0.23544123768806458,0,0.35000000000000003
0,1.981776767934207e-05,0,0.35000000000000003
0,2.2565965991816483e-05,0,0.35000000000000003
0,1.984731170523446e-05,0,0.35000000000000003
0,2.3604156012879685e-05,0,0.35000000000000003
0,0.9999995231628418,1,0.35000000000000003
0,2.0616107576643117e-05,0,0.35000000000000003
0,0.9999995231628418,1,0.35000000000000003
0,1.9253846403444186e-05,0,0.35000000000000003
0,2.184122786275111e-05,0,0.35000000000000003
0,2.6062847609864548e-05,0,0.35000000000000003
0,2.1461766664288007e-05,0,0.35000000000000003
1,0.9999995231628418,1,0.35000000000000003
0,3.410059798625298e-05,0,0.35000000000000003
0,1.986478855542373e-05,0,0.35000000000000003
0,2.1247973563731648e-05,0,0.35000000000000003
0,2.1804058633279055e-05,0,0.35000000000000003
0,3.760308391065337e-05,0,0.35000000000000003
0,3.215287870261818e-05,0,0.35000000000000003
0,2.1853104044566862e-05,0,0.35000000000000003
0,1.929086101881694e-05,0,0.35000000000000003
0,2.886881702579558e-05,0,0.35000000000000003
0,2.0988380128983408e-05,0,0.35000000000000003
0,2.450727333780378e-05,0,0.35000000000000003
0,2.0810299247386865e-05,0,0.35000000000000003
0,2.430269705655519e-05,0,0.35000000000000003
0,1.886813151941169e-05,0,0.35000000000000003
0,2.0228702851454727e-05,0,0.35000000000000003
0,1.8109636584995314e-05,0,0.35000000000000003
0,1.79117178049637e-05,0,0.35000000000000003
1,0.9999995231628418,1,0.35000000000000003
0,1.9294946469017304e-05,0,0.35000000000000003
0,1.8574761270429008e-05,0,0.35000000000000003
0,2.145130929420702e-05,0,0.35000000000000003
0,3.445172478677705e-05,0,0.35000000000000003
1,0.9999995231628418,1,0.35000000000000003
0,1.891203282866627e-05,0,0.35000000000000003
0,7.399942114716396e-05,0,0.35000000000000003
0,1.6881809642654844e-05,0,0.35000000000000003
1,0.9999995231628418,1,0.35000000000000003
0,2.4071439838735387e-05,0,0.35000000000000003
0,2.9463128157658502e-05,0,0.35000000000000003
0,2.5912417186191306e-05,0,0.35000000000000003
0,0.9999995231628418,1,0.35000000000000003
0,2.201365896326024e-05,0,0.35000000000000003
0,0.9999995231628418,1,0.35000000000000003
0,1.7087633750634268e-05,0,0.35000000000000003
0,1.9403705664444715e-05,0,0.35000000000000003
0,2.2423140762839466e-05,0,0.35000000000000003
0,2.3936654542922042e-05,0,0.35000000000000003
0,2.144500831491314e-05,0,0.35000000000000003
0,0.9999997615814209,1,0.35000000000000003
0,1.8904367607319728e-05,0,0.35000000000000003
0,2.2515749151352793e-05,0,0.35000000000000003
0,1.7385660612490028e-05,0,0.35000000000000003
0,1.997889376070816e-05,0,0.35000000000000003
0,2.0482651962083764e-05,0,0.35000000000000003
0,2.336015495529864e-05,0,0.35000000000000003
0,1.9948947738157585e-05,0,0.35000000000000003
0,2.1258554625092074e-05,0,0.35000000000000003
0,0.0003638714842963964,0,0.35000000000000003
0,2.0411167497513816e-05,0,0.35000000000000003
0,2.331997711735312e-05,0,0.35000000000000003
0,1.894877277663909e-05,0,0.35000000000000003
0,2.1090063455631025e-05,0,0.35000000000000003
0,2.376200609432999e-05,0,0.35000000000000003
0,3.322860720800236e-05,0,0.35000000000000003
0,2.8218788429512642e-05,0,0.35000000000000003
0,0.9347177147865295,1,0.35000000000000003
0,0.8039277791976929,1,0.35000000000000003
0,1.9861796317854896e-05,0,0.35000000000000003
1,0.9999997615814209,1,0.35000000000000003
1,0.9999995231628418,1,0.35000000000000003
0,1.9074941519647837e-05,0,0.35000000000000003
0,0.8551706075668335,1,0.35000000000000003
0,1.791460636013653e-05,0,0.35000000000000003
0,2.341939944017213e-05,0,0.35000000000000003
1,0.9999996423721313,1,0.35000000000000003
0,1.904400414787233e-05,0,0.35000000000000003
0,0.9994798302650452,1,0.35000000000000003
0,2.1726387785747647e-05,0,0.35000000000000003
0,3.0209361284505576e-05,0,0.35000000000000003
0,0.9999996423721313,1,0.35000000000000003
0,2.2681133486912586e-05,0,0.35000000000000003
0,2.250209763587918e-05,0,0.35000000000000003
0,1.641247763473075e-05,0,0.35000000000000003
0,2.0549290638882667e-05,0,0.35000000000000003
0,1.998678271775134e-05,0,0.35000000000000003
0,2.1152043700567447e-05,0,0.35000000000000003
0,2.10733778658323e-05,0,0.35000000000000003
0,3.872276283800602e-05,0,0.35000000000000003
0,2.77293220278807e-05,0,0.35000000000000003
0,2.0619645511033013e-05,0,0.35000000000000003
0,3.393735096324235e-05,0,0.35000000000000003
0,2.0624287571990862e-05,0,0.35000000000000003
0,0.0729285404086113,0,0.35000000000000003
1,0.9999995231628418,1,0.35000000000000003
0,5.2171704737702385e-05,0,0.35000000000000003
0,2.2157806597533636e-05,0,0.35000000000000003
0,2.2480649931821972e-05,0,0.35000000000000003
0,2.4695476895431057e-05,0,0.35000000000000003
0,8.986553439171985e-05,0,0.35000000000000003
0,2.0149514966760762e-05,0,0.35000000000000003
0,2.017938095377758e-05,0,0.35000000000000003
0,1.8021239156951196e-05,0,0.35000000000000003
0,8.828211866784841e-05,0,0.35000000000000003
0,1.9820772649836726e-05,0,0.35000000000000003
0,0.5789689421653748,1,0.35000000000000003
0,0.9999996423721313,1,0.35000000000000003
1,0.9999997615814209,1,0.35000000000000003
1,0.9999996423721313,1,0.35000000000000003
0,1.9778477508225478e-05,0,0.35000000000000003
1,0.9999995231628418,1,0.35000000000000003
0,0.005463695619255304,0,0.35000000000000003
0,1.7472224499215372e-05,0,0.35000000000000003
0,1.8328099031350575e-05,0,0.35000000000000003
0,2.0038027287228033e-05,0,0.35000000000000003
1,0.9999995231628418,1,0.35000000000000003
0,1.5921581507427618e-05,0,0.35000000000000003
0,2.0722409317386337e-05,0,0.35000000000000003
0,0.00022552018344867975,0,0.35000000000000003
0,6.578210013685748e-05,0,0.35000000000000003
0,2.5296607418567874e-05,0,0.35000000000000003
0,0.9565905928611755,1,0.35000000000000003
0,0.4565737843513489,1,0.35000000000000003
0,2.515438427508343e-05,0,0.35000000000000003
1,0.8760135173797607,1,0.35000000000000003
0,5.8054167311638594e-05,0,0.35000000000000003
0,2.1353605916374363e-05,0,0.35000000000000003
0,7.26195503375493e-05,0,0.35000000000000003
0,0.9999796152114868,1,0.35000000000000003
0,0.008132336661219597,0,0.35000000000000003
0,1.8686108887777664e-05,0,0.35000000000000003
0,2.8249913157196715e-05,0,0.35000000000000003
0,0.9999995231628418,1,0.35000000000000003
0,1.6729558410588652e-05,0,0.35000000000000003
0,0.9999996423721313,1,0.35000000000000003
0,0.006708259228616953,0,0.35000000000000003
0,2.329586277483031e-05,0,0.35000000000000003
0,1.7767586541594937e-05,0,0.35000000000000003
0,2.5429710149182938e-05,0,0.35000000000000003
0,0.00010356998245697469,0,0.35000000000000003
0,2.491302802809514e-05,0,0.35000000000000003
0,1.9282675566500984e-05,0,0.35000000000000003
0,2.142607991117984e-05,0,0.35000000000000003
0,3.8400550693040714e-05,0,0.35000000000000003
0,2.0537418095045723e-05,0,0.35000000000000003
0,0.00027857860550284386,0,0.35000000000000003
0,1.732400960463565e-05,0,0.35000000000000003
0,2.3001222871243954e-05,0,0.35000000000000003
0,3.522811675793491e-05,0,0.35000000000000003
1,0.9999995231628418,1,0.35000000000000003
0,0.0001688551710685715,0,0.35000000000000003
0,0.9999995231628418,1,0.35000000000000003
0,1.9119946955470368e-05,0,0.35000000000000003
0,1.9580969819799066e-05,0,0.35000000000000003
1,0.11777273565530777,0,0.35000000000000003
0,2.2018697563908063e-05,0,0.35000000000000003
0,0.00033230159897357225,0,0.35000000000000003
0,0.00010595567437121645,0,0.35000000000000003
0,1.894680281111505e-05,0,0.35000000000000003
0,6.329863390419632e-05,0,0.35000000000000003
0,2.425352249701973e-05,0,0.35000000000000003
1,0.9999995231628418,1,0.35000000000000003
0,1.7624091924517415e-05,0,0.35000000000000003
0,1.9907231035176665e-05,0,0.35000000000000003
0,2.3216905901790597e-05,0,0.35000000000000003
0,2.190547456848435e-05,0,0.35000000000000003
0,4.036750760860741e-05,0,0.35000000000000003
1,0.9999997615814209,1,0.35000000000000003
0,2.0695688363048248e-05,0,0.35000000000000003
0,1.8394253856968135e-05,0,0.35000000000000003
0,0.6937734484672546,1,0.35000000000000003
0,1.808133310987614e-05,0,0.35000000000000003
0,1.878346301964484e-05,0,0.35000000000000003
0,1.8782027837005444e-05,0,0.35000000000000003
0,0.9999995231628418,1,0.35000000000000003
0,0.9999995231628418,1,0.35000000000000003
0,1.8114093109034002e-05,0,0.35000000000000003
0,1.882301876321435e-05,0,0.35000000000000003
0,3.492506584734656e-05,0,0.35000000000000003
0,1.7368043700116687e-05,0,0.35000000000000003
0,2.6933703338727355e-05,0,0.35000000000000003
0,1.9130011423840187e-05,0,0.35000000000000003
1,0.9999995231628418,1,0.35000000000000003
0,0.9863676428794861,1,0.35000000000000003
0,2.2760481442674063e-05,0,0.35000000000000003
0,1.9995972252218053e-05,0,0.35000000000000003
0,2.264007162011694e-05,0,0.35000000000000003
0,2.9169714252930135e-05,0,0.35000000000000003
0,1.890483508759644e-05,0,0.35000000000000003
0,1.7240019587916322e-05,0,0.35000000000000003
0,2.3891409000498243e-05,0,0.35000000000000003
0,3.9948590710991994e-05,0,0.35000000000000003
0,3.1130850402405486e-05,0,0.35000000000000003
0,2.9177977921790443e-05,0,0.35000000000000003
0,0.9999977350234985,1,0.35000000000000003
0,0.16886378824710846,0,0.35000000000000003
0,6.643141387030482e-05,0,0.35000000000000003
0,1.8397131498204544e-05,0,0.35000000000000003
0,2.8494481739471667e-05,0,0.35000000000000003
0,2.1765747078461573e-05,0,0.35000000000000003
0,2.394361945334822e-05,0,0.35000000000000003
0,2.3715598217677325e-05,0,0.35000000000000003
0,1.9788629288086668e-05,0,0.35000000000000003
0,2.116537871188484e-05,0,0.35000000000000003
0,2.0022382159368135e-05,0,0.35000000000000003
0,1.8194285075878724e-05,0,0.35000000000000003
0,0.0015158861642703414,0,0.35000000000000003
0,0.17812441289424896,0,0.35000000000000003
0,0.0004143074038438499,0,0.35000000000000003
0,2.9337939849938266e-05,0,0.35000000000000003
0,1.8609585822559893e-05,0,0.35000000000000003
0,1.7709915482555516e-05,0,0.35000000000000003
0,1.7917578588821925e-05,0,0.35000000000000003
0,1.784426967788022e-05,0,0.35000000000000003
0,1.6210198737098835e-05,0,0.35000000000000003
0,0.9999604225158691,1,0.35000000000000003
0,1.8025690224021673e-05,0,0.35000000000000003
0,0.9999995231628418,1,0.35000000000000003
0,1.903802876768168e-05,0,0.35000000000000003
0,2.3813363441149704e-05,0,0.35000000000000003
1,0.9999995231628418,1,0.35000000000000003
0,1.7679729353403673e-05,0,0.35000000000000003
0,1.9252192942076363e-05,0,0.35000000000000003
0,1.79698909050785e-05,0,0.35000000000000003
0,0.5055771470069885,1,0.35000000000000003
0,1.7573207514942624e-05,0,0.35000000000000003
1,0.00012948320363648236,0,0.35000000000000003
0,3.1518979085376486e-05,0,0.35000000000000003
0,7.495665340684354e-05,0,0.35000000000000003
0,4.157675357419066e-05,0,0.35000000000000003
0,3.675194238894619e-05,0,0.35000000000000003
0,1.9577291823225096e-05,0,0.35000000000000003
0,1.907794467115309e-05,0,0.35000000000000003
0,3.2190862839343026e-05,0,0.35000000000000003
0,1.8743308828561567e-05,0,0.35000000000000003
0,2.1549563825828955e-05,0,0.35000000000000003
0,1.8751963580143638e-05,0,0.35000000000000003
0,0.0006774027715437114,0,0.35000000000000003
0,1.87550740520237e-05,0,0.35000000000000003
0,0.9999995231628418,1,0.35000000000000003
0,1.918109046528116e-05,0,0.35000000000000003
0,1.6440188119304366e-05,0,0.35000000000000003
0,2.0165854948572814e-05,0,0.35000000000000003
0,2.630586277518887e-05,0,0.35000000000000003
0,1.8218555851490237e-05,0,0.35000000000000003
0,1.9953324226662517e-05,0,0.35000000000000003
0,1.6437335943919607e-05,0,0.35000000000000003
0,2.298010622325819e-05,0,0.35000000000000003
0,0.9999996423721313,1,0.35000000000000003
0,0.035771358758211136,0,0.35000000000000003
1,0.9999995231628418,1,0.35000000000000003
0,0.9999994039535522,1,0.35000000000000003
0,6.335045327432454e-05,0,0.35000000000000003
0,1.707437331788242e-05,0,0.35000000000000003
0,2.3463258912670426e-05,0,0.35000000000000003
0,0.9814144968986511,1,0.35000000000000003
0,1.8965438357554376e-05,0,0.35000000000000003
1,0.9999995231628418,1,0.35000000000000003
0,1.694544334895909e-05,0,0.35000000000000003
0,0.00042091833893209696,0,0.35000000000000003
1,0.9999995231628418,1,0.35000000000000003
0,2.1076675693620928e-05,0,0.35000000000000003
0,2.9881144655519165e-05,0,0.35000000000000003
0,2.0406048861332238e-05,0,0.35000000000000003
0,2.0612176740542054e-05,0,0.35000000000000003
0,2.1691688743885607e-05,0,0.35000000000000003
0,1.8155184079660103e-05,0,0.35000000000000003
0,2.2445003196480684e-05,0,0.35000000000000003
0,2.2662106857751496e-05,0,0.35000000000000003
0,2.162848068110179e-05,0,0.35000000000000003
0,2.48334927164251e-05,0,0.35000000000000003
0,2.5101449864450842e-05,0,0.35000000000000003
0,1.9449798855930567e-05,0,0.35000000000000003
0,2.7076608603238128e-05,0,0.35000000000000003
0,0.9999995231628418,1,0.35000000000000003
0,0.9999995231628418,1,0.35000000000000003
0,5.635770139633678e-05,0,0.35000000000000003
0,2.0027404389111325e-05,0,0.35000000000000003
0,1.9036049707210623e-05,0,0.35000000000000003
0,2.519959889468737e-05,0,0.35000000000000003
0,1.754358527250588e-05,0,0.35000000000000003
1,0.9999995231628418,1,0.35000000000000003
0,1.7702452169032767e-05,0,0.35000000000000003
0,2.613089236547239e-05,0,0.35000000000000003
0,0.9999995231628418,1,0.35000000000000003
0,1.9410294044064358e-05,0,0.35000000000000003
0,1.7062977349269204e-05,0,0.35000000000000003
0,3.200640276190825e-05,0,0.35000000000000003
0,2.190365739807021e-05,0,0.35000000000000003
0,1.7572085198480636e-05,0,0.35000000000000003
1,0.9999995231628418,1,0.35000000000000003
1,0.9999995231628418,1,0.35000000000000003
0,3.398340777494013e-05,0,0.35000000000000003
0,0.00019030767725780606,0,0.35000000000000003
0,2.6035822884296067e-05,0,0.35000000000000003
0,4.200737384962849e-05,0,0.35000000000000003
0,4.4270600483287126e-05,0,0.35000000000000003
0,0.025474345311522484,0,0.35000000000000003
0,0.31873464584350586,0,0.35000000000000003
0,1.7960312106879428e-05,0,0.35000000000000003
0,0.8921817541122437,1,0.35000000000000003
0,0.012951306067407131,0,0.35000000000000003
0,0.9999992847442627,1,0.35000000000000003
0,2.2734100639354438e-05,0,0.35000000000000003
0,0.9999996423721313,1,0.35000000000000003
0,7.818690210115165e-05,0,0.35000000000000003
0,3.592743451008573e-05,0,0.35000000000000003
0,2.0912139007123187e-05,0,0.35000000000000003
1,0.9999995231628418,1,0.35000000000000003
0,2.253059392387513e-05,0,0.35000000000000003
0,1.893211629067082e-05,0,0.35000000000000003
0,0.0005106661701574922,0,0.35000000000000003
0,1.8547147192293778e-05,0,0.35000000000000003
1,0.9999997615814209,1,0.35000000000000003
0,1.7900925740832463e-05,0,0.35000000000000003
1,0.9999995231628418,1,0.35000000000000003
0,1.6848614905029535e-05,0,0.35000000000000003
0,0.9395201206207275,1,0.35000000000000003
0,0.9999558925628662,1,0.35000000000000003
0,1.9328392227180302e-05,0,0.35000000000000003
0,0.9999996423721313,1,0.35000000000000003
1,0.9999995231628418,1,0.35000000000000003
0,0.015951333567500114,0,0.35000000000000003
0,2.241642687295098e-05,0,0.35000000000000003
0,1.9344030079082586e-05,0,0.35000000000000003
0,1.7659625882515684e-05,0,0.35000000000000003
0,0.26833999156951904,0,0.35000000000000003
0,0.9999996423721313,1,0.35000000000000003
0,2.2056865418562666e-05,0,0.35000000000000003
0,0.0006500299205072224,0,0.35000000000000003
1,0.9999996423721313,1,0.35000000000000003
0,1.654566585784778e-05,0,0.35000000000000003
0,2.2334870664053597e-05,0,0.35000000000000003
1,0.9999995231628418,1,0.35000000000000003
0,0.0004090013389941305,0,0.35000000000000003
0,2.164616307709366e-05,0,0.35000000000000003
0,2.310840500285849e-05,0,0.35000000000000003
0,0.327830046415329,0,0.35000000000000003
0,2.4828310415614396e-05,0,0.35000000000000003
0,2.3208891434478574e-05,0,0.35000000000000003
0,2.0275383576517925e-05,0,0.35000000000000003
0,2.00679169211071e-05,0,0.35000000000000003
0,0.9997233748435974,1,0.35000000000000003
0,2.7157473596162163e-05,0,0.35000000000000003
0,2.29525121540064e-05,0,0.35000000000000003
0,2.0735911675728858e-05,0,0.35000000000000003
1,0.9999995231628418,1,0.35000000000000003
0,2.2175268895807676e-05,0,0.35000000000000003
0,1.9515198800945655e-05,0,0.35000000000000003
0,0.00011212755634915084,0,0.35000000000000003
0,0.3224108815193176,0,0.35000000000000003
0,2.8797077902709134e-05,0,0.35000000000000003
0,1.661550959397573e-05,0,0.35000000000000003
0,2.61665500147501e-05,0,0.35000000000000003
0,2.2655451175523922e-05,0,0.35000000000000003
0,2.1918431230005808e-05,0,0.35000000000000003
0,2.7856624001287855e-05,0,0.35000000000000003
0,0.9999992847442627,1,0.35000000000000003
0,1.9152026652591303e-05,0,0.35000000000000003
0,2.425528145977296e-05,0,0.35000000000000003
0,1.8037710106000304e-05,0,0.35000000000000003
0,2.2523568986798637e-05,0,0.35000000000000003
0,3.002093217219226e-05,0,0.35000000000000003
0,0.9999995231628418,1,0.35000000000000003
0,2.1963731342111714e-05,0,0.35000000000000003
0,1.9079143385170028e-05,0,0.35000000000000003
0,1.810745925467927e-05,0,0.35000000000000003
0,4.352375981397927e-05,0,0.35000000000000003
0,2.2652773623121902e-05,0,0.35000000000000003
0,2.8401373128872365e-05,0,0.35000000000000003
0,0.9999995231628418,1,0.35000000000000003
0,2.4344592020497657e-05,0,0.35000000000000003
0,1.8628781617735513e-05,0,0.35000000000000003
0,2.2373795218300074e-05,0,0.35000000000000003
0,2.3562681235489435e-05,0,0.35000000000000003
0,1.9675009752972983e-05,0,0.35000000000000003
0,2.0505676729953848e-05,0,0.35000000000000003
0,2.2315880414680578e-05,0,0.35000000000000003
0,3.6597288271877915e-05,0,0.35000000000000003
0,1.724886715237517e-05,0,0.35000000000000003
0,2.2017437004251406e-05,0,0.35000000000000003
0,1.927607627294492e-05,0,0.35000000000000003
0,2.711226807150524e-05,0,0.35000000000000003
0,2.1035790268797427e-05,0,0.35000000000000003
0,4.312736928113736e-05,0,0.35000000000000003
1,0.7091232538223267,1,0.35000000000000003
0,2.1712654415750876e-05,0,0.35000000000000003
1,0.9999995231628418,1,0.35000000000000003
0,3.126052615698427e-05,0,0.35000000000000003
0,1.8749458831734955e-05,0,0.35000000000000003
0,2.3552302081952803e-05,0,0.35000000000000003
0,1.8292097593075596e-05,0,0.35000000000000003
0,1.8703705791267566e-05,0,0.35000000000000003
1,0.9999995231628418,1,0.35000000000000003
0,1.983128640858922e-05,0,0.35000000000000003
0,0.029034676030278206,0,0.35000000000000003
0,2.222481089120265e-05,0,0.35000000000000003
0,1.7702132026897743e-05,0,0.35000000000000003
0,0.9999995231628418,1,0.35000000000000003
0,0.9999992847442627,1,0.35000000000000003
1,0.012403535656630993,0,0.35000000000000003
0,1.8993419871549122e-05,0,0.35000000000000003
0,0.9999990463256836,1,0.35000000000000003
1,0.9999995231628418,1,0.35000000000000003
0,1.8275077309226617e-05,0,0.35000000000000003
0,2.520635098335333e-05,0,0.35000000000000003
1,0.9999995231628418,1,0.35000000000000003
0,2.2410633391700685e-05,0,0.35000000000000003
0,3.571696288418025e-05,0,0.35000000000000003
0,2.17500637518242e-05,0,0.35000000000000003
0,1.8139677194994874e-05,0,0.35000000000000003
1,0.9999995231628418,1,0.35000000000000003
0,2.3056631107465364e-05,0,0.35000000000000003
0,0.09124025702476501,0,0.35000000000000003
0,2.0635914552258328e-05,0,0.35000000000000003
0,2.8705037038889714e-05,0,0.35000000000000003
0,1.9921057173633017e-05,0,0.35000000000000003
1,0.9999996423721313,1,0.35000000000000003
0,2.2844766135676764e-05,0,0.35000000000000003
0,2.1142141122254543e-05,0,0.35000000000000003
0,0.9999995231628418,1,0.35000000000000003
0,1.8148397430195473e-05,0,0.35000000000000003
0,2.009116178669501e-05,0,0.35000000000000003
0,2.7980506274616346e-05,0,0.35000000000000003
0,2.0105231669731438e-05,0,0.35000000000000003
0,5.1581377192633227e-05,0,0.35000000000000003
0,2.0066328943357803e-05,0,0.35000000000000003
0,2.357524681428913e-05,0,0.35000000000000003
0,2.8188396754558198e-05,0,0.35000000000000003
0,2.9295833883224986e-05,0,0.35000000000000003
1,0.9999995231628418,1,0.35000000000000003
0,0.9999995231628418,1,0.35000000000000003
0,4.462767537916079e-05,0,0.35000000000000003
0,1.9321611034683883e-05,0,0.35000000000000003
0,2.0629835489671677e-05,0,0.35000000000000003
0,2.0826757463510148e-05,0,0.35000000000000003
0,2.2867805455462076e-05,0,0.35000000000000003
0,2.0167086404399015e-05,0,0.35000000000000003
0,0.9999996423721313,1,0.35000000000000003
0,1.9051942217629403e-05,0,0.35000000000000003
0,2.1296091290423647e-05,0,0.35000000000000003
0,2.528765980969183e-05,0,0.35000000000000003
0,3.426234979997389e-05,0,0.35000000000000003
0,2.0119061446166597e-05,0,0.35000000000000003
0,0.9999995231628418,1,0.35000000000000003
0,3.3730822906363755e-05,0,0.35000000000000003
0,0.00031227804720401764,0,0.35000000000000003
0,2.7609366952674463e-05,0,0.35000000000000003
1,0.9999995231628418,1,0.35000000000000003
0,3.0202503694454208e-05,0,0.35000000000000003
0,2.756151843641419e-05,0,0.35000000000000003
0,2.2434091079048812e-05,0,0.35000000000000003
0,1.7089003449655138e-05,0,0.35000000000000003
1,0.9999997615814209,1,0.35000000000000003
0,0.9999995231628418,1,0.35000000000000003
0,3.895357804140076e-05,0,0.35000000000000003
0,1.7234004189958796e-05,0,0.35000000000000003
0,2.077419230772648e-05,0,0.35000000000000003
0,2.1261170331854373e-05,0,0.35000000000000003
0,1.8055694454233162e-05,0,0.35000000000000003
0,2.6321446057409048e-05,0,0.35000000000000003
0,0.007484450936317444,0,0.35000000000000003
0,1.829234133765567e-05,0,0.35000000000000003
0,0.9946799874305725,1,0.35000000000000003
0,0.0009331150795333087,0,0.35000000000000003
0,2.557575498940423e-05,0,0.35000000000000003
0,2.6518981030676514e-05,0,0.35000000000000003
0,1.809582499845419e-05,0,0.35000000000000003
0,2.185006087529473e-05,0,0.35000000000000003
0,1.9001465261681005e-05,0,0.35000000000000003
0,1.9962690203101374e-05,0,0.35000000000000003
0,2.19747525989078e-05,0,0.35000000000000003
1,0.9999996423721313,1,0.35000000000000003
0,1.9729686755454168e-05,0,0.35000000000000003
1,0.9999995231628418,1,0.35000000000000003
0,1.9528586562955752e-05,0,0.35000000000000003
0,1.740892002999317e-05,0,0.35000000000000003
0,2.5757764888112433e-05,0,0.35000000000000003
0,2.2262736820266582e-05,0,0.35000000000000003
0,0.3480566442012787,0,0.35000000000000003
0,0.0024061216972768307,0,0.35000000000000003
0,0.001386439660564065,0,0.35000000000000003
0,2.2390488084056415e-05,0,0.35000000000000003
1,0.9999996423721313,1,0.35000000000000003
0,0.9950413107872009,1,0.35000000000000003
0,2.4421837224508636e-05,0,0.35000000000000003
1,0.9999995231628418,1,0.35000000000000003
0,2.3833197701605968e-05,0,0.35000000000000003
0,2.6870799047173932e-05,0,0.35000000000000003
0,1.7003510947688483e-05,0,0.35000000000000003
0,2.2373025785782374e-05,0,0.35000000000000003
0,2.5372033633175306e-05,0,0.35000000000000003
0,2.106594547512941e-05,0,0.35000000000000003
0,1.9885637811967172e-05,0,0.35000000000000003
0,1.7929714886122383e-05,0,0.35000000000000003
0,2.2437836378230713e-05,0,0.35000000000000003
0,2.553293961682357e-05,0,0.35000000000000003
0,1.8977596482727677e-05,0,0.35000000000000003
0,2.523374314478133e-05,0,0.35000000000000003
0,3.8128877349663526e-05,0,0.35000000000000003
1,0.9999997615814209,1,0.35000000000000003
0,2.0601444703061134e-05,0,0.35000000000000003
0,2.4397417291766033e-05,0,0.35000000000000003
0,1.967833304661326e-05,0,0.35000000000000003
1,0.9999995231628418,1,0.35000000000000003
0,1.700339635135606e-05,0,0.35000000000000003
0,2.0611449144780636e-05,0,0.35000000000000003
0,1.8506654669181444e-05,0,0.35000000000000003
1,0.9999995231628418,1,0.35000000000000003
0,2.847918585757725e-05,0,0.35000000000000003
0,2.3812204744899645e-05,0,0.35000000000000003
0,1.7567812392371707e-05,0,0.35000000000000003
0,2.2979098503128625e-05,0,0.35000000000000003
0,2.275822225783486e-05,0,0.35000000000000003
0,2.2033233108231798e-05,0,0.35000000000000003
0,0.9999996423721313,1,0.35000000000000003
0,1.7664207916823216e-05,0,0.35000000000000003
0,2.0547038730001077e-05,0,0.35000000000000003
0,1.7185393517138436e-05,0,0.35000000000000003
0,1.9022512788069434e-05,0,0.35000000000000003
0,3.347574238432571e-05,0,0.35000000000000003
0,2.413456059002783e-05,0,0.35000000000000003
1,0.9999995231628418,1,0.35000000000000003
0,0.0001180398030555807,0,0.35000000000000003
0,0.9999995231628418,1,0.35000000000000003
0,1.7616344848647714e-05,0,0.35000000000000003
0,2.904267057601828e-05,0,0.35000000000000003
0,0.9999995231628418,1,0.35000000000000003
0,0.9999995231628418,1,0.35000000000000003
0,2.1624169676215388e-05,0,0.35000000000000003
0,0.9988490343093872,1,0.35000000000000003
0,2.2410185920307413e-05,0,0.35000000000000003
0,2.4612203560536727e-05,0,0.35000000000000003
0,0.9999996423721313,1,0.35000000000000003
0,1.9689276086864993e-05,0,0.35000000000000003
0,2.0511934053502046e-05,0,0.35000000000000003
0,2.5737263058545068e-05,0,0.35000000000000003
1,0.9857177734375,1,0.35000000000000003
0,1.6413918274338357e-05,0,0.35000000000000003
1,0.9999994039535522,1,0.35000000000000003
0,2.5002542315633036e-05,0,0.35000000000000003
0,0.28543758392333984,0,0.35000000000000003
0,5.661529576173052e-05,0,0.35000000000000003
0,0.00012837673421017826,0,0.35000000000000003
0,1.6770705769886263e-05,0,0.35000000000000003
0,2.3439128199242987e-05,0,0.35000000000000003
0,2.0170567950117402e-05,0,0.35000000000000003
0,1.724209141684696e-05,0,0.35000000000000003
0,2.3874645194155164e-05,0,0.35000000000000003
0,2.4321803721250035e-05,0,0.35000000000000003
0,2.540639070502948e-05,0,0.35000000000000003
0,2.8047297746525146e-05,0,0.35000000000000003
0,2.2127651391201653e-05,0,0.35000000000000003
0,2.0905121346004307e-05,0,0.35000000000000003
0,2.103894075844437e-05,0,0.35000000000000003
0,2.4373000997002237e-05,0,0.35000000000000003
0,0.15424667298793793,0,0.35000000000000003
0,0.9999995231628418,1,0.35000000000000003
0,2.3482198230340146e-05,0,0.35000000000000003
1,0.9999995231628418,1,0.35000000000000003
0,1.7187507182825357e-05,0,0.35000000000000003
0,2.973781738546677e-05,0,0.35000000000000003
0,3.3392683690181e-05,0,0.35000000000000003
0,1.76774356077658e-05,0,0.35000000000000003
1,0.9999865293502808,1,0.35000000000000003
0,5.983015944366343e-05,0,0.35000000000000003
0,1.9032839190913364e-05,0,0.35000000000000003
0,1.9306320609757677e-05,0,0.35000000000000003
0,2.234646126453299e-05,0,0.35000000000000003
1,0.9999996423721313,1,0.35000000000000003
0,2.8773913072654977e-05,0,0.35000000000000003
0,2.3732925910735503e-05,0,0.35000000000000003
0,1.8701564840739593e-05,0,0.35000000000000003
0,2.09768331842497e-05,0,0.35000000000000003
0,1.917168810905423e-05,0,0.35000000000000003
1,0.9999995231628418,1,0.35000000000000003
0,3.9055346860550344e-05,0,0.35000000000000003
0,1.7901727915159427e-05,0,0.35000000000000003
0,2.3467622668249533e-05,0,0.35000000000000003
0,2.0470113668125123e-05,0,0.35000000000000003
0,2.1920604922343045e-05,0,0.35000000000000003
0,3.021636075573042e-05,0,0.35000000000000003
0,1.9166369384038262e-05,0,0.35000000000000003
0,2.6634630557964556e-05,0,0.35000000000000003
0,2.6337895178585313e-05,0,0.35000000000000003
1,0.9999995231628418,1,0.35000000000000003
0,1.79128455783939e-05,0,0.35000000000000003
0,1.7321000996162184e-05,0,0.35000000000000003
0,3.33267635141965e-05,0,0.35000000000000003
0,0.951607346534729,1,0.35000000000000003
0,0.9824458360671997,1,0.35000000000000003
0,2.1610419935313985e-05,0,0.35000000000000003
1,0.9999995231628418,1,0.35000000000000003
0,2.1192403437453322e-05,0,0.35000000000000003
0,2.245733776362613e-05,0,0.35000000000000003
0,1.9610381059465e-05,0,0.35000000000000003
0,1.695265200396534e-05,0,0.35000000000000003
0,2.099180346704088e-05,0,0.35000000000000003
0,2.2073192667448893e-05,0,0.35000000000000003
0,0.9893980026245117,1,0.35000000000000003
0,2.1757694412372075e-05,0,0.35000000000000003
0,5.79602419747971e-05,0,0.35000000000000003
0,2.041743755398784e-05,0,0.35000000000000003
0,1.8897373593063094e-05,0,0.35000000000000003
0,0.9999995231628418,1,0.35000000000000003
0,1.72050731634954e-05,0,0.35000000000000003
0,1.714440259092953e-05,0,0.35000000000000003
0,2.418990698060952e-05,0,0.35000000000000003
0,5.188117211218923e-05,0,0.35000000000000003
0,0.9999997615814209,1,0.35000000000000003
0,1.6455576769658364e-05,0,0.35000000000000003
0,1.9132055967929773e-05,0,0.35000000000000003
0,1.6818739823065698e-05,0,0.35000000000000003
0,3.3946289477171376e-05,0,0.35000000000000003
0,2.3510945538873784e-05,0,0.35000000000000003
0,1.752901698637288e-05,0,0.35000000000000003
0,2.068213689199183e-05,0,0.35000000000000003
0,1.8219217963633128e-05,0,0.35000000000000003
0,1.9079181583947502e-05,0,0.35000000000000003
0,2.359884456382133e-05,0,0.35000000000000003
0,0.0008621730376034975,0,0.35000000000000003
0,1.8194701624452136e-05,0,0.35000000000000003
0,1.954977233253885e-05,0,0.35000000000000003
0,2.0696083083748817e-05,0,0.35000000000000003
0,2.0884277546429075e-05,0,0.35000000000000003
0,1.7451740859542042e-05,0,0.35000000000000003
0,2.1662292056134902e-05,0,0.35000000000000003
0,3.4741402487270534e-05,0,0.35000000000000003
1,0.9999995231628418,1,0.35000000000000003
0,2.6262248866260052e-05,0,0.35000000000000003
0,2.8026095606037416e-05,0,0.35000000000000003
0,2.855495040421374e-05,0,0.35000000000000003
0,3.08423514070455e-05,0,0.35000000000000003
0,2.0292311091907322e-05,0,0.35000000000000003
0,2.4591437977505848e-05,0,0.35000000000000003
0,1.90299342648359e-05,0,0.35000000000000003
0,0.00010187269072048366,0,0.35000000000000003
0,0.9999994039535522,1,0.35000000000000003
1,0.9972489476203918,1,0.35000000000000003
0,2.1277275664033368e-05,0,0.35000000000000003
0,6.065956040401943e-05,0,0.35000000000000003
0,0.9999996423721313,1,0.35000000000000003
0,2.6908952349913307e-05,0,0.35000000000000003
1,0.9999996423721313,1,0.35000000000000003
0,2.3072114345268346e-05,0,0.35000000000000003
0,1.895495006465353e-05,0,0.35000000000000003
0,4.2561332520563155e-05,0,0.35000000000000003
0,1.6748186681070365e-05,0,0.35000000000000003
0,2.260391556774266e-05,0,0.35000000000000003
0,2.1680705685866997e-05,0,0.35000000000000003
1,0.9999997615814209,1,0.35000000000000003
0,1.8858598195947707e-05,0,0.35000000000000003
0,3.342820855323225e-05,0,0.35000000000000003
0,1.6842011973494664e-05,0,0.35000000000000003
1,0.9999996423721313,1,0.35000000000000003
0,2.7047910407418385e-05,0,0.35000000000000003
0,2.0039306036778726e-05,0,0.35000000000000003
0,2.2322008589981124e-05,0,0.35000000000000003
0,2.321110514458269e-05,0,0.35000000000000003
0,1.63626409630524e-05,0,0.35000000000000003
0,0.17007315158843994,0,0.35000000000000003
0,2.4965971533674747e-05,0,0.35000000000000003
0,2.0339621187304147e-05,0,0.35000000000000003
0,0.8780995607376099,1,0.35000000000000003
0,0.12306082248687744,0,0.35000000000000003
0,1.582344702910632e-05,0,0.35000000000000003
0,0.9231292009353638,1,0.35000000000000003
0,0.15289060771465302,0,0.35000000000000003
0,0.9790418744087219,1,0.35000000000000003
0,0.9999996423721313,1,0.35000000000000003
0,1.9044602595386095e-05,0,0.35000000000000003
0,1.7243341062567197e-05,0,0.35000000000000003
0,2.4873548682080582e-05,0,0.35000000000000003
0,1.8937280401587486e-05,0,0.35000000000000003
0,2.891554504458327e-05,0,0.35000000000000003
0,0.9999996423721313,1,0.35000000000000003
0,2.897215927077923e-05,0,0.35000000000000003
0,1.976331986952573e-05,0,0.35000000000000003
0,1.9991166482213885e-05,0,0.35000000000000003
0,2.2719515982316807e-05,0,0.35000000000000003
0,2.228342418675311e-05,0,0.35000000000000003
0,2.4348257284145802e-05,0,0.35000000000000003
0,2.4111348466249183e-05,0,0.35000000000000003
0,2.2199559680302627e-05,0,0.35000000000000003
0,1.6136042177095078e-05,0,0.35000000000000003
0,2.3599790438311175e-05,0,0.35000000000000003
0,1.6857213267940097e-05,0,0.35000000000000003
0,1.768449874361977e-05,0,0.35000000000000003
0,2.1164672943996266e-05,0,0.35000000000000003
0,2.4497878257534467e-05,0,0.35000000000000003
1,0.9999996423721313,1,0.35000000000000003
0,1.9122006051475182e-05,0,0.35000000000000003
0,2.1478434064192697e-05,0,0.35000000000000003
0,1.7434358596801758e-05,0,0.35000000000000003
0,4.0228704165201634e-05,0,0.35000000000000003
0,0.9999889135360718,1,0.35000000000000003
1,0.9999995231628418,1,0.35000000000000003
0,1.7383621525368653e-05,0,0.35000000000000003
0,0.00010462874342920259,0,0.35000000000000003
1,0.9999995231628418,1,0.35000000000000003
0,3.210976501577534e-05,0,0.35000000000000003
0,2.3306638468056917e-05,0,0.35000000000000003
1,0.9999997615814209,1,0.35000000000000003
0,1.8104972696164623e-05,0,0.35000000000000003
0,0.99065101146698,1,0.35000000000000003
0,1.8697641280596144e-05,0,0.35000000000000003
0,1.7958085663849488e-05,0,0.35000000000000003
0,3.8577389204874635e-05,0,0.35000000000000003
0,2.1627098249155097e-05,0,0.35000000000000003
0,0.576834499835968,1,0.35000000000000003
0,2.6990655896952376e-05,0,0.35000000000000003
0,0.999998927116394,1,0.35000000000000003
0,1.7426595150027424e-05,0,0.35000000000000003
0,3.177387043251656e-05,0,0.35000000000000003
0,1.8184762666351162e-05,0,0.35000000000000003
0,2.1332416508812457e-05,0,0.35000000000000003
0,2.394014700257685e-05,0,0.35000000000000003
0,2.6266407076036558e-05,0,0.35000000000000003
1,0.9999995231628418,1,0.35000000000000003
1,0.9999805688858032,1,0.35000000000000003
0,0.02174089290201664,0,0.35000000000000003
0,4.10744032706134e-05,0,0.35000000000000003
0,5.5404118029400706e-05,0,0.35000000000000003
0,1.900334973470308e-05,0,0.35000000000000003
0,2.3900976884760894e-05,0,0.35000000000000003
0,2.2053562133805826e-05,0,0.35000000000000003
0,0.0006064510671421885,0,0.35000000000000003
0,2.7310003133607097e-05,0,0.35000000000000003
0,3.6492525396170095e-05,0,0.35000000000000003
0,1.6915801097638905e-05,0,0.35000000000000003
0,2.3213540771394037e-05,0,0.35000000000000003
0,1.7075286450563e-05,0,0.35000000000000003
0,4.8719506594352424e-05,0,0.35000000000000003
1,0.9999995231628418,1,0.35000000000000003
0,1.7142898286692798e-05,0,0.35000000000000003
0,1.996978789975401e-05,0,0.35000000000000003
0,2.9631119105033576e-05,0,0.35000000000000003
0,1.882653850771021e-05,0,0.35000000000000003
0,1.7092033886001445e-05,0,0.35000000000000003
0,1.7197018678416498e-05,0,0.35000000000000003
1,0.9999997615814209,1,0.35000000000000003
0,2.5288019969593734e-05,0,0.35000000000000003
0,2.4674691303516738e-05,0,0.35000000000000003
0,2.111244248226285e-05,0,0.35000000000000003
0,2.363632302149199e-05,0,0.35000000000000003
0,2.0070157916052267e-05,0,0.35000000000000003
0,1.8319187802262604e-05,0,0.35000000000000003
1,0.9999995231628418,1,0.35000000000000003
0,0.03411798179149628,0,0.35000000000000003
0,2.63190104305977e-05,0,0.35000000000000003
0,2.156080699933227e-05,0,0.35000000000000003
0,2.0163606677670032e-05,0,0.35000000000000003
0,0.4777258038520813,1,0.35000000000000003
0,2.659084930201061e-05,0,0.35000000000000003
0,2.1505118638742715e-05,0,0.35000000000000003
0,4.239059489918873e-05,0,0.35000000000000003
0,1.9045530279981904e-05,0,0.35000000000000003
0,0.9980487823486328,1,0.35000000000000003
1,0.9999995231628418,1,0.35000000000000003
0,1.9511588106979616e-05,0,0.35000000000000003
0,2.2485064619104378e-05,0,0.35000000000000003
0,2.1657086108461954e-05,0,0.35000000000000003
0,0.9999995231628418,1,0.35000000000000003
0,2.324453271285165e-05,0,0.35000000000000003
0,0.9999996423721313,1,0.35000000000000003
0,0.9999994039535522,1,0.35000000000000003
0,2.486875564500224e-05,0,0.35000000000000003
0,1.8359169189352542e-05,0,0.35000000000000003
0,1.8140195606974885e-05,0,0.35000000000000003
0,0.00035775284050032496,0,0.35000000000000003
0,2.435854730720166e-05,0,0.35000000000000003
1,0.9999995231628418,1,0.35000000000000003
0,2.8244767236174084e-05,0,0.35000000000000003
0,3.918225775123574e-05,0,0.35000000000000003
1,0.9999996423721313,1,0.35000000000000003
0,1.760578015819192e-05,0,0.35000000000000003
0,2.4599812604719773e-05,0,0.35000000000000003
0,1.9182187315891497e-05,0,0.35000000000000003
0,7.841381011530757e-05,0,0.35000000000000003
0,1.6716689060558565e-05,0,0.35000000000000003
0,1.792378316167742e-05,0,0.35000000000000003
0,0.0003661091614048928,0,0.35000000000000003
0,1.7926500731846318e-05,0,0.35000000000000003
0,3.5710047086467966e-05,0,0.35000000000000003
0,2.517456960049458e-05,0,0.35000000000000003
1,0.9999994039535522,1,0.35000000000000003
1,0.9999997615814209,1,0.35000000000000003
0,1.8146183720091358e-05,0,0.35000000000000003
0,1.585164682182949e-05,0,0.35000000000000003
0,1.723130844766274e-05,0,0.35000000000000003
0,2.2645861463388428e-05,0,0.35000000000000003
0,2.5417490178369917e-05,0,0.35000000000000003
0,2.4454022423014976e-05,0,0.35000000000000003
0,1.670451274549123e-05,0,0.35000000000000003
0,1.646862438065e-05,0,0.35000000000000003
0,1.710634933260735e-05,0,0.35000000000000003
0,2.237268563476391e-05,0,0.35000000000000003
0,6.53808529023081e-05,0,0.35000000000000003
0,0.9999995231628418,1,0.35000000000000003
0,1.6773856259533204e-05,0,0.35000000000000003
0,1.9982398953288794e-05,0,0.35000000000000003
0,2.1295054466463625e-05,0,0.35000000000000003
0,2.4016409952309914e-05,0,0.35000000000000003
0,2.3830107238609344e-05,0,0.35000000000000003
0,2.0056553694303147e-05,0,0.35000000000000003
0,4.550796438707039e-05,0,0.35000000000000003
0,1.7748467143974267e-05,0,0.35000000000000003
0,1.7619771824683994e-05,0,0.35000000000000003
0,2.6646061087376438e-05,0,0.35000000000000003
0,1.9490611521177925e-05,0,0.35000000000000003
0,1.8098828149959445e-05,0,0.35000000000000003
0,2.249053432024084e-05,0,0.35000000000000003
0,2.1985673811286688e-05,0,0.35000000000000003
0,2.3553335267934017e-05,0,0.35000000000000003
0,2.261139525217004e-05,0,0.35000000000000003
0,1.751531453919597e-05,0,0.35000000000000003
0,2.2300391719909385e-05,0,0.35000000000000003
0,2.632799805724062e-05,0,0.35000000000000003
1,0.9999996423721313,1,0.35000000000000003
0,2.2646161596640013e-05,0,0.35000000000000003
0,1.722260276437737e-05,0,0.35000000000000003
0,2.2128580894786865e-05,0,0.35000000000000003
0,2.5602623281884007e-05,0,0.35000000000000003
0,2.7222897188039497e-05,0,0.35000000000000003
0,0.9999995231628418,1,0.35000000000000003
0,2.1747408027295023e-05,0,0.35000000000000003
0,1.7790187484933995e-05,0,0.35000000000000003
0,3.84451741410885e-05,0,0.35000000000000003
0,2.0654344552895054e-05,0,0.35000000000000003
0,0.9999995231628418,1,0.35000000000000003
0,3.321266922284849e-05,0,0.35000000000000003
0,2.167830643884372e-05,0,0.35000000000000003
0,2.6689142032410018e-05,0,0.35000000000000003
0,1.8908407582785003e-05,0,0.35000000000000003
0,4.0700557292439044e-05,0,0.35000000000000003
0,2.0998992113163695e-05,0,0.35000000000000003
0,1.8158751117880456e-05,0,0.35000000000000003
0,4.1313247493235394e-05,0,0.35000000000000003
0,2.514596599212382e-05,0,0.35000000000000003
0,0.9999997615814209,1,0.35000000000000003
0,2.0973713617422618e-05,0,0.35000000000000003
0,3.498133082757704e-05,0,0.35000000000000003
0,2.6090850951732136e-05,0,0.35000000000000003
0,2.0910025341436267e-05,0,0.35000000000000003
0,1.9288580006104894e-05,0,0.35000000000000003
0,1.708971831249073e-05,0,0.35000000000000003
0,4.204127617413178e-05,0,0.35000000000000003
0,2.2930194973014295e-05,0,0.35000000000000003
0,2.2728940166416578e-05,0,0.35000000000000003
0,3.8361456972779706e-05,0,0.35000000000000003
0,2.507628232706338e-05,0,0.35000000000000003
0,2.2212541807675734e-05,0,0.35000000000000003
0,2.1576070139417425e-05,0,0.35000000000000003
0,3.738229497685097e-05,0,0.35000000000000003
0,0.04466796666383743,0,0.35000000000000003
0,2.145356120308861e-05,0,0.35000000000000003
0,0.0004929775022901595,0,0.35000000000000003
0,0.9958480596542358,1,0.35000000000000003
0,0.057936299592256546,0,0.35000000000000003
0,3.271009336458519e-05,0,0.35000000000000003
0,3.3049582270905375e-05,0,0.35000000000000003
1,0.9999996423721313,1,0.35000000000000003
0,2.074156691378448e-05,0,0.35000000000000003
1,0.9999994039535522,1,0.35000000000000003
0,3.3604319469304755e-05,0,0.35000000000000003
0,2.5942135835066438e-05,0,0.35000000000000003
0,2.1012292563682422e-05,0,0.35000000000000003
0,1.9000197426066734e-05,0,0.35000000000000003
0,2.0571957065840252e-05,0,0.35000000000000003
0,3.766962618101388e-05,0,0.35000000000000003
0,2.6557676392258145e-05,0,0.35000000000000003
0,2.0293722627684474e-05,0,0.35000000000000003
0,2.3801805582479574e-05,0,0.35000000000000003
0,2.6111112674698234e-05,0,0.35000000000000003
0,3.413089143577963e-05,0,0.35000000000000003
0,0.9999995231628418,1,0.35000000000000003
0,2.6160267225350253e-05,0,0.35000000000000003
0,1.9157634596922435e-05,0,0.35000000000000003
0,4.5359960495261475e-05,0,0.35000000000000003
0,1.863938814494759e-05,0,0.35000000000000003
0,1.7062035112758167e-05,0,0.35000000000000003
0,3.0153778425301425e-05,0,0.35000000000000003
0,0.10244756937026978,0,0.35000000000000003
0,2.0397896150825545e-05,0,0.35000000000000003
0,2.0479625163716264e-05,0,0.35000000000000003
0,3.454785837675445e-05,0,0.35000000000000003
0,0.9999995231628418,1,0.35000000000000003
0,1.7447895515942946e-05,0,0.35000000000000003
0,0.0009570897091180086,0,0.35000000000000003
0,1.9057395547861233e-05,0,0.35000000000000003
0,1.9699680706253275e-05,0,0.35000000000000003
0,2.3907405193313025e-05,0,0.35000000000000003
0,2.2303091100184247e-05,0,0.35000000000000003
0,2.3102938939700834e-05,0,0.35000000000000003
0,2.2580927179660648e-05,0,0.35000000000000003
0,0.9999996423721313,1,0.35000000000000003
0,1.7428190403734334e-05,0,0.35000000000000003
0,2.019697603827808e-05,0,0.35000000000000003
0,2.184356162615586e-05,0,0.35000000000000003
0,2.1831709091202356e-05,0,0.35000000000000003
0,2.035930083366111e-05,0,0.35000000000000003
0,1.7212094462593086e-05,0,0.35000000000000003
0,0.9998480081558228,1,0.35000000000000003
0,1.915715984068811e-05,0,0.35000000000000003
0,2.9035387342446484e-05,0,0.35000000000000003
0,1.9267585230409168e-05,0,0.35000000000000003
0,2.19532594201155e-05,0,0.35000000000000003
0,2.0650641090469435e-05,0,0.35000000000000003
0,2.4009219487197697e-05,0,0.35000000000000003
0,0.8064568042755127,1,0.35000000000000003
0,0.002046622335910797,0,0.35000000000000003
0,2.6043348043458536e-05,0,0.35000000000000003
0,2.1420542907435447e-05,0,0.35000000000000003
1,0.9999995231628418,1,0.35000000000000003
0,2.2399352019419894e-05,0,0.35000000000000003
0,0.0008278783061541617,0,0.35000000000000003
0,1.8093287508236244e-05,0,0.35000000000000003
0,0.0006900323205627501,0,0.35000000000000003
1,0.9999995231628418,1,0.35000000000000003
0,6.907893111929297e-05,0,0.35000000000000003
0,0.9999997615814209,1,0.35000000000000003
0,0.9999996423721313,1,0.35000000000000003
1,0.9999996423721313,1,0.35000000000000003
0,2.1225088858045638e-05,0,0.35000000000000003
0,0.0056887404061853886,0,0.35000000000000003
0,2.1648269466822967e-05,0,0.35000000000000003
0,1.919415262818802e-05,0,0.35000000000000003
0,1.6566207705182023e-05,0,0.35000000000000003
0,1.9797804270638153e-05,0,0.35000000000000003
0,0.9999996423721313,1,0.35000000000000003
0,2.432115434203297e-05,0,0.35000000000000003
0,2.0246303392923437e-05,0,0.35000000000000003
0,1.9223811250412837e-05,0,0.35000000000000003
0,1.7841190128820017e-05,0,0.35000000000000003
0,1.857089955592528e-05,0,0.35000000000000003
0,2.057701931335032e-05,0,0.35000000000000003
0,4.4579224777407944e-05,0,0.35000000000000003
0,2.2769250790588558e-05,0,0.35000000000000003
1,0.9999996423721313,1,0.35000000000000003
0,1.8750817616819404e-05,0,0.35000000000000003
0,1.943363167811185e-05,0,0.35000000000000003
0,3.386328899068758e-05,0,0.35000000000000003
0,2.743959157669451e-05,0,0.35000000000000003
0,2.4840956029947847e-05,0,0.35000000000000003
0,1.7360476704197936e-05,0,0.35000000000000003
0,1.991549288504757e-05,0,0.35000000000000003
0,1.8932514649350196e-05,0,0.35000000000000003
0,1.9709341358975507e-05,0,0.35000000000000003
0,0.0005720221670344472,0,0.35000000000000003
0,2.2603224351769313e-05,0,0.35000000000000003
1,0.9999995231628418,1,0.35000000000000003
0,2.304851841472555e-05,0,0.35000000000000003
0,2.2211608666111715e-05,0,0.35000000000000003
0,3.2784453651402146e-05,0,0.35000000000000003
1,0.9999994039535522,1,0.35000000000000003
0,0.9999995231628418,1,0.35000000000000003
0,1.8903971067629755e-05,0,0.35000000000000003
0,2.42784899455728e-05,0,0.35000000000000003
0,3.0117740607238375e-05,0,0.35000000000000003
0,0.9999995231628418,1,0.35000000000000003
0,1.6768530258559622e-05,0,0.35000000000000003
0,1.8480410290067084e-05,0,0.35000000000000003
0,2.739245246630162e-05,0,0.35000000000000003
0,2.2143633032101206e-05,0,0.35000000000000003
0,4.018269100924954e-05,0,0.35000000000000003
0,1.802410770324059e-05,0,0.35000000000000003
0,1.7421392840333283e-05,0,0.35000000000000003
0,2.0941872207913548e-05,0,0.35000000000000003
0,2.1176199879846536e-05,0,0.35000000000000003
0,0.9999791383743286,1,0.35000000000000003
0,1.8092441678163595e-05,0,0.35000000000000003
1,0.11332321912050247,0,0.35000000000000003
0,0.9999995231628418,1,0.35000000000000003
0,2.070149093924556e-05,0,0.35000000000000003
0,2.7776857677963562e-05,0,0.35000000000000003
0,1.8397691746940836e-05,0,0.35000000000000003
0,1.8776943761622533e-05,0,0.35000000000000003
0,3.68993278243579e-05,0,0.35000000000000003
0,1.5649247870896943e-05,0,0.35000000000000003
1,0.9999995231628418,1,0.35000000000000003
0,0.9999996423721313,1,0.35000000000000003
0,1.6721232896088623e-05,0,0.35000000000000003
0,2.0820203644689173e-05,0,0.35000000000000003
0,5.294561924529262e-05,0,0.35000000000000003
0,2.1046746041974984e-05,0,0.35000000000000003
0,1.9764449461945333e-05,0,0.35000000000000003
0,0.9999995231628418,1,0.35000000000000003
0,1.8075246771331877e-05,0,0.35000000000000003
0,2.973900700453669e-05,0,0.35000000000000003
0,3.954985731979832e-05,0,0.35000000000000003
0,2.7349620722816326e-05,0,0.35000000000000003
0,1.7787981050787494e-05,0,0.35000000000000003
0,1.827145206334535e-05,0,0.35000000000000003
0,2.0489373127929866e-05,0,0.35000000000000003
1,0.9999996423721313,1,0.35000000000000003
1,0.9999995231628418,1,0.35000000000000003
0,1.9593782781157643e-05,0,0.35000000000000003
0,1.820112083805725e-05,0,0.35000000000000003
0,0.9999996423721313,1,0.35000000000000003
0,0.9999995231628418,1,0.35000000000000003
0,0.9999995231628418,1,0.35000000000000003
0,0.0001200043479911983,0,0.35000000000000003
0,2.264652903249953e-05,0,0.35000000000000003
0,2.578622843429912e-05,0,0.35000000000000003
0,2.1099400328239426e-05,0,0.35000000000000003
0,0.9999995231628418,1,0.35000000000000003
0,0.9999995231628418,1,0.35000000000000003
0,0.9999996423721313,1,0.35000000000000003
0,2.0610052160918713e-05,0,0.35000000000000003
0,2.014342499023769e-05,0,0.35000000000000003
0,1.8513856048230082e-05,0,0.35000000000000003
0,2.579505780886393e-05,0,0.35000000000000003
0,2.5697629098431207e-05,0,0.35000000000000003
0,2.238527849840466e-05,0,0.35000000000000003
0,1.715835605864413e-05,0,0.35000000000000003
0,1.9755780158448033e-05,0,0.35000000000000003
0,2.0012303139083087e-05,0,0.35000000000000003
0,2.3748572857584804e-05,0,0.35000000000000003
1,0.9999995231628418,1,0.35000000000000003
0,2.2494137738249265e-05,0,0.35000000000000003
0,2.289073745487258e-05,0,0.35000000000000003
0,1.8236914911540225e-05,0,0.35000000000000003
0,1.9933810108341277e-05,0,0.35000000000000003
0,2.4735029001021758e-05,0,0.35000000000000003
0,0.0001646391610847786,0,0.35000000000000003
0,1.9278650142950937e-05,0,0.35000000000000003
0,2.5649374947533943e-05,0,0.35000000000000003
0,1.939969115483109e-05,0,0.35000000000000003
0,2.613355900393799e-05,0,0.35000000000000003
0,2.104277336911764e-05,0,0.35000000000000003
1,0.9999995231628418,1,0.35000000000000003
0,9.559742466080934e-05,0,0.35000000000000003
1,0.9999996423721313,1,0.35000000000000003
0,1.8840493794414215e-05,0,0.35000000000000003
0,2.786946060950868e-05,0,0.35000000000000003
1,0.9999996423721313,1,0.35000000000000003
0,1.9527560652932152e-05,0,0.35000000000000003
0,2.886099900933914e-05,0,0.35000000000000003
0,2.2059788534534164e-05,0,0.35000000000000003
0,1.82051480805967e-05,0,0.35000000000000003
0,2.0520112229860388e-05,0,0.35000000000000003
0,2.0466093701543286e-05,0,0.35000000000000003
0,2.4969853257061914e-05,0,0.35000000000000003
0,0.0005867214640602469,0,0.35000000000000003
0,2.1234522137092426e-05,0,0.35000000000000003
0,0.997514009475708,1,0.35000000000000003
0,2.5771625587367453e-05,0,0.35000000000000003
0,0.9999997615814209,1,0.35000000000000003
0,3.497732541291043e-05,0,0.35000000000000003
0,3.71414098481182e-05,0,0.35000000000000003
0,2.732167558860965e-05,0,0.35000000000000003
0,0.9999995231628418,1,0.35000000000000003
0,2.889038296416402e-05,0,0.35000000000000003
0,2.3273169063031673e-05,0,0.35000000000000003
0,0.010351593606173992,0,0.35000000000000003
0,1.9109846107312478e-05,0,0.35000000000000003
0,2.6796047677635215e-05,0,0.35000000000000003
1,0.9999996423721313,1,0.35000000000000003
0,1.7665151972323656e-05,0,0.35000000000000003
0,3.078237932641059e-05,0,0.35000000000000003
0,1.8916307453764603e-05,0,0.35000000000000003
0,1.8860828276956454e-05,0,0.35000000000000003
0,2.0339311959105544e-05,0,0.35000000000000003
0,2.351733564864844e-05,0,0.35000000000000003
0,1.7498336092103273e-05,0,0.35000000000000003
0,1.7030983144650236e-05,0,0.35000000000000003
0,0.12111999094486237,0,0.35000000000000003
0,1.8744594854069874e-05,0,0.35000000000000003
0,1.786550274118781e-05,0,0.35000000000000003
0,0.9999996423721313,1,0.35000000000000003
0,2.4949809812824242e-05,0,0.35000000000000003
0,0.9999910593032837,1,0.35000000000000003
0,1.8035216271528043e-05,0,0.35000000000000003
1,0.9999995231628418,1,0.35000000000000003
0,3.0108836654108018e-05,0,0.35000000000000003
0,2.099558878398966e-05,0,0.35000000000000003
0,4.5427059376379475e-05,0,0.35000000000000003
0,2.001543361984659e-05,0,0.35000000000000003
0,1.9444625650066882e-05,0,0.35000000000000003
0,0.03517996519804001,0,0.35000000000000003
1,0.9999995231628418,1,0.35000000000000003
0,1.78838108695345e-05,0,0.35000000000000003
0,2.9195318347774446e-05,0,0.35000000000000003
0,0.000581828411668539,0,0.35000000000000003
0,2.1843185095349327e-05,0,0.35000000000000003
0,1.78362570295576e-05,0,0.35000000000000003
0,1.9214556232327595e-05,0,0.35000000000000003
0,1.899215203593485e-05,0,0.35000000000000003
0,1.637227069295477e-05,0,0.35000000000000003
0,0.9999997615814209,1,0.35000000000000003
0,1.7698148440103978e-05,0,0.35000000000000003
0,2.0191795556456782e-05,0,0.35000000000000003
0,1.7991065760725178e-05,0,0.35000000000000003
0,2.0176474208710715e-05,0,0.35000000000000003
0,2.9021188311162405e-05,0,0.35000000000000003
0,3.5909793950850144e-05,0,0.35000000000000003
1,0.9999995231628418,1,0.35000000000000003
0,2.2227523004403338e-05,0,0.35000000000000003
0,4.028213515994139e-05,0,0.35000000000000003
0,0.7243509888648987,1,0.35000000000000003
0,0.49491214752197266,1,0.35000000000000003
0,3.316336733405478e-05,0,0.35000000000000003
0,0.577327311038971,1,0.35000000000000003
0,0.9999995231628418,1,0.35000000000000003
0,1.995421916944906e-05,0,0.35000000000000003
0,2.4110266167554073e-05,0,0.35000000000000003
0,2.8712236598948948e-05,0,0.35000000000000003
0,2.0494471755228005e-05,0,0.35000000000000003
0,1.8129265299648978e-05,0,0.35000000000000003
0,5.287502790451981e-05,0,0.35000000000000003
0,2.382183629379142e-05,0,0.35000000000000003
0,2.318546648893971e-05,0,0.35000000000000003
0,2.247036354674492e-05,0,0.35000000000000003
0,1.8595817891764455e-05,0,0.35000000000000003
0,0.9999997615814209,1,0.35000000000000003
0,3.5375509469304234e-05,0,0.35000000000000003
0,2.0777541067218408e-05,0,0.35000000000000003
1,0.9999996423721313,1,0.35000000000000003
0,2.0303943529142998e-05,0,0.35000000000000003
0,2.0600187781383283e-05,0,0.35000000000000003
0,2.3847314878366888e-05,0,0.35000000000000003
0,2.1125091734575108e-05,0,0.35000000000000003
0,1.878668444987852e-05,0,0.35000000000000003
0,1.8766721041174605e-05,0,0.35000000000000003
0,0.35069534182548523,1,0.35000000000000003
0,1.7464542906964198e-05,0,0.35000000000000003
