label,probability,prediction,threshold
0,0.9176926016807556,0,0.9500000000000001
0,0.9825639128684998,1,0.9500000000000001
0,1.7604070308152586e-06,0,0.9500000000000001
0,2.2708593405695865e-06,0,0.9500000000000001
0,0.0001978222862817347,0,0.9500000000000001
0,1.7027600733854342e-06,0,0.9500000000000001
0,0.9991519451141357,1,0.9500000000000001
0,1.5360492398031056e-06,0,0.9500000000000001
0,1.624475089556654e-06,0,0.9500000000000001
0,2.333943484700285e-06,0,0.9500000000000001
0,8.08320110081695e-05,0,0.9500000000000001
0,0.8740047812461853,0,0.9500000000000001
0,0.9926447868347168,1,0.9500000000000001
0,1.5758685094624525e-06,0,0.9500000000000001
0,0.028240922838449478,0,0.9500000000000001
0,0.12993374466896057,0,0.9500000000000001
0,0.3921199440956116,0,0.9500000000000001
0,0.01526317186653614,0,0.9500000000000001
0,4.915659701509867e-06,0,0.9500000000000001
0,1.6158303424163023e-06,0,0.9500000000000001
0,0.007367010693997145,0,0.9500000000000001
0,0.9999054670333862,1,0.9500000000000001
0,2.51524716077256e-06,0,0.9500000000000001
0,1.2862872154073557e-06,0,0.9500000000000001
0,0.9653301239013672,1,0.9500000000000001
0,0.14466218650341034,0,0.9500000000000001
0,0.9201613664627075,0,0.9500000000000001
0,1.7520076653454453e-05,0,0.9500000000000001
0,1.9105279989162227e-06,0,0.9500000000000001
0,1.4894944797561038e-06,0,0.9500000000000001
0,4.314259513193974e-06,0,0.9500000000000001
0,1.4447557532548672e-06,0,0.9500000000000001
0,2.0471011339395773e-06,0,0.9500000000000001
1,0.6131919622421265,0,0.9500000000000001
0,0.9999995231628418,1,0.9500000000000001
1,0.9999996423721313,1,0.9500000000000001
0,1.6576150301261805e-06,0,0.9500000000000001
0,1.482038555877807e-06,0,0.9500000000000001
0,0.0001250350323971361,0,0.9500000000000001
0,0.0007052674773149192,0,0.9500000000000001
0,1.9095737116003875e-06,0,0.9500000000000001
0,1.4068010614209925e-06,0,0.9500000000000001
0,0.0017149655614048243,0,0.9500000000000001
0,1.3508241636372986e-06,0,0.9500000000000001
0,9.244686225429177e-05,0,0.9500000000000001
0,0.0015018677804619074,0,0.9500000000000001
0,1.5695181900809985e-06,0,0.9500000000000001
0,1.4243739769881358e-06,0,0.9500000000000001
0,1.4268239283410367e-06,0,0.9500000000000001
0,0.9983622431755066,1,0.9500000000000001
0,0.9999890327453613,1,0.9500000000000001
0,0.4946751594543457,0,0.9500000000000001
0,1.3600069905805867e-06,0,0.9500000000000001
1,0.8604544997215271,0,0.9500000000000001
0,0.040964338928461075,0,0.9500000000000001
0,1.7180243503389647e-06,0,0.9500000000000001
0,0.002143310382962227,0,0.9500000000000001
1,0.9759160876274109,1,0.9500000000000001
0,1.6361109373974614e-06,0,0.9500000000000001
0,1.7238736518265796e-06,0,0.9500000000000001
0,0.47059178352355957,0,0.9500000000000001
1,0.9999732971191406,1,0.9500000000000001
0,1.7906568245962262e-06,0,0.9500000000000001
0,2.2105703010311117e-06,0,0.9500000000000001
0,1.6939828810791369e-06,0,0.9500000000000001
0,1.4065421964915004e-06,0,0.9500000000000001
0,1.3759948842562153e-06,0,0.9500000000000001
0,0.7922189235687256,0,0.9500000000000001
0,1.6128389006553334e-06,0,0.9500000000000001
0,1.4426190091398894e-06,0,0.9500000000000001
0,0.0008155396790243685,0,0.9500000000000001
1,0.9989489912986755,1,0.9500000000000001
0,1.3417981108432286e-06,0,0.9500000000000001
0,1.5006498870206997e-06,0,0.9500000000000001
0,0.0002692967827897519,0,0.9500000000000001
0,0.9999856948852539,1,0.9500000000000001
0,1.9052042716793949e-06,0,0.9500000000000001
0,0.9997016787528992,1,0.9500000000000001
0,1.4963383137001074e-06,0,0.9500000000000001
0,1.4924149809303344e-06,0,0.9500000000000001
0,1.411279981766711e-06,0,0.9500000000000001
1,0.02539469115436077,0,0.9500000000000001
0,1.021141724777408e-05,0,0.9500000000000001
0,1.392580998071935e-06,0,0.9500000000000001
0,1.9267854440840892e-06,0,0.9500000000000001
1,0.9958666563034058,1,0.9500000000000001
0,1.4984447034294135e-06,0,0.9500000000000001
0,3.692883183248341e-05,0,0.9500000000000001
1,0.9972942471504211,1,0.9500000000000001
0,6.946293069631793e-06,0,0.9500000000000001
0,1.6670969671395142e-06,0,0.9500000000000001
0,1.3770700206805486e-06,0,0.9500000000000001
0,1.3234277957963059e-06,0,0.9500000000000001
0,0.07449693977832794,0,0.9500000000000001
0,1.5145615179790184e-06,0,0.9500000000000001
0,0.9845050573348999,1,0.9500000000000001
0,1.3673691228177631e-06,0,0.9500000000000001
0,2.353375066377339e-06,0,0.9500000000000001
0,2.4156995550583815e-06,0,0.9500000000000001
0,0.022473003715276718,0,0.9500000000000001
0,0.0006053110701031983,0,0.9500000000000001
0,0.8728653788566589,0,0.9500000000000001
0,0.9999957084655762,1,0.9500000000000001
0,1.3298218846102827e-06,0,0.9500000000000001
0,1.4478204093393288e-06,0,0.9500000000000001
0,0.9987775683403015,1,0.9500000000000001
1,0.9999984502792358,1,0.9500000000000001
0,1.3311249631442479e-06,0,0.9500000000000001
0,2.159096993636922e-06,0,0.9500000000000001
0,0.9994625449180603,1,0.9500000000000001
0,3.1289189337257994e-06,0,0.9500000000000001
1,0.9999980926513672,1,0.9500000000000001
0,0.0011383095989003778,0,0.9500000000000001
1,0.9999994039535522,1,0.9500000000000001
1,0.9999996423721313,1,0.9500000000000001
1,0.9999970197677612,1,0.9500000000000001
0,0.9999983310699463,1,0.9500000000000001
0,0.00013330606452655047,0,0.9500000000000001
0,1.491310854362382e-06,0,0.9500000000000001
0,0.00044437742326408625,0,0.9500000000000001
0,1.7555265685587074e-06,0,0.9500000000000001
0,0.004327076952904463,0,0.9500000000000001
0,0.0006523823831230402,0,0.9500000000000001
0,1.7037834822986042e-06,0,0.9500000000000001
0,1.4708278968100785e-06,0,0.9500000000000001
0,1.3958639328848221e-06,0,0.9500000000000001
0,0.9894949793815613,1,0.9500000000000001
0,1.565798470437585e-06,0,0.9500000000000001
0,0.0008545670425519347,0,0.9500000000000001
0,6.434151600842597e-06,0,0.9500000000000001
0,1.4770605503144907e-06,0,0.9500000000000001
0,0.9974581599235535,1,0.9500000000000001
1,0.043478820472955704,0,0.9500000000000001
0,5.426721691037528e-05,0,0.9500000000000001
0,0.9987680315971375,1,0.9500000000000001
0,0.9133692383766174,0,0.9500000000000001
0,0.9999890327453613,1,0.9500000000000001
0,1.4574500255548628e-06,0,0.9500000000000001
0,1.5301542362067266e-06,0,0.9500000000000001
0,1.6563491271881503e-06,0,0.9500000000000001
0,1.4646187764810747e-06,0,0.9500000000000001
0,1.4329972373161581e-06,0,0.9500000000000001
0,1.6209497744057444e-06,0,0.9500000000000001
0,1.4919936575097381e-06,0,0.9500000000000001
0,1.5393019339171587e-06,0,0.9500000000000001
1,0.9997021555900574,1,0.9500000000000001
0,1.4190211459208513e-06,0,0.9500000000000001
0,1.4004241393195116e-06,0,0.9500000000000001
0,0.003760219318792224,0,0.9500000000000001
0,1.5563508668492432e-06,0,0.9500000000000001
0,1.787360474736488e-06,0,0.9500000000000001
0,0.9994031190872192,1,0.9500000000000001
0,1.5171492577792378e-06,0,0.9500000000000001
0,1.7908581639858312e-06,0,0.9500000000000001
0,2.506554892534041e-06,0,0.9500000000000001
0,1.43349063819187e-06,0,0.9500000000000001
0,0.999971866607666,1,0.9500000000000001
0,1.4058126680538408e-06,0,0.9500000000000001
0,1.756657184159849e-05,0,0.9500000000000001
0,0.999599277973175,1,0.9500000000000001
1,0.9999995231628418,1,0.9500000000000001
0,1.4225440736481687e-06,0,0.9500000000000001
1,0.21920378506183624,0,0.9500000000000001
0,1.3588789897767128e-06,0,0.9500000000000001
0,5.084764779894613e-06,0,0.9500000000000001
0,0.001383666880428791,0,0.9500000000000001
0,1.4398109442481655e-06,0,0.9500000000000001
0,1.4048383718545665e-06,0,0.9500000000000001
0,1.659440272305801e-06,0,0.9500000000000001
0,1.597025288901932e-06,0,0.9500000000000001
0,1.4069071312405868e-06,0,0.9500000000000001
0,1.3716738749280921e-06,0,0.9500000000000001
0,1.4488564374914858e-06,0,0.9500000000000001
0,1.6327924186043674e-06,0,0.9500000000000001
0,1.615129235688073e-06,0,0.9500000000000001
0,9.068869985640049e-06,0,0.9500000000000001
0,0.00044372829142957926,0,0.9500000000000001
0,1.3812407360092038e-06,0,0.9500000000000001
0,1.4379049844137626e-06,0,0.9500000000000001
0,1.4483811128229718e-06,0,0.9500000000000001
0,0.012796999886631966,0,0.9500000000000001
0,1.4063142543818685e-06,0,0.9500000000000001
0,1.6049677924456773e-06,0,0.9500000000000001
1,0.9999988079071045,1,0.9500000000000001
1,0.8518033623695374,0,0.9500000000000001
0,1.3554594033848844e-06,0,0.9500000000000001
0,0.2001621276140213,0,0.9500000000000001
0,0.9645618200302124,1,0.9500000000000001
0,1.469131689191272e-06,0,0.9500000000000001
0,1.9144933958159527e-06,0,0.9500000000000001
0,2.6769173473439878e-06,0,0.9500000000000001
0,1.475883436796721e-06,0,0.9500000000000001
0,1.4065342384128598e-06,0,0.9500000000000001
0,0.9999192953109741,1,0.9500000000000001
0,0.0025644374545663595,0,0.9500000000000001
0,1.3212966223363765e-06,0,0.9500000000000001
0,1.8534221908339532e-06,0,0.9500000000000001
0,0.9990481734275818,1,0.9500000000000001
0,0.00037640187656506896,0,0.9500000000000001
0,0.0717615857720375,0,0.9500000000000001
0,0.14614588022232056,0,0.9500000000000001
0,0.0032896772027015686,0,0.9500000000000001
0,1.5961848021106562e-06,0,0.9500000000000001
0,4.489273578656139e-06,0,0.9500000000000001
0,2.536268311814638e-06,0,0.9500000000000001
0,0.9982662796974182,1,0.9500000000000001
0,1.325252810602251e-06,0,0.9500000000000001
0,9.47606167756021e-05,0,0.9500000000000001
0,0.1961195468902588,0,0.9500000000000001
0,0.0009400693234056234,0,0.9500000000000001
0,1.6446116433144198e-06,0,0.9500000000000001
0,0.9997472167015076,1,0.9500000000000001
0,1.5790517409186577e-06,0,0.9500000000000001
0,3.6553547033690847e-06,0,0.9500000000000001
0,2.2988331238593673e-06,0,0.9500000000000001
0,6.527468940475956e-05,0,0.9500000000000001
0,1.6443576669189497e-06,0,0.9500000000000001
0,1.88044361948414e-06,0,0.9500000000000001
1,0.9999995231628418,1,0.9500000000000001
0,0.0027735058683902025,0,0.9500000000000001
0,1.388247710565338e-06,0,0.9500000000000001
0,0.999998927116394,1,0.9500000000000001
0,1.4199416682458832e-06,0,0.9500000000000001
0,1.5333547480622656e-06,0,0.9500000000000001
0,0.0003050288651138544,0,0.9500000000000001
0,0.0005340866628102958,0,0.9500000000000001
1,0.9999885559082031,1,0.9500000000000001
0,0.008608953095972538,0,0.9500000000000001
0,0.006125465966761112,0,0.9500000000000001
0,1.398722247358819e-06,0,0.9500000000000001
0,0.9986950755119324,1,0.9500000000000001
0,1.4150238030197215e-06,0,0.9500000000000001
0,4.9213685997528955e-06,0,0.9500000000000001
0,3.6992043987993384e-06,0,0.9500000000000001
0,4.502960109675769e-06,0,0.9500000000000001
0,0.017056185752153397,0,0.9500000000000001
0,1.4011721987117198e-06,0,0.9500000000000001
0,2.239069090137491e-06,0,0.9500000000000001
1,0.9999995231628418,1,0.9500000000000001
0,0.029941586777567863,0,0.9500000000000001
1,0.9999959468841553,1,0.9500000000000001
0,1.3644291811942821e-06,0,0.9500000000000001
1,0.9998576641082764,1,0.9500000000000001
0,0.9999887943267822,1,0.9500000000000001
0,1.5149371392908506e-06,0,0.9500000000000001
0,1.5319486692533246e-06,0,0.9500000000000001
0,0.4550263285636902,0,0.9500000000000001
0,0.8189675807952881,0,0.9500000000000001
0,6.104814019636251e-06,0,0.9500000000000001
0,0.0009415338863618672,0,0.9500000000000001
0,0.0051385629922151566,0,0.9500000000000001
0,0.9999982118606567,1,0.9500000000000001
0,1.4650463526777457e-06,0,0.9500000000000001
0,1.392068497807486e-06,0,0.9500000000000001
0,0.9625422954559326,1,0.9500000000000001
0,3.7577196962956805e-06,0,0.9500000000000001
1,0.9999978542327881,1,0.9500000000000001
0,2.0936345208610874e-06,0,0.9500000000000001
0,1.7286574802710675e-06,0,0.9500000000000001
0,1.7068929309971281e-06,0,0.9500000000000001
0,1.743887878546957e-06,0,0.9500000000000001
0,0.005140318535268307,0,0.9500000000000001
0,0.0017706628423184156,0,0.9500000000000001
0,5.876674549654126e-06,0,0.9500000000000001
0,1.8426926544634625e-06,0,0.9500000000000001
0,1.5506825548072811e-06,0,0.9500000000000001
0,0.9996914863586426,1,0.9500000000000001
0,0.0011358746560290456,0,0.9500000000000001
0,0.9701813459396362,1,0.9500000000000001
0,1.4401144881048822e-06,0,0.9500000000000001
0,2.122752675859374e-06,0,0.9500000000000001
0,1.4046803471501335e-06,0,0.9500000000000001
0,1.3826113445247756e-06,0,0.9500000000000001
0,1.4481022390100406e-06,0,0.9500000000000001
0,1.500549728916667e-06,0,0.9500000000000001
0,1.4531614169754903e-06,0,0.9500000000000001
0,0.0017043629195541143,0,0.9500000000000001
0,0.0020178265403956175,0,0.9500000000000001
0,1.5802206689841114e-06,0,0.9500000000000001
0,0.0003869945358019322,0,0.9500000000000001
0,0.007449296303093433,0,0.9500000000000001
0,4.19405341745005e-06,0,0.9500000000000001
0,1.3397151406024932e-06,0,0.9500000000000001
0,1.774291831679875e-06,0,0.9500000000000001
1,0.9999996423721313,1,0.9500000000000001
0,3.782701469390304e-06,0,0.9500000000000001
0,0.463299959897995,0,0.9500000000000001
0,0.9960238933563232,1,0.9500000000000001
0,1.296862933486409e-06,0,0.9500000000000001
0,2.4219530132540967e-06,0,0.9500000000000001
0,1.4793711216043448e-06,0,0.9500000000000001
0,1.3456193528327276e-06,0,0.9500000000000001
0,1.6851738564582774e-06,0,0.9500000000000001
0,5.9077706282550935e-06,0,0.9500000000000001
0,1.752681100697373e-06,0,0.9500000000000001
0,0.9990384578704834,1,0.9500000000000001
0,1.4906185015206574e-06,0,0.9500000000000001
0,1.547544570712489e-06,0,0.9500000000000001
0,2.024573632297688e-06,0,0.9500000000000001
0,1.4693908951812773e-06,0,0.9500000000000001
0,1.8005614492722088e-06,0,0.9500000000000001
0,3.5948351069237106e-06,0,0.9500000000000001
0,1.3614461522593047e-06,0,0.9500000000000001
0,1.394944320054492e-06,0,0.9500000000000001
0,2.1958853722026106e-06,0,0.9500000000000001
0,1.4633175169365131e-06,0,0.9500000000000001
0,0.0011665101628750563,0,0.9500000000000001
0,0.9999967813491821,1,0.9500000000000001
0,0.9998683929443359,1,0.9500000000000001
1,0.99954754114151,1,0.9500000000000001
0,1.4746086662853486e-06,0,0.9500000000000001
0,0.9994379878044128,1,0.9500000000000001
0,0.011958964169025421,0,0.9500000000000001
0,0.002004510024562478,0,0.9500000000000001
0,1.4672639281343436e-06,0,0.9500000000000001
0,1.3587999774244963e-06,0,0.9500000000000001
0,0.004972872324287891,0,0.9500000000000001
0,1.509013827671879e-06,0,0.9500000000000001
0,0.9996342658996582,1,0.9500000000000001
0,1.3017760238653864e-06,0,0.9500000000000001
0,0.822944164276123,0,0.9500000000000001
0,0.9851994514465332,1,0.9500000000000001
0,1.403048258907802e-06,0,0.9500000000000001
0,0.9999992847442627,1,0.9500000000000001
0,1.379276795887563e-06,0,0.9500000000000001
0,0.9999994039535522,1,0.9500000000000001
0,0.027435898780822754,0,0.9500000000000001
0,0.00043518145685084164,0,0.9500000000000001
0,0.0038347160443663597,0,0.9500000000000001
0,1.2883190265711164e-06,0,0.9500000000000001
1,0.9999039173126221,1,0.9500000000000001
0,0.9998661279678345,1,0.9500000000000001
0,1.3494618542608805e-06,0,0.9500000000000001
1,0.9999992847442627,1,0.9500000000000001
0,0.9991470575332642,1,0.9500000000000001
0,0.0019318165723234415,0,0.9500000000000001
0,1.4585915550924256e-06,0,0.9500000000000001
0,1.0100972758664284e-05,0,0.9500000000000001
0,1.3962833236291772e-06,0,0.9500000000000001
1,0.9985083937644958,1,0.9500000000000001
0,1.2853479347540997e-06,0,0.9500000000000001
0,4.261290087015368e-06,0,0.9500000000000001
0,2.2097776763985166e-06,0,0.9500000000000001
0,1.2967935845153988e-06,0,0.9500000000000001
0,0.02479117549955845,0,0.9500000000000001
0,0.0013220328837633133,0,0.9500000000000001
0,1.3892212109567481e-06,0,0.9500000000000001
1,0.0008929444011300802,0,0.9500000000000001
0,0.5505284667015076,0,0.9500000000000001
0,0.003992353565990925,0,0.9500000000000001
0,1.4078547110329964e-06,0,0.9500000000000001
0,1.3326022099136026e-06,0,0.9500000000000001
0,3.881522388837766e-06,0,0.9500000000000001
0,1.7233377320735599e-06,0,0.9500000000000001
0,1.6078938642749563e-06,0,0.9500000000000001
0,2.084714878947125e-06,0,0.9500000000000001
0,1.5035350315883989e-06,0,0.9500000000000001
0,2.3556616724818014e-05,0,0.9500000000000001
0,1.3585965916718123e-06,0,0.9500000000000001
0,3.5282253520563245e-05,0,0.9500000000000001
0,0.0007418317254632711,0,0.9500000000000001
0,1.5284142591553973e-06,0,0.9500000000000001
0,1.605689431016799e-05,0,0.9500000000000001
0,4.077370704180794e-06,0,0.9500000000000001
0,0.9997757077217102,1,0.9500000000000001
0,1.575064629832923e-06,0,0.9500000000000001
0,1.395319600305811e-06,0,0.9500000000000001
0,5.7100129197351635e-05,0,0.9500000000000001
0,1.5933893564579193e-06,0,0.9500000000000001
0,1.714101358629705e-06,0,0.9500000000000001
1,0.9999997615814209,1,0.9500000000000001
0,0.006517545320093632,0,0.9500000000000001
0,1.5624572142769466e-06,0,0.9500000000000001
0,1.4441413895838195e-06,0,0.9500000000000001
0,1.6190356291190255e-06,0,0.9500000000000001
0,0.00021300064690876752,0,0.9500000000000001
0,1.941881009770441e-06,0,0.9500000000000001
0,1.5505287365158438e-06,0,0.9500000000000001
1,0.9916855096817017,1,0.9500000000000001
0,1.327534846495837e-06,0,0.9500000000000001
0,1.6354010767827276e-06,0,0.9500000000000001
0,1.4329904161058948e-06,0,0.9500000000000001
0,0.00020064611453562975,0,0.9500000000000001
0,0.0008312310674227774,0,0.9500000000000001
0,0.00227681384421885,0,0.9500000000000001
0,1.5685665175624308e-06,0,0.9500000000000001
0,0.0008277359884232283,0,0.9500000000000001
0,7.4474428402027115e-06,0,0.9500000000000001
0,1.2804638345187414e-06,0,0.9500000000000001
1,0.9999994039535522,1,0.9500000000000001
1,0.9996840953826904,1,0.9500000000000001
0,1.5640209767298074e-06,0,0.9500000000000001
0,1.4651734545623185e-06,0,0.9500000000000001
0,4.943518888467224e-06,0,0.9500000000000001
0,1.482843117628363e-06,0,0.9500000000000001
0,0.004883862100541592,0,0.9500000000000001
0,0.999998927116394,1,0.9500000000000001
0,1.5308693264159956e-06,0,0.9500000000000001
0,2.0795105228899047e-06,0,0.9500000000000001
0,0.1369868367910385,0,0.9500000000000001
1,0.0009980082977563143,0,0.9500000000000001
0,0.9966260194778442,1,0.9500000000000001
0,0.41871920228004456,0,0.9500000000000001
0,1.489764372308855e-06,0,0.9500000000000001
0,1.3965124026071862e-06,0,0.9500000000000001
0,1.6373861626561848e-06,0,0.9500000000000001
0,0.01166443433612585,0,0.9500000000000001
0,0.9698552489280701,1,0.9500000000000001
0,1.6365261217288207e-06,0,0.9500000000000001
0,1.569748746987898e-06,0,0.9500000000000001
0,1.601885060154018e-06,0,0.9500000000000001
0,0.0005289571126922965,0,0.9500000000000001
0,1.6262561075564008e-06,0,0.9500000000000001
0,1.4278774642662029e-06,0,0.9500000000000001
0,1.3179326288081938e-06,0,0.9500000000000001
0,0.0006568675162270665,0,0.9500000000000001
0,1.6067657497842447e-06,0,0.9500000000000001
0,8.168440217559692e-06,0,0.9500000000000001
1,0.9994739890098572,1,0.9500000000000001
1,0.9999996423721313,1,0.9500000000000001
0,0.18454724550247192,0,0.9500000000000001
0,0.997799813747406,1,0.9500000000000001
0,3.4267502542206785e-06,0,0.9500000000000001
0,1.4348269132824498e-06,0,0.9500000000000001
0,1.493759100412717e-06,0,0.9500000000000001
0,1.271455516871356e-06,0,0.9500000000000001
0,1.7482739167462569e-06,0,0.9500000000000001
0,2.429575715723331e-06,0,0.9500000000000001
0,1.4743135352546233e-06,0,0.9500000000000001
0,1.5934637076497893e-06,0,0.9500000000000001
0,0.00017343496438115835,0,0.9500000000000001
0,1.4944886288503767e-06,0,0.9500000000000001
0,1.3119247341819573e-06,0,0.9500000000000001
1,0.0026466497220098972,0,0.9500000000000001
0,0.0008126685279421508,0,0.9500000000000001
0,6.8433969317993615e-06,0,0.9500000000000001
0,1.7334086805931292e-06,0,0.9500000000000001
0,0.9999964237213135,1,0.9500000000000001
1,1.5050542288008728e-06,0,0.9500000000000001
0,2.729037760218489e-06,0,0.9500000000000001
0,1.5512356412727968e-06,0,0.9500000000000001
1,0.9999996423721313,1,0.9500000000000001
0,1.4027592669663136e-06,0,0.9500000000000001
1,0.9962259531021118,1,0.9500000000000001
1,0.9996905326843262,1,0.9500000000000001
0,0.990728497505188,1,0.9500000000000001
0,0.03479336202144623,0,0.9500000000000001
0,1.6670253444317495e-06,0,0.9500000000000001
0,1.5204141163849272e-06,0,0.9500000000000001
0,0.9937781095504761,1,0.9500000000000001
0,1.5226718232952408e-06,0,0.9500000000000001
0,1.386414055559726e-06,0,0.9500000000000001
0,0.9121538400650024,0,0.9500000000000001
0,2.2724213977198815e-06,0,0.9500000000000001
0,0.0003807107568718493,0,0.9500000000000001
0,1.38097198032483e-06,0,0.9500000000000001
0,0.9940654039382935,1,0.9500000000000001
0,0.008313191123306751,0,0.9500000000000001
0,0.002873965073376894,0,0.9500000000000001
0,0.9999953508377075,1,0.9500000000000001
0,0.999993085861206,1,0.9500000000000001
0,6.379187652783003e-06,0,0.9500000000000001
0,0.039326563477516174,0,0.9500000000000001
0,1.563353066558193e-06,0,0.9500000000000001
0,1.9486374185362365e-06,0,0.9500000000000001
0,1.3853434666089015e-06,0,0.9500000000000001
0,9.071767635759898e-06,0,0.9500000000000001
0,1.6635489146210602e-06,0,0.9500000000000001
0,2.0762488475156715e-06,0,0.9500000000000001
0,1.2806084669136908e-05,0,0.9500000000000001
0,1.4087626141190412e-06,0,0.9500000000000001
0,1.3399604767982964e-06,0,0.9500000000000001
1,0.9999562501907349,1,0.9500000000000001
0,2.023813294727006e-06,0,0.9500000000000001
0,0.11974684149026871,0,0.9500000000000001
0,0.950229287147522,1,0.9500000000000001
0,0.0014740664046257734,0,0.9500000000000001
0,1.301387442254054e-06,0,0.9500000000000001
0,1.7712267208480625e-06,0,0.9500000000000001
0,1.5231918268909794e-06,0,0.9500000000000001
0,0.003572445595636964,0,0.9500000000000001
0,0.9999978542327881,1,0.9500000000000001
0,0.9998743534088135,1,0.9500000000000001
0,2.819087058014702e-06,0,0.9500000000000001
0,0.9973146319389343,1,0.9500000000000001
0,0.9999963045120239,1,0.9500000000000001
0,1.349864760413766e-06,0,0.9500000000000001
0,0.9951733946800232,1,0.9500000000000001
0,1.3953435882285703e-06,0,0.9500000000000001
1,0.989273726940155,1,0.9500000000000001
1,0.8157636523246765,0,0.9500000000000001
1,0.9984295964241028,1,0.9500000000000001
0,1.4557512031387887e-06,0,0.9500000000000001
0,1.335537490376737e-06,0,0.9500000000000001
0,1.4158417798171286e-06,0,0.9500000000000001
0,1.795860953279771e-06,0,0.9500000000000001
0,0.0005189031362533569,0,0.9500000000000001
0,1.5132087582969689e-06,0,0.9500000000000001
0,0.021337032318115234,0,0.9500000000000001
0,2.4123660296027083e-06,0,0.9500000000000001
0,0.008645681664347649,0,0.9500000000000001
0,1.622720674276934e-06,0,0.9500000000000001
0,1.659691861277679e-06,0,0.9500000000000001
0,0.679383397102356,0,0.9500000000000001
0,1.7538933434479986e-06,0,0.9500000000000001
0,0.004880852997303009,0,0.9500000000000001
0,1.339176151304855e-06,0,0.9500000000000001
0,0.01924707554280758,0,0.9500000000000001
1,0.9986212253570557,1,0.9500000000000001
0,1.3577572417489137e-06,0,0.9500000000000001
0,0.999997615814209,1,0.9500000000000001
0,1.3586729892267613e-06,0,0.9500000000000001
0,1.3504377420758829e-06,0,0.9500000000000001
0,0.333016961812973,0,0.9500000000000001
0,2.6098268790519796e-06,0,0.9500000000000001
0,1.3767338487014058e-06,0,0.9500000000000001
0,1.4545993280989933e-06,0,0.9500000000000001
0,1.3949057802165044e-06,0,0.9500000000000001
0,1.311579353568959e-06,0,0.9500000000000001
0,0.0025405308697372675,0,0.9500000000000001
0,2.0247359771019546e-06,0,0.9500000000000001
1,0.9997342228889465,1,0.9500000000000001
0,0.9998651742935181,1,0.9500000000000001
1,0.9999994039535522,1,0.9500000000000001
0,1.7107111034420086e-06,0,0.9500000000000001
0,1.5138742810449912e-06,0,0.9500000000000001
0,0.9999366998672485,1,0.9500000000000001
0,2.170652578570298e-06,0,0.9500000000000001
0,0.9066794514656067,0,0.9500000000000001
0,1.4694848005092354e-06,0,0.9500000000000001
0,1.4711309859194444e-06,0,0.9500000000000001
0,0.0015859545674175024,0,0.9500000000000001
0,1.433239049219992e-06,0,0.9500000000000001
0,0.00150962988846004,0,0.9500000000000001
0,1.9956087271566503e-06,0,0.9500000000000001
0,1.7889362879941473e-06,0,0.9500000000000001
0,1.4671911685582018e-06,0,0.9500000000000001
0,1.4519160913550877e-06,0,0.9500000000000001
0,0.9985230565071106,1,0.9500000000000001
0,3.0492694804706844e-06,0,0.9500000000000001
0,1.4164941148919752e-06,0,0.9500000000000001
0,6.170647247927263e-05,0,0.9500000000000001
1,0.9999858140945435,1,0.9500000000000001
0,1.3436151675705332e-06,0,0.9500000000000001
0,1.5896844161034096e-06,0,0.9500000000000001
0,0.9628331661224365,1,0.9500000000000001
0,1.457122039028036e-06,0,0.9500000000000001
0,0.03365778550505638,0,0.9500000000000001
0,0.9982379674911499,1,0.9500000000000001
0,1.479043930885382e-06,0,0.9500000000000001
0,0.9289155602455139,0,0.9500000000000001
0,2.238166189272306e-06,0,0.9500000000000001
0,1.386535700476088e-06,0,0.9500000000000001
0,1.5035666365292855e-06,0,0.9500000000000001
0,0.025160053744912148,0,0.9500000000000001
1,0.999998927116394,1,0.9500000000000001
0,0.00965757854282856,0,0.9500000000000001
0,1.5505406736338045e-06,0,0.9500000000000001
0,0.003384246025234461,0,0.9500000000000001
0,0.001144553069025278,0,0.9500000000000001
0,1.4070789120523841e-06,0,0.9500000000000001
0,1.3415332205113373e-06,0,0.9500000000000001
0,0.9999994039535522,1,0.9500000000000001
0,0.7931227087974548,0,0.9500000000000001
0,1.5908262867014855e-06,0,0.9500000000000001
0,8.86224825080717e-06,0,0.9500000000000001
0,0.008607116527855396,0,0.9500000000000001
1,0.999997615814209,1,0.9500000000000001
0,6.127883807494072e-06,0,0.9500000000000001
1,0.9999750852584839,1,0.9500000000000001
0,1.7685514421827975e-06,0,0.9500000000000001
1,0.9999974966049194,1,0.9500000000000001
0,0.9976493716239929,1,0.9500000000000001
0,1.4791214653087081e-06,0,0.9500000000000001
0,1.2975606296095066e-06,0,0.9500000000000001
0,1.6423641682195012e-06,0,0.9500000000000001
0,0.9999895095825195,1,0.9500000000000001
0,1.4554428844348877e-06,0,0.9500000000000001
0,0.0002680493053048849,0,0.9500000000000001
0,0.005880645010620356,0,0.9500000000000001
1,0.9999735355377197,1,0.9500000000000001
0,1.3504145499609876e-06,0,0.9500000000000001
0,1.4307004221336683e-06,0,0.9500000000000001
0,1.3870104567104136e-06,0,0.9500000000000001
0,1.3988903901918093e-06,0,0.9500000000000001
0,1.3085833643344813e-06,0,0.9500000000000001
0,1.3710043731407495e-06,0,0.9500000000000001
0,0.0014379339991137385,0,0.9500000000000001
0,0.08307623118162155,0,0.9500000000000001
1,0.038139037787914276,0,0.9500000000000001
0,1.5345411839007284e-06,0,0.9500000000000001
0,0.017823010683059692,0,0.9500000000000001
1,0.9999991655349731,1,0.9500000000000001
0,1.3860953913535923e-06,0,0.9500000000000001
0,1.643486029934138e-06,0,0.9500000000000001
0,1.3900971680413932e-06,0,0.9500000000000001
0,1.5136475894905743e-06,0,0.9500000000000001
0,2.548544216551818e-06,0,0.9500000000000001
0,0.8744730353355408,0,0.9500000000000001
0,0.012108391150832176,0,0.9500000000000001
0,1.474873101869889e-06,0,0.9500000000000001
1,0.9999980926513672,1,0.9500000000000001
0,0.00018485274631530046,0,0.9500000000000001
0,3.514667241688585e-06,0,0.9500000000000001
0,5.33402017026674e-05,0,0.9500000000000001
0,6.305248098215088e-05,0,0.9500000000000001
0,0.9832522869110107,1,0.9500000000000001
0,1.3481663927450427e-06,0,0.9500000000000001
0,1.6860258256201632e-06,0,0.9500000000000001
1,0.9998041987419128,1,0.9500000000000001
0,0.0029833437874913216,0,0.9500000000000001
0,1.5807964928171714e-06,0,0.9500000000000001
0,1.6198896446439903e-06,0,0.9500000000000001
0,1.8281731399838463e-06,0,0.9500000000000001
0,3.9505455788457766e-05,0,0.9500000000000001
0,4.063601409143303e-06,0,0.9500000000000001
0,1.4195761650626082e-06,0,0.9500000000000001
0,0.8360528349876404,0,0.9500000000000001
0,1.426769472345768e-06,0,0.9500000000000001
0,1.3564823575507035e-06,0,0.9500000000000001
0,0.00023625901667401195,0,0.9500000000000001
1,0.9885560870170593,1,0.9500000000000001
0,1.8307500795344822e-06,0,0.9500000000000001
0,1.511638060947007e-06,0,0.9500000000000001
0,1.4828260646027047e-06,0,0.9500000000000001
0,1.5961238659656374e-06,0,0.9500000000000001
0,0.9999996423721313,1,0.9500000000000001
0,1.9226795302529354e-06,0,0.9500000000000001
0,1.27549606077082e-06,0,0.9500000000000001
0,0.9722517132759094,1,0.9500000000000001
0,2.9630143671965925e-06,0,0.9500000000000001
0,1.3900455542170675e-06,0,0.9500000000000001
0,1.4250479125621496e-06,0,0.9500000000000001
0,0.3917097747325897,0,0.9500000000000001
1,0.9978457689285278,1,0.9500000000000001
0,1.319699663326901e-06,0,0.9500000000000001
0,0.0013268976472318172,0,0.9500000000000001
1,0.9999995231628418,1,0.9500000000000001
0,1.6237408999586478e-06,0,0.9500000000000001
0,1.420228841197968e-06,0,0.9500000000000001
0,0.9999992847442627,1,0.9500000000000001
0,0.8752313852310181,0,0.9500000000000001
0,1.4387292139872443e-06,0,0.9500000000000001
0,1.3224261010691407e-06,0,0.9500000000000001
0,1.556491838528018e-06,0,0.9500000000000001
0,1.545593363516673e-06,0,0.9500000000000001
0,1.450469881092431e-06,0,0.9500000000000001
0,1.312029780820012e-06,0,0.9500000000000001
0,1.5002264035501867e-06,0,0.9500000000000001
0,0.0006079330923967063,0,0.9500000000000001
0,1.5133171018533176e-06,0,0.9500000000000001
0,0.00377181195653975,0,0.9500000000000001
1,0.9748635292053223,1,0.9500000000000001
1,0.7929410934448242,0,0.9500000000000001
1,0.9994121789932251,1,0.9500000000000001
0,0.059540677815675735,0,0.9500000000000001
1,0.9999010562896729,1,0.9500000000000001
0,1.554618165755528e-06,0,0.9500000000000001
0,0.9998809099197388,1,0.9500000000000001
0,1.564508806950471e-06,0,0.9500000000000001
0,1.490176373408758e-06,0,0.9500000000000001
1,0.9999992847442627,1,0.9500000000000001
0,0.7798741459846497,0,0.9500000000000001
0,0.07011091709136963,0,0.9500000000000001
1,0.9995026588439941,1,0.9500000000000001
0,0.001087144948542118,0,0.9500000000000001
0,1.6582569060119567e-06,0,0.9500000000000001
0,1.5979028376023052e-06,0,0.9500000000000001
0,1.5892295550656854e-06,0,0.9500000000000001
0,1.3753402754446142e-06,0,0.9500000000000001
0,1.556424831505865e-05,0,0.9500000000000001
0,1.4506980505757383e-06,0,0.9500000000000001
1,0.9998130202293396,1,0.9500000000000001
0,1.5779947943883599e-06,0,0.9500000000000001
0,1.4297593224910088e-06,0,0.9500000000000001
0,1.935439513545134e-06,0,0.9500000000000001
0,0.888900637626648,0,0.9500000000000001
0,0.9920851588249207,1,0.9500000000000001
0,0.0001679979031905532,0,0.9500000000000001
0,1.3532107914215885e-06,0,0.9500000000000001
1,0.10925965756177902,0,0.9500000000000001
0,1.4322088645712938e-05,0,0.9500000000000001
0,1.41922828333918e-06,0,0.9500000000000001
0,1.4630008990934584e-06,0,0.9500000000000001
0,1.3796609437122243e-06,0,0.9500000000000001
0,0.0008910138276405632,0,0.9500000000000001
0,1.5773057384649292e-06,0,0.9500000000000001
0,1.488767452428874e-06,0,0.9500000000000001
0,1.5078485375852324e-06,0,0.9500000000000001
0,1.4882392633808195e-06,0,0.9500000000000001
0,0.8924205899238586,0,0.9500000000000001
0,0.0006184499361552298,0,0.9500000000000001
0,1.8032610569207463e-06,0,0.9500000000000001
0,0.9999988079071045,1,0.9500000000000001
0,1.4419669014387182e-06,0,0.9500000000000001
0,0.005311590153723955,0,0.9500000000000001
0,0.0021785537246614695,0,0.9500000000000001
0,1.3473502349370392e-06,0,0.9500000000000001
0,0.9817262291908264,1,0.9500000000000001
0,1.3421756648313021e-06,0,0.9500000000000001
0,1.550865931676526e-06,0,0.9500000000000001
0,2.166295189454104e-06,0,0.9500000000000001
0,1.6934451423367136e-06,0,0.9500000000000001
0,1.746952307257743e-06,0,0.9500000000000001
1,0.9998257756233215,1,0.9500000000000001
0,1.547301167192927e-06,0,0.9500000000000001
0,1.3235842288850108e-06,0,0.9500000000000001
0,0.9999996423721313,1,0.9500000000000001
0,1.3362101753955358e-06,0,0.9500000000000001
0,3.859461230604211e-06,0,0.9500000000000001
0,0.0031372420489788055,0,0.9500000000000001
0,0.9999995231628418,1,0.9500000000000001
0,0.9979543685913086,1,0.9500000000000001
0,0.004851161036640406,0,0.9500000000000001
0,0.7421292662620544,0,0.9500000000000001
0,0.9613056778907776,1,0.9500000000000001
0,0.09667161852121353,0,0.9500000000000001
0,0.9222866892814636,0,0.9500000000000001
0,0.0018182676285505295,0,0.9500000000000001
0,0.0009347203886136413,0,0.9500000000000001
0,1.6117411405502935e-06,0,0.9500000000000001
1,0.002405877923592925,0,0.9500000000000001
0,0.1725275069475174,0,0.9500000000000001
0,1.5063636737977504e-06,0,0.9500000000000001
0,1.6645486766719841e-06,0,0.9500000000000001
0,6.951740215299651e-05,0,0.9500000000000001
0,1.4233188494472415e-06,0,0.9500000000000001
0,0.9977976083755493,1,0.9500000000000001
0,1.6084399021565332e-06,0,0.9500000000000001
0,1.6587408708801377e-06,0,0.9500000000000001
0,1.3137389487383189e-06,0,0.9500000000000001
0,0.00010531823500059545,0,0.9500000000000001
0,7.565775376860984e-06,0,0.9500000000000001
1,0.9993160963058472,1,0.9500000000000001
0,0.004738808609545231,0,0.9500000000000001
0,1.3039652912993915e-06,0,0.9500000000000001
0,1.3301213357408415e-06,0,0.9500000000000001
0,1.4930357110642944e-06,0,0.9500000000000001
0,1.553281549604435e-06,0,0.9500000000000001
0,7.286088020919124e-06,0,0.9500000000000001
0,0.001239838544279337,0,0.9500000000000001
0,2.6082791464432376e-06,0,0.9500000000000001
0,0.9999817609786987,1,0.9500000000000001
1,0.9999980926513672,1,0.9500000000000001
0,1.4254053439799463e-06,0,0.9500000000000001
0,2.5333019948448054e-06,0,0.9500000000000001
0,1.3395643918556743e-06,0,0.9500000000000001
0,0.9072836637496948,0,0.9500000000000001
0,1.4839380355624598e-06,0,0.9500000000000001
0,1.386558210469957e-06,0,0.9500000000000001
0,2.7243338536209194e-06,0,0.9500000000000001
0,2.881072077798308e-06,0,0.9500000000000001
0,1.5715626204837463e-06,0,0.9500000000000001
0,0.5932638049125671,0,0.9500000000000001
0,1.4522526043947437e-06,0,0.9500000000000001
0,0.9973573088645935,1,0.9500000000000001
0,1.4293979120338918e-06,0,0.9500000000000001
0,2.5587580694264034e-06,0,0.9500000000000001
0,0.9994637370109558,1,0.9500000000000001
1,0.9985485672950745,1,0.9500000000000001
0,1.6121053931783536e-06,0,0.9500000000000001
0,6.65401557853329e-06,0,0.9500000000000001
0,0.999232292175293,1,0.9500000000000001
0,0.006582904607057571,0,0.9500000000000001
0,0.9998694658279419,1,0.9500000000000001
0,1.5328386098190094e-06,0,0.9500000000000001
0,1.5864993656578008e-06,0,0.9500000000000001
0,1.5472686527573387e-06,0,0.9500000000000001
1,0.2102433741092682,0,0.9500000000000001
0,0.0005438528023660183,0,0.9500000000000001
0,1.69679947248369e-06,0,0.9500000000000001
0,1.671830204941216e-06,0,0.9500000000000001
0,1.4727199868502794e-06,0,0.9500000000000001
1,0.9999716281890869,1,0.9500000000000001
0,1.5062573766044807e-06,0,0.9500000000000001
1,0.9992974996566772,1,0.9500000000000001
0,1.38361906465434e-06,0,0.9500000000000001
0,1.79848314019182e-06,0,0.9500000000000001
1,0.9999990463256836,1,0.9500000000000001
0,0.0009213283192366362,0,0.9500000000000001
0,1.5540520053036744e-06,0,0.9500000000000001
0,1.484245103711146e-06,0,0.9500000000000001
0,3.850259872706374e-06,0,0.9500000000000001
0,4.9867117013491224e-06,0,0.9500000000000001
0,1.456181507819565e-06,0,0.9500000000000001
1,0.9999740123748779,1,0.9500000000000001
0,0.33938485383987427,0,0.9500000000000001
0,1.3365885251914733e-06,0,0.9500000000000001
0,0.9590072631835938,1,0.9500000000000001
0,1.6632649249004317e-06,0,0.9500000000000001
0,0.007139607332646847,0,0.9500000000000001
0,0.0001604671560926363,0,0.9500000000000001
1,0.999997615814209,1,0.9500000000000001
0,1.3896625432607834e-06,0,0.9500000000000001
0,0.0404445119202137,0,0.9500000000000001
0,0.0013045184314250946,0,0.9500000000000001
0,0.8951351642608643,0,0.9500000000000001
0,1.4413166127269506e-06,0,0.9500000000000001
0,8.441358659183607e-06,0,0.9500000000000001
0,0.9868268966674805,1,0.9500000000000001
0,1.577814259690058e-06,0,0.9500000000000001
0,1.5872227550062235e-06,0,0.9500000000000001
0,2.8471235964389052e-06,0,0.9500000000000001
0,1.3845061630490818e-06,0,0.9500000000000001
0,1.50111941366049e-06,0,0.9500000000000001
0,4.6218228817451745e-05,0,0.9500000000000001
0,1.4676361388410442e-06,0,0.9500000000000001
0,0.9989299178123474,1,0.9500000000000001
0,1.4170102531352313e-06,0,0.9500000000000001
0,0.19572146236896515,0,0.9500000000000001
0,2.9034556064289063e-05,0,0.9500000000000001
0,1.6616239690847578e-06,0,0.9500000000000001
0,2.2980987068876857e-06,0,0.9500000000000001
0,1.4208465017873095e-06,0,0.9500000000000001
0,0.005448258947581053,0,0.9500000000000001
0,2.6927691578748636e-06,0,0.9500000000000001
0,2.058247673630831e-06,0,0.9500000000000001
0,1.4353126971400343e-06,0,0.9500000000000001
0,1.4365562037710333e-06,0,0.9500000000000001
0,0.999998927116394,1,0.9500000000000001
0,1.3158002047930495e-06,0,0.9500000000000001
0,3.4243362279084977e-06,0,0.9500000000000001
0,0.00693441741168499,0,0.9500000000000001
0,2.066904471575981e-06,0,0.9500000000000001
0,1.3066354540569591e-06,0,0.9500000000000001
0,1.395360868627904e-06,0,0.9500000000000001
0,1.3955657323094783e-06,0,0.9500000000000001
0,1.653140998314484e-06,0,0.9500000000000001
0,1.7588463379070163e-06,0,0.9500000000000001
0,1.5367202195193386e-06,0,0.9500000000000001
0,1.38438599606161e-06,0,0.9500000000000001
0,0.003300759242847562,0,0.9500000000000001
0,8.151745714712888e-05,0,0.9500000000000001
0,1.4549071920555434e-06,0,0.9500000000000001
1,0.9999772310256958,1,0.9500000000000001
0,0.2813050448894501,0,0.9500000000000001
0,1.1081652701250277e-05,0,0.9500000000000001
0,0.9962903261184692,1,0.9500000000000001
0,1.791075078472204e-06,0,0.9500000000000001
0,1.326146730207256e-06,0,0.9500000000000001
0,2.5160916266031563e-06,0,0.9500000000000001
0,1.4208424090611516e-06,0,0.9500000000000001
0,6.248005774978083e-06,0,0.9500000000000001
0,1.642741608520737e-06,0,0.9500000000000001
0,2.6436723601364065e-06,0,0.9500000000000001
0,2.9558905225712806e-06,0,0.9500000000000001
0,2.8069237032468664e-06,0,0.9500000000000001
0,1.4513526593873394e-06,0,0.9500000000000001
0,1.876760052255122e-06,0,0.9500000000000001
0,0.01854325272142887,0,0.9500000000000001
0,1.4821163176748087e-06,0,0.9500000000000001
0,0.7487123608589172,0,0.9500000000000001
0,1.7183290310640587e-06,0,0.9500000000000001
0,1.5331631857407046e-06,0,0.9500000000000001
0,1.612797404959565e-06,0,0.9500000000000001
1,0.9999241828918457,1,0.9500000000000001
0,0.9983221888542175,1,0.9500000000000001
0,1.7435669406040688e-06,0,0.9500000000000001
0,1.3073422451270744e-06,0,0.9500000000000001
0,1.6902051811484853e-06,0,0.9500000000000001
0,1.5430408666361473e-06,0,0.9500000000000001
0,1.6481853890581988e-06,0,0.9500000000000001
0,1.4509789707517484e-06,0,0.9500000000000001
0,1.3637331903737504e-06,0,0.9500000000000001
1,0.9999402761459351,1,0.9500000000000001
1,0.0046034459955990314,0,0.9500000000000001
0,1.4242842780731735e-06,0,0.9500000000000001
0,0.9160075187683105,0,0.9500000000000001
0,1.5809833939783857e-06,0,0.9500000000000001
0,1.4807304751229822e-06,0,0.9500000000000001
0,1.6258311461569974e-06,0,0.9500000000000001
1,0.9999996423721313,1,0.9500000000000001
1,0.9991256594657898,1,0.9500000000000001
0,2.2622048163611908e-06,0,0.9500000000000001
0,0.00365269323810935,0,0.9500000000000001
0,1.686148038970714e-06,0,0.9500000000000001
0,1.472360395382566e-06,0,0.9500000000000001
0,0.917411208152771,0,0.9500000000000001
0,0.9999994039535522,1,0.9500000000000001
0,1.5573144764857716e-06,0,0.9500000000000001
0,1.516096403975098e-06,0,0.9500000000000001
0,1.8628051066116313e-06,0,0.9500000000000001
0,1.4496414451059536e-06,0,0.9500000000000001
0,1.5773583754707943e-06,0,0.9500000000000001
0,1.7495415249868529e-06,0,0.9500000000000001
0,1.669562834649696e-06,0,0.9500000000000001
0,0.01640738733112812,0,0.9500000000000001
0,0.31064292788505554,0,0.9500000000000001
1,0.9999995231628418,1,0.9500000000000001
0,3.55748416041024e-05,0,0.9500000000000001
0,1.5182956758508226e-06,0,0.9500000000000001
0,1.3713181488128612e-06,0,0.9500000000000001
0,0.0010151853784918785,0,0.9500000000000001
0,1.2087713912478648e-05,0,0.9500000000000001
0,0.9835505485534668,1,0.9500000000000001
0,0.0038480835501104593,0,0.9500000000000001
1,0.9999996423721313,1,0.9500000000000001
0,1.5773870245539001e-06,0,0.9500000000000001
0,1.3793400057693361e-06,0,0.9500000000000001
0,0.0019814784172922373,0,0.9500000000000001
0,1.5882781099207932e-06,0,0.9500000000000001
0,1.5070520476001548e-06,0,0.9500000000000001
0,2.9716100470977835e-05,0,0.9500000000000001
0,1.5508096566918539e-06,0,0.9500000000000001
0,1.3388287243287778e-06,0,0.9500000000000001
0,0.004717068746685982,0,0.9500000000000001
0,5.282766778691439e-06,0,0.9500000000000001
0,1.456673203392711e-06,0,0.9500000000000001
0,3.223469548174762e-06,0,0.9500000000000001
0,1.3677695278602187e-06,0,0.9500000000000001
0,0.8915847539901733,0,0.9500000000000001
1,0.9999986886978149,1,0.9500000000000001
0,4.265315055818064e-06,0,0.9500000000000001
0,1.418914280293393e-06,0,0.9500000000000001
0,1.872523057500075e-06,0,0.9500000000000001
1,0.9963831901550293,1,0.9500000000000001
0,3.369048954482423e-06,0,0.9500000000000001
0,5.054586381447734e-06,0,0.9500000000000001
0,0.9996744394302368,1,0.9500000000000001
0,2.3492063974117627e-06,0,0.9500000000000001
0,1.701588075775362e-06,0,0.9500000000000001
0,1.4343180509968079e-06,0,0.9500000000000001
0,1.341871097793046e-06,0,0.9500000000000001
0,0.0001281040458707139,0,0.9500000000000001
0,0.9723012447357178,1,0.9500000000000001
0,1.4548406852554763e-06,0,0.9500000000000001
1,0.9999996423721313,1,0.9500000000000001
0,0.006567260250449181,0,0.9500000000000001
0,0.8384707570075989,0,0.9500000000000001
1,0.9983262419700623,1,0.9500000000000001
0,0.23196081817150116,0,0.9500000000000001
0,0.0001239364210050553,0,0.9500000000000001
0,1.6114981917780824e-06,0,0.9500000000000001
0,3.8089935969765065e-06,0,0.9500000000000001
1,0.9862202405929565,1,0.9500000000000001
1,0.9497362375259399,0,0.9500000000000001
0,2.8636666229431285e-06,0,0.9500000000000001
0,0.01595996879041195,0,0.9500000000000001
0,0.0009718923247419298,0,0.9500000000000001
0,1.7219609844687511e-06,0,0.9500000000000001
0,0.9989534616470337,1,0.9500000000000001
1,0.9853826761245728,1,0.9500000000000001
0,1.4798735037402366e-06,0,0.9500000000000001
1,0.9999995231628418,1,0.9500000000000001
0,1.3852153415427892e-06,0,0.9500000000000001
1,0.7525404095649719,0,0.9500000000000001
0,1.3299031706992537e-06,0,0.9500000000000001
0,1.4506151728710392e-06,0,0.9500000000000001
0,1.4280573168434785e-06,0,0.9500000000000001
0,0.0004917776677757502,0,0.9500000000000001
0,2.309153842361411e-06,0,0.9500000000000001
0,0.9999902248382568,1,0.9500000000000001
0,0.15893353521823883,0,0.9500000000000001
0,0.0828808844089508,0,0.9500000000000001
1,0.9997240900993347,1,0.9500000000000001
0,1.459713189433387e-06,0,0.9500000000000001
0,1.7420012454749667e-06,0,0.9500000000000001
0,1.5328663494074135e-06,0,0.9500000000000001
0,0.9730764627456665,1,0.9500000000000001
0,1.487660370003141e-06,0,0.9500000000000001
0,0.9916207790374756,1,0.9500000000000001
0,1.5383303662019898e-06,0,0.9500000000000001
0,0.0014060377143323421,0,0.9500000000000001
0,3.1237070743372897e-06,0,0.9500000000000001
0,5.191828677197918e-05,0,0.9500000000000001
0,1.4223621747078141e-06,0,0.9500000000000001
0,0.004548386670649052,0,0.9500000000000001
0,1.6994246152535197e-06,0,0.9500000000000001
0,2.342144171052496e-06,0,0.9500000000000001
0,0.9997344613075256,1,0.9500000000000001
0,0.9875608086585999,1,0.9500000000000001
0,1.538911419629585e-06,0,0.9500000000000001
0,1.500778807894676e-06,0,0.9500000000000001
0,4.544050625554519e-06,0,0.9500000000000001
0,0.00010238622053293511,0,0.9500000000000001
0,1.5113123481569346e-06,0,0.9500000000000001
0,1.5630772622898803e-06,0,0.9500000000000001
0,1.4132233445707243e-06,0,0.9500000000000001
0,4.075597826158628e-05,0,0.9500000000000001
0,1.6058098708526813e-06,0,0.9500000000000001
0,1.4018391993886326e-06,0,0.9500000000000001
0,0.9993444085121155,1,0.9500000000000001
0,1.5126721564229229e-06,0,0.9500000000000001
0,1.5085403219927684e-06,0,0.9500000000000001
0,1.516842530691065e-06,0,0.9500000000000001
0,1.4458777286563418e-06,0,0.9500000000000001
0,0.002173571614548564,0,0.9500000000000001
0,0.9563788175582886,1,0.9500000000000001
0,1.3450202231979347e-06,0,0.9500000000000001
0,0.9999995231628418,1,0.9500000000000001
0,1.7983699081014493e-06,0,0.9500000000000001
1,0.999077320098877,1,0.9500000000000001
1,0.9999995231628418,1,0.9500000000000001
0,1.3771277735941112e-06,0,0.9500000000000001
1,0.9896690249443054,1,0.9500000000000001
0,4.366426310298266e-06,0,0.9500000000000001
0,0.9819221496582031,1,0.9500000000000001
0,1.5586323343086406e-06,0,0.9500000000000001
0,1.5549385352642275e-06,0,0.9500000000000001
1,0.999996542930603,1,0.9500000000000001
1,0.9986349940299988,1,0.9500000000000001
1,0.9954146146774292,1,0.9500000000000001
0,1.6580212331973598e-06,0,0.9500000000000001
0,1.3975782167108264e-06,0,0.9500000000000001
0,1.2854349051849567e-06,0,0.9500000000000001
0,1.4011654911882943e-06,0,0.9500000000000001
0,1.1310641639283858e-05,0,0.9500000000000001
0,0.9824703335762024,1,0.9500000000000001
0,1.4658904774478287e-06,0,0.9500000000000001
0,0.9992031455039978,1,0.9500000000000001
0,1.6698702438588953e-06,0,0.9500000000000001
0,3.998602096544346e-06,0,0.9500000000000001
0,3.0324208637466654e-05,0,0.9500000000000001
0,1.608344859960198e-06,0,0.9500000000000001
0,1.3841931831848342e-06,0,0.9500000000000001
0,0.4461204707622528,0,0.9500000000000001
0,0.003516153199598193,0,0.9500000000000001
0,2.3701686586719006e-06,0,0.9500000000000001
0,0.9992042183876038,1,0.9500000000000001
0,3.228979949199129e-06,0,0.9500000000000001
0,0.015440810471773148,0,0.9500000000000001
0,1.4145218756311806e-06,0,0.9500000000000001
0,1.3857915064363624e-06,0,0.9500000000000001
0,1.8830003682523966e-05,0,0.9500000000000001
0,0.9968400001525879,1,0.9500000000000001
0,0.0202525332570076,0,0.9500000000000001
0,1.6357317917936598e-06,0,0.9500000000000001
0,1.5009132994237007e-06,0,0.9500000000000001
0,1.5156625750023522e-06,0,0.9500000000000001
0,1.4298806263468578e-06,0,0.9500000000000001
0,0.2783053517341614,0,0.9500000000000001
0,1.4782922335143667e-06,0,0.9500000000000001
1,0.999382734298706,1,0.9500000000000001
0,1.3233949403002043e-06,0,0.9500000000000001
0,0.6589924693107605,0,0.9500000000000001
0,4.1545786189089995e-06,0,0.9500000000000001
0,1.4722859305038583e-06,0,0.9500000000000001
0,0.006572874262928963,0,0.9500000000000001
0,0.0001209532783832401,0,0.9500000000000001
0,1.4639261962656747e-06,0,0.9500000000000001
0,0.9296976327896118,0,0.9500000000000001
0,1.4038432709639892e-06,0,0.9500000000000001
0,0.9999980926513672,1,0.9500000000000001
0,1.505647105659591e-06,0,0.9500000000000001
0,1.6431444009867846e-06,0,0.9500000000000001
0,0.9977566599845886,1,0.9500000000000001
0,0.0005254988791421056,0,0.9500000000000001
0,1.4000574083183892e-05,0,0.9500000000000001
0,1.7441440149923437e-06,0,0.9500000000000001
0,0.17065605521202087,0,0.9500000000000001
0,0.0035662262234836817,0,0.9500000000000001
0,1.2047457857988775e-05,0,0.9500000000000001
0,1.3329200783118722e-06,0,0.9500000000000001
0,0.0007330553489737213,0,0.9500000000000001
1,0.43902531266212463,0,0.9500000000000001
0,1.3493229289451847e-06,0,0.9500000000000001
0,5.911997959628934e-06,0,0.9500000000000001
1,0.9975935816764832,1,0.9500000000000001
0,0.9671018123626709,1,0.9500000000000001
0,0.26767873764038086,0,0.9500000000000001
0,1.3487606338458136e-06,0,0.9500000000000001
0,1.687830945229507e-06,0,0.9500000000000001
0,0.9999979734420776,1,0.9500000000000001
0,0.0023159028496593237,0,0.9500000000000001
0,0.005075286608189344,0,0.9500000000000001
0,0.9971234202384949,1,0.9500000000000001
0,0.02937726117670536,0,0.9500000000000001
0,0.5984868407249451,0,0.9500000000000001
0,0.9989696741104126,1,0.9500000000000001
0,0.013962759636342525,0,0.9500000000000001
0,1.536274908175983e-06,0,0.9500000000000001
0,4.017101673525758e-06,0,0.9500000000000001
0,0.7205751538276672,0,0.9500000000000001
0,1.5364302043963107e-06,0,0.9500000000000001
0,5.319862248143181e-05,0,0.9500000000000001
0,0.5213136672973633,0,0.9500000000000001
0,1.488633984081389e-06,0,0.9500000000000001
0,0.7098258137702942,0,0.9500000000000001
0,1.636448018871306e-06,0,0.9500000000000001
0,9.258960926672444e-05,0,0.9500000000000001
1,0.9997865557670593,1,0.9500000000000001
0,1.3704227512789657e-06,0,0.9500000000000001
1,0.9999996423721313,1,0.9500000000000001
0,0.9953973889350891,1,0.9500000000000001
0,0.3673986792564392,0,0.9500000000000001
0,1.5498590073548257e-06,0,0.9500000000000001
0,1.4572930240319693e-06,0,0.9500000000000001
0,0.9972180128097534,1,0.9500000000000001
0,0.009879137389361858,0,0.9500000000000001
0,0.9998966455459595,1,0.9500000000000001
0,0.7524992227554321,0,0.9500000000000001
0,0.004607008770108223,0,0.9500000000000001
0,1.46186414440308e-06,0,0.9500000000000001
0,1.4152370795272873e-06,0,0.9500000000000001
0,1.765888555382844e-06,0,0.9500000000000001
0,0.008180749602615833,0,0.9500000000000001
0,1.5885507309576496e-06,0,0.9500000000000001
0,0.0018784345593303442,0,0.9500000000000001
0,1.6103351754281903e-06,0,0.9500000000000001
0,1.5586679182888474e-06,0,0.9500000000000001
0,1.6016131212381879e-06,0,0.9500000000000001
0,0.000657678407151252,0,0.9500000000000001
0,0.9999996423721313,1,0.9500000000000001
0,0.0004331435775384307,0,0.9500000000000001
0,1.6153202295754454e-06,0,0.9500000000000001
0,1.5339076071541058e-06,0,0.9500000000000001
0,1.371499934066378e-06,0,0.9500000000000001
0,1.4763704712095205e-06,0,0.9500000000000001
0,0.7322086095809937,0,0.9500000000000001
0,0.00012090404925402254,0,0.9500000000000001
0,1.3938937399871065e-06,0,0.9500000000000001
0,0.003773654345422983,0,0.9500000000000001
0,0.34969544410705566,0,0.9500000000000001
0,6.284200480877189e-06,0,0.9500000000000001
0,1.4507036212307867e-06,0,0.9500000000000001
0,0.9817330837249756,1,0.9500000000000001
0,1.8630770455274615e-06,0,0.9500000000000001
0,0.0011064079590141773,0,0.9500000000000001
0,0.00719923572614789,0,0.9500000000000001
0,0.9923974871635437,1,0.9500000000000001
0,1.8602646605359041e-06,0,0.9500000000000001
0,3.058006086575915e-06,0,0.9500000000000001
0,1.3632884474645834e-06,0,0.9500000000000001
0,5.49140031580464e-06,0,0.9500000000000001
0,1.3128696991770994e-06,0,0.9500000000000001
0,1.7118095456680749e-06,0,0.9500000000000001
0,0.0012583445059135556,0,0.9500000000000001
0,1.6337129409293993e-06,0,0.9500000000000001
0,0.9748971462249756,1,0.9500000000000001
0,0.8194678425788879,0,0.9500000000000001
0,0.9708572030067444,1,0.9500000000000001
1,0.001631312770769,0,0.9500000000000001
0,1.4215120245353319e-06,0,0.9500000000000001
0,1.4710018376717926e-06,0,0.9500000000000001
0,1.3980821904624463e-06,0,0.9500000000000001
0,1.7678768244877574e-06,0,0.9500000000000001
0,1.4044405816093786e-06,0,0.9500000000000001
0,1.2699740182142705e-05,0,0.9500000000000001
0,1.6141068499564426e-06,0,0.9500000000000001
0,2.2058045487938216e-06,0,0.9500000000000001
0,1.672062921898032e-06,0,0.9500000000000001
0,1.6219115650528693e-06,0,0.9500000000000001
0,1.460844032408204e-06,0,0.9500000000000001
0,0.006390028167515993,0,0.9500000000000001
0,1.6878132100828225e-06,0,0.9500000000000001
0,2.0446703274501488e-05,0,0.9500000000000001
0,1.505454747530166e-06,0,0.9500000000000001
0,1.4867895288261934e-06,0,0.9500000000000001
0,0.0011669086525216699,0,0.9500000000000001
0,0.007024938706308603,0,0.9500000000000001
0,3.915183242497733e-06,0,0.9500000000000001
0,5.152401627128711e-06,0,0.9500000000000001
0,1.6848380255396478e-06,0,0.9500000000000001
0,0.9995328187942505,1,0.9500000000000001
0,2.662291080923751e-06,0,0.9500000000000001
0,0.9943832159042358,1,0.9500000000000001
0,0.8979625105857849,0,0.9500000000000001
0,1.251093181053875e-06,0,0.9500000000000001
0,1.3137714631739073e-06,0,0.9500000000000001
0,1.3819119885738473e-05,0,0.9500000000000001
0,2.7870231861015782e-05,0,0.9500000000000001
0,0.19213856756687164,0,0.9500000000000001
0,3.1376619062939426e-06,0,0.9500000000000001
0,0.9999996423721313,1,0.9500000000000001
1,0.9906912446022034,1,0.9500000000000001
0,1.3372108469411614e-06,0,0.9500000000000001
0,1.3091550954413833e-06,0,0.9500000000000001
0,1.3785008832201129e-06,0,0.9500000000000001
0,1.9717952454811893e-05,0,0.9500000000000001
1,0.9999995231628418,1,0.9500000000000001
0,3.575169785108301e-06,0,0.9500000000000001
0,1.5966506907716393e-06,0,0.9500000000000001
0,1.5386633549496764e-06,0,0.9500000000000001
0,0.012998278252780437,0,0.9500000000000001
1,0.9945617318153381,1,0.9500000000000001
0,0.9985657334327698,1,0.9500000000000001
0,3.1334157029050402e-06,0,0.9500000000000001
0,0.00014613779785577208,0,0.9500000000000001
0,1.1092172826465685e-05,0,0.9500000000000001
0,0.9580686688423157,1,0.9500000000000001
0,0.9999992847442627,1,0.9500000000000001
0,1.9130789041810203e-06,0,0.9500000000000001
0,1.7655147530604154e-06,0,0.9500000000000001
0,0.07787898182868958,0,0.9500000000000001
0,9.338767267763615e-05,0,0.9500000000000001
0,2.4774542453087633e-06,0,0.9500000000000001
0,9.208905794366729e-06,0,0.9500000000000001
0,0.7422150373458862,0,0.9500000000000001
0,1.5742341474833665e-06,0,0.9500000000000001
0,0.0002633899566717446,0,0.9500000000000001
0,0.9886332154273987,1,0.9500000000000001
0,1.4166250821290305e-06,0,0.9500000000000001
0,2.123807917087106e-06,0,0.9500000000000001
0,0.9981510043144226,1,0.9500000000000001
0,2.559138920332771e-06,0,0.9500000000000001
0,1.5467138609892572e-06,0,0.9500000000000001
0,0.007363086100667715,0,0.9500000000000001
0,0.9798041582107544,1,0.9500000000000001
0,1.5974015923347906e-06,0,0.9500000000000001
0,1.7909487723954953e-06,0,0.9500000000000001
0,1.550287720419874e-06,0,0.9500000000000001
0,3.4556294849608094e-05,0,0.9500000000000001
0,1.6943755554166273e-06,0,0.9500000000000001
0,1.3005053460801719e-06,0,0.9500000000000001
0,1.3876455113859265e-06,0,0.9500000000000001
0,0.0004656380624510348,0,0.9500000000000001
0,1.4333526451082435e-05,0,0.9500000000000001
0,1.3515160617316724e-06,0,0.9500000000000001
0,1.8818644775819848e-06,0,0.9500000000000001
0,1.745035774547432e-06,0,0.9500000000000001
0,0.9900660514831543,1,0.9500000000000001
1,0.9999996423721313,1,0.9500000000000001
0,0.9983432292938232,1,0.9500000000000001
1,0.9999638795852661,1,0.9500000000000001
0,1.4187951364874607e-06,0,0.9500000000000001
0,1.821443561311753e-06,0,0.9500000000000001
0,1.3458028433888103e-06,0,0.9500000000000001
0,1.578049023009953e-06,0,0.9500000000000001
0,0.053925659507513046,0,0.9500000000000001
0,1.7297887779932353e-06,0,0.9500000000000001
0,0.9876663684844971,1,0.9500000000000001
1,0.999467670917511,1,0.9500000000000001
1,0.9980844259262085,1,0.9500000000000001
0,0.051181960850954056,0,0.9500000000000001
1,0.11143436282873154,0,0.9500000000000001
0,1.4302324871096062e-06,0,0.9500000000000001
0,0.0007119098445400596,0,0.9500000000000001
0,1.6613022353340057e-06,0,0.9500000000000001
0,1.513662027718965e-06,0,0.9500000000000001
0,2.824802777467994e-06,0,0.9500000000000001
0,1.8186004808740108e-06,0,0.9500000000000001
0,0.9583701491355896,1,0.9500000000000001
0,1.4134417369859875e-06,0,0.9500000000000001
0,8.066065674938727e-06,0,0.9500000000000001
0,0.9987704157829285,1,0.9500000000000001
0,1.418139163433807e-06,0,0.9500000000000001
0,0.9672349095344543,1,0.9500000000000001
0,0.0013315234100446105,0,0.9500000000000001
0,1.569700884829217e-06,0,0.9500000000000001
1,0.999998927116394,1,0.9500000000000001
0,0.00014488435408566147,0,0.9500000000000001
0,1.3182532256905688e-06,0,0.9500000000000001
0,1.526705318610766e-06,0,0.9500000000000001
0,1.5291009276552359e-06,0,0.9500000000000001
0,0.25689488649368286,0,0.9500000000000001
0,1.598957737769524e-06,0,0.9500000000000001
0,1.5833675206522457e-06,0,0.9500000000000001
0,0.9993984699249268,1,0.9500000000000001
0,1.3990625120641198e-06,0,0.9500000000000001
0,1.4526029872286017e-06,0,0.9500000000000001
0,1.9341275674378267e-06,0,0.9500000000000001
0,1.5549682075288729e-06,0,0.9500000000000001
0,0.9999994039535522,1,0.9500000000000001
0,1.3218246976975934e-06,0,0.9500000000000001
0,1.9195374534319853e-06,0,0.9500000000000001
0,0.8460468053817749,0,0.9500000000000001
1,0.9999765157699585,1,0.9500000000000001
0,0.004252434242516756,0,0.9500000000000001
0,0.1268463432788849,0,0.9500000000000001
0,0.0034905620850622654,0,0.9500000000000001
0,2.7985256565443706e-06,0,0.9500000000000001
1,0.9999992847442627,1,0.9500000000000001
0,4.983621238352498e-06,0,0.9500000000000001
1,0.9999518394470215,1,0.9500000000000001
0,1.3433435697152163e-06,0,0.9500000000000001
0,1.521783474345284e-06,0,0.9500000000000001
0,2.1093330815347144e-06,0,0.9500000000000001
0,0.0036737900227308273,0,0.9500000000000001
0,2.3054701614455553e-06,0,0.9500000000000001
0,0.0008157852571457624,0,0.9500000000000001
0,2.135608156095259e-06,0,0.9500000000000001
0,0.9239152073860168,0,0.9500000000000001
0,2.6200466436421266e-06,0,0.9500000000000001
0,1.4746987062608241e-06,0,0.9500000000000001
1,0.9999992847442627,1,0.9500000000000001
0,5.576976946031209e-06,0,0.9500000000000001
0,1.4551195590684074e-06,0,0.9500000000000001
0,1.737983893690398e-06,0,0.9500000000000001
1,0.9999256134033203,1,0.9500000000000001
0,0.00040458873263560236,0,0.9500000000000001
0,1.5001477322584833e-06,0,0.9500000000000001
0,1.6507274267496541e-06,0,0.9500000000000001
0,1.4031538739800453e-06,0,0.9500000000000001
0,1.8295982044946868e-06,0,0.9500000000000001
0,1.4079109860176686e-06,0,0.9500000000000001
0,3.2116433885676088e-06,0,0.9500000000000001
0,4.351448296802118e-06,0,0.9500000000000001
0,0.8326678276062012,0,0.9500000000000001
0,0.005634332075715065,0,0.9500000000000001
0,1.7489325045971782e-06,0,0.9500000000000001
0,1.7090691244447953e-06,0,0.9500000000000001
0,0.0017698463052511215,0,0.9500000000000001
1,0.9999996423721313,1,0.9500000000000001
0,1.3989543958814465e-06,0,0.9500000000000001
0,0.0004626368754543364,0,0.9500000000000001
0,2.638597152326838e-06,0,0.9500000000000001
0,1.7033512449415866e-06,0,0.9500000000000001
0,7.651075065950863e-06,0,0.9500000000000001
0,0.0026961674448102713,0,0.9500000000000001
0,0.028954528272151947,0,0.9500000000000001
0,1.7337376903014956e-06,0,0.9500000000000001
0,1.5406941429318977e-06,0,0.9500000000000001
0,1.4555928373738425e-06,0,0.9500000000000001
0,1.5259834071912337e-06,0,0.9500000000000001
0,1.4587557188860956e-06,0,0.9500000000000001
1,0.999998927116394,1,0.9500000000000001
0,1.4469301277131308e-06,0,0.9500000000000001
0,1.6632426422802382e-06,0,0.9500000000000001
0,0.9999972581863403,1,0.9500000000000001
0,1.5360990346380277e-06,0,0.9500000000000001
0,1.0102880878548604e-05,0,0.9500000000000001
0,1.3293679330672603e-06,0,0.9500000000000001
1,0.9999774694442749,1,0.9500000000000001
0,1.7339609712507809e-06,0,0.9500000000000001
0,0.9998542070388794,1,0.9500000000000001
0,2.9791847282467643e-06,0,0.9500000000000001
0,0.9994458556175232,1,0.9500000000000001
0,2.024699142566533e-06,0,0.9500000000000001
0,0.00011115146480733529,0,0.9500000000000001
0,1.6185879303520778e-06,0,0.9500000000000001
0,1.560948476253543e-06,0,0.9500000000000001
0,1.6528729247511365e-06,0,0.9500000000000001
0,3.601538992370479e-05,0,0.9500000000000001
0,1.7159954950329848e-06,0,0.9500000000000001
0,8.854331099428236e-05,0,0.9500000000000001
1,0.9999682903289795,1,0.9500000000000001
0,1.521629542367009e-06,0,0.9500000000000001
1,0.9727066159248352,1,0.9500000000000001
0,0.32520240545272827,0,0.9500000000000001
0,0.0018914948450401425,0,0.9500000000000001
0,0.28197696805000305,0,0.9500000000000001
0,1.3484661849361146e-06,0,0.9500000000000001
0,1.650497551963781e-06,0,0.9500000000000001
0,0.9936745166778564,1,0.9500000000000001
0,2.229657184216194e-06,0,0.9500000000000001
0,1.2717889603663934e-06,0,0.9500000000000001
1,0.9993457198143005,1,0.9500000000000001
1,0.999101996421814,1,0.9500000000000001
0,1.8337450455874205e-06,0,0.9500000000000001
0,7.327088951569749e-06,0,0.9500000000000001
0,2.650687747518532e-06,0,0.9500000000000001
1,0.9999994039535522,1,0.9500000000000001
0,1.5236857962008798e-06,0,0.9500000000000001
0,1.473672455176711e-06,0,0.9500000000000001
0,1.5782671880515409e-06,0,0.9500000000000001
0,0.002004157053306699,0,0.9500000000000001
1,0.9998531341552734,1,0.9500000000000001
0,1.3889867886973661e-06,0,0.9500000000000001
0,2.078027591778664e-06,0,0.9500000000000001
0,2.7392279662308283e-06,0,0.9500000000000001
0,4.524047653831076e-06,0,0.9500000000000001
0,0.9998635053634644,1,0.9500000000000001
0,7.4226823016942944e-06,0,0.9500000000000001
0,1.5825552281967248e-06,0,0.9500000000000001
0,1.419676323166641e-06,0,0.9500000000000001
0,0.000777151552028954,0,0.9500000000000001
0,0.005677760578691959,0,0.9500000000000001
0,1.8156561054638587e-06,0,0.9500000000000001
0,1.4236949255064246e-06,0,0.9500000000000001
0,0.9826940894126892,1,0.9500000000000001
0,2.9984876164235175e-06,0,0.9500000000000001
0,1.4988563634688035e-06,0,0.9500000000000001
1,0.9999994039535522,1,0.9500000000000001
0,0.07757194340229034,0,0.9500000000000001
0,7.836547410988715e-06,0,0.9500000000000001
0,2.679596718735411e-06,0,0.9500000000000001
0,1.3559726994571975e-06,0,0.9500000000000001
0,0.9999994039535522,1,0.9500000000000001
0,1.512523454039183e-06,0,0.9500000000000001
0,0.0035786458756774664,0,0.9500000000000001
0,0.0006752093322575092,0,0.9500000000000001
0,1.3972011174701038e-06,0,0.9500000000000001
0,1.4807841353103868e-06,0,0.9500000000000001
0,0.24301467835903168,0,0.9500000000000001
0,0.9976654052734375,1,0.9500000000000001
0,0.005337741691619158,0,0.9500000000000001
0,1.487369559072249e-06,0,0.9500000000000001
0,1.4925800542187062e-06,0,0.9500000000000001
0,0.001035039545968175,0,0.9500000000000001
0,1.6168568208740908e-06,0,0.9500000000000001
0,1.5886870414760779e-06,0,0.9500000000000001
0,1.3848996331944363e-06,0,0.9500000000000001
0,1.9534302282409044e-06,0,0.9500000000000001
0,1.4012323390488746e-06,0,0.9500000000000001
0,8.406293090956751e-06,0,0.9500000000000001
0,1.6709216197341448e-06,0,0.9500000000000001
0,1.4204157423591823e-06,0,0.9500000000000001
1,0.9999547004699707,1,0.9500000000000001
0,0.9999756813049316,1,0.9500000000000001
0,1.4939586208129185e-06,0,0.9500000000000001
0,1.4069956932871719e-06,0,0.9500000000000001
0,0.06719498336315155,0,0.9500000000000001
0,0.999997615814209,1,0.9500000000000001
0,0.19288022816181183,0,0.9500000000000001
0,1.6563728877372341e-06,0,0.9500000000000001
0,1.4223758171283407e-06,0,0.9500000000000001
0,1.9082164726569317e-05,0,0.9500000000000001
0,1.5015060625955812e-06,0,0.9500000000000001
0,1.3422396705209394e-06,0,0.9500000000000001
0,0.6449013948440552,0,0.9500000000000001
0,2.4900604330468923e-05,0,0.9500000000000001
0,1.4390792557605891e-06,0,0.9500000000000001
0,5.446032446343452e-05,0,0.9500000000000001
0,1.3921667232352775e-06,0,0.9500000000000001
0,0.3279583752155304,0,0.9500000000000001
0,0.997809112071991,1,0.9500000000000001
0,1.1165348951180931e-05,0,0.9500000000000001
0,1.3761601849182625e-06,0,0.9500000000000001
0,5.1237955631222576e-05,0,0.9500000000000001
0,1.8134030597138917e-06,0,0.9500000000000001
0,1.3779778100797557e-06,0,0.9500000000000001
0,0.9951633214950562,1,0.9500000000000001
0,0.9999995231628418,1,0.9500000000000001
1,0.9992294311523438,1,0.9500000000000001
0,1.3990224942972418e-06,0,0.9500000000000001
0,1.661348278503283e-06,0,0.9500000000000001
0,5.472208067658357e-05,0,0.9500000000000001
0,1.5446281622644165e-06,0,0.9500000000000001
0,1.458695919609454e-06,0,0.9500000000000001
0,4.460140644368948e-06,0,0.9500000000000001
1,0.9985485672950745,1,0.9500000000000001
0,2.2602769149671076e-06,0,0.9500000000000001
1,0.9999958276748657,1,0.9500000000000001
0,1.5546848999292706e-06,0,0.9500000000000001
0,0.9993165731430054,1,0.9500000000000001
0,0.8372560143470764,0,0.9500000000000001
0,1.4741714267074713e-06,0,0.9500000000000001
1,0.9999845027923584,1,0.9500000000000001
0,1.3797977089780034e-06,0,0.9500000000000001
0,1.836717046899139e-06,0,0.9500000000000001
0,1.4487901580650941e-06,0,0.9500000000000001
0,1.8392059928373783e-06,0,0.9500000000000001
0,1.2888646097053424e-06,0,0.9500000000000001
0,0.05587682127952576,0,0.9500000000000001
0,1.5193529634416336e-06,0,0.9500000000000001
0,0.06150047481060028,0,0.9500000000000001
0,0.11042729765176773,0,0.9500000000000001
0,3.1182364637061255e-06,0,0.9500000000000001
0,0.9931859970092773,1,0.9500000000000001
0,0.9972956776618958,1,0.9500000000000001
0,0.001739279949106276,0,0.9500000000000001
0,0.001300461939536035,0,0.9500000000000001
0,0.00023460108786821365,0,0.9500000000000001
0,5.445107035484398e-06,0,0.9500000000000001
0,1.4751235539733898e-06,0,0.9500000000000001
0,1.2671955573750893e-06,0,0.9500000000000001
0,0.0001774208649294451,0,0.9500000000000001
0,1.3017424862482585e-06,0,0.9500000000000001
0,1.566742639624863e-06,0,0.9500000000000001
0,1.5565868807243533e-06,0,0.9500000000000001
0,1.774716565705603e-06,0,0.9500000000000001
0,2.2896044811204774e-06,0,0.9500000000000001
0,0.0028100076597183943,0,0.9500000000000001
0,0.0014470923924818635,0,0.9500000000000001
0,1.321730110248609e-06,0,0.9500000000000001
0,1.449761725780263e-06,0,0.9500000000000001
0,1.4630692248829291e-06,0,0.9500000000000001
0,0.9997618794441223,1,0.9500000000000001
0,2.4546020540583413e-06,0,0.9500000000000001
0,0.9998639822006226,1,0.9500000000000001
0,0.015271609649062157,0,0.9500000000000001
0,0.00032865506364032626,0,0.9500000000000001
0,1.4599540918425191e-06,0,0.9500000000000001
0,0.9988937973976135,1,0.9500000000000001
0,0.9946957230567932,1,0.9500000000000001
0,0.8136686682701111,0,0.9500000000000001
0,1.931686938405619e-06,0,0.9500000000000001
1,0.9999994039535522,1,0.9500000000000001
0,1.5160717339313123e-06,0,0.9500000000000001
0,2.2929871192900464e-06,0,0.9500000000000001
0,1.3367721294343937e-06,0,0.9500000000000001
0,1.3409014627541183e-06,0,0.9500000000000001
0,1.5150802710195421e-06,0,0.9500000000000001
0,2.1088744688313454e-06,0,0.9500000000000001
0,1.5603753809045884e-06,0,0.9500000000000001
0,1.3736073469772236e-06,0,0.9500000000000001
0,1.4028126997800427e-06,0,0.9500000000000001
0,1.3077101357339416e-06,0,0.9500000000000001
0,1.3767850077783805e-06,0,0.9500000000000001
0,1.7536441418997128e-06,0,0.9500000000000001
1,0.9139978289604187,0,0.9500000000000001
0,1.7837656969277305e-06,0,0.9500000000000001
0,2.2087158413341967e-06,0,0.9500000000000001
0,0.01230875588953495,0,0.9500000000000001
0,0.6036561727523804,0,0.9500000000000001
0,0.028020739555358887,0,0.9500000000000001
0,0.011186351999640465,0,0.9500000000000001
0,4.141361841902835e-06,0,0.9500000000000001
0,0.9693185687065125,1,0.9500000000000001
0,1.3109328165228362e-06,0,0.9500000000000001
0,1.466239950786985e-06,0,0.9500000000000001
0,0.014337434433400631,0,0.9500000000000001
0,3.005800135724712e-05,0,0.9500000000000001
0,0.9639418721199036,1,0.9500000000000001
0,0.8334594964981079,0,0.9500000000000001
0,1.3771422118225018e-06,0,0.9500000000000001
0,1.3122249811203801e-06,0,0.9500000000000001
0,0.9992780089378357,1,0.9500000000000001
0,1.7180930171889486e-06,0,0.9500000000000001
0,1.5092138028194313e-06,0,0.9500000000000001
0,1.4652641766588204e-06,0,0.9500000000000001
0,0.0001759394071996212,0,0.9500000000000001
0,1.3235692222224316e-06,0,0.9500000000000001
0,1.7827487681643106e-06,0,0.9500000000000001
0,0.9996408224105835,1,0.9500000000000001
1,0.9980080723762512,1,0.9500000000000001
0,1.44326565987285e-06,0,0.9500000000000001
0,0.9999619722366333,1,0.9500000000000001
0,1.4971849395806203e-06,0,0.9500000000000001
0,1.3519286312657641e-06,0,0.9500000000000001
0,0.000130453088786453,0,0.9500000000000001
0,1.4871199027766124e-06,0,0.9500000000000001
0,1.2821883501601405e-05,0,0.9500000000000001
0,1.6027681795094395e-06,0,0.9500000000000001
0,1.4463894331129268e-06,0,0.9500000000000001
0,1.8002274373429827e-05,0,0.9500000000000001
0,1.4488698070636019e-05,0,0.9500000000000001
0,1.8158569901061128e-06,0,0.9500000000000001
1,0.9999995231628418,1,0.9500000000000001
0,0.0010178545489907265,0,0.9500000000000001
0,4.543548129731789e-06,0,0.9500000000000001
0,3.901381205650978e-06,0,0.9500000000000001
0,1.6975310472844285e-06,0,0.9500000000000001
0,1.3858099237040733e-06,0,0.9500000000000001
0,0.00014597039262298495,0,0.9500000000000001
0,0.00029721029568463564,0,0.9500000000000001
0,0.9964269995689392,1,0.9500000000000001
0,1.5552425338682951e-06,0,0.9500000000000001
0,1.55768429976888e-06,0,0.9500000000000001
0,1.5870168681431096e-06,0,0.9500000000000001
0,0.24665319919586182,0,0.9500000000000001
0,2.662407950992929e-06,0,0.9500000000000001
0,1.4856939287710702e-06,0,0.9500000000000001
1,0.999998927116394,1,0.9500000000000001
0,2.187437075917842e-06,0,0.9500000000000001
0,1.7099119986596634e-06,0,0.9500000000000001
0,1.471808673159103e-06,0,0.9500000000000001
0,0.001481706160120666,0,0.9500000000000001
0,1.3367517794904415e-06,0,0.9500000000000001
0,0.9999991655349731,1,0.9500000000000001
0,1.3820813364873175e-06,0,0.9500000000000001
0,1.6341865602953476e-06,0,0.9500000000000001
1,0.9998409748077393,1,0.9500000000000001
0,0.0020800370257347822,0,0.9500000000000001
1,0.9999985694885254,1,0.9500000000000001
0,1.3692286984223756e-06,0,0.9500000000000001
0,1.378863885292958e-06,0,0.9500000000000001
0,1.4789889064559247e-06,0,0.9500000000000001
0,5.9868685639230534e-05,0,0.9500000000000001
0,1.376089358018362e-06,0,0.9500000000000001
0,0.9999992847442627,1,0.9500000000000001
0,1.4377403658727417e-06,0,0.9500000000000001
0,0.9250909090042114,0,0.9500000000000001
0,1.4867399613649468e-06,0,0.9500000000000001
0,1.3037079042987898e-06,0,0.9500000000000001
0,1.8031922763839248e-06,0,0.9500000000000001
0,1.4000047485751566e-06,0,0.9500000000000001
0,1.5114535472093849e-06,0,0.9500000000000001
0,1.310251718678046e-06,0,0.9500000000000001
1,0.999998927116394,1,0.9500000000000001
0,0.9906482100486755,1,0.9500000000000001
0,1.6461259519928717e-06,0,0.9500000000000001
0,1.599076654201781e-06,0,0.9500000000000001
0,1.5785864206918632e-06,0,0.9500000000000001
0,1.633080501051154e-06,0,0.9500000000000001
0,0.9994107484817505,1,0.9500000000000001
0,0.8258441686630249,0,0.9500000000000001
0,1.5479549801966641e-06,0,0.9500000000000001
0,1.4098270639806287e-06,0,0.9500000000000001
0,1.357639462185034e-06,0,0.9500000000000001
1,0.9999994039535522,1,0.9500000000000001
0,1.6583722981522442e-06,0,0.9500000000000001
0,0.08683294802904129,0,0.9500000000000001
0,1.397230448674236e-06,0,0.9500000000000001
0,1.3981622259962023e-06,0,0.9500000000000001
0,0.9978523254394531,1,0.9500000000000001
0,0.0007810434326529503,0,0.9500000000000001
0,1.687463850430504e-06,0,0.9500000000000001
1,0.9977707862854004,1,0.9500000000000001
0,0.9999878406524658,1,0.9500000000000001
0,0.7866418361663818,0,0.9500000000000001
0,1.4453358971877606e-06,0,0.9500000000000001
0,0.9352138042449951,0,0.9500000000000001
1,0.9999992847442627,1,0.9500000000000001
0,5.6640669754415285e-06,0,0.9500000000000001
0,1.615230985407834e-06,0,0.9500000000000001
1,0.9999979734420776,1,0.9500000000000001
0,1.4731441524418187e-06,0,0.9500000000000001
0,0.001160028507001698,0,0.9500000000000001
0,1.3454152849590173e-06,0,0.9500000000000001
0,1.4398342500498984e-06,0,0.9500000000000001
0,0.999062716960907,1,0.9500000000000001
0,0.9958815574645996,1,0.9500000000000001
1,0.9999996423721313,1,0.9500000000000001
0,1.5730877294117818e-06,0,0.9500000000000001
0,0.9996738433837891,1,0.9500000000000001
0,3.1581994335283525e-06,0,0.9500000000000001
0,0.9934112429618835,1,0.9500000000000001
0,0.3084911108016968,0,0.9500000000000001
0,0.9663276076316833,1,0.9500000000000001
0,1.4083273072174052e-06,0,0.9500000000000001
0,3.274241180406534e-06,0,0.9500000000000001
0,1.4199416682458832e-06,0,0.9500000000000001
0,1.3494683344106306e-06,0,0.9500000000000001
0,1.5414524341395008e-06,0,0.9500000000000001
1,0.9993440508842468,1,0.9500000000000001
0,0.7770023941993713,0,0.9500000000000001
1,0.9978027939796448,1,0.9500000000000001
0,0.5455241799354553,0,0.9500000000000001
0,3.645516335382126e-05,0,0.9500000000000001
0,6.137443415354937e-05,0,0.9500000000000001
0,1.5308182810258586e-06,0,0.9500000000000001
0,0.0033781402744352818,0,0.9500000000000001
0,1.3541699672714458e-06,0,0.9500000000000001
0,6.171848508529365e-05,0,0.9500000000000001
1,0.9999986886978149,1,0.9500000000000001
0,0.9986280202865601,1,0.9500000000000001
0,0.624432384967804,0,0.9500000000000001
0,0.9693670868873596,1,0.9500000000000001
0,1.5229041991915437e-06,0,0.9500000000000001
0,2.1583148281933973e-06,0,0.9500000000000001
1,0.9999982118606567,1,0.9500000000000001
0,1.5411584399771527e-06,0,0.9500000000000001
0,1.3401355545283877e-06,0,0.9500000000000001
0,0.9692403078079224,1,0.9500000000000001
0,1.595798153175565e-06,0,0.9500000000000001
0,1.7002026879708865e-06,0,0.9500000000000001
0,1.960434474312933e-06,0,0.9500000000000001
0,1.7033771655405872e-06,0,0.9500000000000001
0,1.4558371503881062e-06,0,0.9500000000000001
1,0.9999426603317261,1,0.9500000000000001
0,2.536229430916137e-06,0,0.9500000000000001
0,1.4052350252313772e-06,0,0.9500000000000001
0,1.357662767986767e-06,0,0.9500000000000001
0,1.7587591401024838e-06,0,0.9500000000000001
0,0.9993522763252258,1,0.9500000000000001
0,1.3827748261974193e-06,0,0.9500000000000001
0,0.9999927282333374,1,0.9500000000000001
0,1.4505625358651741e-06,0,0.9500000000000001
0,1.5407896398755838e-06,0,0.9500000000000001
1,0.9980010390281677,1,0.9500000000000001
0,1.3618252978631062e-06,0,0.9500000000000001
0,0.9905409216880798,1,0.9500000000000001
0,0.8566942811012268,0,0.9500000000000001
0,1.5103108808034449e-06,0,0.9500000000000001
0,1.6374533515772782e-06,0,0.9500000000000001
1,0.9970812201499939,1,0.9500000000000001
0,0.005482024513185024,0,0.9500000000000001
0,8.709342364454642e-05,0,0.9500000000000001
0,2.529429821152007e-06,0,0.9500000000000001
0,0.7684632539749146,0,0.9500000000000001
1,3.399202978471294e-05,0,0.9500000000000001
0,0.7886559367179871,0,0.9500000000000001
0,1.607826561667025e-06,0,0.9500000000000001
0,1.6074708355517942e-06,0,0.9500000000000001
0,5.978179160592845e-06,0,0.9500000000000001
0,1.5576931673422223e-06,0,0.9500000000000001
0,1.4230596434572362e-06,0,0.9500000000000001
0,0.44499924778938293,0,0.9500000000000001
0,1.6698288618499646e-06,0,0.9500000000000001
0,1.4278747357820976e-06,0,0.9500000000000001
0,1.441610834262974e-06,0,0.9500000000000001
0,1.4606754348278628e-06,0,0.9500000000000001
0,0.3381749391555786,0,0.9500000000000001
0,1.5346876125477138e-06,0,0.9500000000000001
0,5.95534356762073e-06,0,0.9500000000000001
0,1.484187123423908e-06,0,0.9500000000000001
0,0.6397613883018494,0,0.9500000000000001
0,6.1634823396161664e-06,0,0.9500000000000001
0,1.4384233963937731e-06,0,0.9500000000000001
0,1.5417612075907527e-06,0,0.9500000000000001
0,6.176409897307167e-06,0,0.9500000000000001
0,0.0004659999976865947,0,0.9500000000000001
0,0.9082001447677612,0,0.9500000000000001
0,1.3433960930342437e-06,0,0.9500000000000001
0,0.12476242333650589,0,0.9500000000000001
0,1.3738733741774922e-06,0,0.9500000000000001
0,2.052353465842316e-06,0,0.9500000000000001
0,0.807521641254425,0,0.9500000000000001
0,0.03125476837158203,0,0.9500000000000001
0,0.9999985694885254,1,0.9500000000000001
0,1.4962428167564212e-06,0,0.9500000000000001
0,0.005838856101036072,0,0.9500000000000001
0,1.4193648212312837e-06,0,0.9500000000000001
0,1.3462752121995436e-06,0,0.9500000000000001
0,1.4362110505317105e-06,0,0.9500000000000001
0,1.6378094187530223e-06,0,0.9500000000000001
0,0.00013652963389176875,0,0.9500000000000001
0,1.37501365315984e-06,0,0.9500000000000001
0,0.00023419142235070467,0,0.9500000000000001
0,0.3854842185974121,0,0.9500000000000001
0,0.4898780286312103,0,0.9500000000000001
0,4.141634690313367e-06,0,0.9500000000000001
0,1.5720257806606242e-06,0,0.9500000000000001
0,1.793297087715473e-06,0,0.9500000000000001
0,1.4559551573256613e-06,0,0.9500000000000001
0,1.8850112155632814e-06,0,0.9500000000000001
0,1.4060406101634726e-06,0,0.9500000000000001
1,0.9991675615310669,1,0.9500000000000001
0,1.5138872413444915e-06,0,0.9500000000000001
0,1.5860863413763582e-06,0,0.9500000000000001
0,0.8189210295677185,0,0.9500000000000001
0,1.4646328736489522e-06,0,0.9500000000000001
0,0.9995355606079102,1,0.9500000000000001
0,1.5276870044544921e-06,0,0.9500000000000001
0,1.4710635696246754e-06,0,0.9500000000000001
0,1.5352350146713434e-06,0,0.9500000000000001
0,1.329659653492854e-06,0,0.9500000000000001
0,1.4708953131048474e-06,0,0.9500000000000001
0,0.0022738261613994837,0,0.9500000000000001
0,1.5040856169434846e-06,0,0.9500000000000001
0,0.000589691917411983,0,0.9500000000000001
0,2.0500315258686896e-06,0,0.9500000000000001
1,0.575447678565979,0,0.9500000000000001
0,1.4357618738358724e-06,0,0.9500000000000001
0,1.3555667237596936e-06,0,0.9500000000000001
0,2.01847001335409e-06,0,0.9500000000000001
1,0.9999774694442749,1,0.9500000000000001
0,1.5583276535835466e-06,0,0.9500000000000001
0,1.0419344107504003e-05,0,0.9500000000000001
0,0.010621733963489532,0,0.9500000000000001
0,1.5690872032791958e-06,0,0.9500000000000001
0,0.004776899702847004,0,0.9500000000000001
0,1.8623220512381522e-06,0,0.9500000000000001
0,1.5765087937325006e-06,0,0.9500000000000001
0,1.4027712040842744e-06,0,0.9500000000000001
0,6.424623279599473e-05,0,0.9500000000000001
0,0.0022189251612871885,0,0.9500000000000001
0,0.9993021488189697,1,0.9500000000000001
1,0.9997434020042419,1,0.9500000000000001
1,0.9999946355819702,1,0.9500000000000001
0,2.0028614926559385e-06,0,0.9500000000000001
0,1.0970456060022116e-05,0,0.9500000000000001
0,4.174157766101416e-06,0,0.9500000000000001
0,1.6050229305619723e-06,0,0.9500000000000001
0,2.13127646020439e-06,0,0.9500000000000001
0,2.2186529804457678e-06,0,0.9500000000000001
0,1.5072087080625352e-06,0,0.9500000000000001
0,1.742860376907629e-06,0,0.9500000000000001
0,8.994152267405298e-06,0,0.9500000000000001
1,0.999998927116394,1,0.9500000000000001
0,0.001566656050272286,0,0.9500000000000001
0,0.004140203818678856,0,0.9500000000000001
0,1.6204056692004087e-06,0,0.9500000000000001
0,1.471380642215081e-06,0,0.9500000000000001
0,0.08182808011770248,0,0.9500000000000001
0,0.9999986886978149,1,0.9500000000000001
0,0.8554434180259705,0,0.9500000000000001
0,1.4028235000296263e-06,0,0.9500000000000001
0,1.4750110040040454e-06,0,0.9500000000000001
0,0.00412711501121521,0,0.9500000000000001
0,1.5741591141704703e-06,0,0.9500000000000001
0,1.8067605651594931e-06,0,0.9500000000000001
1,0.9999732971191406,1,0.9500000000000001
0,0.9888305068016052,1,0.9500000000000001
0,2.752990212684381e-06,0,0.9500000000000001
0,5.3873955039307475e-06,0,0.9500000000000001
0,0.9939427971839905,1,0.9500000000000001
0,0.9959039092063904,1,0.9500000000000001
0,1.570904828440689e-06,0,0.9500000000000001
0,1.5399039057228947e-06,0,0.9500000000000001
0,0.0006562108756043017,0,0.9500000000000001
0,3.64636471203994e-05,0,0.9500000000000001
0,0.9965986609458923,1,0.9500000000000001
0,1.1235056263103615e-05,0,0.9500000000000001
1,0.9999444484710693,1,0.9500000000000001
0,1.512148514848377e-06,0,0.9500000000000001
0,1.6059937024692772e-06,0,0.9500000000000001
0,1.366426658933051e-06,0,0.9500000000000001
0,1.7819837694332819e-06,0,0.9500000000000001
1,0.99949049949646,1,0.9500000000000001
0,1.3175595086067915e-06,0,0.9500000000000001
0,0.024028034880757332,0,0.9500000000000001
0,0.9998921155929565,1,0.9500000000000001
0,1.6580102055741008e-06,0,0.9500000000000001
0,1.3128108093951596e-06,0,0.9500000000000001
0,1.51842004925129e-06,0,0.9500000000000001
0,0.0385899618268013,0,0.9500000000000001
0,3.5400271372054704e-06,0,0.9500000000000001
0,0.00236860616132617,0,0.9500000000000001
0,3.175816345901694e-06,0,0.9500000000000001
0,0.9989076852798462,1,0.9500000000000001
0,0.00849646795541048,0,0.9500000000000001
0,0.00019676020019687712,0,0.9500000000000001
0,1.3988370710649178e-06,0,0.9500000000000001
0,0.06214259937405586,0,0.9500000000000001
0,1.4642362202721415e-06,0,0.9500000000000001
0,1.6803769540274516e-06,0,0.9500000000000001
0,1.3842130783814355e-06,0,0.9500000000000001
0,0.9998220801353455,1,0.9500000000000001
0,3.0447101835306967e-06,0,0.9500000000000001
0,1.3970851568956277e-06,0,0.9500000000000001
0,1.3607269693238777e-06,0,0.9500000000000001
0,0.0005164615577086806,0,0.9500000000000001
0,1.3127156535119866e-06,0,0.9500000000000001
0,1.4299133681561216e-06,0,0.9500000000000001
0,1.8991452179761836e-06,0,0.9500000000000001
0,0.6928068399429321,0,0.9500000000000001
0,1.4900372207193868e-06,0,0.9500000000000001
0,0.9990752935409546,1,0.9500000000000001
0,0.9993797540664673,1,0.9500000000000001
1,0.9999995231628418,1,0.9500000000000001
0,0.03578316047787666,0,0.9500000000000001
0,1.0560606824583374e-05,0,0.9500000000000001
0,1.4314906593426713e-06,0,0.9500000000000001
0,2.7271773433312774e-05,0,0.9500000000000001
0,1.5999735296645667e-06,0,0.9500000000000001
0,1.311594473918376e-06,0,0.9500000000000001
0,0.5275365710258484,0,0.9500000000000001
0,1.4597104609492817e-06,0,0.9500000000000001
0,2.0709808268293273e-06,0,0.9500000000000001
0,0.9959034323692322,1,0.9500000000000001
0,0.4124642610549927,0,0.9500000000000001
0,1.3253450106276432e-06,0,0.9500000000000001
0,0.9999899864196777,1,0.9500000000000001
0,3.723047939274693e-06,0,0.9500000000000001
0,2.524065848774626e-06,0,0.9500000000000001
0,1.8455311874276958e-06,0,0.9500000000000001
0,1.4955893448131974e-06,0,0.9500000000000001
0,0.003523476654663682,0,0.9500000000000001
0,1.4114750683802413e-06,0,0.9500000000000001
0,0.0001546223647892475,0,0.9500000000000001
0,0.0008052322664298117,0,0.9500000000000001
0,0.017685487866401672,0,0.9500000000000001
0,1.597741174919065e-06,0,0.9500000000000001
0,1.6432006759714568e-06,0,0.9500000000000001
0,1.7188666561196442e-06,0,0.9500000000000001
0,1.551614559502923e-06,0,0.9500000000000001
0,0.9998658895492554,1,0.9500000000000001
0,9.95889331534272e-06,0,0.9500000000000001
0,1.589579710525868e-06,0,0.9500000000000001
1,0.9997028708457947,1,0.9500000000000001
0,1.4299541817308636e-06,0,0.9500000000000001
0,1.779263470780279e-06,0,0.9500000000000001
0,1.5284914525182103e-06,0,0.9500000000000001
0,1.414635221408389e-06,0,0.9500000000000001
0,1.5520984106842661e-06,0,0.9500000000000001
0,0.9804303050041199,1,0.9500000000000001
0,1.6119946621984127e-06,0,0.9500000000000001
0,3.3592796171433292e-06,0,0.9500000000000001
1,0.9999997615814209,1,0.9500000000000001
0,0.9999994039535522,1,0.9500000000000001
0,1.4434198192248004e-06,0,0.9500000000000001
0,1.3627619637190946e-06,0,0.9500000000000001
0,1.4326980135592748e-06,0,0.9500000000000001
0,1.3712358395423507e-06,0,0.9500000000000001
0,0.9888657927513123,1,0.9500000000000001
0,1.5222914271362242e-06,0,0.9500000000000001
0,1.480088144489855e-06,0,0.9500000000000001
0,0.24946802854537964,0,0.9500000000000001
0,1.361835643365339e-06,0,0.9500000000000001
0,1.56693090502813e-06,0,0.9500000000000001
0,0.0002803825482260436,0,0.9500000000000001
0,1.4893140587446396e-06,0,0.9500000000000001
0,1.534948069092934e-06,0,0.9500000000000001
0,2.707849262151285e-06,0,0.9500000000000001
1,0.9999996423721313,1,0.9500000000000001
0,0.9961448907852173,1,0.9500000000000001
0,0.006990490015596151,0,0.9500000000000001
0,1.835872922129056e-06,0,0.9500000000000001
0,1.5406324109790148e-06,0,0.9500000000000001
0,0.0011467431904748082,0,0.9500000000000001
0,1.5105111970115104e-06,0,0.9500000000000001
0,1.9857461666106246e-06,0,0.9500000000000001
0,1.6386420611524954e-06,0,0.9500000000000001
0,2.0449820112844463e-06,0,0.9500000000000001
0,1.4190211459208513e-06,0,0.9500000000000001
0,0.002163719618692994,0,0.9500000000000001
0,0.011025456711649895,0,0.9500000000000001
0,0.00935564748942852,0,0.9500000000000001
0,0.0006995341973379254,0,0.9500000000000001
0,1.4052524193175486e-06,0,0.9500000000000001
0,0.9759608507156372,1,0.9500000000000001
0,1.4944060922061908e-06,0,0.9500000000000001
0,1.3609308098239126e-06,0,0.9500000000000001
0,0.028647001832723618,0,0.9500000000000001
0,2.1771559204353252e-06,0,0.9500000000000001
0,1.4585332337446744e-06,0,0.9500000000000001
0,1.3572471289080568e-06,0,0.9500000000000001
0,1.6619140978946234e-06,0,0.9500000000000001
0,1.8829595092029194e-06,0,0.9500000000000001
1,0.996894359588623,1,0.9500000000000001
0,0.9964935183525085,1,0.9500000000000001
0,0.008329087868332863,0,0.9500000000000001
0,0.4962339699268341,0,0.9500000000000001
0,2.8810447929572547e-06,0,0.9500000000000001
0,1.5729420965726604e-06,0,0.9500000000000001
0,2.6211306249024346e-05,0,0.9500000000000001
0,3.29480485561362e-06,0,0.9500000000000001
0,0.9992868304252625,1,0.9500000000000001
0,0.9999995231628418,1,0.9500000000000001
0,3.3071103189286077e-06,0,0.9500000000000001
0,1.3851083622284932e-06,0,0.9500000000000001
0,0.00015427656762767583,0,0.9500000000000001
0,0.0009453956736251712,0,0.9500000000000001
0,4.2654778553696815e-06,0,0.9500000000000001
0,1.9683941445691744e-06,0,0.9500000000000001
0,2.877804490708513e-06,0,0.9500000000000001
0,0.003852222114801407,0,0.9500000000000001
0,1.3594481060863473e-06,0,0.9500000000000001
0,1.8298180748388404e-06,0,0.9500000000000001
0,2.7921435048483545e-06,0,0.9500000000000001
0,4.27625491283834e-06,0,0.9500000000000001
0,1.8709076812228886e-06,0,0.9500000000000001
0,1.5672356994400616e-06,0,0.9500000000000001
0,1.530448912490101e-06,0,0.9500000000000001
0,0.00687694177031517,0,0.9500000000000001
0,2.431462462482159e-06,0,0.9500000000000001
0,0.9072878956794739,0,0.9500000000000001
0,1.6238493572018342e-06,0,0.9500000000000001
0,1.480088144489855e-06,0,0.9500000000000001
0,1.471669747843407e-06,0,0.9500000000000001
1,0.9989719390869141,1,0.9500000000000001
0,1.6395284774262109e-06,0,0.9500000000000001
0,0.9999982118606567,1,0.9500000000000001
0,1.4759158375454717e-06,0,0.9500000000000001
0,1.4006925539433723e-06,0,0.9500000000000001
0,1.5270461517502554e-06,0,0.9500000000000001
0,1.5681926015531644e-06,0,0.9500000000000001
0,1.3636408766615205e-06,0,0.9500000000000001
0,2.121576926583657e-06,0,0.9500000000000001
0,1.4690980378873064e-06,0,0.9500000000000001
1,0.9999932050704956,1,0.9500000000000001
0,1.3248345567262731e-06,0,0.9500000000000001
0,0.9999954700469971,1,0.9500000000000001
0,1.4654095821242663e-06,0,0.9500000000000001
0,1.3901423017159686e-06,0,0.9500000000000001
0,1.2911024214190547e-06,0,0.9500000000000001
0,1.3642925296153408e-06,0,0.9500000000000001
0,0.9538381695747375,1,0.9500000000000001
0,1.732605483084626e-06,0,0.9500000000000001
0,1.4916295185685158e-06,0,0.9500000000000001
0,2.3489308205171255e-06,0,0.9500000000000001
0,1.4722663763677701e-06,0,0.9500000000000001
0,6.018345811753534e-05,0,0.9500000000000001
0,0.9999663829803467,1,0.9500000000000001
0,0.9960896968841553,1,0.9500000000000001
0,1.5473394796572393e-06,0,0.9500000000000001
0,0.005759640131145716,0,0.9500000000000001
0,1.3309943369677057e-06,0,0.9500000000000001
0,0.1558665633201599,0,0.9500000000000001
0,0.9961723685264587,1,0.9500000000000001
0,1.4228236295821262e-06,0,0.9500000000000001
0,1.365437924505386e-06,0,0.9500000000000001
0,1.5258815437846351e-06,0,0.9500000000000001
0,0.0006171259447000921,0,0.9500000000000001
0,1.3165243899493362e-06,0,0.9500000000000001
0,1.489852593294927e-06,0,0.9500000000000001
0,1.446291321371973e-06,0,0.9500000000000001
0,1.660192083363654e-06,0,0.9500000000000001
0,1.5456420214832178e-06,0,0.9500000000000001
0,1.4429353996092686e-06,0,0.9500000000000001
0,1.6709853980501066e-06,0,0.9500000000000001
0,1.572030328134133e-06,0,0.9500000000000001
0,8.832008461467922e-06,0,0.9500000000000001
0,1.6956929584921454e-06,0,0.9500000000000001
0,1.3955218491901178e-06,0,0.9500000000000001
0,1.4943091173336143e-06,0,0.9500000000000001
0,0.2728750705718994,0,0.9500000000000001
0,1.5211885511234868e-06,0,0.9500000000000001
1,0.9999645948410034,1,0.9500000000000001
0,0.9867936968803406,1,0.9500000000000001
0,1.4852448657620698e-06,0,0.9500000000000001
0,1.5304402722904342e-06,0,0.9500000000000001
0,0.9980508089065552,1,0.9500000000000001
0,1.36435494368925e-06,0,0.9500000000000001
0,1.368569428450428e-06,0,0.9500000000000001
0,0.956437349319458,1,0.9500000000000001
0,0.0009636887116357684,0,0.9500000000000001
0,1.917724875966087e-05,0,0.9500000000000001
0,1.5207707519948599e-06,0,0.9500000000000001
0,1.4030053989699809e-06,0,0.9500000000000001
0,1.7030491790137603e-06,0,0.9500000000000001
0,2.017273118326557e-06,0,0.9500000000000001
0,0.978304386138916,1,0.9500000000000001
0,1.6218497194131487e-06,0,0.9500000000000001
0,0.9747129678726196,1,0.9500000000000001
0,1.2113747288822196e-05,0,0.9500000000000001
0,1.3202474065110437e-06,0,0.9500000000000001
0,1.920202066685306e-06,0,0.9500000000000001
0,0.7269542813301086,0,0.9500000000000001
1,0.9426743984222412,0,0.9500000000000001
0,1.4129147984931478e-06,0,0.9500000000000001
0,1.6939796978476807e-06,0,0.9500000000000001
0,0.01636197231709957,0,0.9500000000000001
0,1.5169438256634749e-06,0,0.9500000000000001
0,1.2688994956988608e-06,0,0.9500000000000001
0,0.9965824484825134,1,0.9500000000000001
1,0.9999996423721313,1,0.9500000000000001
0,2.1168921193748247e-06,0,0.9500000000000001
0,3.0081112072366523e-06,0,0.9500000000000001
0,0.0013117702910676599,0,0.9500000000000001
0,1.5333240526160807e-06,0,0.9500000000000001
0,1.55437805915426e-06,0,0.9500000000000001
0,8.546670869691297e-06,0,0.9500000000000001
0,1.507388446952973e-06,0,0.9500000000000001
1,0.967765212059021,1,0.9500000000000001
0,1.3658521993420436e-06,0,0.9500000000000001
0,1.4827243148829439e-06,0,0.9500000000000001
0,0.9905609488487244,1,0.9500000000000001
1,0.9999991655349731,1,0.9500000000000001
0,1.4886395547364373e-06,0,0.9500000000000001
1,0.9974737763404846,1,0.9500000000000001
0,0.999189555644989,1,0.9500000000000001
1,0.9999979734420776,1,0.9500000000000001
0,0.00023477022477891296,0,0.9500000000000001
0,0.9999991655349731,1,0.9500000000000001
0,1.444926510885125e-06,0,0.9500000000000001
0,1.5144851204240695e-06,0,0.9500000000000001
0,1.922442834256799e-06,0,0.9500000000000001
0,1.6560190942982445e-06,0,0.9500000000000001
0,6.784315701224841e-06,0,0.9500000000000001
0,1.3391914990279474e-06,0,0.9500000000000001
0,1.5093763749973732e-06,0,0.9500000000000001
1,0.9999942779541016,1,0.9500000000000001
0,1.4698870245410944e-06,0,0.9500000000000001
0,1.8618247850099578e-06,0,0.9500000000000001
0,1.3821894526699907e-06,0,0.9500000000000001
1,0.9998745918273926,1,0.9500000000000001
0,0.004662565886974335,0,0.9500000000000001
0,0.9999996423721313,1,0.9500000000000001
1,0.9996040463447571,1,0.9500000000000001
1,0.9999996423721313,1,0.9500000000000001
0,0.00027406818117015064,0,0.9500000000000001
0,1.7740380826580804e-06,0,0.9500000000000001
1,0.9934325218200684,1,0.9500000000000001
0,2.333754309802316e-06,0,0.9500000000000001
0,0.7575936317443848,0,0.9500000000000001
0,1.4492034097202122e-06,0,0.9500000000000001
0,0.9390321373939514,0,0.9500000000000001
0,1.5625257674400927e-06,0,0.9500000000000001
0,4.072765477758367e-06,0,0.9500000000000001
1,0.9996486902236938,1,0.9500000000000001
0,2.372941480643931e-06,0,0.9500000000000001
1,0.999996542930603,1,0.9500000000000001
0,1.7166371435450856e-06,0,0.9500000000000001
0,1.26179156723083e-05,0,0.9500000000000001
0,0.9650954008102417,1,0.9500000000000001
0,1.54262158957863e-06,0,0.9500000000000001
0,1.4936422303435393e-06,0,0.9500000000000001
0,1.4393208402907476e-06,0,0.9500000000000001
1,0.9999996423721313,1,0.9500000000000001
0,1.3315122942003654e-06,0,0.9500000000000001
0,1.5108223578863544e-06,0,0.9500000000000001
0,1.5557720871584024e-06,0,0.9500000000000001
0,0.9999995231628418,1,0.9500000000000001
0,0.0022192164324223995,0,0.9500000000000001
0,3.6961930618417682e-06,0,0.9500000000000001
0,1.5122797094591078e-06,0,0.9500000000000001
0,1.4324534731713356e-06,0,0.9500000000000001
0,1.7533380969325663e-06,0,0.9500000000000001
0,1.4505777699014288e-06,0,0.9500000000000001
0,0.9973630309104919,1,0.9500000000000001
0,1.5834580153750721e-06,0,0.9500000000000001
0,0.0022271517664194107,0,0.9500000000000001
1,0.9999982118606567,1,0.9500000000000001
0,1.4751657317901845e-06,0,0.9500000000000001
0,0.0022277950774878263,0,0.9500000000000001
0,1.4967851029723533e-06,0,0.9500000000000001
0,1.4144613487587776e-05,0,0.9500000000000001
0,0.9955368041992188,1,0.9500000000000001
0,2.569492608017754e-06,0,0.9500000000000001
0,1.4653915059170686e-06,0,0.9500000000000001
0,1.5179857655311935e-06,0,0.9500000000000001
0,0.0037521824706345797,0,0.9500000000000001
0,1.5355864206867409e-06,0,0.9500000000000001
0,1.8579987681732746e-06,0,0.9500000000000001
0,0.014533053152263165,0,0.9500000000000001
0,1.3717301499127643e-06,0,0.9500000000000001
0,1.5944655160637922e-06,0,0.9500000000000001
0,1.7771182001524721e-06,0,0.9500000000000001
0,0.9659367203712463,1,0.9500000000000001
0,9.054912879946642e-06,0,0.9500000000000001
0,1.3944868442195002e-06,0,0.9500000000000001
0,1.388819782732753e-06,0,0.9500000000000001
0,0.9997838139533997,1,0.9500000000000001
0,1.5751247701700777e-06,0,0.9500000000000001
0,1.868172603280982e-06,0,0.9500000000000001
0,1.4566343224942102e-06,0,0.9500000000000001
0,9.531588148092851e-05,0,0.9500000000000001
0,0.3161076009273529,0,0.9500000000000001
0,1.4686708027511486e-06,0,0.9500000000000001
0,1.4805143564444734e-06,0,0.9500000000000001
1,0.9999978542327881,1,0.9500000000000001
0,1.8470701661499334e-06,0,0.9500000000000001
0,1.3742625242230133e-06,0,0.9500000000000001
0,2.579883812359185e-06,0,0.9500000000000001
0,5.25481436852715e-06,0,0.9500000000000001
0,1.605081024536048e-06,0,0.9500000000000001
0,0.9999263286590576,1,0.9500000000000001
0,1.462576733501919e-06,0,0.9500000000000001
0,1.4112503095020656e-06,0,0.9500000000000001
0,3.673043238450191e-06,0,0.9500000000000001
0,0.9969022870063782,1,0.9500000000000001
0,2.611439958855044e-05,0,0.9500000000000001
0,0.9583274126052856,1,0.9500000000000001
0,1.5348367696788046e-06,0,0.9500000000000001
1,0.9926254153251648,1,0.9500000000000001
0,4.310488293413073e-06,0,0.9500000000000001
0,1.4841531310594291e-06,0,0.9500000000000001
0,1.391046680510044e-06,0,0.9500000000000001
0,0.9986095428466797,1,0.9500000000000001
0,7.462485882570036e-06,0,0.9500000000000001
0,1.3043521676081582e-06,0,0.9500000000000001
0,0.9985249638557434,1,0.9500000000000001
0,0.0012666996335610747,0,0.9500000000000001
0,1.4803562180532026e-06,0,0.9500000000000001
0,2.4626704089314444e-06,0,0.9500000000000001
0,0.9993153810501099,1,0.9500000000000001
0,1.7347647371934727e-06,0,0.9500000000000001
0,1.401308509230148e-06,0,0.9500000000000001
0,2.2903273020347115e-06,0,0.9500000000000001
0,1.6635694919386879e-06,0,0.9500000000000001
0,0.9811766743659973,1,0.9500000000000001
0,0.9925265312194824,1,0.9500000000000001
0,0.0016372576355934143,0,0.9500000000000001
0,1.6869248611328658e-06,0,0.9500000000000001
0,1.5565467492706375e-06,0,0.9500000000000001
0,1.4427153018914396e-06,0,0.9500000000000001
0,1.5448756585101364e-06,0,0.9500000000000001
0,0.01879023388028145,0,0.9500000000000001
0,1.3663133131558425e-06,0,0.9500000000000001
0,3.282756370026618e-05,0,0.9500000000000001
0,1.4959759937482886e-06,0,0.9500000000000001
0,1.6590350924161612e-06,0,0.9500000000000001
0,0.26132896542549133,0,0.9500000000000001
0,1.9406070350669324e-06,0,0.9500000000000001
0,4.899157374893548e-06,0,0.9500000000000001
0,1.4960958196752472e-06,0,0.9500000000000001
0,1.856574613157136e-06,0,0.9500000000000001
0,0.07703883945941925,0,0.9500000000000001
0,4.132619324082043e-06,0,0.9500000000000001
0,2.4335547550435876e-06,0,0.9500000000000001
0,0.00022684344730805606,0,0.9500000000000001
0,1.641164772081538e-06,0,0.9500000000000001
0,1.5435840623467811e-06,0,0.9500000000000001
0,1.473031716159312e-06,0,0.9500000000000001
0,1.5240956372508663e-06,0,0.9500000000000001
0,0.9545679688453674,1,0.9500000000000001
1,0.9992883801460266,1,0.9500000000000001
0,0.9796143174171448,1,0.9500000000000001
0,1.3860743592886138e-06,0,0.9500000000000001
0,0.9989979863166809,1,0.9500000000000001
0,7.598109368700534e-05,0,0.9500000000000001
1,0.9999996423721313,1,0.9500000000000001
0,0.0023521753028035164,0,0.9500000000000001
0,2.340581204407499e-06,0,0.9500000000000001
0,1.4750012269360013e-06,0,0.9500000000000001
0,1.3901476449973416e-06,0,0.9500000000000001
0,1.4105775107964291e-06,0,0.9500000000000001
0,0.001083966577425599,0,0.9500000000000001
1,0.6551492214202881,0,0.9500000000000001
0,1.3802321063849377e-06,0,0.9500000000000001
0,1.4758608131160145e-06,0,0.9500000000000001
0,7.001513949944638e-06,0,0.9500000000000001
0,2.7847668206959497e-06,0,0.9500000000000001
0,1.5570767573080957e-06,0,0.9500000000000001
0,0.8968207240104675,0,0.9500000000000001
0,1.5132072803680785e-06,0,0.9500000000000001
0,1.459167606299161e-06,0,0.9500000000000001
0,1.4387704823093372e-06,0,0.9500000000000001
0,1.7882521206047386e-06,0,0.9500000000000001
0,1.4589811598852975e-06,0,0.9500000000000001
0,7.82861970947124e-05,0,0.9500000000000001
0,1.5214438917610096e-06,0,0.9500000000000001
0,1.4368946494869306e-06,0,0.9500000000000001
0,2.14774099731585e-05,0,0.9500000000000001
0,0.9999063014984131,1,0.9500000000000001
0,1.3045636251263204e-06,0,0.9500000000000001
0,1.1825657566078007e-05,0,0.9500000000000001
0,1.482054130974575e-06,0,0.9500000000000001
0,1.3541712178266607e-06,0,0.9500000000000001
0,4.0396735130343586e-05,0,0.9500000000000001
0,2.8762076453858754e-06,0,0.9500000000000001
0,0.9919079542160034,1,0.9500000000000001
0,0.007240731734782457,0,0.9500000000000001
0,0.9999188184738159,1,0.9500000000000001
0,1.3996469760968466e-06,0,0.9500000000000001
0,1.4506621255350183e-06,0,0.9500000000000001
1,0.999998927116394,1,0.9500000000000001
1,0.9998916387557983,1,0.9500000000000001
1,0.9999988079071045,1,0.9500000000000001
0,1.6626083834125893e-06,0,0.9500000000000001
0,0.9950330257415771,1,0.9500000000000001
0,0.9994425177574158,1,0.9500000000000001
0,1.6541739569220226e-06,0,0.9500000000000001
0,1.4886793451296398e-06,0,0.9500000000000001
0,0.004015497863292694,0,0.9500000000000001
0,1.5369636230389006e-06,0,0.9500000000000001
0,1.3547357866627863e-06,0,0.9500000000000001
0,1.5160298971750308e-06,0,0.9500000000000001
0,1.7090885648940457e-06,0,0.9500000000000001
0,4.062935204274254e-06,0,0.9500000000000001
0,1.4975476005929522e-06,0,0.9500000000000001
0,1.4924534070814843e-06,0,0.9500000000000001
0,1.6020286466300604e-06,0,0.9500000000000001
0,0.0008416456985287368,0,0.9500000000000001
1,0.9999935626983643,1,0.9500000000000001
0,1.4784021686864435e-06,0,0.9500000000000001
0,0.8236710429191589,0,0.9500000000000001
0,1.6031443692554603e-06,0,0.9500000000000001
0,2.9631753477588063e-06,0,0.9500000000000001
0,0.9997014403343201,1,0.9500000000000001
0,1.3938712299932376e-06,0,0.9500000000000001
0,1.8206967524747597e-06,0,0.9500000000000001
0,1.4920719877409283e-06,0,0.9500000000000001
0,0.00020979186228942126,0,0.9500000000000001
0,0.9968333840370178,1,0.9500000000000001
0,1.4143396356303128e-06,0,0.9500000000000001
0,1.5421729813169804e-06,0,0.9500000000000001
0,0.002015136880800128,0,0.9500000000000001
0,1.412866140526603e-06,0,0.9500000000000001
0,1.444834197172895e-06,0,0.9500000000000001
0,1.6448187807327486e-06,0,0.9500000000000001
0,1.3114342891640263e-06,0,0.9500000000000001
0,0.0006152443238534033,0,0.9500000000000001
0,1.4146081639410113e-06,0,0.9500000000000001
0,0.0005346572143025696,0,0.9500000000000001
0,0.9999579191207886,1,0.9500000000000001
0,1.4217939678928815e-06,0,0.9500000000000001
1,0.9999996423721313,1,0.9500000000000001
0,1.4697791357320966e-06,0,0.9500000000000001
0,1.9687358872033656e-06,0,0.9500000000000001
0,1.3387368653638987e-06,0,0.9500000000000001
0,1.7231437823284068e-06,0,0.9500000000000001
0,0.9987574815750122,1,0.9500000000000001
0,1.557229779791669e-06,0,0.9500000000000001
0,0.00012022403097944334,0,0.9500000000000001
0,0.9727340936660767,1,0.9500000000000001
0,0.00037657003849744797,0,0.9500000000000001
0,1.4043789633433335e-06,0,0.9500000000000001
0,0.760625958442688,0,0.9500000000000001
0,2.3489421892008977e-06,0,0.9500000000000001
1,0.9999992847442627,1,0.9500000000000001
0,0.000286776979919523,0,0.9500000000000001
0,1.4193378774507437e-06,0,0.9500000000000001
0,1.5710576235505869e-06,0,0.9500000000000001
0,1.5585595747324987e-06,0,0.9500000000000001
0,1.6791963162177126e-06,0,0.9500000000000001
0,1.4845282976239105e-06,0,0.9500000000000001
0,1.452014430469717e-06,0,0.9500000000000001
0,1.5777902717672987e-06,0,0.9500000000000001
0,1.4167777635520906e-06,0,0.9500000000000001
0,0.36667513847351074,0,0.9500000000000001
0,0.0012372108176350594,0,0.9500000000000001
0,1.5849733472350636e-06,0,0.9500000000000001
0,0.980914831161499,1,0.9500000000000001
0,3.919576556654647e-06,0,0.9500000000000001
0,0.00036340916994959116,0,0.9500000000000001
0,1.417691578353697e-06,0,0.9500000000000001
0,1.6404418374804663e-06,0,0.9500000000000001
0,1.4908856655893032e-06,0,0.9500000000000001
0,2.7450429115560837e-05,0,0.9500000000000001
0,0.7845048308372498,0,0.9500000000000001
0,1.5574912595184287e-06,0,0.9500000000000001
0,0.6482598185539246,0,0.9500000000000001
0,1.4087383988226065e-06,0,0.9500000000000001
0,0.9985059499740601,1,0.9500000000000001
0,1.8200977365268045e-06,0,0.9500000000000001
0,1.3610280120701646e-06,0,0.9500000000000001
0,1.3853104974259622e-06,0,0.9500000000000001
0,1.3247283732198412e-06,0,0.9500000000000001
0,1.37012614231935e-06,0,0.9500000000000001
0,0.006597817409783602,0,0.9500000000000001
0,1.5580349099764135e-06,0,0.9500000000000001
0,2.589991254353663e-06,0,0.9500000000000001
0,1.4564037655873108e-06,0,0.9500000000000001
0,0.999697208404541,1,0.9500000000000001
0,0.9488246440887451,0,0.9500000000000001
0,1.760484155965969e-05,0,0.9500000000000001
0,1.6646503127049073e-06,0,0.9500000000000001
0,1.4683122344649746e-06,0,0.9500000000000001
0,1.4628069493483054e-06,0,0.9500000000000001
0,1.3461992239172105e-05,0,0.9500000000000001
0,1.577041189193551e-06,0,0.9500000000000001
0,1.5915304629743332e-06,0,0.9500000000000001
0,1.3806348988509853e-06,0,0.9500000000000001
0,0.03385167568922043,0,0.9500000000000001
0,1.4275370858740644e-06,0,0.9500000000000001
0,1.9071094357059337e-06,0,0.9500000000000001
0,5.885283098905347e-05,0,0.9500000000000001
0,2.3761706415825756e-06,0,0.9500000000000001
0,1.3598707937489962e-06,0,0.9500000000000001
0,1.3836771586284158e-06,0,0.9500000000000001
0,0.44716328382492065,0,0.9500000000000001
0,1.3410574410954723e-06,0,0.9500000000000001
0,0.9999234676361084,1,0.9500000000000001
0,1.4762438240722986e-06,0,0.9500000000000001
0,0.052057262510061264,0,0.9500000000000001
0,1.7907881328937947e-06,0,0.9500000000000001
0,1.3040710200584726e-06,0,0.9500000000000001
0,2.6656089175958186e-06,0,0.9500000000000001
0,0.53073650598526,0,0.9500000000000001
0,0.002381526865065098,0,0.9500000000000001
0,0.0010843999916687608,0,0.9500000000000001
0,1.595808726051473e-06,0,0.9500000000000001
0,0.9999988079071045,1,0.9500000000000001
0,0.0026328545063734055,0,0.9500000000000001
0,3.2517052659386536e-06,0,0.9500000000000001
0,0.9999948740005493,1,0.9500000000000001
0,1.5263036630130955e-06,0,0.9500000000000001
1,0.9999995231628418,1,0.9500000000000001
0,1.5850611134737846e-06,0,0.9500000000000001
0,1.319830744250794e-06,0,0.9500000000000001
0,1.8187704426964046e-06,0,0.9500000000000001
0,1.4267300230130786e-06,0,0.9500000000000001
0,1.344661086477572e-06,0,0.9500000000000001
0,1.5287043879652629e-06,0,0.9500000000000001
0,0.9997677206993103,1,0.9500000000000001
0,1.5770788195368368e-06,0,0.9500000000000001
0,2.113571781592327e-06,0,0.9500000000000001
0,1.369794176753203e-06,0,0.9500000000000001
0,1.4129254850558937e-06,0,0.9500000000000001
0,1.4650435105068027e-06,0,0.9500000000000001
0,1.934907913891948e-06,0,0.9500000000000001
0,1.4303593616205035e-06,0,0.9500000000000001
0,0.0002187529025832191,0,0.9500000000000001
0,0.6054622530937195,0,0.9500000000000001
0,1.8647016304385033e-06,0,0.9500000000000001
0,1.4764718798687682e-06,0,0.9500000000000001
0,1.541677420391352e-06,0,0.9500000000000001
0,0.9999991655349731,1,0.9500000000000001
0,0.9465861916542053,0,0.9500000000000001
0,0.0002903341082856059,0,0.9500000000000001
0,6.206173566170037e-05,0,0.9500000000000001
0,1.5574644294247264e-06,0,0.9500000000000001
0,1.9647038698167307e-06,0,0.9500000000000001
1,0.9999996423721313,1,0.9500000000000001
0,0.08143825083971024,0,0.9500000000000001
0,4.632501440937631e-05,0,0.9500000000000001
0,2.2477343009086326e-06,0,0.9500000000000001
0,1.6294214901790838e-06,0,0.9500000000000001
0,1.481740468989301e-06,0,0.9500000000000001
0,4.165190603089286e-06,0,0.9500000000000001
0,1.2996474652027246e-06,0,0.9500000000000001
0,1.3687639466297696e-06,0,0.9500000000000001
0,3.451246357144555e-06,0,0.9500000000000001
0,0.9993094205856323,1,0.9500000000000001
0,1.4502886642731028e-06,0,0.9500000000000001
0,1.5610928585374495e-06,0,0.9500000000000001
0,0.0755513608455658,0,0.9500000000000001
0,1.6662829693814274e-06,0,0.9500000000000001
0,0.0002076041855616495,0,0.9500000000000001
0,0.0055661313235759735,0,0.9500000000000001
0,0.9812520742416382,1,0.9500000000000001
0,2.0568641048157588e-06,0,0.9500000000000001
0,1.2804296147805871e-06,0,0.9500000000000001
0,1.300896087741421e-06,0,0.9500000000000001
0,2.9973266464367043e-06,0,0.9500000000000001
0,0.3813686668872833,0,0.9500000000000001
0,0.041691750288009644,0,0.9500000000000001
0,2.1095322608744027e-06,0,0.9500000000000001
0,7.295662726392038e-06,0,0.9500000000000001
0,1.4739127891516546e-06,0,0.9500000000000001
0,0.9485529065132141,0,0.9500000000000001
1,0.9990135431289673,1,0.9500000000000001
0,1.740207949296746e-06,0,0.9500000000000001
0,1.5278910723282024e-06,0,0.9500000000000001
0,1.4638236280006822e-05,0,0.9500000000000001
0,1.8556931991042802e-06,0,0.9500000000000001
0,1.4862112038827036e-06,0,0.9500000000000001
0,1.3624826351588126e-06,0,0.9500000000000001
0,1.713933102109877e-06,0,0.9500000000000001
0,9.777363629837055e-06,0,0.9500000000000001
0,0.030479799956083298,0,0.9500000000000001
0,1.355773633804347e-06,0,0.9500000000000001
0,0.754009485244751,0,0.9500000000000001
0,1.6404325151597732e-06,0,0.9500000000000001
0,0.9999994039535522,1,0.9500000000000001
1,0.9999529123306274,1,0.9500000000000001
0,1.3982941027279594e-06,0,0.9500000000000001
0,0.09176016598939896,0,0.9500000000000001
0,2.022300577664282e-06,0,0.9500000000000001
0,1.590404622220376e-06,0,0.9500000000000001
0,1.522953539279115e-06,0,0.9500000000000001
0,1.4796547702644602e-06,0,0.9500000000000001
0,1.3283896578286658e-06,0,0.9500000000000001
0,1.3466244581650244e-06,0,0.9500000000000001
1,0.9994717240333557,1,0.9500000000000001
0,1.5836091051824042e-06,0,0.9500000000000001
0,1.4416796147997957e-06,0,0.9500000000000001
0,2.063987085421104e-05,0,0.9500000000000001
0,1.479942739024409e-06,0,0.9500000000000001
0,1.3630206012749113e-06,0,0.9500000000000001
0,1.4154596783555462e-06,0,0.9500000000000001
0,0.003650563070550561,0,0.9500000000000001
0,1.4506870229524793e-06,0,0.9500000000000001
0,1.310044240199204e-06,0,0.9500000000000001
1,0.9999951124191284,1,0.9500000000000001
0,2.1808486962981988e-06,0,0.9500000000000001
0,1.5748078112665098e-06,0,0.9500000000000001
0,0.9999946355819702,1,0.9500000000000001
1,0.9999526739120483,1,0.9500000000000001
0,1.424102379132819e-06,0,0.9500000000000001
0,1.3134082337273867e-06,0,0.9500000000000001
0,1.8408801452096668e-06,0,0.9500000000000001
0,0.971841037273407,1,0.9500000000000001
0,1.3433793810690986e-06,0,0.9500000000000001
0,0.9974529147148132,1,0.9500000000000001
0,1.3773511682302342e-06,0,0.9500000000000001
0,1.4489006616713596e-06,0,0.9500000000000001
0,1.7292577467742376e-06,0,0.9500000000000001
0,4.3661557356244884e-06,0,0.9500000000000001
0,1.4189968169375788e-06,0,0.9500000000000001
0,2.1426483272080077e-06,0,0.9500000000000001
0,0.0017111811321228743,0,0.9500000000000001
0,0.9999953508377075,1,0.9500000000000001
0,0.9992097616195679,1,0.9500000000000001
1,0.9999996423721313,1,0.9500000000000001
0,1.4348269132824498e-06,0,0.9500000000000001
0,0.9999531507492065,1,0.9500000000000001
0,1.4935142189642647e-06,0,0.9500000000000001
0,0.9999995231628418,1,0.9500000000000001
1,0.8735607266426086,0,0.9500000000000001
0,0.4444120228290558,0,0.9500000000000001
1,0.9800890684127808,1,0.9500000000000001
0,1.7536206087243045e-06,0,0.9500000000000001
0,1.5290280543922563e-06,0,0.9500000000000001
0,0.9647812247276306,1,0.9500000000000001
0,1.910165565277566e-06,0,0.9500000000000001
0,0.00119793601334095,0,0.9500000000000001
0,1.4184137171469047e-06,0,0.9500000000000001
0,0.003908521495759487,0,0.9500000000000001
0,0.41370418667793274,0,0.9500000000000001
0,1.857881784417259e-06,0,0.9500000000000001
0,1.6888742493392783e-06,0,0.9500000000000001
1,0.9999994039535522,1,0.9500000000000001
0,8.023885129659902e-06,0,0.9500000000000001
0,2.887065420509316e-06,0,0.9500000000000001
0,1.4358440694195451e-06,0,0.9500000000000001
1,0.995373547077179,1,0.9500000000000001
0,0.5394560694694519,0,0.9500000000000001
0,1.4453206631515059e-06,0,0.9500000000000001
1,0.993933379650116,1,0.9500000000000001
0,1.64554671755468e-06,0,0.9500000000000001
0,8.769949090492446e-06,0,0.9500000000000001
0,1.601103008397331e-06,0,0.9500000000000001
0,0.87031090259552,0,0.9500000000000001
0,1.466154571971856e-06,0,0.9500000000000001
0,0.996921956539154,1,0.9500000000000001
0,1.6472189372507273e-06,0,0.9500000000000001
0,0.0004770708328578621,0,0.9500000000000001
0,0.9959558844566345,1,0.9500000000000001
1,0.9999988079071045,1,0.9500000000000001
0,1.603044893272454e-06,0,0.9500000000000001
0,1.4538697996613337e-06,0,0.9500000000000001
0,0.010584522038698196,0,0.9500000000000001
0,0.06211072951555252,0,0.9500000000000001
0,2.0371569462440675e-06,0,0.9500000000000001
0,1.4565594028681517e-06,0,0.9500000000000001
0,0.9999992847442627,1,0.9500000000000001
0,0.9608945846557617,1,0.9500000000000001
0,0.005638522561639547,0,0.9500000000000001
0,1.908535750771989e-06,0,0.9500000000000001
0,3.942095190723194e-06,0,0.9500000000000001
0,6.088447662477847e-06,0,0.9500000000000001
0,2.085691221509478e-06,0,0.9500000000000001
0,1.365029106636939e-06,0,0.9500000000000001
0,1.243737369804876e-05,0,0.9500000000000001
0,2.3613897610630374e-06,0,0.9500000000000001
1,0.9999995231628418,1,0.9500000000000001
0,1.4121737876848783e-06,0,0.9500000000000001
0,0.0027093905955553055,0,0.9500000000000001
0,0.00026581509155221283,0,0.9500000000000001
0,1.86593626949616e-06,0,0.9500000000000001
0,1.446309283892333e-06,0,0.9500000000000001
0,1.413009044881619e-06,0,0.9500000000000001
0,2.574089558038395e-05,0,0.9500000000000001
0,1.6760648577474058e-05,0,0.9500000000000001
0,1.2878534789706464e-06,0,0.9500000000000001
0,0.00031423536711372435,0,0.9500000000000001
0,0.9545490741729736,1,0.9500000000000001
0,1.2843332797274343e-06,0,0.9500000000000001
0,0.28433215618133545,0,0.9500000000000001
0,1.4774437886444503e-06,0,0.9500000000000001
0,1.5825900163690676e-06,0,0.9500000000000001
1,0.9999111890792847,1,0.9500000000000001
0,2.845402832463151e-06,0,0.9500000000000001
0,1.593986553416471e-06,0,0.9500000000000001
0,0.013795092701911926,0,0.9500000000000001
0,1.533043359813746e-06,0,0.9500000000000001
0,1.8531518435338512e-06,0,0.9500000000000001
0,0.0024260219652205706,0,0.9500000000000001
1,0.999998927116394,1,0.9500000000000001
0,1.3864868151358678e-06,0,0.9500000000000001
1,0.13728086650371552,0,0.9500000000000001
0,1.433239049219992e-06,0,0.9500000000000001
0,2.0805143776669865e-06,0,0.9500000000000001
0,5.320676336850738e-06,0,0.9500000000000001
0,0.811093270778656,0,0.9500000000000001
0,0.9838545918464661,1,0.9500000000000001
0,1.3847068203176605e-06,0,0.9500000000000001
1,0.9999995231628418,1,0.9500000000000001
0,0.9999990463256836,1,0.9500000000000001
0,1.6034654208851862e-06,0,0.9500000000000001
0,0.9999948740005493,1,0.9500000000000001
0,0.00041961707756854594,0,0.9500000000000001
0,1.7261735365536879e-06,0,0.9500000000000001
0,1.8168426549891592e-06,0,0.9500000000000001
0,0.9999983310699463,1,0.9500000000000001
0,1.522944899079448e-06,0,0.9500000000000001
0,0.004672069102525711,0,0.9500000000000001
0,1.275722297577886e-06,0,0.9500000000000001
0,1.375884721710463e-06,0,0.9500000000000001
0,1.3905466857977444e-06,0,0.9500000000000001
0,1.7289954712396138e-06,0,0.9500000000000001
0,1.8162396600018837e-06,0,0.9500000000000001
0,0.002788200741633773,0,0.9500000000000001
0,1.4472944940280286e-06,0,0.9500000000000001
0,1.3202196669226396e-06,0,0.9500000000000001
0,6.074672455724794e-06,0,0.9500000000000001
0,1.455096025892999e-06,0,0.9500000000000001
0,1.5700720723543782e-06,0,0.9500000000000001
0,1.3743384670306114e-06,0,0.9500000000000001
0,1.670682650001254e-06,0,0.9500000000000001
1,0.9999980926513672,1,0.9500000000000001
0,0.004972820635885,0,0.9500000000000001
0,1.4377458228409523e-06,0,0.9500000000000001
1,0.99565589427948,1,0.9500000000000001
0,1.7868781014840351e-06,0,0.9500000000000001
0,2.1923701751802582e-06,0,0.9500000000000001
0,1.4776720718145953e-06,0,0.9500000000000001
0,1.8031940953733283e-06,0,0.9500000000000001
1,3.6884594010189176e-05,0,0.9500000000000001
0,0.0002779694914352149,0,0.9500000000000001
0,1.6686270782884094e-06,0,0.9500000000000001
0,0.015483553521335125,0,0.9500000000000001
0,1.5735212173240143e-06,0,0.9500000000000001
0,1.6397254967159824e-06,0,0.9500000000000001
0,1.475423232477624e-06,0,0.9500000000000001
0,7.694993655604776e-06,0,0.9500000000000001
0,2.05051651391841e-06,0,0.9500000000000001
0,1.3634171409648843e-06,0,0.9500000000000001
0,1.4462997341979644e-06,0,0.9500000000000001
0,0.9999979734420776,1,0.9500000000000001
0,1.4419242688745726e-06,0,0.9500000000000001
0,1.4067809388507158e-06,0,0.9500000000000001
0,1.287395434701466e-06,0,0.9500000000000001
0,2.586310984042939e-06,0,0.9500000000000001
0,1.867029141067178e-06,0,0.9500000000000001
0,0.993603527545929,1,0.9500000000000001
1,0.9998897314071655,1,0.9500000000000001
0,1.5916913298497093e-06,0,0.9500000000000001
0,1.6827264062158065e-06,0,0.9500000000000001
0,1.4035701951797819e-06,0,0.9500000000000001
0,1.5901210872470983e-06,0,0.9500000000000001
0,1.528975531073229e-06,0,0.9500000000000001
0,1.5212175412671058e-06,0,0.9500000000000001
1,0.9999986886978149,1,0.9500000000000001
0,0.9999369382858276,1,0.9500000000000001
0,0.0013030313421040773,0,0.9500000000000001
0,1.5700152289355174e-06,0,0.9500000000000001
0,0.11394047737121582,0,0.9500000000000001
0,1.3928466842116904e-06,0,0.9500000000000001
0,1.518745989415038e-06,0,0.9500000000000001
0,0.9973976612091064,1,0.9500000000000001
0,1.5787235270181554e-06,0,0.9500000000000001
0,2.8742772428813623e-06,0,0.9500000000000001
1,0.9983012676239014,1,0.9500000000000001
1,0.9999995231628418,1,0.9500000000000001
0,0.9999914169311523,1,0.9500000000000001
0,1.5469662457689992e-06,0,0.9500000000000001
0,2.1993348127580248e-05,0,0.9500000000000001
0,0.9968769550323486,1,0.9500000000000001
0,1.3422985603028792e-06,0,0.9500000000000001
0,0.0006780256517231464,0,0.9500000000000001
0,3.765511428355239e-05,0,0.9500000000000001
0,0.07839690148830414,0,0.9500000000000001
0,1.5001778592704795e-06,0,0.9500000000000001
0,1.643763312131341e-06,0,0.9500000000000001
0,1.6807505289762048e-06,0,0.9500000000000001
0,1.1756131243600976e-05,0,0.9500000000000001
0,1.4127800795904477e-06,0,0.9500000000000001
0,0.005594703368842602,0,0.9500000000000001
0,1.6693861653038766e-06,0,0.9500000000000001
0,0.6887102127075195,0,0.9500000000000001
0,0.44021210074424744,0,0.9500000000000001
0,1.63075844739069e-06,0,0.9500000000000001
0,2.1539062800002284e-06,0,0.9500000000000001
0,1.4134376442598295e-06,0,0.9500000000000001
0,0.03219303861260414,0,0.9500000000000001
0,1.4300688917501247e-06,0,0.9500000000000001
0,2.382047114224406e-06,0,0.9500000000000001
0,1.530971644569945e-06,0,0.9500000000000001
0,1.454779521736782e-06,0,0.9500000000000001
0,1.5319823205572902e-06,0,0.9500000000000001
0,1.5136894262468559e-06,0,0.9500000000000001
0,1.461381884837465e-06,0,0.9500000000000001
0,1.4135994206299074e-06,0,0.9500000000000001
0,1.6976654251266154e-06,0,0.9500000000000001
0,0.8465073108673096,0,0.9500000000000001
0,6.569270772160962e-05,0,0.9500000000000001
0,1.5485057929254253e-06,0,0.9500000000000001
0,0.00036115231341682374,0,0.9500000000000001
0,0.8481090068817139,0,0.9500000000000001
0,0.07770119607448578,0,0.9500000000000001
0,0.004739863332360983,0,0.9500000000000001
0,0.0013631255133077502,0,0.9500000000000001
0,0.3773433268070221,0,0.9500000000000001
0,0.9995447993278503,1,0.9500000000000001
0,0.0028925088699907064,0,0.9500000000000001
0,3.261507117713336e-06,0,0.9500000000000001
0,1.7546611843499704e-06,0,0.9500000000000001
0,1.3161127299099462e-06,0,0.9500000000000001
0,1.4304316664492944e-06,0,0.9500000000000001
0,1.814550046219665e-06,0,0.9500000000000001
0,0.9940435290336609,1,0.9500000000000001
0,1.470474444431602e-06,0,0.9500000000000001
0,1.3693553455595975e-06,0,0.9500000000000001
0,0.025710316374897957,0,0.9500000000000001
0,0.955354630947113,1,0.9500000000000001
0,1.521337935628253e-06,0,0.9500000000000001
0,1.664715341576084e-06,0,0.9500000000000001
0,1.3759200783169945e-06,0,0.9500000000000001
0,0.3465261459350586,0,0.9500000000000001
0,0.0018017739057540894,0,0.9500000000000001
0,1.3185687066652463e-06,0,0.9500000000000001
0,0.11572795361280441,0,0.9500000000000001
1,0.9999948740005493,1,0.9500000000000001
0,2.789652171486523e-06,0,0.9500000000000001
0,0.9960227012634277,1,0.9500000000000001
0,5.563341619563289e-05,0,0.9500000000000001
0,1.4082253301239689e-06,0,0.9500000000000001
0,0.8379335403442383,0,0.9500000000000001
0,0.002977900905534625,0,0.9500000000000001
0,5.633871751342667e-06,0,0.9500000000000001
0,1.4690112948301248e-06,0,0.9500000000000001
0,1.3114280363879516e-06,0,0.9500000000000001
0,0.9703619480133057,1,0.9500000000000001
0,1.2973712273378624e-06,0,0.9500000000000001
0,1.7757104160409654e-06,0,0.9500000000000001
0,1.5184824633251992e-06,0,0.9500000000000001
0,1.9619608337961836e-06,0,0.9500000000000001
0,1.5673626876377966e-06,0,0.9500000000000001
0,1.3659692967848969e-06,0,0.9500000000000001
0,1.9209437596146017e-06,0,0.9500000000000001
0,1.5196341109913192e-06,0,0.9500000000000001
0,1.6099052118079271e-06,0,0.9500000000000001
0,1.304414354308392e-06,0,0.9500000000000001
0,3.809511326835491e-05,0,0.9500000000000001
0,1.751274226080568e-06,0,0.9500000000000001
0,1.2752151405948098e-06,0,0.9500000000000001
0,1.486321707488969e-06,0,0.9500000000000001
0,0.9980984330177307,1,0.9500000000000001
0,2.3806393073755316e-05,0,0.9500000000000001
1,0.999950647354126,1,0.9500000000000001
0,1.7238671716768295e-06,0,0.9500000000000001
1,0.9999995231628418,1,0.9500000000000001
0,0.9962167143821716,1,0.9500000000000001
0,2.124731736330432e-06,0,0.9500000000000001
0,1.462753971281927e-06,0,0.9500000000000001
1,0.9998453855514526,1,0.9500000000000001
0,0.0005485932342708111,0,0.9500000000000001
0,1.4988449947850313e-06,0,0.9500000000000001
0,1.734428906274843e-06,0,0.9500000000000001
0,1.6494999499627738e-06,0,0.9500000000000001
0,0.9999991655349731,1,0.9500000000000001
0,1.3791847095490084e-06,0,0.9500000000000001
0,2.771250137811876e-06,0,0.9500000000000001
0,1.854067477324861e-06,0,0.9500000000000001
0,1.7276393009524327e-06,0,0.9500000000000001
0,1.5325375670727226e-06,0,0.9500000000000001
0,1.3787021089228801e-06,0,0.9500000000000001
1,0.9999992847442627,1,0.9500000000000001
0,0.7598429322242737,0,0.9500000000000001
0,1.913281266752165e-06,0,0.9500000000000001
0,1.6285235915347585e-06,0,0.9500000000000001
0,1.486520204707631e-06,0,0.9500000000000001
0,0.9994723200798035,1,0.9500000000000001
0,1.6996839349303627e-06,0,0.9500000000000001
0,1.657597636040009e-06,0,0.9500000000000001
0,1.3554013094108086e-06,0,0.9500000000000001
0,8.859526133164763e-06,0,0.9500000000000001
0,0.0033821030519902706,0,0.9500000000000001
0,5.208066795603372e-06,0,0.9500000000000001
0,0.9999983310699463,1,0.9500000000000001
0,0.9996626377105713,1,0.9500000000000001
0,1.4187423857947579e-06,0,0.9500000000000001
0,1.6124758985824883e-06,0,0.9500000000000001
0,1.518475187367585e-06,0,0.9500000000000001
0,2.636974613778875e-06,0,0.9500000000000001
0,2.1475354969879845e-06,0,0.9500000000000001
0,1.4030401871423237e-06,0,0.9500000000000001
0,1.350588377135864e-06,0,0.9500000000000001
0,1.534649527457077e-06,0,0.9500000000000001
0,1.3088354080537101e-06,0,0.9500000000000001
0,0.998694121837616,1,0.9500000000000001
0,1.4374525107996305e-06,0,0.9500000000000001
0,1.9321510080771986e-06,0,0.9500000000000001
0,1.4245573538573808e-06,0,0.9500000000000001
0,0.003132361453026533,0,0.9500000000000001
0,0.9096468091011047,0,0.9500000000000001
0,0.00036642185295931995,0,0.9500000000000001
0,1.4104200545261847e-06,0,0.9500000000000001
0,0.910420298576355,0,0.9500000000000001
1,0.9999996423721313,1,0.9500000000000001
0,1.4357372037920868e-06,0,0.9500000000000001
0,3.7855268146813614e-06,0,0.9500000000000001
0,7.139823537727352e-06,0,0.9500000000000001
1,0.9999843835830688,1,0.9500000000000001
0,4.253297083778307e-05,0,0.9500000000000001
0,1.3640127463077079e-06,0,0.9500000000000001
0,0.0006981698097661138,0,0.9500000000000001
0,1.929681729961885e-06,0,0.9500000000000001
0,1.3784247130388394e-06,0,0.9500000000000001
0,1.5102605175343342e-06,0,0.9500000000000001
0,1.6996418708004057e-06,0,0.9500000000000001
0,1.7271647720917827e-06,0,0.9500000000000001
0,1.4760269095859258e-06,0,0.9500000000000001
0,1.5336444221247802e-06,0,0.9500000000000001
0,1.5453382502528257e-06,0,0.9500000000000001
0,4.438782707438804e-05,0,0.9500000000000001
0,0.19738195836544037,0,0.9500000000000001
0,0.9991445541381836,1,0.9500000000000001
0,4.6130429836921394e-05,0,0.9500000000000001
0,1.5100415566848824e-06,0,0.9500000000000001
0,0.0005782776861451566,0,0.9500000000000001
0,1.3508266647477285e-06,0,0.9500000000000001
1,0.9169296622276306,0,0.9500000000000001
0,1.372443307445792e-06,0,0.9500000000000001
0,1.906243937810359e-06,0,0.9500000000000001
0,6.112543633207679e-05,0,0.9500000000000001
0,0.004074206110090017,0,0.9500000000000001
0,0.004738533869385719,0,0.9500000000000001
0,1.3659354181072558e-06,0,0.9500000000000001
0,1.4607757066187332e-06,0,0.9500000000000001
0,3.967689735873137e-06,0,0.9500000000000001
0,1.4892649232933763e-05,0,0.9500000000000001
0,3.0183468879840802e-06,0,0.9500000000000001
0,1.2838312386520556e-06,0,0.9500000000000001
0,0.9980509281158447,1,0.9500000000000001
0,4.8894606152316555e-05,0,0.9500000000000001
0,1.5343305221904302e-06,0,0.9500000000000001
0,0.0002404802362434566,0,0.9500000000000001
0,1.550268507344299e-06,0,0.9500000000000001
0,1.7834084928836091e-06,0,0.9500000000000001
0,0.9851617813110352,1,0.9500000000000001
0,2.18102127291786e-06,0,0.9500000000000001
0,1.539561594654515e-06,0,0.9500000000000001
0,1.5287612313841237e-06,0,0.9500000000000001
0,1.6392814359278418e-06,0,0.9500000000000001
0,0.0002409930166322738,0,0.9500000000000001
0,0.13205184042453766,0,0.9500000000000001
0,2.5060192001546966e-06,0,0.9500000000000001
0,1.3011641613047686e-06,0,0.9500000000000001
0,1.3150462336852797e-06,0,0.9500000000000001
0,5.943502401350997e-06,0,0.9500000000000001
1,0.9988960027694702,1,0.9500000000000001
0,0.9999839067459106,1,0.9500000000000001
0,1.3669337022292893e-06,0,0.9500000000000001
0,1.4887502857163781e-06,0,0.9500000000000001
0,2.5429455945413793e-06,0,0.9500000000000001
0,0.14616243541240692,0,0.9500000000000001
0,7.204899702628609e-06,0,0.9500000000000001
0,1.7590542711332091e-06,0,0.9500000000000001
0,1.876931946753757e-06,0,0.9500000000000001
0,0.002535870997235179,0,0.9500000000000001
0,3.6303761135059176e-06,0,0.9500000000000001
0,1.4901479516993277e-06,0,0.9500000000000001
0,0.002610002178698778,0,0.9500000000000001
0,2.656356400621007e-06,0,0.9500000000000001
1,0.9994812607765198,1,0.9500000000000001
0,1.4706090496474644e-06,0,0.9500000000000001
1,0.9998672008514404,1,0.9500000000000001
0,0.0013132322346791625,0,0.9500000000000001
0,0.0015434229280799627,0,0.9500000000000001
0,0.9997932314872742,1,0.9500000000000001
0,4.629446266335435e-06,0,0.9500000000000001
0,1.4820358273937018e-06,0,0.9500000000000001
0,1.0808154911501333e-05,0,0.9500000000000001
0,1.7331177559753996e-06,0,0.9500000000000001
0,1.4724923858011607e-06,0,0.9500000000000001
0,1.4177455796016147e-06,0,0.9500000000000001
1,0.9999992847442627,1,0.9500000000000001
0,0.9978334307670593,1,0.9500000000000001
0,1.5622605360476882e-06,0,0.9500000000000001
0,1.3670191037817858e-05,0,0.9500000000000001
0,0.9988033771514893,1,0.9500000000000001
0,1.5321488717745524e-06,0,0.9500000000000001
0,1.973631015061983e-06,0,0.9500000000000001
0,2.0447887436603196e-06,0,0.9500000000000001
0,0.9983254075050354,1,0.9500000000000001
0,1.4254665074986406e-06,0,0.9500000000000001
0,0.6557233929634094,0,0.9500000000000001
0,0.866532027721405,0,0.9500000000000001
0,1.5445044709849753e-06,0,0.9500000000000001
0,1.4714817098138155e-06,0,0.9500000000000001
0,1.547919509903295e-06,0,0.9500000000000001
0,0.008935868740081787,0,0.9500000000000001
0,1.5693206023570383e-06,0,0.9500000000000001
0,1.5872559515628382e-06,0,0.9500000000000001
0,0.9990524649620056,1,0.9500000000000001
0,5.172522833163384e-06,0,0.9500000000000001
0,1.3258229500934249e-06,0,0.9500000000000001
1,0.9999933242797852,1,0.9500000000000001
0,0.0008257861481979489,0,0.9500000000000001
0,2.159632458642591e-06,0,0.9500000000000001
0,1.378566594212316e-06,0,0.9500000000000001
0,1.4426161669689463e-06,0,0.9500000000000001
0,1.4253442941480898e-06,0,0.9500000000000001
0,1.4375457340065623e-06,0,0.9500000000000001
0,0.5127789378166199,0,0.9500000000000001
0,0.012704082764685154,0,0.9500000000000001
0,1.7511940768599743e-06,0,0.9500000000000001
0,1.2962718756170943e-06,0,0.9500000000000001
0,0.03294172137975693,0,0.9500000000000001
0,1.4991065881986287e-06,0,0.9500000000000001
0,1.4637209915235871e-06,0,0.9500000000000001
0,1.6926441048781271e-06,0,0.9500000000000001
0,0.01870115101337433,0,0.9500000000000001
0,1.3088829291518778e-06,0,0.9500000000000001
0,1.6895138514883001e-06,0,0.9500000000000001
0,1.3512660643755225e-06,0,0.9500000000000001
0,1.6800197499833303e-06,0,0.9500000000000001
0,1.3506347613656544e-06,0,0.9500000000000001
0,1.5089503904164303e-06,0,0.9500000000000001
0,1.6003016298782313e-06,0,0.9500000000000001
0,1.6242333913396578e-06,0,0.9500000000000001
1,0.9965640902519226,1,0.9500000000000001
0,1.4172169358062092e-06,0,0.9500000000000001
0,9.380670235259458e-06,0,0.9500000000000001
1,0.9998779296875,1,0.9500000000000001
0,1.9286478618596448e-06,0,0.9500000000000001
0,1.5317060615416267e-06,0,0.9500000000000001
0,2.7296782718622126e-06,0,0.9500000000000001
0,0.0002637291618157178,0,0.9500000000000001
0,1.3818731758874492e-06,0,0.9500000000000001
1,0.9999995231628418,1,0.9500000000000001
0,0.0025345757603645325,0,0.9500000000000001
0,0.0007284202729351819,0,0.9500000000000001
0,5.9564513321674895e-06,0,0.9500000000000001
0,1.4530270391333033e-06,0,0.9500000000000001
0,1.623282628315792e-06,0,0.9500000000000001
0,1.5878222257015295e-06,0,0.9500000000000001
0,0.997921884059906,1,0.9500000000000001
0,1.4648646811110666e-06,0,0.9500000000000001
1,0.99826979637146,1,0.9500000000000001
0,0.0005071787745691836,0,0.9500000000000001
0,0.029917657375335693,0,0.9500000000000001
0,1.4432738453251659e-06,0,0.9500000000000001
0,1.5472257928195177e-06,0,0.9500000000000001
0,1.4275683497544378e-06,0,0.9500000000000001
0,1.4593067589885322e-06,0,0.9500000000000001
0,0.0023779303301125765,0,0.9500000000000001
0,0.9999990463256836,1,0.9500000000000001
0,2.997749788846704e-06,0,0.9500000000000001
0,0.9486663937568665,0,0.9500000000000001
0,1.4544633586410782e-06,0,0.9500000000000001
0,1.5109361584109138e-06,0,0.9500000000000001
0,8.511899068253115e-06,0,0.9500000000000001
0,1.4403176464838907e-06,0,0.9500000000000001
0,1.388863552165276e-06,0,0.9500000000000001
0,0.0010161076206713915,0,0.9500000000000001
0,1.4820104752288898e-06,0,0.9500000000000001
0,1.3622785672851023e-06,0,0.9500000000000001
0,1.3054534520051675e-06,0,0.9500000000000001
0,0.00020356298773549497,0,0.9500000000000001
0,1.6603075891907793e-06,0,0.9500000000000001
0,1.9022576225324883e-06,0,0.9500000000000001
0,1.35042989768408e-06,0,0.9500000000000001
0,1.817151087379898e-06,0,0.9500000000000001
0,2.4761366148595698e-05,0,0.9500000000000001
0,1.8466986375642591e-06,0,0.9500000000000001
0,1.630686938369763e-06,0,0.9500000000000001
0,6.46802573101013e-06,0,0.9500000000000001
0,5.102660452394048e-06,0,0.9500000000000001
0,1.4960801308916416e-06,0,0.9500000000000001
0,2.379177431066637e-06,0,0.9500000000000001
0,0.0006698823999613523,0,0.9500000000000001
0,1.9309741219331045e-06,0,0.9500000000000001
0,1.823014599722228e-06,0,0.9500000000000001
0,1.2914398439534125e-06,0,0.9500000000000001
0,0.999990701675415,1,0.9500000000000001
0,1.5200719190033851e-06,0,0.9500000000000001
0,1.3526379234463093e-06,0,0.9500000000000001
1,0.9999992847442627,1,0.9500000000000001
0,1.4017134617461124e-06,0,0.9500000000000001
0,1.5854284356464632e-06,0,0.9500000000000001
0,0.999169111251831,1,0.9500000000000001
0,1.309706931351684e-06,0,0.9500000000000001
0,1.5411584399771527e-06,0,0.9500000000000001
0,1.5945233826641925e-06,0,0.9500000000000001
0,4.479232302401215e-06,0,0.9500000000000001
0,1.4118426179265953e-06,0,0.9500000000000001
0,1.4434447166422615e-06,0,0.9500000000000001
0,1.6566476688240073e-06,0,0.9500000000000001
0,1.5545558653684566e-06,0,0.9500000000000001
1,0.9999991655349731,1,0.9500000000000001
0,1.5661734096283908e-06,0,0.9500000000000001
0,1.579753643454751e-06,0,0.9500000000000001
0,1.3155605529391323e-06,0,0.9500000000000001
0,0.020086463540792465,0,0.9500000000000001
0,0.9953039884567261,1,0.9500000000000001
0,1.7443336446376634e-06,0,0.9500000000000001
0,1.4676697901450098e-06,0,0.9500000000000001
0,1.6002725260477746e-06,0,0.9500000000000001
1,0.9986845850944519,1,0.9500000000000001
1,0.608534038066864,0,0.9500000000000001
0,1.6292381133098388e-06,0,0.9500000000000001
0,1.36136554829136e-06,0,0.9500000000000001
0,0.005856739357113838,0,0.9500000000000001
0,1.4431637964662514e-06,0,0.9500000000000001
0,4.285677732696058e-06,0,0.9500000000000001
0,1.525651668998762e-06,0,0.9500000000000001
0,0.010403109714388847,0,0.9500000000000001
0,1.6348568578905542e-06,0,0.9500000000000001
0,1.5995310604921542e-06,0,0.9500000000000001
0,1.580053435645823e-06,0,0.9500000000000001
0,1.344517386314692e-06,0,0.9500000000000001
0,1.8985097085533198e-06,0,0.9500000000000001
0,0.0004595122009050101,0,0.9500000000000001
0,1.4371207726071589e-06,0,0.9500000000000001
0,5.287580279400572e-06,0,0.9500000000000001
0,1.442569327991805e-06,0,0.9500000000000001
0,1.7883443206301308e-06,0,0.9500000000000001
0,2.2028050352673745e-06,0,0.9500000000000001
0,0.9955729246139526,1,0.9500000000000001
0,1.4968863979447633e-06,0,0.9500000000000001
0,1.7725495126796886e-05,0,0.9500000000000001
0,3.2882912819331978e-06,0,0.9500000000000001
0,0.0016667250311002135,0,0.9500000000000001
0,2.1608973383990815e-06,0,0.9500000000000001
1,0.9999971389770508,1,0.9500000000000001
0,0.999779999256134,1,0.9500000000000001
0,1.3732353636441985e-06,0,0.9500000000000001
1,0.9999829530715942,1,0.9500000000000001
0,7.343065590248443e-06,0,0.9500000000000001
0,1.4672219776912243e-06,0,0.9500000000000001
0,1.3201466799728223e-06,0,0.9500000000000001
0,2.324268052689149e-06,0,0.9500000000000001
0,1.6829848163979477e-06,0,0.9500000000000001
0,1.0857546840270516e-05,0,0.9500000000000001
0,0.005020364187657833,0,0.9500000000000001
0,0.004591931588947773,0,0.9500000000000001
0,0.0006526264478452504,0,0.9500000000000001
0,1.4952129276935011e-06,0,0.9500000000000001
0,2.442207005515229e-05,0,0.9500000000000001
0,1.3078349184070248e-05,0,0.9500000000000001
0,1.5776789723531692e-06,0,0.9500000000000001
0,2.5868714146781713e-05,0,0.9500000000000001
0,1.4973019233366358e-06,0,0.9500000000000001
0,1.417342787135567e-06,0,0.9500000000000001
0,0.01586301065981388,0,0.9500000000000001
0,1.5591660940117436e-06,0,0.9500000000000001
0,1.5219982287817402e-06,0,0.9500000000000001
0,1.3934791240899358e-06,0,0.9500000000000001
0,0.079658143222332,0,0.9500000000000001
0,2.633853000588715e-06,0,0.9500000000000001
0,0.002883890410885215,0,0.9500000000000001
0,2.0293250599934254e-06,0,0.9500000000000001
1,0.9878299236297607,1,0.9500000000000001
0,1.443235419174016e-06,0,0.9500000000000001
0,0.0041396887972950935,0,0.9500000000000001
0,1.5661150882806396e-06,0,0.9500000000000001
0,3.8312932701956015e-06,0,0.9500000000000001
0,0.9973543882369995,1,0.9500000000000001
0,0.9989676475524902,1,0.9500000000000001
0,1.7458580714446725e-06,0,0.9500000000000001
0,1.404385670866759e-06,0,0.9500000000000001
0,1.3967176073492737e-06,0,0.9500000000000001
0,1.921845296237734e-06,0,0.9500000000000001
0,1.4538697996613337e-06,0,0.9500000000000001
1,0.9999960660934448,1,0.9500000000000001
0,1.8204259504273068e-06,0,0.9500000000000001
0,1.9474780401651515e-06,0,0.9500000000000001
0,1.3092486597088282e-06,0,0.9500000000000001
0,0.9990313053131104,1,0.9500000000000001
0,0.0007402551709674299,0,0.9500000000000001
0,0.9989118576049805,1,0.9500000000000001
0,4.548854576569283e-06,0,0.9500000000000001
1,0.998878538608551,1,0.9500000000000001
0,1.4453579524342786e-06,0,0.9500000000000001
0,1.4852038248136523e-06,0,0.9500000000000001
0,1.3890993386667105e-06,0,0.9500000000000001
0,1.5825326045160182e-06,0,0.9500000000000001
0,1.43342776937061e-06,0,0.9500000000000001
0,2.343896085221786e-06,0,0.9500000000000001
0,1.5599707694491372e-06,0,0.9500000000000001
0,1.8269740849063965e-06,0,0.9500000000000001
0,1.4831343833066057e-06,0,0.9500000000000001
0,1.4039369489182718e-06,0,0.9500000000000001
1,0.999998927116394,1,0.9500000000000001
0,9.103452612180263e-06,0,0.9500000000000001
0,0.9987881779670715,1,0.9500000000000001
0,0.9807003736495972,1,0.9500000000000001
0,3.9045303310558666e-06,0,0.9500000000000001
0,0.975858211517334,1,0.9500000000000001
0,0.9999918937683105,1,0.9500000000000001
0,1.4063880371395499e-06,0,0.9500000000000001
0,0.14521163702011108,0,0.9500000000000001
0,1.3120397852617316e-06,0,0.9500000000000001
1,0.9998935461044312,1,0.9500000000000001
0,1.9617530142568285e-06,0,0.9500000000000001
0,1.5604319969497737e-06,0,0.9500000000000001
0,0.00011638709111139178,0,0.9500000000000001
0,1.6284147932310589e-06,0,0.9500000000000001
0,0.0005845005507580936,0,0.9500000000000001
0,1.4688712326460518e-06,0,0.9500000000000001
0,1.2970582474736148e-06,0,0.9500000000000001
0,0.5924773812294006,0,0.9500000000000001
0,0.026637058705091476,0,0.9500000000000001
1,0.9975398778915405,1,0.9500000000000001
0,1.7932133005160722e-06,0,0.9500000000000001
0,1.4602617284253938e-06,0,0.9500000000000001
0,1.5843431810935726e-06,0,0.9500000000000001
0,1.348575437987165e-06,0,0.9500000000000001
0,1.4212178029993083e-06,0,0.9500000000000001
0,7.221534906420857e-05,0,0.9500000000000001
0,1.6018758515201625e-06,0,0.9500000000000001
0,1.5891340581219993e-06,0,0.9500000000000001
0,1.188537589769112e-05,0,0.9500000000000001
0,1.397916889800399e-06,0,0.9500000000000001
0,0.0021244941744953394,0,0.9500000000000001
0,1.4569510540241026e-06,0,0.9500000000000001
0,1.7635778704061522e-06,0,0.9500000000000001
0,3.6424094105313998e-06,0,0.9500000000000001
0,1.7571462649357272e-06,0,0.9500000000000001
0,1.7822625295593753e-06,0,0.9500000000000001
0,0.6719474196434021,0,0.9500000000000001
0,1.4574263786926167e-06,0,0.9500000000000001
0,1.6214569313888205e-06,0,0.9500000000000001
0,0.0003283860278315842,0,0.9500000000000001
0,1.3888503644921002e-06,0,0.9500000000000001
1,0.9669076204299927,1,0.9500000000000001
0,0.0005032607004977763,0,0.9500000000000001
0,1.476550778534147e-06,0,0.9500000000000001
0,0.2618403136730194,0,0.9500000000000001
1,0.9993044137954712,1,0.9500000000000001
0,0.6953019499778748,0,0.9500000000000001
0,1.8600341036290047e-06,0,0.9500000000000001
0,0.9988138675689697,1,0.9500000000000001
1,0.895564615726471,0,0.9500000000000001
0,2.1590722099062987e-06,0,0.9500000000000001
0,9.02133160707308e-06,0,0.9500000000000001
0,4.338387952884659e-06,0,0.9500000000000001
0,1.2552445696201175e-05,0,0.9500000000000001
0,1.3636941957884119e-06,0,0.9500000000000001
0,1.5296055835278821e-06,0,0.9500000000000001
0,1.7884432281789486e-06,0,0.9500000000000001
0,0.9999992847442627,1,0.9500000000000001
0,1.7691855873636086e-06,0,0.9500000000000001
0,1.4004841659698286e-06,0,0.9500000000000001
0,1.3117870594214764e-06,0,0.9500000000000001
1,0.9999961853027344,1,0.9500000000000001
0,4.091217761015287e-06,0,0.9500000000000001
0,1.4041834219824523e-06,0,0.9500000000000001
0,1.4538642290062853e-06,0,0.9500000000000001
0,1.408140747116704e-06,0,0.9500000000000001
0,1.646381861064583e-06,0,0.9500000000000001
0,1.3659367823493085e-06,0,0.9500000000000001
0,0.0008663635235279799,0,0.9500000000000001
0,1.43257500440086e-06,0,0.9500000000000001
0,1.4173494946589926e-06,0,0.9500000000000001
1,0.010577039793133736,0,0.9500000000000001
0,3.4533170492068166e-06,0,0.9500000000000001
0,2.3320656055147992e-06,0,0.9500000000000001
0,1.4747129171155393e-06,0,0.9500000000000001
0,1.3768559483651188e-06,0,0.9500000000000001
0,0.015805775299668312,0,0.9500000000000001
0,1.60359695655643e-06,0,0.9500000000000001
0,0.00026000640355050564,0,0.9500000000000001
0,1.367671757179778e-06,0,0.9500000000000001
1,0.9996763467788696,1,0.9500000000000001
0,0.9996254444122314,1,0.9500000000000001
0,1.496558184044261e-06,0,0.9500000000000001
0,0.9820200800895691,1,0.9500000000000001
0,1.4336095546241268e-06,0,0.9500000000000001
0,3.925373312085867e-05,0,0.9500000000000001
0,0.9990070462226868,1,0.9500000000000001
0,0.2128518968820572,0,0.9500000000000001
0,1.828872427722672e-06,0,0.9500000000000001
0,1.435403078176023e-06,0,0.9500000000000001
0,1.6748175539760268e-06,0,0.9500000000000001
0,1.4548018043569755e-06,0,0.9500000000000001
0,0.035527970641851425,0,0.9500000000000001
0,0.9821906089782715,1,0.9500000000000001
0,1.9451244952506386e-06,0,0.9500000000000001
0,1.7111501620092895e-06,0,0.9500000000000001
0,1.3393434983299812e-06,0,0.9500000000000001
0,1.4812784456808004e-06,0,0.9500000000000001
1,0.9999940395355225,1,0.9500000000000001
0,1.4237112964110565e-06,0,0.9500000000000001
0,1.609957507753279e-06,0,0.9500000000000001
0,1.5729256119811907e-06,0,0.9500000000000001
0,2.1277123778418172e-06,0,0.9500000000000001
0,0.8371400833129883,0,0.9500000000000001
0,1.5122292325031594e-06,0,0.9500000000000001
0,1.3687690625374671e-06,0,0.9500000000000001
0,0.007888431660830975,0,0.9500000000000001
0,1.5272821656253655e-06,0,0.9500000000000001
0,1.6511241938133026e-06,0,0.9500000000000001
0,1.4982875882196822e-06,0,0.9500000000000001
0,1.3680553365702508e-06,0,0.9500000000000001
0,1.5459838778042467e-06,0,0.9500000000000001
0,1.625683921702148e-06,0,0.9500000000000001
0,1.4433235264732502e-06,0,0.9500000000000001
0,1.9396190964471316e-06,0,0.9500000000000001
0,2.7466151095723035e-06,0,0.9500000000000001
1,0.9999996423721313,1,0.9500000000000001
0,8.331017306772992e-05,0,0.9500000000000001
0,1.4315220369098824e-06,0,0.9500000000000001
0,0.976047694683075,1,0.9500000000000001
0,1.414702637703158e-06,0,0.9500000000000001
0,3.1156239401752828e-06,0,0.9500000000000001
0,0.003911660052835941,0,0.9500000000000001
0,1.5627970242348965e-06,0,0.9500000000000001
0,0.3499973714351654,0,0.9500000000000001
0,1.6944497929216595e-06,0,0.9500000000000001
0,1.881855382634967e-06,0,0.9500000000000001
0,1.5910312640698976e-06,0,0.9500000000000001
0,2.375826170464279e-06,0,0.9500000000000001
0,1.449937371944543e-06,0,0.9500000000000001
0,0.9999550580978394,1,0.9500000000000001
0,1.4368521306096227e-06,0,0.9500000000000001
0,0.9994913339614868,1,0.9500000000000001
0,0.966578483581543,1,0.9500000000000001
0,1.5459838778042467e-06,0,0.9500000000000001
0,1.4223284097170108e-06,0,0.9500000000000001
0,0.9856707453727722,1,0.9500000000000001
0,1.3818627166983788e-06,0,0.9500000000000001
0,1.3903359104006086e-06,0,0.9500000000000001
0,1.5220854947983753e-05,0,0.9500000000000001
0,6.128538643679349e-06,0,0.9500000000000001
0,0.9963183403015137,1,0.9500000000000001
0,3.682519309222698e-05,0,0.9500000000000001
0,0.0002446164144203067,0,0.9500000000000001
1,0.9996554851531982,1,0.9500000000000001
0,0.006743864621967077,0,0.9500000000000001
0,0.9934372305870056,1,0.9500000000000001
0,1.3831124761054525e-06,0,0.9500000000000001
0,1.268778532903525e-06,0,0.9500000000000001
0,0.9901657700538635,1,0.9500000000000001
0,0.0026479794178158045,0,0.9500000000000001
1,0.9999996423721313,1,0.9500000000000001
0,1.4765873856958933e-06,0,0.9500000000000001
0,0.7797744274139404,0,0.9500000000000001
0,3.0112687454675324e-05,0,0.9500000000000001
0,1.2945644130013534e-06,0,0.9500000000000001
0,1.526472487967112e-06,0,0.9500000000000001
0,1.4594348840546445e-06,0,0.9500000000000001
1,0.0005974250379949808,0,0.9500000000000001
0,1.6442588730569696e-06,0,0.9500000000000001
0,0.9995711445808411,1,0.9500000000000001
0,0.980842113494873,1,0.9500000000000001
0,0.005262673832476139,0,0.9500000000000001
0,1.315372401222703e-06,0,0.9500000000000001
0,0.05127592012286186,0,0.9500000000000001
0,0.00033481852733530104,0,0.9500000000000001
0,0.005024836864322424,0,0.9500000000000001
0,1.4963983403504244e-06,0,0.9500000000000001
0,1.3819627611155738e-06,0,0.9500000000000001
0,0.008508176542818546,0,0.9500000000000001
0,1.7768537645679316e-06,0,0.9500000000000001
0,1.458743327020784e-06,0,0.9500000000000001
0,2.602698486953159e-06,0,0.9500000000000001
0,1.4006071751282434e-06,0,0.9500000000000001
0,1.5713633274572203e-06,0,0.9500000000000001
0,1.746577481753775e-06,0,0.9500000000000001
0,0.0801808163523674,0,0.9500000000000001
1,0.9167956709861755,0,0.9500000000000001
0,1.3340785471882555e-06,0,0.9500000000000001
0,1.3889151659896015e-06,0,0.9500000000000001
0,1.6024871456465917e-06,0,0.9500000000000001
0,2.1735461359639885e-06,0,0.9500000000000001
0,0.014304702170193195,0,0.9500000000000001
0,3.406548557904898e-06,0,0.9500000000000001
0,0.9937341809272766,1,0.9500000000000001
0,1.5357504707935732e-06,0,0.9500000000000001
0,1.5133171018533176e-06,0,0.9500000000000001
0,1.7552871440784656e-06,0,0.9500000000000001
1,0.9999991655349731,1,0.9500000000000001
0,0.06229289993643761,0,0.9500000000000001
0,4.538887878879905e-06,0,0.9500000000000001
0,0.9853036403656006,1,0.9500000000000001
0,1.6996175418171333e-06,0,0.9500000000000001
0,1.048706235451391e-05,0,0.9500000000000001
0,1.5221027069856063e-06,0,0.9500000000000001
0,2.072276583930943e-05,0,0.9500000000000001
0,0.9978963136672974,1,0.9500000000000001
1,0.9999986886978149,1,0.9500000000000001
0,1.3563375205194461e-06,0,0.9500000000000001
0,1.6162725842150394e-06,0,0.9500000000000001
0,0.007453700993210077,0,0.9500000000000001
0,1.716183646749414e-06,0,0.9500000000000001
0,1.4207125786924735e-05,0,0.9500000000000001
0,0.004209810867905617,0,0.9500000000000001
0,1.3681466271009413e-06,0,0.9500000000000001
0,1.4176590639181086e-06,0,0.9500000000000001
0,1.3149133337719832e-06,0,0.9500000000000001
0,1.5262542092386866e-06,0,0.9500000000000001
1,0.9997811913490295,1,0.9500000000000001
1,0.9396772980690002,0,0.9500000000000001
1,0.999660849571228,1,0.9500000000000001
0,1.3645241097037797e-06,0,0.9500000000000001
0,1.3536534879676765e-06,0,0.9500000000000001
0,1.6350720670743613e-06,0,0.9500000000000001
0,0.0015763374976813793,0,0.9500000000000001
0,0.0010137371718883514,0,0.9500000000000001
0,2.9090015232213773e-06,0,0.9500000000000001
0,1.3327916121852468e-06,0,0.9500000000000001
0,0.002488149330019951,0,0.9500000000000001
0,1.5185012216534233e-06,0,0.9500000000000001
0,0.9999672174453735,1,0.9500000000000001
0,0.7880934476852417,0,0.9500000000000001
0,1.4657211977464613e-06,0,0.9500000000000001
0,0.9993199110031128,1,0.9500000000000001
0,1.7805126617531641e-06,0,0.9500000000000001
0,0.9998986721038818,1,0.9500000000000001
0,0.999624490737915,1,0.9500000000000001
0,1.8589984165373608e-06,0,0.9500000000000001
0,0.00023551749472972006,0,0.9500000000000001
0,3.235274562030099e-05,0,0.9500000000000001
0,1.616243366697745e-06,0,0.9500000000000001
0,1.6084858316389727e-06,0,0.9500000000000001
0,1.4483701988865505e-06,0,0.9500000000000001
0,0.9821174740791321,1,0.9500000000000001
0,0.04351111873984337,0,0.9500000000000001
0,0.000752585066948086,0,0.9500000000000001
0,0.005692728795111179,0,0.9500000000000001
0,1.7252353927688091e-06,0,0.9500000000000001
0,1.929659674715367e-06,0,0.9500000000000001
1,0.9991515874862671,1,0.9500000000000001
0,1.3975369483887334e-06,0,0.9500000000000001
0,0.9446721076965332,0,0.9500000000000001
0,1.2839341252401937e-06,0,0.9500000000000001
0,0.9999979734420776,1,0.9500000000000001
0,0.003217865014448762,0,0.9500000000000001
0,1.5779813793415087e-06,0,0.9500000000000001
1,0.9999994039535522,1,0.9500000000000001
0,1.9256563973613083e-05,0,0.9500000000000001
0,0.9993057250976562,1,0.9500000000000001
0,1.4704885415994795e-06,0,0.9500000000000001
0,1.3610878113468061e-06,0,0.9500000000000001
0,0.7881442904472351,0,0.9500000000000001
0,1.294696517106786e-06,0,0.9500000000000001
0,1.7088344748117379e-06,0,0.9500000000000001
0,7.009520777501166e-05,0,0.9500000000000001
0,1.4342208487505559e-06,0,0.9500000000000001
0,0.003041250864043832,0,0.9500000000000001
0,0.9990822076797485,1,0.9500000000000001
0,1.6299251228701905e-06,0,0.9500000000000001
0,0.3936278223991394,0,0.9500000000000001
0,3.064504653593758e-06,0,0.9500000000000001
0,0.0014601534930989146,0,0.9500000000000001
0,6.1115888456697576e-06,0,0.9500000000000001
0,1.3362724757826072e-06,0,0.9500000000000001
0,1.3805520211462863e-06,0,0.9500000000000001
0,0.00015624881780240685,0,0.9500000000000001
0,1.6468671901748166e-06,0,0.9500000000000001
0,1.6907532653931412e-06,0,0.9500000000000001
0,0.9627975821495056,1,0.9500000000000001
0,2.1643954823957756e-05,0,0.9500000000000001
0,0.9999918937683105,1,0.9500000000000001
0,3.9611377360415645e-06,0,0.9500000000000001
0,1.411889684277412e-06,0,0.9500000000000001
0,0.1920456737279892,0,0.9500000000000001
0,0.005310807377099991,0,0.9500000000000001
0,1.4987049326009583e-06,0,0.9500000000000001
0,0.9995396137237549,1,0.9500000000000001
0,1.392099079566833e-06,0,0.9500000000000001
1,0.9808578491210938,1,0.9500000000000001
0,1.5123129060157225e-06,0,0.9500000000000001
0,1.502806867392792e-06,0,0.9500000000000001
0,0.00020277783914934844,0,0.9500000000000001
0,1.4918514352757484e-06,0,0.9500000000000001
0,0.011791770346462727,0,0.9500000000000001
0,1.6350753867300227e-05,0,0.9500000000000001
0,1.7163179109047633e-06,0,0.9500000000000001
1,0.9999995231628418,1,0.9500000000000001
1,0.9999939203262329,1,0.9500000000000001
0,1.318981276199338e-06,0,0.9500000000000001
0,2.2978401830187067e-06,0,0.9500000000000001
0,1.478484023209603e-06,0,0.9500000000000001
0,2.0251375190127874e-06,0,0.9500000000000001
0,1.3898772976972396e-06,0,0.9500000000000001
0,1.672943426456186e-06,0,0.9500000000000001
0,0.923438549041748,0,0.9500000000000001
0,1.4844915767753264e-06,0,0.9500000000000001
0,1.4031659247848438e-06,0,0.9500000000000001
0,0.0044248830527067184,0,0.9500000000000001
0,0.0002645312633831054,0,0.9500000000000001
0,1.4315615999294096e-06,0,0.9500000000000001
0,0.0005833563627675176,0,0.9500000000000001
0,1.5243284906318877e-05,0,0.9500000000000001
0,1.3361170658754418e-06,0,0.9500000000000001
0,1.6046402606662014e-06,0,0.9500000000000001
0,2.0105546809645602e-06,0,0.9500000000000001
0,0.056485433131456375,0,0.9500000000000001
0,0.991032063961029,1,0.9500000000000001
0,3.944664786104113e-05,0,0.9500000000000001
0,1.5273855069608544e-06,0,0.9500000000000001
0,0.15786795318126678,0,0.9500000000000001
0,0.01351817138493061,0,0.9500000000000001
0,1.282771336263977e-06,0,0.9500000000000001
1,0.9999852180480957,1,0.9500000000000001
0,0.0017483249539509416,0,0.9500000000000001
0,1.3021473250773852e-06,0,0.9500000000000001
0,0.00015976972645148635,0,0.9500000000000001
0,0.9999995231628418,1,0.9500000000000001
0,3.0990379400464008e-06,0,0.9500000000000001
0,0.9533645510673523,1,0.9500000000000001
0,1.5146467831073096e-06,0,0.9500000000000001
0,0.9995532631874084,1,0.9500000000000001
0,2.0585675883921795e-06,0,0.9500000000000001
0,0.0006558626191690564,0,0.9500000000000001
0,1.4197737527865684e-06,0,0.9500000000000001
0,1.3318374385562493e-06,0,0.9500000000000001
0,1.3594390111393295e-06,0,0.9500000000000001
0,1.974365204659989e-06,0,0.9500000000000001
0,1.4403946124730282e-06,0,0.9500000000000001
1,0.9999996423721313,1,0.9500000000000001
0,1.3691340427612886e-05,0,0.9500000000000001
1,0.9990047812461853,1,0.9500000000000001
0,1.55761892983719e-06,0,0.9500000000000001
0,0.998814582824707,1,0.9500000000000001
0,1.4994268440204905e-06,0,0.9500000000000001
0,0.9999958276748657,1,0.9500000000000001
0,2.116691211995203e-05,0,0.9500000000000001
0,1.4681289712825674e-06,0,0.9500000000000001
1,0.9983705878257751,1,0.9500000000000001
0,0.9943285584449768,1,0.9500000000000001
0,0.09927114099264145,0,0.9500000000000001
0,1.4343274870043388e-06,0,0.9500000000000001
0,0.6771238446235657,0,0.9500000000000001
0,1.5105471220522304e-06,0,0.9500000000000001
0,1.4387979945240659e-06,0,0.9500000000000001
0,8.100199920590967e-05,0,0.9500000000000001
0,1.3519943422579672e-06,0,0.9500000000000001
0,0.5946770906448364,0,0.9500000000000001
0,1.3157613238945487e-06,0,0.9500000000000001
0,1.575181840962614e-06,0,0.9500000000000001
0,1.4322431525215507e-06,0,0.9500000000000001
0,0.93656325340271,0,0.9500000000000001
0,0.4920869469642639,0,0.9500000000000001
0,1.6403746485593729e-06,0,0.9500000000000001
0,0.8476860523223877,0,0.9500000000000001
0,1.680601371845114e-06,0,0.9500000000000001
0,1.4737399851583177e-06,0,0.9500000000000001
0,0.9912006258964539,1,0.9500000000000001
0,1.402086468260677e-06,0,0.9500000000000001
0,2.1166056285437662e-06,0,0.9500000000000001
0,0.0009890708606690168,0,0.9500000000000001
0,1.7029760783771053e-06,0,0.9500000000000001
1,0.999956488609314,1,0.9500000000000001
0,0.0007382136536762118,0,0.9500000000000001
0,0.9647595882415771,1,0.9500000000000001
0,0.005808364134281874,0,0.9500000000000001
0,2.478870374034159e-05,0,0.9500000000000001
0,1.3663354820891982e-06,0,0.9500000000000001
0,0.0011109907645732164,0,0.9500000000000001
0,1.911012986965943e-06,0,0.9500000000000001
0,5.866013452759944e-06,0,0.9500000000000001
0,3.0872179195284843e-06,0,0.9500000000000001
0,1.95587235793937e-05,0,0.9500000000000001
0,1.6663767610225477e-06,0,0.9500000000000001
0,4.068825091962935e-06,0,0.9500000000000001
0,4.023182555101812e-06,0,0.9500000000000001
0,1.625654476811178e-06,0,0.9500000000000001
0,1.5875465351200546e-06,0,0.9500000000000001
0,0.9952685236930847,1,0.9500000000000001
0,7.813539923517965e-06,0,0.9500000000000001
0,2.87569196188997e-06,0,0.9500000000000001
0,0.00019546007388271391,0,0.9500000000000001
0,0.7151683568954468,0,0.9500000000000001
0,1.4258173450798495e-06,0,0.9500000000000001
0,1.5591556348226732e-06,0,0.9500000000000001
0,3.44478503393475e-05,0,0.9500000000000001
0,0.9991660118103027,1,0.9500000000000001
0,1.4822153389104642e-06,0,0.9500000000000001
0,1.5230232293106383e-06,0,0.9500000000000001
0,1.5356624771811767e-06,0,0.9500000000000001
0,1.5103713622011128e-06,0,0.9500000000000001
0,1.575829514877114e-06,0,0.9500000000000001
0,1.2591077620527358e-06,0,0.9500000000000001
0,1.2783748388756067e-06,0,0.9500000000000001
0,0.9991322159767151,1,0.9500000000000001
1,0.9999676942825317,1,0.9500000000000001
0,4.8772457375889644e-05,0,0.9500000000000001
0,0.9999984502792358,1,0.9500000000000001
0,1.1678671398840379e-05,0,0.9500000000000001
0,1.7689832247924642e-06,0,0.9500000000000001
0,1.4612521681556245e-06,0,0.9500000000000001
0,0.006116079166531563,0,0.9500000000000001
0,1.3752602399108582e-06,0,0.9500000000000001
0,1.4489697832686943e-06,0,0.9500000000000001
0,1.4467757409875048e-06,0,0.9500000000000001
0,0.0034834027756005526,0,0.9500000000000001
0,1.4396887308976147e-06,0,0.9500000000000001
0,0.0008058382663875818,0,0.9500000000000001
0,0.053317055106163025,0,0.9500000000000001
0,0.0005637527210637927,0,0.9500000000000001
0,1.5268132074197638e-06,0,0.9500000000000001
0,1.6512123011125368e-06,0,0.9500000000000001
0,1.3826734175381716e-06,0,0.9500000000000001
0,1.4267462802308728e-06,0,0.9500000000000001
0,0.004377258941531181,0,0.9500000000000001
0,2.5370156890858198e-06,0,0.9500000000000001
0,0.23900368809700012,0,0.9500000000000001
0,0.2393667846918106,0,0.9500000000000001
0,3.502524350551539e-06,0,0.9500000000000001
0,8.884780982043594e-05,0,0.9500000000000001
0,1.526673486296204e-06,0,0.9500000000000001
0,0.0024623055942356586,0,0.9500000000000001
0,0.9985544085502625,1,0.9500000000000001
0,0.06580514460802078,0,0.9500000000000001
0,0.001229287008754909,0,0.9500000000000001
0,2.056228595392895e-06,0,0.9500000000000001
0,0.9965337514877319,1,0.9500000000000001
0,1.4722368177899625e-06,0,0.9500000000000001
0,1.445290422452672e-06,0,0.9500000000000001
0,1.390366378473118e-06,0,0.9500000000000001
0,1.5731086477899225e-06,0,0.9500000000000001
0,0.0008817490306682885,0,0.9500000000000001
0,0.999546468257904,1,0.9500000000000001
0,1.4510246728605125e-06,0,0.9500000000000001
0,0.00040217553032562137,0,0.9500000000000001
0,4.3302079575369135e-06,0,0.9500000000000001
0,0.8163620829582214,0,0.9500000000000001
0,1.5467537650692975e-06,0,0.9500000000000001
0,1.483206574448559e-06,0,0.9500000000000001
0,1.4231206932890927e-06,0,0.9500000000000001
0,1.4717622889293125e-06,0,0.9500000000000001
0,3.4150154988310533e-06,0,0.9500000000000001
0,0.0018043700838461518,0,0.9500000000000001
0,1.2265765008123708e-06,0,0.9500000000000001
0,1.6624989029878634e-06,0,0.9500000000000001
1,0.9923734068870544,1,0.9500000000000001
0,1.4662189187220065e-06,0,0.9500000000000001
0,1.6081331750683603e-06,0,0.9500000000000001
0,1.727237304294249e-06,0,0.9500000000000001
0,2.7889075226994464e-06,0,0.9500000000000001
0,0.0003339183749631047,0,0.9500000000000001
0,1.5525557728324202e-06,0,0.9500000000000001
0,1.7162720951091615e-06,0,0.9500000000000001
0,1.3390190360951237e-06,0,0.9500000000000001
1,0.9999990463256836,1,0.9500000000000001
0,0.020425645634531975,0,0.9500000000000001
0,1.5456037090189056e-06,0,0.9500000000000001
1,0.9999991655349731,1,0.9500000000000001
0,0.003066899487748742,0,0.9500000000000001
0,0.9999605417251587,1,0.9500000000000001
0,1.6670380773575744e-06,0,0.9500000000000001
0,0.0019912130665034056,0,0.9500000000000001
0,1.3958720046503004e-06,0,0.9500000000000001
0,1.413189579579921e-06,0,0.9500000000000001
0,1.7594636574358447e-06,0,0.9500000000000001
0,1.466898652324744e-06,0,0.9500000000000001
0,1.5789914868946653e-06,0,0.9500000000000001
0,1.3421449693851173e-06,0,0.9500000000000001
0,0.9117172956466675,0,0.9500000000000001
0,1.3482178928825306e-06,0,0.9500000000000001
0,1.3358724118006648e-06,0,0.9500000000000001
0,1.417991711605282e-06,0,0.9500000000000001
0,1.706306989035511e-06,0,0.9500000000000001
0,0.9995618462562561,1,0.9500000000000001
0,0.028280653059482574,0,0.9500000000000001
0,1.3748917808698025e-06,0,0.9500000000000001
0,2.002338078455068e-06,0,0.9500000000000001
0,0.005740641616284847,0,0.9500000000000001
0,1.530865120003e-06,0,0.9500000000000001
0,1.366248170597828e-06,0,0.9500000000000001
0,0.5024007558822632,0,0.9500000000000001
0,1.5951895875332411e-06,0,0.9500000000000001
0,1.3199199884184054e-06,0,0.9500000000000001
0,2.0095981199119706e-06,0,0.9500000000000001
1,0.9999951124191284,1,0.9500000000000001
0,1.4496830544885597e-06,0,0.9500000000000001
0,0.000558080559130758,0,0.9500000000000001
0,2.438361207168782e-06,0,0.9500000000000001
0,1.4837200978945475e-06,0,0.9500000000000001
0,4.555271061690291e-06,0,0.9500000000000001
0,1.5500201016038773e-06,0,0.9500000000000001
0,1.5698519746365491e-06,0,0.9500000000000001
0,2.747186272245017e-06,0,0.9500000000000001
0,1.3371571867537568e-06,0,0.9500000000000001
0,1.929041445691837e-06,0,0.9500000000000001
0,1.9135550246573985e-06,0,0.9500000000000001
0,1.4871014855089015e-06,0,0.9500000000000001
0,1.511984009994194e-06,0,0.9500000000000001
0,3.519016900099814e-06,0,0.9500000000000001
0,0.9999964237213135,1,0.9500000000000001
0,1.5632560916856164e-06,0,0.9500000000000001
0,4.451843415154144e-05,0,0.9500000000000001
0,1.7173149444715818e-06,0,0.9500000000000001
0,1.756285087139986e-06,0,0.9500000000000001
1,0.9978746175765991,1,0.9500000000000001
0,0.013552495278418064,0,0.9500000000000001
0,0.9999994039535522,1,0.9500000000000001
0,1.4241104508982971e-06,0,0.9500000000000001
0,0.0006135771400295198,0,0.9500000000000001
0,1.4356248811964178e-06,0,0.9500000000000001
0,0.11878200620412827,0,0.9500000000000001
0,0.9997908473014832,1,0.9500000000000001
0,1.5439771914316225e-06,0,0.9500000000000001
0,2.5382812509633368e-06,0,0.9500000000000001
0,0.2865540683269501,0,0.9500000000000001
0,0.9999994039535522,1,0.9500000000000001
0,2.8672411644947715e-06,0,0.9500000000000001
0,1.513692268417799e-06,0,0.9500000000000001
0,5.190900083107408e-06,0,0.9500000000000001
0,0.0006762651028111577,0,0.9500000000000001
0,0.8288733959197998,0,0.9500000000000001
0,1.355646986667125e-06,0,0.9500000000000001
0,1.3825216456098133e-06,0,0.9500000000000001
0,1.6204583062062738e-06,0,0.9500000000000001
1,0.9999955892562866,1,0.9500000000000001
0,0.9605215191841125,1,0.9500000000000001
0,1.6367258695026976e-06,0,0.9500000000000001
0,0.9970155954360962,1,0.9500000000000001
0,2.005682745220838e-06,0,0.9500000000000001
0,1.7183798490805202e-06,0,0.9500000000000001
0,1.6346231177521986e-06,0,0.9500000000000001
0,1.6592407519055996e-06,0,0.9500000000000001
0,1.3905361129218363e-06,0,0.9500000000000001
0,0.9798255562782288,1,0.9500000000000001
0,1.4455386008194182e-06,0,0.9500000000000001
0,0.000785313022788614,0,0.9500000000000001
0,0.011234418489038944,0,0.9500000000000001
0,1.6512626643816475e-06,0,0.9500000000000001
0,1.4215866031008773e-06,0,0.9500000000000001
0,1.7724670442476054e-06,0,0.9500000000000001
0,1.747160581544449e-06,0,0.9500000000000001
0,1.311137907578086e-06,0,0.9500000000000001
1,0.9999995231628418,1,0.9500000000000001
0,1.3966935057396768e-06,0,0.9500000000000001
0,1.664747173890646e-06,0,0.9500000000000001
0,0.0002101886784657836,0,0.9500000000000001
0,1.5312490404539858e-06,0,0.9500000000000001
0,0.3832699954509735,0,0.9500000000000001
0,1.478816898270452e-06,0,0.9500000000000001
0,0.0005549753550440073,0,0.9500000000000001
0,0.09515251964330673,0,0.9500000000000001
0,1.4320067975859274e-06,0,0.9500000000000001
0,1.385901100547926e-06,0,0.9500000000000001
0,1.6495471300004283e-06,0,0.9500000000000001
0,0.0032826708629727364,0,0.9500000000000001
0,1.4630538771598367e-06,0,0.9500000000000001
0,0.9970608353614807,1,0.9500000000000001
0,0.9995782971382141,1,0.9500000000000001
0,1.4393496030606912e-06,0,0.9500000000000001
0,0.9999920129776001,1,0.9500000000000001
0,1.8305440789845306e-06,0,0.9500000000000001
0,1.4638535503763705e-06,0,0.9500000000000001
0,0.9997789263725281,1,0.9500000000000001
0,2.855117827493814e-06,0,0.9500000000000001
0,1.6492467693751678e-06,0,0.9500000000000001
0,2.116696350640268e-06,0,0.9500000000000001
0,1.5879236343607772e-06,0,0.9500000000000001
0,1.5116294207473402e-06,0,0.9500000000000001
0,0.9999985694885254,1,0.9500000000000001
0,0.00021799624664708972,0,0.9500000000000001
1,0.9994919300079346,1,0.9500000000000001
0,1.5748438499940676e-06,0,0.9500000000000001
0,0.9126909375190735,0,0.9500000000000001
0,0.000732875894755125,0,0.9500000000000001
0,5.2949731070839334e-06,0,0.9500000000000001
0,2.850413693522569e-06,0,0.9500000000000001
0,0.11011432111263275,0,0.9500000000000001
0,0.9678531885147095,1,0.9500000000000001
0,0.9989218711853027,1,0.9500000000000001
0,0.989940345287323,1,0.9500000000000001
0,0.5345551371574402,0,0.9500000000000001
0,1.4871980056341272e-06,0,0.9500000000000001
0,1.6041353774198797e-06,0,0.9500000000000001
0,0.0032295037526637316,0,0.9500000000000001
0,0.022005075588822365,0,0.9500000000000001
0,0.9979179501533508,1,0.9500000000000001
0,1.5199573226709617e-06,0,0.9500000000000001
0,0.9719762802124023,1,0.9500000000000001
1,0.9999996423721313,1,0.9500000000000001
0,1.538590026939346e-06,0,0.9500000000000001
0,1.7772488263290143e-06,0,0.9500000000000001
0,4.697020358435111e-06,0,0.9500000000000001
0,0.017173167318105698,0,0.9500000000000001
0,1.560440864523116e-06,0,0.9500000000000001
0,1.4918927035978413e-06,0,0.9500000000000001
0,0.8683924078941345,0,0.9500000000000001
0,1.515633698545571e-06,0,0.9500000000000001
0,1.7335343045488116e-06,0,0.9500000000000001
1,0.05296149104833603,0,0.9500000000000001
1,0.9999994039535522,1,0.9500000000000001
0,1.959057044587098e-06,0,0.9500000000000001
0,0.07704421132802963,0,0.9500000000000001
0,0.9989168643951416,1,0.9500000000000001
0,1.5681357581343036e-06,0,0.9500000000000001
0,1.4976333204685943e-06,0,0.9500000000000001
0,5.7758074945013504e-06,0,0.9500000000000001
0,1.5095808976184344e-06,0,0.9500000000000001
0,0.0041339504532516,0,0.9500000000000001
0,1.3750122889177874e-06,0,0.9500000000000001
0,1.322236926171172e-06,0,0.9500000000000001
0,1.7346026197628817e-06,0,0.9500000000000001
0,1.5775719930388732e-06,0,0.9500000000000001
0,1.3875330751034198e-06,0,0.9500000000000001
0,1.9546434941730695e-06,0,0.9500000000000001
0,1.4149266007734695e-06,0,0.9500000000000001
0,0.006288397125899792,0,0.9500000000000001
0,0.0008655445417389274,0,0.9500000000000001
0,1.4531808574247407e-06,0,0.9500000000000001
0,1.5713513903392595e-06,0,0.9500000000000001
0,1.3697498388864915e-06,0,0.9500000000000001
0,1.6723084854675108e-06,0,0.9500000000000001
0,1.3377477898757206e-06,0,0.9500000000000001
0,1.9042198573515634e-06,0,0.9500000000000001
0,1.4173602949085762e-06,0,0.9500000000000001
0,0.0005656788125634193,0,0.9500000000000001
0,2.2794733922637533e-06,0,0.9500000000000001
0,5.614851943391841e-06,0,0.9500000000000001
0,0.0017325759399682283,0,0.9500000000000001
0,1.530270878902229e-06,0,0.9500000000000001
0,1.631148847991426e-06,0,0.9500000000000001
0,0.011416885070502758,0,0.9500000000000001
0,1.653421577429981e-06,0,0.9500000000000001
0,1.3446034472508472e-06,0,0.9500000000000001
0,1.2871952321802382e-06,0,0.9500000000000001
0,1.6353965293092187e-06,0,0.9500000000000001
0,1.376518525830761e-06,0,0.9500000000000001
0,1.4297115740191657e-06,0,0.9500000000000001
0,1.9378201159270247e-06,0,0.9500000000000001
0,1.3767667041975074e-06,0,0.9500000000000001
0,1.5474989822905627e-06,0,0.9500000000000001
0,1.4738677691639168e-06,0,0.9500000000000001
1,0.9999996423721313,1,0.9500000000000001
0,2.872165532608051e-05,0,0.9500000000000001
0,1.455552592233289e-06,0,0.9500000000000001
0,1.299351197303622e-06,0,0.9500000000000001
0,1.563181513120071e-06,0,0.9500000000000001
0,1.4295547998699476e-06,0,0.9500000000000001
0,1.3745612932325457e-06,0,0.9500000000000001
0,1.7294357803621097e-06,0,0.9500000000000001
0,0.004301041830331087,0,0.9500000000000001
0,1.4817136388955987e-06,0,0.9500000000000001
0,1.4751208254892845e-06,0,0.9500000000000001
0,0.004627034068107605,0,0.9500000000000001
0,0.002435183385387063,0,0.9500000000000001
0,1.4539640460498049e-06,0,0.9500000000000001
0,6.845654570497572e-05,0,0.9500000000000001
0,2.3938825961522525e-06,0,0.9500000000000001
0,1.4420975276152603e-06,0,0.9500000000000001
0,1.5669024833186995e-06,0,0.9500000000000001
0,0.00019095787138212472,0,0.9500000000000001
0,1.4165036645863438e-06,0,0.9500000000000001
0,1.4383465440914733e-06,0,0.9500000000000001
0,0.016143767163157463,0,0.9500000000000001
0,0.9999599456787109,1,0.9500000000000001
0,1.3428747251964523e-06,0,0.9500000000000001
0,1.3941357792646158e-06,0,0.9500000000000001
0,2.2630053990724264e-06,0,0.9500000000000001
0,0.9999991655349731,1,0.9500000000000001
0,0.004589875694364309,0,0.9500000000000001
0,0.0024701592046767473,0,0.9500000000000001
0,3.113595084869303e-06,0,0.9500000000000001
0,1.4164387494020048e-06,0,0.9500000000000001
0,1.4551125104844687e-06,0,0.9500000000000001
0,1.4144031865725992e-06,0,0.9500000000000001
0,1.8977511899720412e-06,0,0.9500000000000001
0,1.8682047766560572e-06,0,0.9500000000000001
0,1.6828869320306694e-06,0,0.9500000000000001
0,1.4794262597206398e-06,0,0.9500000000000001
0,4.217648529447615e-05,0,0.9500000000000001
0,1.5450864339072723e-06,0,0.9500000000000001
0,1.4739774769623182e-06,0,0.9500000000000001
0,1.7091349945985712e-05,0,0.9500000000000001
0,2.000345602937159e-06,0,0.9500000000000001
0,0.999713122844696,1,0.9500000000000001
0,1.5103440773600596e-06,0,0.9500000000000001
0,1.3374684613154386e-06,0,0.9500000000000001
1,0.9999936819076538,1,0.9500000000000001
0,1.520022578915814e-06,0,0.9500000000000001
0,1.4501806617772672e-06,0,0.9500000000000001
0,1.6316995470333495e-06,0,0.9500000000000001
0,1.4542483768309467e-06,0,0.9500000000000001
0,2.931992639787495e-05,0,0.9500000000000001
0,0.0007323354948312044,0,0.9500000000000001
0,1.5551046317341388e-06,0,0.9500000000000001
0,0.9994445443153381,1,0.9500000000000001
0,1.440319124412781e-06,0,0.9500000000000001
0,1.9260232875240035e-06,0,0.9500000000000001
0,1.409121296092053e-06,0,0.9500000000000001
0,0.9985656142234802,1,0.9500000000000001
0,1.4659408407169394e-06,0,0.9500000000000001
0,1.3258128319648677e-06,0,0.9500000000000001
0,0.20783762633800507,0,0.9500000000000001
0,1.4555831739926361e-06,0,0.9500000000000001
0,1.5612671404596767e-06,0,0.9500000000000001
0,3.082731154790963e-06,0,0.9500000000000001
0,0.9727542996406555,1,0.9500000000000001
0,1.8610704501043074e-05,0,0.9500000000000001
0,1.4194907862474793e-06,0,0.9500000000000001
0,1.4680196045446792e-06,0,0.9500000000000001
0,2.259074108224013e-06,0,0.9500000000000001
0,1.4674388921775972e-06,0,0.9500000000000001
0,1.9973565485997824e-06,0,0.9500000000000001
0,1.6945144807323231e-06,0,0.9500000000000001
0,0.0017458709189668298,0,0.9500000000000001
0,0.5946969389915466,0,0.9500000000000001
0,1.3937063840785413e-06,0,0.9500000000000001
0,1.388507371302694e-06,0,0.9500000000000001
0,3.3328797144349664e-06,0,0.9500000000000001
0,1.4101874512562063e-06,0,0.9500000000000001
0,1.5636198895663256e-06,0,0.9500000000000001
0,0.9991781115531921,1,0.9500000000000001
0,1.5289551811292768e-06,0,0.9500000000000001
0,1.792590978766384e-06,0,0.9500000000000001
0,3.44876866620325e-06,0,0.9500000000000001
0,1.929446170834126e-06,0,0.9500000000000001
0,0.19605696201324463,0,0.9500000000000001
0,2.0949144527548924e-05,0,0.9500000000000001
0,3.6991127672081348e-06,0,0.9500000000000001
0,0.0009605857194401324,0,0.9500000000000001
0,0.9999032020568848,1,0.9500000000000001
0,1.664489900576882e-06,0,0.9500000000000001
0,0.38296106457710266,0,0.9500000000000001
0,0.0006394930533133447,0,0.9500000000000001
1,0.9999995231628418,1,0.9500000000000001
0,0.0013419074239209294,0,0.9500000000000001
0,1.8579899005999323e-06,0,0.9500000000000001
0,1.8810371784638846e-06,0,0.9500000000000001
0,1.4717932117491728e-06,0,0.9500000000000001
0,1.3282224244903773e-06,0,0.9500000000000001
0,0.00012608022370841354,0,0.9500000000000001
0,0.16358892619609833,0,0.9500000000000001
0,2.4741793822613545e-06,0,0.9500000000000001
0,1.4568011010851478e-06,0,0.9500000000000001
0,1.8056581438941066e-06,0,0.9500000000000001
0,2.59171338257147e-06,0,0.9500000000000001
0,1.4862592934150598e-06,0,0.9500000000000001
0,1.967913703992963e-06,0,0.9500000000000001
0,1.446619648959313e-06,0,0.9500000000000001
0,1.7457033436585334e-06,0,0.9500000000000001
0,0.0035518978256732225,0,0.9500000000000001
0,1.4737933042852092e-06,0,0.9500000000000001
0,1.6822273209982086e-06,0,0.9500000000000001
0,2.124999127772753e-06,0,0.9500000000000001
0,0.999447762966156,1,0.9500000000000001
0,0.5905548930168152,0,0.9500000000000001
0,0.00022560404613614082,0,0.9500000000000001
0,0.005117636639624834,0,0.9500000000000001
0,1.4503827969747363e-06,0,0.9500000000000001
0,7.596211071358994e-05,0,0.9500000000000001
0,0.9916595816612244,1,0.9500000000000001
0,1.522213096905034e-06,0,0.9500000000000001
0,1.8046201830657083e-06,0,0.9500000000000001
0,1.5617882809237926e-06,0,0.9500000000000001
0,1.299021619161067e-06,0,0.9500000000000001
1,0.9999951124191284,1,0.9500000000000001
1,0.9894099235534668,1,0.9500000000000001
0,2.4069952360150637e-06,0,0.9500000000000001
0,0.6450347304344177,0,0.9500000000000001
0,1.3826878557665623e-06,0,0.9500000000000001
0,1.792069497241755e-06,0,0.9500000000000001
0,3.4408217288728338e-06,0,0.9500000000000001
0,1.41485372751049e-06,0,0.9500000000000001
0,1.538889364383067e-06,0,0.9500000000000001
1,0.7706384658813477,0,0.9500000000000001
0,1.495036144660844e-06,0,0.9500000000000001
0,0.882063090801239,0,0.9500000000000001
1,0.999998927116394,1,0.9500000000000001
0,1.4515879911414231e-06,0,0.9500000000000001
0,1.4384288533619838e-06,0,0.9500000000000001
0,1.371060534438584e-06,0,0.9500000000000001
0,0.9119134545326233,0,0.9500000000000001
0,0.9495754837989807,0,0.9500000000000001
0,1.4900913356541423e-06,0,0.9500000000000001
0,1.5356889662143658e-06,0,0.9500000000000001
0,1.2909016504636384e-06,0,0.9500000000000001
1,0.9439103007316589,0,0.9500000000000001
0,1.366365381727519e-06,0,0.9500000000000001
0,3.5722659958992153e-06,0,0.9500000000000001
0,1.387636302752071e-06,0,0.9500000000000001
0,0.0003438298008404672,0,0.9500000000000001
0,0.0001581177639309317,0,0.9500000000000001
0,1.6864133840499562e-06,0,0.9500000000000001
0,1.3831402156938566e-06,0,0.9500000000000001
0,0.9201806783676147,0,0.9500000000000001
0,0.9980906844139099,1,0.9500000000000001
0,1.6581935824433458e-06,0,0.9500000000000001
0,1.5614889434800716e-06,0,0.9500000000000001
0,0.978894054889679,1,0.9500000000000001
0,1.729805262584705e-06,0,0.9500000000000001
0,0.9274852871894836,0,0.9500000000000001
0,6.741682682331884e-06,0,0.9500000000000001
0,1.3686112652067095e-06,0,0.9500000000000001
0,1.42486726417701e-06,0,0.9500000000000001
0,1.6535414033569396e-06,0,0.9500000000000001
0,1.9810249796137214e-06,0,0.9500000000000001
0,1.0966501577058807e-05,0,0.9500000000000001
0,1.597736741132394e-06,0,0.9500000000000001
0,1.7341543525617453e-06,0,0.9500000000000001
0,1.3558590126194758e-06,0,0.9500000000000001
0,0.003814267460256815,0,0.9500000000000001
0,1.5388379779324168e-06,0,0.9500000000000001
0,1.4021172773936996e-06,0,0.9500000000000001
0,1.6372425761801424e-06,0,0.9500000000000001
1,0.9999948740005493,1,0.9500000000000001
0,1.3556456224250724e-06,0,0.9500000000000001
0,1.6749580709074507e-06,0,0.9500000000000001
0,0.9599257707595825,1,0.9500000000000001
0,1.981690047614393e-06,0,0.9500000000000001
0,1.5223581613099668e-06,0,0.9500000000000001
0,0.9529479146003723,1,0.9500000000000001
0,1.4865329376334557e-06,0,0.9500000000000001
0,1.463458488615288e-06,0,0.9500000000000001
0,0.9993880987167358,1,0.9500000000000001
0,0.00015491571684833616,0,0.9500000000000001
0,1.5217051441140939e-06,0,0.9500000000000001
0,1.6652314798193402e-06,0,0.9500000000000001
1,0.9999253749847412,1,0.9500000000000001
0,1.3295075405039825e-06,0,0.9500000000000001
0,1.507951992607559e-06,0,0.9500000000000001
0,1.460732505620399e-06,0,0.9500000000000001
0,1.34898584747134e-06,0,0.9500000000000001
0,0.04510607197880745,0,0.9500000000000001
0,1.54987526457262e-06,0,0.9500000000000001
0,0.6389144659042358,0,0.9500000000000001
0,1.419186219209223e-06,0,0.9500000000000001
0,0.9975036978721619,1,0.9500000000000001
0,1.7202310118591413e-06,0,0.9500000000000001
0,1.4648646811110666e-06,0,0.9500000000000001
0,0.0009869495406746864,0,0.9500000000000001
0,1.4105398804531433e-06,0,0.9500000000000001
1,0.9948655962944031,1,0.9500000000000001
0,0.9999350309371948,1,0.9500000000000001
1,0.9999990463256836,1,0.9500000000000001
0,1.409042056366161e-06,0,0.9500000000000001
0,0.999954342842102,1,0.9500000000000001
0,1.4389777334145037e-06,0,0.9500000000000001
0,1.44895602716133e-06,0,0.9500000000000001
0,1.3585433862317586e-06,0,0.9500000000000001
1,0.012310615740716457,0,0.9500000000000001
0,0.0007579720695503056,0,0.9500000000000001
1,0.970993161201477,1,0.9500000000000001
0,0.9999982118606567,1,0.9500000000000001
0,0.00014399380597751588,0,0.9500000000000001
0,1.516517045274668e-06,0,0.9500000000000001
0,1.4510079608953674e-06,0,0.9500000000000001
1,0.9999939203262329,1,0.9500000000000001
0,1.145656733569922e-05,0,0.9500000000000001
0,0.9999649524688721,1,0.9500000000000001
0,1.388596047036117e-06,0,0.9500000000000001
0,2.2984320366958855e-06,0,0.9500000000000001
0,0.00028778158593922853,0,0.9500000000000001
0,5.3263065638020635e-06,0,0.9500000000000001
0,0.9986969828605652,1,0.9500000000000001
0,1.4224655387806706e-05,0,0.9500000000000001
0,0.9986427426338196,1,0.9500000000000001
0,1.2811307215088164e-06,0,0.9500000000000001
0,0.9999996423721313,1,0.9500000000000001
0,1.49708216667932e-06,0,0.9500000000000001
0,1.5740931758045917e-06,0,0.9500000000000001
0,1.6572940921832924e-06,0,0.9500000000000001
0,0.9998780488967896,1,0.9500000000000001
0,1.5482472690564464e-06,0,0.9500000000000001
0,2.1308740087988554e-06,0,0.9500000000000001
0,0.9999995231628418,1,0.9500000000000001
1,0.9996389150619507,1,0.9500000000000001
1,0.9999476671218872,1,0.9500000000000001
1,0.9999995231628418,1,0.9500000000000001
0,0.0037728745955973864,0,0.9500000000000001
0,0.6257597208023071,0,0.9500000000000001
0,2.0185816538287327e-06,0,0.9500000000000001
0,0.7550926804542542,0,0.9500000000000001
0,1.566458763591072e-06,0,0.9500000000000001
0,0.13734842836856842,0,0.9500000000000001
0,1.865512786025647e-06,0,0.9500000000000001
0,0.7748399376869202,0,0.9500000000000001
0,0.004926394205540419,0,0.9500000000000001
0,1.5128176755752065e-06,0,0.9500000000000001
0,2.4235012006101897e-06,0,0.9500000000000001
1,0.9989215135574341,1,0.9500000000000001
1,0.9982914328575134,1,0.9500000000000001
0,3.0445244192378595e-06,0,0.9500000000000001
0,0.9814015030860901,1,0.9500000000000001
0,0.47281312942504883,0,0.9500000000000001
0,3.2755592656030785e-06,0,0.9500000000000001
0,1.9934630017814925e-06,0,0.9500000000000001
0,1.4459342310146894e-06,0,0.9500000000000001
0,1.687718281573325e-06,0,0.9500000000000001
0,1.550720980958431e-06,0,0.9500000000000001
0,0.8752681016921997,0,0.9500000000000001
0,1.621190904188552e-06,0,0.9500000000000001
0,1.6789914525361382e-06,0,0.9500000000000001
0,1.4616341559303692e-06,0,0.9500000000000001
0,3.8134221540531144e-05,0,0.9500000000000001
0,1.5615053143847035e-06,0,0.9500000000000001
0,0.0062212455086410046,0,0.9500000000000001
0,1.4303470834420295e-06,0,0.9500000000000001
0,1.7308251472059055e-06,0,0.9500000000000001
0,1.470723987040401e-06,0,0.9500000000000001
0,0.6376860737800598,0,0.9500000000000001
0,1.6353341152353096e-06,0,0.9500000000000001
0,1.4922242144166376e-06,0,0.9500000000000001
0,1.4787152622375288e-06,0,0.9500000000000001
0,2.2038955194148002e-06,0,0.9500000000000001
0,1.6742361594879185e-06,0,0.9500000000000001
0,1.3034617722951225e-06,0,0.9500000000000001
0,1.4692494687551516e-06,0,0.9500000000000001
0,1.548391992400866e-06,0,0.9500000000000001
0,1.5266718946804758e-06,0,0.9500000000000001
0,2.2085914679337293e-06,0,0.9500000000000001
0,1.4510412711388199e-06,0,0.9500000000000001
0,4.169395197095582e-06,0,0.9500000000000001
0,0.9999994039535522,1,0.9500000000000001
0,5.400894679041812e-06,0,0.9500000000000001
0,0.9999983310699463,1,0.9500000000000001
0,0.6164565682411194,0,0.9500000000000001
0,0.008226086385548115,0,0.9500000000000001
0,1.5685365042372723e-06,0,0.9500000000000001
0,1.5274190445779823e-06,0,0.9500000000000001
0,0.001912368112243712,0,0.9500000000000001
0,0.0046524484641849995,0,0.9500000000000001
0,1.5997064792827587e-06,0,0.9500000000000001
0,1.3288952231960138e-06,0,0.9500000000000001
0,1.3695016605197452e-06,0,0.9500000000000001
0,1.3250569281808566e-06,0,0.9500000000000001
0,1.555766175442841e-06,0,0.9500000000000001
0,0.00499366968870163,0,0.9500000000000001
0,0.9999977350234985,1,0.9500000000000001
0,0.5879268050193787,0,0.9500000000000001
0,1.5389290410894318e-06,0,0.9500000000000001
0,5.468175913847517e-06,0,0.9500000000000001
0,0.9999721050262451,1,0.9500000000000001
0,0.9883120656013489,1,0.9500000000000001
0,1.3436703056868282e-06,0,0.9500000000000001
0,2.246729081889498e-06,0,0.9500000000000001
0,1.4606713421017048e-06,0,0.9500000000000001
0,2.9911102501500864e-06,0,0.9500000000000001
0,0.999990701675415,1,0.9500000000000001
1,0.9999966621398926,1,0.9500000000000001
0,0.007935501635074615,0,0.9500000000000001
0,0.999042809009552,1,0.9500000000000001
0,2.0824061266466742e-06,0,0.9500000000000001
0,0.9572019577026367,1,0.9500000000000001
0,0.9983906745910645,1,0.9500000000000001
0,0.9999960660934448,1,0.9500000000000001
0,1.9844303551508347e-06,0,0.9500000000000001
0,0.13818778097629547,0,0.9500000000000001
0,0.9999966621398926,1,0.9500000000000001
0,1.7600308410692378e-06,0,0.9500000000000001
0,5.863463229616173e-06,0,0.9500000000000001
0,1.6804940514703048e-06,0,0.9500000000000001
0,0.9999995231628418,1,0.9500000000000001
0,8.44903479446657e-06,0,0.9500000000000001
0,3.1370846045319922e-06,0,0.9500000000000001
0,1.5288997019524686e-06,0,0.9500000000000001
0,1.423526555299759e-06,0,0.9500000000000001
0,1.4285135421232553e-06,0,0.9500000000000001
0,1.5160355815169169e-06,0,0.9500000000000001
0,1.7483156398157007e-06,0,0.9500000000000001
0,6.884455069666728e-05,0,0.9500000000000001
0,3.6784663279831875e-06,0,0.9500000000000001
0,1.5787235270181554e-06,0,0.9500000000000001
0,0.9999068975448608,1,0.9500000000000001
0,1.4321241224024561e-06,0,0.9500000000000001
0,1.3548817605624208e-06,0,0.9500000000000001
1,0.36412981152534485,0,0.9500000000000001
0,1.4365274410010898e-06,0,0.9500000000000001
0,1.4318210332930903e-06,0,0.9500000000000001
0,2.2067115423851646e-06,0,0.9500000000000001
0,1.3288889704199391e-06,0,0.9500000000000001
0,0.0003276648640166968,0,0.9500000000000001
0,1.5131438431126298e-06,0,0.9500000000000001
1,0.7761417031288147,0,0.9500000000000001
0,1.0536042282183189e-05,0,0.9500000000000001
0,1.5549770751022152e-06,0,0.9500000000000001
0,1.8959821090902551e-06,0,0.9500000000000001
0,1.5504192560911179e-06,0,0.9500000000000001
0,0.9881203174591064,1,0.9500000000000001
0,1.3275449646243942e-06,0,0.9500000000000001
0,0.9999994039535522,1,0.9500000000000001
0,1.5464617035831907e-06,0,0.9500000000000001
0,0.9989373087882996,1,0.9500000000000001
0,1.4718549437020556e-06,0,0.9500000000000001
0,1.539621962365345e-06,0,0.9500000000000001
0,0.25529807806015015,0,0.9500000000000001
0,0.9959486126899719,1,0.9500000000000001
0,1.4132408523437334e-06,0,0.9500000000000001
0,1.4699780876981094e-06,0,0.9500000000000001
0,1.3499354736268288e-06,0,0.9500000000000001
1,0.994458794593811,1,0.9500000000000001
0,0.006382088176906109,0,0.9500000000000001
0,1.7074693232643767e-06,0,0.9500000000000001
0,1.282575681216258e-06,0,0.9500000000000001
0,0.011118725873529911,0,0.9500000000000001
1,0.9997854828834534,1,0.9500000000000001
0,3.5199882404413074e-05,0,0.9500000000000001
0,0.9963562488555908,1,0.9500000000000001
0,9.520771527604666e-06,0,0.9500000000000001
0,2.0610407318599755e-06,0,0.9500000000000001
0,1.5897661569397314e-06,0,0.9500000000000001
0,2.0265827060939046e-06,0,0.9500000000000001
0,1.5172013263509143e-06,0,0.9500000000000001
0,1.3379212759900838e-06,0,0.9500000000000001
0,1.288911334995646e-06,0,0.9500000000000001
0,0.0028466011863201857,0,0.9500000000000001
0,1.494443154115288e-06,0,0.9500000000000001
0,0.00026963723939843476,0,0.9500000000000001
0,1.7463759149904945e-06,0,0.9500000000000001
0,0.00026380791678093374,0,0.9500000000000001
0,1.4450189382841927e-06,0,0.9500000000000001
0,0.12433125078678131,0,0.9500000000000001
0,1.4571734254786861e-06,0,0.9500000000000001
1,0.9994078874588013,1,0.9500000000000001
0,1.4293284493760439e-06,0,0.9500000000000001
0,0.0002708174579311162,0,0.9500000000000001
1,0.9997697472572327,1,0.9500000000000001
0,1.7068001625375473e-06,0,0.9500000000000001
0,1.4067638403503224e-05,0,0.9500000000000001
0,1.3224437225289876e-06,0,0.9500000000000001
0,1.7719178231345722e-06,0,0.9500000000000001
0,1.356539314656402e-06,0,0.9500000000000001
0,1.3075990636934876e-06,0,0.9500000000000001
0,1.5143031077968772e-06,0,0.9500000000000001
0,1.415123620063241e-06,0,0.9500000000000001
0,1.5434634406119585e-06,0,0.9500000000000001
0,0.0018384727882221341,0,0.9500000000000001
0,1.4336820868265931e-06,0,0.9500000000000001
0,0.008319412358105183,0,0.9500000000000001
1,0.8288379907608032,0,0.9500000000000001
0,1.4788676026000758e-06,0,0.9500000000000001
0,0.951195478439331,1,0.9500000000000001
0,1.5954558421071852e-06,0,0.9500000000000001
0,1.856450808190857e-06,0,0.9500000000000001
0,0.9999995231628418,1,0.9500000000000001
0,1.4296979315986391e-06,0,0.9500000000000001
0,1.5378242324004532e-06,0,0.9500000000000001
0,1.5513851394644007e-06,0,0.9500000000000001
0,2.091214128085994e-06,0,0.9500000000000001
0,0.006219939794391394,0,0.9500000000000001
0,0.06621640175580978,0,0.9500000000000001
0,0.9999970197677612,1,0.9500000000000001
0,1.3288787386045442e-06,0,0.9500000000000001
0,1.4804987813477055e-06,0,0.9500000000000001
0,1.4108035202298197e-06,0,0.9500000000000001
0,2.538748731240048e-06,0,0.9500000000000001
0,2.0218878944433527e-06,0,0.9500000000000001
0,1.6492293752889964e-06,0,0.9500000000000001
0,1.3103091305310954e-06,0,0.9500000000000001
0,1.4634209719588398e-06,0,0.9500000000000001
0,0.9993294477462769,1,0.9500000000000001
0,3.1327288070315262e-06,0,0.9500000000000001
0,0.999783456325531,1,0.9500000000000001
0,1.983306674446794e-06,0,0.9500000000000001
0,5.26335043105064e-06,0,0.9500000000000001
0,1.2868491694462136e-06,0,0.9500000000000001
0,1.5521828800046933e-06,0,0.9500000000000001
0,0.08283721655607224,0,0.9500000000000001
0,0.04288879781961441,0,0.9500000000000001
0,1.6394534441133146e-06,0,0.9500000000000001
0,1.5807543150003767e-06,0,0.9500000000000001
0,1.5185562460828805e-06,0,0.9500000000000001
1,0.999103844165802,1,0.9500000000000001
0,2.861122538888594e-06,0,0.9500000000000001
0,1.433977445230994e-06,0,0.9500000000000001
0,3.7814788811374456e-06,0,0.9500000000000001
0,0.004782611038535833,0,0.9500000000000001
0,2.0601230517058866e-06,0,0.9500000000000001
0,1.9731905922526494e-06,0,0.9500000000000001
0,1.4181160850057495e-06,0,0.9500000000000001
0,0.003602310549467802,0,0.9500000000000001
0,0.04580364748835564,0,0.9500000000000001
1,0.009082246571779251,0,0.9500000000000001
0,1.4034042123967083e-06,0,0.9500000000000001
0,1.337080789198808e-06,0,0.9500000000000001
0,0.0036091357469558716,0,0.9500000000000001
0,1.4041660278962809e-06,0,0.9500000000000001
0,3.361731160111958e-06,0,0.9500000000000001
0,1.693277113190561e-06,0,0.9500000000000001
0,3.162270786560839e-06,0,0.9500000000000001
0,7.090558210620657e-05,0,0.9500000000000001
0,2.2487054138764506e-06,0,0.9500000000000001
0,0.7307002544403076,0,0.9500000000000001
0,0.32341626286506653,0,0.9500000000000001
0,0.7463924884796143,0,0.9500000000000001
1,0.9999991655349731,1,0.9500000000000001
0,0.9994732737541199,1,0.9500000000000001
0,1.548708041809732e-06,0,0.9500000000000001
0,1.863666966528399e-06,0,0.9500000000000001
0,5.482566120917909e-05,0,0.9500000000000001
0,1.3872763702238444e-06,0,0.9500000000000001
0,0.0005723458016291261,0,0.9500000000000001
0,6.944610504433513e-06,0,0.9500000000000001
0,1.7880815903481562e-06,0,0.9500000000000001
0,0.9996671676635742,1,0.9500000000000001
0,3.537557859090157e-05,0,0.9500000000000001
0,1.7935467440111097e-06,0,0.9500000000000001
0,1.5007901765784482e-06,0,0.9500000000000001
0,0.013998143374919891,0,0.9500000000000001
0,1.540661742183147e-06,0,0.9500000000000001
1,0.9999995231628418,1,0.9500000000000001
0,1.8576125739855343e-06,0,0.9500000000000001
0,2.129862195943133e-06,0,0.9500000000000001
0,1.4310716096588294e-06,0,0.9500000000000001
0,1.3804268519379548e-06,0,0.9500000000000001
1,0.9975180625915527,1,0.9500000000000001
0,0.9750543236732483,1,0.9500000000000001
0,0.004096346441656351,0,0.9500000000000001
0,1.5044356587168295e-06,0,0.9500000000000001
1,0.9914387464523315,1,0.9500000000000001
0,0.00042509770719334483,0,0.9500000000000001
0,0.0032232869416475296,0,0.9500000000000001
0,1.4788181488256669e-06,0,0.9500000000000001
0,1.4045824627828551e-06,0,0.9500000000000001
0,0.0011154997628182173,0,0.9500000000000001
0,2.72414172286517e-06,0,0.9500000000000001
1,0.9974262118339539,1,0.9500000000000001
0,1.4337040283862734e-06,0,0.9500000000000001
0,1.426141011506843e-06,0,0.9500000000000001
0,1.4083059340919135e-06,0,0.9500000000000001
0,0.9999924898147583,1,0.9500000000000001
0,1.4115207704890054e-06,0,0.9500000000000001
0,1.4867299569232273e-06,0,0.9500000000000001
0,1.5069313121784944e-06,0,0.9500000000000001
0,1.7147243625004194e-06,0,0.9500000000000001
0,0.8871515393257141,0,0.9500000000000001
0,1.4379351114257588e-06,0,0.9500000000000001
0,0.9991459846496582,1,0.9500000000000001
0,1.3604479818241089e-06,0,0.9500000000000001
0,1.7332168908978929e-06,0,0.9500000000000001
0,1.7687520994513761e-06,0,0.9500000000000001
0,1.427342454007885e-06,0,0.9500000000000001
0,0.9567689895629883,1,0.9500000000000001
0,1.6026338016672526e-06,0,0.9500000000000001
0,0.9999977350234985,1,0.9500000000000001
0,0.9997864365577698,1,0.9500000000000001
0,1.5411335425596917e-06,0,0.9500000000000001
0,1.518257931820699e-06,0,0.9500000000000001
0,1.3554556517192395e-06,0,0.9500000000000001
0,1.285723101318581e-06,0,0.9500000000000001
1,0.9999996423721313,1,0.9500000000000001
0,0.9988147020339966,1,0.9500000000000001
0,1.4209333585313288e-06,0,0.9500000000000001
0,0.005817948840558529,0,0.9500000000000001
0,1.5255789094226202e-06,0,0.9500000000000001
0,5.547907676373143e-06,0,0.9500000000000001
0,0.9999403953552246,1,0.9500000000000001
0,1.5882462776062312e-06,0,0.9500000000000001
0,1.3775007801086758e-06,0,0.9500000000000001
0,1.6308611066051526e-06,0,0.9500000000000001
0,0.9991648197174072,1,0.9500000000000001
0,0.9739997386932373,1,0.9500000000000001
0,0.1646026074886322,0,0.9500000000000001
0,2.587419112387579e-05,0,0.9500000000000001
0,0.4036416709423065,0,0.9500000000000001
0,1.4817616147411172e-06,0,0.9500000000000001
0,3.62528339792334e-06,0,0.9500000000000001
0,1.810470735108538e-06,0,0.9500000000000001
0,0.5768076181411743,0,0.9500000000000001
0,1.5371717836387688e-06,0,0.9500000000000001
0,1.4483232462225715e-06,0,0.9500000000000001
0,1.3329937473827158e-06,0,0.9500000000000001
0,0.9999896287918091,1,0.9500000000000001
0,9.021300502354279e-05,0,0.9500000000000001
0,1.6448564110760344e-06,0,0.9500000000000001
0,1.5672655990783824e-06,0,0.9500000000000001
0,4.7390709369210526e-05,0,0.9500000000000001
0,1.353004336124286e-06,0,0.9500000000000001
0,1.2132557458244264e-05,0,0.9500000000000001
0,2.1710934561269823e-06,0,0.9500000000000001
0,0.2812823951244354,0,0.9500000000000001
1,0.9985144734382629,1,0.9500000000000001
0,2.4158375708793756e-06,0,0.9500000000000001
0,6.801581912441179e-05,0,0.9500000000000001
0,1.5376791679955204e-06,0,0.9500000000000001
0,1.487851932324702e-06,0,0.9500000000000001
0,1.6254016372840852e-06,0,0.9500000000000001
1,0.9936075210571289,1,0.9500000000000001
0,1.8417457567920792e-06,0,0.9500000000000001
0,0.019405106082558632,0,0.9500000000000001
0,1.6212682112382026e-06,0,0.9500000000000001
0,1.32048410250718e-06,0,0.9500000000000001
0,0.008373863063752651,0,0.9500000000000001
0,3.861058758047875e-06,0,0.9500000000000001
0,0.00028520586783997715,0,0.9500000000000001
0,5.581728601100622e-06,0,0.9500000000000001
0,0.9961671233177185,1,0.9500000000000001
0,1.371616349388205e-06,0,0.9500000000000001
1,0.9999996423721313,1,0.9500000000000001
0,0.9999926090240479,1,0.9500000000000001
0,0.6627991199493408,0,0.9500000000000001
0,1.4901635267960955e-06,0,0.9500000000000001
0,0.0007835938013158739,0,0.9500000000000001
0,8.187338607967831e-06,0,0.9500000000000001
0,1.837177705965587e-06,0,0.9500000000000001
0,1.6387203913836856e-06,0,0.9500000000000001
0,1.759057568051503e-06,0,0.9500000000000001
0,0.0022306255996227264,0,0.9500000000000001
0,1.3886199212720385e-06,0,0.9500000000000001
0,1.7388293827025336e-06,0,0.9500000000000001
0,0.9626211524009705,1,0.9500000000000001
0,1.4094305242906557e-06,0,0.9500000000000001
1,0.998584508895874,1,0.9500000000000001
0,1.612066853340366e-06,0,0.9500000000000001
0,1.455667756999901e-06,0,0.9500000000000001
0,0.8709275722503662,0,0.9500000000000001
0,0.0002798145287670195,0,0.9500000000000001
0,0.0020485599525272846,0,0.9500000000000001
0,1.3922305015512393e-06,0,0.9500000000000001
1,0.9965476393699646,1,0.9500000000000001
0,0.007152151316404343,0,0.9500000000000001
0,1.3784365364699624e-06,0,0.9500000000000001
0,1.9033882381336298e-06,0,0.9500000000000001
0,0.00038883951492607594,0,0.9500000000000001
0,3.794327994910418e-06,0,0.9500000000000001
0,0.0016953552840277553,0,0.9500000000000001
0,1.731802626636636e-06,0,0.9500000000000001
0,1.2835448615078349e-06,0,0.9500000000000001
0,1.4684593452329864e-06,0,0.9500000000000001
0,1.9763451746257488e-06,0,0.9500000000000001
0,0.00012277605128474534,0,0.9500000000000001
0,0.15653973817825317,0,0.9500000000000001
0,1.3504363778338302e-06,0,0.9500000000000001
0,1.361292902402056e-06,0,0.9500000000000001
1,0.9921637773513794,1,0.9500000000000001
0,2.004292582569178e-06,0,0.9500000000000001
0,1.4877539342705859e-06,0,0.9500000000000001
0,1.6900553418963682e-06,0,0.9500000000000001
0,0.0010867075761780143,0,0.9500000000000001
0,0.23211738467216492,0,0.9500000000000001
0,0.0002985075116157532,0,0.9500000000000001
0,0.23263971507549286,0,0.9500000000000001
0,0.0008215791312977672,0,0.9500000000000001
0,0.826327383518219,0,0.9500000000000001
0,1.5625882952008396e-06,0,0.9500000000000001
0,3.259535787947243e-06,0,0.9500000000000001
0,0.043864402920007706,0,0.9500000000000001
0,1.5219765145957354e-06,0,0.9500000000000001
0,1.4861531099086278e-06,0,0.9500000000000001
0,1.334313992629177e-06,0,0.9500000000000001
0,1.9298988718219334e-06,0,0.9500000000000001
0,0.18898150324821472,0,0.9500000000000001
0,0.9994331002235413,1,0.9500000000000001
0,4.227195313433185e-05,0,0.9500000000000001
0,3.0029234494577395e-06,0,0.9500000000000001
0,1.4759833675270784e-06,0,0.9500000000000001
0,1.477679120398534e-06,0,0.9500000000000001
0,4.272659680282231e-06,0,0.9500000000000001
0,3.597252998588374e-06,0,0.9500000000000001
0,1.686768769104674e-06,0,0.9500000000000001
0,1.7021609437506413e-06,0,0.9500000000000001
0,0.000717544462531805,0,0.9500000000000001
0,1.4850027127977228e-06,0,0.9500000000000001
0,1.491390548835625e-06,0,0.9500000000000001
0,1.8355683550907997e-06,0,0.9500000000000001
0,1.4020119124324992e-05,0,0.9500000000000001
0,0.33279600739479065,0,0.9500000000000001
0,1.4228493228074512e-06,0,0.9500000000000001
0,4.064865152031416e-06,0,0.9500000000000001
0,1.3396206668403465e-06,0,0.9500000000000001
0,0.999858021736145,1,0.9500000000000001
0,1.6787768117865198e-06,0,0.9500000000000001
0,0.8916488885879517,0,0.9500000000000001
0,1.4916664667907753e-06,0,0.9500000000000001
0,1.3967747918286477e-06,0,0.9500000000000001
0,0.00020224916806910187,0,0.9500000000000001
0,1.462988393541309e-06,0,0.9500000000000001
0,1.544799033581512e-06,0,0.9500000000000001
0,4.487218575377483e-06,0,0.9500000000000001
0,2.128365849785041e-06,0,0.9500000000000001
0,1.5382275933006895e-06,0,0.9500000000000001
0,1.4140767916615005e-06,0,0.9500000000000001
0,1.3338877806745586e-06,0,0.9500000000000001
0,1.5104045587577275e-06,0,0.9500000000000001
0,1.6102337667689426e-06,0,0.9500000000000001
0,0.838429868221283,0,0.9500000000000001
0,1.4433702517635538e-06,0,0.9500000000000001
0,1.622942022549978e-06,0,0.9500000000000001
0,1.6327066987287253e-06,0,0.9500000000000001
1,0.9999994039535522,1,0.9500000000000001
0,0.9995532631874084,1,0.9500000000000001
0,0.000275836035143584,0,0.9500000000000001
0,5.2601744755520485e-06,0,0.9500000000000001
0,2.787804442050401e-05,0,0.9500000000000001
0,6.595482318516588e-06,0,0.9500000000000001
0,1.9876124497386627e-06,0,0.9500000000000001
0,1.3353145504879649e-06,0,0.9500000000000001
0,0.007852028124034405,0,0.9500000000000001
0,0.22610880434513092,0,0.9500000000000001
0,0.00032246572664007545,0,0.9500000000000001
0,1.3775284060102422e-06,0,0.9500000000000001
0,1.4212016594683519e-06,0,0.9500000000000001
0,1.2840259842050727e-06,0,0.9500000000000001
0,1.368389348499477e-06,0,0.9500000000000001
0,3.6945789361197967e-06,0,0.9500000000000001
1,0.9995465874671936,1,0.9500000000000001
0,0.9940680265426636,1,0.9500000000000001
0,1.9085250642092433e-06,0,0.9500000000000001
0,0.9999979734420776,1,0.9500000000000001
0,0.9980071187019348,1,0.9500000000000001
0,1.3275437140691793e-06,0,0.9500000000000001
1,0.9970471262931824,1,0.9500000000000001
0,0.9988319277763367,1,0.9500000000000001
0,0.0029202448204159737,0,0.9500000000000001
0,9.254148608306423e-06,0,0.9500000000000001
0,1.841670268731832e-06,0,0.9500000000000001
0,4.269376404408831e-06,0,0.9500000000000001
0,5.211450570641318e-06,0,0.9500000000000001
0,0.0012078569270670414,0,0.9500000000000001
0,0.9998277425765991,1,0.9500000000000001
0,4.767766768054571e-06,0,0.9500000000000001
0,0.00018015386012848467,0,0.9500000000000001
0,1.4559066130459541e-06,0,0.9500000000000001
0,0.007364298216998577,0,0.9500000000000001
1,0.9999985694885254,1,0.9500000000000001
0,1.6190294900297886e-06,0,0.9500000000000001
0,1.3537826362153282e-06,0,0.9500000000000001
0,1.4579545677406713e-06,0,0.9500000000000001
0,0.9994848966598511,1,0.9500000000000001
0,1.5153070762607967e-06,0,0.9500000000000001
1,0.04320703446865082,0,0.9500000000000001
0,1.649973569328722e-06,0,0.9500000000000001
0,1.707140427242848e-06,0,0.9500000000000001
0,1.6886069715837948e-06,0,0.9500000000000001
0,1.4723492540724692e-06,0,0.9500000000000001
1,0.978513240814209,1,0.9500000000000001
0,1.4910990557837067e-06,0,0.9500000000000001
0,1.3584631233243272e-06,0,0.9500000000000001
0,1.6831564835229074e-06,0,0.9500000000000001
0,1.431941200280562e-06,0,0.9500000000000001
0,0.9977567791938782,1,0.9500000000000001
0,0.0014793284935876727,0,0.9500000000000001
0,0.8150361776351929,0,0.9500000000000001
0,0.9971131086349487,1,0.9500000000000001
1,0.9992874264717102,1,0.9500000000000001
0,2.6936345420836005e-06,0,0.9500000000000001
0,1.6290236999338958e-06,0,0.9500000000000001
0,0.0009256035555154085,0,0.9500000000000001
0,1.0657278835424222e-05,0,0.9500000000000001
0,0.9999992847442627,1,0.9500000000000001
0,1.481945446357713e-06,0,0.9500000000000001
0,1.515700205345638e-06,0,0.9500000000000001
0,1.7202391973114572e-06,0,0.9500000000000001
0,2.3497912025050027e-06,0,0.9500000000000001
0,1.9295860056445235e-06,0,0.9500000000000001
0,0.034302715212106705,0,0.9500000000000001
0,1.533876911707921e-06,0,0.9500000000000001
0,1.6004344161046902e-06,0,0.9500000000000001
1,0.9924402236938477,1,0.9500000000000001
0,1.5737208514110534e-06,0,0.9500000000000001
0,1.6505872508787434e-06,0,0.9500000000000001
0,1.4516613191517536e-06,0,0.9500000000000001
0,0.020111089572310448,0,0.9500000000000001
0,1.3951199662187719e-06,0,0.9500000000000001
0,0.9644891619682312,1,0.9500000000000001
0,7.981222552189138e-06,0,0.9500000000000001
0,0.7638370394706726,0,0.9500000000000001
0,1.0528397979214787e-05,0,0.9500000000000001
1,0.9999980926513672,1,0.9500000000000001
0,1.4024676602275576e-06,0,0.9500000000000001
0,1.3935429024058976e-06,0,0.9500000000000001
0,1.742308654684166e-06,0,0.9500000000000001
0,2.7454445898911217e-06,0,0.9500000000000001
0,1.6887839819901274e-06,0,0.9500000000000001
0,1.3576432138506789e-06,0,0.9500000000000001
1,0.9968736171722412,1,0.9500000000000001
0,1.2854115993832238e-06,0,0.9500000000000001
0,0.8503549695014954,0,0.9500000000000001
0,0.00044183587306179106,0,0.9500000000000001
0,1.708487275209336e-06,0,0.9500000000000001
0,0.8791857361793518,0,0.9500000000000001
0,8.83764550962951e-06,0,0.9500000000000001
1,0.9558819532394409,1,0.9500000000000001
0,0.007778276689350605,0,0.9500000000000001
0,2.3422737740474986e-06,0,0.9500000000000001
0,3.195387307641795e-06,0,0.9500000000000001
0,0.9999146461486816,1,0.9500000000000001
0,0.006483088713139296,0,0.9500000000000001
0,1.6231679182965308e-06,0,0.9500000000000001
0,1.6261707287412719e-06,0,0.9500000000000001
0,5.325753136276035e-06,0,0.9500000000000001
0,0.19444115459918976,0,0.9500000000000001
0,1.5714742858108366e-06,0,0.9500000000000001
0,1.398359586346487e-06,0,0.9500000000000001
0,1.4035675803825143e-06,0,0.9500000000000001
0,0.0009029966313391924,0,0.9500000000000001
1,0.9967530369758606,1,0.9500000000000001
0,6.530502105306368e-06,0,0.9500000000000001
1,0.9998165965080261,1,0.9500000000000001
0,1.7260747426917078e-06,0,0.9500000000000001
0,6.641754225711338e-06,0,0.9500000000000001
0,1.5408660374305327e-06,0,0.9500000000000001
0,0.11995986849069595,0,0.9500000000000001
0,1.4862083617117605e-06,0,0.9500000000000001
0,1.5571956737403525e-06,0,0.9500000000000001
0,0.9998610019683838,1,0.9500000000000001
0,2.2396009171643527e-06,0,0.9500000000000001
0,0.002004628535360098,0,0.9500000000000001
0,0.9100852608680725,0,0.9500000000000001
0,1.3317815046320902e-06,0,0.9500000000000001
0,1.3040138355790987e-06,0,0.9500000000000001
0,3.084998525082483e-06,0,0.9500000000000001
0,1.5094109357960406e-06,0,0.9500000000000001
0,1.4102008663030574e-06,0,0.9500000000000001
0,0.9818514585494995,1,0.9500000000000001
1,0.9999990463256836,1,0.9500000000000001
0,1.7055472198990174e-06,0,0.9500000000000001
0,1.6578962913627038e-06,0,0.9500000000000001
0,1.519544298389519e-06,0,0.9500000000000001
0,4.962156162946485e-05,0,0.9500000000000001
0,0.01719146966934204,0,0.9500000000000001
0,6.402359758794773e-06,0,0.9500000000000001
0,0.03962093964219093,0,0.9500000000000001
0,0.6479460000991821,0,0.9500000000000001
0,0.8766927123069763,0,0.9500000000000001
0,1.432080466656771e-06,0,0.9500000000000001
0,1.501571887274622e-06,0,0.9500000000000001
0,1.4800809822190786e-06,0,0.9500000000000001
0,6.080921957618557e-05,0,0.9500000000000001
0,1.7056041770047159e-06,0,0.9500000000000001
0,0.9994274377822876,1,0.9500000000000001
0,1.3722077483180328e-06,0,0.9500000000000001
0,0.9998594522476196,1,0.9500000000000001
0,1.5033415365905967e-06,0,0.9500000000000001
0,1.4344260534926434e-06,0,0.9500000000000001
0,0.0005866367719136178,0,0.9500000000000001
0,1.4163333617034368e-06,0,0.9500000000000001
0,2.1551966256083688e-06,0,0.9500000000000001
0,8.628412615507841e-05,0,0.9500000000000001
0,1.4863556998534477e-06,0,0.9500000000000001
0,1.4570206303687883e-06,0,0.9500000000000001
0,9.078127186512575e-05,0,0.9500000000000001
0,1.5358442624346935e-06,0,0.9500000000000001
0,1.490466388531786e-06,0,0.9500000000000001
0,0.0015743522671982646,0,0.9500000000000001
0,1.1897090189449955e-05,0,0.9500000000000001
0,0.0030477666296064854,0,0.9500000000000001
0,0.0203956700861454,0,0.9500000000000001
0,1.4455840755545069e-06,0,0.9500000000000001
0,1.8493383322493173e-06,0,0.9500000000000001
0,1.7733123058860656e-06,0,0.9500000000000001
0,1.3180696214476484e-06,0,0.9500000000000001
0,1.9645258362288587e-06,0,0.9500000000000001
0,1.541902406643203e-06,0,0.9500000000000001
0,1.7630951560931862e-06,0,0.9500000000000001
0,1.6155806861206656e-06,0,0.9500000000000001
0,1.382759023726976e-06,0,0.9500000000000001
0,1.369253482152999e-06,0,0.9500000000000001
0,1.5745270047773374e-06,0,0.9500000000000001
0,1.3213028751124511e-06,0,0.9500000000000001
0,1.578154410708521e-06,0,0.9500000000000001
0,4.410953806655016e-06,0,0.9500000000000001
0,1.4173996532917954e-05,0,0.9500000000000001
0,1.358882968816033e-06,0,0.9500000000000001
0,1.5677544524805853e-06,0,0.9500000000000001
0,1.4063933804209228e-06,0,0.9500000000000001
0,0.7762988805770874,0,0.9500000000000001
0,1.4013098734722007e-06,0,0.9500000000000001
0,0.0012310441816225648,0,0.9500000000000001
0,0.011245472356677055,0,0.9500000000000001
0,1.5203473822111846e-06,0,0.9500000000000001
0,0.8262553811073303,0,0.9500000000000001
0,1.5345471183536574e-05,0,0.9500000000000001
0,1.5997599120964878e-06,0,0.9500000000000001
0,4.904515208181692e-06,0,0.9500000000000001
0,0.9999995231628418,1,0.9500000000000001
0,0.0409526489675045,0,0.9500000000000001
0,1.4938332242309116e-06,0,0.9500000000000001
0,1.4580032257072162e-06,0,0.9500000000000001
0,1.3482500662576058e-06,0,0.9500000000000001
0,1.337413550572819e-06,0,0.9500000000000001
0,0.0002817035128828138,0,0.9500000000000001
0,1.3906037565902807e-06,0,0.9500000000000001
0,1.2992173878956237e-06,0,0.9500000000000001
